# step t_ps cv bias_e
0 0.0000 -1.483269 0.000000
10 0.0050 -1.482674 0.238989
20 0.0100 -1.481966 0.238925
30 0.0150 -1.481219 0.238805
40 0.0200 -1.480451 0.238627
50 0.0250 -1.479609 0.238366
60 0.0300 -1.478848 0.238074
70 0.0350 -1.477862 0.237613
80 0.0400 -1.476986 0.237127
90 0.0450 -1.476280 0.236682
100 0.0500 -1.475600 0.236211
110 0.0550 -1.475080 0.459543
120 0.0600 -1.474659 0.459181
130 0.0650 -1.474156 0.458708
140 0.0700 -1.473535 0.458062
150 0.0750 -1.472994 0.457441
160 0.0800 -1.472546 0.456888
170 0.0850 -1.472197 0.456432
180 0.0900 -1.472114 0.456320
190 0.0950 -1.472019 0.456191
200 0.1000 -1.472112 0.456319
210 0.1050 -1.472355 0.667019
220 0.1100 -1.472751 0.667509
230 0.1150 -1.473242 0.668058
240 0.1200 -1.473680 0.668496
250 0.1250 -1.473771 0.668580
260 0.1300 -1.473399 0.668221
270 0.1350 -1.472850 0.667625
280 0.1400 -1.472341 0.667001
290 0.1450 -1.471765 0.666214
300 0.1500 -1.470989 0.665016
310 0.1550 -1.470109 0.861895
320 0.1600 -1.469041 0.859628
330 0.1650 -1.467873 0.856713
340 0.1700 -1.466621 0.853089
350 0.1750 -1.465418 0.849122
360 0.1800 -1.464283 0.844954
370 0.1850 -1.463078 0.840081
380 0.1900 -1.461716 0.834028
390 0.1950 -1.460210 0.826679
400 0.2000 -1.458635 0.818274
410 0.2050 -1.457107 0.999487
420 0.2100 -1.455499 0.989207
430 0.2150 -1.453642 0.976245
440 0.2200 -1.451892 0.963001
450 0.2250 -1.450087 0.948344
460 0.2300 -1.448040 0.930554
470 0.2350 -1.445970 0.911397
480 0.2400 -1.443942 0.891558
490 0.2450 -1.441909 0.870706
500 0.2500 -1.439943 0.849704
510 0.2550 -1.438092 1.017590
520 0.2600 -1.436402 0.998054
530 0.2650 -1.434958 0.980847
540 0.2700 -1.433662 0.965037
550 0.2750 -1.432595 0.951763
560 0.2800 -1.431716 0.940670
570 0.2850 -1.431062 0.932326
580 0.2900 -1.430515 0.925297
590 0.2950 -1.430154 0.920641
600 0.3000 -1.430072 0.919581
610 0.3050 -1.430019 1.103709
620 0.3100 -1.430112 1.104925
630 0.3150 -1.430274 1.107017
640 0.3200 -1.430613 1.111378
650 0.3250 -1.430954 1.115740
660 0.3300 -1.431088 1.117457
670 0.3350 -1.431002 1.116351
680 0.3400 -1.430650 1.111849
690 0.3450 -1.430305 1.107414
700 0.3500 -1.429870 1.101774
710 0.3550 -1.429378 1.270984
720 0.3600 -1.428936 1.265145
730 0.3650 -1.428466 1.258868
740 0.3700 -1.428100 1.253943
750 0.3750 -1.427680 1.248245
760 0.3800 -1.427282 1.242803
770 0.3850 -1.427229 1.242071
780 0.3900 -1.427118 1.240542
790 0.3950 -1.427200 1.241677
800 0.4000 -1.427497 1.245752
810 0.4050 -1.427709 1.417353
820 0.4100 -1.427814 1.418779
830 0.4150 -1.427732 1.417671
840 0.4200 -1.427535 1.414977
850 0.4250 -1.427149 1.409689
860 0.4300 -1.426546 1.401316
870 0.4350 -1.425619 1.388212
880 0.4400 -1.424281 1.368826
890 0.4450 -1.422671 1.344806
900 0.4500 -1.420964 1.318567
910 0.4550 -1.419145 1.454997
920 0.4600 -1.417162 1.422416
930 0.4650 -1.415151 1.388300
940 0.4700 -1.413223 1.354686
950 0.4750 -1.411464 1.323321
960 0.4800 -1.409799 1.293090
970 0.4850 -1.407872 1.257541
980 0.4900 -1.405771 1.218214
990 0.4950 -1.403516 1.175465
1000 0.5000 -1.401021 1.127698
1010 0.5050 -1.398533 1.253947
1020 0.5100 -1.395975 1.203924
1030 0.5150 -1.393157 1.148445
1040 0.5200 -1.390365 1.093350
1050 0.5250 -1.387559 1.038107
1060 0.5300 -1.384719 0.982570
1070 0.5350 -1.381875 0.927596
1080 0.5400 -1.379121 0.875173
1090 0.5450 -1.376400 0.824365
1100 0.5500 -1.373839 0.777572
1110 0.5550 -1.371402 0.926176
1120 0.5600 -1.369235 0.887854
1130 0.5650 -1.367252 0.853319
1140 0.5700 -1.365451 0.822422
1150 0.5750 -1.363889 0.796009
1160 0.5800 -1.362531 0.773362
1170 0.5850 -1.361409 0.754868
1180 0.5900 -1.360501 0.740054
1190 0.5950 -1.359688 0.726909
1200 0.6000 -1.359109 0.717616
1210 0.6050 -1.358573 0.904626
1220 0.6100 -1.358011 0.895686
1230 0.6150 -1.357365 0.885443
1240 0.6200 -1.356595 0.873297
1250 0.6250 -1.355899 0.862380
1260 0.6300 -1.355297 0.852961
1270 0.6350 -1.354519 0.840864
1280 0.6400 -1.353755 0.829064
1290 0.6450 -1.352843 0.815055
1300 0.6500 -1.351772 0.798732
1310 0.6550 -1.350619 0.972437
1320 0.6600 -1.349453 0.954840
1330 0.6650 -1.348319 0.937799
1340 0.6700 -1.347116 0.919809
1350 0.6750 -1.345947 0.902399
1360 0.6800 -1.344821 0.885722
1370 0.6850 -1.343893 0.872034
1380 0.6900 -1.343109 0.860525
1390 0.6950 -1.342565 0.852565
1400 0.7000 -1.342023 0.844658
1410 0.7050 -1.341714 1.028886
1420 0.7100 -1.341504 1.025828
1430 0.7150 -1.341429 1.024737
1440 0.7200 -1.341369 1.023854
1450 0.7250 -1.341340 1.023438
1460 0.7300 -1.341481 1.025486
1470 0.7350 -1.341589 1.027063
1480 0.7400 -1.341560 1.026649
1490 0.7450 -1.341222 1.021713
1500 0.7500 -1.340869 1.016565
1510 0.7550 -1.340375 1.189240
1520 0.7600 -1.339759 1.180230
1530 0.7650 -1.339062 1.170014
1540 0.7700 -1.338412 1.160439
1550 0.7750 -1.337609 1.148597
1560 0.7800 -1.336728 1.135557
1570 0.7850 -1.335796 1.121712
1580 0.7900 -1.335027 1.110247
1590 0.7950 -1.334197 1.097852
1600 0.8000 -1.333427 1.086329
1610 0.8050 -1.332754 1.252613
1620 0.8100 -1.332226 1.244654
1630 0.8150 -1.331775 1.237818
1640 0.8200 -1.331387 1.231917
1650 0.8250 -1.330866 1.223993
1660 0.8300 -1.330419 1.217156
1670 0.8350 -1.329917 1.209456
1680 0.8400 -1.329562 1.204004
1690 0.8450 -1.329202 1.198444
1700 0.8500 -1.328905 1.193866
1710 0.8550 -1.328634 1.360851
1720 0.8600 -1.328451 1.358019
1730 0.8650 -1.328082 1.352280
1740 0.8700 -1.327654 1.345594
1750 0.8750 -1.327106 1.336986
1760 0.8800 -1.326345 1.324981
1770 0.8850 -1.325273 1.307914
1780 0.8900 -1.323937 1.286416
1790 0.8950 -1.322447 1.262155
1800 0.9000 -1.320964 1.237743
1810 0.9050 -1.319514 1.382672
1820 0.9100 -1.318121 1.359114
1830 0.9150 -1.316909 1.338369
1840 0.9200 -1.315937 1.321560
1850 0.9250 -1.314927 1.303961
1860 0.9300 -1.314213 1.291442
1870 0.9350 -1.313422 1.277498
1880 0.9400 -1.312630 1.263449
1890 0.9450 -1.312108 1.254171
1900 0.9500 -1.311636 1.245737
1910 0.9550 -1.311045 1.403854
1920 0.9600 -1.310331 1.390981
1930 0.9650 -1.309530 1.376437
1940 0.9700 -1.308591 1.359259
1950 0.9750 -1.307523 1.339570
1960 0.9800 -1.306347 1.317719
1970 0.9850 -1.304940 1.291345
1980 0.9900 -1.303206 1.258562
1990 0.9950 -1.301337 1.222927
2000 1.0000 -1.299752 1.192527
2010 1.0050 -1.298427 1.338178
2020 1.0100 -1.297042 1.311236
2030 1.0150 -1.295842 1.287745
2040 1.0200 -1.294869 1.268628
2050 1.0250 -1.294070 1.252859
2060 1.0300 -1.293368 1.238979
2070 1.0350 -1.292944 1.230598
2080 1.0400 -1.292634 1.224444
2090 1.0450 -1.292601 1.223791
2100 1.0500 -1.292904 1.229788
2110 1.0550 -1.293378 1.408636
2120 1.0600 -1.294108 1.423041
2130 1.0650 -1.295104 1.442549
2140 1.0700 -1.296319 1.466184
2150 1.0750 -1.297652 1.491843
2160 1.0800 -1.298902 1.515636
2170 1.0850 -1.299984 1.536007
2180 1.0900 -1.300858 1.552294
2190 1.0950 -1.301564 1.565352
2200 1.1000 -1.302110 1.575374
2210 1.1050 -1.302643 1.738961
2220 1.1100 -1.303190 1.748856
2230 1.1150 -1.303799 1.759766
2240 1.1200 -1.304478 1.771797
2250 1.1250 -1.305057 1.781956
2260 1.1300 -1.305507 1.789795
2270 1.1350 -1.306066 1.799437
2280 1.1400 -1.306778 1.811570
2290 1.1450 -1.307538 1.824348
2300 1.1500 -1.308372 1.838158
2310 1.1550 -1.308899 1.989737
2320 1.1600 -1.309055 1.992256
2330 1.1650 -1.308886 1.989513
2340 1.1700 -1.308402 1.981615
2350 1.1750 -1.307901 1.973347
2360 1.1800 -1.307273 1.962838
2370 1.1850 -1.306589 1.951227
2380 1.1900 -1.305764 1.937002
2390 1.1950 -1.304782 1.919740
2400 1.2000 -1.303798 1.902123
2410 1.2050 -1.302686 2.022182
2420 1.2100 -1.301509 2.000098
2430 1.2150 -1.300129 1.973554
2440 1.2200 -1.298559 1.942513
2450 1.2250 -1.296783 1.906359
2460 1.2300 -1.294692 1.862506
2470 1.2350 -1.292409 1.813136
2480 1.2400 -1.290026 1.760123
2490 1.2450 -1.287594 1.704633
2500 1.2500 -1.285063 1.645604
2510 1.2550 -1.282542 1.736438
2520 1.2600 -1.280244 1.680682
2530 1.2650 -1.277930 1.623701
2540 1.2700 -1.275485 1.562816
2550 1.2750 -1.273197 1.505378
2560 1.2800 -1.271268 1.456761
2570 1.2850 -1.269510 1.412396
2580 1.2900 -1.267594 1.364051
2590 1.2950 -1.265530 1.312113
2600 1.3000 -1.263540 1.262286
2610 1.3050 -1.261610 1.382119
2620 1.3100 -1.259767 1.336342
2630 1.3150 -1.258310 1.300320
2640 1.3200 -1.257234 1.273823
2650 1.3250 -1.256327 1.251586
2660 1.3300 -1.255542 1.232429
2670 1.3350 -1.255315 1.226888
2680 1.3400 -1.255582 1.233386
2690 1.3450 -1.256272 1.250237
2700 1.3500 -1.257422 1.278451
2710 1.3550 -1.258812 1.479820
2720 1.3600 -1.260298 1.516433
2730 1.3650 -1.262157 1.562186
2740 1.3700 -1.264261 1.613866
2750 1.3750 -1.266325 1.664335
2760 1.3800 -1.268456 1.716073
2770 1.3850 -1.270884 1.774445
2780 1.3900 -1.273280 1.831246
2790 1.3950 -1.275659 1.886661
2800 1.4000 -1.278202 1.944658
2810 1.4050 -1.280576 2.136066
2820 1.4100 -1.282946 2.186816
2830 1.4150 -1.285334 2.235985
2840 1.4200 -1.287386 2.276556
2850 1.4250 -1.289117 2.309505
2860 1.4300 -1.290793 2.340209
2870 1.4350 -1.292187 2.364859
2880 1.4400 -1.293506 2.387391
2890 1.4450 -1.294432 2.402736
2900 1.4500 -1.295062 2.412962
2910 1.4550 -1.295258 2.537836
2920 1.4600 -1.295119 2.535606
2930 1.4650 -1.294669 2.528343
2940 1.4700 -1.294073 2.518557
2950 1.4750 -1.293067 2.501616
2960 1.4800 -1.291696 2.477737
2970 1.4850 -1.289980 2.446586
2980 1.4900 -1.288016 2.409237
2990 1.4950 -1.285988 2.368850
3000 1.5000 -1.283791 2.323128
3010 1.5050 -1.281756 2.403814
3020 1.5100 -1.279888 2.361708
3030 1.5150 -1.278125 2.320697
3040 1.5200 -1.276614 2.284611
3050 1.5250 -1.275684 2.261974
3060 1.5300 -1.275238 2.251023
3070 1.5350 -1.275018 2.245602
3080 1.5400 -1.274812 2.240504
3090 1.5450 -1.274824 2.240807
3100 1.5500 -1.275103 2.247696
3110 1.5550 -1.276018 2.397619
3120 1.5600 -1.277376 2.430282
3130 1.5650 -1.279106 2.470758
3140 1.5700 -1.281217 2.518355
3150 1.5750 -1.283532 2.568145
3160 1.5800 -1.286097 2.620219
3170 1.5850 -1.288830 2.671903
3180 1.5900 -1.291902 2.725103
3190 1.5950 -1.295097 2.774656
3200 1.6000 -1.298472 2.820384
3210 1.6050 -1.301890 2.968002
3220 1.6100 -1.305469 3.000515
3230 1.6150 -1.309065 3.024631
3240 1.6200 -1.312283 3.039032
3250 1.6250 -1.315275 3.046465
3260 1.6300 -1.317957 3.048396
3270 1.6350 -1.320460 3.046304
3280 1.6400 -1.322745 3.041242
3290 1.6450 -1.324753 3.034413
3300 1.6500 -1.326208 3.028132
3310 1.6550 -1.327071 3.126386
3320 1.6600 -1.327517 3.124030
3330 1.6650 -1.327265 3.125376
3340 1.6700 -1.326181 3.130763
3350 1.6750 -1.324422 3.138129
3360 1.6800 -1.322331 3.144575
3370 1.6850 -1.319849 3.148834
3380 1.6900 -1.317117 3.149089
3390 1.6950 -1.313990 3.143455
3400 1.7000 -1.310512 3.129516
3410 1.7050 -1.306644 3.203633
3420 1.7100 -1.302419 3.163224
3430 1.7150 -1.298021 3.107329
3440 1.7200 -1.293540 3.036227
3450 1.7250 -1.288998 2.950199
3460 1.7300 -1.284645 2.855436
3470 1.7350 -1.280346 2.751047
3480 1.7400 -1.276259 2.642924
3490 1.7450 -1.272563 2.538648
3500 1.7500 -1.269306 2.442386
3510 1.7550 -1.266598 2.480267
3520 1.7600 -1.264325 2.408922
3530 1.7650 -1.262795 2.360052
3540 1.7700 -1.261949 2.332807
3550 1.7750 -1.261588 2.321135
3560 1.7800 -1.261823 2.328722
3570 1.7850 -1.262843 2.361606
3580 1.7900 -1.264622 2.418324
3590 1.7950 -1.267056 2.494466
3600 1.8000 -1.270167 2.588931
3610 1.8050 -1.273922 2.813464
3620 1.8100 -1.278209 2.928781
3630 1.8150 -1.282937 3.043712
3640 1.8200 -1.288208 3.154894
3650 1.8250 -1.294076 3.255643
3660 1.8300 -1.300400 3.335348
3670 1.8350 -1.307024 3.385794
3680 1.8400 -1.313928 3.402791
3690 1.8450 -1.321014 3.384611
3700 1.8500 -1.328265 3.332648
3710 1.8550 -1.335662 3.343815
3720 1.8600 -1.342894 3.239361
3730 1.8650 -1.349861 3.123973
3740 1.8700 -1.356671 3.003805
3750 1.8750 -1.363112 2.889037
3760 1.8800 -1.369232 2.783289
3770 1.8850 -1.374677 2.694631
3780 1.8900 -1.379234 2.625794
3790 1.8950 -1.382944 2.573914
3800 1.9000 -1.385815 2.536540
3810 1.9050 -1.387780 2.629903
3820 1.9100 -1.388731 2.618533
3830 1.9150 -1.388880 2.616774
3840 1.9200 -1.388167 2.625252
3850 1.9250 -1.386572 2.644685
3860 1.9300 -1.384119 2.675849
3870 1.9350 -1.380964 2.718169
3880 1.9400 -1.377255 2.770927
3890 1.9450 -1.373315 2.830200
3900 1.9500 -1.369085 2.896961
3910 1.9550 -1.364578 3.076641
3920 1.9600 -1.360028 3.151381
3930 1.9650 -1.355460 3.225697
3940 1.9700 -1.351289 3.291629
3950 1.9750 -1.347561 3.347922
3960 1.9800 -1.344293 3.394476
3970 1.9850 -1.341217 3.435304
3980 1.9900 -1.338362 3.470129
3990 1.9950 -1.336252 3.493736
4000 2.0000 -1.335003 3.506768
4010 2.0050 -1.334477 3.601702
4020 2.0100 -1.334736 3.599132
4030 2.0150 -1.335579 3.590508
4040 2.0200 -1.337347 3.571297
4050 2.0250 -1.340041 3.539248
4060 2.0300 -1.343141 3.498621
4070 2.0350 -1.347053 3.442454
4080 2.0400 -1.351595 3.371754
4090 2.0450 -1.356804 3.285532
4100 2.0500 -1.362217 3.192737
4110 2.0550 -1.367957 3.190937
4120 2.0600 -1.373790 3.090441
4130 2.0650 -1.379317 2.998217
4140 2.0700 -1.384609 2.914214
4150 2.0750 -1.389595 2.839845
4160 2.0800 -1.394263 2.774866
4170 2.0850 -1.398540 2.719391
4180 2.0900 -1.402057 2.676621
4190 2.0950 -1.404945 2.643303
4200 2.1000 -1.407105 2.619391
4210 2.1050 -1.408399 2.720321
4220 2.1100 -1.409014 2.713742
4230 2.1150 -1.408758 2.716473
4240 2.1200 -1.407667 2.728213
4250 2.1250 -1.405940 2.747072
4260 2.1300 -1.403268 2.777039
4270 2.1350 -1.399877 2.816551
4280 2.1400 -1.396173 2.861814
4290 2.1450 -1.392021 2.915301
4300 2.1500 -1.387545 2.976265
4310 2.1550 -1.382973 3.145510
4320 2.1600 -1.378404 3.212915
4330 2.1650 -1.373997 3.279461
4340 2.1700 -1.370081 3.339313
4350 2.1750 -1.366484 3.394336
4360 2.1800 -1.362884 3.448918
4370 2.1850 -1.359447 3.499989
4380 2.1900 -1.356503 3.542513
4390 2.1950 -1.354002 3.577453
4400 2.2000 -1.351937 3.605315
4410 2.2050 -1.350465 3.711719
4420 2.2100 -1.349679 3.721693
4430 2.2150 -1.349645 3.722128
4440 2.2200 -1.350281 3.714070
4450 2.2250 -1.351601 3.696972
4460 2.2300 -1.353688 3.668936
4470 2.2350 -1.356473 3.629817
4480 2.2400 -1.360144 3.575811
4490 2.2450 -1.364709 3.505772
4500 2.2500 -1.369908 3.423746
4510 2.2550 -1.375611 3.424119
4520 2.2600 -1.381600 3.328013
4530 2.2650 -1.387831 3.229749
4540 2.2700 -1.394267 3.131527
4550 2.2750 -1.400665 3.037905
4560 2.2800 -1.406935 2.950030
4570 2.2850 -1.412978 2.868375
4580 2.2900 -1.418645 2.793602
4590 2.2950 -1.423984 2.723714
4600 2.3000 -1.429021 2.657303
4610 2.3050 -1.433627 2.708547
4620 2.3100 -1.437693 2.651019
4630 2.3150 -1.440965 2.602795
4640 2.3200 -1.443702 2.560955
4650 2.3250 -1.445766 2.528432
4660 2.3300 -1.447308 2.503555
4670 2.3350 -1.448203 2.488887
4680 2.3400 -1.448448 2.484835
4690 2.3450 -1.448024 2.491839
4700 2.3500 -1.447071 2.507403
4710 2.3550 -1.445497 2.651232
4720 2.3600 -1.443360 2.684499
4730 2.3650 -1.440923 2.721098
4740 2.3700 -1.438328 2.758583
4750 2.3750 -1.435529 2.797392
4760 2.3800 -1.432598 2.836426
4770 2.3850 -1.429851 2.871673
4780 2.3900 -1.427161 2.905097
4790 2.3950 -1.424519 2.937048
4800 2.4000 -1.421995 2.966904
4810 2.4050 -1.419908 3.095376
4820 2.4100 -1.418201 3.114836
4830 2.4150 -1.416760 3.131053
4840 2.4200 -1.415819 3.141559
4850 2.4250 -1.415284 3.147512
4860 2.4300 -1.415358 3.146683
4870 2.4350 -1.415931 3.140316
4880 2.4400 -1.416900 3.129485
4890 2.4450 -1.418382 3.112785
4900 2.4500 -1.420336 3.090460
4910 2.4550 -1.422435 3.166652
4920 2.4600 -1.424891 3.137019
4930 2.4650 -1.427433 3.105153
4940 2.4700 -1.430274 3.067938
4950 2.4750 -1.433567 3.022487
4960 2.4800 -1.437037 2.971612
4970 2.4850 -1.440564 2.916525
4980 2.4900 -1.444098 2.857688
4990 2.4950 -1.447548 2.796574
5000 2.5000 -1.450741 2.736714
5010 2.5050 -1.453997 2.783327
5020 2.5100 -1.457220 2.715645
5030 2.5150 -1.460205 2.649726
5040 2.5200 -1.462947 2.586480
5050 2.5250 -1.465238 2.531781
5060 2.5300 -1.466867 2.491875
5070 2.5350 -1.467951 2.464885
5080 2.5400 -1.468399 2.453628
5090 2.5450 -1.468271 2.456833
5100 2.5500 -1.467668 2.471969
5110 2.5550 -1.466797 2.613338
5120 2.5600 -1.465830 2.637041
5130 2.5650 -1.464678 2.664834
5140 2.5700 -1.463279 2.697956
5150 2.5750 -1.461759 2.733108
5160 2.5800 -1.460014 2.772396
5170 2.5850 -1.458083 2.814480
5180 2.5900 -1.456113 2.855899
5190 2.5950 -1.454234 2.893989
5200 2.6000 -1.452563 2.926659
5210 2.6050 -1.451058 3.060525
5220 2.6100 -1.449793 3.083648
5230 2.6150 -1.448875 3.099970
5240 2.6200 -1.448370 3.108798
5250 2.6250 -1.447971 3.115686
5260 2.6300 -1.447874 3.117361
5270 2.6350 -1.448044 3.114443
5280 2.6400 -1.448548 3.105704
5290 2.6450 -1.449314 3.092206
5300 2.6500 -1.450374 3.073115
5310 2.6550 -1.451813 3.147574
5320 2.6600 -1.453481 3.115303
5330 2.6650 -1.455307 3.078446
5340 2.6700 -1.457292 3.036538
5350 2.6750 -1.459192 2.994671
5360 2.6800 -1.461142 2.949948
5370 2.6850 -1.463292 2.898610
5380 2.6900 -1.465751 2.837360
5390 2.6950 -1.468373 2.769207
5400 2.7000 -1.471326 2.689120
5410 2.7050 -1.474490 2.712145
5420 2.7100 -1.477697 2.617374
5430 2.7150 -1.481085 2.513503
5440 2.7200 -1.484493 2.405632
5450 2.7250 -1.487898 2.295181
5460 2.7300 -1.491112 2.188999
5470 2.7350 -1.494239 2.084477
5480 2.7400 -1.497155 1.986383
5490 2.7450 -1.499864 1.895138
5500 2.7500 -1.502029 1.822347
5510 2.7550 -1.503822 1.905809
5520 2.7600 -1.505465 1.850814
5530 2.7650 -1.506948 1.801295
5540 2.7700 -1.508345 1.754850
5550 2.7750 -1.509264 1.724387
5560 2.7800 -1.509935 1.702237
5570 2.7850 -1.510341 1.688849
5580 2.7900 -1.510363 1.688137
5590 2.7950 -1.510233 1.692409
5600 2.8000 -1.509921 1.702712
5610 2.8050 -1.509458 1.866475
5620 2.8100 -1.508910 1.884584
5630 2.8150 -1.508228 1.907112
5640 2.8200 -1.507369 1.935572
5650 2.8250 -1.506509 1.964076
5660 2.8300 -1.505421 2.000142
5670 2.8350 -1.504389 2.034372
5680 2.8400 -1.503501 2.063846
5690 2.8450 -1.502723 2.089621
5700 2.8500 -1.501977 2.114303
5710 2.8550 -1.501647 2.257563
5720 2.8600 -1.501476 2.263234
5730 2.8650 -1.501284 2.269574
5740 2.8700 -1.501409 2.265439
5750 2.8750 -1.501817 2.251965
5760 2.8800 -1.502449 2.231021
5770 2.8850 -1.503191 2.206421
5780 2.8900 -1.504014 2.179048
5790 2.8950 -1.504795 2.153039
5800 2.9000 -1.505596 2.126357
5810 2.9050 -1.506379 2.232090
5820 2.9100 -1.507273 2.202180
5830 2.9150 -1.508300 2.167751
5840 2.9200 -1.509373 2.131708
5850 2.9250 -1.510356 2.098658
5860 2.9300 -1.511323 2.066094
5870 2.9350 -1.512360 2.031208
5880 2.9400 -1.513362 1.997500
5890 2.9450 -1.513990 1.976407
5900 2.9500 -1.514495 1.959437
5910 2.9550 -1.514661 2.092069
5920 2.9600 -1.514737 2.089506
5930 2.9650 -1.514665 2.091921
5940 2.9700 -1.514827 2.086487
5950 2.9750 -1.514940 2.082679
5960 2.9800 -1.514833 2.086282
5970 2.9850 -1.514437 2.099580
5980 2.9900 -1.513969 2.115288
5990 2.9950 -1.513507 2.130813
6000 3.0000 -1.512979 2.148515
6010 3.0050 -1.512463 2.296911
6020 3.0100 -1.511651 2.324086
6030 3.0150 -1.510815 2.351978
6040 3.0200 -1.510244 2.371001
6050 3.0250 -1.509659 2.390428
6060 3.0300 -1.509322 2.401616
6070 3.0350 -1.509081 2.409572
6080 3.0400 -1.508919 2.414953
6090 3.0450 -1.509027 2.411364
6100 3.0500 -1.509364 2.400213
6110 3.0550 -1.509868 2.505655
6120 3.0600 -1.510594 2.481502
6130 3.0650 -1.511615 2.447340
6140 3.0700 -1.512672 2.411801
6150 3.0750 -1.513776 2.374542
6160 3.0800 -1.514962 2.334351
6170 3.0850 -1.516317 2.288240
6180 3.0900 -1.517508 2.247548
6190 3.0950 -1.518584 2.210767
6200 3.1000 -1.519449 2.181124
6210 3.1050 -1.520145 2.287127
6220 3.1100 -1.520716 2.267507
6230 3.1150 -1.521318 2.246811
6240 3.1200 -1.521785 2.230758
6250 3.1250 -1.522227 2.215509
6260 3.1300 -1.522554 2.204247
6270 3.1350 -1.522766 2.196931
6280 3.1400 -1.522724 2.198384
6290 3.1450 -1.522313 2.212545
6300 3.1500 -1.521512 2.240128
6310 3.1550 -1.520618 2.398623
6320 3.1600 -1.519568 2.434593
6330 3.1650 -1.518273 2.478751
6340 3.1700 -1.516853 2.526856
6350 3.1750 -1.515304 2.578952
6360 3.1800 -1.513668 2.633443
6370 3.1850 -1.511817 2.694345
6380 3.1900 -1.509987 2.753726
6390 3.1950 -1.508242 2.809455
6400 3.2000 -1.506370 2.868261
6410 3.2050 -1.504519 3.032363
6420 3.2100 -1.502718 3.086452
6430 3.2150 -1.501100 3.133877
6440 3.2200 -1.499643 3.175612
6450 3.2250 -1.498260 3.214362
6460 3.2300 -1.496842 3.253138
6470 3.2350 -1.495725 3.283006
6480 3.2400 -1.494873 3.305383
6490 3.2450 -1.494590 3.312729
6500 3.2500 -1.494680 3.310406
6510 3.2550 -1.495326 3.388267
6520 3.2600 -1.496221 3.364501
6530 3.2650 -1.497647 3.325812
6540 3.2700 -1.499403 3.276715
6550 3.2750 -1.501547 3.214736
6560 3.2800 -1.504112 3.137748
6570 3.2850 -1.507034 3.046602
6580 3.2900 -1.510110 2.946987
6590 3.2950 -1.512980 2.851007
6600 3.3000 -1.515715 2.757217
6610 3.3050 -1.518361 2.775009
6620 3.3100 -1.520874 2.685195
6630 3.3150 -1.522957 2.609662
6640 3.3200 -1.524834 2.540922
6650 3.3250 -1.526427 2.482188
6660 3.3300 -1.527755 2.432962
6670 3.3350 -1.528791 2.394472
6680 3.3400 -1.529539 2.366610
6690 3.3450 -1.529821 2.356075
6700 3.3500 -1.529766 2.358144
6710 3.3550 -1.529459 2.493199
6720 3.3600 -1.528830 2.516595
6730 3.3650 -1.527809 2.554510
6740 3.3700 -1.526296 2.610369
6750 3.3750 -1.524493 2.676418
6760 3.3800 -1.522416 2.751657
6770 3.3850 -1.519971 2.838926
6780 3.3900 -1.517446 2.927242
6790 3.3950 -1.515033 3.009743
6800 3.4000 -1.512635 3.089639
6810 3.4050 -1.510268 3.266895
6820 3.4100 -1.508020 3.337125
6830 3.4150 -1.505878 3.401655
6840 3.4200 -1.503883 3.459622
6850 3.4250 -1.501889 3.515339
6860 3.4300 -1.500086 3.563804
6870 3.4350 -1.498571 3.603030
6880 3.4400 -1.497225 3.636732
6890 3.4450 -1.496155 3.662751
6900 3.4500 -1.495352 3.681797
6910 3.4550 -1.495014 3.775106
6920 3.4600 -1.495007 3.775252
6930 3.4650 -1.495402 3.766028
6940 3.4700 -1.496211 3.746774
6950 3.4750 -1.497459 3.716267
6960 3.4800 -1.499190 3.672306
6970 3.4850 -1.501277 3.616778
6980 3.4900 -1.503551 3.553286
6990 3.4950 -1.506058 3.479770
7000 3.5000 -1.508509 3.404533
7010 3.5050 -1.511076 3.414474
7020 3.5100 -1.513852 3.321556
7030 3.5150 -1.516599 3.225964
7040 3.5200 -1.519042 3.138141
7050 3.5250 -1.521684 3.040502
7060 3.5300 -1.524179 2.946111
7070 3.5350 -1.526210 2.867877
7080 3.5400 -1.527867 2.803263
7090 3.5450 -1.529191 2.751182
7100 3.5500 -1.529708 2.730741
7110 3.5550 -1.529648 2.844493
7120 3.5600 -1.529098 2.866237
7130 3.5650 -1.528230 2.900369
7140 3.5700 -1.527008 2.948057
7150 3.5750 -1.525446 3.008423
7160 3.5800 -1.523430 3.085174
7170 3.5850 -1.521069 3.173215
7180 3.5900 -1.518531 3.265354
7190 3.5950 -1.515967 3.355505
7200 3.6000 -1.513362 3.443831
7210 3.6050 -1.510724 3.620748
7220 3.6100 -1.508235 3.697719
7230 3.6150 -1.505770 3.770096
7240 3.6200 -1.503400 3.835855
7250 3.6250 -1.501009 3.898307
7260 3.6300 -1.498864 3.950879
7270 3.6350 -1.496904 3.996058
7280 3.6400 -1.494900 4.039317
7290 3.6450 -1.493074 4.076176
7300 3.6500 -1.491623 4.103681
7310 3.6550 -1.490490 4.199943
7320 3.6600 -1.489644 4.214510
7330 3.6650 -1.488920 4.226531
7340 3.6700 -1.488143 4.238980
7350 3.6750 -1.487627 4.247000
7360 3.6800 -1.487468 4.249418
7370 3.6850 -1.487673 4.246288
7380 3.6900 -1.488051 4.240424
7390 3.6950 -1.488732 4.229592
7400 3.7000 -1.489688 4.213766
7410 3.7050 -1.490592 4.271731
7420 3.7100 -1.491729 4.251148
7430 3.7150 -1.492936 4.228142
7440 3.7200 -1.494274 4.201299
7450 3.7250 -1.495775 4.169462
7460 3.7300 -1.497235 4.136787
7470 3.7350 -1.498761 4.100821
7480 3.7400 -1.500175 4.065913
7490 3.7450 -1.501455 4.032963
7500 3.7500 -1.502567 4.003335
7510 3.7550 -1.503531 4.054944
7520 3.7600 -1.504197 4.036235
7530 3.7650 -1.504757 4.020253
7540 3.7700 -1.505073 4.011150
7550 3.7750 -1.505108 4.010115
7560 3.7800 -1.504971 4.014105
7570 3.7850 -1.504859 4.017331
7580 3.7900 -1.504643 4.023533
7590 3.7950 -1.504130 4.038126
7600 3.8000 -1.503549 4.054420
7610 3.8050 -1.503019 4.146010
7620 3.8100 -1.502171 4.168938
7630 3.8150 -1.501234 4.193609
7640 3.8200 -1.500231 4.219225
7650 3.8250 -1.499115 4.246732
7660 3.8300 -1.497776 4.278360
7670 3.8350 -1.496410 4.309067
7680 3.8400 -1.494930 4.340540
7690 3.8450 -1.493326 4.372531
7700 3.8500 -1.491531 4.405725
7710 3.8550 -1.489631 4.507501
7720 3.8600 -1.487640 4.537635
7730 3.8650 -1.485554 4.565439
7740 3.8700 -1.483382 4.590345
7750 3.8750 -1.481141 4.611757
7760 3.8800 -1.478895 4.628940
7770 3.8850 -1.476556 4.642393
7780 3.8900 -1.474360 4.651005
7790 3.8950 -1.472294 4.655676
7800 3.9000 -1.470436 4.657128
7810 3.9050 -1.468724 4.721214
7820 3.9100 -1.467115 4.718402
7830 3.9150 -1.465626 4.714183
7840 3.9200 -1.464365 4.709435
7850 3.9250 -1.463267 4.704449
7860 3.9300 -1.462476 4.700386
7870 3.9350 -1.461840 4.696835
7880 3.9400 -1.461398 4.694221
7890 3.9450 -1.461102 4.692406
7900 3.9500 -1.460888 4.691061
7910 3.9550 -1.460905 4.755562
7920 3.9600 -1.460976 4.756006
7930 3.9650 -1.460891 4.755474
7940 3.9700 -1.461028 4.756335
7950 3.9750 -1.461283 4.757910
7960 3.9800 -1.461524 4.759366
7970 3.9850 -1.462011 4.762190
7980 3.9900 -1.462586 4.765330
7990 3.9950 -1.463420 4.769506
8000 4.0000 -1.464500 4.774221
8010 4.0050 -1.465688 4.841384
8020 4.0100 -1.466866 4.844583
8030 4.0150 -1.468083 4.846800
8040 4.0200 -1.469390 4.847914
8050 4.0250 -1.470540 4.847785
8060 4.0300 -1.471568 4.846770
8070 4.0350 -1.472514 4.845074
8080 4.0400 -1.473087 4.843687
8090 4.0450 -1.473264 4.843204
8100 4.0500 -1.473469 4.842608
8110 4.0550 -1.473466 4.904340
8120 4.0600 -1.473135 4.905279
8130 4.0650 -1.472429 4.906968
8140 4.0700 -1.471525 4.908507
8150 4.0750 -1.470532 4.909406
8160 4.0800 -1.469564 4.909497
8170 4.0850 -1.468417 4.908620
8180 4.0900 -1.467243 4.906636
8190 4.0950 -1.465981 4.903311
8200 4.1000 -1.464827 4.899212
8210 4.1050 -1.463702 4.955010
8220 4.1100 -1.462287 4.947450
8230 4.1150 -1.460755 4.937655
8240 4.1200 -1.459195 4.926023
8250 4.1250 -1.457633 4.912776
8260 4.1300 -1.456048 4.897784
8270 4.1350 -1.454483 4.881534
8280 4.1400 -1.452898 4.863686
8290 4.1450 -1.451285 4.844172
8300 4.1500 -1.449859 4.825870
8310 4.1550 -1.448590 4.870808
8320 4.1600 -1.447453 4.854889
8330 4.1650 -1.446326 4.838575
8340 4.1700 -1.445572 4.827375
8350 4.1750 -1.445071 4.819809
8360 4.1800 -1.444708 4.814278
8370 4.1850 -1.444577 4.812262
8380 4.1900 -1.444378 4.809205
8390 4.1950 -1.444162 4.805868
8400 4.2000 -1.444117 4.805164
8410 4.2050 -1.444170 4.868361
8420 4.2100 -1.444301 4.870382
8430 4.2150 -1.444580 4.874691
8440 4.2200 -1.444863 4.879011
8450 4.2250 -1.445161 4.883534
8460 4.2300 -1.445623 4.890488
8470 4.2350 -1.446194 4.898949
8480 4.2400 -1.446851 4.908513
8490 4.2450 -1.447593 4.919100
8500 4.2500 -1.448466 4.931230
8510 4.2550 -1.449445 5.004616
8520 4.2600 -1.450644 5.020068
8530 4.2650 -1.451843 5.034740
8540 4.2700 -1.453210 5.050470
8550 4.2750 -1.454650 5.065822
8560 4.2800 -1.456041 5.079413
8570 4.2850 -1.457607 5.093180
8580 4.2900 -1.459127 5.104921
8590 4.2950 -1.460417 5.113579
8600 4.3000 -1.461492 5.119849
8610 4.3050 -1.462450 5.181806
8620 4.3100 -1.463005 5.184267
8630 4.3150 -1.463008 5.184279
8640 4.3200 -1.462789 5.183338
8650 4.3250 -1.462309 5.181138
8660 4.3300 -1.461577 5.177427
8670 4.3350 -1.460520 5.171326
8680 4.3400 -1.458932 5.160552
8690 4.3450 -1.457087 5.145688
8700 4.3500 -1.454843 5.124396
8710 4.3550 -1.452331 5.153628
8720 4.3600 -1.449382 5.115960
8730 4.3650 -1.446316 5.071666
8740 4.3700 -1.443318 5.023937
8750 4.3750 -1.440404 4.973978
8760 4.3800 -1.437438 4.920172
8770 4.3850 -1.434377 4.862175
8780 4.3900 -1.431285 4.801766
8790 4.3950 -1.428295 4.742297
8800 4.4000 -1.425418 4.684704
8810 4.4050 -1.422695 4.694747
8820 4.4100 -1.420305 4.647275
8830 4.4150 -1.418055 4.603159
8840 4.4200 -1.416229 4.567898
8850 4.4250 -1.414907 4.542744
8860 4.4300 -1.414036 4.526380
8870 4.4350 -1.413627 4.518767
8880 4.4400 -1.413453 4.515538
8890 4.4450 -1.413543 4.517203
8900 4.4500 -1.413960 4.524961
8910 4.4550 -1.414631 4.604989
8920 4.4600 -1.415379 4.619120
8930 4.4650 -1.416332 4.637244
8940 4.4700 -1.417466 4.658999
8950 4.4750 -1.418575 4.680454
8960 4.4800 -1.419827 4.704852
8970 4.4850 -1.420930 4.726442
8980 4.4900 -1.422051 4.748490
8990 4.4950 -1.423261 4.772343
9000 4.5000 -1.424563 4.798045
9010 4.5050 -1.426066 4.890147
9020 4.5100 -1.427526 4.918779
9030 4.5150 -1.428716 4.941946
9040 4.5200 -1.429753 4.961994
9050 4.5250 -1.430391 4.974244
9060 4.5300 -1.430677 4.979708
9070 4.5350 -1.430890 4.983779
9080 4.5400 -1.430901 4.983983
9090 4.5450 -1.430759 4.981282
9100 4.5500 -1.430175 4.970104
9110 4.5550 -1.429153 5.009950
9120 4.5600 -1.427872 4.985018
9130 4.5650 -1.426495 4.957987
9140 4.5700 -1.424934 4.927094
9150 4.5750 -1.423140 4.891408
9160 4.5800 -1.421255 4.853810
9170 4.5850 -1.419409 4.817050
9180 4.5900 -1.417291 4.775086
9190 4.5950 -1.415101 4.732167
9200 4.6000 -1.412993 4.691458
9210 4.6050 -1.411064 4.719230
9220 4.6100 -1.409384 4.687895
9230 4.6150 -1.407913 4.660939
9240 4.6200 -1.406673 4.638617
9250 4.6250 -1.405616 4.619891
9260 4.6300 -1.404727 4.604376
9270 4.6350 -1.403818 4.588740
9280 4.6400 -1.403233 4.578789
9290 4.6450 -1.402870 4.572674
9300 4.6500 -1.402786 4.571278
9310 4.6550 -1.402976 4.641046
9320 4.6600 -1.403079 4.642778
9330 4.6650 -1.403343 4.647236
9340 4.6700 -1.403774 4.654565
9350 4.6750 -1.404336 4.664164
9360 4.6800 -1.404858 4.673173
9370 4.6850 -1.405630 4.686616
9380 4.6900 -1.406584 4.703431
9390 4.6950 -1.407766 4.724534
9400 4.7000 -1.409123 4.749122
9410 4.7050 -1.410499 4.837759
9420 4.7100 -1.411852 4.862867
9430 4.7150 -1.413238 4.888833
9440 4.7200 -1.414730 4.916979
9450 4.7250 -1.416096 4.942865
9460 4.7300 -1.417384 4.967371
9470 4.7350 -1.418270 4.984243
9480 4.7400 -1.418845 4.995213
9490 4.7450 -1.419072 4.999532
9500 4.7500 -1.419043 4.998983
9510 4.7550 -1.418781 5.053068
9520 4.7600 -1.418417 5.046122
9530 4.7650 -1.417972 5.037651
9540 4.7700 -1.417220 5.023301
9550 4.7750 -1.416139 5.002678
9560 4.7800 -1.414790 4.976973
9570 4.7850 -1.413212 4.947012
9580 4.7900 -1.411411 4.913054
9590 4.7950 -1.409395 4.875449
9600 4.8000 -1.407532 4.841200
9610 4.8050 -1.405910 4.873554
9620 4.8100 -1.404141 4.841985
9630 4.8150 -1.402184 4.807781
9640 4.8200 -1.400235 4.774536
9650 4.8250 -1.398319 4.742731
9660 4.8300 -1.396495 4.713335
9670 4.8350 -1.394807 4.686966
9680 4.8400 -1.393268 4.663653
9690 4.8450 -1.391899 4.643504
9700 4.8500 -1.390814 4.627959
9710 4.8550 -1.390059 4.682910
9720 4.8600 -1.389455 4.674551
9730 4.8650 -1.389000 4.668326
9740 4.8700 -1.388628 4.663277
9750 4.8750 -1.388519 4.661812
9760 4.8800 -1.388430 4.660609
9770 4.8850 -1.388495 4.661482
9780 4.8900 -1.388595 4.662829
9790 4.8950 -1.388357 4.659629
9800 4.9000 -1.388071 4.655810
9810 4.9050 -1.387754 4.716632
9820 4.9100 -1.387356 4.711379
9830 4.9150 -1.386944 4.705988
9840 4.9200 -1.386595 4.701469
9850 4.9250 -1.386380 4.698705
9860 4.9300 -1.386325 4.697999
9870 4.9350 -1.386346 4.698257
9880 4.9400 -1.386522 4.700532
9890 4.9450 -1.386521 4.700517
9900 4.9500 -1.386365 4.698513
9910 4.9550 -1.386016 4.758304
9920 4.9600 -1.385784 4.755348
9930 4.9650 -1.385553 4.752423
9940 4.9700 -1.385335 4.749674
9950 4.9750 -1.385253 4.748640
9960 4.9800 -1.385260 4.748737
9970 4.9850 -1.385511 4.751890
9980 4.9900 -1.385923 4.757109
9990 4.9950 -1.386380 4.762965
10000 5.0000 -1.386830 4.768771
10010 5.0050 -1.387041 4.834527
10020 5.0100 -1.387250 4.837240
10030 5.0150 -1.387292 4.837792
10040 5.0200 -1.387283 4.837673
10050 5.0250 -1.387287 4.837724
10060 5.0300 -1.387364 4.838735
10070 5.0350 -1.387455 4.839927
10080 5.0400 -1.387772 4.844100
10090 5.0450 -1.388045 4.847709
10100 5.0500 -1.388189 4.849613
10110 5.0550 -1.388127 4.910400
10120 5.0600 -1.387913 4.907567
10130 5.0650 -1.387342 4.900039
10140 5.0700 -1.386595 4.890310
10150 5.0750 -1.385737 4.879279
10160 5.0800 -1.384574 4.864562
10170 5.0850 -1.383337 4.849247
10180 5.0900 -1.381751 4.830072
10190 5.0950 -1.380031 4.809907
10200 5.1000 -1.378058 4.787571
10210 5.1050 -1.375744 4.825033
10220 5.1100 -1.373519 4.801728
10230 5.1150 -1.371213 4.778476
10240 5.1200 -1.368729 4.754416
10250 5.1250 -1.366350 4.732251
10260 5.1300 -1.364057 4.711596
10270 5.1350 -1.362150 4.694890
10280 5.1400 -1.360396 4.679846
10290 5.1450 -1.358682 4.665390
10300 5.1500 -1.357100 4.652220
10310 5.1550 -1.355612 4.704998
10320 5.1600 -1.354142 4.692852
10330 5.1650 -1.352757 4.681375
10340 5.1700 -1.351684 4.672454
10350 5.1750 -1.350901 4.665907
10360 5.1800 -1.350424 4.661906
10370 5.1850 -1.350054 4.658799
10380 5.1900 -1.350024 4.658544
10390 5.1950 -1.350375 4.661493
10400 5.2000 -1.351121 4.667747
10410 5.2050 -1.352154 4.741164
10420 5.2100 -1.353318 4.750780
10430 5.2150 -1.354482 4.760334
10440 5.2200 -1.355897 4.771877
10450 5.2250 -1.357599 4.785724
10460 5.2300 -1.359555 4.801646
10470 5.2350 -1.361616 4.818520
10480 5.2400 -1.363830 4.836853
10490 5.2450 -1.366072 4.855753
10500 5.2500 -1.368029 4.872588
10510 5.2550 -1.369714 4.948564
10520 5.2600 -1.370954 4.959586
10530 5.2650 -1.371915 4.968230
10540 5.2700 -1.372592 4.974380
10550 5.2750 -1.372928 4.977440
10560 5.2800 -1.373027 4.978347
10570 5.2850 -1.372629 4.974713
10580 5.2900 -1.371583 4.965237
10590 5.2950 -1.370113 4.952090
10600 5.3000 -1.368474 4.937675
10610 5.3050 -1.366635 4.981805
10620 5.3100 -1.364713 4.965261
10630 5.3150 -1.362383 4.945321
10640 5.3200 -1.359864 4.923782
10650 5.3250 -1.357106 4.900052
10660 5.3300 -1.354330 4.875786
10670 5.3350 -1.351659 4.851870
10680 5.3400 -1.348836 4.825731
10690 5.3450 -1.345854 4.796891
10700 5.3500 -1.342898 4.766747
10710 5.3550 -1.340095 4.799387
10720 5.3600 -1.337575 4.770242
10730 5.3650 -1.335380 4.743306
10740 5.3700 -1.333720 4.721899
10750 5.3750 -1.332346 4.703460
10760 5.3800 -1.331394 4.690294
10770 5.3850 -1.330961 4.684196
10780 5.3900 -1.330873 4.682948
10790 5.3950 -1.331039 4.685307
10800 5.4000 -1.331578 4.692871
10810 5.4050 -1.332469 4.769495
10820 5.4100 -1.333777 4.786949
10830 5.4150 -1.335408 4.807826
10840 5.4200 -1.337299 4.830876
10850 5.4250 -1.339336 4.854388
10860 5.4300 -1.341541 4.878422
10870 5.4350 -1.343779 4.901427
10880 5.4400 -1.345910 4.922150
10890 5.4450 -1.348038 4.941834
10900 5.4500 -1.350002 4.959200
10910 5.4550 -1.351741 5.033726
10920 5.4600 -1.353088 5.044803
10930 5.4650 -1.354352 5.054933
10940 5.4700 -1.355345 5.062727
10950 5.4750 -1.356042 5.068123
10960 5.4800 -1.356633 5.072652
10970 5.4850 -1.357048 5.075806
10980 5.4900 -1.357010 5.075518
10990 5.4950 -1.356627 5.072601
11000 5.5000 -1.355982 5.067660
11010 5.5050 -1.354962 5.117684
11020 5.5100 -1.353570 5.106583
11030 5.5150 -1.351860 5.092480
11040 5.5200 -1.350004 5.076510
11050 5.5250 -1.348146 5.059764
11060 5.5300 -1.346220 5.041515
11070 5.5350 -1.344067 5.019955
11080 5.5400 -1.341703 4.994703
11090 5.5450 -1.339181 4.965793
11100 5.5500 -1.336619 4.934148
11110 5.5550 -1.333956 4.958714
11120 5.5600 -1.331248 4.919390
11130 5.5650 -1.328513 4.876317
11140 5.5700 -1.326118 4.835677
11150 5.5750 -1.323834 4.794279
11160 5.5800 -1.321634 4.751873
11170 5.5850 -1.319848 4.715620
11180 5.5900 -1.318297 4.682757
11190 5.5950 -1.317014 4.654611
11200 5.6000 -1.315984 4.631352
11210 5.6050 -1.315349 4.682210
11220 5.6100 -1.315271 4.680399
11230 5.6150 -1.315552 4.686905
11240 5.6200 -1.316141 4.700410
11250 5.6250 -1.317027 4.720361
11260 5.6300 -1.318071 4.743281
11270 5.6350 -1.319528 4.774258
11280 5.6400 -1.321340 4.811132
11290 5.6450 -1.323364 4.850195
11300 5.6500 -1.325643 4.891540
11310 5.6550 -1.328064 4.993320
11320 5.6600 -1.330451 5.030595
11330 5.6650 -1.332702 5.063106
11340 5.6700 -1.334734 5.090336
11350 5.6750 -1.336642 5.114155
11360 5.6800 -1.338474 5.135509
11370 5.6850 -1.340142 5.153714
11380 5.6900 -1.341688 5.169595
11390 5.6950 -1.343017 5.182515
11400 5.7000 -1.343958 5.191265
11410 5.7050 -1.344671 5.253676
11420 5.7100 -1.345184 5.258180
11430 5.7150 -1.345739 5.262951
11440 5.7200 -1.346105 5.266032
11450 5.7250 -1.346310 5.267743
11460 5.7300 -1.346524 5.269513
11470 5.7350 -1.346536 5.269609
11480 5.7400 -1.346409 5.268562
11490 5.7450 -1.346144 5.266360
11500 5.7500 -1.345659 5.262274
11510 5.7550 -1.344788 5.309598
11520 5.7600 -1.343908 5.301660
11530 5.7650 -1.343268 5.295689
11540 5.7700 -1.342568 5.288979
11550 5.7750 -1.342079 5.284165
11560 5.7800 -1.341732 5.280687
11570 5.7850 -1.341377 5.277077
11580 5.7900 -1.341009 5.273278
11590 5.7950 -1.340496 5.267893
11600 5.8000 -1.340076 5.263386
11610 5.8050 -1.339925 5.316627
11620 5.8100 -1.339959 5.316993
11630 5.8150 -1.340155 5.319108
11640 5.8200 -1.340522 5.323038
11650 5.8250 -1.341022 5.328275
11660 5.8300 -1.341758 5.335789
11670 5.8350 -1.342630 5.344382
11680 5.8400 -1.343692 5.354393
11690 5.8450 -1.344647 5.362990
11700 5.8500 -1.345853 5.373315
11710 5.8550 -1.347052 5.436209
11720 5.8600 -1.348356 5.446098
11730 5.8650 -1.349751 5.455960
11740 5.8700 -1.351208 5.465514
11750 5.8750 -1.352763 5.474923
11760 5.8800 -1.354193 5.482910
11770 5.8850 -1.355677 5.490562
11780 5.8900 -1.356900 5.496416
11790 5.8950 -1.358267 5.502519
11800 5.9000 -1.359705 5.508467
11810 5.9050 -1.361061 5.564902
11820 5.9100 -1.362249 5.569136
11830 5.9150 -1.363290 5.572619
11840 5.9200 -1.364292 5.575792
11850 5.9250 -1.365150 5.578377
11860 5.9300 -1.365821 5.580322
11870 5.9350 -1.366121 5.581171
11880 5.9400 -1.366166 5.581298
11890 5.9450 -1.365934 5.580645
11900 5.9500 -1.365665 5.579875
11910 5.9550 -1.365326 5.629120
11920 5.9600 -1.365144 5.628582
11930 5.9650 -1.365188 5.628712
11940 5.9700 -1.365139 5.628567
11950 5.9750 -1.365003 5.628163
11960 5.9800 -1.364640 5.627071
11970 5.9850 -1.364346 5.626165
11980 5.9900 -1.363928 5.624856
11990 5.9950 -1.363271 5.622726
12000 6.0000 -1.362736 5.620930
12010 6.0050 -1.362227 5.668818
12020 6.0100 -1.361660 5.666778
12030 6.0150 -1.361032 5.664432
12040 6.0200 -1.360593 5.662731
12050 6.0250 -1.360355 5.661789
12060 6.0300 -1.360001 5.660361
12070 6.0350 -1.359531 5.658411
12080 6.0400 -1.359179 5.656914
12090 6.0450 -1.358835 5.655418
12100 6.0500 -1.358583 5.654296
12110 6.0550 -1.358628 5.703690
12120 6.0600 -1.358947 5.705098
12130 6.0650 -1.359189 5.706144
12140 6.0700 -1.359572 5.707769
12150 6.0750 -1.360299 5.710730
12160 6.0800 -1.361213 5.714241
12170 6.0850 -1.362149 5.717608
12180 6.0900 -1.362876 5.720071
12190 6.0950 -1.363595 5.722378
12200 6.1000 -1.364437 5.724930
12210 6.1050 -1.365373 5.775803
12220 6.1100 -1.366298 5.778223
12230 6.1150 -1.367258 5.780544
12240 6.1200 -1.368144 5.782522
12250 6.1250 -1.368918 5.784131
12260 6.1300 -1.369600 5.785462
12270 6.1350 -1.370508 5.787117
12280 6.1400 -1.371355 5.788547
12290 6.1450 -1.371969 5.789521
12300 6.1500 -1.372369 5.790128
12310 6.1550 -1.372712 5.837990
12320 6.1600 -1.372979 5.838371
12330 6.1650 -1.373060 5.838485
12340 6.1700 -1.372954 5.838336
12350 6.1750 -1.372648 5.837897
12360 6.1800 -1.372486 5.837660
12370 6.1850 -1.372176 5.837196
12380 6.1900 -1.371788 5.836595
12390 6.1950 -1.371261 5.835740
12400 6.2000 -1.370510 5.834446
12410 6.2050 -1.369785 5.879878
12420 6.2100 -1.369130 5.878572
12430 6.2150 -1.368502 5.877236
12440 6.2200 -1.367921 5.875925
12450 6.2250 -1.367101 5.873941
12460 6.2300 -1.366107 5.871323
12470 6.2350 -1.365086 5.868376
12480 6.2400 -1.364193 5.865570
12490 6.2450 -1.363216 5.862246
12500 6.2500 -1.362340 5.859026
12510 6.2550 -1.361502 5.902178
12520 6.2600 -1.360712 5.898847
12530 6.2650 -1.359907 5.895233
12540 6.2700 -1.358983 5.890795
12550 6.2750 -1.358469 5.888187
12560 6.2800 -1.358429 5.887981
12570 6.2850 -1.358465 5.888167
12580 6.2900 -1.358720 5.889471
12590 6.2950 -1.359412 5.892890
12600 6.3000 -1.360516 5.897988
12610 6.3050 -1.361703 5.948932
12620 6.3100 -1.363024 5.953906
12630 6.3150 -1.364412 5.958509
12640 6.3200 -1.365803 5.962516
12650 6.3250 -1.367254 5.966091
12660 6.3300 -1.368877 5.969418
12670 6.3350 -1.370582 5.972210
12680 6.3400 -1.372265 5.974329
12690 6.3450 -1.373980 5.975905
12700 6.3500 -1.375596 5.976915
12710 6.3550 -1.376985 6.022392
12720 6.3600 -1.378259 6.022613
12730 6.3650 -1.379330 6.022626
12740 6.3700 -1.380229 6.022527
12750 6.3750 -1.381197 6.022318
12760 6.3800 -1.382397 6.021930
12770 6.3850 -1.383663 6.021385
12780 6.3900 -1.384952 6.020711
12790 6.3950 -1.386070 6.020047
12800 6.4000 -1.387129 6.019365
12810 6.4050 -1.388355 6.062930
12820 6.4100 -1.389749 6.061884
12830 6.4150 -1.390978 6.060913
12840 6.4200 -1.391952 6.060121
12850 6.4250 -1.392553 6.059628
12860 6.4300 -1.392762 6.059455
12870 6.4350 -1.392809 6.059416
12880 6.4400 -1.392527 6.059649
12890 6.4450 -1.391902 6.060163
12900 6.4500 -1.391156 6.060770
12910 6.4550 -1.390264 6.105383
12920 6.4600 -1.389156 6.106211
12930 6.4650 -1.387933 6.107049
12940 6.4700 -1.386562 6.107876
12950 6.4750 -1.385448 6.108442
12960 6.4800 -1.384453 6.108856
12970 6.4850 -1.383605 6.109132
12980 6.4900 -1.383425 6.109181
12990 6.4950 -1.383775 6.109083
13000 6.5000 -1.384580 6.108808
13010 6.5050 -1.385519 6.151724
13020 6.5100 -1.386669 6.151100
13030 6.5150 -1.387916 6.150287
13040 6.5200 -1.389318 6.149222
13050 6.5250 -1.390852 6.147905
13060 6.5300 -1.392688 6.146161
13070 6.5350 -1.394821 6.143966
13080 6.5400 -1.397115 6.141480
13090 6.5450 -1.399342 6.139009
13100 6.5500 -1.401572 6.136529
13110 6.5550 -1.403712 6.177135
13120 6.5600 -1.405618 6.174998
13130 6.5650 -1.407221 6.173199
13140 6.5700 -1.408406 6.171870
13150 6.5750 -1.409156 6.171028
13160 6.5800 -1.409670 6.170452
13170 6.5850 -1.409939 6.170151
13180 6.5900 -1.410181 6.169879
13190 6.5950 -1.410191 6.169868
13200 6.6000 -1.410055 6.170021
13210 6.6050 -1.409868 6.212817
13220 6.6100 -1.409637 6.213075
13230 6.6150 -1.409170 6.213594
13240 6.6200 -1.408591 6.214232
13250 6.6250 -1.408174 6.214687
13260 6.6300 -1.407763 6.215134
13270 6.6350 -1.407399 6.215527
13280 6.6400 -1.407095 6.215853
13290 6.6450 -1.406677 6.216300
13300 6.6500 -1.406168 6.216840
13310 6.6550 -1.405509 6.259563
13320 6.6600 -1.404695 6.260393
13330 6.6650 -1.403725 6.261351
13340 6.6700 -1.402766 6.262265
13350 6.6750 -1.401915 6.263046
13360 6.6800 -1.401057 6.263803
13370 6.6850 -1.400322 6.264427
13380 6.6900 -1.399908 6.264767
13390 6.6950 -1.399647 6.264976
13400 6.7000 -1.399675 6.264954
13410 6.7050 -1.399888 6.306255
13420 6.7100 -1.400344 6.305876
13430 6.7150 -1.401087 6.305233
13440 6.7200 -1.401968 6.304426
13450 6.7250 -1.403101 6.303325
13460 6.7300 -1.404449 6.301923
13470 6.7350 -1.405803 6.300419
13480 6.7400 -1.406998 6.299014
13490 6.7450 -1.408330 6.297366
13500 6.7500 -1.409810 6.295432
13510 6.7550 -1.411286 6.334498
13520 6.7600 -1.413010 6.331908
13530 6.7650 -1.414981 6.328687
13540 6.7700 -1.416851 6.325353
13550 6.7750 -1.418564 6.322041
13560 6.7800 -1.420273 6.318469
13570 6.7850 -1.422061 6.314418
13580 6.7900 -1.423813 6.310103
13590 6.7950 -1.425665 6.305130
13600 6.8000 -1.427643 6.299298
13610 6.8050 -1.429529 6.334227
13620 6.8100 -1.431187 6.328280
13630 6.8150 -1.432669 6.322491
13640 6.8200 -1.433956 6.317081
13650 6.8250 -1.434975 6.312531
13660 6.8300 -1.435975 6.307819
13670 6.8350 -1.436993 6.302765
13680 6.8400 -1.437999 6.297498
13690 6.8450 -1.439036 6.291784
13700 6.8500 -1.440167 6.285195
13710 6.8550 -1.441226 6.319909
13720 6.8600 -1.442525 6.311394
13730 6.8650 -1.443641 6.303616
13740 6.8700 -1.444878 6.294473
13750 6.8750 -1.445646 6.288509
13760 6.8800 -1.446167 6.284340
13770 6.8850 -1.446540 6.281281
13780 6.8900 -1.446767 6.279396
13790 6.8950 -1.446945 6.277903
13800 6.9000 -1.447138 6.276269
13810 6.9050 -1.447216 6.316946
13820 6.9100 -1.447387 6.315486
13830 6.9150 -1.447620 6.313469
13840 6.9200 -1.447957 6.310505
13850 6.9250 -1.448212 6.308241
13860 6.9300 -1.448650 6.304276
13870 6.9350 -1.449247 6.298729
13880 6.9400 -1.449969 6.291821
13890 6.9450 -1.450619 6.285390
13900 6.9500 -1.451257 6.278891
13910 6.9550 -1.451736 6.315196
13920 6.9600 -1.452144 6.310834
13930 6.9650 -1.452627 6.305570
13940 6.9700 -1.453031 6.301077
13950 6.9750 -1.453332 6.297676
13960 6.9800 -1.453352 6.297455
13970 6.9850 -1.453083 6.300497
13980 6.9900 -1.452619 6.305668
13990 6.9950 -1.451809 6.314423
14000 7.0000 -1.450852 6.324350
14010 7.0050 -1.449724 6.376257
14020 7.0100 -1.448649 6.386287
14030 7.0150 -1.447524 6.396191
14040 7.0200 -1.446500 6.404711
14050 7.0250 -1.445666 6.411299
14060 7.0300 -1.445211 6.414766
14070 7.0350 -1.444863 6.417361
14080 7.0400 -1.444627 6.419086
14090 7.0450 -1.444602 6.419270
14100 7.0500 -1.444758 6.418135
14110 7.0550 -1.445006 6.456030
14120 7.0600 -1.445424 6.452886
14130 7.0650 -1.446255 6.446393
14140 7.0700 -1.447292 6.437846
14150 7.0750 -1.448736 6.425102
14160 7.0800 -1.450505 6.408100
14170 7.0850 -1.452371 6.388429
14180 7.0900 -1.454278 6.366398
14190 7.0950 -1.456253 6.341450
14200 7.1000 -1.458189 6.314793
14210 7.1050 -1.459988 6.328867
14220 7.1100 -1.461772 6.300239
14230 7.1150 -1.463552 6.269578
14240 7.1200 -1.465294 6.237524
14250 7.1250 -1.466981 6.204475
14260 7.1300 -1.468444 6.174178
14270 7.1350 -1.469751 6.145836
14280 7.1400 -1.470896 6.119986
14290 7.1450 -1.471634 6.102818
14300 7.1500 -1.472151 6.090561
14310 7.1550 -1.472449 6.126935
14320 7.1600 -1.472575 6.123882
14330 7.1650 -1.472705 6.120740
14340 7.1700 -1.472864 6.116852
14350 7.1750 -1.472903 6.115910
14360 7.1800 -1.472601 6.123266
14370 7.1850 -1.471996 6.137801
14380 7.1900 -1.471271 6.154865
14390 7.1950 -1.470479 6.173042
14400 7.2000 -1.469629 6.192031
14410 7.2050 -1.469010 6.247838
14420 7.2100 -1.468303 6.262899
14430 7.2150 -1.467269 6.284249
14440 7.2200 -1.466237 6.304758
14450 7.2250 -1.465293 6.322837
14460 7.2300 -1.464366 6.339965
14470 7.2350 -1.463314 6.358672
14480 7.2400 -1.462511 6.372402
14490 7.2450 -1.461939 6.381929
14500 7.2500 -1.461452 6.389850
14510 7.2550 -1.461118 6.435243
14520 7.2600 -1.460995 6.437185
14530 7.2650 -1.461437 6.430142
14540 7.2700 -1.462097 6.419366
14550 7.2750 -1.462871 6.406345
14560 7.2800 -1.463930 6.387818
14570 7.2850 -1.465202 6.364487
14580 7.2900 -1.466794 6.333600
14590 7.2950 -1.468565 6.297007
14600 7.3000 -1.470378 6.257060
14610 7.3050 -1.472526 6.247937
14620 7.3100 -1.474894 6.187738
14630 7.3150 -1.477450 6.117657
14640 7.3200 -1.479766 6.049485
14650 7.3250 -1.481989 5.979894
14660 7.3300 -1.484095 5.910186
14670 7.3350 -1.486100 5.840466
14680 7.3400 -1.488066 5.768911
14690 7.3450 -1.489969 5.696680
14700 7.3500 -1.491955 5.618255
14710 7.3550 -1.493796 5.592510
14720 7.3600 -1.495448 5.522529
14730 7.3650 -1.497050 5.452677
14740 7.3700 -1.498437 5.390677
14750 7.3750 -1.499839 5.326605
14760 7.3800 -1.501245 5.260947
14770 7.3850 -1.502434 5.204315
14780 7.3900 -1.503420 5.156665
14790 7.3950 -1.504293 5.113975
14800 7.4000 -1.505112 5.073470
14810 7.4050 -1.505688 5.102559
14820 7.4100 -1.505983 5.087783
14830 7.4150 -1.505994 5.087227
14840 7.4200 -1.505906 5.091657
14850 7.4250 -1.505551 5.109402
14860 7.4300 -1.505287 5.122618
14870 7.4350 -1.505026 5.135615
14880 7.4400 -1.504832 5.145204
14890 7.4450 -1.504483 5.162489
14900 7.4500 -1.503991 5.186634
14910 7.4550 -1.503391 5.272006
14920 7.4600 -1.502877 5.296866
14930 7.4650 -1.502294 5.324847
14940 7.4700 -1.501627 5.356559
14950 7.4750 -1.500956 5.388159
14960 7.4800 -1.500203 5.423242
14970 7.4850 -1.499603 5.450863
14980 7.4900 -1.499051 5.476014
14990 7.4950 -1.498534 5.499391
15000 7.5000 -1.498101 5.518824
15010 7.5050 -1.497929 5.577597
15020 7.5100 -1.497976 5.575508
15030 7.5150 -1.498189 5.565984
15040 7.5200 -1.498594 5.547798
15050 7.5250 -1.499261 5.517576
15060 7.5300 -1.500216 5.473646
15070 7.5350 -1.501353 5.420511
15080 7.5400 -1.502515 5.365173
15090 7.5450 -1.503934 5.296238
15100 7.5500 -1.505432 5.221941
15110 7.5550 -1.507137 5.190997
15120 7.5600 -1.509095 5.089352
15130 7.5650 -1.511161 4.979400
15140 7.5700 -1.513140 4.871756
15150 7.5750 -1.515066 4.764961
15160 7.5800 -1.516847 4.664513
15170 7.5850 -1.518683 4.559489
15180 7.5900 -1.520666 4.444507
15190 7.5950 -1.522610 4.330354
15200 7.6000 -1.524216 4.235225
15210 7.6050 -1.525655 4.222519
15220 7.6100 -1.527133 4.133757
15230 7.6150 -1.528636 4.043059
15240 7.6200 -1.530097 3.954500
15250 7.6250 -1.531559 3.865632
15260 7.6300 -1.532930 3.782118
15270 7.6350 -1.533907 3.722501
15280 7.6400 -1.534622 3.678920
15290 7.6450 -1.535109 3.649213
15300 7.6500 -1.535165 3.645790
15310 7.6550 -1.535049 3.739103
15320 7.6600 -1.534758 3.756875
15330 7.6650 -1.534482 3.773676
15340 7.6700 -1.534154 3.793693
15350 7.6750 -1.533749 3.818406
15360 7.6800 -1.533272 3.847456
15370 7.6850 -1.532991 3.864546
15380 7.6900 -1.532605 3.888031
15390 7.6950 -1.532163 3.914942
15400 7.7000 -1.531830 3.935216
15410 7.7050 -1.531544 4.032142
15420 7.7100 -1.531455 4.037544
15430 7.7150 -1.531481 4.035970
15440 7.7200 -1.531543 4.032167
15450 7.7250 -1.531658 4.025194
15460 7.7300 -1.531976 4.005891
15470 7.7350 -1.532323 3.984737
15480 7.7400 -1.532644 3.965193
15490 7.7450 -1.532970 3.945349
15500 7.7500 -1.533214 3.930475
15510 7.7550 -1.533377 4.000219
15520 7.7600 -1.533359 4.001336
15530 7.7650 -1.533088 4.017855
15540 7.7700 -1.532805 4.035065
15550 7.7750 -1.532603 4.047358
15560 7.7800 -1.532251 4.068791
15570 7.7850 -1.531712 4.101524
15580 7.7900 -1.531004 4.144482
15590 7.7950 -1.530074 4.200728
15600 7.8000 -1.529216 4.252416
15610 7.8050 -1.528432 4.372335
15620 7.8100 -1.527661 4.418461
15630 7.8150 -1.527008 4.457356
15640 7.8200 -1.526588 4.482291
15650 7.8250 -1.526238 4.503056
15660 7.8300 -1.525952 4.519971
15670 7.8350 -1.525580 4.541951
15680 7.8400 -1.525520 4.545497
15690 7.8450 -1.525714 4.534063
15700 7.8500 -1.525910 4.522449
15710 7.8550 -1.526134 4.576721
15720 7.8600 -1.526385 4.561854
15730 7.8650 -1.526673 4.544742
15740 7.8700 -1.526822 4.535884
15750 7.8750 -1.527179 4.514628
15760 7.8800 -1.527666 4.485598
15770 7.8850 -1.528144 4.456995
15780 7.8900 -1.528622 4.428337
15790 7.8950 -1.529132 4.397656
15800 7.9000 -1.529810 4.356722
15810 7.9050 -1.530470 4.387484
15820 7.9100 -1.531004 4.355023
15830 7.9150 -1.531434 4.328895
15840 7.9200 -1.531973 4.296022
15850 7.9250 -1.532429 4.268135
15860 7.9300 -1.532809 4.244872
15870 7.9350 -1.533019 4.231973
15880 7.9400 -1.533341 4.212231
15890 7.9450 -1.533490 4.203076
15900 7.9500 -1.533241 4.218401
15910 7.9550 -1.532744 4.322345
15920 7.9600 -1.532180 4.356830
15930 7.9650 -1.531423 4.403012
15940 7.9700 -1.530594 4.453316
15950 7.9750 -1.529757 4.503976
15960 7.9800 -1.528847 4.558706
15970 7.9850 -1.528056 4.606036
15980 7.9900 -1.526994 4.669211
15990 7.9950 -1.526196 4.716311
16000 8.0000 -1.525707 4.745085
16010 8.0050 -1.525574 4.816304
16020 8.0100 -1.525806 4.802701
16030 8.0150 -1.526312 4.772891
16040 8.0200 -1.527125 4.724841
16050 8.0250 -1.528079 4.668002
16060 8.0300 -1.528908 4.618356
16070 8.0350 -1.529441 4.586273
16080 8.0400 -1.529873 4.560187
16090 8.0450 -1.530319 4.533152
16100 8.0500 -1.530502 4.522055
16110 8.0550 -1.530322 4.600489
16120 8.0600 -1.529962 4.622283
16130 8.0650 -1.529525 4.648679
16140 8.0700 -1.528974 4.681816
16150 8.0750 -1.528188 4.728902
16160 8.0800 -1.527361 4.778151
16170 8.0850 -1.526631 4.821385
16180 8.0900 -1.525708 4.875646
16190 8.0950 -1.524640 4.937907
16200 8.1000 -1.523616 4.996991
16210 8.1050 -1.522617 5.113168
16220 8.1100 -1.521493 5.176659
16230 8.1150 -1.520163 5.250748
16240 8.1200 -1.518797 5.325571
16250 8.1250 -1.517288 5.406758
16260 8.1300 -1.515977 5.475892
16270 8.1350 -1.514743 5.539820
16280 8.1400 -1.513370 5.609535
16290 8.1450 -1.512141 5.670649
16300 8.1500 -1.510980 5.727205
16310 8.1550 -1.510142 5.815555
16320 8.1600 -1.509257 5.857276
16330 8.1650 -1.508372 5.898261
16340 8.1700 -1.507511 5.937496
16350 8.1750 -1.506673 5.975021
16360 8.1800 -1.505820 6.012530
16370 8.1850 -1.504916 6.051554
16380 8.1900 -1.504106 6.085878
16390 8.1950 -1.503454 6.113042
16400 8.2000 -1.502837 6.138376
16410 8.2050 -1.502380 6.199863
16420 8.2100 -1.502082 6.211853
16430 8.2150 -1.501949 6.217165
16440 8.2200 -1.501944 6.217370
16450 8.2250 -1.502201 6.207060
16460 8.2300 -1.502468 6.196328
16470 8.2350 -1.502962 6.176242
16480 8.2400 -1.503469 6.155373
16490 8.2450 -1.504008 6.132926
16500 8.2500 -1.504845 6.097541
16510 8.2550 -1.505804 6.099555
16520 8.2600 -1.506681 6.060917
16530 8.2650 -1.507374 6.029850
16540 8.2700 -1.508366 5.984583
16550 8.2750 -1.509605 5.926785
16560 8.2800 -1.510850 5.867245
16570 8.2850 -1.511981 5.811981
16580 8.2900 -1.513136 5.754336
16590 8.2950 -1.514046 5.708129
16600 8.3000 -1.514903 5.663955
16610 8.3050 -1.515608 5.676263
16620 8.3100 -1.516323 5.638495
16630 8.3150 -1.517081 5.598053
16640 8.3200 -1.517842 5.556941
16650 8.3250 -1.518477 5.522291
16660 8.3300 -1.518996 5.493789
16670 8.3350 -1.519413 5.470690
16680 8.3400 -1.519644 5.457849
16690 8.3450 -1.519657 5.457115
16700 8.3500 -1.519762 5.451269
16710 8.3550 -1.519755 5.503710
16720 8.3600 -1.519949 5.492888
16730 8.3650 -1.520093 5.484857
16740 8.3700 -1.520280 5.474355
16750 8.3750 -1.520396 5.467853
16760 8.3800 -1.520523 5.460653
16770 8.3850 -1.520578 5.457561
16780 8.3900 -1.520671 5.452316
16790 8.3950 -1.520785 5.445867
16800 8.4000 -1.520840 5.442758
16810 8.4050 -1.520901 5.491529
16820 8.4100 -1.520800 5.497243
16830 8.4150 -1.520561 5.510747
16840 8.4200 -1.520338 5.523287
16850 8.4250 -1.520239 5.528819
16860 8.4300 -1.520148 5.533929
16870 8.4350 -1.519982 5.543244
16880 8.4400 -1.519869 5.549558
16890 8.4450 -1.519602 5.564411
16900 8.4500 -1.519230 5.585068
16910 8.4550 -1.518849 5.656220
16920 8.4600 -1.518355 5.683301
16930 8.4650 -1.517733 5.717129
16940 8.4700 -1.517007 5.756116
16950 8.4750 -1.516224 5.797708
16960 8.4800 -1.515509 5.835242
16970 8.4850 -1.514612 5.881600
16980 8.4900 -1.513657 5.930206
16990 8.4950 -1.512832 5.971457
17000 8.5000 -1.511972 6.013838
17010 8.5050 -1.511085 6.101254
17020 8.5100 -1.510305 6.138361
17030 8.5150 -1.509803 6.161901
17040 8.5200 -1.509355 6.182687
17050 8.5250 -1.508771 6.209541
17060 8.5300 -1.508162 6.237111
17070 8.5350 -1.507836 6.251737
17080 8.5400 -1.507425 6.270008
17090 8.5450 -1.506983 6.289438
17100 8.5500 -1.506660 6.303532
17110 8.5550 -1.506256 6.361999
17120 8.5600 -1.505779 6.382375
17130 8.5650 -1.505478 6.395147
17140 8.5700 -1.505512 6.393681
17150 8.5750 -1.505754 6.383440
17160 8.5800 -1.505935 6.375772
17170 8.5850 -1.506116 6.368004
17180 8.5900 -1.506380 6.356650
17190 8.5950 -1.506733 6.341394
17200 8.6000 -1.507074 6.326469
17210 8.6050 -1.507433 6.351440
17220 8.6100 -1.507926 6.329496
17230 8.6150 -1.508364 6.309740
17240 8.6200 -1.508667 6.296000
17250 8.6250 -1.509110 6.275701
17260 8.6300 -1.509475 6.258852
17270 8.6350 -1.509533 6.256159
17280 8.6400 -1.509679 6.249354
17290 8.6450 -1.509937 6.237270
17300 8.6500 -1.510177 6.226002
17310 8.6550 -1.510460 6.254527
17320 8.6600 -1.510531 6.251154
17330 8.6650 -1.510750 6.240721
17340 8.6700 -1.511021 6.227718
17350 8.6750 -1.511442 6.207429
17360 8.6800 -1.511912 6.184501
17370 8.6850 -1.512409 6.160080
17380 8.6900 -1.512943 6.133500
17390 8.6950 -1.513600 6.100425
17400 8.7000 -1.514360 6.061590
17410 8.7050 -1.515120 6.066136
17420 8.7100 -1.515786 6.031146
17430 8.7150 -1.516444 5.996152
17440 8.7200 -1.516975 5.967625
17450 8.7250 -1.517632 5.931939
17460 8.7300 -1.518194 5.901110
17470 8.7350 -1.518794 5.867844
17480 8.7400 -1.519187 5.845911
17490 8.7450 -1.519582 5.823703
17500 8.7500 -1.520066 5.796327
17510 8.7550 -1.520441 5.822203
17520 8.7600 -1.520806 5.801263
17530 8.7650 -1.521339 5.770521
17540 8.7700 -1.521930 5.736142
17550 8.7750 -1.522315 5.713529
17560 8.7800 -1.522823 5.683598
17570 8.7850 -1.523295 5.655542
17580 8.7900 -1.523844 5.622711
17590 8.7950 -1.524388 5.589909
17600 8.8000 -1.524921 5.557584
17610 8.8050 -1.525122 5.595879
17620 8.8100 -1.525226 5.589534
17630 8.8150 -1.525310 5.584382
17640 8.8200 -1.525266 5.587103
17650 8.8250 -1.525050 5.600288
17660 8.8300 -1.524815 5.614606
17670 8.8350 -1.524448 5.636818
17680 8.8400 -1.523913 5.669098
17690 8.8450 -1.523440 5.697419
17700 8.8500 -1.523005 5.723283
17710 8.8550 -1.522561 5.797806
17720 8.8600 -1.521941 5.834169
17730 8.8650 -1.521335 5.869409
17740 8.8700 -1.520648 5.908918
17750 8.8750 -1.519772 5.958667
17760 8.8800 -1.518764 6.015018
17770 8.8850 -1.517556 6.081271
17780 8.8900 -1.516415 6.142528
17790 8.8950 -1.515448 6.193400
17800 8.9000 -1.514500 6.242275
17810 8.9050 -1.513671 6.326026
17820 8.9100 -1.512926 6.363143
17830 8.9150 -1.512055 6.405725
17840 8.9200 -1.511120 6.450500
17850 8.9250 -1.510456 6.481731
17860 8.9300 -1.509855 6.509549
17870 8.9350 -1.509436 6.528676
17880 8.9400 -1.509130 6.542509
17890 8.9450 -1.508809 6.556936
17900 8.9500 -1.508225 6.582864
17910 8.9550 -1.507965 6.632223
17920 8.9600 -1.507792 6.639785
17930 8.9650 -1.507648 6.646055
17940 8.9700 -1.507500 6.652422
17950 8.9750 -1.507394 6.657019
17960 8.9800 -1.507447 6.654738
17970 8.9850 -1.507615 6.647445
17980 8.9900 -1.508001 6.630663
17990 8.9950 -1.508674 6.600908
18000 9.0000 -1.509527 6.562482
18010 9.0050 -1.510498 6.555812
18020 9.0100 -1.511508 6.508038
18030 9.0150 -1.512447 6.462585
18040 9.0200 -1.513292 6.420794
18050 9.0250 -1.513839 6.393275
18060 9.0300 -1.514241 6.372916
18070 9.0350 -1.514713 6.348726
18080 9.0400 -1.514997 6.334026
18090 9.0450 -1.514975 6.335154
18100 9.0500 -1.514896 6.339266
18110 9.0550 -1.514634 6.393390
18120 9.0600 -1.514381 6.406360
18130 9.0650 -1.514035 6.423986
18140 9.0700 -1.513457 6.453108
18150 9.0750 -1.512987 6.476559
18160 9.0800 -1.512318 6.509444
18170 9.0850 -1.511625 6.542945
18180 9.0900 -1.510846 6.579954
18190 9.0950 -1.510221 6.609154
18200 9.1000 -1.509692 6.633510
18210 9.1050 -1.509289 6.689228
18220 9.1100 -1.508832 6.709744
18230 9.1150 -1.508442 6.727049
18240 9.1200 -1.508126 6.740959
18250 9.1250 -1.507758 6.756994
18260 9.1300 -1.507135 6.783730
18270 9.1350 -1.506304 6.818678
18280 9.1400 -1.505564 6.849053
18290 9.1450 -1.504857 6.877435
18300 9.1500 -1.504126 6.906136
18310 9.1550 -1.503303 6.972296
18320 9.1600 -1.502447 7.004115
18330 9.1650 -1.501613 7.034259
18340 9.1700 -1.500664 7.067437
18350 9.1750 -1.499625 7.102424
18360 9.1800 -1.498874 7.126862
18370 9.1850 -1.498147 7.149813
18380 9.1900 -1.497397 7.172794
18390 9.1950 -1.496667 7.194450
18400 9.2000 -1.495884 7.216932
18410 9.2050 -1.495007 7.272965
18420 9.2100 -1.494122 7.296419
18430 9.2150 -1.493334 7.316459
18440 9.2200 -1.493068 7.323061
18450 9.2250 -1.493094 7.322404
18460 9.2300 -1.493322 7.316752
18470 9.2350 -1.493651 7.308492
18480 9.2400 -1.494023 7.298971
18490 9.2450 -1.494538 7.285518
18500 9.2500 -1.495206 7.267538
18510 9.2550 -1.495933 7.278666
18520 9.2600 -1.496485 7.262835
18530 9.2650 -1.497006 7.247565
18540 9.2700 -1.497423 7.235077
18550 9.2750 -1.498056 7.215682
18560 9.2800 -1.498921 7.188302
18570 9.2850 -1.499969 7.153855
18580 9.2900 -1.501376 7.105332
18590 9.2950 -1.502901 7.049797
18600 9.3000 -1.504524 6.987384
18610 9.3050 -1.506217 6.952464
18620 9.3100 -1.507896 6.880583
18630 9.3150 -1.509530 6.807166
18640 9.3200 -1.511205 6.728420
18650 9.3250 -1.512870 6.646644
18660 9.3300 -1.514327 6.572392
18670 9.3350 -1.515641 6.503247
18680 9.3400 -1.516518 6.455957
18690 9.3450 -1.516921 6.433955
18700 9.3500 -1.516912 6.434451
18710 9.3550 -1.516759 6.482354
18720 9.3600 -1.516713 6.484892
18730 9.3650 -1.516924 6.473336
18740 9.3700 -1.516982 6.470149
18750 9.3750 -1.516940 6.472464
18760 9.3800 -1.516792 6.480555
18770 9.3850 -1.516301 6.507313
18780 9.3900 -1.515687 6.540341
18790 9.3950 -1.515122 6.570323
18800 9.4000 -1.514506 6.602605
18810 9.4050 -1.513681 6.682848
18820 9.4100 -1.512769 6.728866
18830 9.4150 -1.511745 6.779286
18840 9.4200 -1.510603 6.833977
18850 9.4250 -1.509579 6.881612
18860 9.4300 -1.508505 6.930096
18870 9.4350 -1.507357 6.980253
18880 9.4400 -1.506245 7.027213
18890 9.4450 -1.504927 7.080692
18900 9.4500 -1.503509 7.135701
18910 9.4550 -1.502045 7.222094
18920 9.4600 -1.500702 7.269009
18930 9.4650 -1.499419 7.311490
18940 9.4700 -1.497921 7.358264
18950 9.4750 -1.496447 7.401300
18960 9.4800 -1.494973 7.441421
18970 9.4850 -1.493855 7.469880
18980 9.4900 -1.493056 7.489193
18990 9.4950 -1.492372 7.505035
19000 9.5000 -1.491730 7.519358
19010 9.5050 -1.491010 7.563981
19020 9.5100 -1.490352 7.577463
19030 9.5150 -1.489772 7.588886
19040 9.5200 -1.489420 7.595583
19050 9.5250 -1.488867 7.605815
19060 9.5300 -1.488147 7.618518
19070 9.5350 -1.487458 7.630067
19080 9.5400 -1.486805 7.640438
19090 9.5450 -1.485960 7.653077
19100 9.5500 -1.485168 7.664101
19110 9.5550 -1.484195 7.704637
19120 9.5600 -1.483070 7.717615
19130 9.5650 -1.481769 7.730723
19140 9.5700 -1.480522 7.741408
19150 9.5750 -1.479314 7.750041
19160 9.5800 -1.478142 7.756844
19170 9.5850 -1.477114 7.761558
19180 9.5900 -1.476121 7.765032
19190 9.5950 -1.475110 7.767499
19200 9.6000 -1.474227 7.768794
19210 9.6050 -1.473366 7.796533
19220 9.6100 -1.472590 7.796352
19230 9.6150 -1.471893 7.795689
19240 9.6200 -1.471214 7.794595
19250 9.6250 -1.470765 7.793634
19260 9.6300 -1.470433 7.792804
19270 9.6350 -1.469931 7.791355
19280 9.6400 -1.469487 7.789883
19290 9.6450 -1.469083 7.788394
19300 9.6500 -1.468811 7.787309
19310 9.6550 -1.468755 7.814173
19320 9.6600 -1.468909 7.814804
19330 9.6650 -1.469082 7.815486
19340 9.6700 -1.469247 7.816112
19350 9.6750 -1.469342 7.816460
19360 9.6800 -1.469304 7.816320
19370 9.6850 -1.469413 7.816718
19380 9.6900 -1.469895 7.818331
19390 9.6950 -1.470533 7.820145
19400 9.7000 -1.471053 7.821341
19410 9.7050 -1.471400 7.848838
19420 9.7100 -1.471817 7.849473
19430 9.7150 -1.472354 7.850040
19440 9.7200 -1.472979 7.850340
19450 9.7250 -1.473592 7.850252
19460 9.7300 -1.474079 7.849909
19470 9.7350 -1.474459 7.849471
19480 9.7400 -1.474613 7.849250
19490 9.7450 -1.474723 7.849076
19500 9.7500 -1.474820 7.848913
19510 9.7550 -1.474773 7.875629
19520 9.7600 -1.474508 7.876036
19530 9.7650 -1.474108 7.876511
19540 9.7700 -1.473813 7.876755
19550 9.7750 -1.473604 7.876873
19560 9.7800 -1.473381 7.876949
19570 9.7850 -1.473494 7.876916
19580 9.7900 -1.473846 7.876733
19590 9.7950 -1.474261 7.876350
19600 9.8000 -1.474685 7.875772
19610 9.8050 -1.475116 7.901422
19620 9.8100 -1.475631 7.900223
19630 9.8150 -1.476214 7.898513
19640 9.8200 -1.476813 7.896364
19650 9.8250 -1.477524 7.893285
19660 9.8300 -1.478182 7.889928
19670 9.8350 -1.478885 7.885783
19680 9.8400 -1.479933 7.878528
19690 9.8450 -1.481096 7.868939
19700 9.8500 -1.482434 7.855866
19710 9.8550 -1.483680 7.868257
19720 9.8600 -1.484875 7.852779
19730 9.8650 -1.485869 7.838477
19740 9.8700 -1.486904 7.822218
19750 9.8750 -1.487624 7.810060
19760 9.8800 -1.488207 7.799710
19770 9.8850 -1.488802 7.788659
19780 9.8900 -1.489175 7.781493
19790 9.8950 -1.489194 7.781131
19800 9.9000 -1.489036 7.784181
19810 9.9050 -1.488828 7.815280
19820 9.9100 -1.488488 7.821672
19830 9.9150 -1.487777 7.834502
19840 9.9200 -1.487216 7.844132
19850 9.9250 -1.486505 7.855735
19860 9.9300 -1.485550 7.870266
19870 9.9350 -1.484709 7.882053
19880 9.9400 -1.483915 7.892333
19890 9.9450 -1.483155 7.901406
19900 9.9500 -1.482342 7.910289
19910 9.9550 -1.481492 7.944868
19920 9.9600 -1.480446 7.953945
19930 9.9650 -1.479335 7.962105
19940 9.9700 -1.478055 7.969651
19950 9.9750 -1.476628 7.975783
19960 9.9800 -1.475135 7.979688
19970 9.9850 -1.473596 7.981117
19980 9.9900 -1.471942 7.979821
19990 9.9950 -1.470113 7.975115
20000 10.0000 -1.468453 7.968003
20010 10.0050 -1.467157 7.986414
20020 10.0100 -1.465844 7.977410
20030 10.0150 -1.464334 7.965219
20040 10.0200 -1.462968 7.952581
20050 10.0250 -1.461936 7.942048
20060 10.0300 -1.461302 7.935187
20070 10.0350 -1.460739 7.928842
20080 10.0400 -1.460021 7.920431
20090 10.0450 -1.459308 7.911724
20100 10.0500 -1.458754 7.904715
20110 10.0550 -1.458389 7.926216
20120 10.0600 -1.458103 7.922450
20130 10.0650 -1.457639 7.916227
20140 10.0700 -1.457359 7.912413
20150 10.0750 -1.457123 7.909148
20160 10.0800 -1.456622 7.902132
20170 10.0850 -1.456182 7.895840
20180 10.0900 -1.455707 7.888917
20190 10.0950 -1.455161 7.880791
20200 10.1000 -1.454449 7.869960
20210 10.1050 -1.453523 7.881934
20220 10.1100 -1.452394 7.863650
20230 10.1150 -1.451006 7.840331
20240 10.1200 -1.449295 7.810415
20250 10.1250 -1.447565 7.778969
20260 10.1300 -1.445707 7.744049
20270 10.1350 -1.443954 7.710146
20280 10.1400 -1.442126 7.673980
20290 10.1450 -1.440081 7.632702
20300 10.1500 -1.438171 7.593547
20310 10.1550 -1.436232 7.581978
20320 10.1600 -1.434197 7.539496
20330 10.1650 -1.432016 7.493797
20340 10.1700 -1.429752 7.446369
20350 10.1750 -1.427548 7.400447
20360 10.1800 -1.425687 7.361980
20370 10.1850 -1.424127 7.330007
20380 10.1900 -1.422736 7.301771
20390 10.1950 -1.421547 7.277865
20400 10.2000 -1.420400 7.255035
20410 10.2050 -1.419353 7.265821
20420 10.2100 -1.418351 7.246221
20430 10.2150 -1.417431 7.228388
20440 10.2200 -1.416573 7.211918
20450 10.2250 -1.415925 7.199552
20460 10.2300 -1.415429 7.190154
20470 10.2350 -1.415215 7.186118
20480 10.2400 -1.415528 7.192038
20490 10.2450 -1.416262 7.205964
20500 10.2500 -1.417028 7.220639
20510 10.2550 -1.417900 7.269196
20520 10.2600 -1.418871 7.288096
20530 10.2650 -1.419982 7.309892
20540 10.2700 -1.421200 7.334011
20550 10.2750 -1.422513 7.360251
20560 10.2800 -1.423899 7.388184
20570 10.2850 -1.425243 7.415465
20580 10.2900 -1.426674 7.444697
20590 10.2950 -1.428078 7.473527
20600 10.3000 -1.429327 7.499248
20610 10.3050 -1.430464 7.552078
20620 10.3100 -1.431606 7.575624
20630 10.3150 -1.432711 7.598397
20640 10.3200 -1.433658 7.617866
20650 10.3250 -1.434535 7.635842
20660 10.3300 -1.435213 7.649716
20670 10.3350 -1.435749 7.660633
20680 10.3400 -1.436202 7.669858
20690 10.3450 -1.436346 7.672777
20700 10.3500 -1.436298 7.671806
20710 10.3550 -1.436130 7.696369
20720 10.3600 -1.435835 7.690374
20730 10.3650 -1.435564 7.684860
20740 10.3700 -1.435093 7.675230
20750 10.3750 -1.434603 7.665206
20760 10.3800 -1.434140 7.655720
20770 10.3850 -1.433679 7.646232
20780 10.3900 -1.433379 7.640077
20790 10.3950 -1.433101 7.634345
20800 10.4000 -1.432695 7.625976
20810 10.4050 -1.432093 7.641889
20820 10.4100 -1.431330 7.626120
20830 10.4150 -1.430455 7.607992
20840 10.4200 -1.429494 7.588074
20850 10.4250 -1.428597 7.569477
20860 10.4300 -1.427851 7.554017
20870 10.4350 -1.426926 7.534845
20880 10.4400 -1.426029 7.516298
20890 10.4450 -1.425174 7.498658
20900 10.4500 -1.424366 7.482026
20910 10.4550 -1.423471 7.493160
20920 10.4600 -1.422552 7.474332
20930 10.4650 -1.421420 7.451260
20940 10.4700 -1.420227 7.427074
20950 10.4750 -1.419002 7.402418
20960 10.4800 -1.417577 7.373944
20970 10.4850 -1.415823 7.339283
20980 10.4900 -1.413935 7.302475
20990 10.4950 -1.411983 7.265031
21000 10.5000 -1.410016 7.227981
21010 10.5050 -1.407909 7.220717
21020 10.5100 -1.405950 7.185212
21030 10.5150 -1.404137 7.152961
21040 10.5200 -1.402435 7.123210
21050 10.5250 -1.400805 7.095221
21060 10.5300 -1.399527 7.073607
21070 10.5350 -1.398302 7.053135
21080 10.5400 -1.397090 7.033154
21090 10.5450 -1.396028 7.015820
21100 10.5500 -1.395157 7.001761
21110 10.5550 -1.394314 7.022000
21120 10.5600 -1.393544 7.009744
21130 10.5650 -1.392974 7.000732
21140 10.5700 -1.392855 6.998857
21150 10.5750 -1.392833 6.998502
21160 10.5800 -1.392895 6.999482
21170 10.5850 -1.393218 7.004591
21180 10.5900 -1.393780 7.013497
21190 10.5950 -1.394354 7.022646
21200 10.6000 -1.394744 7.028879
21210 10.6050 -1.395067 7.067565
21220 10.6100 -1.395268 7.070788
21230 10.6150 -1.395422 7.073278
21240 10.6200 -1.395647 7.076894
21250 10.6250 -1.395805 7.079459
21260 10.6300 -1.395977 7.082232
21270 10.6350 -1.396203 7.085900
21280 10.6400 -1.396443 7.089792
21290 10.6450 -1.396729 7.094452
21300 10.6500 -1.396972 7.098414
21310 10.6550 -1.397159 7.134312
21320 10.6600 -1.397276 7.136223
21330 10.6650 -1.397028 7.132169
21340 10.6700 -1.396786 7.128226
21350 10.6750 -1.396248 7.119473
21360 10.6800 -1.395620 7.109310
21370 10.6850 -1.394909 7.097847
21380 10.6900 -1.394457 7.090595
21390 10.6950 -1.393955 7.082569
21400 10.7000 -1.393568 7.076398
21410 10.7050 -1.393119 7.102306
21420 10.7100 -1.392875 7.098441
21430 10.7150 -1.392535 7.093046
21440 10.7200 -1.392164 7.087172
21450 10.7250 -1.391923 7.083373
21460 10.7300 -1.391788 7.081250
21470 10.7350 -1.391565 7.077730
21480 10.7400 -1.391605 7.078356
21490 10.7450 -1.391794 7.081339
21500 10.7500 -1.391963 7.084008
21510 10.7550 -1.392048 7.118339
21520 10.7600 -1.392406 7.123995
21530 10.7650 -1.392783 7.129951
21540 10.7700 -1.393059 7.134330
21550 10.7750 -1.393171 7.136113
21560 10.7800 -1.393204 7.136625
21570 10.7850 -1.393327 7.138579
21580 10.7900 -1.393664 7.143947
21590 10.7950 -1.394187 7.152276
21600 10.8000 -1.394830 7.162552
21610 10.8050 -1.395608 7.207293
21620 10.8100 -1.396409 7.220200
21630 10.8150 -1.396928 7.228587
21640 10.8200 -1.397390 7.236058
21650 10.8250 -1.397796 7.242655
21660 10.8300 -1.398040 7.246626
21670 10.8350 -1.398045 7.246713
21680 10.8400 -1.398047 7.246742
21690 10.8450 -1.397779 7.242385
21700 10.8500 -1.397138 7.231979
21710 10.8550 -1.396440 7.252339
21720 10.8600 -1.395467 7.236671
21730 10.8650 -1.394279 7.217604
21740 10.8700 -1.392963 7.196586
21750 10.8750 -1.391637 7.175511
21760 10.8800 -1.390255 7.153612
21770 10.8850 -1.388761 7.130023
21780 10.8900 -1.387140 7.104488
21790 10.8950 -1.385453 7.077924
21800 10.9000 -1.383888 7.053298
21810 10.9050 -1.382317 7.061768
21820 10.9100 -1.380602 7.034578
21830 10.9150 -1.378922 7.007771
21840 10.9200 -1.377173 6.979637
21850 10.9250 -1.375628 6.954544
21860 10.9300 -1.373983 6.927534
21870 10.9350 -1.372129 6.896669
21880 10.9400 -1.370451 6.868310
21890 10.9450 -1.368637 6.837134
21900 10.9500 -1.366895 6.806619
21910 10.9550 -1.365097 6.810110
21920 10.9600 -1.363229 6.775892
21930 10.9650 -1.361263 6.738897
21940 10.9700 -1.359295 6.700809
21950 10.9750 -1.357396 6.662969
21960 10.9800 -1.355248 6.618782
21970 10.9850 -1.353004 6.570976
21980 10.9900 -1.350690 6.519794
21990 10.9950 -1.348331 6.465542
22000 11.0000 -1.345986 6.409442
22010 11.0050 -1.343689 6.392071
22020 11.0100 -1.341593 6.337818
22030 11.0150 -1.339815 6.290222
22040 11.0200 -1.338119 6.243470
22050 11.0250 -1.336598 6.200358
22060 11.0300 -1.335301 6.162716
22070 11.0350 -1.333885 6.120672
22080 11.0400 -1.332579 6.081058
22090 11.0450 -1.331304 6.041541
22100 11.0500 -1.329965 5.999176
22110 11.0550 -1.328908 6.009768
22120 11.0600 -1.328054 5.981802
22130 11.0650 -1.327339 5.958078
22140 11.0700 -1.326828 5.940987
22150 11.0750 -1.326474 5.929050
22160 11.0800 -1.326098 5.916315
22170 11.0850 -1.326069 5.915311
22180 11.0900 -1.326223 5.920544
22190 11.0950 -1.326428 5.927502
22200 11.1000 -1.326592 5.933035
22210 11.1050 -1.326685 5.981686
22220 11.1100 -1.326893 5.988653
22230 11.1150 -1.327005 5.992412
22240 11.1200 -1.327055 5.994112
22250 11.1250 -1.326700 5.982194
22260 11.1300 -1.326318 5.969262
22270 11.1350 -1.326104 5.962031
22280 11.1400 -1.325700 5.948255
22290 11.1450 -1.325492 5.941106
22300 11.1500 -1.325356 5.936432
22310 11.1550 -1.325246 5.978104
22320 11.1600 -1.325252 5.978337
22330 11.1650 -1.325458 5.985396
22340 11.1700 -1.325682 5.993086
22350 11.1750 -1.326015 6.004444
22360 11.1800 -1.326294 6.013919
22370 11.1850 -1.326526 6.021765
22380 11.1900 -1.326827 6.031901
22390 11.1950 -1.327249 6.046014
22400 11.2000 -1.327483 6.053787
22410 11.2050 -1.327596 6.101545
22420 11.2100 -1.327691 6.104671
22430 11.2150 -1.327588 6.101275
22440 11.2200 -1.327418 6.095636
22450 11.2250 -1.327158 6.086973
22460 11.2300 -1.326600 6.068250
22470 11.2350 -1.326055 6.049784
22480 11.2400 -1.325312 6.024349
22490 11.2450 -1.324577 5.998858
22500 11.2500 -1.323782 5.970950
22510 11.2550 -1.322827 5.981971
22520 11.2600 -1.321902 5.948500
22530 11.2650 -1.320750 5.906122
22540 11.2700 -1.319422 5.856346
22550 11.2750 -1.318021 5.802696
22560 11.2800 -1.316414 5.739746
22570 11.2850 -1.314519 5.663700
22580 11.2900 -1.312427 5.577370
22590 11.2950 -1.310294 5.486960
22600 11.3000 -1.307956 5.385068
22610 11.3050 -1.305549 5.330308
22620 11.3100 -1.303326 5.228138
22630 11.3150 -1.301139 5.125329
22640 11.3200 -1.299005 5.022894
22650 11.3250 -1.296835 4.916774
22660 11.3300 -1.294765 4.813767
22670 11.3350 -1.292918 4.720555
22680 11.3400 -1.291313 4.638644
22690 11.3450 -1.290150 4.578757
22700 11.3500 -1.289049 4.521687
22710 11.3550 -1.288369 4.553769
22720 11.3600 -1.288044 4.536805
22730 11.3650 -1.288205 4.545180
22740 11.3700 -1.288813 4.576892
22750 11.3750 -1.289749 4.625489
22760 11.3800 -1.290898 4.684763
22770 11.3850 -1.292273 4.755124
22780 11.3900 -1.293829 4.833904
22790 11.3950 -1.295251 4.905114
22800 11.4000 -1.296888 4.986063
22810 11.4050 -1.298700 5.133633
22820 11.4100 -1.300467 5.218181
22830 11.4150 -1.302150 5.297314
22840 11.4200 -1.303672 5.367636
22850 11.4250 -1.304752 5.416770
22860 11.4300 -1.305378 5.444996
22870 11.4350 -1.305558 5.453069
22880 11.4400 -1.305249 5.439207
22890 11.4450 -1.304691 5.414045
22900 11.4500 -1.303795 5.373247
22910 11.4550 -1.302627 5.372705
22920 11.4600 -1.301285 5.309970
22930 11.4650 -1.299662 5.232880
22940 11.4700 -1.297809 5.143226
22950 11.4750 -1.295825 5.045435
22960 11.4800 -1.293747 4.941099
22970 11.4850 -1.291348 4.818381
22980 11.4900 -1.288896 4.690677
22990 11.4950 -1.286416 4.559418
23000 11.5000 -1.283930 4.425988
23010 11.5050 -1.281536 4.365258
23020 11.5100 -1.279106 4.231785
23030 11.5150 -1.276800 4.104132
23040 11.5200 -1.274576 3.980260
23050 11.5250 -1.272573 3.868248
23060 11.5300 -1.270856 3.771981
23070 11.5350 -1.269315 3.685594
23080 11.5400 -1.268111 3.618035
23090 11.5450 -1.267160 3.564715
23100 11.5500 -1.266335 3.518499
23110 11.5550 -1.265761 3.575758
23120 11.5600 -1.265439 3.557734
23130 11.5650 -1.265186 3.543576
23140 11.5700 -1.265249 3.547129
23150 11.5750 -1.265542 3.563514
23160 11.5800 -1.265961 3.586934
23170 11.5850 -1.266490 3.616594
23180 11.5900 -1.267209 3.656870
23190 11.5950 -1.268093 3.706345
23200 11.6000 -1.269001 3.757183
23210 11.6050 -1.269926 3.892606
23220 11.6100 -1.270748 3.938509
23230 11.6150 -1.271534 3.982427
23240 11.6200 -1.272404 4.030889
23250 11.6250 -1.273221 4.076326
23260 11.6300 -1.273975 4.118174
23270 11.6350 -1.274548 4.149917
23280 11.6400 -1.275099 4.180418
23290 11.6450 -1.275642 4.210426
23300 11.6500 -1.275868 4.222887
23310 11.6550 -1.276087 4.308337
23320 11.6600 -1.276399 4.325508
23330 11.6650 -1.276895 4.352761
23340 11.6700 -1.277463 4.383900
23350 11.6750 -1.278026 4.414681
23360 11.6800 -1.278460 4.438341
23370 11.6850 -1.278910 4.462791
23380 11.6900 -1.279504 4.495046
23390 11.6950 -1.280107 4.527649
23400 11.7000 -1.280649 4.556886
23410 11.7050 -1.281005 4.642875
23420 11.7100 -1.281405 4.664373
23430 11.7150 -1.281817 4.686383
23440 11.7200 -1.282207 4.707200
23450 11.7250 -1.282426 4.718857
23460 11.7300 -1.282475 4.721439
23470 11.7350 -1.282456 4.720471
23480 11.7400 -1.282410 4.717993
23490 11.7450 -1.282205 4.707113
23500 11.7500 -1.281968 4.694448
23510 11.7550 -1.281792 4.749383
23520 11.7600 -1.281582 4.738175
23530 11.7650 -1.281400 4.728415
23540 11.7700 -1.281451 4.731144
23550 11.7750 -1.281582 4.738132
23560 11.7800 -1.282016 4.761361
23570 11.7850 -1.282705 4.798027
23580 11.7900 -1.283544 4.842384
23590 11.7950 -1.284481 4.891607
23600 11.8000 -1.285615 4.950698
23610 11.8050 -1.286844 5.073913
23620 11.8100 -1.288066 5.136155
23630 11.8150 -1.289188 5.192663
23640 11.8200 -1.290551 5.260369
23650 11.8250 -1.292193 5.340596
23660 11.8300 -1.293856 5.420284
23670 11.8350 -1.295435 5.494480
23680 11.8400 -1.296902 5.562004
23690 11.8450 -1.298252 5.622986
23700 11.8500 -1.299227 5.666311
23710 11.8550 -1.300064 5.752043
23720 11.8600 -1.300869 5.786905
23730 11.8650 -1.301751 5.824591
23740 11.8700 -1.302539 5.857827
23750 11.8750 -1.303186 5.884814
23760 11.8800 -1.303657 5.904253
23770 11.8850 -1.303832 5.911435
23780 11.8900 -1.303972 5.917167
23790 11.8950 -1.304046 5.920187
23800 11.9000 -1.303908 5.914535
23810 11.9050 -1.303691 5.951401
23820 11.9100 -1.303427 5.940493
23830 11.9150 -1.303260 5.933606
23840 11.9200 -1.303077 5.926027
23850 11.9250 -1.302679 5.909421
23860 11.9300 -1.302238 5.890923
23870 11.9350 -1.301797 5.872260
23880 11.9400 -1.301478 5.858673
23890 11.9450 -1.301217 5.847518
23900 11.9500 -1.300954 5.836245
23910 11.9550 -1.300564 5.866137
23920 11.9600 -1.300383 5.858296
23930 11.9650 -1.300038 5.843295
23940 11.9700 -1.299440 5.817043
23950 11.9750 -1.298819 5.789527
23960 11.9800 -1.298191 5.761388
23970 11.9850 -1.297541 5.732018
23980 11.9900 -1.296917 5.703546
23990 11.9950 -1.296217 5.671301
24000 12.0000 -1.295843 5.653955
24010 12.0050 -1.295716 5.697249
24020 12.0100 -1.295649 5.694085
24030 12.0150 -1.295691 5.696049
24040 12.0200 -1.295730 5.697902
24050 12.0250 -1.295940 5.707684
24060 12.0300 -1.296373 5.727735
24070 12.0350 -1.296825 5.748516
24080 12.0400 -1.297504 5.779533
24090 12.0450 -1.298186 5.810319
24100 12.0500 -1.298965 5.845113
24110 12.0550 -1.299834 5.930030
24120 12.0600 -1.300898 5.976134
24130 12.0650 -1.301929 6.020008
24140 12.0700 -1.302812 6.056937
24150 12.0750 -1.303761 6.095936
24160 12.0800 -1.304844 6.139649
24170 12.0850 -1.305762 6.175974
24180 12.0900 -1.306683 6.211753
24190 12.0950 -1.307792 6.253995
24200 12.1000 -1.308974 6.297929
24210 12.1050 -1.310138 6.381195
24220 12.1100 -1.311083 6.414671
24230 12.1150 -1.311873 6.442085
24240 12.1200 -1.312448 6.461712
24250 12.1250 -1.312949 6.478613
24260 12.1300 -1.313538 6.498214
24270 12.1350 -1.314212 6.520317
24280 12.1400 -1.314783 6.538739
24290 12.1450 -1.315235 6.553171
24300 12.1500 -1.315584 6.564183
24310 12.1550 -1.315734 6.607014
24320 12.1600 -1.315369 6.595537
24330 12.1650 -1.315036 6.584977
24340 12.1700 -1.314721 6.574917
24350 12.1750 -1.314524 6.568574
24360 12.1800 -1.314125 6.555616
24370 12.1850 -1.313736 6.542872
24380 12.1900 -1.313360 6.530412
24390 12.1950 -1.312833 6.512800
24400 12.2000 -1.311946 6.482641
24410 12.2050 -1.310946 6.486835
24420 12.2100 -1.309701 6.442374
24430 12.2150 -1.308343 6.392368
24440 12.2200 -1.306907 6.337807
24450 12.2250 -1.305568 6.285438
24460 12.2300 -1.304223 6.231332
24470 12.2350 -1.303152 6.187191
24480 12.2400 -1.302221 6.148078
24490 12.2450 -1.301243 6.106237
24500 12.2500 -1.300164 6.059190
24510 12.2550 -1.298922 6.047817
24520 12.2600 -1.297752 5.994627
24530 12.2650 -1.296762 5.948759
24540 12.2700 -1.296156 5.920299
24550 12.2750 -1.295773 5.902179
24560 12.2800 -1.295443 5.886473
24570 12.2850 -1.295395 5.884176
24580 12.2900 -1.295615 5.894668
24590 12.2950 -1.296009 5.913372
24600 12.3000 -1.296375 5.930612
24610 12.3050 -1.297116 6.010757
24620 12.3100 -1.298199 6.060591
24630 12.3150 -1.299565 6.122048
24640 12.3200 -1.301092 6.188968
24650 12.3250 -1.302690 6.256911
24660 12.3300 -1.304326 6.324270
24670 12.3350 -1.306110 6.395136
24680 12.3400 -1.307849 6.461559
24690 12.3450 -1.309638 6.527196
24700 12.3500 -1.311439 6.590447
24710 12.3550 -1.313256 6.689264
24720 12.3600 -1.314999 6.745043
24730 12.3650 -1.316783 6.799369
24740 12.3700 -1.318660 6.853567
24750 12.3750 -1.320469 6.902951
24760 12.3800 -1.322292 6.949921
24770 12.3850 -1.324068 6.993047
24780 12.3900 -1.325509 7.026165
24790 12.3950 -1.326794 7.054298
24800 12.4000 -1.327802 7.075461
24810 12.4050 -1.328576 7.124250
24820 12.4100 -1.328905 7.130791
24830 12.4150 -1.329088 7.134377
24840 12.4200 -1.329095 7.134516
24850 12.4250 -1.329115 7.134907
24860 12.4300 -1.328991 7.132488
24870 12.4350 -1.328667 7.126068
24880 12.4400 -1.328234 7.117355
24890 12.4450 -1.327527 7.102839
24900 12.4500 -1.326609 7.083378
24910 12.4550 -1.325588 7.093947
24920 12.4600 -1.324666 7.072964
24930 12.4650 -1.324022 7.057882
24940 12.4700 -1.323493 7.045247
24950 12.4750 -1.323283 7.040164
24960 12.4800 -1.323523 7.045967
24970 12.4850 -1.324092 7.059545
24980 12.4900 -1.325070 7.082245
24990 12.4950 -1.326163 7.106678
25000 12.5000 -1.327214 7.129258
25010 12.5050 -1.328277 7.183753
25020 12.5100 -1.329378 7.205513
25030 12.5150 -1.330477 7.226281
25040 12.5200 -1.331725 7.248735
25050 12.5250 -1.333151 7.272961
25060 12.5300 -1.334692 7.297442
25070 12.5350 -1.336364 7.322106
25080 12.5400 -1.337802 7.341774
25090 12.5450 -1.339021 7.357395
25100 12.5500 -1.340281 7.372534
25110 12.5550 -1.341581 7.417543
25120 12.5600 -1.342815 7.430437
25130 12.5650 -1.344009 7.442071
25140 12.5700 -1.345451 7.455068
25150 12.5750 -1.346933 7.467276
25160 12.5800 -1.348343 7.477862
25170 12.5850 -1.349676 7.486999
25180 12.5900 -1.350983 7.495194
25190 12.5950 -1.352433 7.503442
25200 12.6000 -1.353698 7.509960
25210 12.6050 -1.354599 7.543525
25220 12.6100 -1.355471 7.547389
25230 12.6150 -1.356364 7.551080
25240 12.6200 -1.356979 7.553473
25250 12.6250 -1.357427 7.555139
25260 12.6300 -1.357795 7.556462
25270 12.6350 -1.357775 7.556393
25280 12.6400 -1.357561 7.555627
25290 12.6450 -1.357283 7.554609
25300 12.6500 -1.357016 7.553612
25310 12.6550 -1.356395 7.580128
25320 12.6600 -1.355393 7.575966
25330 12.6650 -1.354376 7.571378
25340 12.6700 -1.353434 7.566784
25350 12.6750 -1.352349 7.561059
25360 12.6800 -1.351240 7.554697
25370 12.6850 -1.350105 7.547627
25380 12.6900 -1.349079 7.540730
25390 12.6950 -1.348233 7.534662
25400 12.7000 -1.347746 7.531002
25410 12.7050 -1.347297 7.556638
25420 12.7100 -1.346967 7.554010
25430 12.7150 -1.346952 7.553891
25440 12.7200 -1.347182 7.555729
25450 12.7250 -1.347774 7.560331
25460 12.7300 -1.348828 7.568067
25470 12.7350 -1.350265 7.577735
25480 12.7400 -1.352133 7.588859
25490 12.7450 -1.354222 7.599518
25500 12.7500 -1.356668 7.609853
25510 12.7550 -1.359339 7.647265
25520 12.7600 -1.362264 7.654647
25530 12.7650 -1.365551 7.660554
25540 12.7700 -1.368936 7.664718
25550 12.7750 -1.372337 7.667691
25560 12.7800 -1.375963 7.670341
25570 12.7850 -1.379381 7.673078
25580 12.7900 -1.382581 7.676433
25590 12.7950 -1.385502 7.680584
25600 12.8000 -1.388062 7.685345
25610 12.8050 -1.390128 7.717952
25620 12.8100 -1.391572 7.721764
25630 12.8150 -1.392436 7.724259
25640 12.8200 -1.392798 7.725354
25650 12.8250 -1.392898 7.725662
25660 12.8300 -1.392508 7.724475
25670 12.8350 -1.391614 7.721882
25680 12.8400 -1.390330 7.718461
25690 12.8450 -1.388557 7.714285
25700 12.8500 -1.386529 7.710223
25710 12.8550 -1.384198 7.734033
25720 12.8600 -1.381607 7.730502
25730 12.8650 -1.378730 7.727258
25740 12.8700 -1.375863 7.724395
25750 12.8750 -1.373005 7.721532
25760 12.8800 -1.370028 7.718113
25770 12.8850 -1.367129 7.713913
25780 12.8900 -1.364711 7.709421
25790 12.8950 -1.362605 7.704549
25800 12.9000 -1.360728 7.699301
25810 12.9050 -1.359077 7.721627
25820 12.9100 -1.357783 7.716745
25830 12.9150 -1.356896 7.713060
25840 12.9200 -1.356493 7.711291
25850 12.9250 -1.356594 7.711737
25860 12.9300 -1.357028 7.713625
25870 12.9350 -1.357703 7.716422
25880 12.9400 -1.358820 7.720703
25890 12.9450 -1.360345 7.725885
25900 12.9500 -1.362148 7.731118
25910 12.9550 -1.364181 7.763495
25920 12.9600 -1.366808 7.768349
25930 12.9650 -1.369822 7.772369
25940 12.9700 -1.373091 7.775433
25950 12.9750 -1.376649 7.777956
25960 12.9800 -1.380627 7.780699
25970 12.9850 -1.384788 7.784525
25980 12.9900 -1.388829 7.790131
25990 12.9950 -1.392727 7.798072
26000 13.0000 -1.396403 7.808397
26010 13.0050 -1.399791 7.847582
26020 13.0100 -1.402921 7.861381
26030 13.0150 -1.405635 7.875375
26040 13.0200 -1.407815 7.888010
26050 13.0250 -1.409484 7.898530
26060 13.0300 -1.410734 7.906891
26070 13.0350 -1.411423 7.911673
26080 13.0400 -1.411216 7.910219
26090 13.0450 -1.410209 7.903333
26100 13.0500 -1.408519 7.892358
26110 13.0550 -1.406358 7.905715
26120 13.0600 -1.403662 7.891199
26130 13.0650 -1.400457 7.876285
26140 13.0700 -1.396966 7.862804
26150 13.0750 -1.393213 7.851260
26160 13.0800 -1.389125 7.841698
26170 13.0850 -1.384969 7.834522
26180 13.0900 -1.380677 7.828909
26190 13.0950 -1.376309 7.823960
26200 13.1000 -1.372115 7.818748
26210 13.1050 -1.368249 7.839241
26220 13.1100 -1.364785 7.831321
26230 13.1150 -1.361480 7.821079
26240 13.1200 -1.358479 7.808922
26250 13.1250 -1.355982 7.796353
26260 13.1300 -1.354200 7.785841
26270 13.1350 -1.353006 7.778016
26280 13.1400 -1.352343 7.773391
26290 13.1450 -1.352257 7.772773
26300 13.1500 -1.352745 7.776220
26310 13.1550 -1.353796 7.810445
26320 13.1600 -1.355497 7.820764
26330 13.1650 -1.357693 7.832273
26340 13.1700 -1.360504 7.844306
26350 13.1750 -1.363804 7.855110
26360 13.1800 -1.367587 7.863924
26370 13.1850 -1.371689 7.870303
26380 13.1900 -1.375983 7.874765
26390 13.1950 -1.380584 7.878555
26400 13.2000 -1.385324 7.882975
26410 13.2050 -1.390101 7.915727
26420 13.2100 -1.394798 7.925015
26430 13.2150 -1.399344 7.937813
26440 13.2200 -1.403600 7.953799
26450 13.2250 -1.407331 7.971284
26460 13.2300 -1.410656 7.989704
26470 13.2350 -1.413489 8.007499
26480 13.2400 -1.415716 8.022812
26490 13.2450 -1.417289 8.034303
26500 13.2500 -1.418160 8.040896
26510 13.2550 -1.418333 8.067472
26520 13.2600 -1.417845 8.063739
26530 13.2650 -1.416843 8.056220
26540 13.2700 -1.415326 8.045248
26550 13.2750 -1.413335 8.031610
26560 13.2800 -1.410940 8.016384
26570 13.2850 -1.408178 8.000469
26580 13.2900 -1.405262 7.985594
26590 13.2950 -1.402081 7.971592
26600 13.3000 -1.398419 7.958217
26610 13.3050 -1.394527 7.972707
26620 13.3100 -1.390437 7.963429
26630 13.3150 -1.386431 7.956362
26640 13.3200 -1.382391 7.950513
26650 13.3250 -1.378403 7.945164
26660 13.3300 -1.374626 7.939648
26670 13.3350 -1.371211 7.933564
26680 13.3400 -1.368146 7.926643
26690 13.3450 -1.365698 7.919778
26700 13.3500 -1.363813 7.913499
26710 13.3550 -1.362498 7.934682
26720 13.3600 -1.361813 7.931878
26730 13.3650 -1.361812 7.931877
26740 13.3700 -1.362504 7.934706
26750 13.3750 -1.363993 7.940295
26760 13.3800 -1.366025 7.946906
26770 13.3850 -1.368389 7.953303
26780 13.3900 -1.371381 7.959761
26790 13.3950 -1.375046 7.965816
26800 13.4000 -1.379436 7.971471
26810 13.4050 -1.384203 8.002721
26820 13.4100 -1.389131 8.009208
26830 13.4150 -1.394000 8.017839
26840 13.4200 -1.398842 8.029786
26850 13.4250 -1.403600 8.045645
26860 13.4300 -1.408051 8.064673
26870 13.4350 -1.412273 8.086650
26880 13.4400 -1.416178 8.110367
26890 13.4450 -1.419687 8.134299
26900 13.4500 -1.422666 8.156371
26910 13.4550 -1.425067 8.199600
26920 13.4600 -1.426920 8.214593
26930 13.4650 -1.428133 8.224609
26940 13.4700 -1.428705 8.229377
26950 13.4750 -1.428506 8.227715
26960 13.4800 -1.427515 8.219490
26970 13.4850 -1.425961 8.206785
26980 13.4900 -1.424007 8.191203
26990 13.4950 -1.421695 8.173446
27000 13.5000 -1.419015 8.153911
27010 13.5050 -1.416056 8.158220
27020 13.5100 -1.412675 8.137162
27030 13.5150 -1.409080 8.117209
27040 13.5200 -1.405496 8.099859
27050 13.5250 -1.401804 8.084591
27060 13.5300 -1.398243 8.072223
27070 13.5350 -1.394712 8.061998
27080 13.5400 -1.391742 8.054743
27090 13.5450 -1.389384 8.049692
27100 13.5500 -1.387465 8.045947
27110 13.5550 -1.385822 8.068130
27120 13.5600 -1.384835 8.066364
27130 13.5650 -1.384344 8.065496
27140 13.5700 -1.384370 8.065541
27150 13.5750 -1.384913 8.066503
27160 13.5800 -1.386075 8.068588
27170 13.5850 -1.387727 8.071649
27180 13.5900 -1.389917 8.075962
27190 13.5950 -1.392715 8.082067
27200 13.6000 -1.395928 8.090156
27210 13.6050 -1.399381 8.125276
27220 13.6100 -1.403047 8.138101
27230 13.6150 -1.406917 8.154107
27240 13.6200 -1.410884 8.173301
27250 13.6250 -1.414734 8.194651
27260 13.6300 -1.418315 8.216820
27270 13.6350 -1.421695 8.239614
27280 13.6400 -1.424813 8.262008
27290 13.6450 -1.427329 8.280860
27300 13.6500 -1.429424 8.296952
27310 13.6550 -1.430955 8.332361
27320 13.6600 -1.431983 8.340401
27330 13.6650 -1.432501 8.344449
27340 13.6700 -1.432354 8.343297
27350 13.6750 -1.431705 8.338223
27360 13.6800 -1.430392 8.327975
27370 13.6850 -1.428356 8.312204
27380 13.6900 -1.425844 8.293101
27390 13.6950 -1.423100 8.272868
27400 13.7000 -1.420050 8.251399
27410 13.7050 -1.416895 8.254302
27420 13.7100 -1.413509 8.233504
27430 13.7150 -1.410107 8.214457
27440 13.7200 -1.406760 8.197581
27450 13.7250 -1.403466 8.182768
27460 13.7300 -1.400361 8.170365
27470 13.7350 -1.397338 8.159619
27480 13.7400 -1.394497 8.150576
27490 13.7450 -1.391845 8.142917
27500 13.7500 -1.389342 8.136229
27510 13.7550 -1.387028 8.154934
27520 13.7600 -1.385103 8.150158
27530 13.7650 -1.383507 8.146211
27540 13.7700 -1.382160 8.142850
27550 13.7750 -1.381406 8.140945
27560 13.7800 -1.381254 8.140558
27570 13.7850 -1.381561 8.141338
27580 13.7900 -1.382257 8.143094
27590 13.7950 -1.383503 8.146201
27600 13.8000 -1.385355 8.150782
27610 13.8050 -1.387678 8.181017
27620 13.8100 -1.390606 8.188464
27630 13.8150 -1.393867 8.197300
27640 13.8200 -1.397304 8.207563
27650 13.8250 -1.400906 8.219691
27660 13.8300 -1.404374 8.232940
27670 13.8350 -1.407813 8.247780
27680 13.8400 -1.411168 8.263964
27690 13.8450 -1.414366 8.280969
27700 13.8500 -1.417346 8.298160
27710 13.8550 -1.419950 8.337619
27720 13.8600 -1.422019 8.350852
27730 13.8650 -1.423609 8.361310
27740 13.8700 -1.424828 8.369470
27750 13.8750 -1.425693 8.375329
27760 13.8800 -1.425978 8.377274
27770 13.8850 -1.425674 8.375200
27780 13.8900 -1.424759 8.369003
27790 13.8950 -1.423579 8.361109
27800 13.9000 -1.422105 8.351413
27810 13.9050 -1.420272 8.362777
27820 13.9100 -1.418116 8.349356
27830 13.9150 -1.415729 8.335110
27840 13.9200 -1.413300 8.321335
27850 13.9250 -1.410628 8.307063
27860 13.9300 -1.407969 8.293812
27870 13.9350 -1.405587 8.282740
27880 13.9400 -1.403280 8.272720
27890 13.9450 -1.401019 8.263541
27900 13.9500 -1.398947 8.255645
27910 13.9550 -1.397031 8.272498
27920 13.9600 -1.395327 8.266602
27930 13.9650 -1.393989 8.262121
27940 13.9700 -1.392800 8.258234
27950 13.9750 -1.391981 8.255599
27960 13.9800 -1.391343 8.253571
27970 13.9850 -1.391027 8.252571
27980 13.9900 -1.390924 8.252245
27990 13.9950 -1.391080 8.252740
28000 14.0000 -1.391834 8.255132
28010 14.0050 -1.393065 8.282863
28020 14.0100 -1.394739 8.288352
28030 14.0150 -1.396919 8.295756
28040 14.0200 -1.399341 8.304390
28050 14.0250 -1.402080 8.314778
28060 14.0300 -1.404879 8.326176
28070 14.0350 -1.407869 8.339308
28080 14.0400 -1.410881 8.353591
28090 14.0450 -1.413822 8.368558
28100 14.0500 -1.416611 8.383657
28110 14.0550 -1.419112 8.420805
28120 14.0600 -1.421639 8.435700
28130 14.0650 -1.424077 8.450498
28140 14.0700 -1.426092 8.462961
28150 14.0750 -1.427402 8.471142
28160 14.0800 -1.428301 8.476781
28170 14.0850 -1.428831 8.480105
28180 14.0900 -1.428832 8.480113
28190 14.0950 -1.428361 8.477155
28200 14.1000 -1.427350 8.470815
28210 14.1050 -1.425979 8.484636
28220 14.1100 -1.424194 8.473556
28230 14.1150 -1.422229 8.461517
28240 14.1200 -1.420101 8.448727
28250 14.1250 -1.417770 8.435084
28260 14.1300 -1.415273 8.420975
28270 14.1350 -1.412682 8.406945
28280 14.1400 -1.410102 8.393625
28290 14.1450 -1.407607 8.381392
28300 14.1500 -1.405139 8.369900
28310 14.1550 -1.402734 8.382263
28320 14.1600 -1.400610 8.373238
28330 14.1650 -1.398852 8.366011
28340 14.1700 -1.397123 8.359100
28350 14.1750 -1.395511 8.352799
28360 14.1800 -1.394160 8.347606
28370 14.1850 -1.393148 8.343763
28380 14.1900 -1.392359 8.340782
28390 14.1950 -1.391976 8.339344
28400 14.2000 -1.391931 8.339174
28410 14.2050 -1.392161 8.363258
28420 14.2100 -1.392765 8.365534
28430 14.2150 -1.393653 8.368885
28440 14.2200 -1.394729 8.372973
28450 14.2250 -1.396095 8.378210
28460 14.2300 -1.397670 8.384336
28470 14.2350 -1.399345 8.390985
28480 14.2400 -1.400880 8.397219
28490 14.2450 -1.402114 8.402339
28500 14.2500 -1.403487 8.408162
28510 14.2550 -1.404903 8.437080
28520 14.2600 -1.406374 8.443609
28530 14.2650 -1.407768 8.449938
28540 14.2700 -1.409143 8.456320
28550 14.2750 -1.410332 8.461958
28560 14.2800 -1.411327 8.466757
28570 14.2850 -1.411906 8.469581
28580 14.2900 -1.412008 8.470085
28590 14.2950 -1.411803 8.469076
28600 14.3000 -1.411168 8.465983
28610 14.3050 -1.410091 8.483215
28620 14.3100 -1.408688 8.476577
28630 14.3150 -1.407156 8.469483
28640 14.3200 -1.405473 8.461861
28650 14.3250 -1.403809 8.454499
28660 14.3300 -1.402215 8.447594
28670 14.3350 -1.400607 8.440763
28680 14.3400 -1.398845 8.433409
28690 14.3450 -1.396970 8.425713
28700 14.3500 -1.394994 8.417708
28710 14.3550 -1.393017 8.432452
28720 14.3600 -1.391367 8.425778
28730 14.3650 -1.389691 8.418942
28740 14.3700 -1.388092 8.412333
28750 14.3750 -1.386668 8.406341
28760 14.3800 -1.385581 8.401689
28770 14.3850 -1.384664 8.397696
28780 14.3900 -1.383815 8.393939
28790 14.3950 -1.383138 8.390901
28800 14.4000 -1.382858 8.389630
28810 14.4050 -1.382845 8.412470
28820 14.4100 -1.383134 8.413779
28830 14.4150 -1.383719 8.416405
28840 14.4200 -1.384550 8.420080
28850 14.4250 -1.385709 8.425099
28860 14.4300 -1.386809 8.429764
28870 14.4350 -1.387832 8.434031
28880 14.4400 -1.388924 8.438513
28890 14.4450 -1.390102 8.443284
28900 14.4500 -1.391345 8.448260
28910 14.4550 -1.392570 8.475637
28920 14.4600 -1.393915 8.480914
28930 14.4650 -1.395222 8.486011
28940 14.4700 -1.396241 8.489970
28950 14.4750 -1.397284 8.494023
28960 14.4800 -1.398298 8.497963
28970 14.4850 -1.399043 8.500863
28980 14.4900 -1.399576 8.502942
28990 14.4950 -1.400059 8.504829
29000 14.5000 -1.400567 8.506821
29010 14.5050 -1.401004 8.530696
29020 14.5100 -1.401327 8.531968
29030 14.5150 -1.401440 8.532409
29040 14.5200 -1.401544 8.532821
29050 14.5250 -1.401436 8.532396
29060 14.5300 -1.401293 8.531835
29070 14.5350 -1.401125 8.531172
29080 14.5400 -1.400824 8.529989
29090 14.5450 -1.400541 8.528877
29100 14.5500 -1.400232 8.527667
29110 14.5550 -1.399946 8.548576
29120 14.5600 -1.399829 8.548120
29130 14.5650 -1.399969 8.548667
29140 14.5700 -1.400457 8.550578
29150 14.5750 -1.401158 8.553329
29160 14.5800 -1.402102 8.557035
29170 14.5850 -1.403165 8.561218
29180 14.5900 -1.404122 8.564999
29190 14.5950 -1.405148 8.569071
29200 14.6000 -1.406204 8.573281
29210 14.6050 -1.407178 8.598935
29220 14.6100 -1.407982 8.602169
29230 14.6150 -1.408572 8.604552
29240 14.6200 -1.408967 8.606150
29250 14.6250 -1.409319 8.607575
29260 14.6300 -1.409670 8.609001
29270 14.6350 -1.410098 8.610741
29280 14.6400 -1.410457 8.612204
29290 14.6450 -1.410739 8.613356
29300 14.6500 -1.410866 8.613872
29310 14.6550 -1.410962 8.635773
29320 14.6600 -1.411188 8.636694
29330 14.6650 -1.411490 8.637931
29340 14.6700 -1.411704 8.638807
29350 14.6750 -1.411622 8.638472
29360 14.6800 -1.411366 8.637424
29370 14.6850 -1.410992 8.635893
29380 14.6900 -1.410552 8.634095
29390 14.6950 -1.409882 8.631364
29400 14.7000 -1.409144 8.628359
29410 14.7050 -1.408392 8.646720
29420 14.7100 -1.407375 8.642588
29430 14.7150 -1.406275 8.638118
29440 14.7200 -1.404863 8.632376
29450 14.7250 -1.403370 8.626286
29460 14.7300 -1.401837 8.620015
29470 14.7350 -1.400323 8.613780
29480 14.7400 -1.398971 8.608168
29490 14.7450 -1.398076 8.604421
29500 14.7500 -1.397355 8.601385
29510 14.7550 -1.396874 8.620929
29520 14.7600 -1.396609 8.619803
29530 14.7650 -1.396806 8.620643
29540 14.7700 -1.397426 8.623269
29550 14.7750 -1.398495 8.627752
29560 14.7800 -1.400042 8.634167
29570 14.7850 -1.401871 8.641644
29580 14.7900 -1.404128 8.650766
29590 14.7950 -1.406642 8.660821
29600 14.8000 -1.409439 8.671939
29610 14.8050 -1.412422 8.704875
29620 14.8100 -1.415750 8.717888
29630 14.8150 -1.419148 8.731015
29640 14.8200 -1.422476 8.743625
29650 14.8250 -1.425673 8.755379
29660 14.8300 -1.428648 8.765836
29670 14.8350 -1.431270 8.774516
29680 14.8400 -1.433518 8.781435
29690 14.8450 -1.435248 8.786353
29700 14.8500 -1.436602 8.789917
29710 14.8550 -1.437604 8.812844
29720 14.8600 -1.438063 8.813910
29730 14.8650 -1.437937 8.813621
29740 14.8700 -1.437250 8.811996
29750 14.8750 -1.435928 8.808649
29760 14.8800 -1.434175 8.803796
29770 14.8850 -1.432133 8.797627
29780 14.8900 -1.429919 8.790406
29790 14.8950 -1.427610 8.782395
29800 14.9000 -1.425160 8.773465
29810 14.9050 -1.422525 8.784025
29820 14.9100 -1.419667 8.772775
29830 14.9150 -1.416450 8.759742
29840 14.9200 -1.413155 8.746076
29850 14.9250 -1.410008 8.732769
29860 14.9300 -1.407107 8.720284
29870 14.9350 -1.404428 8.708540
29880 14.9400 -1.402034 8.697841
29890 14.9450 -1.400083 8.688946
29900 14.9500 -1.398225 8.680300
29910 14.9550 -1.396983 8.695517
29920 14.9600 -1.396095 8.691235
29930 14.9650 -1.395562 8.688636
29940 14.9700 -1.395622 8.688928
29950 14.9750 -1.396219 8.691835
29960 14.9800 -1.397326 8.697155
29970 14.9850 -1.398908 8.704607
29980 14.9900 -1.400811 8.713364
29990 14.9950 -1.403196 8.724066
30000 15.0000 -1.405923 8.735983
30010 15.0050 -1.408923 8.769506
30020 15.0100 -1.412129 8.782698
30030 15.0150 -1.415497 8.796116
30040 15.0200 -1.418724 8.808515
30050 15.0250 -1.421889 8.820178
30060 15.0300 -1.424849 8.830540
30070 15.0350 -1.427508 8.839296
30080 15.0400 -1.429924 8.846687
30090 15.0450 -1.431969 8.852445
30100 15.0500 -1.433580 8.856609
30110 15.0550 -1.434660 8.879283
30120 15.0600 -1.435267 8.880648
30130 15.0650 -1.435390 8.880918
30140 15.0700 -1.435090 8.880256
30150 15.0750 -1.434398 8.878674
30160 15.0800 -1.433347 8.876122
30170 15.0850 -1.431654 8.871672
30180 15.0900 -1.429369 8.865066
30190 15.0950 -1.426443 8.855752
30200 15.1000 -1.423008 8.843814
30210 15.1050 -1.419220 8.849769
30220 15.1100 -1.415108 8.833275
30230 15.1150 -1.410757 8.814783
30240 15.1200 -1.406270 8.794639
30250 15.1250 -1.401727 8.773048
30260 15.1300 -1.397283 8.750531
30270 15.1350 -1.393003 8.727233
30280 15.1400 -1.389315 8.705587
30290 15.1450 -1.386044 8.684910
30300 15.1500 -1.383269 8.666104
30310 15.1550 -1.380910 8.670238
30320 15.1600 -1.378869 8.654589
30330 15.1650 -1.377518 8.643729
30340 15.1700 -1.376704 8.636985
30350 15.1750 -1.376462 8.634953
30360 15.1800 -1.376968 8.639186
30370 15.1850 -1.378036 8.647943
30380 15.1900 -1.379671 8.660838
30390 15.1950 -1.381711 8.676150
30400 15.2000 -1.384280 8.694290
30410 15.2050 -1.387395 8.735741
30420 15.2100 -1.390686 8.755640
30430 15.2150 -1.394166 8.775061
30440 15.2200 -1.397990 8.794767
30450 15.2250 -1.401818 8.813049
30460 15.2300 -1.405526 8.829601
30470 15.2350 -1.409378 8.845743
30480 15.2400 -1.413352 8.861378
30490 15.2450 -1.416986 8.874795
30500 15.2500 -1.420320 8.886326
30510 15.2550 -1.423595 8.916720
30520 15.2600 -1.426647 8.925544
30530 15.2650 -1.429225 8.932187
30540 15.2700 -1.431392 8.937108
30550 15.2750 -1.433270 8.940814
30560 15.2800 -1.434390 8.942754
30570 15.2850 -1.434817 8.943436
30580 15.2900 -1.434720 8.943283
30590 15.2950 -1.433905 8.941941
30600 15.3000 -1.432576 8.939508
30610 15.3050 -1.430658 8.955135
30620 15.3100 -1.428130 8.949023
30630 15.3150 -1.425203 8.940913
30640 15.3200 -1.421886 8.930568
30650 15.3250 -1.418244 8.917996
30660 15.3300 -1.414340 8.903268
30670 15.3350 -1.410214 8.886407
30680 15.3400 -1.406122 8.868376
30690 15.3450 -1.402150 8.849547
30700 15.3500 -1.398377 8.830313
30710 15.3550 -1.394853 8.831186
30720 15.3600 -1.391899 8.813720
30730 15.3650 -1.389345 8.797601
30740 15.3700 -1.387154 8.782953
30750 15.3750 -1.385482 8.771210
30760 15.3800 -1.384361 8.763054
30770 15.3850 -1.383594 8.757335
30780 15.3900 -1.383378 8.755704
30790 15.3950 -1.383470 8.756402
30800 15.4000 -1.384053 8.760770
30810 15.4050 -1.385061 8.788815
30820 15.4100 -1.386794 8.801073
30830 15.4150 -1.389195 8.817157
30840 15.4200 -1.391977 8.834580
30850 15.4250 -1.394986 8.852098
30860 15.4300 -1.398137 8.869122
30870 15.4350 -1.401407 8.885511
30880 15.4400 -1.404869 8.901583
30890 15.4450 -1.408300 8.916336
30900 15.4500 -1.411625 8.929595
30910 15.4550 -1.414748 8.960799
30920 15.4600 -1.417758 8.970996
30930 15.4650 -1.420463 8.979376
30940 15.4700 -1.422926 8.986329
30950 15.4750 -1.425032 8.991717
30960 15.4800 -1.426597 8.995365
30970 15.4850 -1.427912 8.998177
30980 15.4900 -1.428659 8.999668
30990 15.4950 -1.428896 9.000124
31000 15.5000 -1.428667 8.999684
31010 15.5050 -1.427831 9.017316
31020 15.5100 -1.426241 9.013847
31030 15.5150 -1.424088 9.008594
31040 15.5200 -1.421450 9.001350
31050 15.5250 -1.418283 8.991577
31060 15.5300 -1.414487 8.978416
31070 15.5350 -1.410343 8.962338
31080 15.5400 -1.405918 8.943182
31090 15.5450 -1.401164 8.920197
31100 15.5500 -1.396327 8.893955
31110 15.5550 -1.391583 8.884818
31120 15.5600 -1.387214 8.854690
31130 15.5650 -1.383294 8.824490
31140 15.5700 -1.379869 8.795334
31150 15.5750 -1.376634 8.765166
31160 15.5800 -1.373805 8.736494
31170 15.5850 -1.371684 8.713467
31180 15.5900 -1.370087 8.695222
31190 15.5950 -1.369223 8.685007
31200 15.6000 -1.369144 8.684052
31210 15.6050 -1.369646 8.711117
31220 15.6100 -1.370768 8.724175
31230 15.6150 -1.372542 8.743980
31240 15.6200 -1.374877 8.768569
31250 15.6250 -1.377602 8.795270
31260 15.6300 -1.380861 8.824580
31270 15.6350 -1.384304 8.852720
31280 15.6400 -1.387972 8.879813
31290 15.6450 -1.391599 8.903987
31300 15.6500 -1.395066 8.924909
31310 15.6550 -1.398172 8.961694
31320 15.6600 -1.400997 8.975930
31330 15.6650 -1.403516 8.987662
31340 15.6700 -1.405791 8.997523
31350 15.6750 -1.407885 9.006014
31360 15.6800 -1.409770 9.013196
31370 15.6850 -1.411452 9.019237
31380 15.6900 -1.412688 9.023464
31390 15.6950 -1.413582 9.026410
31400 15.7000 -1.414202 9.028396
31410 15.7050 -1.414496 9.048478
31420 15.7100 -1.414266 9.047755
31430 15.7150 -1.413782 9.046208
31440 15.7200 -1.412785 9.042933
31450 15.7250 -1.411221 9.037546
31460 15.7300 -1.409218 9.030194
31470 15.7350 -1.406828 9.020744
31480 15.7400 -1.403959 9.008392
31490 15.7450 -1.400882 8.993859
31500 15.7500 -1.397644 8.977030
31510 15.7550 -1.394456 8.978191
31520 15.7600 -1.391065 8.956704
31530 15.7650 -1.387611 8.932439
31540 15.7700 -1.384167 8.905634
31550 15.7750 -1.381069 8.879089
31560 15.7800 -1.378468 8.854872
31570 15.7850 -1.376423 8.834517
31580 15.7900 -1.374588 8.815214
31590 15.7950 -1.372919 8.796751
31600 15.8000 -1.371670 8.782358
31610 15.8050 -1.370856 8.793215
31620 15.8100 -1.370540 8.789408
31630 15.8150 -1.370632 8.790522
31640 15.8200 -1.371317 8.798716
31650 15.8250 -1.372375 8.811060
31660 15.8300 -1.373968 8.828954
31670 15.8350 -1.375824 8.848769
31680 15.8400 -1.377667 8.867415
31690 15.8450 -1.379560 8.885519
31700 15.8500 -1.381558 8.903555
31710 15.8550 -1.383728 8.941759
31720 15.8600 -1.385944 8.959261
31730 15.8650 -1.388211 8.975920
31740 15.8700 -1.390352 8.990558
31750 15.8750 -1.392401 9.003636
31760 15.8800 -1.394033 9.013420
31770 15.8850 -1.395332 9.020831
31780 15.8900 -1.396328 9.026290
31790 15.8950 -1.396955 9.029631
31800 15.9000 -1.397288 9.031378
31810 15.9050 -1.397321 9.050684
31820 15.9100 -1.397224 9.050182
31830 15.9150 -1.396618 9.046981
31840 15.9200 -1.395680 9.041889
31850 15.9250 -1.394596 9.035783
31860 15.9300 -1.393249 9.027861
31870 15.9350 -1.391452 9.016696
31880 15.9400 -1.389142 9.001299
31890 15.9450 -1.386306 8.980686
31900 15.9500 -1.383298 8.956622
31910 15.9550 -1.380046 8.947366
31920 15.9600 -1.376738 8.914846
31930 15.9650 -1.373566 8.880369
31940 15.9700 -1.370477 8.843475
31950 15.9750 -1.367597 8.805928
31960 15.9800 -1.364674 8.764527
31970 15.9850 -1.361684 8.718516
31980 15.9900 -1.358888 8.671959
31990 15.9950 -1.356403 8.627569
32000 16.0000 -1.354204 8.585805
32010 16.0050 -1.352446 8.572333
32020 16.0100 -1.351303 8.548618
32030 16.0150 -1.350688 8.535583
32040 16.0200 -1.350327 8.527816
32050 16.0250 -1.350305 8.527335
32060 16.0300 -1.350673 8.535262
32070 16.0350 -1.351480 8.552344
32080 16.0400 -1.352352 8.570414
32090 16.0450 -1.353340 8.590406
32100 16.0500 -1.354559 8.614394
32110 16.0550 -1.355981 8.662891
32120 16.0600 -1.357485 8.690356
32130 16.0650 -1.359022 8.717273
32140 16.0700 -1.360766 8.746455
32150 16.0750 -1.362647 8.776346
32160 16.0800 -1.364626 8.806095
32170 16.0850 -1.366483 8.832492
32180 16.0900 -1.368307 8.857020
32190 16.0950 -1.370002 8.878625
32200 16.1000 -1.371520 8.897034
32210 16.1050 -1.372951 8.933451
32220 16.1100 -1.374146 8.946695
32230 16.1150 -1.374967 8.955504
32240 16.1200 -1.375590 8.962023
32250 16.1250 -1.376038 8.966621
32260 16.1300 -1.376224 8.968510
32270 16.1350 -1.376016 8.966397
32280 16.1400 -1.375471 8.960789
32290 16.1450 -1.374745 8.953143
32300 16.1500 -1.374018 8.945310
32310 16.1550 -1.373262 8.956558
32320 16.1600 -1.372262 8.945164
32330 16.1650 -1.371087 8.931303
32340 16.1700 -1.369760 8.914994
32350 16.1750 -1.368065 8.893120
32360 16.1800 -1.366226 8.868039
32370 16.1850 -1.364299 8.840196
32380 16.1900 -1.362248 8.808730
32390 16.1950 -1.360187 8.775160
32400 16.2000 -1.358076 8.738634
32410 16.2050 -1.355821 8.717923
32420 16.2100 -1.353605 8.674550
32430 16.2150 -1.351351 8.627689
32440 16.2200 -1.349140 8.578930
32450 16.2250 -1.347095 8.531311
32460 16.2300 -1.345271 8.486749
32470 16.2350 -1.343671 8.445947
32480 16.2400 -1.342499 8.415087
32490 16.2450 -1.341461 8.387002
32500 16.2500 -1.340522 8.361007
32510 16.2550 -1.339769 8.362819
32520 16.2600 -1.339224 8.347208
32530 16.2650 -1.338898 8.337767
32540 16.2700 -1.338705 8.332154
32550 16.2750 -1.338705 8.332143
32560 16.2800 -1.338999 8.340710
32570 16.2850 -1.339589 8.357691
32580 16.2900 -1.340248 8.376382
32590 16.2950 -1.341016 8.397833
32600 16.3000 -1.341829 8.420108
32610 16.3050 -1.342901 8.471524
32620 16.3100 -1.344130 8.503524
32630 16.3150 -1.345640 8.541515
32640 16.3200 -1.347335 8.582456
32650 16.3250 -1.348858 8.617754
32660 16.3300 -1.350350 8.650967
32670 16.3350 -1.351890 8.683874
32680 16.3400 -1.353361 8.714054
32690 16.3450 -1.354955 8.745361
32700 16.3500 -1.356548 8.775254
32710 16.3550 -1.357821 8.818716
32720 16.3600 -1.358708 8.834150
32730 16.3650 -1.359244 8.843293
32740 16.3700 -1.359367 8.845368
32750 16.3750 -1.358786 8.835493
32760 16.3800 -1.357968 8.821301
32770 16.3850 -1.356875 8.801777
32780 16.3900 -1.355384 8.774097
32790 16.3950 -1.353439 8.736123
32800 16.4000 -1.351262 8.691071
32810 16.4050 -1.349146 8.665630
32820 16.4100 -1.346847 8.611999
32830 16.4150 -1.344473 8.553100
32840 16.4200 -1.342178 8.492674
32850 16.4250 -1.340048 8.433417
32860 16.4300 -1.338000 8.373555
32870 16.4350 -1.336043 8.313593
32880 16.4400 -1.334210 8.254995
32890 16.4450 -1.332421 8.195436
32900 16.4500 -1.330660 8.134565
32910 16.4550 -1.329085 8.102776
32920 16.4600 -1.327441 8.041918
32930 16.4650 -1.326019 7.987634
32940 16.4700 -1.324762 7.938327
32950 16.4750 -1.323600 7.891740
32960 16.4800 -1.322472 7.845476
32970 16.4850 -1.321250 7.794280
32980 16.4900 -1.320142 7.746861
32990 16.4950 -1.319137 7.703047
33000 16.5000 -1.318069 7.655612
33010 16.5050 -1.317011 7.635871
33020 16.5100 -1.316110 7.594459
33030 16.5150 -1.315470 7.564631
33040 16.5200 -1.315096 7.547070
33050 16.5250 -1.315025 7.543720
33060 16.5300 -1.314951 7.540230
33070 16.5350 -1.315213 7.552593
33080 16.5400 -1.315467 7.564515
33090 16.5450 -1.315688 7.574853
33100 16.5500 -1.316077 7.592903
33110 16.5550 -1.316770 7.653489
33120 16.5600 -1.317576 7.690132
33130 16.5650 -1.318421 7.728016
33140 16.5700 -1.319149 7.760248
33150 16.5750 -1.319826 7.789769
33160 16.5800 -1.320606 7.823391
33170 16.5850 -1.321384 7.856442
33180 16.5900 -1.322082 7.885703
33190 16.5950 -1.322694 7.911001
33200 16.6000 -1.323145 7.929478
33210 16.6050 -1.323469 7.968697
33220 16.6100 -1.323813 7.982567
33230 16.6150 -1.324133 7.995404
33240 16.6200 -1.324280 8.001299
33250 16.6250 -1.324293 8.001823
33260 16.6300 -1.324134 7.995461
33270 16.6350 -1.323972 7.988958
33280 16.6400 -1.323555 7.972185
33290 16.6450 -1.322971 7.948396
33300 16.6500 -1.322262 7.919197
33310 16.6550 -1.321558 7.915931
33320 16.6600 -1.320760 7.882080
33330 16.6650 -1.319606 7.832268
33340 16.6700 -1.318223 7.771144
33350 16.6750 -1.316553 7.695275
33360 16.6800 -1.314710 7.608915
33370 16.6850 -1.312964 7.524600
33380 16.6900 -1.311344 7.444209
33390 16.6950 -1.309760 7.363614
33400 16.7000 -1.308161 7.280274
33410 16.7050 -1.306627 7.229649
33420 16.7100 -1.305106 7.146718
33430 16.7150 -1.303745 7.071073
33440 16.7200 -1.302389 6.994338
33450 16.7250 -1.301236 6.927982
33460 16.7300 -1.300036 6.857996
33470 16.7350 -1.298698 6.778716
33480 16.7400 -1.297192 6.688035
33490 16.7450 -1.295653 6.593805
33500 16.7500 -1.294093 6.496786
33510 16.7550 -1.292520 6.436325
33520 16.7600 -1.291265 6.355959
33530 16.7650 -1.289997 6.273868
33540 16.7700 -1.288839 6.198112
33550 16.7750 -1.287753 6.126459
33560 16.7800 -1.286747 6.059457
33570 16.7850 -1.285963 6.006981
33580 16.7900 -1.285435 5.971401
33590 16.7950 -1.285170 5.953534
33600 16.8000 -1.285126 5.950555
33610 16.8050 -1.285033 5.989538
33620 16.8100 -1.284921 5.981981
33630 16.8150 -1.284700 5.967040
33640 16.8200 -1.284370 5.944636
33650 16.8250 -1.283909 5.913303
33660 16.8300 -1.283242 5.867741
33670 16.8350 -1.282521 5.818281
33680 16.8400 -1.281711 5.762471
33690 16.8450 -1.280897 5.706183
33700 16.8500 -1.280268 5.662445
33710 16.8550 -1.279781 5.677598
33720 16.8600 -1.279391 5.650372
33730 16.8650 -1.278988 5.622121
33740 16.8700 -1.278681 5.600596
33750 16.8750 -1.278506 5.588310
33760 16.8800 -1.278457 5.584843
33770 16.8850 -1.278672 5.599999
33780 16.8900 -1.278928 5.617905
33790 16.8950 -1.279259 5.641132
33800 16.9000 -1.279563 5.662353
33810 16.9050 -1.279868 5.732707
33820 16.9100 -1.280133 5.751190
33830 16.9150 -1.280287 5.761912
33840 16.9200 -1.280651 5.787206
33850 16.9250 -1.280922 5.806019
33860 16.9300 -1.280921 5.805992
33870 16.9350 -1.280535 5.779139
33880 16.9400 -1.280148 5.752236
33890 16.9450 -1.279602 5.714155
33900 16.9500 -1.278874 5.663213
33910 16.9550 -1.278083 5.656659
33920 16.9600 -1.277179 5.592847
33930 16.9650 -1.276222 5.525040
33940 16.9700 -1.275362 5.463747
33950 16.9750 -1.274657 5.413426
33960 16.9800 -1.273935 5.361655
33970 16.9850 -1.273317 5.317270
33980 16.9900 -1.272649 5.269239
33990 16.9950 -1.271974 5.220522
34000 17.0000 -1.271214 5.165603
34010 17.0050 -1.270460 5.167383
34020 17.0100 -1.269855 5.123494
34030 17.0150 -1.269373 5.088406
34040 17.0200 -1.268782 5.045459
34050 17.0250 -1.268407 5.018142
34060 17.0300 -1.268013 4.989409
34070 17.0350 -1.267523 4.953685
34080 17.0400 -1.267072 4.920761
34090 17.0450 -1.266612 4.887201
34100 17.0500 -1.266206 4.857464
34110 17.0550 -1.265677 4.880291
34120 17.0600 -1.265098 4.837969
34130 17.0650 -1.264612 4.802347
34140 17.0700 -1.263979 4.755997
34150 17.0750 -1.263380 4.712160
34160 17.0800 -1.262761 4.666805
34170 17.0850 -1.262202 4.625821
34180 17.0900 -1.261662 4.586265
34190 17.0950 -1.261320 4.561200
34200 17.1000 -1.261062 4.542354
34210 17.1050 -1.261013 4.605905
34220 17.1100 -1.260944 4.600831
34230 17.1150 -1.260843 4.593443
34240 17.1200 -1.260854 4.594204
34250 17.1250 -1.260618 4.576940
34260 17.1300 -1.260319 4.555060
34270 17.1350 -1.260152 4.542869
34280 17.1400 -1.260079 4.537511
34290 17.1450 -1.259807 4.517593
34300 17.1500 -1.259493 4.494622
34310 17.1550 -1.259257 4.545358
34320 17.1600 -1.258984 4.525409
34330 17.1650 -1.258763 4.509227
34340 17.1700 -1.258622 4.498899
34350 17.1750 -1.258423 4.484389
34360 17.1800 -1.258132 4.463078
34370 17.1850 -1.257853 4.442720
34380 17.1900 -1.257570 4.422051
34390 17.1950 -1.256929 4.375211
34400 17.2000 -1.256042 4.310543
34410 17.2050 -1.255168 4.318541
34420 17.2100 -1.254291 4.254773
34430 17.2150 -1.253617 4.205798
34440 17.2200 -1.252856 4.150666
34450 17.2250 -1.252043 4.091868
34460 17.2300 -1.251347 4.041633
34470 17.2350 -1.250101 3.952006
34480 17.2400 -1.248668 3.849441
34490 17.2450 -1.247145 3.741094
34500 17.2500 -1.245501 3.625065
34510 17.2550 -1.243902 3.599875
34520 17.2600 -1.242364 3.493175
34530 17.2650 -1.240880 3.391142
34540 17.2700 -1.239454 3.294117
34550 17.2750 -1.238137 3.205322
34560 17.2800 -1.237032 3.131569
34570 17.2850 -1.236038 3.065785
34580 17.2900 -1.235317 3.018370
34590 17.2950 -1.234710 2.978769
34600 17.3000 -1.234129 2.940984
34610 17.3050 -1.233731 3.020321
34620 17.3100 -1.233500 3.005365
34630 17.3150 -1.233418 3.000117
34640 17.3200 -1.233375 2.997350
34650 17.3250 -1.233390 2.998313
34660 17.3300 -1.233344 2.995352
34670 17.3350 -1.233270 2.990608
34680 17.3400 -1.233095 2.979358
34690 17.3450 -1.232868 2.964800
34700 17.3500 -1.232641 2.950284
34710 17.3550 -1.232275 3.031684
34720 17.3600 -1.231971 3.012287
34730 17.3650 -1.231625 2.990359
34740 17.3700 -1.231472 2.980675
34750 17.3750 -1.231352 2.973036
34760 17.3800 -1.231235 2.965647
34770 17.3850 -1.231262 2.967399
34780 17.3900 -1.231232 2.965492
34790 17.3950 -1.231358 2.973414
34800 17.4000 -1.231509 2.982980
34810 17.4050 -1.231638 3.094947
34820 17.4100 -1.231941 3.114204
34830 17.4150 -1.232253 3.134019
34840 17.4200 -1.232434 3.145589
34850 17.4250 -1.232688 3.161821
34860 17.4300 -1.233070 3.186253
34870 17.4350 -1.233554 3.217351
34880 17.4400 -1.234141 3.255194
34890 17.4450 -1.234651 3.288237
34900 17.4500 -1.235045 3.313819
34910 17.4550 -1.235208 3.419069
34920 17.4600 -1.234962 3.403042
34930 17.4650 -1.234411 3.367299
34940 17.4700 -1.233459 3.305799
34950 17.4750 -1.232345 3.234437
34960 17.4800 -1.230905 3.142977
34970 17.4850 -1.229283 3.041247
34980 17.4900 -1.227651 2.940283
34990 17.4950 -1.225960 2.837207
35000 17.5000 -1.224237 2.733931
35010 17.5050 -1.222446 2.739652
35020 17.5100 -1.220690 2.638024
35030 17.5150 -1.218986 2.541144
35040 17.5200 -1.217301 2.447131
35050 17.5250 -1.215712 2.360192
35060 17.5300 -1.214438 2.291673
35070 17.5350 -1.213454 2.239520
35080 17.5400 -1.212382 2.183417
35090 17.5450 -1.211136 2.119210
35100 17.5500 -1.210225 2.072992
35110 17.5550 -1.209359 2.163420
35120 17.5600 -1.208560 2.123805
35130 17.5650 -1.207855 2.089135
35140 17.5700 -1.207370 2.065515
35150 17.5750 -1.206884 2.041977
35160 17.5800 -1.206456 2.021436
35170 17.5850 -1.206162 2.007342
35180 17.5900 -1.206100 2.004404
35190 17.5950 -1.206114 2.005081
35200 17.6000 -1.206358 2.016698
35210 17.6050 -1.206467 2.157936
35220 17.6100 -1.206688 2.168553
35230 17.6150 -1.207048 2.185911
35240 17.6200 -1.207377 2.201834
35250 17.6250 -1.207921 2.228326
35260 17.6300 -1.208789 2.270959
35270 17.6350 -1.209639 2.313149
35280 17.6400 -1.210378 2.350173
35290 17.6450 -1.211021 2.382623
35300 17.6500 -1.211794 2.422000
35310 17.6550 -1.212518 2.580663
35320 17.6600 -1.213180 2.614867
35330 17.6650 -1.213787 2.646490
35340 17.6700 -1.214305 2.673593
35350 17.6750 -1.214647 2.691571
35360 17.6800 -1.214922 2.706121
35370 17.6850 -1.214985 2.709448
35380 17.6900 -1.215190 2.720250
35390 17.6950 -1.215506 2.737008
35400 17.7000 -1.215725 2.748685
35410 17.7050 -1.215803 2.863644
35420 17.7100 -1.215739 2.860279
35430 17.7150 -1.215279 2.835821
35440 17.7200 -1.214725 2.806537
35450 17.7250 -1.213911 2.763718
35460 17.7300 -1.213153 2.724187
35470 17.7350 -1.212295 2.679750
35480 17.7400 -1.211433 2.635428
35490 17.7450 -1.210614 2.593736
35500 17.7500 -1.209878 2.556481
35510 17.7550 -1.208939 2.626346
35520 17.7600 -1.207966 2.577956
35530 17.7650 -1.207226 2.541498
35540 17.7700 -1.206595 2.510555
35550 17.7750 -1.206140 2.488398
35560 17.7800 -1.206007 2.481954
35570 17.7850 -1.206061 2.484586
35580 17.7900 -1.206648 2.513159
35590 17.7950 -1.207466 2.553290
35600 17.8000 -1.208549 2.606892
35610 17.8050 -1.209888 2.789239
35620 17.8100 -1.211384 2.864963
35630 17.8150 -1.212991 2.947368
35640 17.8200 -1.214908 3.046953
35650 17.8250 -1.217093 3.162143
35660 17.8300 -1.219268 3.278572
35670 17.8350 -1.221293 3.388399
35680 17.8400 -1.223111 3.488185
35690 17.8450 -1.224718 3.577236
35700 17.8500 -1.226030 3.650484
35710 17.8550 -1.227106 3.797069
35720 17.8600 -1.228170 3.857146
35730 17.8650 -1.229057 3.907403
35740 17.8700 -1.229494 3.932205
35750 17.8750 -1.229768 3.947773
35760 17.8800 -1.229743 3.946337
35770 17.8850 -1.229456 3.930025
35780 17.8900 -1.229016 3.905060
35790 17.8950 -1.228258 3.862084
35800 17.9000 -1.227308 3.808482
35810 17.9050 -1.226169 3.826853
35820 17.9100 -1.224891 3.755311
35830 17.9150 -1.223343 3.669142
35840 17.9200 -1.221707 3.578741
35850 17.9250 -1.220248 3.498692
35860 17.9300 -1.218585 3.408191
35870 17.9350 -1.216541 3.297973
35880 17.9400 -1.214298 3.178583
35890 17.9450 -1.212081 3.062081
35900 17.9500 -1.209830 2.945553
35910 17.9550 -1.207538 2.933609
35920 17.9600 -1.205482 2.830233
35930 17.9650 -1.203758 2.744674
35940 17.9700 -1.202416 2.678814
35950 17.9750 -1.201479 2.633250
35960 17.9800 -1.201169 2.618259
35970 17.9850 -1.201395 2.629172
35980 17.9900 -1.201964 2.656798
35990 17.9950 -1.202727 2.694021
36000 18.0000 -1.204010 2.757099
36010 18.0050 -1.205433 2.938282
36020 18.0100 -1.207184 3.026057
36030 18.0150 -1.209196 3.127976
36040 18.0200 -1.211518 3.246979
36050 18.0250 -1.214121 3.382067
36060 18.0300 -1.216862 3.526086
36070 18.0350 -1.219527 3.667672
36080 18.0400 -1.222265 3.814633
36090 18.0450 -1.225110 3.968778
36100 18.0500 -1.227769 4.114031
36110 18.0550 -1.230311 4.329272
36120 18.0600 -1.232563 4.453459
36130 18.0650 -1.234623 4.567261
36140 18.0700 -1.236566 4.674820
36150 18.0750 -1.238400 4.776465
36160 18.0800 -1.240051 4.867977
36170 18.0850 -1.241497 4.948171
36180 18.0900 -1.242777 5.019101
36190 18.0950 -1.243717 5.071151
36200 18.1000 -1.244227 5.099400
36210 18.1050 -1.244472 5.170398
36220 18.1100 -1.244422 5.167635
36230 18.1150 -1.244385 5.165601
36240 18.1200 -1.244082 5.148831
36250 18.1250 -1.243352 5.108356
36260 18.1300 -1.242385 5.054795
36270 18.1350 -1.241072 4.981907
36280 18.1400 -1.239423 4.890347
36290 18.1450 -1.237413 4.778682
36300 18.1500 -1.235087 4.649456
36310 18.1550 -1.232377 4.564059
36320 18.1600 -1.229576 4.408627
36330 18.1650 -1.226683 4.248494
36340 18.1700 -1.223855 4.092451
36350 18.1750 -1.221369 3.955968
36360 18.1800 -1.219411 3.848938
36370 18.1850 -1.217950 3.769385
36380 18.1900 -1.217177 3.727450
36390 18.1950 -1.217111 3.723863
36400 18.2000 -1.217552 3.747784
36410 18.2050 -1.218596 3.888321
36420 18.2100 -1.220125 3.971606
36430 18.2150 -1.222060 4.077291
36440 18.2200 -1.224303 4.200199
36450 18.2250 -1.226816 4.338248
36460 18.2300 -1.229647 4.494007
36470 18.2350 -1.232736 4.664083
36480 18.2400 -1.236010 4.844181
36490 18.2450 -1.239627 5.042594
36500 18.2500 -1.243190 5.237172
36510 18.2550 -1.246784 5.487347
36520 18.2600 -1.250236 5.672609
36530 18.2650 -1.253605 5.851431
36540 18.2700 -1.256645 6.010758
36550 18.2750 -1.259514 6.159134
36560 18.2800 -1.261971 6.284575
36570 18.2850 -1.264025 6.388153
36580 18.2900 -1.265721 6.472765
36590 18.2950 -1.266994 6.535662
36600 18.3000 -1.267989 6.584519
36610 18.3050 -1.268457 6.645306
36620 18.3100 -1.268350 6.640083
36630 18.3150 -1.267891 6.617647
36640 18.3200 -1.267306 6.588956
36650 18.3250 -1.266725 6.560362
36660 18.3300 -1.265622 6.505741
36670 18.3350 -1.264121 6.430772
36680 18.3400 -1.262225 6.335119
36690 18.3450 -1.260252 6.234464
36700 18.3500 -1.258020 6.119279
36710 18.3550 -1.255816 6.047503
36720 18.3600 -1.253477 5.924039
36730 18.3650 -1.250981 5.790950
36740 18.3700 -1.248280 5.645341
36750 18.3750 -1.245622 5.500747
36760 18.3800 -1.242969 5.355193
36770 18.3850 -1.240444 5.215726
36780 18.3900 -1.238130 5.087228
36790 18.3950 -1.235872 4.961294
36800 18.4000 -1.233773 4.843867
36810 18.4050 -1.232086 4.810941
36820 18.4100 -1.230822 4.739923
36830 18.4150 -1.229914 4.688849
36840 18.4200 -1.229344 4.656766
36850 18.4250 -1.229140 4.645270
36860 18.4300 -1.229426 4.661349
36870 18.4350 -1.230083 4.698322
36880 18.4400 -1.231038 4.752056
36890 18.4450 -1.232452 4.831505
36900 18.4500 -1.234072 4.922308
36910 18.4550 -1.235765 5.077310
36920 18.4600 -1.237648 5.182104
36930 18.4650 -1.239693 5.295338
36940 18.4700 -1.241878 5.415559
36950 18.4750 -1.244062 5.534883
36960 18.4800 -1.246130 5.646953
36970 18.4850 -1.248386 5.768168
36980 18.4900 -1.250571 5.884401
36990 18.4950 -1.252430 5.982366
37000 18.5000 -1.254150 6.072199
37010 18.5050 -1.256013 6.212282
37020 18.5100 -1.257567 6.291760
37030 18.5150 -1.258666 6.347533
37040 18.5200 -1.259577 6.393470
37050 18.5250 -1.260460 6.437711
37060 18.5300 -1.261199 6.474551
37070 18.5350 -1.261663 6.497559
37080 18.5400 -1.261957 6.512117
37090 18.5450 -1.262166 6.522427
37100 18.5500 -1.262181 6.523180
37110 18.5550 -1.261926 6.549142
37120 18.5600 -1.261491 6.527619
37130 18.5650 -1.261052 6.505804
37140 18.5700 -1.260655 6.486035
37150 18.5750 -1.260092 6.457875
37160 18.5800 -1.259433 6.424741
37170 18.5850 -1.258496 6.377427
37180 18.5900 -1.257055 6.304053
37190 18.5950 -1.255498 6.223976
37200 18.6000 -1.253886 6.140255
37210 18.6050 -1.252392 6.104878
37220 18.6100 -1.251098 6.036456
37230 18.6150 -1.249920 5.973753
37240 18.6200 -1.248883 5.918217
37250 18.6250 -1.248052 5.873424
37260 18.6300 -1.247656 5.852058
37270 18.6350 -1.247432 5.839947
37280 18.6400 -1.247348 5.835390
37290 18.6450 -1.247267 5.830985
37300 18.6500 -1.247131 5.823637
37310 18.6550 -1.247426 5.886529
37320 18.6600 -1.248337 5.935741
37330 18.6650 -1.249752 6.011624
37340 18.6700 -1.251754 6.117962
37350 18.6750 -1.253981 6.234651
37360 18.6800 -1.256722 6.375904
37370 18.6850 -1.259640 6.523321
37380 18.6900 -1.262964 6.687149
37390 18.6950 -1.266422 6.852847
37400 18.7000 -1.270090 7.023044
37410 18.7050 -1.273743 7.220054
37420 18.7100 -1.277376 7.376359
37430 18.7150 -1.280754 7.515886
37440 18.7200 -1.284004 7.644769
37450 18.7250 -1.286946 7.756792
37460 18.7300 -1.289528 7.851465
37470 18.7350 -1.291763 7.930627
37480 18.7400 -1.293827 8.001426
37490 18.7450 -1.295775 8.066225
37500 18.7500 -1.297344 8.116961
37510 18.7550 -1.298917 8.191257
37520 18.7600 -1.300391 8.236534
37530 18.7650 -1.301459 8.268643
37540 18.7700 -1.302155 8.289221
37550 18.7750 -1.302563 8.301187
37560 18.7800 -1.302608 8.302486
37570 18.7850 -1.302427 8.297208
37580 18.7900 -1.301889 8.281392
37590 18.7950 -1.301138 8.259061
37600 18.8000 -1.300403 8.236912
37610 18.8050 -1.299464 8.232114
37620 18.8100 -1.298639 8.206471
37630 18.8150 -1.297602 8.173778
37640 18.8200 -1.296580 8.140946
37650 18.8250 -1.295584 8.108450
37660 18.8300 -1.294594 8.075585
37670 18.8350 -1.293506 8.038855
37680 18.8400 -1.292482 8.003724
37690 18.8450 -1.291490 7.969147
37700 18.8500 -1.290605 7.937871
37710 18.8550 -1.289779 7.934253
37720 18.8600 -1.289204 7.913421
37730 18.8650 -1.288814 7.899220
37740 18.8700 -1.288697 7.894929
37750 18.8750 -1.288982 7.905353
37760 18.8800 -1.289368 7.919387
37770 18.8850 -1.289881 7.937908
37780 18.8900 -1.290425 7.957438
37790 18.8950 -1.291173 7.983986
37800 18.9000 -1.292012 8.013393
37810 18.9050 -1.292973 8.072046
37820 18.9100 -1.294223 8.114470
37830 18.9150 -1.295736 8.164658
37840 18.9200 -1.297224 8.212749
37850 18.9250 -1.298739 8.260456
37860 18.9300 -1.300497 8.314205
37870 18.9350 -1.302163 8.363561
37880 18.9400 -1.303656 8.406466
37890 18.9450 -1.305084 8.446377
37900 18.9500 -1.306609 8.487766
37910 18.9550 -1.308204 8.551949
37920 18.9600 -1.309461 8.583982
37930 18.9650 -1.310739 8.615701
37940 18.9700 -1.311810 8.641560
37950 18.9750 -1.312714 8.662944
37960 18.9800 -1.313531 8.681881
37970 18.9850 -1.314292 8.699184
37980 18.9900 -1.314845 8.711586
37990 18.9950 -1.315332 8.722367
38000 19.0000 -1.315833 8.733322
38010 19.0050 -1.316264 8.763447
38020 19.0100 -1.316533 8.769222
38030 19.0150 -1.316616 8.770996
38040 19.0200 -1.316483 8.768151
38050 19.0250 -1.316368 8.765688
38060 19.0300 -1.316281 8.763828
38070 19.0350 -1.316268 8.763545
38080 19.0400 -1.316407 8.766517
38090 19.0450 -1.316658 8.771895
38100 19.0500 -1.316924 8.777543
38110 19.0550 -1.317184 8.803569
38120 19.0600 -1.317566 8.811579
38130 19.0650 -1.317975 8.820057
38140 19.0700 -1.318234 8.825381
38150 19.0750 -1.318622 8.833282
38160 19.0800 -1.318806 8.837013
38170 19.0850 -1.318741 8.835693
38180 19.0900 -1.318704 8.834936
38190 19.0950 -1.318617 8.833173
38200 19.1000 -1.318511 8.831029
38210 19.1050 -1.318321 8.847401
38220 19.1100 -1.318200 8.844915
38230 19.1150 -1.318097 8.842806
38240 19.1200 -1.317779 8.836239
38250 19.1250 -1.317256 8.825315
38260 19.1300 -1.316649 8.812482
38270 19.1350 -1.315868 8.795634
38280 19.1400 -1.315257 8.782246
38290 19.1450 -1.314763 8.771251
38300 19.1500 -1.314373 8.762488
38310 19.1550 -1.313852 8.771282
38320 19.1600 -1.313378 8.760373
38330 19.1650 -1.312931 8.749990
38340 19.1700 -1.312347 8.736213
38350 19.1750 -1.311728 8.721440
38360 19.1800 -1.311086 8.705848
38370 19.1850 -1.310503 8.691521
38380 19.1900 -1.309988 8.678675
38390 19.1950 -1.309322 8.661841
38400 19.2000 -1.308702 8.645964
38410 19.2050 -1.307947 8.647600
38420 19.2100 -1.307173 8.627108
38430 19.2150 -1.306557 8.610545
38440 19.2200 -1.306215 8.601259
38450 19.2250 -1.305875 8.591931
38460 19.2300 -1.305496 8.581487
38470 19.2350 -1.305179 8.572671
38480 19.2400 -1.305016 8.568117
38490 19.2450 -1.304959 8.566509
38500 19.2500 -1.305162 8.572190
38510 19.2550 -1.305150 8.593604
38520 19.2600 -1.304979 8.588815
38530 19.2650 -1.304769 8.582933
38540 19.2700 -1.304640 8.579282
38550 19.2750 -1.304549 8.576733
38560 19.2800 -1.304541 8.576502
38570 19.2850 -1.304468 8.574430
38580 19.2900 -1.304606 8.578332
38590 19.2950 -1.304696 8.580867
38600 19.3000 -1.305017 8.589887
38610 19.3050 -1.305700 8.630511
38620 19.3100 -1.306482 8.651907
38630 19.3150 -1.307093 8.668357
38640 19.3200 -1.307639 8.682845
38650 19.3250 -1.308174 8.696891
38660 19.3300 -1.308634 8.708826
38670 19.3350 -1.308917 8.716098
38680 19.3400 -1.309353 8.727193
38690 19.3450 -1.309717 8.736381
38700 19.3500 -1.310060 8.744976
38710 19.3550 -1.310432 8.774940
38720 19.3600 -1.310837 8.784909
38730 19.3650 -1.311195 8.793622
38740 19.3700 -1.311367 8.797774
38750 19.3750 -1.311369 8.797838
38760 19.3800 -1.311227 8.794406
38770 19.3850 -1.311191 8.793524
38780 19.3900 -1.311128 8.791987
38790 19.3950 -1.311045 8.789983
38800 19.4000 -1.310797 8.783921
38810 19.4050 -1.310408 8.794855
38820 19.4100 -1.309854 8.781054
38830 19.4150 -1.309247 8.765745
38840 19.4200 -1.308751 8.753055
38850 19.4250 -1.308398 8.743920
38860 19.4300 -1.308154 8.737555
38870 19.4350 -1.308328 8.742086
38880 19.4400 -1.308675 8.751088
38890 19.4450 -1.309128 8.762707
38900 19.4500 -1.309582 8.774232
38910 19.4550 -1.310391 8.815009
38920 19.4600 -1.311483 8.841627
38930 19.4650 -1.312755 8.871718
38940 19.4700 -1.314292 8.906743
38950 19.4750 -1.315998 8.943945
38960 19.4800 -1.317531 8.975878
38970 19.4850 -1.319212 9.009279
38980 19.4900 -1.321064 9.044173
38990 19.4950 -1.322888 9.076625
39000 19.5000 -1.324822 9.108997
39010 19.5050 -1.326897 9.160155
39020 19.5100 -1.329095 9.191977
39030 19.5150 -1.331281 9.221109
39040 19.5200 -1.333270 9.245499
39050 19.5250 -1.334872 9.263738
39060 19.5300 -1.336510 9.281121
39070 19.5350 -1.337986 9.295715
39080 19.5400 -1.339135 9.306400
39090 19.5450 -1.339848 9.312740
39100 19.5500 -1.340327 9.316870
39110 19.5550 -1.340466 9.335717
39120 19.5600 -1.340264 9.333997
39130 19.5650 -1.339946 9.331263
39140 19.5700 -1.339453 9.326925
39150 19.5750 -1.338692 9.320015
39160 19.5800 -1.337701 9.310626
39170 19.5850 -1.336635 9.300012
39180 19.5900 -1.335247 9.285413
39190 19.5950 -1.333774 9.268893
39200 19.6000 -1.331993 9.247495
39210 19.6050 -1.329854 9.237651
39220 19.6100 -1.327613 9.205861
39230 19.6150 -1.325309 9.170298
39240 19.6200 -1.322959 9.130931
39250 19.6250 -1.320470 9.085729
39260 19.6300 -1.318051 9.038267
39270 19.6350 -1.315822 8.991375
39280 19.6400 -1.313723 8.944403
39290 19.6450 -1.311795 8.898822
39300 19.6500 -1.310024 8.854874
39310 19.6550 -1.308579 8.837612
39320 19.6600 -1.307402 8.806175
39330 19.6650 -1.306513 8.781827
39340 19.6700 -1.305866 8.763782
39350 19.6750 -1.305791 8.761670
39360 19.6800 -1.305869 8.763866
39370 19.6850 -1.306188 8.772798
39380 19.6900 -1.306699 8.786954
39390 19.6950 -1.307494 8.808662
39400 19.7000 -1.308366 8.831994
39410 19.7050 -1.309492 8.881610
39420 19.7100 -1.310902 8.917207
39430 19.7150 -1.312393 8.953455
39440 19.7200 -1.313928 8.989261
39450 19.7250 -1.315623 9.027037
39460 19.7300 -1.317228 9.061124
39470 19.7350 -1.318725 9.091451
39480 19.7400 -1.320582 9.127147
39490 19.7450 -1.322382 9.159728
39500 19.7500 -1.323930 9.186197
39510 19.7550 -1.325429 9.228798
39520 19.7600 -1.326996 9.252768
39530 19.7650 -1.328627 9.276226
39540 19.7700 -1.330306 9.298814
39550 19.7750 -1.331612 9.315306
39560 19.7800 -1.332771 9.329184
39570 19.7850 -1.333723 9.340049
39580 19.7900 -1.334402 9.347509
39590 19.7950 -1.334478 9.348331
39600 19.8000 -1.334300 9.346398
39610 19.8050 -1.333788 9.358293
39620 19.8100 -1.332776 9.346750
39630 19.8150 -1.331574 9.332341
39640 19.8200 -1.330163 9.314414
39650 19.8250 -1.328495 9.291789
39660 19.8300 -1.326621 9.264479
39670 19.8350 -1.324485 9.230859
39680 19.8400 -1.322409 9.195558
39690 19.8450 -1.320337 9.157689
39700 19.8500 -1.318276 9.117363
39710 19.8550 -1.316054 9.089520
39720 19.8600 -1.313715 9.037034
39730 19.8650 -1.311548 8.985194
39740 19.8700 -1.309265 8.927132
39750 19.8750 -1.307039 8.867152
39760 19.8800 -1.304873 8.805531
39770 19.8850 -1.302821 8.744211
39780 19.8900 -1.300820 8.681626
39790 19.8950 -1.299008 8.622597
39800 19.9000 -1.297527 8.572699
39810 19.9050 -1.296324 8.552826
39820 19.9100 -1.295633 8.528439
39830 19.9150 -1.295203 8.513116
39840 19.9200 -1.295289 8.516194
39850 19.9250 -1.295604 8.527430
39860 19.9300 -1.296271 8.550956
39870 19.9350 -1.297326 8.587571
39880 19.9400 -1.298806 8.637636
39890 19.9450 -1.300778 8.702003
39900 19.9500 -1.302977 8.770578
39910 19.9550 -1.305314 8.860383
39920 19.9600 -1.307841 8.930950
39930 19.9650 -1.310737 9.006310
39940 19.9700 -1.313990 9.084101
39950 19.9750 -1.317380 9.157523
39960 19.9800 -1.321018 9.227849
39970 19.9850 -1.324703 9.290440
39980 19.9900 -1.328405 9.344885
39990 19.9950 -1.332007 9.390159
40000 20.0000 -1.335654 9.428649
40010 20.0050 -1.339179 9.476342
40020 20.0100 -1.342440 9.499153
40030 20.0150 -1.345428 9.515760
40040 20.0200 -1.348137 9.527502
40050 20.0250 -1.350563 9.535522
40060 20.0300 -1.352623 9.540596
40070 20.0350 -1.354291 9.543606
40080 20.0400 -1.355833 9.545559
40090 20.0450 -1.357122 9.546607
40100 20.0500 -1.357741 9.546929
40110 20.0550 -1.357763 9.563506
40120 20.0600 -1.357536 9.563403
40130 20.0650 -1.356932 9.563051
40140 20.0700 -1.355899 9.562182
40150 20.0750 -1.354279 9.560116
40160 20.0800 -1.352349 9.556481
40170 20.0850 -1.349834 9.549714
40180 20.0900 -1.347092 9.539528
40190 20.0950 -1.344086 9.524752
40200 20.1000 -1.340902 9.504680
40210 20.1050 -1.337717 9.496452
40220 20.1100 -1.334339 9.464179
40230 20.1150 -1.331033 9.426499
40240 20.1200 -1.327641 9.381238
40250 20.1250 -1.324513 9.333289
40260 20.1300 -1.321535 9.281911
40270 20.1350 -1.318963 9.232882
40280 20.1400 -1.316874 9.189815
40290 20.1450 -1.315095 9.150800
40300 20.1500 -1.313746 9.119783
40310 20.1550 -1.312934 9.119182
40320 20.1600 -1.312967 9.119977
40330 20.1650 -1.313498 9.132620
40340 20.1700 -1.314507 9.156097
40350 20.1750 -1.315906 9.187515
40360 20.1800 -1.317511 9.221875
40370 20.1850 -1.319527 9.262540
40380 20.1900 -1.322080 9.310144
40390 20.1950 -1.325159 9.361893
40400 20.2000 -1.328646 9.413231
40410 20.2050 -1.332675 9.480512
40420 20.2100 -1.336951 9.523395
40430 20.2150 -1.341288 9.556830
40440 20.2200 -1.345671 9.581178
40450 20.2250 -1.349975 9.596709
40460 20.2300 -1.354252 9.604785
40470 20.2350 -1.358410 9.606416
40480 20.2400 -1.362452 9.602865
40490 20.2450 -1.366316 9.595379
40500 20.2500 -1.369944 9.585233
40510 20.2550 -1.373246 9.590127
40520 20.2600 -1.376299 9.577842
40530 20.2650 -1.378812 9.566713
40540 20.2700 -1.380957 9.556596
40550 20.2750 -1.382689 9.548067
40560 20.2800 -1.383837 9.542258
40570 20.2850 -1.384362 9.539564
40580 20.2900 -1.384367 9.539540
40590 20.2950 -1.384036 9.541238
40600 20.3000 -1.383193 9.545530
40610 20.3050 -1.381852 9.568797
40620 20.3100 -1.380269 9.576446
40630 20.3150 -1.378261 9.585720
40640 20.3200 -1.375829 9.596223
40650 20.3250 -1.373086 9.606969
40660 20.3300 -1.370211 9.616796
40670 20.3350 -1.367222 9.625226
40680 20.3400 -1.363920 9.632120
40690 20.3450 -1.360533 9.636199
40700 20.3500 -1.357181 9.636869
40710 20.3550 -1.353889 9.650012
40720 20.3600 -1.350704 9.643245
40730 20.3650 -1.347700 9.633081
40740 20.3700 -1.345042 9.620787
40750 20.3750 -1.342597 9.606573
40760 20.3800 -1.340699 9.593526
40770 20.3850 -1.339430 9.583771
40780 20.3900 -1.338651 9.577368
40790 20.3950 -1.338486 9.575977
40800 20.4000 -1.338872 9.579222
40810 20.4050 -1.339762 9.602820
40820 20.4100 -1.341338 9.614516
40830 20.4150 -1.343472 9.628340
40840 20.4200 -1.346091 9.642272
40850 20.4250 -1.349058 9.654230
40860 20.4300 -1.352635 9.663628
40870 20.4350 -1.356735 9.668246
40880 20.4400 -1.361231 9.666585
40890 20.4450 -1.365976 9.658226
40900 20.4500 -1.370835 9.643751
40910 20.4550 -1.375719 9.640327
40920 20.4600 -1.380532 9.617111
40930 20.4650 -1.385321 9.591063
40940 20.4700 -1.390002 9.563572
40950 20.4750 -1.394520 9.535798
40960 20.4800 -1.398555 9.510431
40970 20.4850 -1.402258 9.486979
40980 20.4900 -1.405369 9.467317
40990 20.4950 -1.407841 9.451786
41000 20.5000 -1.409726 9.440021
41010 20.5050 -1.410876 9.449952
41020 20.5100 -1.411429 9.446526
41030 20.5150 -1.411334 9.447116
41040 20.5200 -1.410796 9.450450
41050 20.5250 -1.409640 9.457626
41060 20.5300 -1.407699 9.469733
41070 20.5350 -1.405457 9.483768
41080 20.5400 -1.402623 9.501568
41090 20.5450 -1.399431 9.521603
41100 20.5500 -1.395922 9.543458
41110 20.5550 -1.392304 9.582140
41120 20.5600 -1.388761 9.603061
41130 20.5650 -1.385086 9.623715
41140 20.5700 -1.381209 9.643975
41150 20.5750 -1.377430 9.661817
41160 20.5800 -1.373874 9.676490
41170 20.5850 -1.370387 9.688514
41180 20.5900 -1.367145 9.697261
41190 20.5950 -1.364470 9.702486
41200 20.6000 -1.362040 9.705504
41210 20.6050 -1.360163 9.722456
41220 20.6100 -1.358918 9.722553
41230 20.6150 -1.358168 9.722358
41240 20.6200 -1.357835 9.722209
41250 20.6250 -1.357973 9.722275
41260 20.6300 -1.358802 9.722536
41270 20.6350 -1.360240 9.722433
41280 20.6400 -1.361996 9.721392
41290 20.6450 -1.364074 9.718931
41300 20.6500 -1.366510 9.714460
41310 20.6550 -1.369471 9.722695
41320 20.6600 -1.372870 9.711373
41330 20.6650 -1.376644 9.695923
41340 20.6700 -1.380715 9.676390
41350 20.6750 -1.384962 9.653428
41360 20.6800 -1.389217 9.628351
41370 20.6850 -1.393533 9.601361
41380 20.6900 -1.398010 9.572251
41390 20.6950 -1.402653 9.541386
41400 20.7000 -1.406975 9.512424
41410 20.7050 -1.411098 9.501501
41420 20.7100 -1.414911 9.476004
41430 20.7150 -1.418070 9.454961
41440 20.7200 -1.420447 9.439176
41450 20.7250 -1.422050 9.428534
41460 20.7300 -1.422921 9.422747
41470 20.7350 -1.422949 9.422561
41480 20.7400 -1.422146 9.427894
41490 20.7450 -1.420561 9.438413
41500 20.7500 -1.418184 9.454205
41510 20.7550 -1.415278 9.490534
41520 20.7600 -1.412009 9.512280
41530 20.7650 -1.408233 9.537380
41540 20.7700 -1.404173 9.564261
41550 20.7750 -1.399923 9.592060
41560 20.7800 -1.395671 9.619241
41570 20.7850 -1.391550 9.644630
41580 20.7900 -1.387399 9.668843
41590 20.7950 -1.383542 9.689727
41600 20.8000 -1.379905 9.707623
41610 20.8050 -1.376668 9.737593
41620 20.8100 -1.373963 9.747872
41630 20.8150 -1.371762 9.755089
41640 20.8200 -1.369946 9.760198
41650 20.8250 -1.368756 9.763103
41660 20.8300 -1.368418 9.763862
41670 20.8350 -1.368606 9.763444
41680 20.8400 -1.369337 9.761730
41690 20.8450 -1.370471 9.758803
41700 20.8500 -1.372049 9.754209
41710 20.8550 -1.374122 9.762932
41720 20.8600 -1.376708 9.752998
41730 20.8650 -1.379729 9.739732
41740 20.8700 -1.383206 9.722518
41750 20.8750 -1.387038 9.701501
41760 20.8800 -1.391218 9.676589
41770 20.8850 -1.395656 9.648401
41780 20.8900 -1.400121 9.618728
41790 20.8950 -1.404646 9.587800
41800 20.9000 -1.409272 9.555663
41810 20.9050 -1.413808 9.540390
41820 20.9100 -1.418321 9.508536
41830 20.9150 -1.422674 9.477624
41840 20.9200 -1.426436 9.450630
41850 20.9250 -1.429811 9.426048
41860 20.9300 -1.432689 9.404650
41870 20.9350 -1.434968 9.387307
41880 20.9400 -1.436661 9.374127
41890 20.9450 -1.437710 9.365819
41900 20.9500 -1.438004 9.363464
41910 20.9550 -1.437657 9.383676
41920 20.9600 -1.436677 9.391434
41930 20.9650 -1.435214 9.402816
41940 20.9700 -1.433219 9.418013
41950 20.9750 -1.430926 9.435081
41960 20.9800 -1.428324 9.454053
41970 20.9850 -1.425583 9.473694
41980 20.9900 -1.422584 9.494896
41990 20.9950 -1.419179 9.518713
42000 21.0000 -1.415743 9.542549
42010 21.0050 -1.412236 9.583256
42020 21.0100 -1.408831 9.606406
42030 21.0150 -1.405520 9.628605
42040 21.0200 -1.402633 9.647628
42050 21.0250 -1.400181 9.663485
42060 21.0300 -1.398086 9.676771
42070 21.0350 -1.396483 9.686738
42080 21.0400 -1.395531 9.692570
42090 21.0450 -1.395079 9.695319
42100 21.0500 -1.395180 9.694703
42110 21.0550 -1.395777 9.706969
42120 21.0600 -1.396860 9.700302
42130 21.0650 -1.398711 9.688696
42140 21.0700 -1.401414 9.671326
42150 21.0750 -1.404803 9.648970
42160 21.0800 -1.408591 9.623363
42170 21.0850 -1.412639 9.595455
42180 21.0900 -1.416894 9.565636
42190 21.0950 -1.421520 9.532677
42200 21.1000 -1.426161 9.498933
42210 21.1050 -1.430863 9.480434
42220 21.1100 -1.435369 9.445001
42230 21.1150 -1.439761 9.408262
42240 21.1200 -1.443750 9.372296
42250 21.1250 -1.447380 9.336745
42260 21.1300 -1.450557 9.302862
42270 21.1350 -1.453068 9.273898
42280 21.1400 -1.454876 9.251684
42290 21.1450 -1.456036 9.236774
42300 21.1500 -1.456380 9.232255
42310 21.1550 -1.455832 9.257523
42320 21.1600 -1.454535 9.274042
42330 21.1650 -1.452644 9.296973
42340 21.1700 -1.450432 9.322206
42350 21.1750 -1.447737 9.350899
42360 21.1800 -1.444425 9.383497
42370 21.1850 -1.440628 9.417897
42380 21.1900 -1.436565 9.451975
42390 21.1950 -1.432331 9.485213
42400 21.2000 -1.428198 9.516043
42410 21.2050 -1.424315 9.560620
42420 21.2100 -1.420580 9.586630
42430 21.2150 -1.417044 9.610666
42440 21.2200 -1.413916 9.631508
42450 21.2250 -1.410974 9.650755
42460 21.2300 -1.408525 9.666505
42470 21.2350 -1.406573 9.678861
42480 21.2400 -1.405119 9.687943
42490 21.2450 -1.404027 9.694686
42500 21.2500 -1.403285 9.699233
42510 21.2550 -1.403056 9.716509
42520 21.2600 -1.403157 9.715892
42530 21.2650 -1.403795 9.711992
42540 21.2700 -1.404758 9.706051
42550 21.2750 -1.406185 9.697147
42560 21.2800 -1.408048 9.685346
42570 21.2850 -1.410390 9.670256
42580 21.2900 -1.413150 9.652128
42590 21.2950 -1.416138 9.632105
42600 21.3000 -1.419146 9.611542
42610 21.3050 -1.422271 9.605950
42620 21.3100 -1.425309 9.584135
42630 21.3150 -1.428210 9.562691
42640 21.3200 -1.430924 9.542001
42650 21.3250 -1.433494 9.521734
42660 21.3300 -1.435881 9.502215
42670 21.3350 -1.438197 9.482538
42680 21.3400 -1.440226 9.464592
42690 21.3450 -1.441805 9.450119
42700 21.3500 -1.442970 9.439123
42710 21.3550 -1.443703 9.449138
42720 21.3600 -1.443918 9.447044
42730 21.3650 -1.443643 9.449714
42740 21.3700 -1.443016 9.455759
42750 21.3750 -1.442107 9.464372
42760 21.3800 -1.440974 9.474855
42770 21.3850 -1.439266 9.490198
42780 21.3900 -1.436996 9.509799
42790 21.3950 -1.434303 9.532017
42800 21.4000 -1.431557 9.553709
42810 21.4050 -1.428734 9.591659
42820 21.4100 -1.425762 9.613349
42830 21.4150 -1.422937 9.633273
42840 21.4200 -1.419968 9.653571
42850 21.4250 -1.417094 9.672667
42860 21.4300 -1.414460 9.689712
42870 21.4350 -1.412013 9.705163
42880 21.4400 -1.409815 9.718725
42890 21.4450 -1.407707 9.731445
42900 21.4500 -1.406131 9.740762
42910 21.4550 -1.404997 9.763048
42920 21.4600 -1.404408 9.766435
42930 21.4650 -1.404278 9.767178
42940 21.4700 -1.404673 9.764915
42950 21.4750 -1.405593 9.759595
42960 21.4800 -1.406968 9.751526
42970 21.4850 -1.408929 9.739775
42980 21.4900 -1.411345 9.724925
42990 21.4950 -1.414343 9.705939
43000 21.5000 -1.417902 9.682618
43010 21.5050 -1.422022 9.670413
43020 21.5100 -1.426457 9.638513
43030 21.5150 -1.430968 9.604079
43040 21.5200 -1.435282 9.568810
43050 21.5250 -1.439661 9.530069
43060 21.5300 -1.443730 9.490717
43070 21.5350 -1.447542 9.450219
43080 21.5400 -1.450883 9.411227
43090 21.5450 -1.453934 9.372269
43100 21.5500 -1.456575 9.335584
43110 21.5550 -1.458744 9.320723
43120 21.5600 -1.460446 9.293655
43130 21.5650 -1.461460 9.276829
43140 21.5700 -1.461961 9.268304
43150 21.5750 -1.461568 9.274995
43160 21.5800 -1.460352 9.295187
43170 21.5850 -1.458554 9.323648
43180 21.5900 -1.456323 9.356785
43190 21.5950 -1.453925 9.389944
43200 21.6000 -1.451265 9.424008
43210 21.6050 -1.448491 9.473969
43220 21.6100 -1.445425 9.507362
43230 21.6150 -1.442423 9.537523
43240 21.6200 -1.439341 9.566238
43250 21.6250 -1.436236 9.593215
43260 21.6300 -1.433106 9.618712
43270 21.6350 -1.429922 9.643165
43280 21.6400 -1.426909 9.665129
43290 21.6450 -1.424388 9.682745
43300 21.6500 -1.422389 9.696269
43310 21.6550 -1.420890 9.722047
43320 21.6600 -1.419820 9.728984
43330 21.6650 -1.419117 9.733479
43340 21.6700 -1.418977 9.734375
43350 21.6750 -1.419254 9.732610
43360 21.6800 -1.419910 9.728401
43370 21.6850 -1.421112 9.720599
43380 21.6900 -1.422944 9.708439
43390 21.6950 -1.425339 9.692037
43400 21.7000 -1.428323 9.670730
43410 21.7050 -1.431975 9.659119
43420 21.7100 -1.436139 9.625144
43430 21.7150 -1.440696 9.584256
43440 21.7200 -1.445656 9.534278
43450 21.7250 -1.450945 9.473030
43460 21.7300 -1.456404 9.398962
43470 21.7350 -1.461715 9.313744
43480 21.7400 -1.466905 9.215272
43490 21.7450 -1.472026 9.100708
43500 21.7500 -1.476807 8.975792
43510 21.7550 -1.481083 8.867068
43520 21.7600 -1.484735 8.744168
43530 21.7650 -1.487873 8.628114
43540 21.7700 -1.490215 8.534932
43550 21.7750 -1.491905 8.464108
43560 21.7800 -1.492898 8.421080
43570 21.7850 -1.493277 8.404391
43580 21.7900 -1.493219 8.406935
43590 21.7950 -1.492591 8.434472
43600 21.8000 -1.491367 8.486989
43610 21.8050 -1.489613 8.581697
43620 21.8100 -1.487232 8.674837
43630 21.8150 -1.484461 8.775938
43640 21.8200 -1.481182 8.885741
43650 21.8250 -1.477513 8.996645
43660 21.8300 -1.473443 9.105871
43670 21.8350 -1.469061 9.208673
43680 21.8400 -1.464598 9.299260
43690 21.8450 -1.460065 9.378478
43700 21.8500 -1.455631 9.445242
43710 21.8550 -1.451242 9.519483
43720 21.8600 -1.447116 9.566429
43730 21.8650 -1.443408 9.603877
43740 21.8700 -1.440256 9.632746
43750 21.8750 -1.437495 9.656113
43760 21.8800 -1.435154 9.674704
43770 21.8850 -1.433374 9.688164
43780 21.8900 -1.432218 9.696617
43790 21.8950 -1.431832 9.699391
43800 21.9000 -1.431973 9.698385
43810 21.9050 -1.432786 9.708371
43820 21.9100 -1.434186 9.697952
43830 21.9150 -1.436161 9.682659
43840 21.9200 -1.438739 9.661531
43850 21.9250 -1.441785 9.634639
43860 21.9300 -1.445262 9.600990
43870 21.9350 -1.448987 9.560873
43880 21.9400 -1.452803 9.514631
43890 21.9450 -1.456725 9.460749
43900 21.9500 -1.460714 9.398273
43910 21.9550 -1.464643 9.345224
43920 21.9600 -1.468482 9.266915
43930 21.9650 -1.472084 9.183825
43940 21.9700 -1.475304 9.100884
43950 21.9750 -1.478083 9.022272
43960 21.9800 -1.480651 8.943434
43970 21.9850 -1.482832 8.871614
43980 21.9900 -1.484689 8.806784
43990 21.9950 -1.486109 8.754904
44000 22.0000 -1.487185 8.714221
44010 22.0050 -1.487974 8.704553
44020 22.0100 -1.488291 8.692061
44030 22.0150 -1.488405 8.687556
44040 22.0200 -1.488042 8.701889
44050 22.0250 -1.487430 8.725722
44060 22.0300 -1.486606 8.757200
44070 22.0350 -1.485469 8.799447
44080 22.0400 -1.484160 8.846480
44090 22.0450 -1.482722 8.896166
44100 22.0500 -1.481010 8.952671
44110 22.0550 -1.479097 9.032043
44120 22.0600 -1.477120 9.090281
44130 22.0650 -1.475200 9.143458
44140 22.0700 -1.473393 9.190599
44150 22.0750 -1.471688 9.232588
44160 22.0800 -1.469858 9.275087
44170 22.0850 -1.468267 9.309973
44180 22.0900 -1.466968 9.337074
44190 22.0950 -1.465870 9.359066
44200 22.1000 -1.465112 9.373754
44210 22.1050 -1.464588 9.401079
44220 22.1100 -1.464342 9.405668
44230 22.1150 -1.464448 9.403701
44240 22.1200 -1.464959 9.394065
44250 22.1250 -1.465717 9.379441
44260 22.1300 -1.466502 9.363892
44270 22.1350 -1.467693 9.339459
44280 22.1400 -1.469071 9.309923
44290 22.1450 -1.470581 9.275911
44300 22.1500 -1.472333 9.234202
44310 22.1550 -1.474369 9.200638
44320 22.1600 -1.476538 9.141707
44330 22.1650 -1.478808 9.075469
44340 22.1700 -1.481236 8.999243
44350 22.1750 -1.483835 8.911235
44360 22.1800 -1.486408 8.817367
44370 22.1850 -1.489128 8.710499
44380 22.1900 -1.491825 8.596701
44390 22.1950 -1.494520 8.474899
44400 22.2000 -1.497173 8.347104
44410 22.2050 -1.499929 8.229064
44420 22.2100 -1.502652 8.081105
44430 22.2150 -1.505145 7.938325
44440 22.2200 -1.507608 7.790468
44450 22.2250 -1.510042 7.637876
44460 22.2300 -1.512317 7.489643
44470 22.2350 -1.514466 7.344796
44480 22.2400 -1.516655 7.192553
44490 22.2450 -1.518557 7.056740
44500 22.2500 -1.520254 6.932759
44510 22.2550 -1.521648 6.863564
44520 22.2600 -1.523149 6.750204
44530 22.2650 -1.524604 6.638616
44540 22.2700 -1.525902 6.537826
44550 22.2750 -1.526896 6.459818
44560 22.2800 -1.527479 6.413753
44570 22.2850 -1.527823 6.386499
44580 22.2900 -1.527969 6.374897
44590 22.2950 -1.527873 6.382466
44600 22.3000 -1.527451 6.415951
44610 22.3050 -1.526917 6.497897
44620 22.3100 -1.526233 6.551650
44630 22.3150 -1.525629 6.598828
44640 22.3200 -1.524983 6.648988
44650 22.3250 -1.524377 6.695787
44660 22.3300 -1.524043 6.721527
44670 22.3350 -1.523835 6.737452
44680 22.3400 -1.523679 6.749351
44690 22.3450 -1.523641 6.752256
44700 22.3500 -1.523645 6.751996
44710 22.3550 -1.523734 6.781404
44720 22.3600 -1.524208 6.745006
44730 22.3650 -1.525008 6.683273
44740 22.3700 -1.526001 6.605954
44750 22.3750 -1.527210 6.510878
44760 22.3800 -1.528792 6.384976
44770 22.3850 -1.530511 6.246470
44780 22.3900 -1.532424 6.090275
44790 22.3950 -1.534556 5.914171
44800 22.4000 -1.536679 5.736877
44810 22.4050 -1.538834 5.603448
44820 22.4100 -1.541069 5.413952
44830 22.4150 -1.543090 5.241793
44840 22.4200 -1.545228 5.059220
44850 22.4250 -1.547381 4.875410
44860 22.4300 -1.549555 4.690138
44870 22.4350 -1.551752 4.503682
44880 22.4400 -1.553921 4.320822
44890 22.4450 -1.555944 4.151696
44900 22.4500 -1.558035 3.978590
44910 22.4550 -1.560186 3.881274
44920 22.4600 -1.562218 3.717331
44930 22.4650 -1.563962 3.578548
44940 22.4700 -1.565532 3.455349
44950 22.4750 -1.567021 3.340004
44960 22.4800 -1.568320 3.240707
44970 22.4850 -1.569127 3.179718
44980 22.4900 -1.569677 3.138397
44990 22.4950 -1.570134 3.104282
45000 22.5000 -1.570315 3.090789
45010 22.5050 -1.570408 3.184633
45020 22.5100 -1.570128 3.205423
45030 22.5150 -1.569601 3.244830
45040 22.5200 -1.569100 3.282463
45050 22.5250 -1.568703 3.312339
45060 22.5300 -1.568319 3.341478
45070 22.5350 -1.568052 3.361757
45080 22.5400 -1.567840 3.377847
45090 22.5450 -1.567481 3.405306
45100 22.5500 -1.567045 3.438707
45110 22.5550 -1.566599 3.564402
45120 22.5600 -1.566145 3.599427
45130 22.5650 -1.565655 3.637394
45140 22.5700 -1.565452 3.653145
45150 22.5750 -1.565364 3.660021
45160 22.5800 -1.565389 3.658047
45170 22.5850 -1.565666 3.636518
45180 22.5900 -1.565790 3.626941
45190 22.5950 -1.565967 3.613215
45200 22.6000 -1.566345 3.583933
45210 22.6050 -1.566822 3.634912
45220 22.6100 -1.567362 3.593488
45230 22.6150 -1.567930 3.550062
45240 22.6200 -1.568494 3.507178
45250 22.6250 -1.569032 3.466459
45260 22.6300 -1.569634 3.421190
45270 22.6350 -1.570145 3.382875
45280 22.6400 -1.570791 3.334740
45290 22.6450 -1.571700 3.267505
45300 22.6500 -1.572707 3.193810
45310 22.6550 -1.573619 3.225521
45320 22.6600 -1.574459 3.165143
45330 22.6650 -1.575350 3.101661
45340 22.6700 -1.576142 3.045784
45350 22.6750 -1.576662 3.009411
45360 22.6800 -1.577156 2.974998
45370 22.6850 -1.577448 2.954754
45380 22.6900 -1.577852 2.926837
45390 22.6950 -1.578069 2.911896
45400 22.7000 -1.578157 2.905874
45410 22.7050 -1.578215 3.007968
45420 22.7100 -1.578213 3.008112
45430 22.7150 -1.578350 2.998750
45440 22.7200 -1.578627 2.979759
45450 22.7250 -1.578559 2.984423
45460 22.7300 -1.578323 3.000546
45470 22.7350 -1.578001 3.022654
45480 22.7400 -1.577872 3.031565
45490 22.7450 -1.577698 3.043544
45500 22.7500 -1.577569 3.052397
45510 22.7550 -1.577598 3.152232
45520 22.7600 -1.577780 3.139684
45530 22.7650 -1.577761 3.141019
45540 22.7700 -1.577527 3.157142
45550 22.7750 -1.577340 3.170063
45560 22.7800 -1.577065 3.189118
45570 22.7850 -1.576707 3.214031
45580 22.7900 -1.576531 3.226313
45590 22.7950 -1.576572 3.223466
45600 22.8000 -1.576667 3.216823
45610 22.8050 -1.576927 3.295956
45620 22.8100 -1.577220 3.275614
45630 22.8150 -1.577503 3.256023
45640 22.8200 -1.577789 3.236307
45650 22.8250 -1.577897 3.228846
45660 22.8300 -1.578078 3.216359
45670 22.8350 -1.578250 3.204563
45680 22.8400 -1.578363 3.196835
45690 22.8450 -1.578568 3.182794
45700 22.8500 -1.578804 3.166627
45710 22.8550 -1.579041 3.249116
45720 22.8600 -1.579224 3.236638
45730 22.8650 -1.579393 3.225175
45740 22.8700 -1.579800 3.197609
45750 22.8750 -1.580126 3.175643
45760 22.8800 -1.580333 3.161710
45770 22.8850 -1.580216 3.169605
45780 22.8900 -1.579981 3.185442
45790 22.8950 -1.579903 3.190678
45800 22.9000 -1.579834 3.195364
45810 22.9050 -1.579777 3.296988
45820 22.9100 -1.579776 3.297102
45830 22.9150 -1.579784 3.296545
45840 22.9200 -1.579780 3.296788
45850 22.9250 -1.579726 3.300432
45860 22.9300 -1.579779 3.296878
45870 22.9350 -1.579916 3.287620
45880 22.9400 -1.580064 3.277666
45890 22.9450 -1.580301 3.261728
45900 22.9500 -1.580570 3.243646
45910 22.9550 -1.580902 3.317924
45920 22.9600 -1.581185 3.299063
45930 22.9650 -1.581393 3.285181
45940 22.9700 -1.581322 3.289925
45950 22.9750 -1.581212 3.297207
45960 22.9800 -1.581143 3.301808
45970 22.9850 -1.581026 3.309653
45980 22.9900 -1.580624 3.336562
45990 22.9950 -1.580176 3.366616
46000 23.0000 -1.579867 3.387425
46010 23.0050 -1.579336 3.516088
46020 23.0100 -1.578893 3.546182
46030 23.0150 -1.578363 3.582324
46040 23.0200 -1.577925 3.612248
46050 23.0250 -1.577718 3.626456
46060 23.0300 -1.577710 3.627063
46070 23.0350 -1.577855 3.617092
46080 23.0400 -1.578097 3.600456
46090 23.0450 -1.578686 3.560230
46100 23.0500 -1.579484 3.506041
46110 23.0550 -1.580497 3.527401
46120 23.0600 -1.581791 3.441001
46130 23.0650 -1.582904 3.367399
46140 23.0700 -1.583985 3.296670
46150 23.0750 -1.584955 3.233752
46160 23.0800 -1.585959 3.169266
46170 23.0850 -1.587134 3.094645
46180 23.0900 -1.588048 3.037132
46190 23.0950 -1.588748 2.993506
46200 23.1000 -1.589153 2.968445
46210 23.1050 -1.589504 3.050972
46220 23.1100 -1.589932 3.024626
46230 23.1150 -1.590379 2.997288
46240 23.1200 -1.590686 2.978595
46250 23.1250 -1.590707 2.977298
46260 23.1300 -1.590794 2.971983
46270 23.1350 -1.590759 2.974124
46280 23.1400 -1.590628 2.982074
46290 23.1450 -1.590463 2.992186
46300 23.1500 -1.590320 3.000903
46310 23.1550 -1.590008 3.123282
46320 23.1600 -1.589485 3.155420
46330 23.1650 -1.588811 3.197047
46340 23.1700 -1.588193 3.235485
46350 23.1750 -1.587705 3.266026
46360 23.1800 -1.587402 3.285023
46370 23.1850 -1.587278 3.292782
46380 23.1900 -1.587351 3.288232
46390 23.1950 -1.587426 3.283515
46400 23.2000 -1.587830 3.258168
46410 23.2050 -1.588216 3.330159
46420 23.2100 -1.588749 3.297017
46430 23.2150 -1.589241 3.266580
46440 23.2200 -1.589766 3.234184
46450 23.2250 -1.590427 3.193620
46460 23.2300 -1.590851 3.167772
46470 23.2350 -1.591123 3.151204
46480 23.2400 -1.591217 3.145531
46490 23.2450 -1.591245 3.143795
46500 23.2500 -1.591291 3.140992
46510 23.2550 -1.591414 3.232857
46520 23.2600 -1.591403 3.233570
46530 23.2650 -1.591091 3.252452
46540 23.2700 -1.590782 3.271269
46550 23.2750 -1.590496 3.288712
46560 23.2800 -1.590240 3.304378
46570 23.2850 -1.590297 3.300885
46580 23.2900 -1.590478 3.289845
46590 23.2950 -1.590619 3.281239
46600 23.3000 -1.590604 3.282137
46610 23.3050 -1.590575 3.379372
46620 23.3100 -1.590740 3.369340
46630 23.3150 -1.591113 3.346589
46640 23.3200 -1.591416 3.328205
46650 23.3250 -1.591589 3.317739
46660 23.3300 -1.591722 3.309709
46670 23.3350 -1.591969 3.294744
46680 23.3400 -1.592271 3.276564
46690 23.3450 -1.592646 3.253988
46700 23.3500 -1.593052 3.229654
46710 23.3550 -1.593125 3.322224
46720 23.3600 -1.593147 3.320894
46730 23.3650 -1.593232 3.315823
46740 23.3700 -1.593431 3.303905
46750 23.3750 -1.593666 3.289915
46760 23.3800 -1.593835 3.279845
46770 23.3850 -1.593807 3.281526
46780 23.3900 -1.593847 3.279144
46790 23.3950 -1.593699 3.287951
46800 23.4000 -1.593314 3.310900
46810 23.4050 -1.593001 3.424342
46820 23.4100 -1.592751 3.439279
46830 23.4150 -1.592468 3.456275
46840 23.4200 -1.592172 3.474109
46850 23.4250 -1.591991 3.484969
46860 23.4300 -1.591640 3.506186
46870 23.4350 -1.591150 3.535825
46880 23.4400 -1.590419 3.580235
46890 23.4450 -1.589775 3.619518
46900 23.4500 -1.589074 3.662493
46910 23.4550 -1.588506 3.783284
46920 23.4600 -1.587849 3.823860
46930 23.4650 -1.587011 3.875856
46940 23.4700 -1.586321 3.918763
46950 23.4750 -1.585666 3.959681
46960 23.4800 -1.584982 4.002578
46970 23.4850 -1.584244 4.049006
46980 23.4900 -1.583707 4.082940
46990 23.4950 -1.583346 4.105755
47000 23.5000 -1.583133 4.119223
47010 23.5050 -1.582984 4.204210
47020 23.5100 -1.582897 4.209741
47030 23.5150 -1.582915 4.208596
47040 23.5200 -1.582907 4.209096
47050 23.5250 -1.582952 4.206243
47060 23.5300 -1.583102 4.196734
47070 23.5350 -1.583234 4.188416
47080 23.5400 -1.583590 4.165856
47090 23.5450 -1.584110 4.132990
47100 23.5500 -1.584812 4.088759
47110 23.5550 -1.585628 4.113770
47120 23.5600 -1.586563 4.055265
47130 23.5650 -1.587473 3.998507
47140 23.5700 -1.588410 3.940368
47150 23.5750 -1.589559 3.869390
47160 23.5800 -1.590631 3.803546
47170 23.5850 -1.591364 3.758694
47180 23.5900 -1.591936 3.723863
47190 23.5950 -1.592547 3.686696
47200 23.6000 -1.592994 3.659622
47210 23.6050 -1.593235 3.730951
47220 23.6100 -1.593505 3.714643
47230 23.6150 -1.593585 3.709863
47240 23.6200 -1.593349 3.724097
47250 23.6250 -1.592986 3.746036
47260 23.6300 -1.592580 3.770619
47270 23.6350 -1.591795 3.818342
47280 23.6400 -1.590716 3.884142
47290 23.6450 -1.589489 3.959401
47300 23.6500 -1.588154 4.041769
47310 23.6550 -1.586879 4.197994
47320 23.6600 -1.585687 4.272179
47330 23.6650 -1.584674 4.335444
47340 23.6700 -1.583624 4.401211
47350 23.6750 -1.582438 4.475712
47360 23.6800 -1.581334 4.545327
47370 23.6850 -1.580334 4.608481
47380 23.6900 -1.579388 4.668390
47390 23.6950 -1.578471 4.726528
47400 23.7000 -1.577633 4.779805
47410 23.7050 -1.577019 4.881688
47420 23.7100 -1.576615 4.907411
47430 23.7150 -1.576519 4.913497
47440 23.7200 -1.576761 4.898106
47450 23.7250 -1.577421 4.856116
47460 23.7300 -1.578436 4.791588
47470 23.7350 -1.579875 4.700283
47480 23.7400 -1.581632 4.589155
47490 23.7450 -1.583568 4.467121
47500 23.7500 -1.585712 4.332602
47510 23.7550 -1.587973 4.262745
47520 23.7600 -1.590178 4.126028
47530 23.7650 -1.592491 3.983557
47540 23.7700 -1.594812 3.841764
47550 23.7750 -1.597070 3.705080
47560 23.7800 -1.599349 3.568425
47570 23.7850 -1.601434 3.444699
47580 23.7900 -1.603387 3.330054
47590 23.7950 -1.605213 3.223975
47600 23.8000 -1.606709 3.137915
47610 23.8050 -1.607942 3.166948
47620 23.8100 -1.608832 3.116484
47630 23.8150 -1.609495 3.079049
47640 23.8200 -1.610034 3.048767
47650 23.8250 -1.610620 3.015937
47660 23.8300 -1.610927 2.998792
47670 23.8350 -1.610794 3.006215
47680 23.8400 -1.610231 3.037727
47690 23.8450 -1.609461 3.081013
47700 23.8500 -1.608422 3.139725
47710 23.8550 -1.607228 3.306984
47720 23.8600 -1.605940 3.380684
47730 23.8650 -1.604533 3.461693
47740 23.8700 -1.603020 3.549415
47750 23.8750 -1.601438 3.641738
47760 23.8800 -1.599803 3.737759
47770 23.8850 -1.598138 3.836121
47780 23.8900 -1.596295 3.945614
47790 23.8950 -1.594514 4.052006
47800 23.9000 -1.592919 4.147756
47810 23.9050 -1.591413 4.313409
47820 23.9100 -1.589941 4.402251
47830 23.9150 -1.588527 4.487852
47840 23.9200 -1.587361 4.558523
47850 23.9250 -1.586505 4.610435
47860 23.9300 -1.585841 4.650801
47870 23.9350 -1.585562 4.667739
47880 23.9400 -1.585849 4.650283
47890 23.9450 -1.586751 4.595492
47900 23.9500 -1.588172 4.509308
47910 23.9550 -1.589788 4.479209
47920 23.9600 -1.591771 4.359404
47930 23.9650 -1.593757 4.239650
47940 23.9700 -1.595814 4.116073
47950 23.9750 -1.597907 3.990830
47960 23.9800 -1.600201 3.854291
47970 23.9850 -1.602448 3.721359
47980 23.9900 -1.604747 3.586334
47990 23.9950 -1.606819 3.465658
48000 24.0000 -1.608647 3.359962
48010 24.0050 -1.610270 3.360221
48020 24.0100 -1.611440 3.293462
48030 24.0150 -1.612143 3.253516
48040 24.0200 -1.612293 3.245027
48050 24.0250 -1.611710 3.278101
48060 24.0300 -1.610585 3.342207
48070 24.0350 -1.609034 3.431113
48080 24.0400 -1.607066 3.544711
48090 24.0450 -1.604701 3.682171
48100 24.0500 -1.602034 3.838445
48110 24.0550 -1.598901 4.104826
48120 24.0600 -1.595465 4.308251
48130 24.0650 -1.591849 4.523044
48140 24.0700 -1.588276 4.735477
48150 24.0750 -1.584872 4.937748
48160 24.0800 -1.581379 5.145000
48170 24.0850 -1.577830 5.354836
48180 24.0900 -1.574365 5.558807
48190 24.0950 -1.571120 5.748747
48200 24.1000 -1.568195 5.918950
48210 24.1050 -1.565674 6.110410
48220 24.1100 -1.563392 6.241368
48230 24.1150 -1.561511 6.348622
48240 24.1200 -1.560046 6.431681
48250 24.1250 -1.559123 6.483788
48260 24.1300 -1.558750 6.504784
48270 24.1350 -1.559113 6.484373
48280 24.1400 -1.559923 6.438643
48290 24.1450 -1.561116 6.371069
48300 24.1500 -1.563008 6.263315
48310 24.1550 -1.565589 6.156714
48320 24.1600 -1.568646 5.979732
48330 24.1650 -1.572231 5.770194
48340 24.1700 -1.576139 5.539720
48350 24.1750 -1.580349 5.289414
48360 24.1800 -1.584853 5.019804
48370 24.1850 -1.589589 4.735095
48380 24.1900 -1.594213 4.456631
48390 24.1950 -1.598664 4.188934
48400 24.2000 -1.602863 3.937566
48410 24.2050 -1.606489 3.801332
48420 24.2100 -1.609538 3.621148
48430 24.2150 -1.611984 3.477662
48440 24.2200 -1.613711 3.377067
48450 24.2250 -1.614705 3.319456
48460 24.2300 -1.614906 3.307806
48470 24.2350 -1.614627 3.323951
48480 24.2400 -1.613657 3.380169
48490 24.2450 -1.612025 3.475237
48500 24.2500 -1.609846 3.603037
48510 24.2550 -1.606975 3.859680
48520 24.2600 -1.603524 4.064242
48530 24.2650 -1.599581 4.298688
48540 24.2700 -1.595695 4.529968
48550 24.2750 -1.591688 4.767948
48560 24.2800 -1.587690 5.004432
48570 24.2850 -1.583714 5.238132
48580 24.2900 -1.579827 5.464920
48590 24.2950 -1.576091 5.680914
48600 24.3000 -1.572623 5.879524
48610 24.3050 -1.569602 6.097011
48620 24.3100 -1.567227 6.230340
48630 24.3150 -1.565424 6.330804
48640 24.3200 -1.564213 6.397918
48650 24.3250 -1.563574 6.433130
48660 24.3300 -1.563712 6.425570
48670 24.3350 -1.564291 6.393612
48680 24.3400 -1.565143 6.346392
48690 24.3450 -1.566374 6.277979
48700 24.3500 -1.567805 6.198025
48710 24.3550 -1.569482 6.145991
48720 24.3600 -1.571639 6.023850
48730 24.3650 -1.574064 5.885331
48740 24.3700 -1.576535 5.742994
48750 24.3750 -1.579141 5.591684
48760 24.3800 -1.581728 5.440303
48770 24.3850 -1.584311 5.288145
48780 24.3900 -1.586668 5.148415
48790 24.3950 -1.588729 5.025634
48800 24.4000 -1.590505 4.919506
48810 24.4050 -1.591987 4.891049
48820 24.4100 -1.593251 4.815078
48830 24.4150 -1.594278 4.753193
48840 24.4200 -1.595098 4.703793
48850 24.4250 -1.595666 4.669506
48860 24.4300 -1.595683 4.668445
48870 24.4350 -1.595015 4.708751
48880 24.4400 -1.593832 4.780104
48890 24.4450 -1.592212 4.877528
48900 24.4500 -1.590089 5.004822
48910 24.4550 -1.587538 5.215867
48920 24.4600 -1.584879 5.373228
48930 24.4650 -1.582260 5.526910
48940 24.4700 -1.579747 5.673104
48950 24.4750 -1.577354 5.811077
48960 24.4800 -1.574959 5.947836
48970 24.4850 -1.572783 6.070912
48980 24.4900 -1.570683 6.188660
48990 24.4950 -1.568787 6.293957
49000 24.5000 -1.567134 6.385044
49010 24.5050 -1.565617 6.508116
49020 24.5100 -1.564073 6.591860
49030 24.5150 -1.562627 6.669625
49040 24.5200 -1.561333 6.738733
49050 24.5250 -1.560292 6.793991
49060 24.5300 -1.559608 6.830089
49070 24.5350 -1.559147 6.854344
49080 24.5400 -1.558908 6.866911
49090 24.5450 -1.558904 6.867115
49100 24.5500 -1.559171 6.853095
49110 24.5550 -1.559818 6.854208
49120 24.5600 -1.560773 6.803695
49130 24.5650 -1.562062 6.735025
49140 24.5700 -1.563634 6.650565
49150 24.5750 -1.565448 6.552233
49160 24.5800 -1.567423 6.443973
49170 24.5850 -1.569640 6.321181
49180 24.5900 -1.572133 6.181405
49190 24.5950 -1.574646 6.038783
49200 24.6000 -1.577294 5.886740
49210 24.6050 -1.579893 5.781785
49220 24.6100 -1.582275 5.641844
49230 24.6150 -1.584379 5.517064
49240 24.6200 -1.586204 5.408052
49250 24.6250 -1.587755 5.314799
49260 24.6300 -1.589041 5.237117
49270 24.6350 -1.590116 5.171877
49280 24.6400 -1.590992 5.118639
49290 24.6450 -1.591330 5.098025
49300 24.6500 -1.591183 5.107016
49310 24.6550 -1.590693 5.194148
49320 24.6600 -1.589948 5.239424
49330 24.6650 -1.589207 5.284341
49340 24.6700 -1.588007 5.356783
49350 24.6750 -1.586609 5.440834
49360 24.6800 -1.585140 5.528571
49370 24.6850 -1.583571 5.621768
49380 24.6900 -1.581901 5.720269
49390 24.6950 -1.580100 5.825645
49400 24.7000 -1.578323 5.928679
49410 24.7050 -1.576370 6.086463
49420 24.7100 -1.574376 6.199815
49430 24.7150 -1.572478 6.306490
49440 24.7200 -1.570677 6.406695
49450 24.7250 -1.568838 6.507820
49460 24.7300 -1.567135 6.600522
49470 24.7350 -1.565591 6.683674
49480 24.7400 -1.563956 6.770795
49490 24.7450 -1.562464 6.849534
49500 24.7500 -1.561093 6.921191
49510 24.7550 -1.560020 7.011305
49520 24.7600 -1.559345 7.046019
49530 24.7650 -1.559084 7.059446
49540 24.7700 -1.559138 7.056641
49550 24.7750 -1.559462 7.040015
49560 24.7800 -1.560106 7.006873
49570 24.7850 -1.560769 6.972531
49580 24.7900 -1.561595 6.929516
49590 24.7950 -1.562584 6.877743
49600 24.8000 -1.563829 6.812034
49610 24.8050 -1.565286 6.769982
49620 24.8100 -1.567016 6.676734
49630 24.8150 -1.568795 6.579746
49640 24.8200 -1.570679 6.475693
49650 24.8250 -1.572857 6.353921
49660 24.8300 -1.575297 6.215438
49670 24.8350 -1.577827 6.069727
49680 24.8400 -1.580321 5.924034
49690 24.8450 -1.582822 5.775954
49700 24.8500 -1.585299 5.627402
49710 24.8550 -1.587623 5.535945
49720 24.8600 -1.589751 5.405511
49730 24.8650 -1.591862 5.274944
49740 24.8700 -1.593793 5.154560
49750 24.8750 -1.595381 5.054937
49760 24.8800 -1.596680 4.973020
49770 24.8850 -1.597838 4.899781
49780 24.8900 -1.598668 4.847146
49790 24.8950 -1.599352 4.803680
49800 24.9000 -1.599757 4.777879
49810 24.9050 -1.599723 4.842908
49820 24.9100 -1.599498 4.857222
49830 24.9150 -1.598897 4.895462
49840 24.9200 -1.598054 4.948900
49850 24.9250 -1.596949 5.018768
49860 24.9300 -1.595769 5.093166
49870 24.9350 -1.594456 5.175532
49880 24.9400 -1.592958 5.268972
49890 24.9450 -1.591556 5.355968
49900 24.9500 -1.590077 5.447115
49910 24.9550 -1.588642 5.587073
49920 24.9600 -1.587287 5.669451
49930 24.9650 -1.585812 5.758348
49940 24.9700 -1.584529 5.835132
49950 24.9750 -1.583413 5.901443
49960 24.9800 -1.582422 5.959907
49970 24.9850 -1.581576 6.009600
49980 24.9900 -1.580828 6.053281
49990 24.9950 -1.580103 6.095404
50000 25.0000 -1.579551 6.127365
50010 25.0050 -1.579519 6.172340
50020 25.0100 -1.579893 6.150697
50030 25.0150 -1.580701 6.103726
50040 25.0200 -1.581778 6.040803
50050 25.0250 -1.583058 5.965403
50060 25.0300 -1.584531 5.877921
50070 25.0350 -1.586007 5.789414
50080 25.0400 -1.587604 5.692733
50090 25.0450 -1.589383 5.584046
50100 25.0500 -1.591158 5.474601
50110 25.0550 -1.592888 5.418647
50120 25.0600 -1.594491 5.318056
50130 25.0650 -1.595957 5.225389
50140 25.0700 -1.597217 5.145284
50150 25.0750 -1.598149 5.085778
50160 25.0800 -1.598703 5.050273
50170 25.0850 -1.598942 5.034980
50180 25.0900 -1.598744 5.047701
50190 25.0950 -1.598046 5.092344
50200 25.1000 -1.596859 5.168074
50210 25.1050 -1.595138 5.333598
50220 25.1100 -1.592915 5.473146
50230 25.1150 -1.590232 5.639449
50240 25.1200 -1.587368 5.814022
50250 25.1250 -1.584204 6.003174
50260 25.1300 -1.580767 6.204024
50270 25.1350 -1.577241 6.404797
50280 25.1400 -1.573666 6.602773
50290 25.1450 -1.569826 6.808992
50300 25.1500 -1.565842 7.015842
50310 25.1550 -1.561850 7.249454
50320 25.1600 -1.557903 7.439885
50330 25.1650 -1.553896 7.625802
50340 25.1700 -1.549869 7.805289
50350 25.1750 -1.545964 7.972186
50360 25.1800 -1.542270 8.123657
50370 25.1850 -1.538791 8.260546
50380 25.1900 -1.535613 8.380648
50390 25.1950 -1.532890 8.479723
50400 25.2000 -1.530811 8.553000
50410 25.2050 -1.529057 8.635047
50420 25.2100 -1.527747 8.678988
50430 25.2150 -1.527077 8.701125
50440 25.2200 -1.526693 8.713683
50450 25.2250 -1.526590 8.717049
50460 25.2300 -1.527116 8.699830
50470 25.2350 -1.527979 8.671247
50480 25.2400 -1.528943 8.638896
50490 25.2450 -1.530262 8.593861
50500 25.2500 -1.532110 8.529340
50510 25.2550 -1.534317 8.472063
50520 25.2600 -1.536744 8.382074
50530 25.2650 -1.539165 8.289475
50540 25.2700 -1.541631 8.192206
50550 25.2750 -1.544087 8.092452
50560 25.2800 -1.546672 7.984364
50570 25.2850 -1.549176 7.876645
50580 25.2900 -1.551662 7.766723
50590 25.2950 -1.553999 7.660800
50600 25.3000 -1.555968 7.569499
50610 25.3050 -1.557806 7.511415
50620 25.3100 -1.559336 7.437892
50630 25.3150 -1.560380 7.387008
50640 25.3200 -1.561159 7.348724
50650 25.3250 -1.561576 7.328110
50660 25.3300 -1.561371 7.338256
50670 25.3350 -1.560661 7.373268
50680 25.3400 -1.559618 7.424197
50690 25.3450 -1.558334 7.486194
50700 25.3500 -1.556574 7.569828
50710 25.3550 -1.554774 7.682628
50720 25.3600 -1.552680 7.778361
50730 25.3650 -1.550287 7.885050
50740 25.3700 -1.547507 8.005466
50750 25.3750 -1.544368 8.136837
50760 25.3800 -1.541089 8.268830
50770 25.3850 -1.537642 8.401785
50780 25.3900 -1.534313 8.524519
50790 25.3950 -1.531313 8.630241
50800 25.4000 -1.528491 8.725461
50810 25.4050 -1.525886 8.830445
50820 25.4100 -1.523555 8.902674
50830 25.4150 -1.521773 8.955903
50840 25.4200 -1.520289 8.998924
50850 25.4250 -1.519210 9.029409
50860 25.4300 -1.518626 9.045681
50870 25.4350 -1.518311 9.054359
50880 25.4400 -1.518469 9.050008
50890 25.4450 -1.519082 9.032987
50900 25.4500 -1.520104 9.004180
50910 25.4550 -1.521513 8.982804
50920 25.4600 -1.523144 8.934357
50930 25.4650 -1.524866 8.881623
50940 25.4700 -1.526756 8.821863
50950 25.4750 -1.528543 8.763591
50960 25.4800 -1.530321 8.703899
50970 25.4850 -1.531879 8.650181
50980 25.4900 -1.533226 8.602741
50990 25.4950 -1.534487 8.557420
51000 25.5000 -1.535615 8.516196
51010 25.5050 -1.536811 8.493850
51020 25.5100 -1.537987 8.449394
51030 25.5150 -1.538936 8.412998
51040 25.5200 -1.539535 8.389768
51050 25.5250 -1.539743 8.381653
51060 25.5300 -1.539605 8.387056
51070 25.5350 -1.539137 8.405216
51080 25.5400 -1.538293 8.437708
51090 25.5450 -1.537174 8.480193
51100 25.5500 -1.535676 8.536058
51110 25.5550 -1.534023 8.618257
51120 25.5600 -1.532268 8.680584
51130 25.5650 -1.530280 8.749118
51140 25.5700 -1.528164 8.819691
51150 25.5750 -1.526284 8.880288
51160 25.5800 -1.524475 8.936737
51170 25.5850 -1.522587 8.993656
51180 25.5900 -1.520860 9.043981
51190 25.5950 -1.519211 9.090441
51200 25.6000 -1.517635 9.133386
51210 25.6050 -1.516098 9.192479
51220 25.6100 -1.514457 9.234226
51230 25.6150 -1.512831 9.274014
51240 25.6200 -1.511184 9.312764
51250 25.6250 -1.509677 9.346854
51260 25.6300 -1.508217 9.378615
51270 25.6350 -1.506892 9.406390
51280 25.6400 -1.505830 9.427918
51290 25.6450 -1.504914 9.445987
51300 25.6500 -1.504300 9.457825
51310 25.6550 -1.503881 9.482757
51320 25.6600 -1.503625 9.487568
51330 25.6650 -1.503653 9.487053
51340 25.6700 -1.504161 9.477462
51350 25.6750 -1.505026 9.460781
51360 25.6800 -1.506154 9.438396
51370 25.6850 -1.507504 9.410653
51380 25.6900 -1.508972 9.379253
51390 25.6950 -1.510701 9.340678
51400 25.7000 -1.512434 9.300272
51410 25.7050 -1.514263 9.273445
51420 25.7100 -1.516220 9.223523
51430 25.7150 -1.518077 9.174085
51440 25.7200 -1.519828 9.125549
51450 25.7250 -1.521472 9.078357
51460 25.7300 -1.522959 9.034303
51470 25.7350 -1.524025 9.001915
51480 25.7400 -1.524885 8.975323
51490 25.7450 -1.525770 8.947471
51500 25.7500 -1.526672 8.918635
51510 25.7550 -1.527511 8.911156
51520 25.7600 -1.528470 8.879515
51530 25.7650 -1.529163 8.856311
51540 25.7700 -1.529809 8.834425
51550 25.7750 -1.530398 8.814284
51560 25.7800 -1.530780 8.801097
51570 25.7850 -1.530987 8.793909
51580 25.7900 -1.531010 8.793103
51590 25.7950 -1.530688 8.804283
51600 25.8000 -1.530128 8.823536
51610 25.8050 -1.529413 8.868148
51620 25.8100 -1.528495 8.898959
51630 25.8150 -1.527251 8.939876
51640 25.8200 -1.525587 8.993234
51650 25.8250 -1.523605 9.054599
51660 25.8300 -1.521373 9.120871
51670 25.8350 -1.519329 9.178931
51680 25.8400 -1.517335 9.233120
51690 25.8450 -1.515574 9.278967
51700 25.8500 -1.513872 9.321483
51710 25.8550 -1.512144 9.380489
51720 25.8600 -1.510550 9.417015
51730 25.8650 -1.509289 9.444794
51740 25.8700 -1.508217 9.467657
51750 25.8750 -1.507391 9.484800
51760 25.8800 -1.506819 9.496416
51770 25.8850 -1.506561 9.501588
51780 25.8900 -1.506583 9.501156
51790 25.8950 -1.506968 9.493408
51800 25.9000 -1.507658 9.479294
51810 25.9050 -1.508487 9.478851
51820 25.9100 -1.509334 9.460685
51830 25.9150 -1.510231 9.440981
51840 25.9200 -1.511204 9.419061
51850 25.9250 -1.512301 9.393614
51860 25.9300 -1.513339 9.368861
51870 25.9350 -1.514316 9.344944
51880 25.9400 -1.515386 9.318071
51890 25.9450 -1.516537 9.288381
51900 25.9500 -1.517617 9.259763
51910 25.9550 -1.518438 9.255451
51920 25.9600 -1.519248 9.233109
51930 25.9650 -1.519878 9.215418
51940 25.9700 -1.520499 9.197757
51950 25.9750 -1.520923 9.185543
51960 25.9800 -1.521421 9.171062
51970 25.9850 -1.521797 9.160057
51980 25.9900 -1.522086 9.151497
51990 25.9950 -1.522221 9.147499
52000 26.0000 -1.522193 9.148334
52010 26.0050 -1.522155 9.167973
52020 26.0100 -1.522077 9.170305
52030 26.0150 -1.521838 9.177359
52040 26.0200 -1.521510 9.186982
52050 26.0250 -1.521197 9.196129
52060 26.0300 -1.520634 9.212392
52070 26.0350 -1.519862 9.234373
52080 26.0400 -1.518810 9.263731
52090 26.0450 -1.517540 9.298208
52100 26.0500 -1.516084 9.336490
52110 26.0550 -1.514709 9.388958
52120 26.0600 -1.513573 9.416887
52130 26.0650 -1.512585 9.440476
52140 26.0700 -1.511727 9.460482
52150 26.0750 -1.510847 9.480480
52160 26.0800 -1.510101 9.497053
52170 26.0850 -1.509601 9.507977
52180 26.0900 -1.509139 9.517922
52190 26.0950 -1.508461 9.532249
52200 26.1000 -1.507666 9.548688
52210 26.1050 -1.507151 9.575692
52220 26.1100 -1.506660 9.585495
52230 26.1150 -1.505932 9.599729
52240 26.1200 -1.505160 9.614453
52250 26.1250 -1.504419 9.628250
52260 26.1300 -1.503524 9.644431
52270 26.1350 -1.502546 9.661554
52280 26.1400 -1.501500 9.679220
52290 26.1450 -1.500413 9.696853
52300 26.1500 -1.499652 9.708779
52310 26.1550 -1.498867 9.736540
52320 26.1600 -1.498121 9.747524
52330 26.1650 -1.497412 9.757673
52340 26.1700 -1.496761 9.766722
52350 26.1750 -1.496009 9.776856
52360 26.1800 -1.495236 9.786940
52370 26.1850 -1.494440 9.796959
52380 26.1900 -1.493579 9.807394
52390 26.1950 -1.492791 9.816579
52400 26.2000 -1.491951 9.825997
52410 26.2050 -1.491117 9.850282
52420 26.2100 -1.490239 9.859303
52430 26.2150 -1.489429 9.867264
52440 26.2200 -1.488472 9.876229
52450 26.2250 -1.487485 9.884981
52460 26.2300 -1.486405 9.893994
52470 26.2350 -1.485308 9.902553
52480 26.2400 -1.484199 9.910626
52490 26.2450 -1.483015 9.918618
52500 26.2500 -1.481991 9.925013
52510 26.2550 -1.480790 9.946835
52520 26.2600 -1.479551 9.953323
52530 26.2650 -1.478449 9.958558
52540 26.2700 -1.477439 9.962938
52550 26.2750 -1.476339 9.967260
52560 26.2800 -1.475477 9.970335
52570 26.2850 -1.474677 9.972950
52580 26.2900 -1.473763 9.975670
52590 26.2950 -1.473065 9.977559
52600 26.3000 -1.472417 9.979173
52610 26.3050 -1.471917 9.995010
52620 26.3100 -1.471629 9.995639
52630 26.3150 -1.471448 9.996022
52640 26.3200 -1.471337 9.996250
52650 26.3250 -1.471145 9.996638
52660 26.3300 -1.470993 9.996939
52670 26.3350 -1.470890 9.997137
52680 26.3400 -1.470784 9.997338
52690 26.3450 -1.470910 9.997099
52700 26.3500 -1.470970 9.996983
52710 26.3550 -1.471015 10.011504
52720 26.3600 -1.471179 10.011181
52730 26.3650 -1.471507 10.010506
52740 26.3700 -1.471709 10.010074
52750 26.3750 -1.471826 10.009819
52760 26.3800 -1.471809 10.009857
52770 26.3850 -1.471605 10.010299
52780 26.3900 -1.471100 10.011337
52790 26.3950 -1.470298 10.012827
52800 26.4000 -1.469420 10.014240
52810 26.4050 -1.468400 10.030145
52820 26.4100 -1.467241 10.031350
52830 26.4150 -1.465825 10.032351
52840 26.4200 -1.464363 10.032882
52850 26.4250 -1.462759 10.032925
52860 26.4300 -1.461193 10.032474
52870 26.4350 -1.459786 10.031695
52880 26.4400 -1.458418 10.030633
52890 26.4450 -1.456915 10.029159
52900 26.4500 -1.455457 10.027458
52910 26.4550 -1.454160 10.040232
52920 26.4600 -1.453163 10.038801
52930 26.4650 -1.452570 10.037907
52940 26.4700 -1.452143 10.037245
52950 26.4750 -1.451794 10.036694
52960 26.4800 -1.451443 10.036131
52970 26.4850 -1.451109 10.035587
52980 26.4900 -1.450924 10.035283
52990 26.4950 -1.450908 10.035256
53000 26.5000 -1.450991 10.035393
53010 26.5050 -1.451088 10.050006
53020 26.5100 -1.451180 10.050156
53030 26.5150 -1.451206 10.050198
53040 26.5200 -1.451272 10.050306
53050 26.5250 -1.451739 10.051058
53060 26.5300 -1.452356 10.052025
53070 26.5350 -1.453096 10.053142
53080 26.5400 -1.453891 10.054284
53090 26.5450 -1.454668 10.055338
53100 26.5500 -1.455609 10.056524
53110 26.5550 -1.456637 10.072062
53120 26.5600 -1.457479 10.072911
53130 26.5650 -1.458161 10.073522
53140 26.5700 -1.458543 10.073833
53150 26.5750 -1.458346 10.073675
53160 26.5800 -1.457711 10.073127
53170 26.5850 -1.456558 10.071977
53180 26.5900 -1.455101 10.070263
53190 26.5950 -1.453548 10.068154
53200 26.6000 -1.451889 10.065625
53210 26.6050 -1.450088 10.076932
53220 26.6100 -1.448059 10.073240
53230 26.6150 -1.445686 10.068638
53240 26.6200 -1.443218 10.063644
53250 26.6250 -1.440548 10.058139
53260 26.6300 -1.437674 10.052238
53270 26.6350 -1.434945 10.046783
53280 26.6400 -1.432325 10.041773
53290 26.6450 -1.429916 10.037426
53300 26.6500 -1.427904 10.034016
53310 26.6550 -1.425863 10.045232
53320 26.6600 -1.423931 10.042363
53330 26.6650 -1.422362 10.040183
53340 26.6700 -1.421013 10.038417
53350 26.6750 -1.420069 10.037241
53360 26.6800 -1.419451 10.036498
53370 26.6850 -1.419155 10.036150
53380 26.6900 -1.419292 10.036311
53390 26.6950 -1.419616 10.036695
53400 26.7000 -1.420111 10.037292
53410 26.7050 -1.420929 10.052754
53420 26.7100 -1.421866 10.053959
53430 26.7150 -1.422819 10.055228
53440 26.7200 -1.423816 10.056604
53450 26.7250 -1.424681 10.057838
53460 26.7300 -1.425451 10.058967
53470 26.7350 -1.426175 10.060053
53480 26.7400 -1.426743 10.060924
53490 26.7450 -1.427107 10.061489
53500 26.7500 -1.427300 10.061790
53510 26.7550 -1.427399 10.076293
53520 26.7600 -1.427258 10.076073
53530 26.7650 -1.426789 10.075341
53540 26.7700 -1.426210 10.074451
53550 26.7750 -1.425538 10.073435
53560 26.7800 -1.424493 10.071892
53570 26.7850 -1.423247 10.070113
53580 26.7900 -1.421536 10.067782
53590 26.7950 -1.419551 10.065238
53600 26.8000 -1.417405 10.062682
53610 26.8050 -1.414985 10.074361
53620 26.8100 -1.412497 10.071830
53630 26.8150 -1.409974 10.069454
53640 26.8200 -1.407331 10.067133
53650 26.8250 -1.404633 10.064896
53660 26.8300 -1.401979 10.062767
53670 26.8350 -1.399231 10.060574
53680 26.8400 -1.396698 10.058496
53690 26.8450 -1.394519 10.056613
53700 26.8500 -1.392700 10.054940
53710 26.8550 -1.391394 10.068035
53720 26.8600 -1.390243 10.066838
53730 26.8650 -1.389383 10.065897
53740 26.8700 -1.388933 10.065387
53750 26.8750 -1.388728 10.065151
53760 26.8800 -1.388837 10.065278
53770 26.8850 -1.389617 10.066157
53780 26.8900 -1.391099 10.067735
53790 26.8950 -1.392798 10.069407
53800 26.9000 -1.394759 10.071189
53810 26.9050 -1.396976 10.087346
53820 26.9100 -1.399430 10.089227
53830 26.9150 -1.401973 10.091053
53840 26.9200 -1.404728 10.092965
53850 26.9250 -1.407559 10.094929
53860 26.9300 -1.410423 10.096988
53870 26.9350 -1.413008 10.098958
53880 26.9400 -1.415401 10.100912
53890 26.9450 -1.417523 10.102769
53900 26.9500 -1.419316 10.104440
53910 26.9550 -1.420704 10.119973
53920 26.9600 -1.421716 10.120992
53930 26.9650 -1.422144 10.121431
53940 26.9700 -1.422165 10.121454
53950 26.9750 -1.421789 10.121067
53960 26.9800 -1.421023 10.120292
53970 26.9850 -1.419885 10.119167
53980 26.9900 -1.418385 10.117735
53990 26.9950 -1.416457 10.115975
54000 27.0000 -1.414152 10.113977
54010 27.0050 -1.411536 10.125946
54020 27.0100 -1.408782 10.123720
54030 27.0150 -1.405826 10.121338
54040 27.0200 -1.402757 10.118799
54050 27.0250 -1.399676 10.116091
54060 27.0300 -1.396758 10.113286
54070 27.0350 -1.393866 10.110179
54080 27.0400 -1.391053 10.106749
54090 27.0450 -1.388542 10.103266
54100 27.0500 -1.386300 10.099755
54110 27.0550 -1.384182 10.110221
54120 27.0600 -1.382324 10.106569
54130 27.0650 -1.380766 10.103205
54140 27.0700 -1.379485 10.100218
54150 27.0750 -1.378473 10.097707
54160 27.0800 -1.377941 10.096332
54170 27.0850 -1.377840 10.096065
54180 27.0900 -1.378063 10.096649
54190 27.0950 -1.378581 10.097982
54200 27.1000 -1.379250 10.099648
54210 27.1050 -1.380085 10.115837
54220 27.1100 -1.381117 10.118175
54230 27.1150 -1.382382 10.120858
54240 27.1200 -1.383652 10.123360
54250 27.1250 -1.385030 10.125869
54260 27.1300 -1.386283 10.127980
54270 27.1350 -1.387428 10.129772
54280 27.1400 -1.388132 10.130814
54290 27.1450 -1.388208 10.130924
54300 27.1500 -1.387957 10.130559
54310 27.1550 -1.387320 10.143680
54320 27.1600 -1.386296 10.142067
54330 27.1650 -1.384854 10.139608
54340 27.1700 -1.383207 10.136515
54350 27.1750 -1.381342 10.132618
54360 27.1800 -1.379078 10.127275
54370 27.1850 -1.376596 10.120568
54380 27.1900 -1.373971 10.112408
54390 27.1950 -1.371256 10.102698
54400 27.2000 -1.368692 10.092223
54410 27.2050 -1.366225 10.095048
54420 27.2100 -1.363886 10.082921
54430 27.2150 -1.361627 10.069901
54440 27.2200 -1.359423 10.055876
54450 27.2250 -1.357133 10.039824
54460 27.2300 -1.354823 10.022018
54470 27.2350 -1.352540 10.002718
54480 27.2400 -1.350385 9.982857
54490 27.2450 -1.348470 9.963802
54500 27.2500 -1.346857 9.946677
54510 27.2550 -1.345497 9.946256
54520 27.2600 -1.344197 9.930977
54530 27.2650 -1.342991 9.916177
54540 27.2700 -1.341935 9.902703
54550 27.2750 -1.341099 9.891682
54560 27.2800 -1.340605 9.885020
54570 27.2850 -1.340482 9.883357
54580 27.2900 -1.340635 9.885440
54590 27.2950 -1.341170 9.892628
54600 27.3000 -1.342167 9.905703
54610 27.3050 -1.343534 9.937898
54620 27.3100 -1.345212 9.957927
54630 27.3150 -1.346953 9.977451
54640 27.3200 -1.348711 9.995939
54650 27.3250 -1.350463 10.013159
54660 27.3300 -1.352089 10.028121
54670 27.3350 -1.353820 10.043006
54680 27.3400 -1.355518 10.056607
54690 27.3450 -1.357130 10.068641
54700 27.3500 -1.358638 10.079154
54710 27.3550 -1.359880 10.101561
54720 27.3600 -1.360876 10.107753
54730 27.3650 -1.361645 10.112335
54740 27.3700 -1.362329 10.116264
54750 27.3750 -1.362941 10.119674
54760 27.3800 -1.363456 10.122466
54770 27.3850 -1.363723 10.123879
54780 27.3900 -1.363924 10.124937
54790 27.3950 -1.363793 10.124251
54800 27.4000 -1.363208 10.121128
54810 27.4050 -1.362373 10.130625
54820 27.4100 -1.361322 10.124531
54830 27.4150 -1.360204 10.117697
54840 27.4200 -1.358743 10.108190
54850 27.4250 -1.357178 10.097263
54860 27.4300 -1.355624 10.085624
54870 27.4350 -1.353938 10.072071
54880 27.4400 -1.352020 10.055425
54890 27.4450 -1.350129 10.037676
54900 27.4500 -1.348500 10.021280
54910 27.4550 -1.346878 10.018411
54920 27.4600 -1.345295 10.000383
54930 27.4650 -1.343761 9.981867
54940 27.4700 -1.342215 9.962148
54950 27.4750 -1.340865 9.944043
54960 27.4800 -1.339643 9.926912
54970 27.4850 -1.338512 9.910409
54980 27.4900 -1.337697 9.898141
54990 27.4950 -1.337402 9.893621
55000 27.5000 -1.337234 9.891014
55010 27.5050 -1.337035 9.902978
55020 27.5100 -1.336928 9.901302
55030 27.5150 -1.336718 9.898003
55040 27.5200 -1.336397 9.892925
55050 27.5250 -1.336108 9.888312
55060 27.5300 -1.336241 9.890438
55070 27.5350 -1.336641 9.896788
55080 27.5400 -1.337253 9.906364
55090 27.5450 -1.337866 9.915759
55100 27.5500 -1.338508 9.925401
55110 27.5550 -1.339434 9.953851
55120 27.5600 -1.340424 9.967851
55130 27.5650 -1.341437 9.981689
55140 27.5700 -1.342194 9.991721
55150 27.5750 -1.342877 10.000529
55160 27.5800 -1.343313 10.006044
55170 27.5850 -1.343530 10.008749
55180 27.5900 -1.343628 10.009971
55190 27.5950 -1.343575 10.009310
55200 27.6000 -1.343294 10.005809
55210 27.6050 -1.342893 10.015312
55220 27.6100 -1.342004 10.003792
55230 27.6150 -1.340705 9.986295
55240 27.6200 -1.339161 9.964420
55250 27.6250 -1.337144 9.934032
55260 27.6300 -1.334929 9.898243
55270 27.6350 -1.332623 9.858189
55280 27.6400 -1.330199 9.812920
55290 27.6450 -1.327826 9.765392
55300 27.6500 -1.325499 9.715586
55310 27.6550 -1.323100 9.676659
55320 27.6600 -1.320848 9.622066
55330 27.6650 -1.318803 9.569727
55340 27.6700 -1.316842 9.517087
55350 27.6750 -1.314926 9.463244
55360 27.6800 -1.313125 9.410501
55370 27.6850 -1.311552 9.362718
55380 27.6900 -1.310086 9.316743
55390 27.6950 -1.308782 9.274665
55400 27.7000 -1.307603 9.235654
55410 27.7050 -1.306609 9.220151
55420 27.7100 -1.305815 9.192855
55430 27.7150 -1.305082 9.167284
55440 27.7200 -1.304276 9.138764
55450 27.7250 -1.303487 9.110444
55460 27.7300 -1.303050 9.094559
55470 27.7350 -1.302840 9.086905
55480 27.7400 -1.302881 9.088411
55490 27.7450 -1.303275 9.102778
55500 27.7500 -1.303915 9.125873
55510 27.7550 -1.304713 9.172935
55520 27.7600 -1.305674 9.206612
55530 27.7650 -1.306946 9.250216
55540 27.7700 -1.308455 9.300571
55550 27.7750 -1.310069 9.352751
55560 27.7800 -1.312005 9.413057
55570 27.7850 -1.314180 9.477843
55580 27.7900 -1.316403 9.540814
55590 27.7950 -1.318530 9.598066
55600 27.8000 -1.320419 9.646445
55610 27.8050 -1.322197 9.705999
55620 27.8100 -1.323898 9.745669
55630 27.8150 -1.325588 9.783288
55640 27.8200 -1.327245 9.818453
55650 27.8250 -1.328688 9.847720
55660 27.8300 -1.330049 9.874169
55670 27.8350 -1.331280 9.897168
55680 27.8400 -1.332317 9.915831
55690 27.8450 -1.333072 9.929040
55700 27.8500 -1.333637 9.938726
55710 27.8550 -1.333640 9.953616
55720 27.8600 -1.333325 9.948246
55730 27.8650 -1.332710 9.937605
55740 27.8700 -1.331608 9.917970
55750 27.8750 -1.330420 9.896016
55760 27.8800 -1.329072 9.870091
55770 27.8850 -1.327696 9.842495
55780 27.8900 -1.326152 9.810148
55790 27.8950 -1.324266 9.768603
55800 27.9000 -1.322200 9.720543
55810 27.9050 -1.319933 9.680388
55820 27.9100 -1.317472 9.615856
55830 27.9150 -1.314968 9.546002
55840 27.9200 -1.312519 9.473638
55850 27.9250 -1.310213 9.401760
55860 27.9300 -1.307969 9.328324
55870 27.9350 -1.305646 9.248703
55880 27.9400 -1.303387 9.167736
55890 27.9450 -1.301164 9.084724
55900 27.9500 -1.299147 9.006511
55910 27.9550 -1.297398 8.955776
55920 27.9600 -1.295814 8.890591
55930 27.9650 -1.294365 8.829558
55940 27.9700 -1.293163 8.777857
55950 27.9750 -1.292118 8.732164
55960 27.9800 -1.291468 8.703390
55970 27.9850 -1.290947 8.680137
55980 27.9900 -1.290572 8.663289
55990 27.9950 -1.290641 8.666403
56000 28.0000 -1.290904 8.678235
56010 28.0050 -1.291203 8.712734
56020 28.0100 -1.291730 8.736166
56030 28.0150 -1.292201 8.756958
56040 28.0200 -1.292889 8.787058
56050 28.0250 -1.293796 8.826289
56060 28.0300 -1.295085 8.881096
56070 28.0350 -1.296506 8.940273
56080 28.0400 -1.297895 8.996764
56090 28.0450 -1.299557 9.062685
56100 28.0500 -1.301484 9.136756
56110 28.0550 -1.303323 9.223641
56120 28.0600 -1.304875 9.279448
56130 28.0650 -1.306506 9.336272
56140 28.0700 -1.308253 9.395053
56150 28.0750 -1.309888 9.448119
56160 28.0800 -1.311376 9.494792
56170 28.0850 -1.312915 9.541447
56180 28.0900 -1.314382 9.584346
56190 28.0950 -1.315853 9.625878
56200 28.1000 -1.317342 9.666393
56210 28.1050 -1.318654 9.716842
56220 28.1100 -1.319900 9.748440
56230 28.1150 -1.321074 9.777262
56240 28.1200 -1.321914 9.797302
56250 28.1250 -1.322639 9.814207
56260 28.1300 -1.323320 9.829776
56270 28.1350 -1.323898 9.842745
56280 28.1400 -1.324468 9.855324
56290 28.1450 -1.325106 9.869140
56300 28.1500 -1.325779 9.883447
56310 28.1550 -1.326594 9.915434
56320 28.1600 -1.327527 9.934260
56330 28.1650 -1.328450 9.952342
56340 28.1700 -1.329471 9.971691
56350 28.1750 -1.330374 9.988284
56360 28.1800 -1.331231 10.003550
56370 28.1850 -1.332124 10.018973
56380 28.1900 -1.333074 10.034835
56390 28.1950 -1.333897 10.048157
56400 28.2000 -1.334602 10.059241
56410 28.2050 -1.335273 10.083883
56420 28.2100 -1.336112 10.096369
56430 28.2150 -1.336936 10.108221
56440 28.2200 -1.337634 10.117968
56450 28.2250 -1.338254 10.126395
56460 28.2300 -1.338979 10.135965
56470 28.2350 -1.339682 10.144982
56480 28.2400 -1.340273 10.152344
56490 28.2450 -1.340882 10.159743
56500 28.2500 -1.341369 10.165506
56510 28.2550 -1.341897 10.185555
56520 28.2600 -1.342425 10.191527
56530 28.2650 -1.342885 10.196602
56540 28.2700 -1.343263 10.200686
56550 28.2750 -1.343422 10.202385
56560 28.2800 -1.343667 10.204979
56570 28.2850 -1.344060 10.209072
56580 28.2900 -1.344506 10.213624
56590 28.2950 -1.344928 10.217839
56600 28.3000 -1.345331 10.221780
56610 28.3050 -1.345625 10.238324
56620 28.3100 -1.345767 10.239669
56630 28.3150 -1.345749 10.239498
56640 28.3200 -1.345566 10.237757
56650 28.3250 -1.345350 10.235687
56660 28.3300 -1.345062 10.232874
56670 28.3350 -1.344642 10.228708
56680 28.3400 -1.344283 10.225076
56690 28.3450 -1.343722 10.219274
56700 28.3500 -1.343206 10.213786
56710 28.3550 -1.342924 10.224478
56720 28.3600 -1.342651 10.221476
56730 28.3650 -1.342432 10.219048
56740 28.3700 -1.342162 10.216006
56750 28.3750 -1.341857 10.212531
56760 28.3800 -1.341744 10.211233
56770 28.3850 -1.341560 10.209091
56780 28.3900 -1.341368 10.206851
56790 28.3950 -1.341357 10.206718
56800 28.4000 -1.341513 10.208547
56810 28.4050 -1.341664 10.224072
56820 28.4100 -1.341660 10.224030
56830 28.4150 -1.341850 10.226222
56840 28.4200 -1.341947 10.227331
56850 28.4250 -1.342050 10.228502
56860 28.4300 -1.342261 10.230899
56870 28.4350 -1.342584 10.234500
56880 28.4400 -1.342720 10.236008
56890 28.4450 -1.342704 10.235832
56900 28.4500 -1.342717 10.235971
56910 28.4550 -1.342787 10.250412
56920 28.4600 -1.343124 10.254078
56930 28.4650 -1.343911 10.262410
56940 28.4700 -1.344685 10.270282
56950 28.4750 -1.345477 10.278009
56960 28.4800 -1.346231 10.285073
56970 28.4850 -1.347046 10.292380
56980 28.4900 -1.347819 10.299008
56990 28.4950 -1.348569 10.305162
57000 28.5000 -1.349216 10.310246
57010 28.5050 -1.349751 10.327687
57020 28.5100 -1.350180 10.330846
57030 28.5150 -1.350596 10.333819
57040 28.5200 -1.350874 10.335767
57050 28.5250 -1.351034 10.336870
57060 28.5300 -1.351070 10.337117
57070 28.5350 -1.351385 10.339244
57080 28.5400 -1.351847 10.342291
57090 28.5450 -1.352246 10.344846
57100 28.5500 -1.352888 10.348802
57110 28.5550 -1.353600 10.366217
57120 28.5600 -1.354592 10.371669
57130 28.5650 -1.355686 10.377197
57140 28.5700 -1.356737 10.382036
57150 28.5750 -1.358116 10.387720
57160 28.5800 -1.359704 10.393354
57170 28.5850 -1.361558 10.398759
57180 28.5900 -1.363337 10.402820
57190 28.5950 -1.365326 10.406130
57200 28.6000 -1.367308 10.408218
57210 28.6050 -1.369277 10.422193
57220 28.6100 -1.371108 10.422136
57230 28.6150 -1.372653 10.421430
57240 28.6200 -1.373735 10.420597
57250 28.6250 -1.374416 10.419939
57260 28.6300 -1.374656 10.419682
57270 28.6350 -1.374811 10.419510
57280 28.6400 -1.374765 10.419562
57290 28.6450 -1.374767 10.419559
57300 28.6500 -1.374590 10.419754
57310 28.6550 -1.374001 10.433332
57320 28.6600 -1.373086 10.434104
57330 28.6650 -1.371940 10.434790
57340 28.6700 -1.370574 10.435182
57350 28.6750 -1.369119 10.435060
57360 28.6800 -1.367843 10.434471
57370 28.6850 -1.366636 10.433479
57380 28.6900 -1.365699 10.432405
57390 28.6950 -1.364786 10.431094
57400 28.7000 -1.363971 10.429697
57410 28.7050 -1.363259 10.441239
57420 28.7100 -1.362502 10.439556
57430 28.7150 -1.361913 10.438108
57440 28.7200 -1.361536 10.437114
57450 28.7250 -1.361422 10.436804
57460 28.7300 -1.361485 10.436976
57470 28.7350 -1.361658 10.437442
57480 28.7400 -1.362074 10.438515
57490 28.7450 -1.362548 10.439664
57500 28.7500 -1.363117 10.440938
57510 28.7550 -1.363827 10.455275
57520 28.7600 -1.364780 10.456924
57530 28.7650 -1.366030 10.458632
57540 28.7700 -1.367524 10.460017
57550 28.7750 -1.369246 10.460774
57560 28.7800 -1.371165 10.460620
57570 28.7850 -1.372895 10.459640
57580 28.7900 -1.374467 10.458104
57590 28.7950 -1.376059 10.455964
57600 28.8000 -1.377778 10.453040
57610 28.8050 -1.379468 10.462441
57620 28.8100 -1.381138 10.458496
57630 28.8150 -1.382689 10.454401
57640 28.8200 -1.384302 10.449739
57650 28.8250 -1.385933 10.444647
57660 28.8300 -1.387299 10.440117
57670 28.8350 -1.388466 10.436072
57680 28.8400 -1.389599 10.432007
57690 28.8450 -1.390681 10.428007
57700 28.8500 -1.391693 10.424174
57710 28.8550 -1.392578 10.433718
57720 28.8600 -1.393306 10.430858
57730 28.8650 -1.393841 10.428728
57740 28.8700 -1.394244 10.427114
57750 28.8750 -1.394672 10.425387
57760 28.8800 -1.395140 10.423485
57770 28.8850 -1.395386 10.422481
57780 28.8900 -1.395691 10.421229
57790 28.8950 -1.395934 10.420230
57800 28.9000 -1.396035 10.419814
57810 28.9050 -1.395982 10.433013
57820 28.9100 -1.395814 10.433705
57830 28.9150 -1.395518 10.434921
57840 28.9200 -1.395171 10.436337
57850 28.9250 -1.394844 10.437669
57860 28.9300 -1.394501 10.439054
57870 28.9350 -1.394216 10.440200
57880 28.9400 -1.394132 10.440536
57890 28.9450 -1.394436 10.439315
57900 28.9500 -1.394979 10.437119
57910 28.9550 -1.395693 10.447121
57920 28.9600 -1.396605 10.443348
57930 28.9650 -1.397674 10.438864
57940 28.9700 -1.398660 10.434676
57950 28.9750 -1.399721 10.430123
57960 28.9800 -1.400977 10.424684
57970 28.9850 -1.402283 10.418985
57980 28.9900 -1.403490 10.413688
57990 28.9950 -1.404777 10.408027
58000 29.0000 -1.406228 10.401637
58010 29.0050 -1.407705 10.408188
58020 29.0100 -1.409111 10.402022
58030 29.0150 -1.410476 10.396066
58040 29.0200 -1.411908 10.389867
58050 29.0250 -1.413263 10.384056
58060 29.0300 -1.414546 10.378618
58070 29.0350 -1.415833 10.373234
58080 29.0400 -1.417001 10.368411
58090 29.0450 -1.417931 10.364625
58100 29.0500 -1.418463 10.362476
58110 29.0550 -1.418772 10.374427
58120 29.0600 -1.418892 10.373946
58130 29.0650 -1.418908 10.373882
58140 29.0700 -1.418655 10.374896
58150 29.0750 -1.418052 10.377323
58160 29.0800 -1.417456 10.379738
58170 29.0850 -1.416897 10.382021
58180 29.0900 -1.416168 10.385020
58190 29.0950 -1.415308 10.388586
58200 29.1000 -1.414369 10.392513
58210 29.1050 -1.413495 10.409274
58220 29.1100 -1.412603 10.413049
58230 29.1150 -1.411827 10.416351
58240 29.1200 -1.411091 10.419497
58250 29.1250 -1.410657 10.421354
58260 29.1300 -1.410287 10.422940
58270 29.1350 -1.409918 10.424520
58280 29.1400 -1.409360 10.426918
58290 29.1450 -1.408904 10.428878
58300 29.1500 -1.408751 10.429539
58310 29.1550 -1.409052 10.441188
58320 29.1600 -1.409777 10.438071
58330 29.1650 -1.410570 10.434663
58340 29.1700 -1.411340 10.431358
58350 29.1750 -1.412004 10.428515
58360 29.1800 -1.412800 10.425118
58370 29.1850 -1.413768 10.420998
58380 29.1900 -1.414788 10.416686
58390 29.1950 -1.416079 10.411267
58400 29.2000 -1.417388 10.405825
58410 29.2050 -1.418935 10.412506
58420 29.2100 -1.420495 10.406189
58430 29.2150 -1.422068 10.399919
58440 29.2200 -1.423447 10.394510
58450 29.2250 -1.424842 10.389135
58460 29.2300 -1.426113 10.384319
58470 29.2350 -1.427058 10.380789
58480 29.2400 -1.427775 10.378143
58490 29.2450 -1.428323 10.376138
58500 29.2500 -1.428551 10.375311
58510 29.2550 -1.428539 10.388496
58520 29.2600 -1.428469 10.388752
58530 29.2650 -1.428176 10.389818
58540 29.2700 -1.427754 10.391362
58550 29.2750 -1.427119 10.393702
58560 29.2800 -1.426483 10.396065
58570 29.2850 -1.425866 10.398370
58580 29.2900 -1.425209 10.400850
58590 29.2950 -1.424415 10.403870
58600 29.3000 -1.423687 10.406660
58610 29.3050 -1.422797 10.423131
58620 29.3100 -1.422117 10.425780
58630 29.3150 -1.421652 10.427600
58640 29.3200 -1.421225 10.429281
58650 29.3250 -1.421027 10.430061
58660 29.3300 -1.420954 10.430350
58670 29.3350 -1.421043 10.429996
58680 29.3400 -1.421303 10.428973
58690 29.3450 -1.421749 10.427221
58700 29.3500 -1.422314 10.425010
58710 29.3550 -1.423004 10.435290
58720 29.3600 -1.424018 10.431372
58730 29.3650 -1.425270 10.426578
58740 29.3700 -1.426484 10.421984
58750 29.3750 -1.427914 10.416639
58760 29.3800 -1.429594 10.410453
58770 29.3850 -1.431151 10.404810
58780 29.3900 -1.432896 10.398592
58790 29.3950 -1.434787 10.391966
58800 29.4000 -1.436870 10.384792
58810 29.4050 -1.438857 10.391154
58820 29.4100 -1.440861 10.384403
58830 29.4150 -1.442827 10.377808
58840 29.4200 -1.444711 10.371472
58850 29.4250 -1.446542 10.365276
58860 29.4300 -1.448423 10.358824
58870 29.4350 -1.450140 10.352821
58880 29.4400 -1.451774 10.346972
58890 29.4450 -1.453268 10.341481
58900 29.4500 -1.454749 10.335866
58910 29.4550 -1.456025 10.344163
58920 29.4600 -1.457087 10.339874
58930 29.4650 -1.457977 10.336177
58940 29.4700 -1.458389 10.334432
58950 29.4750 -1.458425 10.334278
58960 29.4800 -1.458058 10.335834
58970 29.4850 -1.457063 10.339972
58980 29.4900 -1.455846 10.344873
58990 29.4950 -1.454445 10.350323
59000 29.5000 -1.452668 10.356981
59010 29.5050 -1.450521 10.377909
59020 29.5100 -1.448335 10.385468
59030 29.5150 -1.446087 10.393011
59040 29.5200 -1.444168 10.399318
59050 29.5250 -1.442140 10.405905
59060 29.5300 -1.440185 10.412219
59070 29.5350 -1.438303 10.418294
59080 29.5400 -1.436553 10.423964
59090 29.5450 -1.435094 10.428722
59100 29.5500 -1.434016 10.432258
59110 29.5550 -1.433264 10.447671
59120 29.5600 -1.432868 10.448979
59130 29.5650 -1.432865 10.448987
59140 29.5700 -1.432979 10.448611
59150 29.5750 -1.433223 10.447804
59160 29.5800 -1.433874 10.445661
59170 29.5850 -1.434935 10.442175
59180 29.5900 -1.436369 10.437483
59190 29.5950 -1.437999 10.432170
59200 29.6000 -1.439805 10.426294
59210 29.6050 -1.442027 10.431985
59220 29.6100 -1.444422 10.424047
59230 29.6150 -1.446815 10.415938
59240 29.6200 -1.449296 10.407249
59250 29.6250 -1.451631 10.398717
59260 29.6300 -1.453711 10.390748
59270 29.6350 -1.455830 10.382189
59280 29.6400 -1.457909 10.373278
59290 29.6450 -1.459939 10.363994
59300 29.6500 -1.461627 10.355781
59310 29.6550 -1.463073 10.361555
59320 29.6600 -1.464209 10.355425
59330 29.6650 -1.464942 10.351318
59340 29.6700 -1.465400 10.348698
59350 29.6750 -1.465536 10.347909
59360 29.6800 -1.465244 10.349598
59370 29.6850 -1.464606 10.353214
59380 29.6900 -1.463654 10.358452
59390 29.6950 -1.462479 10.364661
59400 29.7000 -1.461246 10.370893
59410 29.7050 -1.459899 10.390549
59420 29.7100 -1.458277 10.397961
59430 29.7150 -1.456526 10.405516
59440 29.7200 -1.454444 10.413961
59450 29.7250 -1.452178 10.422583
59460 29.7300 -1.449993 10.430436
59470 29.7350 -1.447940 10.437469
59480 29.7400 -1.446036 10.443756
59490 29.7450 -1.444376 10.449085
59500 29.7500 -1.443067 10.453209
59510 29.7550 -1.442103 10.469068
59520 29.7600 -1.441740 10.470190
59530 29.7650 -1.441408 10.471209
59540 29.7700 -1.441481 10.470985
59550 29.7750 -1.441930 10.469603
59560 29.7800 -1.442572 10.467612
59570 29.7850 -1.443314 10.465296
59580 29.7900 -1.444164 10.462613
59590 29.7950 -1.445461 10.458459
59600 29.8000 -1.447192 10.452780
59610 29.8050 -1.449262 10.458587
59620 29.8100 -1.451425 10.450834
59630 29.8150 -1.453723 10.442089
59640 29.8200 -1.456242 10.431772
59650 29.8250 -1.458707 10.420805
59660 29.8300 -1.461265 10.408355
59670 29.8350 -1.463867 10.394400
59680 29.8400 -1.466584 10.378222
59690 29.8450 -1.469229 10.360693
59700 29.8500 -1.471673 10.342751
59710 29.8550 -1.474069 10.336612
59720 29.8600 -1.476403 10.315807
59730 29.8650 -1.478709 10.293273
59740 29.8700 -1.480636 10.272833
59750 29.8750 -1.482292 10.254034
59760 29.8800 -1.483706 10.237032
59770 29.8850 -1.484880 10.222241
59780 29.8900 -1.485699 10.211545
59790 29.8950 -1.486088 10.206350
59800 29.9000 -1.486002 10.207506
59810 29.9050 -1.485304 10.230514
59820 29.9100 -1.484233 10.244239
59830 29.9150 -1.482745 10.262434
59840 29.9200 -1.481002 10.282493
59850 29.9250 -1.479120 10.302690
59860 29.9300 -1.477129 10.322492
59870 29.9350 -1.475105 10.341063
59880 29.9400 -1.473010 10.358735
59890 29.9450 -1.470807 10.375727
59900 29.9500 -1.468707 10.390517
59910 29.9550 -1.466724 10.416403
59920 29.9600 -1.464834 10.427620
59930 29.9650 -1.462888 10.438255
59940 29.9700 -1.460895 10.448261
59950 29.9750 -1.459080 10.456676
59960 29.9800 -1.457510 10.463464
59970 29.9850 -1.456089 10.469253
59980 29.9900 -1.454978 10.473562
59990 29.9950 -1.454204 10.476460
60000 30.0000 -1.453690 10.478340
60010 30.0050 -1.453375 10.492244
60020 30.0100 -1.453426 10.492061
60030 30.0150 -1.453782 10.490776
60040 30.0200 -1.454074 10.489708
60050 30.0250 -1.454413 10.488455
60060 30.0300 -1.454771 10.487111
60070 30.0350 -1.455249 10.485290
60080 30.0400 -1.456045 10.482181
60090 30.0450 -1.456979 10.478408
60100 30.0500 -1.457777 10.475065
60110 30.0550 -1.458701 10.483841
60120 30.0600 -1.459679 10.479418
60130 30.0650 -1.460712 10.474546
60140 30.0700 -1.461907 10.468621
60150 30.0750 -1.462994 10.462959
60160 30.0800 -1.464157 10.456593
60170 30.0850 -1.465158 10.450846
60180 30.0900 -1.465871 10.446594
60190 30.0950 -1.466433 10.443144
60200 30.1000 -1.466746 10.441186
60210 30.1050 -1.466957 10.452754
60220 30.1100 -1.467000 10.452481
60230 30.1150 -1.466807 10.453706
60240 30.1200 -1.466487 10.455713
60250 30.1250 -1.465904 10.459293
60260 30.1300 -1.465433 10.462120
60270 30.1350 -1.464890 10.465301
60280 30.1400 -1.464028 10.470198
60290 30.1450 -1.463040 10.475581
60300 30.1500 -1.461893 10.481535
60310 30.1550 -1.460529 10.500983
60320 30.1600 -1.459127 10.507428
60330 30.1650 -1.457690 10.513624
60340 30.1700 -1.456032 10.520289
60350 30.1750 -1.454283 10.526808
60360 30.1800 -1.452666 10.532407
60370 30.1850 -1.451073 10.537569
60380 30.1900 -1.449424 10.542570
60390 30.1950 -1.447979 10.546701
60400 30.2000 -1.446545 10.550592
60410 30.2050 -1.445247 10.566463
60420 30.2100 -1.444027 10.569484
60430 30.2150 -1.442901 10.572169
60440 30.2200 -1.441939 10.574390
60450 30.2250 -1.441111 10.576256
60460 30.2300 -1.440319 10.578001
60470 30.2350 -1.439597 10.579560
60480 30.2400 -1.439032 10.580761
60490 30.2450 -1.438485 10.581909
60500 30.2500 -1.437900 10.583121
60510 30.2550 -1.437414 10.596517
60520 30.2600 -1.437065 10.597224
60530 30.2650 -1.436878 10.597602
60540 30.2700 -1.437062 10.597230
60550 30.2750 -1.437405 10.596535
60560 30.2800 -1.437851 10.595623
60570 30.2850 -1.438276 10.594745
60580 30.2900 -1.438661 10.593941
60590 30.2950 -1.439337 10.592512
60600 30.3000 -1.440105 10.590855
60610 30.3050 -1.441204 10.600794
60620 30.3100 -1.442514 10.597780
60630 30.3150 -1.443935 10.594357
60640 30.3200 -1.445547 10.590259
60650 30.3250 -1.446946 10.586497
60660 30.3300 -1.448199 10.582949
60670 30.3350 -1.449396 10.579387
60680 30.3400 -1.450275 10.576658
60690 30.3450 -1.450646 10.575475
60700 30.3500 -1.450702 10.575295
60710 30.3550 -1.450648 10.587898
60720 30.3600 -1.450340 10.588879
60730 30.3650 -1.449656 10.591017
60740 30.3700 -1.448630 10.594104
60750 30.3750 -1.447396 10.597644
60760 30.3800 -1.445851 10.601829
60770 30.3850 -1.444054 10.606382
60780 30.3900 -1.441844 10.611573
60790 30.3950 -1.439501 10.616655
60800 30.4000 -1.436974 10.621728
60810 30.4050 -1.434262 10.639039
60820 30.4100 -1.431797 10.643309
60830 30.4150 -1.429527 10.647026
60840 30.4200 -1.427503 10.650189
60850 30.4250 -1.425742 10.652840
60860 30.4300 -1.424183 10.655115
60870 30.4350 -1.422862 10.656995
60880 30.4400 -1.421935 10.658287
60890 30.4450 -1.421392 10.659036
60900 30.4500 -1.421134 10.659388
60910 30.4550 -1.421177 10.671469
60920 30.4600 -1.421522 10.670997
60930 30.4650 -1.422172 10.670096
60940 30.4700 -1.423249 10.668577
60950 30.4750 -1.424574 10.666662
60960 30.4800 -1.426045 10.664472
60970 30.4850 -1.427583 10.662105
60980 30.4900 -1.429077 10.659728
60990 30.4950 -1.430649 10.657134
61000 30.5000 -1.432282 10.654332
61010 30.5050 -1.433781 10.663802
61020 30.5100 -1.435192 10.661158
61030 30.5150 -1.436525 10.658551
61040 30.5200 -1.437621 10.656317
61050 30.5250 -1.438470 10.654528
61060 30.5300 -1.438867 10.653675
61070 30.5350 -1.438893 10.653618
61080 30.5400 -1.438383 10.654716
61090 30.5450 -1.437758 10.656033
61100 30.5500 -1.436833 10.657931
61110 30.5550 -1.435730 10.672261
61120 30.5600 -1.434544 10.674518
61130 30.5650 -1.433282 10.676824
61140 30.5700 -1.431929 10.679190
61150 30.5750 -1.430399 10.681746
61160 30.5800 -1.428965 10.684034
61170 30.5850 -1.427902 10.685667
61180 30.5900 -1.427020 10.686983
61190 30.5950 -1.426041 10.688404
61200 30.6000 -1.425012 10.689856
61210 30.6050 -1.423980 10.703301
61220 30.6100 -1.423002 10.704594
61230 30.6150 -1.421945 10.705945
61240 30.6200 -1.420786 10.707370
61250 30.6250 -1.419651 10.708712
61260 30.6300 -1.418618 10.709886
61270 30.6350 -1.417814 10.710768
61280 30.6400 -1.417135 10.711494
61290 30.6450 -1.416522 10.712130
61300 30.6500 -1.416011 10.712650
61310 30.6550 -1.415563 10.725056
61320 30.6600 -1.415178 10.725431
61330 30.6650 -1.414864 10.725731
61340 30.6700 -1.414550 10.726028
61350 30.6750 -1.413996 10.726537
61360 30.6800 -1.413352 10.727111
61370 30.6850 -1.412571 10.727780
61380 30.6900 -1.412175 10.728107
61390 30.6950 -1.412021 10.728233
61400 30.7000 -1.412131 10.728143
61410 30.7050 -1.412472 10.739771
61420 30.7100 -1.412954 10.739363
61430 30.7150 -1.413538 10.738851
61440 30.7200 -1.414451 10.738016
61450 30.7250 -1.415666 10.736833
61460 30.7300 -1.416875 10.735580
61470 30.7350 -1.417983 10.734364
61480 30.7400 -1.419060 10.733121
61490 30.7450 -1.420107 10.731858
61500 30.7500 -1.420961 10.730784
61510 30.7550 -1.421555 10.741915
61520 30.7600 -1.421933 10.741416
61530 30.7650 -1.421928 10.741422
61540 30.7700 -1.421849 10.741527
61550 30.7750 -1.421767 10.741636
61560 30.7800 -1.421826 10.741557
61570 30.7850 -1.421650 10.741791
61580 30.7900 -1.421369 10.742158
61590 30.7950 -1.420800 10.742890
61600 30.8000 -1.419878 10.744035
61610 30.8050 -1.418663 10.757326
61620 30.8100 -1.417144 10.758994
61630 30.8150 -1.415597 10.760546
61640 30.8200 -1.413921 10.762061
61650 30.8250 -1.412111 10.763496
61660 30.8300 -1.410480 10.764606
61670 30.8350 -1.408770 10.765577
61680 30.8400 -1.407123 10.766318
61690 30.8450 -1.405506 10.766851
61700 30.8500 -1.403763 10.767200
61710 30.8550 -1.402077 10.779077
61720 30.8600 -1.400545 10.778944
61730 30.8650 -1.399110 10.778618
61740 30.8700 -1.397929 10.778199
61750 30.8750 -1.396863 10.777698
61760 30.8800 -1.396087 10.777257
61770 30.8850 -1.395410 10.776819
61780 30.8900 -1.394813 10.776391
61790 30.8950 -1.394411 10.776080
61800 30.9000 -1.394097 10.775824
61810 30.9050 -1.393817 10.787337
61820 30.9100 -1.393611 10.787155
61830 30.9150 -1.393768 10.787294
61840 30.9200 -1.394407 10.787827
61850 30.9250 -1.394962 10.788251
61860 30.9300 -1.395365 10.788535
61870 30.9350 -1.395977 10.788932
61880 30.9400 -1.396723 10.789357
61890 30.9450 -1.397702 10.789822
61900 30.9500 -1.398857 10.790238
61910 30.9550 -1.400330 10.802266
61920 30.9600 -1.401917 10.802363
61930 30.9650 -1.403548 10.802201
61940 30.9700 -1.405260 10.801759
61950 30.9750 -1.406744 10.801159
61960 30.9800 -1.407901 10.800557
61970 30.9850 -1.408712 10.800066
61980 30.9900 -1.409321 10.799662
61990 30.9950 -1.410127 10.799080
62000 31.0000 -1.411085 10.798320
62010 31.0050 -1.412030 10.809173
62020 31.0100 -1.412757 10.808489
62030 31.0150 -1.413176 10.808076
62040 31.0200 -1.413389 10.807860
62050 31.0250 -1.413308 10.807942
62060 31.0300 -1.412797 10.808451
62070 31.0350 -1.411632 10.809530
62080 31.0400 -1.409969 10.810873
62090 31.0450 -1.407961 10.812177
62100 31.0500 -1.405892 10.813141
62110 31.0550 -1.403449 10.825375
62120 31.0600 -1.400744 10.825314
62130 31.0650 -1.397790 10.824309
62140 31.0700 -1.394738 10.822161
62150 31.0750 -1.391707 10.818817
62160 31.0800 -1.388808 10.814395
62170 31.0850 -1.386130 10.809156
62180 31.0900 -1.383519 10.802897
62190 31.0950 -1.381148 10.796154
62200 31.1000 -1.379254 10.789996
62210 31.1050 -1.377735 10.796233
62220 31.1100 -1.376242 10.790371
62230 31.1150 -1.374909 10.784717
62240 31.1200 -1.373722 10.779330
62250 31.1250 -1.372734 10.774589
62260 31.1300 -1.372023 10.771024
62270 31.1350 -1.371731 10.769528
62280 31.1400 -1.371726 10.769498
62290 31.1450 -1.371927 10.770533
62300 31.1500 -1.372433 10.773096
62310 31.1550 -1.373178 10.788506
62320 31.1600 -1.373888 10.791860
62330 31.1650 -1.374483 10.794572
62340 31.1700 -1.375402 10.798596
62350 31.1750 -1.376412 10.802785
62360 31.1800 -1.377365 10.806530
62370 31.1850 -1.378328 10.810103
62380 31.1900 -1.379399 10.813843
62390 31.1950 -1.380518 10.817491
62400 31.2000 -1.381677 10.821003
62410 31.2050 -1.382747 10.835604
62420 31.2100 -1.383545 10.837696
62430 31.2150 -1.384102 10.839081
62440 31.2200 -1.384345 10.839668
62450 31.2250 -1.384237 10.839408
62460 31.2300 -1.383748 10.838208
62470 31.2350 -1.382724 10.835543
62480 31.2400 -1.381412 10.831825
62490 31.2450 -1.380109 10.827787
62500 31.2500 -1.378577 10.822575
62510 31.2550 -1.376756 10.827300
62520 31.2600 -1.374868 10.819345
62530 31.2650 -1.372934 10.810278
62540 31.2700 -1.370832 10.799318
62550 31.2750 -1.368856 10.787910
62560 31.2800 -1.366835 10.775080
62570 31.2850 -1.364689 10.760095
62580 31.2900 -1.362709 10.744962
62590 31.2950 -1.360857 10.729625
62600 31.3000 -1.358982 10.712875
62610 31.3050 -1.356932 10.705043
62620 31.3100 -1.354983 10.684726
62630 31.3150 -1.353115 10.663819
62640 31.3200 -1.351693 10.646919
62650 31.3250 -1.350467 10.631652
62660 31.3300 -1.349422 10.618116
62670 31.3350 -1.348727 10.608855
62680 31.3400 -1.348592 10.607018
62690 31.3450 -1.348822 10.610135
62700 31.3500 -1.349550 10.619806
62710 31.3550 -1.350811 10.648272
62720 31.3600 -1.352317 10.666690
62730 31.3650 -1.354061 10.686807
62740 31.3700 -1.355922 10.706882
62750 31.3750 -1.357929 10.726970
62760 31.3800 -1.359988 10.745992
62770 31.3850 -1.362040 10.763390
62780 31.3900 -1.364154 10.779789
62790 31.3950 -1.366443 10.795867
62800 31.4000 -1.368691 10.810053
62810 31.4050 -1.371040 10.834890
62820 31.4100 -1.373496 10.847006
62830 31.4150 -1.375886 10.857238
62840 31.4200 -1.378279 10.866039
62850 31.4250 -1.380408 10.872716
62860 31.4300 -1.382308 10.877814
62870 31.4350 -1.383845 10.881370
62880 31.4400 -1.384962 10.883649
62890 31.4450 -1.385732 10.885074
62900 31.4500 -1.386306 10.886062
62910 31.4550 -1.386456 10.897705
62920 31.4600 -1.386229 10.897328
62930 31.4650 -1.385743 10.896487
62940 31.4700 -1.385195 10.895485
62950 31.4750 -1.384244 10.893597
62960 31.4800 -1.382988 10.890817
62970 31.4850 -1.381463 10.886986
62980 31.4900 -1.379836 10.882324
62990 31.4950 -1.378009 10.876351
63000 31.5000 -1.375954 10.868660
63010 31.5050 -1.373639 10.870135
63020 31.5100 -1.371354 10.858830
63030 31.5150 -1.369167 10.846584
63040 31.5200 -1.367039 10.833260
63050 31.5250 -1.364974 10.818928
63060 31.5300 -1.362969 10.803638
63070 31.5350 -1.361072 10.787859
63080 31.5400 -1.359249 10.771449
63090 31.5450 -1.357507 10.754585
63100 31.5500 -1.355973 10.738734
63110 31.5550 -1.354644 10.736087
63120 31.5600 -1.353601 10.724171
63130 31.5650 -1.352942 10.716395
63140 31.5700 -1.352634 10.712704
63150 31.5750 -1.352690 10.713379
63160 31.5800 -1.352826 10.715011
63170 31.5850 -1.353279 10.720397
63180 31.5900 -1.354188 10.730932
63190 31.5950 -1.355533 10.745884
63200 31.6000 -1.357170 10.763047
63210 31.6050 -1.359136 10.794028
63220 31.6100 -1.361361 10.813903
63230 31.6150 -1.363885 10.834211
63240 31.6200 -1.366835 10.855080
63250 31.6250 -1.370080 10.874691
63260 31.6300 -1.373611 10.892334
63270 31.6350 -1.377352 10.907161
63280 31.6400 -1.381045 10.918229
63290 31.6450 -1.384605 10.925838
63300 31.6500 -1.388144 10.930692
63310 31.6550 -1.391277 10.944161
63320 31.6600 -1.394265 10.944586
63330 31.6650 -1.396841 10.943730
63340 31.6700 -1.399078 10.942135
63350 31.6750 -1.400863 10.940329
63360 31.6800 -1.402193 10.938690
63370 31.6850 -1.403379 10.937027
63380 31.6900 -1.404192 10.935781
63390 31.6950 -1.404699 10.934963
63400 31.7000 -1.404988 10.934480
63410 31.7050 -1.405146 10.945455
63420 31.7100 -1.404957 10.945774
63430 31.7150 -1.404433 10.946637
63440 31.7200 -1.403545 10.948017
63450 31.7250 -1.402352 10.949703
63460 31.7300 -1.400802 10.951599
63470 31.7350 -1.398920 10.953431
63480 31.7400 -1.396799 10.954844
63490 31.7450 -1.394486 10.955551
63500 31.7500 -1.392248 10.955355
63510 31.7550 -1.389761 10.965218
63520 31.7600 -1.387063 10.962389
63530 31.7650 -1.384409 10.958081
63540 31.7700 -1.381859 10.952425
63550 31.7750 -1.379682 10.946345
63560 31.7800 -1.377761 10.939976
63570 31.7850 -1.376202 10.934083
63580 31.7900 -1.375064 10.929352
63590 31.7950 -1.374130 10.925199
63600 31.8000 -1.373608 10.922766
63610 31.8050 -1.373268 10.932413
63620 31.8100 -1.373358 10.932850
63630 31.8150 -1.373828 10.935079
63640 31.8200 -1.374664 10.938880
63650 31.8250 -1.375914 10.944183
63660 31.8300 -1.377565 10.950514
63670 31.8350 -1.379577 10.957221
63680 31.8400 -1.381829 10.963477
63690 31.8450 -1.384274 10.968845
63700 31.8500 -1.387055 10.973255
63710 31.8550 -1.390110 10.987254
63720 31.8600 -1.393123 10.988201
63730 31.8650 -1.396039 10.987459
63740 31.8700 -1.398767 10.985393
63750 31.8750 -1.401189 10.982527
63760 31.8800 -1.403579 10.978811
63770 31.8850 -1.405659 10.974903
63780 31.8900 -1.407457 10.971050
63790 31.8950 -1.408730 10.968067
63800 31.9000 -1.409471 10.966240
63810 31.9050 -1.409952 10.976158
63820 31.9100 -1.410070 10.975854
63830 31.9150 -1.409988 10.976065
63840 31.9200 -1.409698 10.976807
63850 31.9250 -1.409103 10.978297
63860 31.9300 -1.407962 10.981027
63870 31.9350 -1.406521 10.984232
63880 31.9400 -1.404652 10.987960
63890 31.9450 -1.402579 10.991505
63900 31.9500 -1.400459 10.994451
63910 31.9550 -1.398102 11.007913
63920 31.9600 -1.395673 11.009366
63930 31.9650 -1.393135 11.009700
63940 31.9700 -1.390520 11.008698
63950 31.9750 -1.387882 11.006214
63960 31.9800 -1.385440 11.002515
63970 31.9850 -1.383269 10.998031
63980 31.9900 -1.381302 10.992952
63990 31.9950 -1.379564 10.987625
64000 32.0000 -1.378029 10.982235
64010 32.0050 -1.377005 10.989367
64020 32.0100 -1.376271 10.986339
64030 32.0150 -1.375791 10.984273
64040 32.0200 -1.375532 10.983129
64050 32.0250 -1.375609 10.983473
64060 32.0300 -1.375990 10.985136
64070 32.0350 -1.376682 10.988053
64080 32.0400 -1.377616 10.991768
64090 32.0450 -1.378781 10.996049
64100 32.0500 -1.380088 11.000398
64110 32.0550 -1.381614 11.015918
64120 32.0600 -1.382995 11.019438
64130 32.0650 -1.384406 11.022520
64140 32.0700 -1.386062 11.025496
64150 32.0750 -1.387932 11.028053
64160 32.0800 -1.390110 11.030001
64170 32.0850 -1.392596 11.030936
64180 32.0900 -1.395351 11.030457
64190 32.0950 -1.398195 11.028396
64200 32.1000 -1.400663 11.025405
64210 32.1050 -1.402610 11.033252
64220 32.1100 -1.404240 11.030158
64230 32.1150 -1.405695 11.027034
64240 32.1200 -1.406810 11.024418
64250 32.1250 -1.407630 11.022376
64260 32.1300 -1.408096 11.021171
64270 32.1350 -1.408005 11.021409
64280 32.1400 -1.407438 11.022864
64290 32.1450 -1.406567 11.025004
64300 32.1500 -1.405386 11.027726
64310 32.1550 -1.404007 11.041575
64320 32.1600 -1.402133 11.045003
64330 32.1650 -1.400096 11.048037
64340 32.1700 -1.397812 11.050531
64350 32.1750 -1.395049 11.052194
64360 32.1800 -1.392172 11.052248
64370 32.1850 -1.389093 11.050281
64380 32.1900 -1.385950 11.045966
64390 32.1950 -1.383115 11.039942
64400 32.2000 -1.380674 11.033041
64410 32.2050 -1.378435 11.036170
64420 32.2100 -1.376584 11.028592
64430 32.2150 -1.375061 11.021572
64440 32.2200 -1.373813 11.015271
64450 32.2250 -1.372681 11.009116
64460 32.2300 -1.371910 11.004689
64470 32.2350 -1.371462 11.002019
64480 32.2400 -1.371204 11.000452
64490 32.2450 -1.371297 11.001022
64500 32.2500 -1.371762 11.003814
64510 32.2550 -1.372520 11.019233
64520 32.2600 -1.373533 11.024806
64530 32.2650 -1.375016 11.032354
64540 32.2700 -1.376553 11.039431
64550 32.2750 -1.378048 11.045609
64560 32.2800 -1.379629 11.051405
64570 32.2850 -1.381257 11.056600
64580 32.2900 -1.383018 11.061371
64590 32.2950 -1.384645 11.065019
64600 32.3000 -1.386167 11.067789
64610 32.3050 -1.387708 11.080806
64620 32.3100 -1.389483 11.082578
64630 32.3150 -1.391457 11.083639
64640 32.3200 -1.393284 11.083801
64650 32.3250 -1.394750 11.083383
64660 32.3300 -1.395893 11.082730
64670 32.3350 -1.396794 11.082017
64680 32.3400 -1.397548 11.081291
64690 32.3450 -1.398206 11.080562
64700 32.3500 -1.398590 11.080095
64710 32.3550 -1.398928 11.090454
64720 32.3600 -1.399091 11.090235
64730 32.3650 -1.399206 11.090078
64740 32.3700 -1.399242 11.090027
64750 32.3750 -1.399161 11.090140
64760 32.3800 -1.398994 11.090365
64770 32.3850 -1.398636 11.090831
64780 32.3900 -1.398225 11.091331
64790 32.3950 -1.397851 11.091757
64800 32.4000 -1.397464 11.092168
64810 32.4050 -1.397096 11.103284
64820 32.4100 -1.396846 11.103512
64830 32.4150 -1.396526 11.103785
64840 32.4200 -1.395917 11.104241
64850 32.4250 -1.395300 11.104619
64860 32.4300 -1.394688 11.104910
64870 32.4350 -1.394047 11.105123
64880 32.4400 -1.393273 11.105253
64890 32.4450 -1.392616 11.105253
64900 32.4500 -1.392249 11.105208
64910 32.4550 -1.392346 11.115940
64920 32.4600 -1.392557 11.115965
64930 32.4650 -1.393012 11.115981
64940 32.4700 -1.393652 11.115919
64950 32.4750 -1.394605 11.115648
64960 32.4800 -1.395821 11.114996
64970 32.4850 -1.397474 11.113572
64980 32.4900 -1.399439 11.111107
64990 32.4950 -1.401745 11.107186
65000 32.5000 -1.404325 11.101556
65010 32.5050 -1.407077 11.104903
65020 32.5100 -1.409917 11.095880
65030 32.5150 -1.412701 11.085750
65040 32.5200 -1.415475 11.074480
65050 32.5250 -1.418338 11.061711
65060 32.5300 -1.421070 11.048529
65070 32.5350 -1.423701 11.034978
65080 32.5400 -1.425876 11.023178
65090 32.5450 -1.427906 11.011698
65100 32.5500 -1.429869 11.000191
65110 32.5550 -1.431411 11.001914
65120 32.5600 -1.432668 10.994136
65130 32.5650 -1.433832 10.986787
65140 32.5700 -1.434719 10.981093
65150 32.5750 -1.435356 10.976955
65160 32.5800 -1.435702 10.974688
65170 32.5850 -1.435811 10.973973
65180 32.5900 -1.435657 10.974989
65190 32.5950 -1.435296 10.977345
65200 32.6000 -1.434523 10.982355
65210 32.6050 -1.433266 11.001461
65220 32.6100 -1.431680 11.011335
65230 32.6150 -1.429991 11.021547
65240 32.6200 -1.428417 11.030782
65250 32.6250 -1.426945 11.039167
65260 32.6300 -1.425329 11.048086
65270 32.6350 -1.423787 11.056315
65280 32.6400 -1.422223 11.064357
65290 32.6450 -1.420612 11.072325
65300 32.6500 -1.419065 11.079653
65310 32.6550 -1.417631 11.096946
65320 32.6600 -1.416444 11.102097
65330 32.6650 -1.415748 11.105022
65340 32.6700 -1.415418 11.106382
65350 32.6750 -1.415330 11.106744
65360 32.6800 -1.415407 11.106431
65370 32.6850 -1.415858 11.104565
65380 32.6900 -1.416699 11.101007
65390 32.6950 -1.417651 11.096855
65400 32.7000 -1.418935 11.091045
65410 32.7050 -1.420685 11.093513
65420 32.7100 -1.422571 11.084093
65430 32.7150 -1.424502 11.073956
65440 32.7200 -1.426459 11.063199
65450 32.7250 -1.428394 11.052090
65460 32.7300 -1.430296 11.040737
65470 32.7350 -1.432123 11.029428
65480 32.7400 -1.434207 11.016059
65490 32.7450 -1.436399 11.001464
65500 32.7500 -1.438472 10.987156
65510 32.7550 -1.440363 10.984738
65520 32.7600 -1.442114 10.971852
65530 32.7650 -1.443902 10.958304
65540 32.7700 -1.445443 10.946298
65550 32.7750 -1.446562 10.937379
65560 32.7800 -1.447377 10.930777
65570 32.7850 -1.447903 10.926471
65580 32.7900 -1.447947 10.926103
65590 32.7950 -1.447562 10.929268
65600 32.8000 -1.446887 10.934760
65610 32.8050 -1.445729 10.955270
65620 32.8100 -1.444203 10.967209
65630 32.8150 -1.442410 10.980834
65640 32.8200 -1.440579 10.994319
65650 32.8250 -1.438556 11.008723
65660 32.8300 -1.436440 11.023249
65670 32.8350 -1.434318 11.037265
65680 32.8400 -1.432342 11.049815
65690 32.8450 -1.430448 11.061397
65700 32.8500 -1.428719 11.071573
65710 32.8550 -1.427014 11.092047
65720 32.8600 -1.425472 11.100444
65730 32.8650 -1.424142 11.107425
65740 32.8700 -1.423039 11.113023
65750 32.8750 -1.422449 11.115946
65760 32.8800 -1.422089 11.117707
65770 32.8850 -1.422014 11.118072
65780 32.8900 -1.422187 11.117231
65790 32.8950 -1.422757 11.114430
65800 32.9000 -1.423840 11.108977
65810 32.9050 -1.425244 11.112359
65820 32.9100 -1.427095 11.102281
65830 32.9150 -1.429261 11.089884
65840 32.9200 -1.431726 11.075000
65850 32.9250 -1.434292 11.058656
65860 32.9300 -1.437112 11.039698
65870 32.9350 -1.440091 11.018541
65880 32.9400 -1.442971 10.996955
65890 32.9450 -1.445777 10.974824
65900 32.9500 -1.448500 10.952250
65910 32.9550 -1.450968 10.941969
65920 32.9600 -1.453278 10.920953
65930 32.9650 -1.455448 10.900327
65940 32.9700 -1.457445 10.880556
65950 32.9750 -1.459060 10.863973
65960 32.9800 -1.460286 10.851013
65970 32.9850 -1.461185 10.841292
65980 32.9900 -1.461810 10.834429
65990 32.9950 -1.462010 10.832217
66000 33.0000 -1.461555 10.837240
66010 33.0050 -1.460778 10.857260
66020 33.0100 -1.459617 10.869663
66030 33.0150 -1.457873 10.887731
66040 33.0200 -1.455557 10.910739
66050 33.0250 -1.453031 10.934631
66060 33.0300 -1.450267 10.959426
66070 33.0350 -1.447307 10.984547
66080 33.0400 -1.444375 11.008052
66090 33.0450 -1.441259 11.031626
66100 33.0500 -1.438038 11.054534
66110 33.0550 -1.434923 11.086159
66120 33.0600 -1.432035 11.104171
66130 33.0650 -1.429262 11.120346
66140 33.0700 -1.426646 11.134581
66150 33.0750 -1.424251 11.146720
66160 33.0800 -1.422229 11.156288
66170 33.0850 -1.420719 11.163009
66180 33.0900 -1.419662 11.167500
66190 33.0950 -1.419087 11.169863
66200 33.1000 -1.418976 11.170313
66210 33.1050 -1.419374 11.179213
66220 33.1100 -1.420154 11.175955
66230 33.1150 -1.421198 11.171430
66240 33.1200 -1.422665 11.164771
66250 33.1250 -1.424596 11.155485
66260 33.1300 -1.426601 11.145221
66270 33.1350 -1.428647 11.134113
66280 33.1400 -1.430642 11.122673
66290 33.1450 -1.432760 11.109893
66300 33.1500 -1.434859 11.096577
66310 33.1550 -1.437121 11.092240
66320 33.1600 -1.439416 11.076156
66330 33.1650 -1.441732 11.059109
66340 33.1700 -1.443918 11.042255
66350 33.1750 -1.445933 11.026049
66360 33.1800 -1.447865 11.009873
66370 33.1850 -1.449288 10.997557
66380 33.1900 -1.450124 10.990156
66390 33.1950 -1.450410 10.987589
66400 33.2000 -1.450213 10.989363
66410 33.2050 -1.449546 11.006352
66420 33.2100 -1.448376 11.016557
66430 33.2150 -1.446953 11.028633
66440 33.2200 -1.445310 11.042142
66450 33.2250 -1.443380 11.057438
66460 33.2300 -1.441193 11.074044
66470 33.2350 -1.438791 11.091400
66480 33.2400 -1.435973 11.110621
66490 33.2450 -1.432754 11.131080
66500 33.2500 -1.429340 11.151028
66510 33.2550 -1.425920 11.179743
66520 33.2600 -1.422429 11.196251
66530 33.2650 -1.418970 11.210538
66540 33.2700 -1.415442 11.222890
66550 33.2750 -1.412002 11.232668
66560 33.2800 -1.408880 11.239503
66570 33.2850 -1.405981 11.244034
66580 33.2900 -1.403711 11.246311
66590 33.2950 -1.401723 11.247356
66600 33.3000 -1.399964 11.247521
66610 33.3050 -1.398462 11.257377
66620 33.3100 -1.397290 11.256648
66630 33.3150 -1.396448 11.255912
66640 33.3200 -1.396046 11.255499
66650 33.3250 -1.396079 11.255535
66660 33.3300 -1.396295 11.255760
66670 33.3350 -1.396827 11.256266
66680 33.3400 -1.397808 11.257012
66690 33.3450 -1.399345 11.257704
66700 33.3500 -1.401086 11.257796
66710 33.3550 -1.403116 11.267258
66720 33.3600 -1.405423 11.265168
66730 33.3650 -1.408080 11.261267
66740 33.3700 -1.410948 11.255322
66750 33.3750 -1.414035 11.246997
66760 33.3800 -1.417075 11.236931
66770 33.3850 -1.420099 11.225157
66780 33.3900 -1.422925 11.212634
66790 33.3950 -1.425376 11.200626
66800 33.4000 -1.427377 11.190054
66810 33.4050 -1.428874 11.192170
66820 33.4100 -1.429866 11.186421
66830 33.4150 -1.430386 11.183342
66840 33.4200 -1.430505 11.182631
66850 33.4250 -1.430048 11.185348
66860 33.4300 -1.428935 11.191818
66870 33.4350 -1.427315 11.200860
66880 33.4400 -1.425162 11.212171
66890 33.4450 -1.422626 11.224446
66900 33.4500 -1.419809 11.236708
66910 33.4550 -1.416659 11.258953
66920 33.4600 -1.413328 11.269378
66930 33.4650 -1.409912 11.277649
66940 33.4700 -1.406404 11.283462
66950 33.4750 -1.402766 11.286486
66960 33.4800 -1.399053 11.286270
66970 33.4850 -1.395235 11.282405
66980 33.4900 -1.391493 11.274872
66990 33.4950 -1.387762 11.263509
67000 33.5000 -1.384248 11.249143
67010 33.5050 -1.380890 11.242235
67020 33.5100 -1.377838 11.223524
67030 33.5150 -1.375148 11.204524
67040 33.5200 -1.372688 11.185020
67050 33.5250 -1.370512 11.166029
67060 33.5300 -1.368524 11.147214
67070 33.5350 -1.366844 11.130196
67080 33.5400 -1.365378 11.114494
67090 33.5450 -1.364284 11.102259
67100 33.5500 -1.363584 11.094181
67110 33.5550 -1.363243 11.100931
67120 33.5600 -1.363195 11.100361
67130 33.5650 -1.363424 11.103062
67140 33.5700 -1.364113 11.111048
67150 33.5750 -1.365294 11.124323
67160 33.5800 -1.367098 11.143567
67170 33.5850 -1.369330 11.165691
67180 33.5900 -1.372210 11.191580
67190 33.5950 -1.375492 11.217532
67200 33.6000 -1.378817 11.240115
67210 33.6050 -1.382088 11.269109
67220 33.6100 -1.385657 11.285608
67230 33.6150 -1.389229 11.298213
67240 33.6200 -1.392671 11.306811
67250 33.6250 -1.395983 11.311921
67260 33.6300 -1.399130 11.314010
67270 33.6350 -1.402035 11.313639
67280 33.6400 -1.404707 11.311421
67290 33.6450 -1.407053 11.308040
67300 33.6500 -1.409001 11.304248
67310 33.6550 -1.410633 11.310536
67320 33.6600 -1.411874 11.307201
67330 33.6650 -1.412654 11.304930
67340 33.6700 -1.412869 11.304278
67350 33.6750 -1.412503 11.305378
67360 33.6800 -1.411516 11.308198
67370 33.6850 -1.410160 11.311714
67380 33.6900 -1.408536 11.315370
67390 33.6950 -1.406601 11.318918
67400 33.7000 -1.404487 11.321765
67410 33.7050 -1.402001 11.333770
67420 33.7100 -1.399216 11.334007
67430 33.7150 -1.396226 11.331938
67440 33.7200 -1.392815 11.326534
67450 33.7250 -1.389296 11.317428
67460 33.7300 -1.385720 11.304360
67470 33.7350 -1.382229 11.287755
67480 33.7400 -1.378850 11.267939
67490 33.7450 -1.375591 11.245204
67500 33.7500 -1.372259 11.218164
67510 33.7550 -1.369117 11.199385
67520 33.7600 -1.366251 11.169551
67530 33.7650 -1.363508 11.138024
67540 33.7700 -1.361085 11.107693
67550 33.7750 -1.359112 11.081206
67560 33.7800 -1.357799 11.062694
67570 33.7850 -1.357248 11.054703
67580 33.7900 -1.357384 11.056683
67590 33.7950 -1.358055 11.066356
67600 33.8000 -1.359199 11.082409
67610 33.8050 -1.360788 11.114590
67620 33.8100 -1.362794 11.140091
67630 33.8150 -1.365074 11.167099
67640 33.8200 -1.367741 11.196078
67650 33.8250 -1.370608 11.224185
67660 33.8300 -1.373667 11.250786
67670 33.8350 -1.376545 11.272735
67680 33.8400 -1.379394 11.291602
67690 33.8450 -1.382281 11.307907
67700 33.8500 -1.384894 11.320287
67710 33.8550 -1.387178 11.339397
67720 33.8600 -1.389298 11.346281
67730 33.8650 -1.391040 11.350895
67740 33.8700 -1.392412 11.353876
67750 33.8750 -1.393421 11.355709
67760 33.8800 -1.394097 11.356768
67770 33.8850 -1.394442 11.357257
67780 33.8900 -1.394414 11.357219
67790 33.8950 -1.394029 11.356668
67800 33.9000 -1.393423 11.355713
67810 33.9050 -1.392490 11.364019
67820 33.9100 -1.391258 11.361391
67830 33.9150 -1.389909 11.357975
67840 33.9200 -1.388346 11.353304
67850 33.9250 -1.386705 11.347570
67860 33.9300 -1.385081 11.341034
67870 33.9350 -1.383423 11.333472
67880 33.9400 -1.381593 11.324060
67890 33.9450 -1.379777 11.313591
67900 33.9500 -1.377913 11.301662
67910 33.9550 -1.375958 11.297966
67920 33.9600 -1.374044 11.283075
67930 33.9650 -1.371837 11.264214
67940 33.9700 -1.369688 11.244073
67950 33.9750 -1.367609 11.222891
67960 33.9800 -1.365508 11.199756
67970 33.9850 -1.363550 11.176582
67980 33.9900 -1.361759 11.154014
67990 33.9950 -1.360260 11.134093
68000 34.0000 -1.359201 11.119439
68010 34.0050 -1.358667 11.122533
68020 34.0100 -1.358649 11.122274
68030 34.0150 -1.358898 11.125825
68040 34.0200 -1.359241 11.130667
68050 34.0250 -1.359774 11.138095
68060 34.0300 -1.360589 11.149220
68070 34.0350 -1.361579 11.162339
68080 34.0400 -1.362586 11.175258
68090 34.0450 -1.363646 11.188390
68100 34.0500 -1.364748 11.201557
68110 34.0550 -1.365776 11.223815
68120 34.0600 -1.366862 11.235842
68130 34.0650 -1.367981 11.247730
68140 34.0700 -1.368958 11.257697
68150 34.0750 -1.369753 11.265533
68160 34.0800 -1.370464 11.272321
68170 34.0850 -1.370946 11.276816
68180 34.0900 -1.371600 11.282761
68190 34.0950 -1.372427 11.290047
68200 34.1000 -1.373229 11.296870
68210 34.1050 -1.374123 11.314332
68220 34.1100 -1.375006 11.321245
68230 34.1150 -1.375767 11.326975
68240 34.1200 -1.376514 11.332380
68250 34.1250 -1.377319 11.337976
68260 34.1300 -1.378025 11.342683
68270 34.1350 -1.378409 11.345169
68280 34.1400 -1.378504 11.345776
68290 34.1450 -1.378175 11.343659
68300 34.1500 -1.377534 11.339430
68310 34.1550 -1.376707 11.343783
68320 34.1600 -1.375792 11.337192
68330 34.1650 -1.374573 11.327914
68340 34.1700 -1.373144 11.316310
68350 34.1750 -1.371822 11.304869
68360 34.1800 -1.370482 11.292568
68370 34.1850 -1.369125 11.279381
68380 34.1900 -1.367581 11.263471
68390 34.1950 -1.365880 11.244802
68400 34.2000 -1.364171 11.224834
68410 34.2050 -1.362639 11.216242
68420 34.2100 -1.361291 11.198711
68430 34.2150 -1.359998 11.181140
68440 34.2200 -1.358747 11.163443
68450 34.2250 -1.357661 11.147492
68460 34.2300 -1.356838 11.135050
68470 34.2350 -1.356273 11.126331
68480 34.2400 -1.355769 11.118421
68490 34.2450 -1.355453 11.113406
68500 34.2500 -1.355192 11.109231
68510 34.2550 -1.354928 11.115684
68520 34.2600 -1.354747 11.112732
68530 34.2650 -1.355167 11.119526
68540 34.2700 -1.355737 11.128630
68550 34.2750 -1.356328 11.137887
68560 34.2800 -1.357148 11.150468
68570 34.2850 -1.358345 11.168288
68580 34.2900 -1.359501 11.184862
68590 34.2950 -1.360665 11.200933
68600 34.3000 -1.361983 11.218417
68610 34.3050 -1.363513 11.248118
68620 34.3100 -1.364958 11.265417
68630 34.3150 -1.366283 11.280484
68640 34.3200 -1.367587 11.294573
68650 34.3250 -1.368756 11.306595
68660 34.3300 -1.369944 11.318227
68670 34.3350 -1.371356 11.331293
68680 34.3400 -1.372617 11.342280
68690 34.3450 -1.373833 11.352256
68700 34.3500 -1.375086 11.361929
68710 34.3550 -1.376359 11.381094
68720 34.3600 -1.377591 11.389380
68730 34.3650 -1.378849 11.397235
68740 34.3700 -1.380024 11.404031
68750 34.3750 -1.380816 11.408312
68760 34.3800 -1.381169 11.410144
68770 34.3850 -1.381176 11.410179
68780 34.3900 -1.381043 11.409497
68790 34.3950 -1.380832 11.408393
68800 34.4000 -1.380605 11.407190
68810 34.4050 -1.380169 11.414679
68820 34.4100 -1.379733 11.412240
68830 34.4150 -1.379064 11.408366
68840 34.4200 -1.378282 11.403614
68850 34.4250 -1.377743 11.400199
68860 34.4300 -1.377363 11.397719
68870 34.4350 -1.376965 11.395065
68880 34.4400 -1.376612 11.392661
68890 34.4450 -1.376087 11.388992
68900 34.4500 -1.375842 11.387241
68910 34.4550 -1.375773 11.396648
68920 34.4600 -1.375486 11.394567
68930 34.4650 -1.375099 11.391699
68940 34.4700 -1.374685 11.388564
68950 34.4750 -1.374412 11.386456
68960 34.4800 -1.373893 11.382369
68970 34.4850 -1.373218 11.376891
68980 34.4900 -1.372593 11.371645
68990 34.4950 -1.372032 11.366800
69000 34.5000 -1.371358 11.360812
69010 34.5050 -1.370680 11.364568
69020 34.5100 -1.370141 11.359478
69030 34.5150 -1.369881 11.356988
69040 34.5200 -1.369779 11.355998
69050 34.5250 -1.369777 11.355977
69060 34.5300 -1.369860 11.356776
69070 34.5350 -1.370010 11.358226
69080 34.5400 -1.370465 11.362551
69090 34.5450 -1.371136 11.368770
69100 34.5500 -1.371755 11.374342
69110 34.5550 -1.372693 11.392403
69120 34.5600 -1.373829 11.401754
69130 34.5650 -1.374903 11.410091
69140 34.5700 -1.376104 11.418851
69150 34.5750 -1.377307 11.427042
69160 34.5800 -1.378646 11.435459
69170 34.5850 -1.380154 11.444091
69180 34.5900 -1.381620 11.451624
69190 34.5950 -1.382997 11.457941
69200 34.6000 -1.384178 11.462782
69210 34.6050 -1.385369 11.476825
69220 34.6100 -1.386554 11.480625
69230 34.6150 -1.387856 11.484198
69240 34.6200 -1.389162 11.487162
69250 34.6250 -1.390588 11.489699
69260 34.6300 -1.392016 11.491520
69270 34.6350 -1.393369 11.492595
69280 34.6400 -1.394705 11.493045
69290 34.6450 -1.396075 11.492888
69300 34.6500 -1.397346 11.492193
69310 34.6550 -1.398468 11.500764
69320 34.6600 -1.399243 11.499805
69330 34.6650 -1.399980 11.498718
69340 34.6700 -1.400636 11.497607
69350 34.6750 -1.401052 11.496833
69360 34.6800 -1.401496 11.495948
69370 34.6850 -1.401946 11.494993
69380 34.6900 -1.402277 11.494249
69390 34.6950 -1.402487 11.493760
69400 34.7000 -1.402451 11.493844
69410 34.7050 -1.402367 11.503656
69420 34.7100 -1.402335 11.503730
69430 34.7150 -1.402361 11.503669
69440 34.7200 -1.402197 11.504045
69450 34.7250 -1.401666 11.505208
69460 34.7300 -1.400984 11.506572
69470 34.7350 -1.400273 11.507842
69480 34.7400 -1.399627 11.508858
69490 34.7450 -1.399098 11.509591
69500 34.7500 -1.398745 11.510031
69510 34.7550 -1.398470 11.519915
69520 34.7600 -1.398508 11.519873
69530 34.7650 -1.398565 11.519810
69540 34.7700 -1.398787 11.519551
69550 34.7750 -1.399097 11.519163
69560 34.7800 -1.399280 11.518919
69570 34.7850 -1.399451 11.518681
69580 34.7900 -1.399661 11.518376
69590 34.7950 -1.399964 11.517913
69600 34.8000 -1.400137 11.517633
69610 34.8050 -1.400569 11.526447
69620 34.8100 -1.401033 11.525588
69630 34.8150 -1.401568 11.524514
69640 34.8200 -1.402062 11.523441
69650 34.8250 -1.402469 11.522500
69660 34.8300 -1.402832 11.521616
69670 34.8350 -1.403181 11.520729
69680 34.8400 -1.403770 11.519149
69690 34.8450 -1.404295 11.517650
69700 34.8500 -1.404846 11.515986
69710 34.8550 -1.405277 11.524176
69720 34.8600 -1.405543 11.523307
69730 34.8650 -1.405716 11.522730
69740 34.8700 -1.405799 11.522451
69750 34.8750 -1.405717 11.522727
69760 34.8800 -1.405853 11.522266
69770 34.8850 -1.406001 11.521758
69780 34.8900 -1.406212 11.521025
69790 34.8950 -1.406300 11.520717
69800 34.9000 -1.406193 11.521094
69810 34.9050 -1.406006 11.531285
69820 34.9100 -1.405833 11.531875
69830 34.9150 -1.405615 11.532608
69840 34.9200 -1.405416 11.533265
69850 34.9250 -1.404838 11.535102
69860 34.9300 -1.403973 11.537662
69870 34.9350 -1.402904 11.540505
69880 34.9400 -1.401997 11.542633
69890 34.9450 -1.401073 11.544530
69900 34.9500 -1.400098 11.546228
69910 34.9550 -1.399278 11.556888
69920 34.9600 -1.398641 11.557652
69930 34.9650 -1.397970 11.558307
69940 34.9700 -1.397299 11.558807
69950 34.9750 -1.396594 11.559163
69960 34.9800 -1.395902 11.559343
69970 34.9850 -1.395327 11.559364
69980 34.9900 -1.394722 11.559258
69990 34.9950 -1.394325 11.559117
70000 35.0000 -1.394189 11.559056
70010 35.0050 -1.394065 11.568435
70020 35.0100 -1.393814 11.568292
70030 35.0150 -1.393722 11.568234
70040 35.0200 -1.393762 11.568260
70050 35.0250 -1.394121 11.568463
70060 35.0300 -1.394714 11.568696
70070 35.0350 -1.395381 11.568804
70080 35.0400 -1.395909 11.568777
70090 35.0450 -1.396261 11.568703
70100 35.0500 -1.396426 11.568653
70110 35.0550 -1.396543 11.578027
70120 35.0600 -1.396731 11.577950
70130 35.0650 -1.396963 11.577838
70140 35.0700 -1.397174 11.577719
70150 35.0750 -1.397488 11.577514
70160 35.0800 -1.397736 11.577327
70170 35.0850 -1.397933 11.577163
70180 35.0900 -1.397906 11.577186
70190 35.0950 -1.397841 11.577241
70200 35.1000 -1.397639 11.577402
70210 35.1050 -1.397103 11.587152
70220 35.1100 -1.396481 11.587438
70230 35.1150 -1.395716 11.587597
70240 35.1200 -1.394948 11.587541
70250 35.1250 -1.394196 11.587274
70260 35.1300 -1.393576 11.586896
70270 35.1350 -1.392736 11.586153
70280 35.1400 -1.391931 11.585189
70290 35.1450 -1.391229 11.584146
70300 35.1500 -1.390511 11.582883
70310 35.1550 -1.390077 11.591400
70320 35.1600 -1.389708 11.590608
70330 35.1650 -1.389504 11.590149
70340 35.1700 -1.389278 11.589619
70350 35.1750 -1.388983 11.588898
70360 35.1800 -1.388668 11.588089
70370 35.1850 -1.388336 11.587195
70380 35.1900 -1.387971 11.586160
70390 35.1950 -1.387618 11.585108
70400 35.2000 -1.387122 11.583547
70410 35.2050 -1.386681 11.591448
70420 35.2100 -1.386330 11.590216
70430 35.2150 -1.386127 11.589481
70440 35.2200 -1.386097 11.589370
70450 35.2250 -1.386118 11.589449
70460 35.2300 -1.386207 11.589772
70470 35.2350 -1.386208 11.589778
70480 35.2400 -1.386213 11.589795
70490 35.2450 -1.386103 11.589394
70500 35.2500 -1.385751 11.588077
70510 35.2550 -1.385278 11.595586
70520 35.2600 -1.384824 11.593722
70530 35.2650 -1.384555 11.592575
70540 35.2700 -1.384403 11.591911
70550 35.2750 -1.384412 11.591952
70560 35.2800 -1.384495 11.592312
70570 35.2850 -1.384502 11.592342
70580 35.2900 -1.384624 11.592869
70590 35.2950 -1.384914 11.594098
70600 35.3000 -1.385449 11.596266
70610 35.3050 -1.386473 11.609428
70620 35.3100 -1.387989 11.614272
70630 35.3150 -1.389787 11.618786
70640 35.3200 -1.391802 11.622284
70650 35.3250 -1.393797 11.624154
70660 35.3300 -1.395957 11.624432
70670 35.3350 -1.398226 11.622818
70680 35.3400 -1.400547 11.619205
70690 35.3450 -1.402893 11.613602
70700 35.3500 -1.405100 11.606600
70710 35.3550 -1.407257 11.607503
70720 35.3600 -1.409212 11.598580
70730 35.3650 -1.410857 11.590147
70740 35.3700 -1.412318 11.581978
70750 35.3750 -1.413617 11.574181
70760 35.3800 -1.414601 11.567958
70770 35.3850 -1.415324 11.563218
70780 35.3900 -1.415821 11.559875
70790 35.3950 -1.415966 11.558884
70800 35.4000 -1.416207 11.557228
70810 35.4050 -1.416489 11.564715
70820 35.4100 -1.416818 11.562408
70830 35.4150 -1.417157 11.559995
70840 35.4200 -1.417714 11.555963
70850 35.4250 -1.418445 11.550555
70860 35.4300 -1.419182 11.544960
70870 35.4350 -1.419549 11.542126
70880 35.4400 -1.419670 11.541177
70890 35.4450 -1.419535 11.542235
70900 35.4500 -1.418944 11.546783
70910 35.4550 -1.418205 11.561822
70920 35.4600 -1.417392 11.567775
70930 35.4650 -1.416497 11.574122
70940 35.4700 -1.415477 11.581085
70950 35.4750 -1.414404 11.588099
70960 35.4800 -1.413456 11.594024
70970 35.4850 -1.412446 11.600044
70980 35.4900 -1.411401 11.605946
70990 35.4950 -1.410238 11.612129
71000 35.5000 -1.409292 11.616843
71010 35.5050 -1.408673 11.629063
71020 35.5100 -1.408201 11.631216
71030 35.5150 -1.407993 11.632140
71040 35.5200 -1.408075 11.631775
71050 35.5250 -1.408227 11.631096
71060 35.5300 -1.408456 11.630059
71070 35.5350 -1.408778 11.628575
71080 35.5400 -1.409201 11.626573
71090 35.5450 -1.409677 11.624244
71100 35.5500 -1.410494 11.620086
71110 35.5550 -1.411654 11.623105
71120 35.5600 -1.413008 11.615262
71130 35.5650 -1.414392 11.606668
71140 35.5700 -1.415746 11.597718
71150 35.5750 -1.417068 11.588470
71160 35.5800 -1.418343 11.579094
71170 35.5850 -1.419775 11.568042
71180 35.5900 -1.421396 11.554875
71190 35.5950 -1.423160 11.539798
71200 35.6000 -1.425185 11.521572
71210 35.6050 -1.427345 11.510622
71220 35.6100 -1.429464 11.489510
71230 35.6150 -1.431712 11.466071
71240 35.6200 -1.433764 11.443793
71250 35.6250 -1.435651 11.422595
71260 35.6300 -1.437374 11.402674
71270 35.6350 -1.438975 11.383676
71280 35.6400 -1.440551 11.364538
71290 35.6450 -1.442243 11.343520
71300 35.6500 -1.443815 11.323569
71310 35.6550 -1.445323 11.314125
71320 35.6600 -1.446805 11.294566
71330 35.6650 -1.447926 11.279523
71340 35.6700 -1.448774 11.268012
71350 35.6750 -1.449304 11.260755
71360 35.6800 -1.449839 11.253379
71370 35.6850 -1.450068 11.250198
71380 35.6900 -1.449785 11.254117
71390 35.6950 -1.449187 11.262358
71400 35.7000 -1.448349 11.273798
71410 35.7050 -1.447514 11.295299
71420 35.7100 -1.446251 11.312132
71430 35.7150 -1.444690 11.332567
71440 35.7200 -1.443107 11.352864
71450 35.7250 -1.441230 11.376354
71460 35.7300 -1.439169 11.401438
71470 35.7350 -1.436913 11.428004
71480 35.7400 -1.434586 11.454407
71490 35.7450 -1.432305 11.479249
71500 35.7500 -1.430133 11.501926
71510 35.7550 -1.428295 11.529897
71520 35.7600 -1.426999 11.542406
71530 35.7650 -1.426022 11.551571
71540 35.7700 -1.425642 11.555076
71550 35.7750 -1.425630 11.555189
71560 35.7800 -1.426038 11.551427
71570 35.7850 -1.426808 11.544218
71580 35.7900 -1.428104 11.531768
71590 35.7950 -1.429878 11.514106
71600 35.8000 -1.431866 11.493500
71610 35.8050 -1.434122 11.478711
71620 35.8100 -1.436638 11.450254
71630 35.8150 -1.439216 11.419818
71640 35.8200 -1.441936 11.386334
71650 35.8250 -1.444738 11.350443
71660 35.8300 -1.447340 11.315840
71670 35.8350 -1.449974 11.279591
71680 35.8400 -1.452526 11.243291
71690 35.8450 -1.454923 11.208119
71700 35.8500 -1.457178 11.174040
71710 35.8550 -1.459034 11.155778
71720 35.8600 -1.460720 11.129012
71730 35.8650 -1.462203 11.104998
71740 35.8700 -1.463393 11.085370
71750 35.8750 -1.464159 11.072562
71760 35.8800 -1.464385 11.068769
71770 35.8850 -1.464126 11.073125
71780 35.8900 -1.463252 11.087711
71790 35.8950 -1.462006 11.108204
71800 35.9000 -1.460472 11.132999
71810 35.9050 -1.458366 11.176831
71820 35.9100 -1.455963 11.213625
71830 35.9150 -1.453430 11.251161
71840 35.9200 -1.450837 11.288314
71850 35.9250 -1.448199 11.324818
71860 35.9300 -1.445684 11.358416
71870 35.9350 -1.443325 11.388860
71880 35.9400 -1.440785 11.420474
71890 35.9450 -1.438066 11.452942
71900 35.9500 -1.435215 11.485409
71910 35.9550 -1.432424 11.525182
71920 35.9600 -1.429863 11.551326
71930 35.9650 -1.427483 11.574248
71940 35.9700 -1.425463 11.592629
71950 35.9750 -1.423878 11.606325
71960 35.9800 -1.422615 11.616773
71970 35.9850 -1.421874 11.622706
71980 35.9900 -1.421612 11.624763
71990 35.9950 -1.421603 11.624835
72000 36.0000 -1.421996 11.621734
72010 36.0050 -1.422977 11.623093
72020 36.0100 -1.424382 11.611303
72030 36.0150 -1.426369 11.593746
72040 36.0200 -1.428922 11.569736
72050 36.0250 -1.431990 11.538811
72060 36.0300 -1.435130 11.504949
72070 36.0350 -1.438307 11.468540
72080 36.0400 -1.441550 11.429241
72090 36.0450 -1.444924 11.386151
72100 36.0500 -1.448298 11.340859
72110 36.0550 -1.451698 11.303032
72120 36.0600 -1.454984 11.254596
72130 36.0650 -1.458098 11.206665
72140 36.0700 -1.461091 11.158653
72150 36.0750 -1.463878 11.112144
72160 36.0800 -1.466366 11.069091
72170 36.0850 -1.468246 11.035526
72180 36.0900 -1.469783 11.007429
72190 36.0950 -1.470921 10.986207
72200 36.1000 -1.471615 10.973091
72210 36.1050 -1.471580 10.984868
72220 36.1100 -1.470931 10.997137
72230 36.1150 -1.469807 11.018094
72240 36.1200 -1.468632 11.039633
72250 36.1250 -1.467157 11.066160
72260 36.1300 -1.465426 11.096571
72270 36.1350 -1.463556 11.128595
72280 36.1400 -1.461317 11.165843
72290 36.1450 -1.458782 11.206635
72300 36.1500 -1.456133 11.247751
72310 36.1550 -1.453376 11.299258
72320 36.1600 -1.450516 11.340331
72330 36.1650 -1.447519 11.381586
72340 36.1700 -1.444279 11.424148
72350 36.1750 -1.440996 11.465083
72360 36.1800 -1.437868 11.502003
72370 36.1850 -1.434949 11.534562
72380 36.1900 -1.432172 11.563764
72390 36.1950 -1.429582 11.589375
72400 36.2000 -1.427516 11.608645
72410 36.2050 -1.425798 11.633143
72420 36.2100 -1.424519 11.643948
72430 36.2150 -1.423947 11.648638
72440 36.2200 -1.423703 11.650612
72450 36.2250 -1.423892 11.649086
72460 36.2300 -1.424636 11.642980
72470 36.2350 -1.425872 11.632504
72480 36.2400 -1.427601 11.617178
72490 36.2450 -1.429713 11.597423
72500 36.2500 -1.432215 11.572591
72510 36.2550 -1.435181 11.550633
72520 36.2600 -1.438375 11.514585
72530 36.2650 -1.441753 11.474012
72540 36.2700 -1.445353 11.428096
72550 36.2750 -1.448991 11.378939
72560 36.2800 -1.452671 11.326398
72570 36.2850 -1.456344 11.271077
72580 36.2900 -1.460115 11.211205
72590 36.2950 -1.463904 11.147704
72600 36.3000 -1.467708 11.080382
72610 36.3050 -1.471331 11.023457
72620 36.3100 -1.474566 10.959754
72630 36.3150 -1.477349 10.902361
72640 36.3200 -1.479797 10.849774
72650 36.3250 -1.481724 10.806940
72660 36.3300 -1.482878 10.780650
72670 36.3350 -1.483229 10.772556
72680 36.3400 -1.482809 10.782242
72690 36.3450 -1.481878 10.803460
72700 36.3500 -1.480499 10.834314
72710 36.3550 -1.478424 10.891071
72720 36.3600 -1.475686 10.948461
72730 36.3650 -1.472656 11.009165
72740 36.3700 -1.469251 11.074063
72750 36.3750 -1.465565 11.140602
72760 36.3800 -1.461752 11.205680
72770 36.3850 -1.457754 11.270065
72780 36.3900 -1.453729 11.331159
72790 36.3950 -1.449784 11.387545
72800 36.4000 -1.446078 11.437467
72810 36.4050 -1.442778 11.489189
72820 36.4100 -1.439951 11.523232
72830 36.4150 -1.437693 11.549134
72840 36.4200 -1.435814 11.569795
72850 36.4250 -1.434483 11.583924
72860 36.4300 -1.433382 11.595304
72870 36.4350 -1.432670 11.602503
72880 36.4400 -1.432490 11.604298
72890 36.4450 -1.432763 11.601568
72900 36.4500 -1.433195 11.597202
72910 36.4550 -1.434075 11.597516
72920 36.4600 -1.435222 11.585462
72930 36.4650 -1.436901 11.567247
72940 36.4700 -1.438963 11.543987
72950 36.4750 -1.441401 11.515205
72960 36.4800 -1.444239 11.480029
72970 36.4850 -1.447331 11.439655
72980 36.4900 -1.450847 11.391184
72990 36.4950 -1.454480 11.338186
73000 36.5000 -1.458064 11.282962
73010 36.5050 -1.461541 11.236606
73020 36.5100 -1.464862 11.179730
73030 36.5150 -1.468035 11.122616
73040 36.5200 -1.470952 11.067581
73050 36.5250 -1.473625 11.014912
73060 36.5300 -1.475880 10.968703
73070 36.5350 -1.477682 10.930598
73080 36.5400 -1.478936 10.903407
73090 36.5450 -1.479722 10.886099
73100 36.5500 -1.480153 10.876513
73110 36.5550 -1.480124 10.888596
73120 36.5600 -1.479797 10.895862
73130 36.5650 -1.479053 10.912265
73140 36.5700 -1.477907 10.937159
73150 36.5750 -1.476373 10.969780
73160 36.5800 -1.474506 11.008407
73170 36.5850 -1.472172 11.055098
73180 36.5900 -1.469576 11.105018
73190 36.5950 -1.466780 11.156557
73200 36.6000 -1.463890 11.207509
73210 36.6050 -1.460716 11.271293
73220 36.6100 -1.457382 11.324527
73230 36.6150 -1.454074 11.374614
73240 36.6200 -1.450595 11.424472
73250 36.6250 -1.447118 11.471495
73260 36.6300 -1.443681 11.515226
73270 36.6350 -1.440320 11.555353
73280 36.6400 -1.437205 11.590162
73290 36.6450 -1.434384 11.619682
73300 36.6500 -1.432017 11.642924
73310 36.6550 -1.430077 11.670120
73320 36.6600 -1.428621 11.682959
73330 36.6650 -1.427678 11.690971
73340 36.6700 -1.427329 11.693868
73350 36.6750 -1.427548 11.692053
73360 36.6800 -1.428340 11.685374
73370 36.6850 -1.429819 11.672442
73380 36.6900 -1.431899 11.653261
73390 36.6950 -1.434357 11.629158
73400 36.7000 -1.437335 11.597925
73410 36.7050 -1.440660 11.569808
73420 36.7100 -1.444176 11.527296
73430 36.7150 -1.447926 11.478712
73440 36.7200 -1.451734 11.425958
73450 36.7250 -1.455442 11.371226
73460 36.7300 -1.459106 11.313794
73470 36.7350 -1.462536 11.256896
73480 36.7400 -1.465962 11.196880
73490 36.7450 -1.468894 11.142849
73500 36.7500 -1.471169 11.099146
73510 36.7550 -1.472878 11.075994
73520 36.7600 -1.474161 11.049900
73530 36.7650 -1.475133 11.029785
73540 36.7700 -1.475583 11.020375
73550 36.7750 -1.475576 11.020517
73560 36.7800 -1.475247 11.027421
73570 36.7850 -1.474497 11.042989
73580 36.7900 -1.473171 11.070069
73590 36.7950 -1.471568 11.102061
73600 36.8000 -1.469668 11.138880
73610 36.8050 -1.467556 11.189128
73620 36.8100 -1.465004 11.235218
73630 36.8150 -1.462030 11.286546
73640 36.8200 -1.458749 11.340317
73650 36.8250 -1.455220 11.394986
73660 36.8300 -1.451522 11.448864
73670 36.8350 -1.447695 11.501059
73680 36.8400 -1.443984 11.548265
73690 36.8450 -1.440287 11.591954
73700 36.8500 -1.436730 11.630799
73710 36.8550 -1.433284 11.674616
73720 36.8600 -1.430071 11.704007
73730 36.8650 -1.427291 11.727149
73740 36.8700 -1.424834 11.745768
73750 36.8750 -1.422864 11.759425
73760 36.8800 -1.421442 11.768563
73770 36.8850 -1.420565 11.773888
73780 36.8900 -1.420281 11.775557
73790 36.8950 -1.420498 11.774283
73800 36.9000 -1.421215 11.769961
73810 36.9050 -1.422505 11.770688
73820 36.9100 -1.424154 11.759502
73830 36.9150 -1.426330 11.743494
73840 36.9200 -1.429093 11.721181
73850 36.9250 -1.432073 11.694713
73860 36.9300 -1.435260 11.663730
73870 36.9350 -1.438815 11.626023
73880 36.9400 -1.442645 11.581782
73890 36.9450 -1.446501 11.533519
73900 36.9500 -1.450159 11.484322
73910 36.9550 -1.453540 11.445469
73920 36.9600 -1.456674 11.397877
73930 36.9650 -1.459771 11.348276
73940 36.9700 -1.462568 11.301200
73950 36.9750 -1.464882 11.260584
73960 36.9800 -1.466716 11.227255
73970 36.9850 -1.468111 11.201229
73980 36.9900 -1.468805 11.188040
73990 36.9950 -1.468936 11.185546
74000 37.0000 -1.468794 11.188252
74010 37.0050 -1.468235 11.209342
74020 37.0100 -1.467134 11.229983
74030 37.0150 -1.465374 11.262173
74040 37.0200 -1.463151 11.301521
74050 37.0250 -1.460432 11.347683
74060 37.0300 -1.457131 11.400912
74070 37.0350 -1.453345 11.458333
74080 37.0400 -1.449118 11.517979
74090 37.0450 -1.444457 11.578436
74100 37.0500 -1.439387 11.637879
74110 37.0550 -1.434226 11.700670
74120 37.0600 -1.428984 11.747576
74130 37.0650 -1.423805 11.786106
74140 37.0700 -1.418848 11.815277
74150 37.0750 -1.414383 11.834729
74160 37.0800 -1.410425 11.846295
74170 37.0850 -1.407403 11.851390
74180 37.0900 -1.405062 11.853051
74190 37.0950 -1.403591 11.853053
74200 37.1000 -1.402983 11.852816
74210 37.1050 -1.403002 11.861521
74220 37.1100 -1.403477 11.861714
74230 37.1150 -1.404383 11.861845
74240 37.1200 -1.405681 11.861492
74250 37.1250 -1.407479 11.859964
74260 37.1300 -1.409718 11.856399
74270 37.1350 -1.412283 11.850092
74280 37.1400 -1.415172 11.840218
74290 37.1450 -1.418421 11.825715
74300 37.1500 -1.421833 11.806739
74310 37.1550 -1.425385 11.791858
74320 37.1600 -1.428916 11.764461
74330 37.1650 -1.432411 11.733715
74340 37.1700 -1.435732 11.701273
74350 37.1750 -1.438969 11.666736
74360 37.1800 -1.441953 11.632384
74370 37.1850 -1.444739 11.598186
74380 37.1900 -1.447239 11.565759
74390 37.1950 -1.449342 11.537225
74400 37.2000 -1.451003 11.513853
74410 37.2050 -1.452403 11.503149
74420 37.2100 -1.453514 11.486697
74430 37.2150 -1.454258 11.475486
74440 37.2200 -1.454689 11.468920
74450 37.2250 -1.454740 11.468138
74460 37.2300 -1.454287 11.475043
74470 37.2350 -1.453366 11.488901
74480 37.2400 -1.451974 11.509413
74490 37.2450 -1.450311 11.533236
74500 37.2500 -1.448339 11.560524
74510 37.2550 -1.445717 11.604627
74520 37.2600 -1.442577 11.643699
74530 37.2650 -1.439397 11.680543
74540 37.2700 -1.435855 11.718292
74550 37.2750 -1.431967 11.755646
74560 37.2800 -1.428076 11.788613
74570 37.2850 -1.424147 11.817230
74580 37.2900 -1.420209 11.841004
74590 37.2950 -1.416281 11.859616
74600 37.3000 -1.412545 11.872390
74610 37.3050 -1.409323 11.888040
74620 37.3100 -1.406460 11.891036
74630 37.3150 -1.403906 11.891088
74640 37.3200 -1.401815 11.889257
74650 37.3250 -1.400276 11.886816
74660 37.3300 -1.399125 11.884381
74670 37.3350 -1.398364 11.882483
74680 37.3400 -1.398114 11.881808
74690 37.3450 -1.398266 11.882221
74700 37.3500 -1.398964 11.883998
74710 37.3550 -1.400035 11.894968
74720 37.3600 -1.401635 11.897628
74730 37.3650 -1.403336 11.899344
74740 37.3700 -1.404990 11.899929
74750 37.3750 -1.406845 11.899327
74760 37.3800 -1.408996 11.896987
74770 37.3850 -1.411226 11.892728
74780 37.3900 -1.413430 11.886722
74790 37.3950 -1.415691 11.878738
74800 37.4000 -1.417721 11.870038
74810 37.4050 -1.419459 11.870103
74820 37.4100 -1.421094 11.861075
74830 37.4150 -1.422731 11.851135
74840 37.4200 -1.424267 11.841007
74850 37.4250 -1.425522 11.832155
74860 37.4300 -1.426409 11.825603
74870 37.4350 -1.426685 11.823508
74880 37.4400 -1.426469 11.825147
74890 37.4450 -1.425831 11.829902
74900 37.4500 -1.424650 11.838359
74910 37.4550 -1.423088 11.857579
74920 37.4600 -1.421200 11.869167
74930 37.4650 -1.418892 11.881690
74940 37.4700 -1.416187 11.894004
74950 37.4750 -1.413369 11.904045
74960 37.4800 -1.410474 11.911321
74970 37.4850 -1.407514 11.915495
74980 37.4900 -1.404440 11.916253
74990 37.4950 -1.401314 11.913205
75000 37.5000 -1.398048 11.905832
75010 37.5050 -1.394715 11.902372
75020 37.5100 -1.391642 11.887179
75030 37.5150 -1.388672 11.868720
75040 37.5200 -1.385952 11.848537
75050 37.5250 -1.383549 11.828086
75060 37.5300 -1.381455 11.808240
75070 37.5350 -1.379689 11.790049
75080 37.5400 -1.378067 11.772157
75090 37.5450 -1.376342 11.751889
75100 37.5500 -1.374550 11.729464
75110 37.5550 -1.372909 11.716712
75120 37.5600 -1.371512 11.697263
75130 37.5650 -1.370324 11.680057
75140 37.5700 -1.369580 11.668956
75150 37.5750 -1.369079 11.661363
75160 37.5800 -1.368972 11.659724
75170 37.5850 -1.369306 11.664821
75180 37.5900 -1.369990 11.675113
75190 37.5950 -1.370916 11.688705
75200 37.6000 -1.372066 11.705078
75210 37.6050 -1.373523 11.734043
75220 37.6100 -1.375130 11.754923
75230 37.6150 -1.376757 11.774897
75240 37.6200 -1.378244 11.792136
75250 37.6250 -1.379524 11.806204
75260 37.6300 -1.381018 11.821712
75270 37.6350 -1.382661 11.837643
75280 37.6400 -1.384300 11.852370
75290 37.6450 -1.385928 11.865836
75300 37.6500 -1.387291 11.876231
75310 37.6550 -1.388523 11.893574
75320 37.6600 -1.389349 11.899041
75330 37.6650 -1.389825 11.902059
75340 37.6700 -1.389805 11.901934
75350 37.6750 -1.389773 11.901734
75360 37.6800 -1.389471 11.899822
75370 37.6850 -1.388913 11.896196
75380 37.6900 -1.387801 11.888552
75390 37.6950 -1.386140 11.876144
75400 37.7000 -1.384066 11.858957
75410 37.7050 -1.381664 11.845371
75420 37.7100 -1.378909 11.816682
75430 37.7150 -1.376005 11.782796
75440 37.7200 -1.373038 11.744301
75450 37.7250 -1.370015 11.701022
75460 37.7300 -1.367001 11.653794
75470 37.7350 -1.364226 11.606692
75480 37.7400 -1.361454 11.556174
75490 37.7450 -1.358896 11.506452
75500 37.7500 -1.356553 11.458279
75510 37.7550 -1.354581 11.425483
75520 37.7600 -1.352827 11.386148
75530 37.7650 -1.351310 11.350973
75540 37.7700 -1.349762 11.313943
75550 37.7750 -1.347995 11.270310
75560 37.7800 -1.346355 11.228447
75570 37.7850 -1.344845 11.188793
75580 37.7900 -1.343507 11.152720
75590 37.7950 -1.342430 11.123065
75600 37.8000 -1.341750 11.104034
75610 37.8050 -1.341404 11.104986
75620 37.8100 -1.341524 11.108390
75630 37.8150 -1.341995 11.121631
75640 37.8200 -1.342767 11.143104
75650 37.8250 -1.343821 11.171972
75660 37.8300 -1.345227 11.209637
75670 37.8350 -1.346787 11.250274
75680 37.8400 -1.348306 11.288727
75690 37.8450 -1.349892 11.327686
75700 37.8500 -1.351648 11.369405
75710 37.8550 -1.353364 11.418722
75720 37.8600 -1.355203 11.459339
75730 37.8650 -1.356963 11.496726
75740 37.8700 -1.358610 11.530395
75750 37.8750 -1.360037 11.558510
75760 37.8800 -1.361072 11.578324
75770 37.8850 -1.361946 11.594661
75780 37.8900 -1.362634 11.607284
75790 37.8950 -1.363304 11.619343
75800 37.9000 -1.363798 11.628115
75810 37.9050 -1.363932 11.639732
75820 37.9100 -1.363581 11.633538
75830 37.9150 -1.362780 11.619175
75840 37.9200 -1.361864 11.602394
75850 37.9250 -1.360985 11.585927
75860 37.9300 -1.360041 11.567828
75870 37.9350 -1.359090 11.549177
75880 37.9400 -1.358012 11.527502
75890 37.9450 -1.356946 11.505542
75900 37.9500 -1.355893 11.483316
75910 37.9550 -1.354821 11.469792
75920 37.9600 -1.353771 11.446566
75930 37.9650 -1.352825 11.425182
75940 37.9700 -1.351994 11.406032
75950 37.9750 -1.351369 11.391423
75960 37.9800 -1.351002 11.382750
75970 37.9850 -1.350648 11.374321
75980 37.9900 -1.350627 11.373799
75990 37.9950 -1.350826 11.378547
76000 38.0000 -1.351091 11.384861
76010 38.0050 -1.351366 11.401259
76020 38.0100 -1.351633 11.407527
76030 38.0150 -1.351877 11.413213
76040 38.0200 -1.352171 11.420051
76050 38.0250 -1.352463 11.426781
76060 38.0300 -1.352695 11.432099
76070 38.0350 -1.353117 11.441727
76080 38.0400 -1.353565 11.451832
76090 38.0450 -1.354129 11.464426
76100 38.0500 -1.354906 11.481524
76110 38.0550 -1.355817 11.510862
76120 38.0600 -1.356564 11.526689
76130 38.0650 -1.357317 11.542365
76140 38.0700 -1.358044 11.557236
76150 38.0750 -1.358754 11.571516
76160 38.0800 -1.359384 11.583998
76170 38.0850 -1.359974 11.595501
76180 38.0900 -1.360530 11.606181
76190 38.0950 -1.360948 11.614122
76200 38.1000 -1.361175 11.618389
76210 38.1050 -1.361070 11.625691
76220 38.1100 -1.360816 11.620911
76230 38.1150 -1.360380 11.612589
76240 38.1200 -1.359703 11.599508
76250 38.1250 -1.358802 11.581744
76260 38.1300 -1.357451 11.554382
76270 38.1350 -1.355663 11.516780
76280 38.1400 -1.353525 11.469766
76290 38.1450 -1.351237 11.416937
76300 38.1500 -1.348905 11.360399
76310 38.1550 -1.346373 11.305909
76320 38.1600 -1.343833 11.237950
76330 38.1650 -1.341554 11.174144
76340 38.1700 -1.339540 11.115494
76350 38.1750 -1.337649 11.058540
76360 38.1800 -1.335776 11.000249
76370 38.1850 -1.334166 10.948685
76380 38.1900 -1.332726 10.901377
76390 38.1950 -1.331539 10.861569
76400 38.2000 -1.330584 10.828998
76410 38.2050 -1.329784 10.812913
76420 38.2100 -1.329105 10.789162
76430 38.2150 -1.328502 10.767877
76440 38.2200 -1.327939 10.747824
76450 38.2250 -1.327644 10.737226
76460 38.2300 -1.327536 10.733326
76470 38.2350 -1.327670 10.738169
76480 38.2400 -1.327952 10.748269
76490 38.2450 -1.328177 10.756301
76500 38.2500 -1.328600 10.771340
76510 38.2550 -1.329207 10.804531
76520 38.2600 -1.330023 10.832990
76530 38.2650 -1.331087 10.869542
76540 38.2700 -1.332271 10.909538
76550 38.2750 -1.333807 10.960245
76560 38.2800 -1.335533 11.015738
76570 38.2850 -1.337163 11.066669
76580 38.2900 -1.338856 11.118044
76590 38.2950 -1.340551 11.167996
76600 38.3000 -1.342164 11.214077
76610 38.3050 -1.343591 11.264138
76620 38.3100 -1.344789 11.296572
76630 38.3150 -1.345892 11.325788
76640 38.3200 -1.346795 11.349228
76650 38.3250 -1.347360 11.363674
76660 38.3300 -1.347683 11.371857
76670 38.3350 -1.347789 11.374550
76680 38.3400 -1.347611 11.370039
76690 38.3450 -1.346895 11.351796
76700 38.3500 -1.345988 11.328314
76710 38.3550 -1.344798 11.306893
76720 38.3600 -1.343365 11.267980
76730 38.3650 -1.342101 11.232756
76740 38.3700 -1.340874 11.197741
76750 38.3750 -1.339629 11.161390
76760 38.3800 -1.338303 11.121753
76770 38.3850 -1.337083 11.084445
76780 38.3900 -1.335929 11.048410
76790 38.3950 -1.334714 11.009710
76800 38.4000 -1.333590 10.973157
76810 38.4050 -1.332576 10.950728
76820 38.4100 -1.331727 10.922194
76830 38.4150 -1.331067 10.899760
76840 38.4200 -1.330620 10.884394
76850 38.4250 -1.330395 10.876647
76860 38.4300 -1.330335 10.874564
76870 38.4350 -1.330548 10.881918
76880 38.4400 -1.330840 10.891955
76890 38.4450 -1.331334 10.908854
76900 38.4500 -1.332211 10.938504
76910 38.4550 -1.333585 10.995342
76920 38.4600 -1.335308 11.051044
76930 38.4650 -1.337268 11.112419
76940 38.4700 -1.339261 11.172653
76950 38.4750 -1.341438 11.235935
76960 38.4800 -1.343958 11.306018
76970 38.4850 -1.346767 11.380091
76980 38.4900 -1.349601 11.450537
76990 38.4950 -1.352542 11.519179
77000 38.5000 -1.355452 11.582663
77010 38.5050 -1.358432 11.652501
77020 38.5100 -1.361517 11.710295
77030 38.5150 -1.364282 11.757974
77040 38.5200 -1.366768 11.797564
77050 38.5250 -1.368960 11.829920
77060 38.5300 -1.370919 11.856837
77070 38.5350 -1.372612 11.878577
77080 38.5400 -1.374035 11.895772
77090 38.5450 -1.375389 11.911224
77100 38.5500 -1.376515 11.923392
77110 38.5550 -1.377175 11.938776
77120 38.5600 -1.377573 11.942813
77130 38.5650 -1.377668 11.943757
77140 38.5700 -1.377632 11.943400
77150 38.5750 -1.377311 11.940160
77160 38.5800 -1.376746 11.934345
77170 38.5850 -1.375943 11.925814
77180 38.5900 -1.374955 11.914886
77190 38.5950 -1.373739 11.900784
77200 38.6000 -1.372421 11.884689
77210 38.6050 -1.370935 11.874129
77220 38.6100 -1.369312 11.851930
77230 38.6150 -1.367590 11.826942
77240 38.6200 -1.365859 11.800318
77250 38.6250 -1.363937 11.768981
77260 38.6300 -1.362196 11.738978
77270 38.6350 -1.360594 11.709987
77280 38.6400 -1.359181 11.683337
77290 38.6450 -1.357643 11.653139
77300 38.6500 -1.356270 11.625122
77310 38.6550 -1.355000 11.607615
77320 38.6600 -1.353965 11.585159
77330 38.6650 -1.353279 11.569971
77340 38.6700 -1.352639 11.555553
77350 38.6750 -1.352241 11.546493
77360 38.6800 -1.352045 11.541995
77370 38.6850 -1.352066 11.542463
77380 38.6900 -1.351905 11.538761
77390 38.6950 -1.351687 11.533725
77400 38.7000 -1.351653 11.532934
77410 38.7050 -1.351752 11.544735
77420 38.7100 -1.352132 11.553501
77430 38.7150 -1.352498 11.561866
77440 38.7200 -1.353151 11.576596
77450 38.7250 -1.353915 11.593551
77460 38.7300 -1.354730 11.611314
77470 38.7350 -1.355678 11.631508
77480 38.7400 -1.356788 11.654542
77490 38.7450 -1.357989 11.678719
77500 38.7500 -1.359100 11.700425
77510 38.7550 -1.360051 11.727564
77520 38.7600 -1.360891 11.743120
77530 38.7650 -1.361685 11.757465
77540 38.7700 -1.362695 11.775255
77550 38.7750 -1.363955 11.796708
77560 38.7800 -1.365506 11.821973
77570 38.7850 -1.367557 11.853472
77580 38.7900 -1.369693 11.883992
77590 38.7950 -1.371819 11.912054
77600 38.8000 -1.373906 11.937389
77610 38.8050 -1.375963 11.968709
77620 38.8100 -1.377857 11.987858
77630 38.8150 -1.379516 12.003183
77640 38.8200 -1.381043 12.016088
77650 38.8250 -1.382516 12.027467
77660 38.8300 -1.383718 12.035972
77670 38.8350 -1.384698 12.042394
77680 38.8400 -1.385399 12.046712
77690 38.8450 -1.385635 12.048111
77700 38.8500 -1.385637 12.048119
77710 38.8550 -1.385522 12.055679
77720 38.8600 -1.385101 12.053139
77730 38.8650 -1.384386 12.048631
77740 38.8700 -1.383563 12.043144
77750 38.8750 -1.382476 12.035390
77760 38.8800 -1.381326 12.026565
77770 38.8850 -1.380246 12.017685
77780 38.8900 -1.379049 12.007166
77790 38.8950 -1.377739 11.994855
77800 38.9000 -1.376594 11.983385
77810 38.9050 -1.375633 11.981642
77820 38.9100 -1.374891 11.973497
77830 38.9150 -1.374416 11.968145
77840 38.9200 -1.374171 11.965328
77850 38.9250 -1.374157 11.965165
77860 38.9300 -1.374479 11.968854
77870 38.9350 -1.375065 11.975433
77880 38.9400 -1.375615 11.981443
77890 38.9450 -1.376137 11.987015
77900 38.9500 -1.376783 11.993710
77910 38.9550 -1.377324 12.007513
77920 38.9600 -1.377983 12.013954
77930 38.9650 -1.378596 12.019743
77940 38.9700 -1.379068 12.024063
77950 38.9750 -1.379342 12.026528
77960 38.9800 -1.379558 12.028441
77970 38.9850 -1.379872 12.031183
77980 38.9900 -1.380325 12.035049
77990 38.9950 -1.380728 12.038404
78000 39.0000 -1.381040 12.040947
78010 39.0050 -1.381528 12.053072
78020 39.0100 -1.382013 12.056814
78030 39.0150 -1.382552 12.060823
78040 39.0200 -1.383169 12.065245
78050 39.0250 -1.383717 12.069014
78060 39.0300 -1.384135 12.071784
78070 39.0350 -1.384824 12.076174
78080 39.0400 -1.385442 12.079908
78090 39.0450 -1.386068 12.083504
78100 39.0500 -1.386700 12.086938
78110 39.0550 -1.387306 12.098194
78120 39.0600 -1.387919 12.101163
78130 39.0650 -1.388570 12.104113
78140 39.0700 -1.389052 12.106169
78150 39.0750 -1.389406 12.107605
78160 39.0800 -1.389522 12.108063
78170 39.0850 -1.389580 12.108291
78180 39.0900 -1.389644 12.108537
78190 39.0950 -1.389668 12.108631
78200 39.1000 -1.389765 12.109000
78210 39.1050 -1.389705 12.116869
78220 39.1100 -1.389904 12.117621
78230 39.1150 -1.390385 12.119364
78240 39.1200 -1.390730 12.120544
78250 39.1250 -1.391054 12.121604
78260 39.1300 -1.391323 12.122443
78270 39.1350 -1.391466 12.122876
78280 39.1400 -1.391665 12.123463
78290 39.1450 -1.391914 12.124169
78300 39.1500 -1.392105 12.124692
78310 39.1550 -1.392112 12.132771
78320 39.1600 -1.392143 12.132853
78330 39.1650 -1.392086 12.132701
78340 39.1700 -1.392152 12.132876
78350 39.1750 -1.392422 12.133581
78360 39.1800 -1.392831 12.134580
78370 39.1850 -1.393408 12.135855
78380 39.1900 -1.394181 12.137317
78390 39.1950 -1.394903 12.138432
78400 39.2000 -1.395727 12.139408
78410 39.2050 -1.396700 12.148182
78420 39.2100 -1.397847 12.148505
78430 39.2150 -1.399382 12.148001
78440 39.2200 -1.400751 12.146659
78450 39.2250 -1.401932 12.144836
78460 39.2300 -1.403157 12.142304
78470 39.2350 -1.404322 12.139295
78480 39.2400 -1.405441 12.135863
78490 39.2450 -1.406432 12.132384
78500 39.2500 -1.407417 12.128527
78510 39.2550 -1.407984 12.134176
78520 39.2600 -1.408395 12.132357
78530 39.2650 -1.408759 12.130683
78540 39.2700 -1.409225 12.128465
78550 39.2750 -1.409807 12.125576
78560 39.2800 -1.410416 12.122401
78570 39.2850 -1.410889 12.119840
78580 39.2900 -1.411219 12.118001
78590 39.2950 -1.411453 12.116668
78600 39.3000 -1.411633 12.115633
78610 39.3050 -1.411648 12.123624
78620 39.3100 -1.411531 12.124299
78630 39.3150 -1.411216 12.126097
78640 39.3200 -1.411035 12.127113
78650 39.3250 -1.410846 12.128157
78660 39.3300 -1.410628 12.129343
78670 39.3350 -1.410586 12.129573
78680 39.3400 -1.410693 12.128991
78690 39.3450 -1.410625 12.129362
78700 39.3500 -1.410381 12.130668
78710 39.3550 -1.410020 12.140605
78720 39.3600 -1.409488 12.143293
78730 39.3650 -1.408772 12.146729
78740 39.3700 -1.407992 12.150236
78750 39.3750 -1.407050 12.154137
78760 39.3800 -1.405820 12.158665
78770 39.3850 -1.404625 12.162450
78780 39.3900 -1.403496 12.165456
78790 39.3950 -1.402241 12.168145
78800 39.4000 -1.400840 12.170319
78810 39.4050 -1.399469 12.179545
78820 39.4100 -1.398315 12.179943
78830 39.4150 -1.397168 12.179724
78840 39.4200 -1.395898 12.178761
78850 39.4250 -1.394582 12.176953
78860 39.4300 -1.393445 12.174721
78870 39.4350 -1.392507 12.172409
78880 39.4400 -1.391535 12.169562
78890 39.4450 -1.390735 12.166868
78900 39.4500 -1.390236 12.165030
78910 39.4550 -1.389933 12.171818
78920 39.4600 -1.389728 12.170998
78930 39.4650 -1.389759 12.171123
78940 39.4700 -1.390091 12.172441
78950 39.4750 -1.390617 12.174411
78960 39.4800 -1.391565 12.177623
78970 39.4850 -1.392745 12.180996
78980 39.4900 -1.394112 12.184051
78990 39.4950 -1.395631 12.186384
79000 39.5000 -1.397360 12.187692
79010 39.5050 -1.399002 12.195542
79020 39.5100 -1.400725 12.194112
79030 39.5150 -1.402690 12.190815
79040 39.5200 -1.404927 12.184944
79050 39.5250 -1.407114 12.177073
79060 39.5300 -1.409442 12.166451
79070 39.5350 -1.411831 12.153218
79080 39.5400 -1.414152 12.138167
79090 39.5450 -1.416163 12.123440
79100 39.5500 -1.417884 12.109630
79110 39.5550 -1.419234 12.106129
79120 39.5600 -1.420246 12.097005
79130 39.5650 -1.421044 12.089557
79140 39.5700 -1.421635 12.083902
79150 39.5750 -1.421883 12.081493
79160 39.5800 -1.422007 12.080283
79170 39.5850 -1.421859 12.081728
79180 39.5900 -1.421469 12.085501
79190 39.5950 -1.420806 12.091806
79200 39.6000 -1.420021 12.099063
79210 39.6050 -1.419171 12.114798
79220 39.6100 -1.418231 12.122919
79230 39.6150 -1.417083 12.132387
79240 39.6200 -1.415960 12.141174
79250 39.6250 -1.414815 12.149629
79260 39.6300 -1.413523 12.158565
79270 39.6350 -1.412188 12.167100
79280 39.6400 -1.410914 12.174573
79290 39.6450 -1.409816 12.180474
79300 39.6500 -1.408843 12.185284
79310 39.6550 -1.408075 12.196716
79320 39.6600 -1.407314 12.199948
79330 39.6650 -1.406910 12.201559
79340 39.6700 -1.406752 12.202169
79350 39.6750 -1.406863 12.201741
79360 39.6800 -1.407074 12.200911
79370 39.6850 -1.407358 12.199766
79380 39.6900 -1.407396 12.199612
79390 39.6950 -1.407511 12.199135
79400 39.7000 -1.407848 12.197709
79410 39.7050 -1.408323 12.203508
79420 39.7100 -1.408941 12.200637
79430 39.7150 -1.409924 12.195725
79440 39.7200 -1.411185 12.188830
79450 39.7250 -1.412827 12.178858
79460 39.7300 -1.414702 12.166131
79470 39.7350 -1.416712 12.150945
79480 39.7400 -1.418863 12.132968
79490 39.7450 -1.421224 12.111267
79500 39.7500 -1.423438 12.089116
79510 39.7550 -1.425459 12.075565
79520 39.7600 -1.427454 12.052805
79530 39.7650 -1.429401 12.029375
79540 39.7700 -1.431106 12.007878
79550 39.7750 -1.432257 11.992875
79560 39.7800 -1.432927 11.983964
79570 39.7850 -1.433288 11.979102
79580 39.7900 -1.433480 11.976506
79590 39.7950 -1.433341 11.978382
79600 39.8000 -1.432587 11.988492
79610 39.8050 -1.431315 12.013552
79620 39.8100 -1.429750 12.033405
79630 39.8150 -1.427841 12.056582
79640 39.8200 -1.425708 12.081091
79650 39.8250 -1.423379 12.106099
79660 39.8300 -1.420907 12.130579
79670 39.8350 -1.418613 12.151302
79680 39.8400 -1.416423 12.169231
79690 39.8450 -1.414268 12.185035
79700 39.8500 -1.412095 12.199075
79710 39.8550 -1.409844 12.219424
79720 39.8600 -1.407587 12.229704
79730 39.8650 -1.405298 12.237815
79740 39.8700 -1.403146 12.243254
79750 39.8750 -1.401211 12.246297
79760 39.8800 -1.399528 12.247493
79770 39.8850 -1.398089 12.247431
79780 39.8900 -1.396687 12.246395
79790 39.8950 -1.395441 12.244658
79800 39.9000 -1.394389 12.242588
79810 39.9050 -1.393554 12.248347
79820 39.9100 -1.392788 12.246163
79830 39.9150 -1.392151 12.244119
79840 39.9200 -1.391958 12.243459
79850 39.9250 -1.392030 12.243709
79860 39.9300 -1.392300 12.244615
79870 39.9350 -1.392738 12.246008
79880 39.9400 -1.393376 12.247866
79890 39.9450 -1.394428 12.250471
79900 39.9500 -1.396033 12.253372
79910 39.9550 -1.397932 12.262910
79920 39.9600 -1.400231 12.262652
79930 39.9650 -1.402508 12.259858
79940 39.9700 -1.404778 12.254613
79950 39.9750 -1.406982 12.247224
79960 39.9800 -1.409309 12.237026
79970 39.9850 -1.411780 12.223581
79980 39.9900 -1.414606 12.205006
79990 39.9950 -1.417486 12.182702
80000 40.0000 -1.420419 12.156647
80010 40.0050 -1.423196 12.136972
80020 40.0100 -1.425856 12.107880
80030 40.0150 -1.428378 12.078049
80040 40.0200 -1.430594 12.050105
80050 40.0250 -1.432778 12.021057
80060 40.0300 -1.434784 11.993100
80070 40.0350 -1.436370 11.970163
80080 40.0400 -1.437452 11.954106
80090 40.0450 -1.438010 11.945685
80100 40.0500 -1.438327 11.940876
80110 40.0550 -1.438302 11.949739
80120 40.0600 -1.437914 11.955625
80130 40.0650 -1.437382 11.963626
80140 40.0700 -1.436508 11.976617
80150 40.0750 -1.435389 11.992906
80160 40.0800 -1.434134 12.010747
80170 40.0850 -1.432905 12.027755
80180 40.0900 -1.431475 12.046980
80190 40.0950 -1.429983 12.066334
80200 40.1000 -1.428605 12.083580
80210 40.1050 -1.427391 12.106404
80220 40.1100 -1.426287 12.119323
80230 40.1150 -1.425459 12.128728
80240 40.1200 -1.424824 12.135768
80250 40.1250 -1.424142 12.143183
80260 40.1300 -1.423303 12.152073
80270 40.1350 -1.422377 12.161581
80280 40.1400 -1.421437 12.170910
80290 40.1450 -1.420584 12.179085
80300 40.1500 -1.419924 12.185217
80310 40.1550 -1.419523 12.196789
80320 40.1600 -1.419490 12.197086
80330 40.1650 -1.419789 12.194380
80340 40.1700 -1.420608 12.186783
80350 40.1750 -1.421882 12.174453
80360 40.1800 -1.423358 12.159401
80370 40.1850 -1.425103 12.140572
80380 40.1900 -1.426931 12.119683
80390 40.1950 -1.428917 12.095679
80400 40.2000 -1.431011 12.068940
80410 40.2050 -1.432729 12.054134
80420 40.2100 -1.434281 12.032552
80430 40.2150 -1.435628 12.013224
80440 40.2200 -1.436931 11.994001
80450 40.2250 -1.438012 11.977679
80460 40.2300 -1.438686 11.967337
80470 40.2350 -1.439192 11.959482
80480 40.2400 -1.439532 11.954164
80490 40.2450 -1.439534 11.954121
80500 40.2500 -1.439260 11.958409
80510 40.2550 -1.438837 11.973439
80520 40.2600 -1.438374 11.980573
80530 40.2650 -1.437963 11.986870
80540 40.2700 -1.437249 11.997675
80550 40.2750 -1.436238 12.012720
80560 40.2800 -1.435060 12.029850
80570 40.2850 -1.433872 12.046702
80580 40.2900 -1.432464 12.066102
80590 40.2950 -1.430719 12.089271
80600 40.3000 -1.428743 12.114274
80610 40.3050 -1.426810 12.145526
80620 40.3100 -1.424815 12.168039
80630 40.3150 -1.422801 12.189277
80640 40.3200 -1.420730 12.209503
80650 40.3250 -1.418751 12.227260
80660 40.3300 -1.416961 12.241949
80670 40.3350 -1.415277 12.254553
80680 40.3400 -1.413790 12.264676
80690 40.3450 -1.412387 12.273352
80700 40.3500 -1.411188 12.280073
80710 40.3550 -1.410124 12.293213
80720 40.3600 -1.409243 12.297308
80730 40.3650 -1.408604 12.300055
80740 40.3700 -1.408048 12.302293
80750 40.3750 -1.407805 12.303224
80760 40.3800 -1.407956 12.302650
80770 40.3850 -1.408395 12.300916
80780 40.3900 -1.409012 12.298324
80790 40.3950 -1.409738 12.295052
80800 40.4000 -1.410844 12.289599
80810 40.4050 -1.412361 12.288907
80820 40.4100 -1.414153 12.277675
80830 40.4150 -1.415998 12.264640
80840 40.4200 -1.418024 12.248644
80850 40.4250 -1.420149 12.230037
80860 40.4300 -1.422255 12.209797
80870 40.4350 -1.424294 12.188551
80880 40.4400 -1.426107 12.168351
80890 40.4450 -1.427852 12.147756
80900 40.4500 -1.429416 12.128388
80910 40.4550 -1.430888 12.117427
80920 40.4600 -1.432338 12.097984
80930 40.4650 -1.433601 12.080474
80940 40.4700 -1.434622 12.065940
80950 40.4750 -1.435479 12.053485
80960 40.4800 -1.435930 12.046839
80970 40.4850 -1.436157 12.043461
80980 40.4900 -1.436061 12.044894
80990 40.4950 -1.435735 12.049712
81000 40.5000 -1.435351 12.055359
81010 40.5050 -1.434768 12.072055
81020 40.5100 -1.433817 12.085649
81030 40.5150 -1.432423 12.105031
81040 40.5200 -1.430648 12.128763
81050 40.5250 -1.428430 12.156891
81060 40.5300 -1.425953 12.186218
81070 40.5350 -1.423428 12.213748
81080 40.5400 -1.420911 12.238737
81090 40.5450 -1.418430 12.260852
81100 40.5500 -1.416214 12.278425
81110 40.5550 -1.414019 12.301459
81120 40.5600 -1.412181 12.312620
81130 40.5650 -1.410486 12.321543
81140 40.5700 -1.409134 12.327701
81150 40.5750 -1.407956 12.332362
81160 40.5800 -1.407057 12.335472
81170 40.5850 -1.406504 12.337190
81180 40.5900 -1.406277 12.337853
81190 40.5950 -1.406517 12.337153
81200 40.6000 -1.406864 12.336088
81210 40.6050 -1.407517 12.341525
81220 40.6100 -1.408553 12.337675
81230 40.6150 -1.409888 12.331960
81240 40.6200 -1.411370 12.324623
81250 40.6250 -1.412785 12.316669
81260 40.6300 -1.414257 12.307414
81270 40.6350 -1.415814 12.296569
81280 40.6400 -1.417411 12.284343
81290 40.6450 -1.419142 12.269841
81300 40.6500 -1.420807 12.254706
81310 40.6550 -1.422148 12.249456
81320 40.6600 -1.423211 12.238619
81330 40.6650 -1.424092 12.229288
81340 40.6700 -1.424579 12.223994
81350 40.6750 -1.424704 12.222625
81360 40.6800 -1.424627 12.223476
81370 40.6850 -1.424409 12.225853
81380 40.6900 -1.424167 12.228478
81390 40.6950 -1.423828 12.232118
81400 40.7000 -1.423335 12.237324
81410 40.7050 -1.422775 12.250928
81420 40.7100 -1.422230 12.256444
81430 40.7150 -1.421500 12.263644
81440 40.7200 -1.420720 12.271098
81450 40.7250 -1.419768 12.279842
81460 40.7300 -1.418799 12.288360
81470 40.7350 -1.417815 12.296590
81480 40.7400 -1.416957 12.303425
81490 40.7450 -1.415961 12.310951
81500 40.7500 -1.414969 12.318014
81510 40.7550 -1.413875 12.332910
81520 40.7600 -1.412715 12.340016
81530 40.7650 -1.411597 12.346265
81540 40.7700 -1.410653 12.351084
81550 40.7750 -1.409872 12.354748
81560 40.7800 -1.409245 12.357475
81570 40.7850 -1.408811 12.359253
81580 40.7900 -1.408665 12.359829
81590 40.7950 -1.408697 12.359704
81600 40.8000 -1.408781 12.359374
81610 40.8050 -1.408899 12.366446
81620 40.8100 -1.409274 12.364903
81630 40.8150 -1.409720 12.362971
81640 40.8200 -1.410255 12.360532
81650 40.8250 -1.410817 12.357817
81660 40.8300 -1.411706 12.353218
81670 40.8350 -1.412654 12.347893
81680 40.8400 -1.413626 12.342001
81690 40.8450 -1.414659 12.335253
81700 40.8500 -1.415590 12.328754
81710 40.8550 -1.416706 12.328055
81720 40.8600 -1.417564 12.321289
81730 40.8650 -1.418247 12.315666
81740 40.8700 -1.418817 12.310808
81750 40.8750 -1.419293 12.306649
81760 40.8800 -1.419956 12.300689
81770 40.8850 -1.420726 12.293535
81780 40.8900 -1.421397 12.287088
81790 40.8950 -1.421957 12.281560
81800 40.9000 -1.422552 12.275551
81810 40.9050 -1.423168 12.276892
81820 40.9100 -1.423649 12.271807
81830 40.9150 -1.423944 12.268636
81840 40.9200 -1.424364 12.264062
81850 40.9250 -1.424854 12.258631
81860 40.9300 -1.425187 12.254895
81870 40.9350 -1.425070 12.256213
81880 40.9400 -1.424735 12.259958
81890 40.9450 -1.424240 12.265419
81900 40.9500 -1.423619 12.272123
81910 40.9550 -1.422878 12.287653
81920 40.9600 -1.421942 12.297165
81930 40.9650 -1.421246 12.303999
81940 40.9700 -1.420721 12.309022
81950 40.9750 -1.420208 12.313807
81960 40.9800 -1.419653 12.318857
81970 40.9850 -1.419238 12.322547
81980 40.9900 -1.418893 12.325555
81990 40.9950 -1.418790 12.326447
82000 41.0000 -1.418796 12.326398
82010 41.0050 -1.418784 12.334113
82020 41.0100 -1.418895 12.333158
82030 41.0150 -1.419220 12.330324
82040 41.0200 -1.419718 12.325893
82050 41.0250 -1.420435 12.319319
82060 41.0300 -1.421272 12.311357
82070 41.0350 -1.422086 12.303327
82080 41.0400 -1.422863 12.295399
82090 41.0450 -1.423469 12.289045
82100 41.0500 -1.424101 12.282240
82110 41.0550 -1.424872 12.281435
82120 41.0600 -1.425765 12.271270
82130 41.0650 -1.426578 12.261730
82140 41.0700 -1.427361 12.252290
82150 41.0750 -1.428043 12.243861
82160 41.0800 -1.428616 12.236646
82170 41.0850 -1.429363 12.227054
82180 41.0900 -1.430117 12.217141
82190 41.0950 -1.430732 12.208909
82200 41.1000 -1.431236 12.202056
82210 41.1050 -1.431740 12.202987
82220 41.1100 -1.432095 12.198027
82230 41.1150 -1.432459 12.192898
82240 41.1200 -1.432881 12.186900
82250 41.1250 -1.433510 12.177820
82260 41.1300 -1.434161 12.168290
82270 41.1350 -1.434586 12.161981
82280 41.1400 -1.434834 12.158268
82290 41.1450 -1.434801 12.158764
82300 41.1500 -1.434567 12.162266
82310 41.1550 -1.434044 12.177986
82320 41.1600 -1.433402 12.187368
82330 41.1650 -1.432487 12.200476
82340 41.1700 -1.431440 12.215092
82350 41.1750 -1.430420 12.228940
82360 41.1800 -1.429251 12.244311
82370 41.1850 -1.428033 12.259762
82380 41.1900 -1.426814 12.274646
82390 41.1950 -1.425649 12.288293
82400 41.2000 -1.424555 12.300602
82410 41.2050 -1.423546 12.319177
82420 41.2100 -1.422984 12.325064
82430 41.2150 -1.422704 12.327944
82440 41.2200 -1.422588 12.329128
82450 41.2250 -1.422532 12.329704
82460 41.2300 -1.422561 12.329409
82470 41.2350 -1.422902 12.325914
82480 41.2400 -1.423470 12.319987
82490 41.2450 -1.424059 12.313685
82500 41.2500 -1.424911 12.304320
82510 41.2550 -1.425960 12.300033
82520 41.2600 -1.427198 12.285341
82530 41.2650 -1.428545 12.268638
82540 41.2700 -1.429848 12.251782
82550 41.2750 -1.431255 12.232845
82560 41.2800 -1.432597 12.214068
82570 41.2850 -1.433784 12.196894
82580 41.2900 -1.435148 12.176515
82590 41.2950 -1.436469 12.156156
82600 41.3000 -1.437601 12.138210
82610 41.3050 -1.438713 12.128180
82620 41.3100 -1.439630 12.112953
82630 41.3150 -1.440354 12.100740
82640 41.3200 -1.440904 12.091344
82650 41.3250 -1.441429 12.082297
82660 41.3300 -1.441722 12.077189
82670 41.3350 -1.441684 12.077856
82680 41.3400 -1.441632 12.078761
82690 41.3450 -1.441744 12.076814
82700 41.3500 -1.441778 12.076218
82710 41.3550 -1.441687 12.085973
82720 41.3600 -1.441530 12.088705
82730 41.3650 -1.441468 12.089785
82740 41.3700 -1.441444 12.090192
82750 41.3750 -1.441260 12.093377
82760 41.3800 -1.441007 12.097752
82770 41.3850 -1.440420 12.107797
82780 41.3900 -1.439837 12.117648
82790 41.3950 -1.439420 12.124625
82800 41.4000 -1.438821 12.134556
82810 41.4050 -1.438272 12.151571
82820 41.4100 -1.437504 12.163958
82830 41.4150 -1.436730 12.176234
82840 41.4200 -1.435993 12.187732
82850 41.4250 -1.435307 12.198239
82860 41.4300 -1.434543 12.209752
82870 41.4350 -1.433857 12.219891
82880 41.4400 -1.433020 12.232023
82890 41.4450 -1.432167 12.244128
82900 41.4500 -1.431496 12.253439
82910 41.4550 -1.430829 12.270296
82920 41.4600 -1.430105 12.279957
82930 41.4650 -1.429668 12.285692
82940 41.4700 -1.429357 12.289712
82950 41.4750 -1.428905 12.295502
82960 41.4800 -1.428460 12.301124
82970 41.4850 -1.428083 12.305805
82980 41.4900 -1.427873 12.308402
82990 41.4950 -1.427726 12.310203
83000 41.5000 -1.427499 12.312963
83010 41.5050 -1.427228 12.323885
83020 41.5100 -1.426999 12.326617
83030 41.5150 -1.426808 12.328884
83040 41.5200 -1.426755 12.329518
83050 41.5250 -1.427014 12.326440
83060 41.5300 -1.427440 12.321321
83070 41.5350 -1.428206 12.311930
83080 41.5400 -1.428981 12.302181
83090 41.5450 -1.429879 12.290570
83100 41.5500 -1.430855 12.277581
83110 41.5550 -1.431874 12.271317
83120 41.5600 -1.433091 12.254093
83130 41.5650 -1.434543 12.232779
83140 41.5700 -1.435959 12.211212
83150 41.5750 -1.437428 12.188045
83160 41.5800 -1.439017 12.162104
83170 41.5850 -1.440471 12.137585
83180 41.5900 -1.442096 12.109292
83190 41.5950 -1.443877 12.077268
83200 41.6000 -1.445646 12.044400
83210 41.6050 -1.447178 12.023368
83220 41.6100 -1.448384 11.999777
83230 41.6150 -1.449339 11.980777
83240 41.6200 -1.449986 11.967755
83250 41.6250 -1.450280 11.961789
83260 41.6300 -1.450359 11.960177
83270 41.6350 -1.450400 11.959346
83280 41.6400 -1.450394 11.959474
83290 41.6450 -1.450464 11.958043
83300 41.6500 -1.450486 11.957594
83310 41.6550 -1.450528 11.965189
83320 41.6600 -1.450581 11.964093
83330 41.6650 -1.450720 11.961252
83340 41.6700 -1.450941 11.956721
83350 41.6750 -1.451318 11.948951
83360 41.6800 -1.451780 11.939382
83370 41.6850 -1.452329 11.927903
83380 41.6900 -1.452970 11.914406
83390 41.6950 -1.453495 11.903248
83400 41.7000 -1.454059 11.891171
83410 41.7050 -1.454508 11.890088
83420 41.7100 -1.454897 11.881642
83430 41.7150 -1.455420 11.870224
83440 41.7200 -1.455942 11.858741
83450 41.7250 -1.456451 11.847477
83460 41.7300 -1.457143 11.832014
83470 41.7350 -1.457906 11.814810
83480 41.7400 -1.458599 11.799039
83490 41.7450 -1.459150 11.786381
83500 41.7500 -1.459553 11.777071
83510 41.7550 -1.459791 11.780447
83520 41.7600 -1.459849 11.779102
83530 41.7650 -1.459964 11.776409
83540 41.7700 -1.460015 11.775232
83550 41.7750 -1.459872 11.778559
83560 41.7800 -1.459718 11.782129
83570 41.7850 -1.459572 11.785508
83580 41.7900 -1.459549 11.786062
83590 41.7950 -1.459499 11.787217
83600 41.8000 -1.459475 11.787765
83610 41.8050 -1.459145 11.804239
83620 41.8100 -1.458546 11.817977
83630 41.8150 -1.457893 11.832842
83640 41.8200 -1.457164 11.849254
83650 41.8250 -1.456148 11.871883
83660 41.8300 -1.454989 11.897303
83670 41.8350 -1.453585 11.927543
83680 41.8400 -1.452050 11.959878
83690 41.8450 -1.450363 11.994575
83700 41.8500 -1.448278 12.036153
83710 41.8550 -1.445906 12.089966
83720 41.8600 -1.443338 12.137130
83730 41.8650 -1.440721 12.182766
83740 41.8700 -1.438250 12.223573
83750 41.8750 -1.435939 12.259653
83760 41.8800 -1.433944 12.289114
83770 41.8850 -1.432396 12.310877
83780 41.8900 -1.431296 12.325742
83790 41.8950 -1.430491 12.336301
83800 41.9000 -1.429827 12.344799
83810 41.9050 -1.429455 12.357069
83820 41.9100 -1.429365 12.358190
83830 41.9150 -1.429516 12.356293
83840 41.9200 -1.429884 12.351654
83850 41.9250 -1.430387 12.345218
83860 41.9300 -1.431088 12.336062
83870 41.9350 -1.431795 12.326628
83880 41.9400 -1.432690 12.314383
83890 41.9450 -1.433917 12.297055
83900 41.9500 -1.435349 12.276053
83910 41.9550 -1.436765 12.262223
83920 41.9600 -1.437907 12.244248
83930 41.9650 -1.438916 12.227965
83940 41.9700 -1.439981 12.210338
83950 41.9750 -1.441287 12.188162
83960 41.9800 -1.442721 12.163077
83970 41.9850 -1.444226 12.135954
83980 41.9900 -1.445840 12.105978
83990 41.9950 -1.447382 12.076486
84000 42.0000 -1.448702 12.050585
84010 42.0050 -1.449813 12.036560
84020 42.0100 -1.450538 12.021815
84030 42.0150 -1.451162 12.008996
84040 42.0200 -1.451806 11.995606
84050 42.0250 -1.452360 11.983987
84060 42.0300 -1.452795 11.974793
84070 42.0350 -1.453242 11.965289
84080 42.0400 -1.453584 11.957967
84090 42.0450 -1.453968 11.949690
84100 42.0500 -1.454242 11.943775
84110 42.0550 -1.454670 11.942945
84120 42.0600 -1.455200 11.931326
84130 42.0650 -1.455715 11.919955
84140 42.0700 -1.456114 11.911108
84150 42.0750 -1.456545 11.901473
84160 42.0800 -1.456905 11.893361
84170 42.0850 -1.457541 11.878971
84180 42.0900 -1.458373 11.859926
84190 42.0950 -1.459350 11.837288
84200 42.1000 -1.460152 11.818489
84210 42.1050 -1.461079 11.805278
84220 42.1100 -1.461940 11.784602
84230 42.1150 -1.462775 11.764319
84240 42.1200 -1.463480 11.747029
84250 42.1250 -1.464065 11.732571
84260 42.1300 -1.464515 11.721349
84270 42.1350 -1.465022 11.708655
84280 42.1400 -1.465546 11.695428
84290 42.1450 -1.466078 11.681930
84300 42.1500 -1.466603 11.668512
84310 42.1550 -1.466934 11.669163
84320 42.1600 -1.467190 11.662572
84330 42.1650 -1.467332 11.658896
84340 42.1700 -1.467257 11.660839
84350 42.1750 -1.467179 11.662843
84360 42.1800 -1.467036 11.666537
84370 42.1850 -1.466906 11.669896
84380 42.1900 -1.466975 11.668111
84390 42.1950 -1.467204 11.662215
84400 42.2000 -1.467418 11.656659
84410 42.2050 -1.467618 11.660674
84420 42.2100 -1.467887 11.653668
84430 42.2150 -1.468261 11.643907
84440 42.2200 -1.468676 11.633026
84450 42.2250 -1.469020 11.623954
84460 42.2300 -1.469196 11.619280
84470 42.2350 -1.469415 11.613495
84480 42.2400 -1.469598 11.608618
84490 42.2450 -1.469709 11.605660
84500 42.2500 -1.469564 11.609525
84510 42.2550 -1.469061 11.632179
84520 42.2600 -1.468578 11.644897
84530 42.2650 -1.467945 11.661455
84540 42.2700 -1.467200 11.680795
84550 42.2750 -1.466697 11.693745
84560 42.2800 -1.466389 11.701632
84570 42.2850 -1.466172 11.707153
84580 42.2900 -1.465806 11.716464
84590 42.2950 -1.465390 11.726986
84600 42.3000 -1.464856 11.740421
84610 42.3050 -1.464304 11.763147
84620 42.3100 -1.463821 11.775131
84630 42.3150 -1.463227 11.789735
84640 42.3200 -1.462300 11.812316
84650 42.3250 -1.461342 11.835353
84660 42.3300 -1.460407 11.857529
84670 42.3350 -1.459876 11.869975
84680 42.3400 -1.459552 11.877538
84690 42.3450 -1.459421 11.880591
84700 42.3500 -1.459350 11.882236
84710 42.3550 -1.459327 11.891390
84720 42.3600 -1.459421 11.889222
84730 42.3650 -1.459229 11.893660
84740 42.3700 -1.458839 11.902671
84750 42.3750 -1.458314 11.914719
84760 42.3800 -1.457780 11.926871
84770 42.3850 -1.457305 11.937604
84780 42.3900 -1.457017 11.944087
84790 42.3950 -1.456875 11.947249
84800 42.4000 -1.456687 11.951451
84810 42.4050 -1.456524 11.963559
84820 42.4100 -1.456771 11.958051
84830 42.4150 -1.457224 11.947901
84840 42.4200 -1.457656 11.938144
84850 42.4250 -1.457988 11.930614
84860 42.4300 -1.458337 11.922656
84870 42.4350 -1.458777 11.912567
84880 42.4400 -1.459217 11.902396
84890 42.4450 -1.459710 11.890928
84900 42.4500 -1.459923 11.885959
84910 42.4550 -1.460065 11.891247
84920 42.4600 -1.460080 11.890875
84930 42.4650 -1.459936 11.894256
84940 42.4700 -1.459637 11.901257
84950 42.4750 -1.459212 11.911129
84960 42.4800 -1.458730 11.922245
84970 42.4850 -1.458348 11.931021
84980 42.4900 -1.458033 11.938206
84990 42.4950 -1.457716 11.945402
85000 42.5000 -1.457442 11.951581
85010 42.5050 -1.457295 11.963367
85020 42.5100 -1.457155 11.966507
85030 42.5150 -1.456849 11.973353
85040 42.5200 -1.456329 11.984938
85050 42.5250 -1.455716 11.998451
85060 42.5300 -1.454927 12.015648
85070 42.5350 -1.454197 12.031372
85080 42.5400 -1.453649 12.043038
85090 42.5450 -1.453324 12.049916
85100 42.5500 -1.453019 12.056325
85110 42.5550 -1.452678 12.071668
85120 42.5600 -1.452077 12.084149
85130 42.5650 -1.451420 12.097621
85140 42.5700 -1.450749 12.111233
85150 42.5750 -1.450197 12.122284
85160 42.5800 -1.449780 12.130577
85170 42.5850 -1.449551 12.135090
85180 42.5900 -1.449374 12.138573
85190 42.5950 -1.449297 12.140086
85200 42.6000 -1.449203 12.141932
85210 42.6050 -1.449004 12.153844
85220 42.6100 -1.448977 12.154363
85230 42.6150 -1.449209 12.149826
85240 42.6200 -1.449459 12.144938
85250 42.6250 -1.449655 12.141073
85260 42.6300 -1.449845 12.137312
85270 42.6350 -1.450044 12.133364
85280 42.6400 -1.450184 12.130576
85290 42.6450 -1.450290 12.128444
85300 42.6500 -1.450340 12.127451
85310 42.6550 -1.450317 12.135976
85320 42.6600 -1.450132 12.139665
85330 42.6650 -1.449847 12.145315
85340 42.6700 -1.449471 12.152736
85350 42.6750 -1.448974 12.162469
85360 42.6800 -1.448523 12.171231
85370 42.6850 -1.448092 12.179520
85380 42.6900 -1.447624 12.188427
85390 42.6950 -1.447010 12.199998
85400 42.7000 -1.446339 12.212486
85410 42.7050 -1.445730 12.231519
85420 42.7100 -1.445306 12.239220
85430 42.7150 -1.445351 12.238402
85440 42.7200 -1.445816 12.229953
85450 42.7250 -1.446440 12.218476
85460 42.7300 -1.447166 12.204937
85470 42.7350 -1.447904 12.190967
85480 42.7400 -1.448498 12.179570
85490 42.7450 -1.449009 12.169646
85500 42.7500 -1.449343 12.163108
85510 42.7550 -1.449816 12.161747
85520 42.7600 -1.450221 12.153699
85530 42.7650 -1.450697 12.144153
85540 42.7700 -1.451007 12.137886
85550 42.7750 -1.451164 12.134691
85560 42.7800 -1.451254 12.132858
85570 42.7850 -1.451341 12.131089
85580 42.7900 -1.451543 12.126972
85590 42.7950 -1.451531 12.127214
85600 42.8000 -1.451578 12.126248
85610 42.8050 -1.451636 12.133104
85620 42.8100 -1.451997 12.125680
85630 42.8150 -1.452374 12.117868
85640 42.8200 -1.452672 12.111669
85650 42.8250 -1.452918 12.106502
85660 42.8300 -1.453244 12.099648
85670 42.8350 -1.453705 12.089854
85680 42.8400 -1.454055 12.082377
85690 42.8450 -1.454247 12.078264
85700 42.8500 -1.454357 12.075888
85710 42.8550 -1.454445 12.082178
85720 42.8600 -1.454560 12.079688
85730 42.8650 -1.455036 12.069358
85740 42.8700 -1.455732 12.054081
85750 42.8750 -1.456402 12.039211
85760 42.8800 -1.456832 12.029588
85770 42.8850 -1.457267 12.019790
85780 42.8900 -1.457753 12.008729
85790 42.8950 -1.458319 11.995758
85800 42.9000 -1.458938 11.981429
85810 42.9050 -1.459392 11.979222
85820 42.9100 -1.459587 11.974648
85830 42.9150 -1.459685 11.972326
85840 42.9200 -1.459969 11.965627
85850 42.9250 -1.460406 11.955261
85860 42.9300 -1.460942 11.942451
85870 42.9350 -1.461728 11.923472
85880 42.9400 -1.462446 11.905908
85890 42.9450 -1.463180 11.887774
85900 42.9500 -1.464179 11.862782
85910 42.9550 -1.465334 11.842097
85920 42.9600 -1.466346 11.815942
85930 42.9650 -1.467402 11.788251
85940 42.9700 -1.468243 11.765912
85950 42.9750 -1.468848 11.749671
85960 42.9800 -1.469472 11.732787
85970 42.9850 -1.470234 11.711969
85980 42.9900 -1.470940 11.692471
85990 42.9950 -1.471681 11.671824
86000 43.0000 -1.472321 11.653838
86010 43.0050 -1.472725 11.651572
86020 43.0100 -1.472813 11.649077
86030 43.0150 -1.472772 11.650241
86040 43.0200 -1.472423 11.660132
86050 43.0250 -1.471951 11.673453
86060 43.0300 -1.471359 11.690012
86070 43.0350 -1.470518 11.713347
86080 43.0400 -1.469434 11.743002
86090 43.0450 -1.468465 11.769128
86100 43.0500 -1.467497 11.794889
86110 43.0550 -1.466286 11.835471
86120 43.0600 -1.465051 11.867244
86130 43.0650 -1.463705 11.901223
86140 43.0700 -1.462352 11.934684
86150 43.0750 -1.460828 11.971555
86160 43.0800 -1.459207 12.009778
86170 43.0850 -1.457570 12.047358
86180 43.0900 -1.456046 12.081399
86190 43.0950 -1.454658 12.111630
86200 43.1000 -1.453449 12.137349
86210 43.1050 -1.452459 12.165999
86220 43.1100 -1.451650 12.182560
86230 43.1150 -1.451101 12.193656
86240 43.1200 -1.450878 12.198116
86250 43.1250 -1.450940 12.196887
86260 43.1300 -1.451207 12.191512
86270 43.1350 -1.451783 12.179860
86280 43.1400 -1.452581 12.163469
86290 43.1450 -1.453596 12.142265
86300 43.1500 -1.454828 12.115992
86310 43.1550 -1.456112 12.096033
86320 43.1600 -1.457458 12.065954
86330 43.1650 -1.458961 12.031515
86340 43.1700 -1.460509 11.995134
86350 43.1750 -1.462260 11.952834
86360 43.1800 -1.464152 11.905805
86370 43.1850 -1.465963 11.859493
86380 43.1900 -1.467665 11.814819
86390 43.1950 -1.469365 11.769075
86400 43.2000 -1.470982 11.724528
86410 43.2050 -1.472507 11.690630
86420 43.2100 -1.474225 11.641173
86430 43.2150 -1.475953 11.590268
86440 43.2200 -1.477621 11.540031
86450 43.2250 -1.479288 11.488737
86460 43.2300 -1.480899 11.438154
86470 43.2350 -1.482454 11.388353
86480 43.2400 -1.483992 11.338132
86490 43.2450 -1.485506 11.287840
86500 43.2500 -1.486852 11.242330
86510 43.2550 -1.488168 11.207491
86520 43.2600 -1.489266 11.169275
86530 43.2650 -1.489996 11.143604
86540 43.2700 -1.490593 11.122457
86550 43.2750 -1.491073 11.105329
86560 43.2800 -1.491330 11.096146
86570 43.2850 -1.491765 11.080513
86580 43.2900 -1.492164 11.066119
86590 43.2950 -1.492457 11.055500
86600 43.3000 -1.492717 11.046042
86610 43.3050 -1.492876 11.051160
86620 43.3100 -1.492891 11.050608
86630 43.3150 -1.492856 11.051890
86640 43.3200 -1.492702 11.057499
86650 43.3250 -1.492692 11.057853
86660 43.3300 -1.492525 11.063909
86670 43.3350 -1.492357 11.070004
86680 43.3400 -1.492408 11.068171
86690 43.3450 -1.492563 11.062538
86700 43.3500 -1.492712 11.057125
86710 43.3550 -1.492974 11.058424
86720 43.3600 -1.493162 11.051553
86730 43.3650 -1.493178 11.050970
86740 43.3700 -1.493284 11.047113
86750 43.3750 -1.493535 11.037906
86760 43.3800 -1.493867 11.025696
86770 43.3850 -1.494108 11.016787
86780 43.3900 -1.494174 11.014347
86790 43.3950 -1.494354 11.007673
86800 43.4000 -1.494639 10.997122
86810 43.4050 -1.494794 11.002387
86820 43.4100 -1.494870 10.999570
86830 43.4150 -1.494970 10.995844
86840 43.4200 -1.495118 10.990309
86850 43.4250 -1.495314 10.982964
86860 43.4300 -1.495320 10.982770
86870 43.4350 -1.495483 10.976658
86880 43.4400 -1.495773 10.965734
86890 43.4450 -1.496044 10.955552
86900 43.4500 -1.496298 10.945931
86910 43.4550 -1.496390 10.953658
86920 43.4600 -1.496238 10.959424
86930 43.4650 -1.495919 10.971472
86940 43.4700 -1.495326 10.993742
86950 43.4750 -1.494443 11.026634
86960 43.4800 -1.493377 11.065931
86970 43.4850 -1.492160 11.110204
86980 43.4900 -1.490876 11.156258
86990 43.4950 -1.489679 11.198575
87000 43.5000 -1.488497 11.239777
87010 43.5050 -1.487360 11.289216
87020 43.5100 -1.486413 11.321348
87030 43.5150 -1.485670 11.346312
87040 43.5200 -1.484854 11.373458
87050 43.5250 -1.483925 11.404022
87060 43.5300 -1.482861 11.438570
87070 43.5350 -1.481842 11.471239
87080 43.5400 -1.481006 11.497704
87090 43.5450 -1.480174 11.523766
87100 43.5500 -1.479486 11.545090
87110 43.5550 -1.478773 11.576460
87120 43.5600 -1.478137 11.595826
87130 43.5650 -1.477460 11.616216
87140 43.5700 -1.476895 11.633114
87150 43.5750 -1.476514 11.644445
87160 43.5800 -1.476242 11.652464
87170 43.5850 -1.476161 11.654860
87180 43.5900 -1.476192 11.653947
87190 43.5950 -1.476208 11.653495
87200 43.6000 -1.476372 11.648632
87210 43.6050 -1.476738 11.646999
87220 43.6100 -1.477523 11.623538
87230 43.6150 -1.478427 11.596211
87240 43.6200 -1.479294 11.569671
87250 43.6250 -1.480177 11.542311
87260 43.6300 -1.481231 11.509238
87270 43.6350 -1.482365 11.473135
87280 43.6400 -1.483441 11.438370
87290 43.6450 -1.484502 11.403603
87300 43.6500 -1.485618 11.366502
87310 43.6550 -1.486738 11.338698
87320 43.6600 -1.487783 11.302978
87330 43.6650 -1.488647 11.273098
87340 43.6700 -1.489343 11.248793
87350 43.6750 -1.489806 11.232507
87360 43.6800 -1.490046 11.224031
87370 43.6850 -1.490016 11.225110
87380 43.6900 -1.489717 11.235660
87390 43.6950 -1.489303 11.250211
87400 43.7000 -1.488785 11.268316
87410 43.7050 -1.488208 11.298577
87420 43.7100 -1.487658 11.317533
87430 43.7150 -1.487199 11.333236
87440 43.7200 -1.486807 11.346588
87450 43.7250 -1.486424 11.359577
87460 43.7300 -1.485774 11.381447
87470 43.7350 -1.485301 11.397256
87480 43.7400 -1.484825 11.413091
87490 43.7450 -1.484227 11.432806
87500 43.7500 -1.483818 11.446200
87510 43.7550 -1.483623 11.462305
87520 43.7600 -1.483551 11.464653
87530 43.7650 -1.483534 11.465221
87540 43.7700 -1.483567 11.464126
87550 43.7750 -1.483859 11.454617
87560 43.7800 -1.484353 11.438410
87570 43.7850 -1.484844 11.422200
87580 43.7900 -1.485409 11.403395
87590 43.7950 -1.485971 11.384592
87600 43.8000 -1.486575 11.364183
87610 43.8050 -1.486983 11.360299
87620 43.8100 -1.487400 11.346052
87630 43.8150 -1.487559 11.340603
87640 43.8200 -1.487574 11.340105
87650 43.8250 -1.487597 11.339317
87660 43.8300 -1.487704 11.335609
87670 43.8350 -1.487619 11.338532
87680 43.8400 -1.487721 11.335048
87690 43.8450 -1.487938 11.327560
87700 43.8500 -1.488199 11.318545
87710 43.8550 -1.488247 11.326984
87720 43.8600 -1.487989 11.335892
87730 43.8650 -1.487685 11.346374
87740 43.8700 -1.487342 11.358135
87750 43.8750 -1.487092 11.366687
87760 43.8800 -1.486802 11.376537
87770 43.8850 -1.486251 11.395212
87780 43.8900 -1.485487 11.420849
87790 43.8950 -1.484739 11.445706
87800 43.9000 -1.484212 11.463051
87810 43.9050 -1.483547 11.494495
87820 43.9100 -1.482948 11.513872
87830 43.9150 -1.482431 11.530493
87840 43.9200 -1.481780 11.551264
87850 43.9250 -1.480923 11.578277
87860 43.9300 -1.480001 11.607020
87870 43.9350 -1.479046 11.636355
87880 43.9400 -1.478077 11.665709
87890 43.9450 -1.476914 11.700392
87900 43.9500 -1.475739 11.734843
87910 43.9550 -1.474578 11.777257
87920 43.9600 -1.473357 11.811759
87930 43.9650 -1.472301 11.841076
87940 43.9700 -1.471394 11.865857
87950 43.9750 -1.470724 11.883929
87960 43.9800 -1.470244 11.896760
87970 43.9850 -1.469903 11.905815
87980 43.9900 -1.469787 11.908889
87990 43.9950 -1.469870 11.906675
88000 44.0000 -1.470316 11.894856
88010 44.0050 -1.470846 11.889251
88020 44.0100 -1.471527 11.870831
88030 44.0150 -1.472428 11.846161
88040 44.0200 -1.473407 11.818942
88050 44.0250 -1.474579 11.785772
88060 44.0300 -1.475851 11.749096
88070 44.0350 -1.477283 11.706941
88080 44.0400 -1.478924 11.657503
88090 44.0450 -1.480861 11.597576
88100 44.0500 -1.482787 11.536316
88110 44.0550 -1.484622 11.485849
88120 44.0600 -1.486375 11.427123
88130 44.0650 -1.487870 11.375936
88140 44.0700 -1.489466 11.320167
88150 44.0750 -1.491280 11.255334
88160 44.0800 -1.493081 11.189500
88170 44.0850 -1.494777 11.126132
88180 44.0900 -1.496410 11.063885
88190 44.0950 -1.497963 11.003597
88200 44.1000 -1.499537 10.941365
88210 44.1050 -1.500961 10.895352
88220 44.1100 -1.502184 10.845477
88230 44.1150 -1.503160 10.805186
88240 44.1200 -1.503788 10.779059
88250 44.1250 -1.504091 10.766355
88260 44.1300 -1.504203 10.761674
88270 44.1350 -1.504011 10.769728
88280 44.1400 -1.503774 10.779630
88290 44.1450 -1.503407 10.794922
88300 44.1500 -1.502825 10.819055
88310 44.1550 -1.502200 10.856417
88320 44.1600 -1.501428 10.888002
88330 44.1650 -1.500434 10.928228
88340 44.1700 -1.499219 10.976824
88350 44.1750 -1.497823 11.031835
88360 44.1800 -1.496425 11.086045
88370 44.1850 -1.495184 11.133400
88380 44.1900 -1.493886 11.182172
88390 44.1950 -1.492550 11.231521
88400 44.2000 -1.491387 11.273842
88410 44.2050 -1.490321 11.322296
88420 44.2100 -1.489532 11.350229
88430 44.2150 -1.489052 11.367113
88440 44.2200 -1.488635 11.381678
88450 44.2250 -1.488386 11.390319
88460 44.2300 -1.488467 11.387494
88470 44.2350 -1.488909 11.372090
88480 44.2400 -1.489490 11.351712
88490 44.2450 -1.490337 11.321731
88500 44.2500 -1.491661 11.274165
88510 44.2550 -1.492792 11.243102
88520 44.2600 -1.493883 11.202698
88530 44.2650 -1.495119 11.156223
88540 44.2700 -1.496379 11.108155
88550 44.2750 -1.497614 11.060289
88560 44.2800 -1.498735 11.016243
88570 44.2850 -1.499703 10.977719
88580 44.2900 -1.500366 10.951108
88590 44.2950 -1.500797 10.933696
88600 44.3000 -1.501078 10.922264
88610 44.3050 -1.501225 10.927575
88620 44.3100 -1.501214 10.928021
88630 44.3150 -1.501203 10.928465
88640 44.3200 -1.500963 10.938231
88650 44.3250 -1.500704 10.948722
88660 44.3300 -1.500295 10.965258
88670 44.3350 -1.499639 10.991547
88680 44.3400 -1.498741 11.027283
88690 44.3450 -1.497749 11.066274
88700 44.3500 -1.496671 11.108126
88710 44.3550 -1.495303 11.171185
88720 44.3600 -1.493822 11.226800
88730 44.3650 -1.492361 11.280683
88740 44.3700 -1.490887 11.333977
88750 44.3750 -1.489406 11.386455
88760 44.3800 -1.487805 11.442005
88770 44.3850 -1.486239 11.495149
88780 44.3900 -1.484834 11.541826
88790 44.3950 -1.483572 11.582930
88800 44.4000 -1.482233 11.625713
88810 44.4050 -1.481143 11.669154
88820 44.4100 -1.480235 11.697193
88830 44.4150 -1.479530 11.718699
88840 44.4200 -1.479147 11.730263
88850 44.4250 -1.478993 11.734898
88860 44.4300 -1.479150 11.730162
88870 44.4350 -1.479510 11.719281
88880 44.4400 -1.480074 11.702124
88890 44.4450 -1.480608 11.685731
88900 44.4500 -1.481387 11.661568
88910 44.4550 -1.482354 11.640317
88920 44.4600 -1.483359 11.608215
88930 44.4650 -1.484643 11.566513
88940 44.4700 -1.486345 11.509957
88950 44.4750 -1.488325 11.442409
88960 44.4800 -1.490465 11.367208
88970 44.4850 -1.492592 11.290230
88980 44.4900 -1.494824 11.207116
88990 44.4950 -1.497255 11.113815
89000 44.5000 -1.499805 11.012877
89010 44.5050 -1.502176 10.927262
89020 44.5100 -1.504469 10.831278
89030 44.5150 -1.506652 10.737672
89040 44.5200 -1.508639 10.650532
89050 44.5250 -1.510272 10.577630
89060 44.5300 -1.511500 10.522050
89070 44.5350 -1.512254 10.487568
89080 44.5400 -1.512608 10.471329
89090 44.5450 -1.512560 10.473519
89100 44.5500 -1.512177 10.491115
89110 44.5550 -1.511499 10.534818
89120 44.5600 -1.510511 10.579584
89130 44.5650 -1.509288 10.634416
89140 44.5700 -1.507732 10.703204
89150 44.5750 -1.505980 10.779343
89160 44.5800 -1.504068 10.860833
89170 44.5850 -1.501910 10.950710
89180 44.5900 -1.499613 11.043908
89190 44.5950 -1.497286 11.135761
89200 44.6000 -1.494993 11.223668
89210 44.6050 -1.492738 11.317914
89220 44.6100 -1.490479 11.399405
89230 44.6150 -1.488306 11.475386
89240 44.6200 -1.486220 11.546092
89250 44.6250 -1.484426 11.605152
89260 44.6300 -1.483077 11.648502
89270 44.6350 -1.481902 11.685523
89280 44.6400 -1.481136 11.709270
89290 44.6450 -1.480707 11.722460
89300 44.6500 -1.480602 11.725684
89310 44.6550 -1.480809 11.728346
89320 44.6600 -1.481311 11.712896
89330 44.6650 -1.482162 11.686396
89340 44.6700 -1.483103 11.656668
89350 44.6750 -1.484322 11.617502
89360 44.6800 -1.485981 11.563015
89370 44.6850 -1.488073 11.492303
89380 44.6900 -1.490216 11.417592
89390 44.6950 -1.492214 11.345822
89400 44.7000 -1.494183 11.273141
89410 44.7050 -1.496255 11.204760
89420 44.7100 -1.498257 11.126780
89430 44.7150 -1.500113 11.052677
89440 44.7200 -1.501806 10.983595
89450 44.7250 -1.503421 10.916399
89460 44.7300 -1.504700 10.862281
89470 44.7350 -1.505721 10.818517
89480 44.7400 -1.506401 10.789094
89490 44.7450 -1.506738 10.774425
89500 44.7500 -1.506646 10.778440
89510 44.7550 -1.506284 10.805896
89520 44.7600 -1.505464 10.841300
89530 44.7650 -1.504222 10.894307
89540 44.7700 -1.502661 10.959866
89550 44.7750 -1.500632 11.043283
89560 44.7800 -1.498401 11.132672
89570 44.7850 -1.496196 11.218520
89580 44.7900 -1.494122 11.297023
89590 44.7950 -1.492107 11.371179
89600 44.8000 -1.490246 11.437860
89610 44.8050 -1.488140 11.520869
89620 44.8100 -1.485963 11.594218
89630 44.8150 -1.484003 11.658121
89640 44.8200 -1.482022 11.720724
89650 44.8250 -1.480070 11.780468
89660 44.8300 -1.478413 11.829632
89670 44.8350 -1.477190 11.865031
89680 44.8400 -1.476102 11.895893
89690 44.8450 -1.475335 11.917296
89700 44.8500 -1.475028 11.925791
89710 44.8550 -1.475492 11.921467
89720 44.8600 -1.476581 11.890907
89730 44.8650 -1.478227 11.843559
89740 44.8700 -1.480398 11.779022
89750 44.8750 -1.482803 11.704707
89760 44.8800 -1.485451 11.619438
89770 44.8850 -1.488528 11.515757
89780 44.8900 -1.492021 11.392106
89790 44.8950 -1.495632 11.257607
89800 44.9000 -1.499587 11.102618
89810 44.9050 -1.503439 10.954733
89820 44.9100 -1.507417 10.783204
89830 44.9150 -1.511434 10.602233
89840 44.9200 -1.515437 10.414576
89850 44.9250 -1.519571 10.213462
89860 44.9300 -1.523417 10.020003
89870 44.9350 -1.527082 9.830383
89880 44.9400 -1.530421 9.653395
89890 44.9450 -1.533273 9.499188
89900 44.9500 -1.535541 9.374671
89910 44.9550 -1.537314 9.293599
89920 44.9600 -1.538719 9.214843
89930 44.9650 -1.539610 9.164580
89940 44.9700 -1.540099 9.136867
89950 44.9750 -1.540023 9.141207
89960 44.9800 -1.539608 9.164700
89970 44.9850 -1.538822 9.209058
89980 44.9900 -1.537435 9.286824
89990 44.9950 -1.535597 9.388994
90000 45.0000 -1.533334 9.513266
90010 45.0050 -1.530547 9.680680
90020 45.0100 -1.527539 9.840190
90030 45.0150 -1.524504 9.997756
90040 45.0200 -1.521390 10.155653
90050 45.0250 -1.518287 10.309052
90060 45.0300 -1.515176 10.458701
90070 45.0350 -1.512124 10.601277
90080 45.0400 -1.509137 10.736660
90090 45.0450 -1.506304 10.861048
90100 45.0500 -1.504003 10.959210
90110 45.0550 -1.502377 11.038138
90120 45.0600 -1.501266 11.083618
90130 45.0650 -1.500670 11.107785
90140 45.0700 -1.500538 11.113115
90150 45.0750 -1.500851 11.100447
90160 45.0800 -1.501655 11.067773
90170 45.0850 -1.503005 11.012132
90180 45.0900 -1.504749 10.938847
90190 45.0950 -1.506768 10.852104
90200 45.1000 -1.508948 10.756170
90210 45.1050 -1.511573 10.649387
90220 45.1100 -1.514342 10.520776
90230 45.1150 -1.517256 10.381532
90240 45.1200 -1.520392 10.227541
90250 45.1250 -1.523721 10.059451
90260 45.1300 -1.527247 9.876566
90270 45.1350 -1.530463 9.705654
90280 45.1400 -1.533699 9.529873
90290 45.1450 -1.536898 9.352576
90300 45.1500 -1.539817 9.187831
90310 45.1550 -1.542279 9.065128
90320 45.1600 -1.544334 8.945999
90330 45.1650 -1.545676 8.867497
90340 45.1700 -1.546515 8.818107
90350 45.1750 -1.546784 8.802220
90360 45.1800 -1.546226 8.835124
90370 45.1850 -1.545104 8.901017
90380 45.1900 -1.543297 9.006269
90390 45.1950 -1.540802 9.149962
90400 45.2000 -1.537897 9.314803
90410 45.2050 -1.534559 9.518374
90420 45.2100 -1.530425 9.743168
90430 45.2150 -1.525869 9.983401
90440 45.2200 -1.521080 10.226923
90450 45.2250 -1.516224 10.463783
90460 45.2300 -1.511402 10.688170
90470 45.2350 -1.506776 10.892841
90480 45.2400 -1.502390 11.076880
90490 45.2450 -1.498374 11.236588
90500 45.2500 -1.494833 11.370291
90510 45.2550 -1.491645 11.494875
90520 45.2600 -1.488993 11.586082
90530 45.2650 -1.486767 11.659675
90540 45.2700 -1.485087 11.713478
90550 45.2750 -1.484165 11.742381
90560 45.2800 -1.483811 11.753357
90570 45.2850 -1.484084 11.744892
90580 45.2900 -1.484920 11.718768
90590 45.2950 -1.486317 11.674254
90600 45.3000 -1.488324 11.608490
90610 45.3050 -1.490767 11.534778
90620 45.3100 -1.493476 11.438978
90630 45.3150 -1.496522 11.326479
90640 45.3200 -1.500016 11.191258
90650 45.3250 -1.503854 11.035212
90660 45.3300 -1.507855 10.864309
90670 45.3350 -1.511849 10.685580
90680 45.3400 -1.515632 10.509048
90690 45.3450 -1.519298 10.331568
90700 45.3500 -1.522875 10.152622
90710 45.3550 -1.526102 10.000466
90720 45.3600 -1.528828 9.856793
90730 45.3650 -1.530984 9.741069
90740 45.3700 -1.532586 9.653947
90750 45.3750 -1.533753 9.589851
90760 45.3800 -1.534664 9.539494
90770 45.3850 -1.535226 9.508287
90780 45.3900 -1.535234 9.507833
90790 45.3950 -1.534707 9.537095
90800 45.4000 -1.533846 9.584747
90810 45.4050 -1.532665 9.665975
90820 45.4100 -1.530886 9.762728
90830 45.4150 -1.528871 9.870822
90840 45.4200 -1.526663 9.987381
90850 45.4250 -1.524380 10.105753
90860 45.4300 -1.521945 10.229621
90870 45.4350 -1.519649 10.343973
90880 45.4400 -1.517326 10.457249
90890 45.4450 -1.514962 10.569917
90900 45.4500 -1.512582 10.680560
90910 45.4550 -1.510296 10.796278
90920 45.4600 -1.507927 10.900892
90930 45.4650 -1.505698 10.996626
90940 45.4700 -1.503631 11.083012
90950 45.4750 -1.501728 11.160529
90960 45.4800 -1.500217 11.220711
90970 45.4850 -1.499027 11.267208
90980 45.4900 -1.497995 11.306904
90990 45.4950 -1.497436 11.328143
91000 45.5000 -1.497355 11.331216
91010 45.5050 -1.497679 11.328984
91020 45.5100 -1.498617 11.293072
91030 45.5150 -1.500056 11.237081
91040 45.5200 -1.501879 11.164467
91050 45.5250 -1.503951 11.079766
91060 45.5300 -1.506347 10.978917
91070 45.5350 -1.508766 10.873963
91080 45.5400 -1.511309 10.760381
91090 45.5450 -1.514025 10.635392
91100 45.5500 -1.516950 10.496686
91110 45.5550 -1.520139 10.353451
91120 45.5600 -1.523454 10.186319
91130 45.5650 -1.526822 10.011552
91140 45.5700 -1.530148 9.834219
91150 45.5750 -1.533523 9.649769
91160 45.5800 -1.536859 9.463145
91170 45.5850 -1.539995 9.284054
91180 45.5900 -1.542863 9.117291
91190 45.5950 -1.545417 8.966418
91200 45.6000 -1.547386 8.848724
91210 45.6050 -1.548906 8.777097
91220 45.6100 -1.550108 8.704056
91230 45.6150 -1.550834 8.659725
91240 45.6200 -1.551101 8.643340
91250 45.6250 -1.550812 8.661050
91260 45.6300 -1.549855 8.719493
91270 45.6350 -1.548372 8.809426
91280 45.6400 -1.546418 8.926854
91290 45.6450 -1.544117 9.063591
91300 45.6500 -1.541569 9.212870
91310 45.6550 -1.538837 9.388573
91320 45.6600 -1.536020 9.548146
91330 45.6650 -1.532758 9.729140
91340 45.6700 -1.529255 9.918798
91350 45.6750 -1.525542 10.114115
91360 45.6800 -1.521818 10.303928
91370 45.6850 -1.518366 10.474077
91380 45.6900 -1.515139 10.627943
91390 45.6950 -1.512129 10.766662
91400 45.7000 -1.509521 10.883085
91410 45.7050 -1.507492 10.982555
91420 45.7100 -1.506096 11.041857
91430 45.7150 -1.505245 11.077485
91440 45.7200 -1.504822 11.095058
91450 45.7250 -1.504716 11.099443
91460 45.7300 -1.505135 11.082074
91470 45.7350 -1.505966 11.047342
91480 45.7400 -1.507290 10.991217
91490 45.7450 -1.509066 10.914428
91500 45.7500 -1.510935 10.831807
91510 45.7550 -1.512978 10.750955
91520 45.7600 -1.515267 10.644783
91530 45.7650 -1.517735 10.527308
91540 45.7700 -1.520489 10.392588
91550 45.7750 -1.523282 10.252296
91560 45.7800 -1.526139 10.104965
91570 45.7850 -1.529181 9.944116
91580 45.7900 -1.532247 9.777966
91590 45.7950 -1.535299 9.608773
91600 45.8000 -1.538364 9.435202
91610 45.8050 -1.541117 9.293336
91620 45.8100 -1.543526 9.151968
91630 45.8150 -1.545516 9.033619
91640 45.8200 -1.547078 8.939760
91650 45.8250 -1.548239 8.869482
91660 45.8300 -1.549064 8.819196
91670 45.8350 -1.549709 8.779794
91680 45.8400 -1.550183 8.750733
91690 45.8450 -1.550292 8.744032
91700 45.8500 -1.549898 8.768181
91710 45.8550 -1.548978 8.845086
91720 45.8600 -1.547738 8.920429
91730 45.8650 -1.546219 9.012024
91740 45.8700 -1.544620 9.107549
91750 45.8750 -1.542819 9.214051
91760 45.8800 -1.541083 9.315597
91770 45.8850 -1.539313 9.417960
91780 45.8900 -1.537389 9.527846
91790 45.8950 -1.535521 9.633145
91800 45.9000 -1.533661 9.736617
91810 45.9050 -1.531999 9.843554
91820 45.9100 -1.530602 9.919272
91830 45.9150 -1.529276 9.990422
91840 45.9200 -1.528227 10.046109
91850 45.9250 -1.527519 10.083431
91860 45.9300 -1.527064 10.107292
91870 45.9350 -1.526969 10.112246
91880 45.9400 -1.527164 10.102040
91890 45.9450 -1.527789 10.069228
91900 45.9500 -1.528731 10.019398
91910 45.9550 -1.529779 9.978051
91920 45.9600 -1.531201 9.901426
91930 45.9650 -1.533192 9.792661
91940 45.9700 -1.535381 9.671098
91950 45.9750 -1.537682 9.541162
91960 45.9800 -1.539847 9.416990
91970 45.9850 -1.541924 9.296108
91980 45.9900 -1.543827 9.183898
91990 45.9950 -1.545664 9.074272
92000 46.0000 -1.547410 8.968934
92010 46.0050 -1.549191 8.879842
92020 46.0100 -1.550696 8.787191
92030 46.0150 -1.552126 8.698454
92040 46.0200 -1.553370 8.620625
92050 46.0250 -1.554315 8.561169
92060 46.0300 -1.554893 8.524596
92070 46.0350 -1.555187 8.505977
92080 46.0400 -1.555238 8.502786
92090 46.0450 -1.555173 8.506891
92100 46.0500 -1.554861 8.526641
92110 46.0550 -1.554325 8.582537
92120 46.0600 -1.553503 8.634306
92130 46.0650 -1.552506 8.696753
92140 46.0700 -1.551183 8.779033
92150 46.0750 -1.549687 8.871300
92160 46.0800 -1.548042 8.971862
92170 46.0850 -1.546099 9.089303
92180 46.0900 -1.543827 9.224792
92190 46.0950 -1.541261 9.375445
92200 46.1000 -1.538634 9.526849
92210 46.1050 -1.536068 9.688700
92220 46.1100 -1.533554 9.828121
92230 46.1150 -1.530979 9.968024
92240 46.1200 -1.528578 10.095721
92250 46.1250 -1.526318 10.213415
92260 46.1300 -1.524297 10.316529
92270 46.1350 -1.522626 10.400304
92280 46.1400 -1.521335 10.464021
92290 46.1450 -1.520326 10.513239
92300 46.1500 -1.519554 10.550526
92310 46.1550 -1.519142 10.582796
92320 46.1600 -1.519027 10.588322
92330 46.1650 -1.519095 10.585078
92340 46.1700 -1.519464 10.567372
92350 46.1750 -1.520128 10.535314
92360 46.1800 -1.520954 10.495149
92370 46.1850 -1.522069 10.440402
92380 46.1900 -1.523413 10.373483
92390 46.1950 -1.524859 10.300505
92400 46.2000 -1.526265 10.228538
92410 46.2050 -1.527608 10.172569
92420 46.2100 -1.528846 10.107586
92430 46.2150 -1.529952 10.048884
92440 46.2200 -1.531296 9.976744
92450 46.2250 -1.532835 9.893157
92460 46.2300 -1.534412 9.806314
92470 46.2350 -1.535739 9.732430
92480 46.2400 -1.537063 9.657869
92490 46.2450 -1.538020 9.603534
92500 46.2500 -1.538674 9.566170
92510 46.2550 -1.539213 9.551689
92520 46.2600 -1.539757 9.520356
92530 46.2650 -1.540105 9.500224
92540 46.2700 -1.540166 9.496678
92550 46.2750 -1.540064 9.502609
92560 46.2800 -1.539819 9.516754
92570 46.2850 -1.539165 9.554437
92580 46.2900 -1.538282 9.605067
92590 46.2950 -1.537374 9.656763
92600 46.3000 -1.536435 9.709805
92610 46.3050 -1.535401 9.783616
92620 46.3100 -1.534189 9.850914
92630 46.3150 -1.533043 9.913935
92640 46.3200 -1.531899 9.976198
92650 46.3250 -1.530891 10.030602
92660 46.3300 -1.529926 10.082164
92670 46.3350 -1.528985 10.132032
92680 46.3400 -1.528157 10.175544
92690 46.3450 -1.527233 10.223711
92700 46.3500 -1.526622 10.255320
92710 46.3550 -1.526151 10.293168
92720 46.3600 -1.525792 10.311554
92730 46.3650 -1.525571 10.322856
92740 46.3700 -1.525555 10.323674
92750 46.3750 -1.526064 10.297619
92760 46.3800 -1.526729 10.263395
92770 46.3850 -1.527205 10.238790
92780 46.3900 -1.527812 10.207179
92790 46.3950 -1.528683 10.161555
92800 46.4000 -1.529915 10.096343
92810 46.4050 -1.531406 10.030625
92820 46.4100 -1.533095 9.938741
92830 46.4150 -1.534868 9.840852
92840 46.4200 -1.536747 9.735431
92850 46.4250 -1.538606 9.629530
92860 46.4300 -1.540485 9.520956
92870 46.4350 -1.542206 9.420083
92880 46.4400 -1.543887 9.320332
92890 46.4450 -1.545649 9.214475
92900 46.4500 -1.547331 9.112209
92910 46.4550 -1.548879 9.035790
92920 46.4600 -1.550151 8.956822
92930 46.4650 -1.551172 8.893005
92940 46.4700 -1.551769 8.855479
92950 46.4750 -1.552164 8.830591
92960 46.4800 -1.552402 8.815592
92970 46.4850 -1.552640 8.800492
92980 46.4900 -1.552583 8.804100
92990 46.4950 -1.552266 8.824147
93000 46.5000 -1.551606 8.865735
93010 46.5050 -1.550784 8.937360
93020 46.5100 -1.549474 9.018960
93030 46.5150 -1.547709 9.127786
93040 46.5200 -1.545622 9.254677
93050 46.5250 -1.543255 9.396391
93060 46.5300 -1.540836 9.538581
93070 46.5350 -1.538400 9.679114
93080 46.5400 -1.535803 9.825866
93090 46.5450 -1.533149 9.972496
93100 46.5500 -1.530644 10.107632
93110 46.5550 -1.528291 10.245872
93120 46.5600 -1.525831 10.372425
93130 46.5650 -1.523507 10.488996
93140 46.5700 -1.521721 10.576542
93150 46.5750 -1.520366 10.641800
93160 46.5800 -1.519446 10.685534
93170 46.5850 -1.518817 10.715129
93180 46.5900 -1.518412 10.734085
93190 46.5950 -1.518243 10.741963
93200 46.6000 -1.518483 10.730758
93210 46.6050 -1.519166 10.710635
93220 46.6100 -1.520140 10.664509
93230 46.6150 -1.521475 10.600373
93240 46.6200 -1.523150 10.518501
93250 46.6250 -1.525026 10.424918
93260 46.6300 -1.527118 10.318336
93270 46.6350 -1.529362 10.201381
93280 46.6400 -1.531885 10.066711
93290 46.6450 -1.534315 9.933950
93300 46.6500 -1.536806 9.794776
93310 46.6550 -1.539199 9.673658
93320 46.6600 -1.541337 9.549312
93330 46.6650 -1.543394 9.427680
93340 46.6700 -1.545356 9.309834
93350 46.6750 -1.547040 9.207300
93360 46.6800 -1.548471 9.119254
93370 46.6850 -1.549585 9.050057
93380 46.6900 -1.550571 8.988310
93390 46.6950 -1.551224 8.947265
93400 46.7000 -1.551403 8.935923
93410 46.7050 -1.551330 8.960198
93420 46.7100 -1.550918 8.986208
93430 46.7150 -1.550212 9.030466
93440 46.7200 -1.549181 9.094820
93450 46.7250 -1.547738 9.184052
93460 46.7300 -1.546043 9.287709
93470 46.7350 -1.544085 9.405857
93480 46.7400 -1.542139 9.521474
93490 46.7450 -1.540020 9.645353
93500 46.7500 -1.537727 9.776902
93510 46.7550 -1.535433 9.921484
93520 46.7600 -1.533182 10.045527
93530 46.7650 -1.530845 10.171430
93540 46.7700 -1.528688 10.285043
93550 46.7750 -1.526922 10.376218
93560 46.7800 -1.525603 10.443137
93570 46.7850 -1.524324 10.507140
93580 46.7900 -1.523471 10.549260
93590 46.7950 -1.522920 10.576261
93600 46.8000 -1.522895 10.577501
93610 46.8050 -1.523259 10.572124
93620 46.8100 -1.524003 10.535439
93630 46.8150 -1.524896 10.491028
93640 46.8200 -1.525990 10.435992
93650 46.8250 -1.527334 10.367465
93660 46.8300 -1.528847 10.289086
93670 46.8350 -1.530705 10.191134
93680 46.8400 -1.532838 10.076370
93690 46.8450 -1.535151 9.949235
93700 46.8500 -1.537470 9.818982
93710 46.8550 -1.539859 9.697243
93720 46.8600 -1.542426 9.546754
93730 46.8650 -1.544881 9.399871
93740 46.8700 -1.547307 9.251884
93750 46.8750 -1.549411 9.121357
93760 46.8800 -1.551368 8.998147
93770 46.8850 -1.553292 8.875337
93780 46.8900 -1.555180 8.753240
93790 46.8950 -1.556821 8.645900
93800 46.9000 -1.558162 8.557397
93810 46.9050 -1.559296 8.503764
93820 46.9100 -1.560093 8.450430
93830 46.9150 -1.560618 8.415090
93840 46.9200 -1.561081 8.383921
93850 46.9250 -1.561439 8.359681
93860 46.9300 -1.561526 8.353834
93870 46.9350 -1.561275 8.370779
93880 46.9400 -1.560676 8.411226
93890 46.9450 -1.559755 8.473033
93900 46.9500 -1.558691 8.544099
93910 46.9550 -1.557101 8.671282
93920 46.9600 -1.555209 8.795060
93930 46.9650 -1.553032 8.935518
93940 46.9700 -1.550855 9.073855
93950 46.9750 -1.548540 9.218558
93960 46.9800 -1.546231 9.360363
93970 46.9850 -1.543813 9.506092
93980 46.9900 -1.541241 9.657929
93990 46.9950 -1.538599 9.810378
94000 47.0000 -1.536090 9.951808
94010 47.0050 -1.533787 10.093447
94020 47.0100 -1.531448 10.219257
94030 47.0150 -1.529127 10.341134
94040 47.0200 -1.526984 10.450881
94050 47.0250 -1.525206 10.539938
94060 47.0300 -1.523767 10.610681
94070 47.0350 -1.522518 10.671063
94080 47.0400 -1.521550 10.717234
94090 47.0450 -1.520853 10.750104
94100 47.0500 -1.520274 10.777238
94110 47.0550 -1.520107 10.796728
94120 47.0600 -1.520212 10.791846
94130 47.0650 -1.520688 10.769597
94140 47.0700 -1.521557 10.728646
94150 47.0750 -1.522363 10.690231
94160 47.0800 -1.523316 10.644336
94170 47.0850 -1.524566 10.583283
94180 47.0900 -1.525988 10.512680
94190 47.0950 -1.527537 10.434470
94200 47.1000 -1.529170 10.350478
94210 47.1050 -1.530856 10.275345
94220 47.1100 -1.532653 10.179415
94230 47.1150 -1.534608 10.072966
94240 47.1200 -1.536548 9.965214
94250 47.1250 -1.538082 9.878604
94260 47.1300 -1.539251 9.811752
94270 47.1350 -1.540368 9.747180
94280 47.1400 -1.541390 9.687511
94290 47.1450 -1.542206 9.639494
94300 47.1500 -1.542887 9.599120
94310 47.1550 -1.543401 9.584830
94320 47.1600 -1.543861 9.557343
94330 47.1650 -1.544284 9.531948
94340 47.1700 -1.544323 9.529586
94350 47.1750 -1.543978 9.550315
94360 47.1800 -1.543335 9.588773
94370 47.1850 -1.542628 9.630855
94380 47.1900 -1.541944 9.671257
94390 47.1950 -1.541177 9.716279
94400 47.2000 -1.540196 9.773476
94410 47.2050 -1.538826 9.867972
94420 47.2100 -1.537156 9.962823
94430 47.2150 -1.535461 10.057478
94440 47.2200 -1.533890 10.143813
94450 47.2250 -1.532667 10.210004
94460 47.2300 -1.531765 10.258337
94470 47.2350 -1.531085 10.294395
94480 47.2400 -1.530593 10.320378
94490 47.2450 -1.530148 10.343705
94500 47.2500 -1.529985 10.352241
94510 47.2550 -1.529787 10.375801
94520 47.2600 -1.529806 10.374814
94530 47.2650 -1.529932 10.368213
94540 47.2700 -1.530278 10.350115
94550 47.2750 -1.530787 10.323349
94560 47.2800 -1.531542 10.283406
94570 47.2850 -1.532116 10.252795
94580 47.2900 -1.532689 10.222032
94590 47.2950 -1.533168 10.196192
94600 47.3000 -1.533569 10.174453
94610 47.3050 -1.533979 10.166014
94620 47.3100 -1.534490 10.138075
94630 47.3150 -1.535165 10.100910
94640 47.3200 -1.535831 10.063974
94650 47.3250 -1.536706 10.015075
94660 47.3300 -1.537742 9.956598
94670 47.3350 -1.538746 9.899390
94680 47.3400 -1.539903 9.832742
94690 47.3450 -1.540876 9.776083
94700 47.3500 -1.541734 9.725749
94710 47.3550 -1.542465 9.698283
94720 47.3600 -1.543024 9.665059
94730 47.3650 -1.543334 9.646533
94740 47.3700 -1.543624 9.629173
94750 47.3750 -1.543986 9.607424
94760 47.3800 -1.544255 9.591250
94770 47.3850 -1.544470 9.578219
94780 47.3900 -1.544476 9.577886
94790 47.3950 -1.544454 9.579219
94800 47.4000 -1.544457 9.579030
94810 47.4050 -1.544488 9.593551
94820 47.4100 -1.544360 9.601294
94830 47.4150 -1.544336 9.602773
94840 47.4200 -1.544188 9.611705
94850 47.4250 -1.543864 9.631163
94860 47.4300 -1.543540 9.650622
94870 47.4350 -1.543069 9.678763
94880 47.4400 -1.542632 9.704804
94890 47.4450 -1.542259 9.726893
94900 47.4500 -1.541886 9.748953
94910 47.4550 -1.541458 9.789775
94920 47.4600 -1.541027 9.815094
94930 47.4650 -1.540668 9.836019
94940 47.4700 -1.540043 9.872381
94950 47.4750 -1.539444 9.906961
94960 47.4800 -1.539197 9.921198
94970 47.4850 -1.539207 9.920643
94980 47.4900 -1.539337 9.913128
94990 47.4950 -1.539348 9.912488
95000 47.5000 -1.539327 9.913713
95010 47.5050 -1.539407 9.924085
95020 47.5100 -1.539898 9.895739
95030 47.5150 -1.540694 9.849500
95040 47.5200 -1.541852 9.781533
95050 47.5250 -1.543079 9.708752
95060 47.5300 -1.544309 9.634927
95070 47.5350 -1.545484 9.563593
95080 47.5400 -1.546817 9.481753
95090 47.5450 -1.548309 9.389069
95100 47.5500 -1.549872 9.290671
95110 47.5550 -1.551419 9.209813
95120 47.5600 -1.552884 9.115216
95130 47.5650 -1.554215 9.028317
95140 47.5700 -1.555380 8.951550
95150 47.5750 -1.556711 8.862941
95160 47.5800 -1.558065 8.771956
95170 47.5850 -1.559456 8.677589
95180 47.5900 -1.560839 8.582785
95190 47.5950 -1.562018 8.501283
95200 47.6000 -1.562870 8.442021
95210 47.6050 -1.563674 8.408289
95220 47.6100 -1.564255 8.367424
95230 47.6150 -1.564745 8.332896
95240 47.6200 -1.565329 8.291539
95250 47.6250 -1.565739 8.262432
95260 47.6300 -1.565969 8.246054
95270 47.6350 -1.566007 8.243382
95280 47.6400 -1.566038 8.241156
95290 47.6450 -1.566017 8.242685
95300 47.6500 -1.565952 8.247319
95310 47.6550 -1.565533 8.300930
95320 47.6600 -1.564966 8.341100
95330 47.6650 -1.564340 8.385303
95340 47.6700 -1.563758 8.426198
95350 47.6750 -1.563105 8.471938
95360 47.6800 -1.562608 8.506594
95370 47.6850 -1.562166 8.537373
95380 47.6900 -1.561754 8.565897
95390 47.6950 -1.561634 8.574222
95400 47.7000 -1.561725 8.567909
95410 47.7050 -1.561982 8.571856
95420 47.7100 -1.562459 8.538788
95430 47.7150 -1.563155 8.490220
95440 47.7200 -1.563941 8.435093
95450 47.7250 -1.564948 8.364102
95460 47.7300 -1.566068 8.284546
95470 47.7350 -1.567341 8.193470
95480 47.7400 -1.568859 8.083832
95490 47.7450 -1.570478 7.965849
95500 47.7500 -1.572115 7.845343
95510 47.7550 -1.573945 7.735990
95520 47.7600 -1.575701 7.604211
95530 47.7650 -1.577216 7.489545
95540 47.7700 -1.578620 7.382494
95550 47.7750 -1.579917 7.283038
95560 47.7800 -1.581201 7.183926
95570 47.7850 -1.582289 7.099492
95580 47.7900 -1.583240 7.025420
95590 47.7950 -1.584017 6.964747
95600 47.8000 -1.584588 6.920007
95610 47.8050 -1.584777 6.939710
95620 47.8100 -1.584817 6.936563
95630 47.8150 -1.584819 6.936422
95640 47.8200 -1.584596 6.953866
95650 47.8250 -1.584083 6.994079
95660 47.8300 -1.583314 7.054205
95670 47.8350 -1.582308 7.132555
95680 47.8400 -1.581044 7.230507
95690 47.8450 -1.579649 7.337957
95700 47.8500 -1.578129 7.454263
95710 47.8550 -1.576436 7.612490
95720 47.8600 -1.574702 7.742856
95730 47.8650 -1.573042 7.866519
95740 47.8700 -1.571379 7.989143
95750 47.8750 -1.569749 8.108099
95760 47.8800 -1.568169 8.222241
95770 47.8850 -1.566674 8.329149
95780 47.8900 -1.565470 8.414439
95790 47.8950 -1.564376 8.491291
95800 47.9000 -1.563578 8.546978
95810 47.9050 -1.562935 8.613525
95820 47.9100 -1.562684 8.630896
95830 47.9150 -1.562680 8.631187
95840 47.9200 -1.562983 8.610212
95850 47.9250 -1.563611 8.566580
95860 47.9300 -1.564473 8.506393
95870 47.9350 -1.565142 8.459442
95880 47.9400 -1.565835 8.410541
95890 47.9450 -1.566553 8.359593
95900 47.9500 -1.567100 8.320606
95910 47.9550 -1.567892 8.287322
95920 47.9600 -1.568776 8.223676
95930 47.9650 -1.569685 8.157779
95940 47.9700 -1.570647 8.087693
95950 47.9750 -1.571510 8.024402
95960 47.9800 -1.572201 7.973501
95970 47.9850 -1.572805 7.928782
95980 47.9900 -1.573277 7.893739
95990 47.9950 -1.573602 7.869563
96000 48.0000 -1.573832 7.852395
96010 48.0050 -1.574133 7.856533
96020 48.0100 -1.574304 7.843722
96030 48.0150 -1.574159 7.854586
96040 48.0200 -1.573776 7.883189
96050 48.0250 -1.573153 7.929586
96060 48.0300 -1.572360 7.988324
96070 48.0350 -1.571336 8.063774
96080 48.0400 -1.570137 8.151483
96090 48.0450 -1.568997 8.234134
96100 48.0500 -1.567763 8.322982
96110 48.0550 -1.566374 8.445299
96120 48.0600 -1.564784 8.557403
96130 48.0650 -1.563143 8.671666
96140 48.0700 -1.561639 8.775023
96150 48.0750 -1.560220 8.871494
96160 48.0800 -1.558832 8.964656
96170 48.0850 -1.557473 9.054903
96180 48.0900 -1.556076 9.146523
96190 48.0950 -1.554765 9.231419
96200 48.1000 -1.553707 9.299224
96210 48.1050 -1.552831 9.372625
96220 48.1100 -1.552187 9.413266
96230 48.1150 -1.551885 9.432176
96240 48.1200 -1.551905 9.430950
96250 48.1250 -1.552062 9.421080
96260 48.1300 -1.552444 9.397030
96270 48.1350 -1.553019 9.360757
96280 48.1400 -1.554006 9.297923
96290 48.1450 -1.555200 9.221086
96300 48.1500 -1.556441 9.140383
96310 48.1550 -1.557659 9.078840
96320 48.1600 -1.558879 8.997759
96330 48.1650 -1.560152 8.912189
96340 48.1700 -1.561791 8.800621
96350 48.1750 -1.563596 8.676060
96360 48.1800 -1.565397 8.549916
96370 48.1850 -1.567140 8.426106
96380 48.1900 -1.568870 8.301607
96390 48.1950 -1.570592 8.176188
96400 48.2000 -1.572165 8.060194
96410 48.2050 -1.573853 7.959570
96420 48.2100 -1.575540 7.832459
96430 48.2150 -1.577324 7.696525
96440 48.2200 -1.579345 7.540838
96450 48.2250 -1.581217 7.395069
96460 48.2300 -1.582875 7.264738
96470 48.2350 -1.584322 7.150067
96480 48.2400 -1.585485 7.057435
96490 48.2450 -1.586296 6.992467
96500 48.2500 -1.586683 6.961444
96510 48.2550 -1.586617 7.000841
96520 48.2600 -1.586206 7.033837
96530 48.2650 -1.585650 7.078337
96540 48.2700 -1.584894 7.138667
96550 48.2750 -1.584163 7.196808
96560 48.2800 -1.583431 7.254794
96570 48.2850 -1.582645 7.316863
96580 48.2900 -1.582100 7.359745
96590 48.2950 -1.581926 7.373390
96600 48.3000 -1.581860 7.378625
96610 48.3050 -1.582207 7.381686
96620 48.3100 -1.582497 7.358938
96630 48.3150 -1.582742 7.339597
96640 48.3200 -1.583157 7.306815
96650 48.3250 -1.583799 7.256017
96660 48.3300 -1.584711 7.183592
96670 48.3350 -1.585766 7.099322
96680 48.3400 -1.587033 6.997680
96690 48.3450 -1.588558 6.874525
96700 48.3500 -1.590268 6.735569
96710 48.3550 -1.592193 6.614415
96720 48.3600 -1.594167 6.451851
96730 48.3650 -1.596185 6.284712
96740 48.3700 -1.598274 6.110824
96750 48.3750 -1.600327 5.939311
96760 48.3800 -1.602406 5.765182
96770 48.3850 -1.604248 5.610708
96780 48.3900 -1.605995 5.464224
96790 48.3950 -1.607670 5.323799
96800 48.4000 -1.609158 5.199163
96810 48.4050 -1.610438 5.148110
96820 48.4100 -1.611241 5.081107
96830 48.4150 -1.611493 5.060104
96840 48.4200 -1.611432 5.065121
96850 48.4250 -1.611174 5.086650
96860 48.4300 -1.610657 5.129845
96870 48.4350 -1.609981 5.186230
96880 48.4400 -1.608842 5.281534
96890 48.4450 -1.607467 5.396637
96900 48.4500 -1.606035 5.516627
96910 48.4550 -1.604497 5.696591
96920 48.4600 -1.602703 5.846722
96930 48.4650 -1.601012 5.987975
96940 48.4700 -1.599263 6.133740
96950 48.4750 -1.597647 6.267942
96960 48.4800 -1.596360 6.374392
96970 48.4850 -1.595342 6.458375
96980 48.4900 -1.594583 6.520769
96990 48.4950 -1.593782 6.586517
97000 48.5000 -1.593041 6.647155
97010 48.5050 -1.592567 6.723086
97020 48.5100 -1.592524 6.726598
97030 48.5150 -1.592769 6.706620
97040 48.5200 -1.593100 6.679604
97050 48.5250 -1.593948 6.610130
97060 48.5300 -1.594960 6.527055
97070 48.5350 -1.596247 6.420957
97080 48.5400 -1.597554 6.312696
97090 48.5450 -1.599191 6.176669
97100 48.5500 -1.601196 6.009418
97110 48.5550 -1.603391 5.870145
97120 48.5600 -1.605677 5.678171
97130 48.5650 -1.608106 5.473949
97140 48.5700 -1.610369 5.283646
97150 48.5750 -1.612602 5.096338
97160 48.5800 -1.614657 4.924475
97170 48.5850 -1.616403 4.779076
97180 48.5900 -1.617898 4.655113
97190 48.5950 -1.619299 4.539580
97200 48.6000 -1.620321 4.455621
97210 48.6050 -1.621086 4.461777
97220 48.6100 -1.621487 4.429067
97230 48.6150 -1.621458 4.431380
97240 48.6200 -1.621085 4.461868
97250 48.6250 -1.620481 4.511243
97260 48.6300 -1.619624 4.581588
97270 48.6350 -1.618641 4.662470
97280 48.6400 -1.617423 4.763125
97290 48.6450 -1.615944 4.885709
97300 48.6500 -1.614397 5.014463
97310 48.6550 -1.612589 5.224180
97320 48.6600 -1.610681 5.383646
97330 48.6650 -1.608804 5.540651
97340 48.6700 -1.607183 5.676187
97350 48.6750 -1.605652 5.804096
97360 48.6800 -1.604153 5.929070
97370 48.6850 -1.602674 6.052092
97380 48.6900 -1.601399 6.157854
97390 48.6950 -1.600296 6.249146
97400 48.7000 -1.599471 6.317187
97410 48.7050 -1.598940 6.401763
97420 48.7100 -1.599099 6.388683
97430 48.7150 -1.599727 6.337003
97440 48.7200 -1.600909 6.239323
97450 48.7250 -1.602658 6.094259
97460 48.7300 -1.604683 5.925546
97470 48.7350 -1.606889 5.741163
97480 48.7400 -1.609451 5.526608
97490 48.7450 -1.612148 5.300546
97500 48.7500 -1.614823 5.076799
97510 48.7550 -1.617708 4.894156
97520 48.7600 -1.620529 4.660575
97530 48.7650 -1.623136 4.446482
97540 48.7700 -1.625633 4.243622
97550 48.7750 -1.628197 4.037863
97560 48.7800 -1.630761 3.835191
97570 48.7850 -1.633006 3.660603
97580 48.7900 -1.635057 3.503736
97590 48.7950 -1.636777 3.374258
97600 48.8000 -1.638057 3.279150
97610 48.8050 -1.638761 3.322914
97620 48.8100 -1.638924 3.310992
97630 48.8150 -1.638829 3.317951
97640 48.8200 -1.638394 3.349876
97650 48.8250 -1.637575 3.410396
97660 48.8300 -1.636399 3.498038
97670 48.8350 -1.634935 3.608357
97680 48.8400 -1.633284 3.734349
97690 48.8450 -1.631247 3.891801
97700 48.8500 -1.629158 4.055565
97710 48.8550 -1.626953 4.307380
97720 48.8600 -1.624797 4.480166
97730 48.8650 -1.622856 4.636929
97740 48.8700 -1.621116 4.778313
97750 48.8750 -1.619471 4.912656
97760 48.8800 -1.618087 5.026018
97770 48.8850 -1.617050 5.111112
97780 48.8900 -1.616348 5.168772
97790 48.8950 -1.615990 5.198176
97800 48.9000 -1.616073 5.191383
97810 48.9050 -1.616515 5.211005
97820 48.9100 -1.617184 5.156085
97830 48.9150 -1.618016 5.087771
97840 48.9200 -1.619166 4.993502
97850 48.9250 -1.620882 4.853162
97860 48.9300 -1.622838 4.693880
97870 48.9350 -1.624839 4.531934
97880 48.9400 -1.626633 4.387691
97890 48.9450 -1.628470 4.241108
97900 48.9500 -1.630431 4.086146
97910 48.9550 -1.632593 3.993430
97920 48.9600 -1.634775 3.825080
97930 48.9650 -1.636853 3.667110
97940 48.9700 -1.638844 3.518024
97950 48.9750 -1.640545 3.392546
97960 48.9800 -1.641808 3.300556
97970 48.9850 -1.642817 3.227888
97980 48.9900 -1.643467 3.181409
97990 48.9950 -1.644038 3.140855
98000 49.0000 -1.644514 3.107285
98010 49.0050 -1.644710 3.193703
98020 49.0100 -1.644599 3.201548
98030 49.0150 -1.644329 3.220567
98040 49.0200 -1.643873 3.252858
98050 49.0250 -1.642992 3.315597
98060 49.0300 -1.641816 3.400080
98070 49.0350 -1.640760 3.476777
98080 49.0400 -1.639705 3.554063
98090 49.0450 -1.638624 3.633930
98100 49.0500 -1.637325 3.730747
98110 49.0550 -1.635738 3.934539
98120 49.0600 -1.634206 4.050988
98130 49.0650 -1.632558 4.177410
98140 49.0700 -1.630931 4.303325
98150 49.0750 -1.629471 4.417055
98160 49.0800 -1.628212 4.515699
98170 49.0850 -1.627213 4.594303
98180 49.0900 -1.626482 4.652030
98190 49.0950 -1.626243 4.670941
98200 49.1000 -1.626170 4.676714
98210 49.1050 -1.626303 4.730780
98220 49.1100 -1.626753 4.695247
98230 49.1150 -1.627387 4.645252
98240 49.1200 -1.627953 4.600680
98250 49.1250 -1.628697 4.542268
98260 49.1300 -1.629384 4.488377
98270 49.1350 -1.630141 4.429246
98280 49.1400 -1.630966 4.364959
98290 49.1450 -1.631797 4.300417
98300 49.1500 -1.632696 4.230919
98310 49.1550 -1.633531 4.239801
98320 49.1600 -1.634527 4.163447
98330 49.1650 -1.635399 4.096903
98340 49.1700 -1.636152 4.039621
98350 49.1750 -1.636706 3.997728
98360 49.1800 -1.637067 3.970423
98370 49.1850 -1.637110 3.967158
98380 49.1900 -1.636912 3.982117
98390 49.1950 -1.636332 4.026013
98400 49.2000 -1.635373 4.098870
98410 49.2050 -1.634255 4.260272
98420 49.2100 -1.633173 4.343292
98430 49.2150 -1.631992 4.434375
98440 49.2200 -1.630779 4.528330
98450 49.2250 -1.629451 4.631695
98460 49.2300 -1.627822 4.759000
98470 49.2350 -1.625962 4.904974
98480 49.2400 -1.624280 5.037432
98490 49.2450 -1.622835 5.151536
98500 49.2500 -1.621421 5.263272
98510 49.2550 -1.620096 5.422881
98520 49.2600 -1.619063 5.504529
98530 49.2650 -1.618087 5.581640
98540 49.2700 -1.617026 5.665356
98550 49.2750 -1.616049 5.742418
98560 49.2800 -1.615187 5.810297
98570 49.2850 -1.614644 5.852987
98580 49.2900 -1.614152 5.891624
98590 49.2950 -1.613832 5.916760
98600 49.3000 -1.613818 5.917889
98610 49.3050 -1.614182 5.935017
98620 49.3100 -1.614947 5.874842
98630 49.3150 -1.615796 5.807980
98640 49.3200 -1.616634 5.741945
98650 49.3250 -1.617671 5.660006
98660 49.3300 -1.618930 5.560499
98670 49.3350 -1.620084 5.469129
98680 49.3400 -1.621107 5.388135
98690 49.3450 -1.622032 5.314914
98700 49.3500 -1.622819 5.252613
98710 49.3550 -1.623625 5.243806
98720 49.3600 -1.624407 5.181919
98730 49.3650 -1.625161 5.122281
98740 49.3700 -1.625840 5.068603
98750 49.3750 -1.626411 5.023449
98760 49.3800 -1.627026 4.974933
98770 49.3850 -1.627403 4.945216
98780 49.3900 -1.627624 4.927736
98790 49.3950 -1.627836 4.911018
98800 49.4000 -1.628008 4.897482
98810 49.4050 -1.628047 4.955199
98820 49.4100 -1.628058 4.954348
98830 49.4150 -1.628127 4.948873
98840 49.4200 -1.628337 4.932339
98850 49.4250 -1.628529 4.917249
98860 49.4300 -1.628520 4.917982
98870 49.4350 -1.628141 4.947806
98880 49.4400 -1.627802 4.974496
98890 49.4450 -1.627451 5.002188
98900 49.4500 -1.627013 5.036695
98910 49.4550 -1.626547 5.131927
98920 49.4600 -1.626156 5.162825
98930 49.4650 -1.625929 5.180719
98940 49.4700 -1.625609 5.206009
98950 49.4750 -1.625251 5.234271
98960 49.4800 -1.624928 5.259788
98970 49.4850 -1.624693 5.278344
98980 49.4900 -1.624496 5.293906
98990 49.4950 -1.624503 5.293344
99000 49.5000 -1.624790 5.270711
99010 49.5050 -1.625186 5.294170
99020 49.5100 -1.625554 5.265099
99030 49.5150 -1.626253 5.209938
99040 49.5200 -1.626885 5.159979
99050 49.5250 -1.627342 5.123910
99060 49.5300 -1.627643 5.100137
99070 49.5350 -1.627869 5.082355
99080 49.5400 -1.628129 5.061796
99090 49.5450 -1.628460 5.035730
99100 49.5500 -1.628906 5.000549
99110 49.5550 -1.629340 5.025386
99120 49.5600 -1.629778 4.990883
99130 49.5650 -1.630399 4.942053
99140 49.5700 -1.630902 4.902479
99150 49.5750 -1.631109 4.886196
99160 49.5800 -1.631378 4.865057
99170 49.5850 -1.631563 4.850561
99180 49.5900 -1.631519 4.853998
99190 49.5950 -1.631330 4.868854
99200 49.6000 -1.631206 4.878554
99210 49.6050 -1.630947 4.960070
99220 49.6100 -1.630786 4.972657
99230 49.6150 -1.630696 4.979754
99240 49.6200 -1.630667 4.982048
99250 49.6250 -1.630627 4.985187
99260 49.6300 -1.630519 4.993714
99270 49.6350 -1.630373 5.005196
99280 49.6400 -1.630167 5.021381
99290 49.6450 -1.629885 5.043555
99300 49.6500 -1.629634 5.063310
99310 49.6550 -1.629363 5.142673
99320 49.6600 -1.628793 5.187586
99330 49.6650 -1.628069 5.244612
99340 49.6700 -1.627306 5.304689
99350 49.6750 -1.626490 5.368924
99360 49.6800 -1.625644 5.435544
99370 49.6850 -1.624720 5.508204
99380 49.6900 -1.623732 5.585828
99390 49.6950 -1.622991 5.643972
99400 49.7000 -1.622417 5.688917
99410 49.7050 -1.622119 5.760993
99420 49.7100 -1.621951 5.774149
99430 49.7150 -1.621943 5.774796
99440 49.7200 -1.622254 5.750449
99450 49.7250 -1.622756 5.711078
99460 49.7300 -1.623341 5.665177
99470 49.7350 -1.623968 5.615934
99480 49.7400 -1.624803 5.550336
99490 49.7450 -1.625644 5.484093
99500 49.7500 -1.626204 5.440027
99510 49.7550 -1.626677 5.455011
99520 49.7600 -1.626998 5.429658
99530 49.7650 -1.627158 5.417036
99540 49.7700 -1.627098 5.421817
99550 49.7750 -1.626996 5.429860
99560 49.7800 -1.627023 5.427722
99570 49.7850 -1.626955 5.433090
99580 49.7900 -1.626713 5.452131
99590 49.7950 -1.626365 5.479556
99600 49.8000 -1.625805 5.523639
99610 49.8050 -1.625040 5.634871
99620 49.8100 -1.624221 5.699257
99630 49.8150 -1.623503 5.755610
99640 49.8200 -1.622642 5.823029
99650 49.8250 -1.621516 5.911053
99660 49.8300 -1.620292 6.006313
99670 49.8350 -1.618984 6.107824
99680 49.8400 -1.617334 6.235119
99690 49.8450 -1.615676 6.362118
99700 49.8500 -1.614267 6.469379
99710 49.8550 -1.613070 6.599054
99720 49.8600 -1.611967 6.681957
99730 49.8650 -1.610880 6.763159
99740 49.8700 -1.609631 6.855811
99750 49.8750 -1.608388 6.947277
99760 49.8800 -1.607359 7.022437
99770 49.8850 -1.606686 7.071291
99780 49.8900 -1.606216 7.105335
99790 49.8950 -1.606034 7.118480
99800 49.9000 -1.605948 7.124679
99810 49.9050 -1.606139 7.143515
99820 49.9100 -1.606505 7.117038
99830 49.9150 -1.607094 7.074333
99840 49.9200 -1.607804 7.022584
99850 49.9250 -1.608403 6.978752
99860 49.9300 -1.609104 6.927228
99870 49.9350 -1.610015 6.859872
99880 49.9400 -1.611004 6.786380
99890 49.9450 -1.611955 6.715279
99900 49.9500 -1.612849 6.648023
99910 49.9550 -1.613798 6.613531
99920 49.9600 -1.614760 6.540484
99930 49.9650 -1.615775 6.462933
99940 49.9700 -1.616735 6.389248
99950 49.9750 -1.617748 6.311109
99960 49.9800 -1.618773 6.231646
99970 49.9850 -1.619843 6.148393
99980 49.9900 -1.621064 6.053005
99990 49.9950 -1.622135 5.968942
