# step t_ps cv bias_e
0 0.0000 -1.462384 0.000000
10 0.0050 -1.463233 0.238972
20 0.0100 -1.464443 0.238804
30 0.0150 -1.465751 0.238465
40 0.0200 -1.467358 0.237827
50 0.0250 -1.469103 0.236858
60 0.0300 -1.470737 0.235694
70 0.0350 -1.472519 0.234146
80 0.0400 -1.474520 0.232068
90 0.0450 -1.476795 0.229282
100 0.0500 -1.479119 0.225987
110 0.0550 -1.481523 0.446236
120 0.0600 -1.483853 0.441327
130 0.0650 -1.486176 0.435574
140 0.0700 -1.488304 0.429574
150 0.0750 -1.490283 0.423402
160 0.0800 -1.492019 0.417533
170 0.0850 -1.493601 0.411837
180 0.0900 -1.494868 0.407048
190 0.0950 -1.495898 0.403010
200 0.1000 -1.496600 0.400185
210 0.1050 -1.497161 0.611581
220 0.1100 -1.497676 0.609402
230 0.1150 -1.497989 0.608056
240 0.1200 -1.498143 0.607384
250 0.1250 -1.498032 0.607868
260 0.1300 -1.497568 0.609864
270 0.1350 -1.496903 0.612649
280 0.1400 -1.496088 0.615944
290 0.1450 -1.494889 0.620549
300 0.1500 -1.493372 0.625945
310 0.1550 -1.491585 0.832184
320 0.1600 -1.489610 0.837262
330 0.1650 -1.487309 0.841681
340 0.1700 -1.485264 0.844234
350 0.1750 -1.483169 0.845498
360 0.1800 -1.481077 0.845389
370 0.1850 -1.479015 0.843941
380 0.1900 -1.477062 0.841350
390 0.1950 -1.475167 0.837713
400 0.2000 -1.473348 0.833193
410 0.2050 -1.471560 1.017007
420 0.2100 -1.469976 1.011125
430 0.2150 -1.468439 1.004547
440 0.2200 -1.466929 0.997271
450 0.2250 -1.465639 0.990427
460 0.2300 -1.464365 0.983113
470 0.2350 -1.463302 0.976599
480 0.2400 -1.462648 0.972405
490 0.2450 -1.462063 0.968538
500 0.2500 -1.461676 0.965924
510 0.2550 -1.461502 1.147176
520 0.2600 -1.461802 1.149224
530 0.2650 -1.462205 1.151923
540 0.2700 -1.462641 1.154772
550 0.2750 -1.463074 1.157527
560 0.2800 -1.463682 1.161268
570 0.2850 -1.464398 1.165485
580 0.2900 -1.465300 1.170501
590 0.2950 -1.466252 1.175433
600 0.3000 -1.467147 1.179724
610 0.3050 -1.467985 1.355277
620 0.3100 -1.468891 1.358881
630 0.3150 -1.469607 1.361438
640 0.3200 -1.470377 1.363903
650 0.3250 -1.471168 1.366128
660 0.3300 -1.471911 1.367929
670 0.3350 -1.472473 1.369106
680 0.3400 -1.472678 1.369495
690 0.3450 -1.472797 1.369712
700 0.3500 -1.472848 1.369802
710 0.3550 -1.472995 1.533020
720 0.3600 -1.473140 1.533257
730 0.3650 -1.473207 1.533362
740 0.3700 -1.473275 1.533467
750 0.3750 -1.473275 1.533467
760 0.3800 -1.473094 1.533182
770 0.3850 -1.472584 1.532281
780 0.3900 -1.471777 1.530552
790 0.3950 -1.470691 1.527639
800 0.4000 -1.469166 1.522417
810 0.4050 -1.467374 1.670667
820 0.4100 -1.465382 1.659564
830 0.4150 -1.463253 1.645045
840 0.4200 -1.461156 1.628139
850 0.4250 -1.458946 1.607615
860 0.4300 -1.456621 1.583147
870 0.4350 -1.454262 1.555434
880 0.4400 -1.451993 1.526215
890 0.4450 -1.449697 1.494226
900 0.4500 -1.447520 1.461825
910 0.4550 -1.445496 1.588710
920 0.4600 -1.443657 1.558171
930 0.4650 -1.441823 1.526412
940 0.4700 -1.439850 1.490869
950 0.4750 -1.437905 1.454565
960 0.4800 -1.436133 1.420534
970 0.4850 -1.434516 1.388755
980 0.4900 -1.432959 1.357583
990 0.4950 -1.431594 1.329833
1000 0.5000 -1.430392 1.305127
1010 0.5050 -1.429756 1.457871
1020 0.5100 -1.429460 1.451715
1030 0.5150 -1.429324 1.448869
1040 0.5200 -1.429167 1.445601
1050 0.5250 -1.429437 1.451232
1060 0.5300 -1.429878 1.460423
1070 0.5350 -1.430270 1.468538
1080 0.5400 -1.430769 1.478832
1090 0.5450 -1.431323 1.490188
1100 0.5500 -1.431916 1.502274
1110 0.5550 -1.432471 1.670533
1120 0.5600 -1.433216 1.685418
1130 0.5650 -1.433931 1.699543
1140 0.5700 -1.434226 1.705306
1150 0.5750 -1.434379 1.708301
1160 0.5800 -1.434521 1.711052
1170 0.5850 -1.434514 1.710916
1180 0.5900 -1.434288 1.706521
1190 0.5950 -1.433791 1.696788
1200 0.6000 -1.433147 1.684052
1210 0.6050 -1.432115 1.812578
1220 0.6100 -1.430730 1.784105
1230 0.6150 -1.429270 1.753378
1240 0.6200 -1.427670 1.718890
1250 0.6250 -1.426041 1.683001
1260 0.6300 -1.424376 1.645599
1270 0.6350 -1.422545 1.603700
1280 0.6400 -1.420574 1.557835
1290 0.6450 -1.418458 1.507859
1300 0.6500 -1.416424 1.459298
1310 0.6550 -1.414892 1.581322
1320 0.6600 -1.413778 1.554277
1330 0.6650 -1.412966 1.534482
1340 0.6700 -1.412225 1.516350
1350 0.6750 -1.411573 1.500356
1360 0.6800 -1.411050 1.487532
1370 0.6850 -1.410481 1.473522
1380 0.6900 -1.409858 1.458177
1390 0.6950 -1.409351 1.445688
1400 0.7000 -1.408886 1.434221
1410 0.7050 -1.408526 1.585383
1420 0.7100 -1.408049 1.573570
1430 0.7150 -1.407609 1.562686
1440 0.7200 -1.407128 1.550745
1450 0.7250 -1.406897 1.545004
1460 0.7300 -1.406881 1.544618
1470 0.7350 -1.406931 1.545865
1480 0.7400 -1.406993 1.547402
1490 0.7450 -1.406907 1.545249
1500 0.7500 -1.406879 1.544555
1510 0.7550 -1.406813 1.698118
1520 0.7600 -1.406666 1.694461
1530 0.7650 -1.406528 1.691037
1540 0.7700 -1.406188 1.682581
1550 0.7750 -1.405733 1.671218
1560 0.7800 -1.405280 1.659895
1570 0.7850 -1.405045 1.654023
1580 0.7900 -1.404990 1.652633
1590 0.7950 -1.404857 1.649308
1600 0.8000 -1.404548 1.641558
1610 0.8050 -1.403992 1.778628
1620 0.8100 -1.403359 1.762673
1630 0.8150 -1.402537 1.741886
1640 0.8200 -1.401570 1.717321
1650 0.8250 -1.400252 1.683678
1660 0.8300 -1.398543 1.639864
1670 0.8350 -1.396658 1.591327
1680 0.8400 -1.394543 1.536753
1690 0.8450 -1.392445 1.482599
1700 0.8500 -1.390233 1.425651
1710 0.8550 -1.387893 1.525978
1720 0.8600 -1.385617 1.467602
1730 0.8650 -1.383759 1.420135
1740 0.8700 -1.381942 1.373938
1750 0.8750 -1.380279 1.331930
1760 0.8800 -1.378974 1.299156
1770 0.8850 -1.377810 1.270110
1780 0.8900 -1.376568 1.239324
1790 0.8950 -1.375406 1.210728
1800 0.9000 -1.374311 1.183983
1810 0.9050 -1.373432 1.334268
1820 0.9100 -1.372652 1.315391
1830 0.9150 -1.372031 1.300416
1840 0.9200 -1.371465 1.286803
1850 0.9250 -1.371112 1.278318
1860 0.9300 -1.370974 1.275021
1870 0.9350 -1.371066 1.277225
1880 0.9400 -1.371350 1.284037
1890 0.9450 -1.371884 1.296867
1900 0.9500 -1.372450 1.310518
1910 0.9550 -1.372942 1.488082
1920 0.9600 -1.373332 1.497524
1930 0.9650 -1.373538 1.502489
1940 0.9700 -1.373776 1.508265
1950 0.9750 -1.373960 1.512703
1960 0.9800 -1.373959 1.512690
1970 0.9850 -1.373979 1.513181
1980 0.9900 -1.374130 1.516833
1990 0.9950 -1.374330 1.521664
2000 1.0000 -1.374329 1.521643
2010 1.0050 -1.374000 1.669859
2020 1.0100 -1.373334 1.653728
2030 1.0150 -1.372525 1.634112
2040 1.0200 -1.371743 1.615144
2050 1.0250 -1.370842 1.593260
2060 1.0300 -1.369694 1.565409
2070 1.0350 -1.368268 1.530832
2080 1.0400 -1.366498 1.487994
2090 1.0450 -1.364434 1.438206
2100 1.0500 -1.362449 1.390543
2110 1.0550 -1.360324 1.501710
2120 1.0600 -1.358177 1.450464
2130 1.0650 -1.355954 1.397610
2140 1.0700 -1.353895 1.348939
2150 1.0750 -1.351982 1.304025
2160 1.0800 -1.350208 1.262665
2170 1.0850 -1.348688 1.227485
2180 1.0900 -1.347581 1.202053
2190 1.0950 -1.346772 1.183552
2200 1.1000 -1.346179 1.170045
2210 1.1050 -1.345874 1.335438
2220 1.1100 -1.345634 1.330002
2230 1.1150 -1.345556 1.328229
2240 1.1200 -1.345643 1.330190
2250 1.1250 -1.345991 1.338097
2260 1.1300 -1.346543 1.350640
2270 1.1350 -1.347357 1.369199
2280 1.1400 -1.348429 1.393677
2290 1.1450 -1.349553 1.419401
2300 1.1500 -1.350524 1.441685
2310 1.1550 -1.351469 1.623084
2320 1.1600 -1.352361 1.643523
2330 1.1650 -1.353061 1.659538
2340 1.1700 -1.353360 1.666373
2350 1.1750 -1.353227 1.663327
2360 1.1800 -1.352639 1.649880
2370 1.1850 -1.351783 1.630290
2380 1.1900 -1.350604 1.603228
2390 1.1950 -1.348996 1.566290
2400 1.2000 -1.347054 1.521626
2410 1.2050 -1.344915 1.628465
2420 1.2100 -1.342464 1.571656
2430 1.2150 -1.339891 1.511820
2440 1.2200 -1.337343 1.452525
2450 1.2250 -1.334878 1.395250
2460 1.2300 -1.332519 1.340597
2470 1.2350 -1.330148 1.285982
2480 1.2400 -1.327580 1.227272
2490 1.2450 -1.324763 1.163607
2500 1.2500 -1.321684 1.095074
2510 1.2550 -1.318663 1.204752
2520 1.2600 -1.315655 1.139565
2530 1.2650 -1.312748 1.077572
2540 1.2700 -1.309872 1.017314
2550 1.2750 -1.307182 0.962116
2560 1.2800 -1.304708 0.912425
2570 1.2850 -1.302289 0.864922
2580 1.2900 -1.299931 0.819718
2590 1.2950 -1.297758 0.779106
2600 1.3000 -1.295815 0.743645
2610 1.3050 -1.293999 0.905304
2620 1.3100 -1.292273 0.874896
2630 1.3150 -1.290997 0.852717
2640 1.3200 -1.289968 0.835041
2650 1.3250 -1.289273 0.823194
2660 1.3300 -1.289194 0.821854
2670 1.3350 -1.289704 0.830528
2680 1.3400 -1.290400 0.842433
2690 1.3450 -1.291283 0.857659
2700 1.3500 -1.292313 0.875590
2710 1.3550 -1.293242 1.078981
2720 1.3600 -1.294414 1.099616
2730 1.3650 -1.295604 1.120696
2740 1.3700 -1.296767 1.141397
2750 1.3750 -1.297818 1.160176
2760 1.3800 -1.299108 1.183339
2770 1.3850 -1.300514 1.208690
2780 1.3900 -1.301920 1.234161
2790 1.3950 -1.303197 1.257386
2800 1.4000 -1.304216 1.275967
2810 1.4050 -1.305116 1.459691
2820 1.4100 -1.306105 1.477722
2830 1.4150 -1.306816 1.490669
2840 1.4200 -1.307353 1.500436
2850 1.4250 -1.307852 1.509503
2860 1.4300 -1.308448 1.520304
2870 1.4350 -1.309008 1.530465
2880 1.4400 -1.309607 1.541308
2890 1.4450 -1.310209 1.552172
2900 1.4500 -1.310674 1.560570
2910 1.4550 -1.311103 1.722799
2920 1.4600 -1.311349 1.727228
2930 1.4650 -1.311657 1.732759
2940 1.4700 -1.311894 1.736993
2950 1.4750 -1.312241 1.743211
2960 1.4800 -1.312387 1.745808
2970 1.4850 -1.312384 1.745765
2980 1.4900 -1.312354 1.745218
2990 1.4950 -1.312329 1.744781
3000 1.5000 -1.312375 1.745598
3010 1.5050 -1.312289 1.890775
3020 1.5100 -1.312085 1.887132
3030 1.5150 -1.311812 1.882236
3040 1.5200 -1.311557 1.877659
3050 1.5250 -1.311326 1.873488
3060 1.5300 -1.311414 1.875084
3070 1.5350 -1.311754 1.881196
3080 1.5400 -1.312386 1.892509
3090 1.5450 -1.313260 1.908038
3100 1.5500 -1.314435 1.928721
3110 1.5550 -1.315707 2.090161
3120 1.5600 -1.317138 2.114519
3130 1.5650 -1.318633 2.139452
3140 1.5700 -1.320220 2.165313
3150 1.5750 -1.321751 2.189696
3160 1.5800 -1.323185 2.212004
3170 1.5850 -1.324579 2.233208
3180 1.5900 -1.325673 2.249529
3190 1.5950 -1.326683 2.264318
3200 1.6000 -1.327547 2.276789
3210 1.6050 -1.328269 2.413515
3220 1.6100 -1.328732 2.420011
3230 1.6150 -1.329073 2.424767
3240 1.6200 -1.328851 2.421678
3250 1.6250 -1.328245 2.413177
3260 1.6300 -1.327627 2.404402
3270 1.6350 -1.326695 2.390945
3280 1.6400 -1.325705 2.376374
3290 1.6450 -1.324582 2.359505
3300 1.6500 -1.323300 2.339787
3310 1.6550 -1.321784 2.440048
3320 1.6600 -1.320185 2.413867
3330 1.6650 -1.318478 2.384984
3340 1.6700 -1.316845 2.356415
3350 1.6750 -1.315024 2.323498
3360 1.6800 -1.313029 2.286200
3370 1.6850 -1.310894 2.244871
3380 1.6900 -1.308764 2.202214
3390 1.6950 -1.306630 2.158136
3400 1.7000 -1.304531 2.113528
3410 1.7050 -1.302403 2.199327
3420 1.7100 -1.300326 2.152544
3430 1.7150 -1.298259 2.104758
3440 1.7200 -1.296222 2.056527
3450 1.7250 -1.294244 2.008729
3460 1.7300 -1.292127 1.956588
3470 1.7350 -1.290135 1.906685
3480 1.7400 -1.288534 1.866077
3490 1.7450 -1.287233 1.832771
3500 1.7500 -1.285970 1.800201
3510 1.7550 -1.284738 1.912665
3520 1.7600 -1.283924 1.891382
3530 1.7650 -1.283402 1.877688
3540 1.7700 -1.283308 1.875217
3550 1.7750 -1.283664 1.884568
3560 1.7800 -1.284319 1.901731
3570 1.7850 -1.285362 1.928932
3580 1.7900 -1.286541 1.959418
3590 1.7950 -1.287873 1.993574
3600 1.8000 -1.289167 2.026364
3610 1.8050 -1.290208 2.188117
3620 1.8100 -1.291091 2.210007
3630 1.8150 -1.291984 2.231884
3640 1.8200 -1.293096 2.258803
3650 1.8250 -1.294272 2.286860
3660 1.8300 -1.295555 2.316912
3670 1.8350 -1.296896 2.347706
3680 1.8400 -1.298254 2.378241
3690 1.8450 -1.299797 2.412098
3700 1.8500 -1.301611 2.450730
3710 1.8550 -1.303774 2.615438
3720 1.8600 -1.306072 2.660069
3730 1.8650 -1.308572 2.705813
3740 1.8700 -1.310987 2.747137
3750 1.8750 -1.313397 2.785558
3760 1.8800 -1.315718 2.819886
3770 1.8850 -1.318092 2.852276
3780 1.8900 -1.320730 2.885071
3790 1.8950 -1.323371 2.914598
3800 1.9000 -1.325903 2.939856
3810 1.9050 -1.328262 3.065749
3820 1.9100 -1.330434 3.082570
3830 1.9150 -1.332301 3.095293
3840 1.9200 -1.333827 3.104541
3850 1.9250 -1.335218 3.112102
3860 1.9300 -1.336464 3.118185
3870 1.9350 -1.337613 3.123239
3880 1.9400 -1.338411 3.126441
3890 1.9450 -1.339081 3.128941
3900 1.9500 -1.339445 3.130231
3910 1.9550 -1.339744 3.230873
3920 1.9600 -1.339807 3.231080
3930 1.9650 -1.339775 3.230975
3940 1.9700 -1.339661 3.230591
3950 1.9750 -1.339429 3.229798
3960 1.9800 -1.339157 3.228836
3970 1.9850 -1.338884 3.227842
3980 1.9900 -1.338499 3.226385
3990 1.9950 -1.338176 3.225114
4000 2.0000 -1.337852 3.223794
4010 2.0050 -1.337452 3.319148
4020 2.0100 -1.337075 3.317483
4030 2.0150 -1.336872 3.316560
4040 2.0200 -1.336808 3.316265
4050 2.0250 -1.336798 3.316217
4060 2.0300 -1.336819 3.316316
4070 2.0350 -1.337136 3.317760
4080 2.0400 -1.337591 3.319745
4090 2.0450 -1.337865 3.320896
4100 2.0500 -1.338397 3.323033
4110 2.0550 -1.339126 3.420125
4120 2.0600 -1.339996 3.423008
4130 2.0650 -1.341077 3.426082
4140 2.0700 -1.342377 3.429052
4150 2.0750 -1.343939 3.431610
4160 2.0800 -1.345712 3.433229
4170 2.0850 -1.347527 3.433546
4180 2.0900 -1.349445 3.432495
4190 2.0950 -1.351594 3.429742
4200 2.1000 -1.353831 3.425251
4210 2.1050 -1.356200 3.510494
4220 2.1100 -1.358483 3.502629
4230 2.1150 -1.360659 3.493817
4240 2.1200 -1.362945 3.483344
4250 2.1250 -1.365255 3.471665
4260 2.1300 -1.367296 3.460562
4270 2.1350 -1.369024 3.450681
4280 2.1400 -1.370425 3.442387
4290 2.1450 -1.371529 3.435705
4300 2.1500 -1.372525 3.429575
4310 2.1550 -1.373262 3.516603
4320 2.1600 -1.373471 3.515287
4330 2.1650 -1.373164 3.517213
4340 2.1700 -1.372511 3.521288
4350 2.1750 -1.371598 3.526889
4360 2.1800 -1.370523 3.533347
4370 2.1850 -1.369303 3.540481
4380 2.1900 -1.368006 3.547804
4390 2.1950 -1.366521 3.555825
4400 2.2000 -1.364907 3.564058
4410 2.2050 -1.363133 3.660645
4420 2.2100 -1.361125 3.669046
4430 2.2150 -1.359094 3.676304
4440 2.2200 -1.357078 3.682170
4450 2.2250 -1.355097 3.686525
4460 2.2300 -1.352830 3.689663
4470 2.2350 -1.350365 3.690670
4480 2.2400 -1.347907 3.688994
4490 2.2450 -1.345662 3.684974
4500 2.2500 -1.343727 3.679497
4510 2.2550 -1.342127 3.758902
4520 2.2600 -1.340812 3.752855
4530 2.2650 -1.339876 3.747933
4540 2.2700 -1.339491 3.745764
4550 2.2750 -1.339725 3.747095
4560 2.2800 -1.340538 3.751465
4570 2.2850 -1.341651 3.756829
4580 2.2900 -1.343201 3.763112
4590 2.2950 -1.345053 3.768867
4600 2.3000 -1.347117 3.773102
4610 2.3050 -1.349236 3.858326
4620 2.3100 -1.351555 3.857815
4630 2.3150 -1.353872 3.854652
4640 2.3200 -1.356075 3.849339
4650 2.3250 -1.358301 3.841840
4660 2.3300 -1.360425 3.832835
4670 2.3350 -1.362640 3.821673
4680 2.3400 -1.364704 3.809780
4690 2.3450 -1.366745 3.796737
4700 2.3500 -1.368558 3.784178
4710 2.3550 -1.370039 3.856253
4720 2.3600 -1.371289 3.846595
4730 2.3650 -1.372118 3.839978
4740 2.3700 -1.372656 3.835601
4750 2.3750 -1.372914 3.833476
4760 2.3800 -1.372940 3.833265
4770 2.3850 -1.372698 3.835257
4780 2.3900 -1.372090 3.840209
4790 2.3950 -1.371038 3.848563
4800 2.4000 -1.369513 3.860192
4810 2.4050 -1.367907 3.952948
4820 2.4100 -1.366288 3.963716
4830 2.4150 -1.364368 3.975299
4840 2.4200 -1.362249 3.986465
4850 2.4250 -1.360090 3.995970
4860 2.4300 -1.357889 4.003559
4870 2.4350 -1.355740 4.008788
4880 2.4400 -1.353612 4.011712
4890 2.4450 -1.351569 4.012292
4900 2.4500 -1.349656 4.010764
4910 2.4550 -1.347841 4.085220
4920 2.4600 -1.346237 4.080491
4930 2.4650 -1.344790 4.074819
4940 2.4700 -1.343498 4.068604
4950 2.4750 -1.342418 4.062566
4960 2.4800 -1.341538 4.057063
4970 2.4850 -1.341138 4.054394
4980 2.4900 -1.341179 4.054669
4990 2.4950 -1.341728 4.058295
5000 2.5000 -1.342834 4.064983
5010 2.5050 -1.344419 4.149818
5020 2.5100 -1.346380 4.157498
5030 2.5150 -1.348667 4.163222
5040 2.5200 -1.351265 4.165657
5050 2.5250 -1.354256 4.163363
5060 2.5300 -1.357632 4.154625
5070 2.5350 -1.361380 4.137912
5080 2.5400 -1.365296 4.113379
5090 2.5450 -1.369114 4.083382
5100 2.5500 -1.372863 4.048932
5110 2.5550 -1.376541 4.087986
5120 2.5600 -1.380125 4.047464
5130 2.5650 -1.383450 4.007408
5140 2.5700 -1.386431 3.969912
5150 2.5750 -1.389055 3.935943
5160 2.5800 -1.391356 3.905605
5170 2.5850 -1.393374 3.878673
5180 2.5900 -1.395003 3.856792
5190 2.5950 -1.396011 3.843186
5200 2.6000 -1.396645 3.834627
5210 2.6050 -1.396630 3.916650
5220 2.6100 -1.396055 3.924403
5230 2.6150 -1.395139 3.936739
5240 2.6200 -1.393791 3.954761
5250 2.6250 -1.391994 3.978584
5260 2.6300 -1.389995 4.004699
5270 2.6350 -1.387773 4.033174
5280 2.6400 -1.385412 4.062643
5290 2.6450 -1.382974 4.092076
5300 2.6500 -1.380242 4.123618
5310 2.6550 -1.377305 4.230862
5320 2.6600 -1.374205 4.261479
5330 2.6650 -1.371275 4.287281
5340 2.6700 -1.368630 4.307650
5350 2.6750 -1.366271 4.323249
5360 2.6800 -1.364214 4.334719
5370 2.6850 -1.362545 4.342482
5380 2.6900 -1.361213 4.347635
5390 2.6950 -1.360272 4.350701
5400 2.7000 -1.359834 4.351962
5410 2.7050 -1.359727 4.423052
5420 2.7100 -1.360053 4.422143
5430 2.7150 -1.360794 4.419846
5440 2.7200 -1.361870 4.415950
5450 2.7250 -1.363143 4.410508
5460 2.7300 -1.365060 4.400662
5470 2.7350 -1.367302 4.386753
5480 2.7400 -1.369625 4.369788
5490 2.7450 -1.372086 4.349170
5500 2.7500 -1.374478 4.326740
5510 2.7550 -1.377017 4.371780
5520 2.7600 -1.379387 4.345131
5530 2.7650 -1.381574 4.318888
5540 2.7700 -1.383882 4.289632
5550 2.7750 -1.386140 4.259626
5560 2.7800 -1.388288 4.229972
5570 2.7850 -1.390280 4.201604
5580 2.7900 -1.392093 4.175151
5590 2.7950 -1.393511 4.154093
5600 2.8000 -1.394542 4.138597
5610 2.8050 -1.395290 4.202405
5620 2.8100 -1.395664 4.196707
5630 2.8150 -1.395797 4.194670
5640 2.8200 -1.395579 4.198001
5650 2.8250 -1.395053 4.206014
5660 2.8300 -1.394241 4.218282
5670 2.8350 -1.393188 4.234038
5680 2.8400 -1.391858 4.253657
5690 2.8450 -1.390345 4.275550
5700 2.8500 -1.388926 4.295636
5710 2.8550 -1.387268 4.390422
5720 2.8600 -1.385439 4.414738
5730 2.8650 -1.383515 4.439222
5740 2.8700 -1.381392 4.464834
5750 2.8750 -1.379199 4.489581
5760 2.8800 -1.377021 4.512321
5770 2.8850 -1.374997 4.531681
5780 2.8900 -1.373224 4.547139
5790 2.8950 -1.371828 4.558268
5800 2.9000 -1.370809 4.565793
5810 2.9050 -1.370097 4.637424
5820 2.9100 -1.369619 4.640591
5830 2.9150 -1.369514 4.641270
5840 2.9200 -1.369820 4.639278
5850 2.9250 -1.370473 4.634848
5860 2.9300 -1.371229 4.629443
5870 2.9350 -1.372332 4.621014
5880 2.9400 -1.373740 4.609367
5890 2.9450 -1.375513 4.593313
5900 2.9500 -1.377664 4.571880
5910 2.9550 -1.380283 4.609556
5920 2.9600 -1.383400 4.571397
5930 2.9650 -1.386845 4.524933
5940 2.9700 -1.390554 4.470514
5950 2.9750 -1.394535 4.407808
5960 2.9800 -1.398635 4.339374
5970 2.9850 -1.402929 4.264366
5980 2.9900 -1.407204 4.187094
5990 2.9950 -1.411096 4.115024
6000 3.0000 -1.414706 4.047039
6010 3.0050 -1.418023 4.060772
6020 3.0100 -1.420989 4.003298
6030 3.0150 -1.423609 3.951950
6040 3.0200 -1.425616 3.912255
6050 3.0250 -1.426847 3.887742
6060 3.0300 -1.427487 3.874961
6070 3.0350 -1.427459 3.875521
6080 3.0400 -1.426813 3.888418
6090 3.0450 -1.425635 3.911873
6100 3.0500 -1.424054 3.943170
6110 3.0550 -1.422017 4.062518
6120 3.0600 -1.419630 4.108778
6130 3.0650 -1.416840 4.162027
6140 3.0700 -1.413641 4.221950
6150 3.0750 -1.410390 4.281456
6160 3.0800 -1.407243 4.337631
6170 3.0850 -1.404121 4.391750
6180 3.0900 -1.401435 4.436874
6190 3.0950 -1.399154 4.474037
6200 3.1000 -1.397077 4.506861
6210 3.1050 -1.395223 4.603003
6220 3.1100 -1.393714 4.625332
6230 3.1150 -1.392567 4.641826
6240 3.1200 -1.391783 4.652873
6250 3.1250 -1.391308 4.659463
6260 3.1300 -1.391312 4.659398
6270 3.1350 -1.391791 4.652754
6280 3.1400 -1.392614 4.641164
6290 3.1450 -1.393949 4.621895
6300 3.1500 -1.395475 4.599207
6310 3.1550 -1.396880 4.643754
6320 3.1600 -1.398285 4.621645
6330 3.1650 -1.399916 4.595247
6340 3.1700 -1.401437 4.569983
6350 3.1750 -1.402984 4.543685
6360 3.1800 -1.404595 4.515657
6370 3.1850 -1.406250 4.486246
6380 3.1900 -1.407878 4.456728
6390 3.1950 -1.409509 4.426598
6400 3.2000 -1.411238 4.394071
6410 3.2050 -1.413004 4.430226
6420 3.2100 -1.414747 4.396203
6430 3.2150 -1.416596 4.359460
6440 3.2200 -1.418451 4.321970
6450 3.2250 -1.420298 4.283993
6460 3.2300 -1.421926 4.250039
6470 3.2350 -1.423059 4.226145
6480 3.2400 -1.423903 4.208201
6490 3.2450 -1.424444 4.196629
6500 3.2500 -1.424878 4.187314
6510 3.2550 -1.424787 4.263414
6520 3.2600 -1.424394 4.271840
6530 3.2650 -1.423589 4.289006
6540 3.2700 -1.422630 4.309276
6550 3.2750 -1.422009 4.322305
6560 3.2800 -1.421438 4.334225
6570 3.2850 -1.420922 4.344936
6580 3.2900 -1.420406 4.355603
6590 3.2950 -1.420145 4.360971
6600 3.3000 -1.419933 4.365316
6610 3.3050 -1.419881 4.436925
6620 3.3100 -1.420055 4.433346
6630 3.3150 -1.420255 4.429234
6640 3.3200 -1.420497 4.424257
6650 3.3250 -1.420728 4.419485
6660 3.3300 -1.421164 4.410445
6670 3.3350 -1.421820 4.396758
6680 3.3400 -1.422427 4.384005
6690 3.3450 -1.423158 4.368516
6700 3.3500 -1.424220 4.345828
6710 3.3550 -1.425127 4.397160
6720 3.3600 -1.425995 4.378222
6730 3.3650 -1.427032 4.355343
6740 3.3700 -1.428122 4.331017
6750 3.3750 -1.429286 4.304686
6760 3.3800 -1.430537 4.276043
6770 3.3850 -1.431827 4.246119
6780 3.3900 -1.433178 4.214311
6790 3.3950 -1.434595 4.180499
6800 3.4000 -1.435949 4.147724
6810 3.4050 -1.437270 4.190244
6820 3.4100 -1.438489 4.159902
6830 3.4150 -1.439685 4.129740
6840 3.4200 -1.440963 4.097077
6850 3.4250 -1.442562 4.055567
6860 3.4300 -1.444370 4.007824
6870 3.4350 -1.446141 3.960189
6880 3.4400 -1.447747 3.916229
6890 3.4450 -1.449117 3.878217
6900 3.4500 -1.450190 3.848060
6910 3.4550 -1.451149 3.902353
6920 3.4600 -1.452035 3.876953
6930 3.4650 -1.452814 3.854451
6940 3.4700 -1.453493 3.834686
6950 3.4750 -1.453864 3.823803
6960 3.4800 -1.454035 3.818802
6970 3.4850 -1.454231 3.813014
6980 3.4900 -1.454291 3.811253
6990 3.4950 -1.454271 3.811838
7000 3.5000 -1.454092 3.817105
7010 3.5050 -1.453818 3.907385
7020 3.5100 -1.453348 3.921111
7030 3.5150 -1.452648 3.941434
7040 3.5200 -1.452165 3.955388
7050 3.5250 -1.451526 3.973687
7060 3.5300 -1.450750 3.995734
7070 3.5350 -1.449974 4.017592
7080 3.5400 -1.449088 4.042313
7090 3.5450 -1.448274 4.064774
7100 3.5500 -1.447365 4.089603
7110 3.5550 -1.446567 4.187342
7120 3.5600 -1.446019 4.202029
7130 3.5650 -1.445541 4.214717
7140 3.5700 -1.445145 4.225186
7150 3.5750 -1.445161 4.224756
7160 3.5800 -1.445548 4.214553
7170 3.5850 -1.446282 4.194987
7180 3.5900 -1.447395 4.164987
7190 3.5950 -1.448914 4.123290
7200 3.6000 -1.450808 4.070103
7210 3.6050 -1.453059 4.081753
7220 3.6100 -1.455668 4.003964
7230 3.6150 -1.458442 3.918394
7240 3.6200 -1.461138 3.832400
7250 3.6250 -1.463789 3.745275
7260 3.6300 -1.466536 3.652340
7270 3.6350 -1.469201 3.559786
7280 3.6400 -1.471702 3.470817
7290 3.6450 -1.474091 3.384112
7300 3.6500 -1.476451 3.296921
7310 3.6550 -1.478557 3.312887
7320 3.6600 -1.480418 3.242008
7330 3.6650 -1.482151 3.175212
7340 3.6700 -1.483524 3.121797
7350 3.6750 -1.484506 3.083359
7360 3.6800 -1.485202 3.056007
7370 3.6850 -1.485736 3.034957
7380 3.6900 -1.486195 3.016828
7390 3.6950 -1.486472 3.005866
7400 3.7000 -1.486527 3.003683
7410 3.7050 -1.486390 3.112297
7420 3.7100 -1.486077 3.124679
7430 3.7150 -1.485380 3.152176
7440 3.7200 -1.484478 3.187597
7450 3.7250 -1.483321 3.232742
7460 3.7300 -1.482080 3.280755
7470 3.7350 -1.480777 3.330747
7480 3.7400 -1.479691 3.372041
7490 3.7450 -1.478741 3.407906
7500 3.7500 -1.478028 3.434617
7510 3.7550 -1.477689 3.538747
7520 3.7600 -1.477788 3.535059
7530 3.7650 -1.478259 3.517447
7540 3.7700 -1.478967 3.490851
7550 3.7750 -1.479700 3.463165
7560 3.7800 -1.480476 3.433615
7570 3.7850 -1.481332 3.400793
7580 3.7900 -1.482294 3.363675
7590 3.7950 -1.483302 3.324462
7600 3.8000 -1.484306 3.285112
7610 3.8050 -1.485579 3.330187
7620 3.8100 -1.486950 3.275436
7630 3.8150 -1.488667 3.206150
7640 3.8200 -1.490588 3.127778
7650 3.8250 -1.492624 3.043771
7660 3.8300 -1.494679 2.958239
7670 3.8350 -1.496690 2.873892
7680 3.8400 -1.498649 2.791238
7690 3.8450 -1.500234 2.724122
7700 3.8500 -1.501458 2.672206
7710 3.8550 -1.502459 2.742900
7720 3.8600 -1.503256 2.708989
7730 3.8650 -1.503706 2.689801
7740 3.8700 -1.503869 2.682874
7750 3.8750 -1.504047 2.675283
7760 3.8800 -1.504256 2.666387
7770 3.8850 -1.504412 2.659740
7780 3.8900 -1.504559 2.653470
7790 3.8950 -1.504347 2.662508
7800 3.9000 -1.504043 2.675460
7810 3.9050 -1.503790 2.799374
7820 3.9100 -1.503410 2.815542
7830 3.9150 -1.503053 2.830704
7840 3.9200 -1.502792 2.841802
7850 3.9250 -1.502649 2.847897
7860 3.9300 -1.502602 2.849880
7870 3.9350 -1.502660 2.847436
7880 3.9400 -1.502375 2.859525
7890 3.9450 -1.501945 2.877758
7900 3.9500 -1.501399 2.900905
7910 3.9550 -1.501045 3.022082
7920 3.9600 -1.500567 3.042295
7930 3.9650 -1.499958 3.067920
7940 3.9700 -1.499206 3.099491
7950 3.9750 -1.498142 3.144002
7960 3.9800 -1.496994 3.191696
7970 3.9850 -1.495905 3.236633
7980 3.9900 -1.494961 3.275327
7990 3.9950 -1.494206 3.306143
8000 4.0000 -1.493765 3.324026
8010 4.0050 -1.493571 3.426260
8020 4.0100 -1.493655 3.422839
8030 4.0150 -1.494289 3.397132
8040 4.0200 -1.495035 3.366665
8050 4.0250 -1.496060 3.324527
8060 4.0300 -1.497335 3.271690
8070 4.0350 -1.498697 3.214726
8080 4.0400 -1.500253 3.149073
8090 4.0450 -1.501929 3.077786
8100 4.0500 -1.503783 2.998258
8110 4.0550 -1.505607 3.022740
8120 4.0600 -1.507722 2.930612
8130 4.0650 -1.509897 2.835296
8140 4.0700 -1.512130 2.736945
8150 4.0750 -1.514340 2.639481
8160 4.0800 -1.516565 2.541297
8170 4.0850 -1.518840 2.441221
8180 4.0900 -1.521170 2.339174
8190 4.0950 -1.523604 2.233379
8200 4.1000 -1.525985 2.130925
8210 4.1050 -1.528412 2.159377
8220 4.1100 -1.530727 2.062079
8230 4.1150 -1.532624 1.983325
8240 4.1200 -1.534350 1.912581
8250 4.1250 -1.535904 1.849660
8260 4.1300 -1.537155 1.799625
8270 4.1350 -1.538022 1.765258
8280 4.1400 -1.538442 1.748693
8290 4.1450 -1.538602 1.742412
8300 4.1500 -1.538337 1.752819
8310 4.1550 -1.537922 1.915623
8320 4.1600 -1.537264 1.941661
8330 4.1650 -1.536524 1.971109
8340 4.1700 -1.535591 2.008488
8350 4.1750 -1.534530 2.051234
8360 4.1800 -1.533285 2.101819
8370 4.1850 -1.531859 2.160164
8380 4.1900 -1.530343 2.222704
8390 4.1950 -1.528945 2.280746
8400 4.2000 -1.527722 2.331782
8410 4.2050 -1.526499 2.507548
8420 4.2100 -1.525803 2.536775
8430 4.2150 -1.525264 2.559416
8440 4.2200 -1.524703 2.583026
8450 4.2250 -1.524240 2.602488
8460 4.2300 -1.523914 2.616200
8470 4.2350 -1.523894 2.617069
8480 4.2400 -1.524086 2.608989
8490 4.2450 -1.524423 2.594800
8500 4.2500 -1.524924 2.573723
8510 4.2550 -1.525521 2.664988
8520 4.2600 -1.526261 2.633908
8530 4.2650 -1.527150 2.596552
8540 4.2700 -1.528074 2.557761
8550 4.2750 -1.529057 2.516561
8560 4.2800 -1.529919 2.480496
8570 4.2850 -1.530687 2.448399
8580 4.2900 -1.531338 2.421261
8590 4.2950 -1.531923 2.396902
8600 4.3000 -1.532406 2.376829
8610 4.3050 -1.532826 2.482368
8620 4.3100 -1.533175 2.467856
8630 4.3150 -1.533671 2.447322
8640 4.3200 -1.534229 2.424204
8650 4.3250 -1.534695 2.404971
8660 4.3300 -1.534945 2.394618
8670 4.3350 -1.535147 2.386301
8680 4.3400 -1.535415 2.375235
8690 4.3450 -1.535508 2.371412
8700 4.3500 -1.535604 2.367437
8710 4.3550 -1.535860 2.480204
8720 4.3600 -1.536170 2.467450
8730 4.3650 -1.536434 2.456595
8740 4.3700 -1.536607 2.449479
8750 4.3750 -1.536529 2.452664
8760 4.3800 -1.536337 2.460580
8770 4.3850 -1.536010 2.474053
8780 4.3900 -1.535525 2.494018
8790 4.3950 -1.534915 2.519150
8800 4.4000 -1.534331 2.543272
8810 4.4050 -1.533706 2.686474
8820 4.4100 -1.533076 2.712491
8830 4.4150 -1.532452 2.738254
8840 4.4200 -1.531804 2.764989
8850 4.4250 -1.531288 2.786282
8860 4.4300 -1.530832 2.805095
8870 4.4350 -1.530677 2.811483
8880 4.4400 -1.530709 2.810190
8890 4.4450 -1.530708 2.810233
8900 4.4500 -1.530879 2.803146
8910 4.4550 -1.531274 2.896047
8920 4.4600 -1.531946 2.868261
8930 4.4650 -1.532815 2.832335
8940 4.4700 -1.533757 2.793315
8950 4.4750 -1.534964 2.743328
8960 4.4800 -1.536489 2.680090
8970 4.4850 -1.538230 2.607897
8980 4.4900 -1.540252 2.524225
8990 4.4950 -1.542710 2.422870
9000 4.5000 -1.545414 2.312102
9010 4.5050 -1.548431 2.314715
9020 4.5100 -1.551659 2.184923
9030 4.5150 -1.555227 2.043680
9040 4.5200 -1.558702 1.908941
9050 4.5250 -1.561959 1.785577
9060 4.5300 -1.565057 1.671289
9070 4.5350 -1.568115 1.561714
9080 4.5400 -1.570921 1.464185
9090 4.5450 -1.573324 1.383099
9100 4.5500 -1.574972 1.328881
9110 4.5550 -1.576079 1.457896
9120 4.5600 -1.576669 1.438992
9130 4.5650 -1.576731 1.437007
9140 4.5700 -1.576281 1.451407
9150 4.5750 -1.575324 1.482283
9160 4.5800 -1.573950 1.527183
9170 4.5850 -1.572370 1.579613
9180 4.5900 -1.570526 1.641906
9190 4.5950 -1.568317 1.717970
9200 4.6000 -1.565738 1.808661
9210 4.6050 -1.563037 2.049613
9220 4.6100 -1.560423 2.144702
9230 4.6150 -1.557850 2.239507
9240 4.6200 -1.555430 2.329566
9250 4.6250 -1.553382 2.406369
9260 4.6300 -1.551506 2.477106
9270 4.6350 -1.549738 2.544053
9280 4.6400 -1.548150 2.604328
9290 4.6450 -1.546776 2.656571
9300 4.6500 -1.545478 2.706014
9310 4.6550 -1.544423 2.858339
9320 4.6600 -1.543691 2.886136
9330 4.6650 -1.543436 2.895856
9340 4.6700 -1.543513 2.892919
9350 4.6750 -1.544166 2.868094
9360 4.6800 -1.545262 2.826411
9370 4.6850 -1.546549 2.777376
9380 4.6900 -1.547976 2.722985
9390 4.6950 -1.549756 2.655131
9400 4.7000 -1.551877 2.574346
9410 4.7050 -1.554144 2.604485
9420 4.7100 -1.556513 2.514493
9430 4.7150 -1.558891 2.424470
9440 4.7200 -1.561097 2.341288
9450 4.7250 -1.563064 2.267581
9460 4.7300 -1.564795 2.203072
9470 4.7350 -1.566518 2.139311
9480 4.7400 -1.567971 2.085879
9490 4.7450 -1.569319 2.036680
9500 4.7500 -1.570117 2.007687
9510 4.7550 -1.570523 2.129326
9520 4.7600 -1.570560 2.128010
9530 4.7650 -1.570118 2.143996
9540 4.7700 -1.569241 2.175832
9550 4.7750 -1.568135 2.216143
9560 4.7800 -1.566785 2.265515
9570 4.7850 -1.565273 2.321067
9580 4.7900 -1.563703 2.378939
9590 4.7950 -1.562326 2.429874
9600 4.8000 -1.560891 2.483098
9610 4.8050 -1.559612 2.649953
9620 4.8100 -1.558459 2.692709
9630 4.8150 -1.557314 2.735158
9640 4.8200 -1.556378 2.769830
9650 4.8250 -1.555550 2.800441
9660 4.8300 -1.554819 2.827452
9670 4.8350 -1.554135 2.852675
9680 4.8400 -1.553535 2.874801
9690 4.8450 -1.553154 2.888822
9700 4.8500 -1.552807 2.901606
9710 4.8550 -1.552524 3.018188
9720 4.8600 -1.552429 3.021672
9730 4.8650 -1.552490 3.019431
9740 4.8700 -1.552623 3.014548
9750 4.8750 -1.552853 3.006105
9760 4.8800 -1.553168 2.994505
9770 4.8850 -1.553748 2.973149
9780 4.8900 -1.554482 2.946033
9790 4.8950 -1.555332 2.914551
9800 4.9000 -1.556306 2.878418
9810 4.9050 -1.557318 2.947627
9820 4.9100 -1.558394 2.907467
9830 4.9150 -1.559672 2.859547
9840 4.9200 -1.561137 2.804459
9850 4.9250 -1.562740 2.743992
9860 4.9300 -1.564429 2.680089
9870 4.9350 -1.565984 2.621159
9880 4.9400 -1.567639 2.558352
9890 4.9450 -1.569154 2.500845
9900 4.9500 -1.570515 2.449209
9910 4.9550 -1.571750 2.522881
9920 4.9600 -1.572840 2.481545
9930 4.9650 -1.573778 2.445968
9940 4.9700 -1.574429 2.421305
9950 4.9750 -1.574700 2.411033
9960 4.9800 -1.574458 2.420174
9970 4.9850 -1.573646 2.450981
9980 4.9900 -1.572307 2.501743
9990 4.9950 -1.570592 2.566791
10000 5.0000 -1.568605 2.642098
10010 5.0050 -1.566375 2.840481
10020 5.0100 -1.563917 2.932631
10030 5.0150 -1.561500 3.022390
10040 5.0200 -1.558963 3.115586
10050 5.0250 -1.556454 3.206516
10060 5.0300 -1.553917 3.297065
10070 5.0350 -1.551366 3.386607
10080 5.0400 -1.548993 3.468352
10090 5.0450 -1.546803 3.542421
10100 5.0500 -1.544725 3.611431
10110 5.0550 -1.542677 3.765141
10120 5.0600 -1.540861 3.823019
10130 5.0650 -1.539246 3.873465
10140 5.0700 -1.537769 3.918785
10150 5.0750 -1.536352 3.961496
10160 5.0800 -1.535422 3.989097
10170 5.0850 -1.534701 4.010282
10180 5.0900 -1.534379 4.019688
10190 5.0950 -1.534379 4.019669
10200 5.1000 -1.534910 4.004154
10210 5.1050 -1.535975 4.050724
10220 5.1100 -1.537269 4.011864
10230 5.1150 -1.538731 3.967166
10240 5.1200 -1.540296 3.918352
10250 5.1250 -1.542009 3.863805
10260 5.1300 -1.543887 3.802718
10270 5.1350 -1.545698 3.742592
10280 5.1400 -1.547552 3.679776
10290 5.1450 -1.549446 3.614348
10300 5.1500 -1.551238 3.551359
10310 5.1550 -1.552832 3.583002
10320 5.1600 -1.554089 3.537470
10330 5.1650 -1.555185 3.497356
10340 5.1700 -1.555870 3.472070
10350 5.1750 -1.556298 3.456230
10360 5.1800 -1.556627 3.443999
10370 5.1850 -1.556732 3.440067
10380 5.1900 -1.556754 3.439248
10390 5.1950 -1.556779 3.438317
10400 5.2000 -1.556685 3.441824
10410 5.2050 -1.556326 3.546469
10420 5.2100 -1.555801 3.565912
10430 5.2150 -1.555071 3.592808
10440 5.2200 -1.554311 3.620583
10450 5.2250 -1.553466 3.651199
10460 5.2300 -1.552647 3.680655
10470 5.2350 -1.551814 3.710322
10480 5.2400 -1.550970 3.740124
10490 5.2450 -1.550157 3.768573
10500 5.2500 -1.549565 3.789107
10510 5.2550 -1.549128 3.887041
10520 5.2600 -1.548714 3.901251
10530 5.2650 -1.548298 3.915420
10540 5.2700 -1.548024 3.924748
10550 5.2750 -1.548125 3.921325
10560 5.2800 -1.548496 3.908698
10570 5.2850 -1.548996 3.891583
10580 5.2900 -1.549557 3.872236
10590 5.2950 -1.550018 3.856256
10600 5.3000 -1.550638 3.834610
10610 5.3050 -1.551346 3.891520
10620 5.3100 -1.552121 3.863967
10630 5.3150 -1.552897 3.836116
10640 5.3200 -1.553678 3.807784
10650 5.3250 -1.554412 3.780970
10660 5.3300 -1.555383 3.745078
10670 5.3350 -1.556359 3.708655
10680 5.3400 -1.557105 3.680523
10690 5.3450 -1.558074 3.643665
10700 5.3500 -1.559044 3.606415
10710 5.3550 -1.559712 3.667723
10720 5.3600 -1.560273 3.645855
10730 5.3650 -1.560445 3.639137
10740 5.3700 -1.560407 3.640611
10750 5.3750 -1.560098 3.652697
10760 5.3800 -1.559467 3.677227
10770 5.3850 -1.558582 3.711399
10780 5.3900 -1.557493 3.752983
10790 5.3950 -1.556201 3.801635
10800 5.4000 -1.554644 3.859276
10810 5.4050 -1.552941 4.002265
10820 5.4100 -1.551324 4.059544
10830 5.4150 -1.549767 4.113356
10840 5.4200 -1.548056 4.171037
10850 5.4250 -1.546192 4.232044
10860 5.4300 -1.544255 4.293372
10870 5.4350 -1.542261 4.354309
10880 5.4400 -1.540017 4.420177
10890 5.4450 -1.537818 4.481891
10900 5.4500 -1.535715 4.538304
10910 5.4550 -1.533625 4.658987
10920 5.4600 -1.531748 4.704766
10930 5.4650 -1.530090 4.743449
10940 5.4700 -1.528424 4.780664
10950 5.4750 -1.526930 4.812661
10960 5.4800 -1.525566 4.840759
10970 5.4850 -1.524542 4.861124
10980 5.4900 -1.523598 4.879389
10990 5.4950 -1.522863 4.893254
11000 5.5000 -1.522152 4.906380
11010 5.5050 -1.521639 4.976306
11020 5.5100 -1.521637 4.976353
11030 5.5150 -1.521817 4.973105
11040 5.5200 -1.522164 4.966806
11050 5.5250 -1.522821 4.954670
11060 5.5300 -1.523552 4.940868
11070 5.5350 -1.524559 4.921349
11080 5.5400 -1.525635 4.899852
11090 5.5450 -1.526638 4.879163
11100 5.5500 -1.527691 4.856786
11110 5.5550 -1.528803 4.893904
11120 5.5600 -1.529845 4.870355
11130 5.5650 -1.530635 4.852047
11140 5.5700 -1.531194 4.838846
11150 5.5750 -1.531364 4.834784
11160 5.5800 -1.531281 4.836783
11170 5.5850 -1.530678 4.851034
11180 5.5900 -1.529717 4.873300
11190 5.5950 -1.528414 4.902512
11200 5.6000 -1.526855 4.936072
11210 5.6050 -1.524948 5.035139
11220 5.6100 -1.522905 5.074238
11230 5.6150 -1.520810 5.111610
11240 5.6200 -1.518660 5.147131
11250 5.6250 -1.516440 5.180910
11260 5.6300 -1.514222 5.211777
11270 5.6350 -1.512012 5.239765
11280 5.6400 -1.509712 5.266091
11290 5.6450 -1.507299 5.290752
11300 5.6500 -1.504652 5.314481
11310 5.6550 -1.501669 5.391305
11320 5.6600 -1.498792 5.409362
11330 5.6650 -1.496028 5.423389
11340 5.6700 -1.493277 5.434356
11350 5.6750 -1.490468 5.442716
11360 5.6800 -1.487764 5.448285
11370 5.6850 -1.485117 5.451595
11380 5.6900 -1.482551 5.452977
11390 5.6950 -1.480237 5.452835
11400 5.7000 -1.478172 5.451707
11410 5.7050 -1.476446 5.502138
11420 5.7100 -1.475040 5.500365
11430 5.7150 -1.473810 5.498509
11440 5.7200 -1.472569 5.496366
11450 5.7250 -1.471715 5.494745
11460 5.7300 -1.471337 5.493992
11470 5.7350 -1.471605 5.494529
11480 5.7400 -1.472103 5.495497
11490 5.7450 -1.472777 5.496744
11500 5.7500 -1.473723 5.498367
11510 5.7550 -1.474896 5.551532
11520 5.7600 -1.476190 5.553166
11530 5.7650 -1.477354 5.554322
11540 5.7700 -1.478269 5.555010
11550 5.7750 -1.479088 5.555457
11560 5.7800 -1.479762 5.555698
11570 5.7850 -1.480300 5.555808
11580 5.7900 -1.480607 5.555837
11590 5.7950 -1.480737 5.555841
11600 5.8000 -1.480522 5.555831
11610 5.8050 -1.479702 5.606240
11620 5.8100 -1.478400 5.605613
11630 5.8150 -1.476737 5.604168
11640 5.8200 -1.474592 5.601308
11650 5.8250 -1.471864 5.596198
11660 5.8300 -1.468708 5.588482
11670 5.8350 -1.465414 5.578683
11680 5.8400 -1.461979 5.566936
11690 5.8450 -1.458284 5.552982
11700 5.8500 -1.454395 5.537311
11710 5.8550 -1.450258 5.570726
11720 5.8600 -1.445879 5.551881
11730 5.8650 -1.441413 5.532819
11740 5.8700 -1.437067 5.514925
11750 5.8750 -1.432705 5.498037
11760 5.8800 -1.428629 5.483486
11770 5.8850 -1.424822 5.471106
11780 5.8900 -1.421437 5.461125
11790 5.8950 -1.418344 5.452829
11800 5.9000 -1.415774 5.446500
11810 5.9050 -1.413707 5.493837
11820 5.9100 -1.412238 5.490534
11830 5.9150 -1.411011 5.487835
11840 5.9200 -1.410602 5.486947
11850 5.9250 -1.410564 5.486863
11860 5.9300 -1.411123 5.488080
11870 5.9350 -1.412415 5.490929
11880 5.9400 -1.414419 5.495466
11890 5.9450 -1.416788 5.501062
11900 5.9500 -1.419443 5.507682
11910 5.9550 -1.422486 5.566937
11920 5.9600 -1.425708 5.575844
11930 5.9650 -1.428999 5.585418
11940 5.9700 -1.432465 5.595995
11950 5.9750 -1.435878 5.606846
11960 5.9800 -1.439154 5.617563
11970 5.9850 -1.442575 5.628937
11980 5.9900 -1.445752 5.639517
11990 5.9950 -1.448676 5.649120
12000 6.0000 -1.451386 5.657781
12010 6.0050 -1.453847 5.714421
12020 6.0100 -1.455941 5.720397
12030 6.0150 -1.457425 5.724369
12040 6.0200 -1.458381 5.726802
12050 6.0250 -1.458650 5.727468
12060 6.0300 -1.458180 5.726300
12070 6.0350 -1.456913 5.723025
12080 6.0400 -1.454816 5.717235
12090 6.0450 -1.452128 5.709234
12100 6.0500 -1.448899 5.698926
12110 6.0550 -1.445063 5.734423
12120 6.0600 -1.440937 5.719531
12130 6.0650 -1.436533 5.703109
12140 6.0700 -1.431831 5.685386
12150 6.0750 -1.427000 5.667318
12160 6.0800 -1.422073 5.649282
12170 6.0850 -1.417216 5.631957
12180 6.0900 -1.412431 5.615229
12190 6.0950 -1.407859 5.599302
12200 6.1000 -1.403595 5.584154
12210 6.1050 -1.399577 5.619234
12220 6.1100 -1.395793 5.603758
12230 6.1150 -1.392570 5.589282
12240 6.1200 -1.389807 5.575700
12250 6.1250 -1.387511 5.563443
12260 6.1300 -1.386126 5.555575
12270 6.1350 -1.385651 5.552785
12280 6.1400 -1.385897 5.554234
12290 6.1450 -1.386750 5.559164
12300 6.1500 -1.388334 5.567946
12310 6.1550 -1.390440 5.629266
12320 6.1600 -1.393088 5.641865
12330 6.1650 -1.396285 5.655616
12340 6.1700 -1.400077 5.670204
12350 6.1750 -1.404228 5.684512
12360 6.1800 -1.408404 5.697639
12370 6.1850 -1.412487 5.709647
12380 6.1900 -1.416329 5.720486
12390 6.1950 -1.419920 5.730390
12400 6.2000 -1.423174 5.739269
12410 6.2050 -1.426132 5.795252
12420 6.2100 -1.428674 5.801924
12430 6.2150 -1.430744 5.807246
12440 6.2200 -1.432427 5.811493
12450 6.2250 -1.433619 5.814455
12460 6.2300 -1.434417 5.816414
12470 6.2350 -1.434719 5.817150
12480 6.2400 -1.434559 5.816762
12490 6.2450 -1.433760 5.814802
12500 6.2500 -1.432280 5.811126
12510 6.2550 -1.430238 5.852997
12520 6.2600 -1.427673 5.846198
12530 6.2650 -1.424645 5.837819
12540 6.2700 -1.421217 5.827880
12550 6.2750 -1.417345 5.816045
12560 6.2800 -1.413043 5.802024
12570 6.2850 -1.408688 5.786680
12580 6.2900 -1.404113 5.768977
12590 6.2950 -1.399503 5.749023
12600 6.3000 -1.395107 5.727468
12610 6.3050 -1.390841 5.751646
12620 6.3100 -1.386606 5.724000
12630 6.3150 -1.382604 5.693818
12640 6.3200 -1.378960 5.662441
12650 6.3250 -1.375913 5.633033
12660 6.3300 -1.373340 5.605740
12670 6.3350 -1.371194 5.581162
12680 6.3400 -1.369648 5.562367
12690 6.3450 -1.368635 5.549537
12700 6.3500 -1.368233 5.544329
12710 6.3550 -1.368379 5.596961
12720 6.3600 -1.369246 5.608041
12730 6.3650 -1.370688 5.625780
12740 6.3700 -1.372595 5.647940
12750 6.3750 -1.375113 5.675046
12760 6.3800 -1.378232 5.705410
12770 6.3850 -1.381742 5.735662
12780 6.3900 -1.385543 5.764164
12790 6.3950 -1.389592 5.790214
12800 6.4000 -1.394009 5.814231
12810 6.4050 -1.398545 5.881700
12820 6.4100 -1.403063 5.898305
12830 6.4150 -1.407366 5.911258
12840 6.4200 -1.411369 5.921245
12850 6.4250 -1.414937 5.928760
12860 6.4300 -1.418084 5.934475
12870 6.4350 -1.420589 5.938495
12880 6.4400 -1.422451 5.941209
12890 6.4450 -1.423427 5.942545
12900 6.4500 -1.423599 5.942774
12910 6.4550 -1.423092 5.987471
12920 6.4600 -1.422168 5.986172
12930 6.4650 -1.420845 5.984193
12940 6.4700 -1.418899 5.981013
12950 6.4750 -1.416526 5.976674
12960 6.4800 -1.413881 5.971190
12970 6.4850 -1.410450 5.962947
12980 6.4900 -1.406569 5.951868
12990 6.4950 -1.402272 5.937072
13000 6.5000 -1.397571 5.917284
13010 6.5050 -1.392691 5.937508
13020 6.5100 -1.387773 5.905646
13030 6.5150 -1.382912 5.867150
13040 6.5200 -1.378166 5.821963
13050 6.5250 -1.373423 5.768436
13060 6.5300 -1.368738 5.706554
13070 6.5350 -1.364239 5.637985
13080 6.5400 -1.359914 5.563097
13090 6.5450 -1.355944 5.486200
13100 6.5500 -1.352201 5.406266
13110 6.5550 -1.348978 5.384143
13120 6.5600 -1.346318 5.317998
13130 6.5650 -1.343892 5.254222
13140 6.5700 -1.341965 5.201190
13150 6.5750 -1.340589 5.162053
13160 6.5800 -1.339704 5.136299
13170 6.5850 -1.339531 5.131214
13180 6.5900 -1.339887 5.141652
13190 6.5950 -1.340548 5.160867
13200 6.6000 -1.341578 5.190282
13210 6.6050 -1.343235 5.292334
13220 6.6100 -1.345120 5.342786
13230 6.6150 -1.347108 5.393727
13240 6.6200 -1.349323 5.447774
13250 6.6250 -1.351864 5.506278
13260 6.6300 -1.354569 5.564488
13270 6.6350 -1.357409 5.621217
13280 6.6400 -1.359997 5.669042
13290 6.6450 -1.362610 5.713701
13300 6.6500 -1.365328 5.756406
13310 6.6550 -1.368122 5.844195
13320 6.6600 -1.370812 5.879027
13330 6.6650 -1.373161 5.906612
13340 6.6700 -1.375160 5.928100
13350 6.6750 -1.376905 5.945425
13360 6.6800 -1.378325 5.958573
13370 6.6850 -1.379097 5.965373
13380 6.6900 -1.379384 5.967846
13390 6.6950 -1.379213 5.966375
13400 6.7000 -1.378512 5.960243
13410 6.7050 -1.377446 5.995688
13420 6.7100 -1.375941 5.981118
13430 6.7150 -1.373977 5.960575
13440 6.7200 -1.371523 5.932372
13450 6.7250 -1.368706 5.896360
13460 6.7300 -1.365750 5.854224
13470 6.7350 -1.362675 5.805464
13480 6.7400 -1.359558 5.750702
13490 6.7450 -1.356266 5.686853
13500 6.7500 -1.352821 5.613262
13510 6.7550 -1.349317 5.580753
13520 6.7600 -1.345762 5.489486
13530 6.7650 -1.342376 5.395156
13540 6.7700 -1.339085 5.296649
13550 6.7750 -1.335934 5.196055
13560 6.7800 -1.333097 5.100350
13570 6.7850 -1.330536 5.009895
13580 6.7900 -1.328168 4.922919
13590 6.7950 -1.326231 4.849427
13600 6.8000 -1.324974 4.800669
13610 6.8050 -1.324041 4.826348
13620 6.8100 -1.323501 4.804860
13630 6.8150 -1.323439 4.802416
13640 6.8200 -1.323777 4.815893
13650 6.8250 -1.324268 4.835358
13660 6.8300 -1.324826 4.857301
13670 6.8350 -1.325658 4.889738
13680 6.8400 -1.326866 4.936149
13690 6.8450 -1.328320 4.990901
13700 6.8500 -1.330092 5.055953
13710 6.8550 -1.332111 5.185898
13720 6.8600 -1.334060 5.252775
13730 6.8650 -1.336083 5.319598
13740 6.8700 -1.338380 5.392262
13750 6.8750 -1.340705 5.462275
13760 6.8800 -1.343044 5.529076
13770 6.8850 -1.345437 5.593629
13780 6.8900 -1.347864 5.655232
13790 6.8950 -1.350005 5.706327
13800 6.9000 -1.351891 5.748836
13810 6.9050 -1.353378 5.828605
13820 6.9100 -1.354684 5.855362
13830 6.9150 -1.355582 5.873116
13840 6.9200 -1.356025 5.881665
13850 6.9250 -1.356079 5.882708
13860 6.9300 -1.355932 5.879888
13870 6.9350 -1.355545 5.872379
13880 6.9400 -1.354773 5.857132
13890 6.9450 -1.353704 5.835385
13900 6.9500 -1.352312 5.805912
13910 6.9550 -1.350714 5.817595
13920 6.9600 -1.348861 5.774255
13930 6.9650 -1.346951 5.727091
13940 6.9700 -1.344810 5.671133
13950 6.9750 -1.342529 5.607995
13960 6.9800 -1.340217 5.540294
13970 6.9850 -1.337889 5.468314
13980 6.9900 -1.335724 5.398035
13990 6.9950 -1.333502 5.322587
14000 7.0000 -1.331330 5.245628
14010 7.0050 -1.329392 5.229483
14020 7.0100 -1.327570 5.160168
14030 7.0150 -1.325816 5.091383
14040 7.0200 -1.324166 5.024960
14050 7.0250 -1.322518 4.956961
14060 7.0300 -1.320833 4.885728
14070 7.0350 -1.319265 4.818009
14080 7.0400 -1.317811 4.754034
14090 7.0450 -1.316414 4.691453
14100 7.0500 -1.315115 4.632420
14110 7.0550 -1.314051 4.648869
14120 7.0600 -1.313175 4.608107
14130 7.0650 -1.312564 4.579474
14140 7.0700 -1.312115 4.558300
14150 7.0750 -1.311835 4.545043
14160 7.0800 -1.311750 4.541002
14170 7.0850 -1.311743 4.540655
14180 7.0900 -1.311972 4.551522
14190 7.0950 -1.312404 4.571918
14200 7.1000 -1.313185 4.608560
14210 7.1050 -1.314311 4.726789
14220 7.1100 -1.315628 4.787127
14230 7.1150 -1.317317 4.863082
14240 7.1200 -1.319323 4.951189
14250 7.1250 -1.321406 5.040091
14260 7.1300 -1.323466 5.125335
14270 7.1350 -1.325454 5.204990
14280 7.1400 -1.327299 5.276536
14290 7.1450 -1.329029 5.341465
14300 7.1500 -1.330690 5.401842
14310 7.1550 -1.332141 5.505731
14320 7.1600 -1.333150 5.540346
14330 7.1650 -1.333947 5.567125
14340 7.1700 -1.334392 5.581909
14350 7.1750 -1.334547 5.587004
14360 7.1800 -1.334395 5.581981
14370 7.1850 -1.333831 5.563259
14380 7.1900 -1.333023 5.536043
14390 7.1950 -1.331811 5.494244
14400 7.2000 -1.330251 5.438878
14410 7.2050 -1.328364 5.421681
14420 7.2100 -1.326374 5.345639
14430 7.2150 -1.324035 5.252576
14440 7.2200 -1.321237 5.136225
14450 7.2250 -1.318165 5.002508
14460 7.2300 -1.314864 4.852268
14470 7.2350 -1.311477 4.691611
14480 7.2400 -1.308450 4.543036
14490 7.2450 -1.305723 4.405559
14500 7.2500 -1.303209 4.276137
14510 7.2550 -1.300651 4.214400
14520 7.2600 -1.298069 4.076903
14530 7.2650 -1.295644 3.946128
14540 7.2700 -1.293334 3.820385
14550 7.2750 -1.291020 3.693606
14560 7.2800 -1.289007 3.582807
14570 7.2850 -1.287222 3.484351
14580 7.2900 -1.285790 3.405358
14590 7.2950 -1.284793 3.350348
14600 7.3000 -1.284059 3.309893
14610 7.3050 -1.283688 3.384141
14620 7.3100 -1.283904 3.396067
14630 7.3150 -1.284575 3.433039
14640 7.3200 -1.285916 3.506956
14650 7.3250 -1.287687 3.604513
14660 7.3300 -1.290070 3.735413
14670 7.3350 -1.292868 3.888230
14680 7.3400 -1.296069 4.061202
14690 7.3450 -1.299752 4.256958
14700 7.3500 -1.303404 4.446490
14710 7.3550 -1.306977 4.695341
14720 7.3600 -1.310840 4.882501
14730 7.3650 -1.314727 5.062017
14740 7.3700 -1.318560 5.229572
14750 7.3750 -1.322058 5.373588
14760 7.3800 -1.325303 5.499156
14770 7.3850 -1.328509 5.615333
14780 7.3900 -1.331497 5.716380
14790 7.3950 -1.334199 5.801609
14800 7.4000 -1.336519 5.870105
14810 7.4050 -1.338495 5.971265
14820 7.4100 -1.340193 6.015820
14830 7.4150 -1.341495 6.048385
14840 7.4200 -1.342175 6.064843
14850 7.4250 -1.342172 6.064764
14860 7.4300 -1.341427 6.046730
14870 7.4350 -1.340376 6.020485
14880 7.4400 -1.338847 5.980699
14890 7.4450 -1.336701 5.921596
14900 7.4500 -1.334165 5.846832
14910 7.4550 -1.331325 5.803367
14920 7.4600 -1.327939 5.687181
14930 7.4650 -1.323990 5.539837
14940 7.4700 -1.319558 5.359919
14950 7.4750 -1.314963 5.158129
14960 7.4800 -1.310080 4.928086
14970 7.4850 -1.305264 4.687405
14980 7.4900 -1.300578 4.442047
14990 7.4950 -1.296129 4.200955
15000 7.5000 -1.291996 3.971717
15010 7.5050 -1.288280 3.841181
15020 7.5100 -1.284964 3.652808
15030 7.5150 -1.281970 3.482174
15040 7.5200 -1.279272 3.328527
15050 7.5250 -1.277018 3.200613
15060 7.5300 -1.275471 3.113246
15070 7.5350 -1.274405 3.053246
15080 7.5400 -1.273915 3.025780
15090 7.5450 -1.274052 3.033425
15100 7.5500 -1.274890 3.080501
15110 7.5550 -1.276213 3.256095
15120 7.5600 -1.278073 3.361220
15130 7.5650 -1.280420 3.494298
15140 7.5700 -1.283213 3.652693
15150 7.5750 -1.286367 3.831045
15160 7.5800 -1.289945 4.031800
15170 7.5850 -1.293483 4.227632
15180 7.5900 -1.296829 4.409449
15190 7.5950 -1.300277 4.592444
15200 7.6000 -1.303842 4.776008
15210 7.6050 -1.307276 5.009282
15220 7.6100 -1.310526 5.163906
15230 7.6150 -1.313795 5.312389
15240 7.6200 -1.316818 5.442857
15250 7.6250 -1.319631 5.558094
15260 7.6300 -1.322118 5.654821
15270 7.6350 -1.324556 5.744784
15280 7.6400 -1.326509 5.813356
15290 7.6450 -1.327992 5.863260
15300 7.6500 -1.328808 5.889935
15310 7.6550 -1.329213 5.949001
15320 7.6600 -1.329219 5.949192
15330 7.6650 -1.328369 5.921697
15340 7.6700 -1.326811 5.869681
15350 7.6750 -1.324765 5.798209
15360 7.6800 -1.322545 5.716629
15370 7.6850 -1.320065 5.620687
15380 7.6900 -1.317258 5.506135
15390 7.6950 -1.314325 5.379912
15400 7.7000 -1.311477 5.251231
15410 7.7050 -1.308498 5.165574
15420 7.7100 -1.305486 5.017297
15430 7.7150 -1.302714 4.875838
15440 7.7200 -1.299989 4.732686
15450 7.7250 -1.297331 4.589408
15460 7.7300 -1.294946 4.458242
15470 7.7350 -1.292749 4.335477
15480 7.7400 -1.290966 4.234691
15490 7.7450 -1.289535 4.153110
15500 7.7500 -1.288511 4.094435
15510 7.7550 -1.287912 4.136085
15520 7.7600 -1.287697 4.123698
15530 7.7650 -1.287994 4.140811
15540 7.7700 -1.288711 4.182025
15550 7.7750 -1.289604 4.233101
15560 7.7800 -1.290780 4.300125
15570 7.7850 -1.292267 4.384182
15580 7.7900 -1.294290 4.497334
15590 7.7950 -1.296486 4.618352
15600 7.8000 -1.299241 4.767024
15610 7.8050 -1.302245 4.987689
15620 7.8100 -1.305614 5.157996
15630 7.8150 -1.309092 5.325869
15640 7.8200 -1.312571 5.484981
15650 7.8250 -1.316176 5.639965
15660 7.8300 -1.319691 5.780748
15670 7.8350 -1.323171 5.909691
15680 7.8400 -1.326671 6.028573
15690 7.8450 -1.330226 6.138048
15700 7.8500 -1.333557 6.230231
15710 7.8550 -1.336512 6.345440
15720 7.8600 -1.339066 6.402405
15730 7.8650 -1.341195 6.445394
15740 7.8700 -1.342718 6.473693
15750 7.8750 -1.343666 6.490272
15760 7.8800 -1.344164 6.498673
15770 7.8850 -1.344176 6.498877
15780 7.8900 -1.343670 6.490342
15790 7.8950 -1.342726 6.473836
15800 7.9000 -1.341171 6.444942
15810 7.9050 -1.339072 6.441930
15820 7.9100 -1.336475 6.383841
15830 7.9150 -1.333521 6.310139
15840 7.9200 -1.330389 6.223099
15850 7.9250 -1.326935 6.116474
15860 7.9300 -1.323021 5.982204
15870 7.9350 -1.318801 5.821870
15880 7.9400 -1.314341 5.635441
15890 7.9450 -1.309512 5.415140
15900 7.9500 -1.304698 5.178094
15910 7.9550 -1.299977 4.986653
15920 7.9600 -1.295566 4.743456
15930 7.9650 -1.291673 4.521010
15940 7.9700 -1.288033 4.307755
15950 7.9750 -1.284829 4.116934
15960 7.9800 -1.281997 3.946586
15970 7.9850 -1.279529 3.797369
15980 7.9900 -1.277344 3.664942
15990 7.9950 -1.275747 3.568217
16000 8.0000 -1.274649 3.501798
16010 8.0050 -1.274217 3.565487
16020 8.0100 -1.274554 3.585828
16030 8.0150 -1.275642 3.651639
16040 8.0200 -1.277576 3.768672
16050 8.0250 -1.280044 3.917779
16060 8.0300 -1.283111 4.102286
16070 8.0350 -1.286479 4.302824
16080 8.0400 -1.290239 4.523035
16090 8.0450 -1.294363 4.758494
16100 8.0500 -1.298903 5.008235
16110 8.0550 -1.303582 5.311648
16120 8.0600 -1.308452 5.549722
16130 8.0650 -1.313522 5.777558
16140 8.0700 -1.318732 5.988488
16150 8.0750 -1.323776 6.168957
16160 8.0800 -1.328562 6.317877
16170 8.0850 -1.333388 6.445793
16180 8.0900 -1.338030 6.547955
16190 8.0950 -1.342311 6.624474
16200 8.1000 -1.346294 6.680972
16210 8.1050 -1.350111 6.759290
16220 8.1100 -1.353440 6.785689
16230 8.1150 -1.356185 6.801033
16240 8.1200 -1.358565 6.809914
16250 8.1250 -1.360235 6.813818
16260 8.1300 -1.361094 6.815107
16270 8.1350 -1.361472 6.815523
16280 8.1400 -1.361538 6.815586
16290 8.1450 -1.360899 6.814856
16300 8.1500 -1.359683 6.812734
16310 8.1550 -1.357982 6.843670
16320 8.1600 -1.356028 6.835795
16330 8.1650 -1.353602 6.822070
16340 8.1700 -1.350788 6.800399
16350 8.1750 -1.347809 6.770388
16360 8.1800 -1.344504 6.728171
16370 8.1850 -1.340740 6.668135
16380 8.1900 -1.336839 6.591998
16390 8.1950 -1.332801 6.497831
16400 8.2000 -1.328685 6.385485
16410 8.2050 -1.324587 6.297104
16420 8.2100 -1.320599 6.156187
16430 8.2150 -1.316724 6.004629
16440 8.2200 -1.313093 5.849962
16450 8.2250 -1.310069 5.712268
16460 8.2300 -1.307369 5.582797
16470 8.2350 -1.305170 5.473115
16480 8.2400 -1.303567 5.390797
16490 8.2450 -1.302477 5.333808
16500 8.2500 -1.301810 5.298550
16510 8.2550 -1.301719 5.348039
16520 8.2600 -1.301900 5.357646
16530 8.2650 -1.302598 5.394540
16540 8.2700 -1.303561 5.444829
16550 8.2750 -1.305063 5.521905
16560 8.2800 -1.307030 5.620176
16570 8.2850 -1.309323 5.730786
16580 8.2900 -1.311989 5.853822
16590 8.2950 -1.315143 5.991200
16600 8.3000 -1.318792 6.138596
16610 8.3050 -1.322908 6.332207
16620 8.3100 -1.327257 6.472783
16630 8.3150 -1.331671 6.595677
16640 8.3200 -1.336254 6.702264
16650 8.3250 -1.340888 6.788663
16660 8.3300 -1.345466 6.853735
16670 8.3350 -1.350046 6.899674
16680 8.3400 -1.354674 6.928000
16690 8.3450 -1.359132 6.939535
16700 8.3500 -1.363398 6.937559
16710 8.3550 -1.367423 6.959598
16720 8.3600 -1.371047 6.940781
16730 8.3650 -1.374117 6.919835
16740 8.3700 -1.376915 6.897264
16750 8.3750 -1.379333 6.875423
16760 8.3800 -1.381394 6.855302
16770 8.3850 -1.382875 6.840091
16780 8.3900 -1.383848 6.829787
16790 8.3950 -1.384491 6.822856
16800 8.4000 -1.384791 6.819580
16810 8.4050 -1.384709 6.855994
16820 8.4100 -1.384445 6.858866
16830 8.4150 -1.383591 6.868036
16840 8.4200 -1.382264 6.881910
16850 8.4250 -1.380522 6.899358
16860 8.4300 -1.378485 6.918542
16870 8.4350 -1.376345 6.937126
16880 8.4400 -1.374214 6.953841
16890 8.4450 -1.372240 6.967563
16900 8.4500 -1.370303 6.979245
16910 8.4550 -1.368371 7.022930
16920 8.4600 -1.366482 7.030409
16930 8.4650 -1.364558 7.035829
16940 8.4700 -1.362916 7.038604
16950 8.4750 -1.361450 7.039569
16960 8.4800 -1.360372 7.039332
16970 8.4850 -1.359581 7.038633
16980 8.4900 -1.359135 7.038040
16990 8.4950 -1.358883 7.037639
17000 8.5000 -1.358847 7.037578
17010 8.5050 -1.358930 7.071132
17020 8.5100 -1.359185 7.071528
17030 8.5150 -1.359699 7.072176
17040 8.5200 -1.360407 7.072752
17050 8.5250 -1.361276 7.072962
17060 8.5300 -1.362546 7.072309
17070 8.5350 -1.364074 7.070063
17080 8.5400 -1.365795 7.065699
17090 8.5450 -1.367482 7.059627
17100 8.5500 -1.369426 7.050551
17110 8.5550 -1.371464 7.072059
17120 8.5600 -1.373693 7.056669
17130 8.5650 -1.376184 7.036642
17140 8.5700 -1.378677 7.013905
17150 8.5750 -1.381002 6.990537
17160 8.5800 -1.383133 6.967504
17170 8.5850 -1.384941 6.946887
17180 8.5900 -1.386440 6.929137
17190 8.5950 -1.387808 6.912453
17200 8.6000 -1.388960 6.898102
17210 8.6050 -1.389640 6.924243
17220 8.6100 -1.390072 6.918744
17230 8.6150 -1.390187 6.917264
17240 8.6200 -1.390214 6.916921
17250 8.6250 -1.389902 6.920907
17260 8.6300 -1.389434 6.926865
17270 8.6350 -1.388713 6.935952
17280 8.6400 -1.387739 6.948039
17290 8.6450 -1.386579 6.962164
17300 8.6500 -1.385014 6.980673
17310 8.6550 -1.383302 7.034071
17320 8.6600 -1.381523 7.053275
17330 8.6650 -1.379751 7.071276
17340 8.6700 -1.378094 7.087006
17350 8.6750 -1.376368 7.102154
17360 8.6800 -1.374741 7.115198
17370 8.6850 -1.373156 7.126662
17380 8.6900 -1.371737 7.135826
17390 8.6950 -1.370457 7.143154
17400 8.7000 -1.369351 7.148734
17410 8.7050 -1.368288 7.185799
17420 8.7100 -1.367411 7.189127
17430 8.7150 -1.366620 7.191705
17440 8.7200 -1.366173 7.192983
17450 8.7250 -1.366127 7.193107
17460 8.7300 -1.366089 7.193209
17470 8.7350 -1.366415 7.192307
17480 8.7400 -1.367042 7.190382
17490 8.7450 -1.368068 7.186680
17500 8.7500 -1.369429 7.180757
17510 8.7550 -1.370955 7.204874
17520 8.7600 -1.372689 7.194150
17530 8.7650 -1.374480 7.181333
17540 8.7700 -1.376407 7.165698
17550 8.7750 -1.378270 7.148876
17560 8.7800 -1.380134 7.130517
17570 8.7850 -1.381899 7.111816
17580 8.7900 -1.383543 7.093350
17590 8.7950 -1.385007 7.076131
17600 8.8000 -1.386462 7.058351
17610 8.8050 -1.387840 7.074156
17620 8.8100 -1.389557 7.051728
17630 8.8150 -1.391342 7.027657
17640 8.8200 -1.392956 7.005306
17650 8.8250 -1.394343 6.985703
17660 8.8300 -1.395591 6.967790
17670 8.8350 -1.396766 6.950728
17680 8.8400 -1.398049 6.931919
17690 8.8450 -1.399081 6.916644
17700 8.8500 -1.399774 6.906350
17710 8.8550 -1.400406 6.931583
17720 8.8600 -1.401190 6.919828
17730 8.8650 -1.401662 6.912742
17740 8.8700 -1.402134 6.905624
17750 8.8750 -1.402681 6.897378
17760 8.8800 -1.403196 6.889591
17770 8.8850 -1.403727 6.881551
17780 8.8900 -1.404099 6.875923
17790 8.8950 -1.404050 6.876657
17800 8.9000 -1.404006 6.877332
17810 8.9050 -1.403954 6.913067
17820 8.9100 -1.404096 6.910905
17830 8.9150 -1.404379 6.906617
17840 8.9200 -1.404487 6.904971
17850 8.9250 -1.404500 6.904774
17860 8.9300 -1.404459 6.905397
17870 8.9350 -1.404379 6.906621
17880 8.9400 -1.404418 6.906020
17890 8.9450 -1.404501 6.904758
17900 8.9500 -1.404603 6.903215
17910 8.9550 -1.404818 6.934649
17920 8.9600 -1.404909 6.933264
17930 8.9650 -1.405256 6.927988
17940 8.9700 -1.405866 6.918701
17950 8.9750 -1.406261 6.912672
17960 8.9800 -1.406657 6.906624
17970 8.9850 -1.407061 6.900455
17980 8.9900 -1.407457 6.894410
17990 8.9950 -1.407914 6.887426
18000 9.0000 -1.408220 6.882738
18010 9.0050 -1.408315 6.916177
18020 9.0100 -1.408265 6.916951
18030 9.0150 -1.408206 6.917847
18040 9.0200 -1.408027 6.920582
18050 9.0250 -1.407858 6.923179
18060 9.0300 -1.407669 6.926058
18070 9.0350 -1.407517 6.928386
18080 9.0400 -1.407379 6.930496
18090 9.0450 -1.407403 6.930128
18100 9.0500 -1.407725 6.925203
18110 9.0550 -1.408095 6.954036
18120 9.0600 -1.408191 6.952562
18130 9.0650 -1.408229 6.951977
18140 9.0700 -1.408385 6.949594
18150 9.0750 -1.408537 6.947261
18160 9.0800 -1.408740 6.944153
18170 9.0850 -1.408873 6.942117
18180 9.0900 -1.408974 6.940569
18190 9.0950 -1.409341 6.934939
18200 9.1000 -1.409790 6.928052
18210 9.1050 -1.410182 6.956488
18220 9.1100 -1.410879 6.945782
18230 9.1150 -1.411763 6.932180
18240 9.1200 -1.412689 6.917919
18250 9.1250 -1.413491 6.905579
18260 9.1300 -1.414023 6.897386
18270 9.1350 -1.414298 6.893148
18280 9.1400 -1.414798 6.885448
18290 9.1450 -1.415281 6.878027
18300 9.1500 -1.415733 6.871073
18310 9.1550 -1.416197 6.898947
18320 9.1600 -1.416687 6.891430
18330 9.1650 -1.417193 6.883663
18340 9.1700 -1.417645 6.876730
18350 9.1750 -1.418169 6.868706
18360 9.1800 -1.418692 6.860695
18370 9.1850 -1.419033 6.855472
18380 9.1900 -1.419210 6.852779
18390 9.1950 -1.419493 6.848449
18400 9.2000 -1.419796 6.843826
18410 9.2050 -1.420103 6.874415
18420 9.2100 -1.420418 6.869623
18430 9.2150 -1.420500 6.868365
18440 9.2200 -1.420618 6.866577
18450 9.2250 -1.420772 6.864231
18460 9.2300 -1.421208 6.857592
18470 9.2350 -1.421833 6.848087
18480 9.2400 -1.422262 6.841590
18490 9.2450 -1.422902 6.831889
18500 9.2500 -1.423626 6.820944
18510 9.2550 -1.424423 6.844419
18520 9.2600 -1.425307 6.831124
18530 9.2650 -1.426188 6.817907
18540 9.2700 -1.427149 6.803539
18550 9.2750 -1.428311 6.786236
18560 9.2800 -1.429598 6.767174
18570 9.2850 -1.430969 6.746984
18580 9.2900 -1.432483 6.724857
18590 9.2950 -1.433922 6.703986
18600 9.3000 -1.435268 6.684624
18610 9.3050 -1.436579 6.702778
18620 9.3100 -1.437773 6.685825
18630 9.3150 -1.439081 6.667384
18640 9.3200 -1.440419 6.648652
18650 9.3250 -1.441849 6.628792
18660 9.3300 -1.443371 6.607823
18670 9.3350 -1.444869 6.587360
18680 9.3400 -1.446285 6.568166
18690 9.3450 -1.447508 6.551721
18700 9.3500 -1.448650 6.536451
18710 9.3550 -1.449558 6.562817
18720 9.3600 -1.450374 6.552017
18730 9.3650 -1.450978 6.544038
18740 9.3700 -1.451563 6.536328
18750 9.3750 -1.452031 6.530173
18760 9.3800 -1.452322 6.526350
18770 9.3850 -1.452690 6.521522
18780 9.3900 -1.452942 6.518224
18790 9.3950 -1.453219 6.514599
18800 9.4000 -1.453612 6.509463
18810 9.4050 -1.453901 6.544419
18820 9.4100 -1.454336 6.538737
18830 9.4150 -1.454821 6.532422
18840 9.4200 -1.455146 6.528184
18850 9.4250 -1.455324 6.525863
18860 9.4300 -1.455320 6.525912
18870 9.4350 -1.455299 6.526188
18880 9.4400 -1.455359 6.525417
18890 9.4450 -1.455188 6.527642
18900 9.4500 -1.454786 6.532877
18910 9.4550 -1.454235 6.578538
18920 9.4600 -1.453660 6.586037
18930 9.4650 -1.453086 6.593519
18940 9.4700 -1.452705 6.598498
18950 9.4750 -1.452550 6.600525
18960 9.4800 -1.452652 6.599195
18970 9.4850 -1.452747 6.597952
18980 9.4900 -1.452856 6.596527
18990 9.4950 -1.453213 6.591861
19000 9.5000 -1.453823 6.583906
19010 9.5050 -1.454524 6.612701
19020 9.5100 -1.455040 6.605972
19030 9.5150 -1.455590 6.598790
19040 9.5200 -1.456175 6.591158
19050 9.5250 -1.456782 6.583228
19060 9.5300 -1.457274 6.576805
19070 9.5350 -1.457686 6.571418
19080 9.5400 -1.457931 6.568222
19090 9.5450 -1.458093 6.566098
19100 9.5500 -1.458194 6.564779
19110 9.5550 -1.458268 6.601945
19120 9.5600 -1.458278 6.601816
19130 9.5650 -1.458356 6.600801
19140 9.5700 -1.458369 6.600627
19150 9.5750 -1.458314 6.601354
19160 9.5800 -1.458270 6.601921
19170 9.5850 -1.458385 6.600422
19180 9.5900 -1.458500 6.598914
19190 9.5950 -1.458904 6.593624
19200 9.6000 -1.459376 6.587443
19210 9.6050 -1.459780 6.620030
19220 9.6100 -1.460247 6.613900
19230 9.6150 -1.460875 6.605630
19240 9.6200 -1.461285 6.600204
19250 9.6250 -1.461526 6.597019
19260 9.6300 -1.461635 6.595584
19270 9.6350 -1.461660 6.595254
19280 9.6400 -1.461906 6.591990
19290 9.6450 -1.462372 6.585815
19300 9.6500 -1.462997 6.577497
19310 9.6550 -1.463702 6.606086
19320 9.6600 -1.464410 6.596604
19330 9.6650 -1.465020 6.588386
19340 9.6700 -1.465589 6.580711
19350 9.6750 -1.466164 6.572908
19360 9.6800 -1.466579 6.567264
19370 9.6850 -1.466722 6.565303
19380 9.6900 -1.466796 6.564301
19390 9.6950 -1.466955 6.562126
19400 9.7000 -1.467132 6.559707
19410 9.7050 -1.467203 6.596930
19420 9.7100 -1.467162 6.597486
19430 9.7150 -1.467296 6.595656
19440 9.7200 -1.467294 6.595684
19450 9.7250 -1.467244 6.596371
19460 9.7300 -1.467574 6.591848
19470 9.7350 -1.467964 6.586483
19480 9.7400 -1.468392 6.580567
19490 9.7450 -1.468800 6.574926
19500 9.7500 -1.469206 6.569275
19510 9.7550 -1.469567 6.602338
19520 9.7600 -1.470050 6.595569
19530 9.7650 -1.470607 6.587721
19540 9.7700 -1.471155 6.579961
19550 9.7750 -1.471954 6.568570
19560 9.7800 -1.472701 6.557831
19570 9.7850 -1.473618 6.544538
19580 9.7900 -1.474816 6.526966
19590 9.7950 -1.476086 6.508073
19600 9.8000 -1.477626 6.484799
19610 9.8050 -1.479464 6.495428
19620 9.8100 -1.481408 6.464683
19630 9.8150 -1.483198 6.435636
19640 9.8200 -1.484849 6.408225
19650 9.8250 -1.486324 6.383195
19660 9.8300 -1.487720 6.359011
19670 9.8350 -1.489023 6.336008
19680 9.8400 -1.490184 6.315131
19690 9.8450 -1.490931 6.301521
19700 9.8500 -1.491312 6.294525
19710 9.8550 -1.491415 6.333740
19720 9.8600 -1.491335 6.335228
19730 9.8650 -1.491187 6.337947
19740 9.8700 -1.491360 6.334757
19750 9.8750 -1.491436 6.333364
19760 9.8800 -1.491438 6.333314
19770 9.8850 -1.491489 6.332378
19780 9.8900 -1.491519 6.331835
19790 9.8950 -1.491456 6.332990
19800 9.9000 -1.491406 6.333907
19810 9.9050 -1.491283 6.376857
19820 9.9100 -1.490910 6.383718
19830 9.9150 -1.490315 6.394549
19840 9.9200 -1.489645 6.406627
19850 9.9250 -1.488984 6.418423
19860 9.9300 -1.488193 6.432355
19870 9.9350 -1.487264 6.448500
19880 9.9400 -1.486453 6.462405
19890 9.9450 -1.485512 6.478299
19900 9.9500 -1.484484 6.495386
19910 9.9550 -1.483732 6.546586
19920 9.9600 -1.483080 6.557151
19930 9.9650 -1.482266 6.570158
19940 9.9700 -1.481494 6.582349
19950 9.9750 -1.480988 6.590251
19960 9.9800 -1.480508 6.597685
19970 9.9850 -1.480008 6.605362
19980 9.9900 -1.479385 6.614843
19990 9.9950 -1.478645 6.625973
20000 10.0000 -1.477810 6.638386
20010 10.0050 -1.477191 6.684824
20020 10.0100 -1.476848 6.689824
20030 10.0150 -1.477078 6.686473
20040 10.0200 -1.477700 6.677367
20050 10.0250 -1.478340 6.667884
20060 10.0300 -1.479555 6.649597
20070 10.0350 -1.481093 6.625895
20080 10.0400 -1.482792 6.598953
20090 10.0450 -1.484626 6.568947
20100 10.0500 -1.486582 6.535840
20110 10.0550 -1.488628 6.538378
20120 10.0600 -1.490815 6.498447
20130 10.0650 -1.493022 6.456477
20140 10.0700 -1.495323 6.410855
20150 10.0750 -1.497539 6.365064
20160 10.0800 -1.499510 6.322756
20170 10.0850 -1.501203 6.285203
20180 10.0900 -1.502813 6.248389
20190 10.0950 -1.504285 6.213817
20200 10.1000 -1.505331 6.188697
20210 10.1050 -1.506043 6.213688
20220 10.1100 -1.506449 6.203681
20230 10.1150 -1.506702 6.197410
20240 10.1200 -1.506936 6.191579
20250 10.1250 -1.507242 6.183924
20260 10.1300 -1.507463 6.178360
20270 10.1350 -1.507405 6.179836
20280 10.1400 -1.507249 6.183735
20290 10.1450 -1.507062 6.188425
20300 10.1500 -1.506830 6.194219
20310 10.1550 -1.506297 6.249728
20320 10.1600 -1.505535 6.268398
20330 10.1650 -1.504518 6.292883
20340 10.1700 -1.503243 6.322900
20350 10.1750 -1.501788 6.356296
20360 10.1800 -1.500246 6.390640
20370 10.1850 -1.498759 6.422807
20380 10.1900 -1.497358 6.452253
20390 10.1950 -1.496079 6.478430
20400 10.2000 -1.494901 6.501951
20410 10.2050 -1.493891 6.560462
20420 10.2100 -1.493076 6.576065
20430 10.2150 -1.492409 6.588631
20440 10.2200 -1.492081 6.594748
20450 10.2250 -1.491931 6.597517
20460 10.2300 -1.491990 6.596431
20470 10.2350 -1.492229 6.591980
20480 10.2400 -1.492399 6.588814
20490 10.2450 -1.492651 6.584090
20500 10.2500 -1.493020 6.577115
20510 10.2550 -1.493553 6.604962
20520 10.2600 -1.494232 6.591845
20530 10.2650 -1.495078 6.575226
20540 10.2700 -1.495765 6.561516
20550 10.2750 -1.496254 6.551612
20560 10.2800 -1.496454 6.547538
20570 10.2850 -1.496520 6.546188
20580 10.2900 -1.496471 6.547197
20590 10.2950 -1.496482 6.546967
20600 10.3000 -1.496556 6.545450
20610 10.3050 -1.496466 6.585640
20620 10.3100 -1.496322 6.588570
20630 10.3150 -1.496325 6.588507
20640 10.3200 -1.496264 6.589743
20650 10.3250 -1.496434 6.586285
20660 10.3300 -1.496753 6.579756
20670 10.3350 -1.497126 6.572059
20680 10.3400 -1.497707 6.559928
20690 10.3450 -1.498449 6.544222
20700 10.3500 -1.499211 6.527805
20710 10.3550 -1.500168 6.545360
20720 10.3600 -1.501228 6.521570
20730 10.3650 -1.502277 6.497487
20740 10.3700 -1.503250 6.474653
20750 10.3750 -1.504154 6.453012
20760 10.3800 -1.504904 6.434728
20770 10.3850 -1.505714 6.414672
20780 10.3900 -1.506718 6.389330
20790 10.3950 -1.508015 6.355806
20800 10.4000 -1.509321 6.321162
20810 10.4050 -1.510693 6.324572
20820 10.4100 -1.512034 6.287027
20830 10.4150 -1.513231 6.252645
20840 10.4200 -1.514330 6.220367
20850 10.4250 -1.515350 6.189818
20860 10.4300 -1.516226 6.163111
20870 10.4350 -1.517068 6.137011
20880 10.4400 -1.517759 6.115279
20890 10.4450 -1.518208 6.101018
20900 10.4500 -1.518557 6.089880
20910 10.4550 -1.518966 6.120258
20920 10.4600 -1.519389 6.106526
20930 10.4650 -1.519800 6.093098
20940 10.4700 -1.520219 6.079271
20950 10.4750 -1.520496 6.070090
20960 10.4800 -1.520813 6.059548
20970 10.4850 -1.520974 6.054138
20980 10.4900 -1.521015 6.052793
20990 10.4950 -1.521025 6.052433
21000 10.5000 -1.520940 6.055291
21010 10.5050 -1.520903 6.100500
21020 10.5100 -1.520886 6.101080
21030 10.5150 -1.520923 6.099844
21040 10.5200 -1.520951 6.098911
21050 10.5250 -1.520820 6.103274
21060 10.5300 -1.520752 6.105544
21070 10.5350 -1.520741 6.105904
21080 10.5400 -1.520704 6.107166
21090 10.5450 -1.520793 6.104172
21100 10.5500 -1.520897 6.100711
21110 10.5550 -1.520994 6.140868
21120 10.5600 -1.520889 6.144393
21130 10.5650 -1.520934 6.142896
21140 10.5700 -1.521060 6.138653
21150 10.5750 -1.521107 6.137082
21160 10.5800 -1.521222 6.133216
21170 10.5850 -1.521487 6.124275
21180 10.5900 -1.521813 6.113207
21190 10.5950 -1.522043 6.105373
21200 10.6000 -1.522135 6.102226
21210 10.6050 -1.522217 6.142816
21220 10.6100 -1.522212 6.142967
21230 10.6150 -1.522338 6.138660
21240 10.6200 -1.522400 6.136521
21250 10.6250 -1.522536 6.131845
21260 10.6300 -1.522688 6.126575
21270 10.6350 -1.522746 6.124570
21280 10.6400 -1.522968 6.116854
21290 10.6450 -1.523347 6.103648
21300 10.6500 -1.523972 6.081618
21310 10.6550 -1.524521 6.105722
21320 10.6600 -1.525024 6.087643
21330 10.6650 -1.525443 6.072436
21340 10.6700 -1.525889 6.056139
21350 10.6750 -1.526344 6.039397
21360 10.6800 -1.526721 6.025382
21370 10.6850 -1.527240 6.005972
21380 10.6900 -1.527807 5.984541
21390 10.6950 -1.528334 5.964454
21400 10.7000 -1.528808 5.946213
21410 10.7050 -1.529123 5.979354
21420 10.7100 -1.529335 5.971106
21430 10.7150 -1.529587 5.961281
21440 10.7200 -1.529722 5.955986
21450 10.7250 -1.529686 5.957403
21460 10.7300 -1.529397 5.968688
21470 10.7350 -1.528976 5.985049
21480 10.7400 -1.528386 6.007787
21490 10.7450 -1.527596 6.037875
21500 10.7500 -1.526458 6.080440
21510 10.7550 -1.524998 6.177438
21520 10.7600 -1.523540 6.229213
21530 10.7650 -1.522199 6.275499
21540 10.7700 -1.520960 6.317169
21550 10.7750 -1.519803 6.355106
21560 10.7800 -1.518905 6.383904
21570 10.7850 -1.518122 6.408580
21580 10.7900 -1.517463 6.429008
21590 10.7950 -1.517017 6.442659
21600 10.8000 -1.516614 6.454871
21610 10.8050 -1.516331 6.502703
21620 10.8100 -1.516454 6.499026
21630 10.8150 -1.516779 6.489211
21640 10.8200 -1.517236 6.475297
21650 10.8250 -1.517874 6.455618
21660 10.8300 -1.518737 6.428542
21670 10.8350 -1.520062 6.385922
21680 10.8400 -1.521737 6.330272
21690 10.8450 -1.523690 6.262890
21700 10.8500 -1.525623 6.193486
21710 10.8550 -1.527676 6.159160
21720 10.8600 -1.530034 6.067364
21730 10.8650 -1.532726 5.957708
21740 10.8700 -1.535318 5.847326
21750 10.8750 -1.537797 5.737483
21760 10.8800 -1.540265 5.624024
21770 10.8850 -1.542687 5.508904
21780 10.8900 -1.545175 5.386886
21790 10.8950 -1.547638 5.262511
21800 10.9000 -1.550032 5.138441
21810 10.9050 -1.552213 5.079587
21820 10.9100 -1.553953 4.985617
21830 10.9150 -1.555359 4.908598
21840 10.9200 -1.556370 4.852715
21850 10.9250 -1.557186 4.807242
21860 10.9300 -1.557814 4.772060
21870 10.9350 -1.558307 4.744390
21880 10.9400 -1.558387 4.739851
21890 10.9450 -1.558158 4.752777
21900 10.9500 -1.557578 4.785312
21910 10.9550 -1.556851 4.888655
21920 10.9600 -1.555891 4.941913
21930 10.9650 -1.554770 5.003595
21940 10.9700 -1.553632 5.065548
21950 10.9750 -1.552453 5.129087
21960 10.9800 -1.551019 5.205413
21970 10.9850 -1.549465 5.286789
21980 10.9900 -1.547842 5.370379
21990 10.9950 -1.546340 5.446290
22000 11.0000 -1.544873 5.519141
22010 11.0050 -1.543256 5.648875
22020 11.0100 -1.541515 5.731586
22030 11.0150 -1.539832 5.809591
22040 11.0200 -1.538589 5.865912
22050 11.0250 -1.537571 5.911176
22060 11.0300 -1.536380 5.963200
22070 11.0350 -1.535072 6.019126
22080 11.0400 -1.533832 6.071004
22090 11.0450 -1.532511 6.124967
22100 11.0500 -1.531319 6.172509
22110 11.0550 -1.530294 6.255113
22120 11.0600 -1.529243 6.295307
22130 11.0650 -1.528127 6.337035
22140 11.0700 -1.527192 6.371247
22150 11.0750 -1.526304 6.403085
22160 11.0800 -1.525852 6.419055
22170 11.0850 -1.525618 6.427267
22180 11.0900 -1.525578 6.428648
22190 11.0950 -1.525767 6.422039
22200 11.1000 -1.525926 6.416448
22210 11.1050 -1.526024 6.452741
22220 11.1100 -1.525908 6.456832
22230 11.1150 -1.525954 6.455221
22240 11.1200 -1.526127 6.449106
22250 11.1250 -1.526259 6.444436
22260 11.1300 -1.526572 6.433278
22270 11.1350 -1.527222 6.409870
22280 11.1400 -1.527944 6.383506
22290 11.1450 -1.528795 6.351864
22300 11.1500 -1.529703 6.317454
22310 11.1550 -1.530595 6.323879
22320 11.1600 -1.531316 6.295558
22330 11.1650 -1.531717 6.279655
22340 11.1700 -1.531800 6.276309
22350 11.1750 -1.531644 6.282533
22360 11.1800 -1.531396 6.292400
22370 11.1850 -1.531245 6.298375
22380 11.1900 -1.530956 6.309763
22390 11.1950 -1.530602 6.323624
22400 11.2000 -1.530006 6.346685
22410 11.2050 -1.529117 6.421106
22420 11.2100 -1.528091 6.459423
22430 11.2150 -1.527040 6.497731
22440 11.2200 -1.525872 6.539248
22450 11.2250 -1.524471 6.587517
22460 11.2300 -1.523011 6.636092
22470 11.2350 -1.521337 6.689604
22480 11.2400 -1.519539 6.744469
22490 11.2450 -1.517795 6.795172
22500 11.2500 -1.516203 6.839283
22510 11.2550 -1.514869 6.909968
22520 11.2600 -1.513551 6.943506
22530 11.2650 -1.512220 6.975968
22540 11.2700 -1.511072 7.002830
22550 11.2750 -1.510217 7.022168
22560 11.2800 -1.509531 7.037269
22570 11.2850 -1.508772 7.053541
22580 11.2900 -1.507976 7.070170
22590 11.2950 -1.507205 7.085802
22600 11.3000 -1.506278 7.104012
22610 11.3050 -1.505588 7.149949
22620 11.3100 -1.504978 7.161278
22630 11.3150 -1.504592 7.168298
22640 11.3200 -1.504648 7.167288
22650 11.3250 -1.504867 7.163304
22660 11.3300 -1.505269 7.155904
22670 11.3350 -1.505862 7.144768
22680 11.3400 -1.506432 7.133831
22690 11.3450 -1.507099 7.120715
22700 11.3500 -1.507452 7.113627
22710 11.3550 -1.507616 7.143017
22720 11.3600 -1.507599 7.143358
22730 11.3650 -1.507588 7.143594
22740 11.3700 -1.507591 7.143530
22750 11.3750 -1.507508 7.145212
22760 11.3800 -1.507435 7.146692
22770 11.3850 -1.507267 7.150062
22780 11.3900 -1.506869 7.157975
22790 11.3950 -1.506205 7.170915
22800 11.4000 -1.505192 7.190013
22810 11.4050 -1.503973 7.243973
22820 11.4100 -1.502695 7.265789
22830 11.4150 -1.501339 7.287624
22840 11.4200 -1.499504 7.315052
22850 11.4250 -1.497416 7.343447
22860 11.4300 -1.495222 7.370137
22870 11.4350 -1.492580 7.398223
22880 11.4400 -1.489566 7.425184
22890 11.4450 -1.486328 7.448565
22900 11.4500 -1.483264 7.465830
22910 11.4550 -1.480177 7.508513
22920 11.4600 -1.477001 7.517797
22930 11.4650 -1.474033 7.523142
22940 11.4700 -1.471234 7.525623
22950 11.4750 -1.468644 7.526017
22960 11.4800 -1.466248 7.524998
22970 11.4850 -1.464260 7.523300
22980 11.4900 -1.462643 7.521437
22990 11.4950 -1.461455 7.519832
23000 11.5000 -1.460582 7.518542
23010 11.5050 -1.459781 7.546490
23020 11.5100 -1.459240 7.545597
23030 11.5150 -1.459252 7.545618
23040 11.5200 -1.459650 7.546278
23050 11.5250 -1.460321 7.547349
23060 11.5300 -1.461178 7.548642
23070 11.5350 -1.462204 7.550061
23080 11.5400 -1.463625 7.551773
23090 11.5450 -1.465380 7.553421
23100 11.5500 -1.467246 7.554523
23110 11.5550 -1.469005 7.583762
23120 11.5600 -1.470909 7.583203
23130 11.5650 -1.472771 7.581645
23140 11.5700 -1.474461 7.579279
23150 11.5750 -1.475819 7.576669
23160 11.5800 -1.476943 7.573999
23170 11.5850 -1.478012 7.571010
23180 11.5900 -1.478862 7.568309
23190 11.5950 -1.479147 7.567334
23200 11.6000 -1.478907 7.568157
23210 11.6050 -1.478211 7.599212
23220 11.6100 -1.477200 7.602113
23230 11.6150 -1.476135 7.604731
23240 11.6200 -1.474955 7.607125
23250 11.6250 -1.473511 7.609368
23260 11.6300 -1.472168 7.610814
23270 11.6350 -1.470867 7.611665
23280 11.6400 -1.469414 7.612019
23290 11.6450 -1.467749 7.611711
23300 11.6500 -1.465895 7.610554
23310 11.6550 -1.464032 7.637075
23320 11.6600 -1.462103 7.634310
23330 11.6650 -1.460372 7.631268
23340 11.6700 -1.458543 7.627568
23350 11.6750 -1.456967 7.624043
23360 11.6800 -1.455698 7.621016
23370 11.6850 -1.454705 7.618553
23380 11.6900 -1.453818 7.616292
23390 11.6950 -1.452973 7.614093
23400 11.7000 -1.452140 7.611894
23410 11.7050 -1.451784 7.639403
23420 11.7100 -1.451769 7.639364
23430 11.7150 -1.452012 7.640011
23440 11.7200 -1.452456 7.641190
23450 11.7250 -1.453078 7.642824
23460 11.7300 -1.454015 7.645237
23470 11.7350 -1.455233 7.648276
23480 11.7400 -1.456683 7.651719
23490 11.7450 -1.458250 7.655181
23500 11.7500 -1.460050 7.658756
23510 11.7550 -1.461919 7.689998
23520 11.7600 -1.463795 7.692480
23530 11.7650 -1.465617 7.694140
23540 11.7700 -1.467496 7.694983
23550 11.7750 -1.469351 7.694851
23560 11.7800 -1.471000 7.693851
23570 11.7850 -1.472350 7.692364
23580 11.7900 -1.473360 7.690832
23590 11.7950 -1.473838 7.689978
23600 11.8000 -1.474037 7.689597
23610 11.8050 -1.473773 7.717946
23620 11.8100 -1.473345 7.718703
23630 11.8150 -1.472663 7.719765
23640 11.8200 -1.471501 7.721183
23650 11.8250 -1.469863 7.722383
23660 11.8300 -1.467870 7.722673
23670 11.8350 -1.465562 7.721552
23680 11.8400 -1.463061 7.718781
23690 11.8450 -1.460466 7.714439
23700 11.8500 -1.457659 7.708360
23710 11.8550 -1.454681 7.728331
23720 11.8600 -1.451693 7.719564
23730 11.8650 -1.448735 7.710236
23740 11.8700 -1.445589 7.699972
23750 11.8750 -1.442590 7.690179
23760 11.8800 -1.439745 7.681150
23770 11.8850 -1.436981 7.672830
23780 11.8900 -1.434479 7.665838
23790 11.8950 -1.432135 7.659853
23800 11.9000 -1.430112 7.655194
23810 11.9050 -1.428386 7.679722
23820 11.9100 -1.426977 7.677059
23830 11.9150 -1.425712 7.674882
23840 11.9200 -1.424581 7.673110
23850 11.9250 -1.423889 7.672110
23860 11.9300 -1.423530 7.671616
23870 11.9350 -1.423725 7.671882
23880 11.9400 -1.424205 7.672559
23890 11.9450 -1.424986 7.673726
23900 11.9500 -1.426201 7.675700
23910 11.9550 -1.427615 7.706178
23920 11.9600 -1.429137 7.709146
23930 11.9650 -1.430823 7.712724
23940 11.9700 -1.432587 7.716772
23950 11.9750 -1.434566 7.721642
23960 11.9800 -1.436563 7.726870
23970 11.9850 -1.438644 7.732584
23980 11.9900 -1.440632 7.738240
23990 11.9950 -1.442469 7.743576
24000 12.0000 -1.444101 7.748352
24010 12.0050 -1.445268 7.779154
24020 12.0100 -1.446236 7.781956
24030 12.0150 -1.446833 7.783665
24040 12.0200 -1.446966 7.784044
24050 12.0250 -1.446908 7.783880
24060 12.0300 -1.446620 7.783058
24070 12.0350 -1.445952 7.781135
24080 12.0400 -1.444854 7.777948
24090 12.0450 -1.443379 7.773628
24100 12.0500 -1.441794 7.768970
24110 12.0550 -1.440122 7.791302
24120 12.0600 -1.438297 7.785993
24130 12.0650 -1.436457 7.780742
24140 12.0700 -1.434536 7.775414
24150 12.0750 -1.432281 7.769435
24160 12.0800 -1.429662 7.762950
24170 12.0850 -1.426863 7.756668
24180 12.0900 -1.424033 7.751086
24190 12.0950 -1.421292 7.746475
24200 12.1000 -1.418703 7.742860
24210 12.1050 -1.416243 7.767496
24220 12.1100 -1.414090 7.765511
24230 12.1150 -1.412163 7.764080
24240 12.1200 -1.410591 7.763138
24250 12.1250 -1.409134 7.762428
24260 12.1300 -1.407848 7.761920
24270 12.1350 -1.406841 7.761590
24280 12.1400 -1.406136 7.761392
24290 12.1450 -1.405878 7.761325
24300 12.1500 -1.405866 7.761322
24310 12.1550 -1.406290 7.788726
24320 12.1600 -1.406994 7.788924
24330 12.1650 -1.408014 7.789249
24340 12.1700 -1.408897 7.789571
24350 12.1750 -1.409917 7.789995
24360 12.1800 -1.411123 7.790579
24370 12.1850 -1.412519 7.791375
24380 12.1900 -1.413895 7.792296
24390 12.1950 -1.415310 7.793396
24400 12.2000 -1.416423 7.794374
24410 12.2050 -1.417178 7.822137
24420 12.2100 -1.417793 7.822755
24430 12.2150 -1.418207 7.823186
24440 12.2200 -1.418276 7.823260
24450 12.2250 -1.418109 7.823083
24460 12.2300 -1.417460 7.822417
24470 12.2350 -1.416283 7.821289
24480 12.2400 -1.414734 7.819957
24490 12.2450 -1.413171 7.818780
24500 12.2500 -1.411470 7.817675
24510 12.2550 -1.409485 7.843439
24520 12.2600 -1.407413 7.842439
24530 12.2650 -1.405144 7.841461
24540 12.2700 -1.402863 7.840522
24550 12.2750 -1.400394 7.839449
24560 12.2800 -1.397864 7.838150
24570 12.2850 -1.395440 7.836568
24580 12.2900 -1.393024 7.834505
24590 12.2950 -1.390964 7.832238
24600 12.3000 -1.389430 7.830175
24610 12.3050 -1.388119 7.854884
24620 12.3100 -1.387123 7.853101
24630 12.3150 -1.386324 7.851529
24640 12.3200 -1.385501 7.849765
24650 12.3250 -1.384844 7.848251
24660 12.3300 -1.384677 7.847850
24670 12.3350 -1.384964 7.848534
24680 12.3400 -1.385670 7.850141
24690 12.3450 -1.386558 7.852003
24700 12.3500 -1.387565 7.853917
24710 12.3550 -1.388469 7.882057
24720 12.3600 -1.389509 7.883641
24730 12.3650 -1.390654 7.885161
24740 12.3700 -1.391954 7.886628
24750 12.3750 -1.393454 7.888016
24760 12.3800 -1.394970 7.889127
24770 12.3850 -1.396259 7.889873
24780 12.3900 -1.397648 7.890501
24790 12.3950 -1.399222 7.891031
24800 12.4000 -1.400976 7.891441
24810 12.4050 -1.402625 7.918004
24820 12.4100 -1.404018 7.918122
24830 12.4150 -1.405194 7.918178
24840 12.4200 -1.406015 7.918200
24850 12.4250 -1.406680 7.918212
24860 12.4300 -1.407157 7.918218
24870 12.4350 -1.407347 7.918220
24880 12.4400 -1.407204 7.918218
24890 12.4450 -1.406648 7.918211
24900 12.4500 -1.405569 7.918189
24910 12.4550 -1.404045 7.944235
24920 12.4600 -1.402226 7.944022
24930 12.4650 -1.400075 7.943533
24940 12.4700 -1.397874 7.942673
24950 12.4750 -1.395296 7.941060
24960 12.4800 -1.392282 7.938100
24970 12.4850 -1.389002 7.933197
24980 12.4900 -1.385962 7.926703
24990 12.4950 -1.383409 7.919513
25000 12.5000 -1.380914 7.910708
25010 12.5050 -1.378520 7.926545
25020 12.5100 -1.376451 7.915925
25030 12.5150 -1.374841 7.906489
25040 12.5200 -1.373382 7.896998
25050 12.5250 -1.372141 7.888176
25060 12.5300 -1.371181 7.880863
25070 12.5350 -1.370408 7.874657
25080 12.5400 -1.370027 7.871487
25090 12.5450 -1.369845 7.869950
25100 12.5500 -1.369754 7.869170
25110 12.5550 -1.369862 7.896576
25120 12.5600 -1.370253 7.899854
25130 12.5650 -1.371056 7.906350
25140 12.5700 -1.372418 7.916650
25150 12.5750 -1.374294 7.929415
25160 12.5800 -1.376312 7.941410
25170 12.5850 -1.378633 7.953148
25180 12.5900 -1.381284 7.964102
25190 12.5950 -1.384157 7.973329
25200 12.6000 -1.386942 7.979979
25210 12.6050 -1.389736 8.010330
25220 12.6100 -1.392379 8.013146
25230 12.6150 -1.394938 8.014621
25240 12.6200 -1.397378 8.015073
25250 12.6250 -1.399563 8.014830
25260 12.6300 -1.401481 8.014207
25270 12.6350 -1.403017 8.013483
25280 12.6400 -1.404352 8.012722
25290 12.6450 -1.405479 8.012000
25300 12.6500 -1.406239 8.011478
25310 12.6550 -1.406574 8.036691
25320 12.6600 -1.406357 8.036846
25330 12.6650 -1.405334 8.037543
25340 12.6700 -1.403900 8.038415
25350 12.6750 -1.401873 8.039394
25360 12.6800 -1.399355 8.040087
25370 12.6850 -1.396648 8.040011
25380 12.6900 -1.393786 8.038769
25390 12.6950 -1.390877 8.035999
25400 12.7000 -1.387922 8.031310
25410 12.7050 -1.384819 8.049237
25420 12.7100 -1.381818 8.039268
25430 12.7150 -1.378943 8.026740
25440 12.7200 -1.376096 8.011116
25450 12.7250 -1.373464 7.993525
25460 12.7300 -1.370985 7.973944
25470 12.7350 -1.368715 7.953242
25480 12.7400 -1.366811 7.933707
25490 12.7450 -1.365433 7.918262
25500 12.7500 -1.364419 7.906186
25510 12.7550 -1.363647 7.922777
25520 12.7600 -1.363136 7.916206
25530 12.7650 -1.362828 7.912167
25540 12.7700 -1.363149 7.916376
25550 12.7750 -1.363905 7.926038
25560 12.7800 -1.365045 7.939929
25570 12.7850 -1.366618 7.957792
25580 12.7900 -1.368451 7.976780
25590 12.7950 -1.370322 7.994203
25600 12.8000 -1.372294 8.010550
25610 12.8050 -1.374556 8.052318
25620 12.8100 -1.377267 8.068644
25630 12.8150 -1.379909 8.081444
25640 12.8200 -1.382549 8.091445
25650 12.8250 -1.385220 8.099009
25660 12.8300 -1.387826 8.104181
25670 12.8350 -1.390412 8.107412
25680 12.8400 -1.392894 8.108954
25690 12.8450 -1.395162 8.109204
25700 12.8500 -1.397197 8.108615
25710 12.8550 -1.398938 8.132333
25720 12.8600 -1.400346 8.131151
25730 12.8650 -1.401332 8.130162
25740 12.8700 -1.401811 8.129638
25750 12.8750 -1.402019 8.129402
25760 12.8800 -1.401932 8.129501
25770 12.8850 -1.401521 8.129959
25780 12.8900 -1.400763 8.130748
25790 12.8950 -1.399605 8.131808
25800 12.9000 -1.398117 8.132889
25810 12.9050 -1.396241 8.158329
25820 12.9100 -1.394382 8.158495
25830 12.9150 -1.392421 8.157866
25840 12.9200 -1.390051 8.155867
25850 12.9250 -1.387319 8.151659
25860 12.9300 -1.384300 8.144312
25870 12.9350 -1.381133 8.133156
25880 12.9400 -1.377657 8.116297
25890 12.9450 -1.373861 8.091663
25900 12.9500 -1.369870 8.057905
25910 12.9550 -1.365980 8.041426
25920 12.9600 -1.362269 7.992885
25930 12.9650 -1.358844 7.939845
25940 12.9700 -1.355515 7.880182
25950 12.9750 -1.352066 7.809525
25960 12.9800 -1.348675 7.730850
25970 12.9850 -1.345571 7.650543
25980 12.9900 -1.342739 7.570182
25990 12.9950 -1.340219 7.492830
26000 13.0000 -1.338123 7.424307
26010 13.0050 -1.336408 7.395321
26020 13.0100 -1.335067 7.347378
26030 13.0150 -1.334069 7.310645
26040 13.0200 -1.333407 7.285779
26050 13.0250 -1.333244 7.279630
26060 13.0300 -1.333638 7.294507
26070 13.0350 -1.334423 7.323786
26080 13.0400 -1.335243 7.353762
26090 13.0450 -1.336330 7.392566
26100 13.0500 -1.337718 7.440597
26110 13.0550 -1.339307 7.523302
26120 13.0600 -1.341191 7.583040
26130 13.0650 -1.343257 7.644900
26140 13.0700 -1.345516 7.708196
26150 13.0750 -1.347655 7.764066
26160 13.0800 -1.349574 7.810854
26170 13.0850 -1.351502 7.854759
26180 13.0900 -1.353476 7.896548
26190 13.0950 -1.355302 7.932421
26200 13.1000 -1.356967 7.962866
26210 13.1050 -1.358343 8.012221
26220 13.1100 -1.359585 8.032265
26230 13.1150 -1.360504 8.046348
26240 13.1200 -1.361322 8.058382
26250 13.1250 -1.362247 8.071390
26260 13.1300 -1.363127 8.083221
26270 13.1350 -1.363744 8.091196
26280 13.1400 -1.363922 8.093446
26290 13.1450 -1.363687 8.090469
26300 13.1500 -1.363153 8.083563
26310 13.1550 -1.362524 8.100112
26320 13.1600 -1.361680 8.088425
26330 13.1650 -1.360852 8.076438
26340 13.1700 -1.359998 8.063571
26350 13.1750 -1.358920 8.046525
26360 13.1800 -1.357425 8.021454
26370 13.1850 -1.355738 7.991063
26380 13.1900 -1.353990 7.957184
26390 13.1950 -1.352134 7.918511
26400 13.2000 -1.350233 7.875889
26410 13.2050 -1.348297 7.855764
26420 13.2100 -1.346436 7.807899
26430 13.2150 -1.344731 7.761317
26440 13.2200 -1.343113 7.714710
26450 13.2250 -1.341660 7.670829
26460 13.2300 -1.340356 7.629775
26470 13.2350 -1.339292 7.595124
26480 13.2400 -1.338476 7.567835
26490 13.2450 -1.338068 7.553976
26500 13.2500 -1.338052 7.553428
26510 13.2550 -1.338342 7.592233
26520 13.2600 -1.339022 7.615109
26530 13.2650 -1.339892 7.643697
26540 13.2700 -1.341026 7.679929
26550 13.2750 -1.342429 7.723094
26560 13.2800 -1.343749 7.762057
26570 13.2850 -1.345068 7.799384
26580 13.2900 -1.346688 7.843064
26590 13.2950 -1.348349 7.885363
26600 13.3000 -1.349984 7.924629
26610 13.3050 -1.351638 7.988040
26620 13.3100 -1.353287 8.022896
26630 13.3150 -1.354865 8.054067
26640 13.3200 -1.356488 8.083970
26650 13.3250 -1.358169 8.112660
26660 13.3300 -1.359747 8.137544
26670 13.3350 -1.360963 8.155412
26680 13.3400 -1.361714 8.165876
26690 13.3450 -1.362013 8.169929
26700 13.3500 -1.362008 8.169868
26710 13.3550 -1.361718 8.190281
26720 13.3600 -1.361183 8.182867
26730 13.3650 -1.360596 8.174474
26740 13.3700 -1.359880 8.163893
26750 13.3750 -1.358925 8.149130
26760 13.3800 -1.357710 8.129300
26770 13.3850 -1.356065 8.100564
26780 13.3900 -1.354108 8.063415
26790 13.3950 -1.351730 8.013879
26800 13.4000 -1.349067 7.952535
26810 13.4050 -1.346106 7.902602
26820 13.4100 -1.343009 7.814596
26830 13.4150 -1.339614 7.707602
26840 13.4200 -1.336287 7.592010
26850 13.4250 -1.333158 7.473523
26860 13.4300 -1.330149 7.350695
26870 13.4350 -1.327316 7.227147
26880 13.4400 -1.324656 7.104340
26890 13.4450 -1.322219 6.986070
26900 13.4500 -1.320259 6.887136
26910 13.4550 -1.318479 6.829193
26920 13.4600 -1.317022 6.751197
26930 13.4650 -1.316040 6.697636
26940 13.4700 -1.315225 6.652541
26950 13.4750 -1.314807 6.629238
26960 13.4800 -1.314443 6.608771
26970 13.4850 -1.314184 6.594184
26980 13.4900 -1.313960 6.581521
26990 13.4950 -1.314098 6.589313
27000 13.5000 -1.314294 6.600378
27010 13.5050 -1.314577 6.654068
27020 13.5100 -1.315110 6.683909
27030 13.5150 -1.316219 6.745176
27040 13.5200 -1.317491 6.814190
27050 13.5250 -1.318873 6.887589
27060 13.5300 -1.320538 6.973724
27070 13.5350 -1.322445 7.069351
27080 13.5400 -1.324305 7.159385
27090 13.5450 -1.326089 7.242670
27100 13.5500 -1.327749 7.317404
27110 13.5550 -1.329403 7.420109
27120 13.5600 -1.330859 7.481096
27130 13.5650 -1.332489 7.546898
27140 13.5700 -1.333971 7.604387
27150 13.5750 -1.335546 7.663084
27160 13.5800 -1.337019 7.715724
27170 13.5850 -1.338331 7.760775
27180 13.5900 -1.339512 7.799880
27190 13.5950 -1.340484 7.831029
27200 13.6000 -1.341456 7.861216
27210 13.6050 -1.342433 7.917150
27220 13.6100 -1.343177 7.938908
27230 13.6150 -1.343709 7.954144
27240 13.6200 -1.344144 7.966361
27250 13.6250 -1.344360 7.972384
27260 13.6300 -1.344343 7.971905
27270 13.6350 -1.344235 7.968904
27280 13.6400 -1.343749 7.955254
27290 13.6450 -1.343143 7.937942
27300 13.6500 -1.342517 7.919647
27310 13.6550 -1.341773 7.923524
27320 13.6600 -1.341144 7.904275
27330 13.6650 -1.340288 7.877434
27340 13.6700 -1.339556 7.853890
27350 13.6750 -1.338801 7.829054
27360 13.6800 -1.338108 7.805745
27370 13.6850 -1.337843 7.796706
27380 13.6900 -1.337819 7.795886
27390 13.6950 -1.337854 7.797075
27400 13.7000 -1.337726 7.792703
27410 13.7050 -1.337575 7.814534
27420 13.7100 -1.337262 7.803679
27430 13.7150 -1.336902 7.791070
27440 13.7200 -1.336610 7.780743
27450 13.7250 -1.336346 7.771298
27460 13.7300 -1.336017 7.759474
27470 13.7350 -1.335690 7.747590
27480 13.7400 -1.335516 7.741222
27490 13.7450 -1.335411 7.737366
27500 13.7500 -1.335272 7.732261
27510 13.7550 -1.335088 7.752979
27520 13.7600 -1.334732 7.739680
27530 13.7650 -1.334189 7.719194
27540 13.7700 -1.333743 7.702087
27550 13.7750 -1.333324 7.685856
27560 13.7800 -1.332868 7.668015
27570 13.7850 -1.332178 7.640556
27580 13.7900 -1.331595 7.616980
27590 13.7950 -1.330998 7.592441
27600 13.8000 -1.330386 7.566935
27610 13.8050 -1.329692 7.566373
27620 13.8100 -1.329103 7.541008
27630 13.8150 -1.328425 7.511374
27640 13.8200 -1.327754 7.481591
27650 13.8250 -1.327200 7.456646
27660 13.8300 -1.326676 7.432790
27670 13.8350 -1.325999 7.401491
27680 13.8400 -1.325226 7.365227
27690 13.8450 -1.324352 7.323482
27700 13.8500 -1.323426 7.278442
27710 13.8550 -1.322509 7.264204
27720 13.8600 -1.321516 7.214006
27730 13.8650 -1.320545 7.164010
27740 13.8700 -1.319637 7.116438
27750 13.8750 -1.318837 7.073827
27760 13.8800 -1.318128 7.035565
27770 13.8850 -1.317435 6.997724
27780 13.8900 -1.316935 6.970112
27790 13.8950 -1.316519 6.947020
27800 13.9000 -1.316068 6.921743
27810 13.9050 -1.315665 6.933537
27820 13.9100 -1.315268 6.911019
27830 13.9150 -1.314818 6.885309
27840 13.9200 -1.314615 6.873664
27850 13.9250 -1.314456 6.864493
27860 13.9300 -1.314329 6.857178
27870 13.9350 -1.314437 6.863419
27880 13.9400 -1.314643 6.875258
27890 13.9450 -1.314804 6.884501
27900 13.9500 -1.315030 6.897445
27910 13.9550 -1.315193 6.941470
27920 13.9600 -1.315257 6.945142
27930 13.9650 -1.315058 6.933767
27940 13.9700 -1.314913 6.925498
27950 13.9750 -1.314752 6.916261
27960 13.9800 -1.314727 6.914835
27970 13.9850 -1.314780 6.917861
27980 13.9900 -1.314900 6.924748
27990 13.9950 -1.315061 6.933979
28000 14.0000 -1.315256 6.945072
28010 14.0050 -1.315507 6.993637
28020 14.0100 -1.315914 7.016655
28030 14.0150 -1.316357 7.041500
28040 14.0200 -1.316929 7.073310
28050 14.0250 -1.317601 7.110290
28060 14.0300 -1.318305 7.148557
28070 14.0350 -1.319083 7.190252
28080 14.0400 -1.319954 7.236236
28090 14.0450 -1.321107 7.295979
28100 14.0500 -1.322142 7.348397
28110 14.0550 -1.323176 7.430337
28120 14.0600 -1.323904 7.465743
28130 14.0650 -1.324406 7.489832
28140 14.0700 -1.324751 7.506239
28150 14.0750 -1.325034 7.519603
28160 14.0800 -1.324945 7.515412
28170 14.0850 -1.324589 7.498537
28180 14.0900 -1.323926 7.466789
28190 14.0950 -1.323210 7.431989
28200 14.1000 -1.322355 7.389698
28210 14.1050 -1.321434 7.373570
28220 14.1100 -1.320574 7.329436
28230 14.1150 -1.319486 7.272475
28240 14.1200 -1.318431 7.216073
28250 14.1250 -1.317391 7.159413
28260 14.1300 -1.316609 7.116069
28270 14.1350 -1.315790 7.070057
28280 14.1400 -1.314949 7.022150
28290 14.1450 -1.313977 6.965868
28300 14.1500 -1.312930 6.904288
28310 14.1550 -1.312110 6.890072
28320 14.1600 -1.311152 6.832127
28330 14.1650 -1.310149 6.770580
28340 14.1700 -1.309166 6.709420
28350 14.1750 -1.308314 6.655725
28360 14.1800 -1.307467 6.601739
28370 14.1850 -1.306609 6.546532
28380 14.1900 -1.305689 6.486572
28390 14.1950 -1.304996 6.441046
28400 14.2000 -1.304344 6.397873
28410 14.2050 -1.303693 6.394398
28420 14.2100 -1.302879 6.339604
28430 14.2150 -1.302294 6.299975
28440 14.2200 -1.302015 6.281019
28450 14.2250 -1.301738 6.262064
28460 14.2300 -1.301526 6.247568
28470 14.2350 -1.301204 6.225525
28480 14.2400 -1.301013 6.212368
28490 14.2450 -1.301044 6.214466
28500 14.2500 -1.301202 6.225338
28510 14.2550 -1.301484 6.286675
28520 14.2600 -1.302091 6.328087
28530 14.2650 -1.302846 6.379316
28540 14.2700 -1.303698 6.436577
28550 14.2750 -1.304305 6.477108
28560 14.2800 -1.304929 6.518365
28570 14.2850 -1.305487 6.555093
28580 14.2900 -1.305978 6.587160
28590 14.2950 -1.306372 6.612751
28600 14.3000 -1.306636 6.629887
28610 14.3050 -1.306949 6.687507
28620 14.3100 -1.306984 6.689764
28630 14.3150 -1.306928 6.686165
28640 14.3200 -1.306653 6.668385
28650 14.3250 -1.306379 6.650647
28660 14.3300 -1.306003 6.626233
28670 14.3350 -1.305179 6.572314
28680 14.3400 -1.304027 6.495937
28690 14.3450 -1.302541 6.395993
28700 14.3500 -1.301125 6.299189
28710 14.3550 -1.299694 6.241041
28720 14.3600 -1.298372 6.148203
28730 14.3650 -1.297036 6.053177
28740 14.3700 -1.295743 5.960191
28750 14.3750 -1.294442 5.865756
28760 14.3800 -1.293054 5.764035
28770 14.3850 -1.291746 5.667356
28780 14.3900 -1.290671 5.587361
28790 14.3950 -1.289651 5.510992
28800 14.4000 -1.288801 5.447130
28810 14.4050 -1.288306 5.461929
28820 14.4100 -1.288197 5.453715
28830 14.4150 -1.288282 5.460156
28840 14.4200 -1.288476 5.474749
28850 14.4250 -1.288783 5.497913
28860 14.4300 -1.289143 5.524990
28870 14.4350 -1.289709 5.567462
28880 14.4400 -1.290717 5.642851
28890 14.4450 -1.291838 5.726219
28900 14.4500 -1.293293 5.833569
28910 14.4550 -1.294861 5.994811
28920 14.4600 -1.296606 6.120520
28930 14.4650 -1.298620 6.263363
28940 14.4700 -1.300662 6.405327
28950 14.4750 -1.302764 6.548235
28960 14.4800 -1.304858 6.687132
28970 14.4850 -1.306793 6.812204
28980 14.4900 -1.308696 6.931935
28990 14.4950 -1.310427 7.037908
29000 14.5000 -1.312009 7.132255
29010 14.5050 -1.313298 7.239748
29020 14.5100 -1.314255 7.294323
29030 14.5150 -1.314932 7.332300
29040 14.5200 -1.315462 7.361706
29050 14.5250 -1.315616 7.370185
29060 14.5300 -1.315516 7.364704
29070 14.5350 -1.315265 7.350837
29080 14.5400 -1.314547 7.310744
29090 14.5450 -1.313498 7.251250
29100 14.5500 -1.312331 7.183639
29110 14.5550 -1.311298 7.154776
29120 14.5600 -1.310465 7.104823
29130 14.5650 -1.309736 7.060488
29140 14.5700 -1.308938 7.011399
29150 14.5750 -1.308072 6.957443
29160 14.5800 -1.306913 6.884144
29170 14.5850 -1.305384 6.785497
29180 14.5900 -1.303573 6.665981
29190 14.5950 -1.301451 6.522509
29200 14.6000 -1.299197 6.366224
29210 14.6050 -1.296892 6.242907
29220 14.6100 -1.294706 6.084472
29230 14.6150 -1.292711 5.937389
29240 14.6200 -1.290990 5.808780
29250 14.6250 -1.289223 5.675345
29260 14.6300 -1.287527 5.545965
29270 14.6350 -1.285842 5.416477
29280 14.6400 -1.284290 5.296456
29290 14.6450 -1.282810 5.181437
29300 14.6500 -1.281442 5.074775
29310 14.6550 -1.280116 5.028965
29320 14.6600 -1.278962 4.938641
29330 14.6650 -1.277938 4.858331
29340 14.6700 -1.277067 4.790028
29350 14.6750 -1.276176 4.720152
29360 14.6800 -1.275503 4.667375
29370 14.6850 -1.274919 4.621618
29380 14.6900 -1.274582 4.595188
29390 14.6950 -1.274511 4.589649
29400 14.7000 -1.274548 4.592512
29410 14.7050 -1.274861 4.683223
29420 14.7100 -1.275282 4.716247
29430 14.7150 -1.275757 4.753493
29440 14.7200 -1.276193 4.787621
29450 14.7250 -1.276612 4.820485
29460 14.7300 -1.276945 4.846596
29470 14.7350 -1.277343 4.877800
29480 14.7400 -1.277715 4.906939
29490 14.7450 -1.278183 4.943575
29500 14.7500 -1.278552 4.972458
29510 14.7550 -1.278829 5.053705
29520 14.7600 -1.279072 5.072717
29530 14.7650 -1.279004 5.067331
29540 14.7700 -1.278921 5.060887
29550 14.7750 -1.278866 5.056607
29560 14.7800 -1.278934 5.061864
29570 14.7850 -1.279066 5.072225
29580 14.7900 -1.279194 5.082212
29590 14.7950 -1.279272 5.088339
29600 14.8000 -1.279278 5.088769
29610 14.8050 -1.279355 5.152404
29620 14.8100 -1.279544 5.167173
29630 14.8150 -1.279441 5.159195
29640 14.8200 -1.279292 5.147511
29650 14.8250 -1.279080 5.130955
29660 14.8300 -1.278677 5.099373
29670 14.8350 -1.277908 5.039193
29680 14.8400 -1.277131 4.978213
29690 14.8450 -1.276273 4.910927
29700 14.8500 -1.275613 4.859094
29710 14.8550 -1.274825 4.858648
29720 14.8600 -1.273921 4.787612
29730 14.8650 -1.272988 4.714272
29740 14.8700 -1.271910 4.629673
29750 14.8750 -1.270734 4.537438
29760 14.8800 -1.269661 4.453445
29770 14.8850 -1.268413 4.355971
29780 14.8900 -1.267072 4.251571
29790 14.8950 -1.265722 4.146863
29800 14.9000 -1.264688 4.067098
29810 14.9050 -1.263818 4.076831
29820 14.9100 -1.263098 4.021645
29830 14.9150 -1.262540 3.978984
29840 14.9200 -1.261832 3.925033
29850 14.9250 -1.261014 3.862929
29860 14.9300 -1.260258 3.805780
29870 14.9350 -1.259463 3.745945
29880 14.9400 -1.258612 3.682176
29890 14.9450 -1.257640 3.609818
29900 14.9500 -1.256572 3.530808
29910 14.9550 -1.255492 3.540581
29920 14.9600 -1.254583 3.474368
29930 14.9650 -1.253951 3.428545
29940 14.9700 -1.253140 3.370118
29950 14.9750 -1.252307 3.310457
29960 14.9800 -1.251487 3.252131
29970 14.9850 -1.250524 3.184234
29980 14.9900 -1.249404 3.105996
29990 14.9950 -1.248147 3.019131
30000 15.0000 -1.246883 2.932961
30010 15.0050 -1.245916 2.973075
30020 15.0100 -1.245044 2.914828
30030 15.0150 -1.244408 2.872684
30040 15.0200 -1.244128 2.854229
30050 15.0250 -1.244080 2.851070
30060 15.0300 -1.243990 2.845180
30070 15.0350 -1.243902 2.839412
30080 15.0400 -1.243937 2.841665
30090 15.0450 -1.244148 2.855553
30100 15.0500 -1.244464 2.876388
30110 15.0550 -1.244700 2.998911
30120 15.0600 -1.244624 2.993889
30130 15.0650 -1.244083 2.958234
30140 15.0700 -1.243448 2.916596
30150 15.0750 -1.243063 2.891465
30160 15.0800 -1.242760 2.871756
30170 15.0850 -1.242448 2.851568
30180 15.0900 -1.242233 2.837701
30190 15.0950 -1.241914 2.817136
30200 15.1000 -1.241664 2.801103
30210 15.1050 -1.241403 2.893677
30220 15.1100 -1.240910 2.862244
30230 15.1150 -1.240460 2.833697
30240 15.1200 -1.240062 2.808597
30250 15.1250 -1.239664 2.783596
30260 15.1300 -1.239448 2.770076
30270 15.1350 -1.239316 2.761829
30280 15.1400 -1.239067 2.746288
30290 15.1450 -1.238805 2.729980
30300 15.1500 -1.238577 2.715888
30310 15.1550 -1.238363 2.814503
30320 15.1600 -1.238357 2.814099
30330 15.1650 -1.238369 2.814842
30340 15.1700 -1.238456 2.820250
30350 15.1750 -1.238681 2.834184
30360 15.1800 -1.238882 2.846610
30370 15.1850 -1.239076 2.858724
30380 15.1900 -1.239362 2.876492
30390 15.1950 -1.239650 2.894523
30400 15.2000 -1.240228 2.930812
30410 15.2050 -1.241099 3.091270
30420 15.2100 -1.242057 3.152437
30430 15.2150 -1.242890 3.206041
30440 15.2200 -1.243737 3.260934
30450 15.2250 -1.244578 3.315916
30460 15.2300 -1.245461 3.373965
30470 15.2350 -1.246312 3.430403
30480 15.2400 -1.247275 3.494614
30490 15.2450 -1.248305 3.563893
30500 15.2500 -1.249484 3.643779
30510 15.2550 -1.250509 3.799996
30520 15.2600 -1.251556 3.871905
30530 15.2650 -1.252441 3.933003
30540 15.2700 -1.253211 3.986347
30550 15.2750 -1.253938 4.036937
30560 15.2800 -1.254493 4.075678
30570 15.2850 -1.254964 4.108647
30580 15.2900 -1.255325 4.133978
30590 15.2950 -1.255430 4.141298
30600 15.3000 -1.255397 4.139006
30610 15.3050 -1.255362 4.211706
30620 15.3100 -1.255161 4.197628
30630 15.3150 -1.254624 4.159984
30640 15.3200 -1.253983 4.115242
30650 15.3250 -1.253501 4.081590
30660 15.3300 -1.253017 4.047921
30670 15.3350 -1.252483 4.010925
30680 15.3400 -1.252013 3.978397
30690 15.3450 -1.251475 3.941251
30700 15.3500 -1.251007 3.909006
30710 15.3550 -1.250534 3.956600
30720 15.3600 -1.250109 3.927465
30730 15.3650 -1.249679 3.898095
30740 15.3700 -1.249187 3.864494
30750 15.3750 -1.248564 3.822138
30760 15.3800 -1.248118 3.791872
30770 15.3850 -1.247704 3.763874
30780 15.3900 -1.247163 3.727379
30790 15.3950 -1.246403 3.676258
30800 15.4000 -1.245283 3.601495
30810 15.4050 -1.243787 3.589708
30820 15.4100 -1.242359 3.495978
30830 15.4150 -1.240790 3.394125
30840 15.4200 -1.239234 3.294296
30850 15.4250 -1.237678 3.195667
30860 15.4300 -1.236156 3.100475
30870 15.4350 -1.234792 3.016294
30880 15.4400 -1.233742 2.952134
30890 15.4450 -1.232976 2.905794
30900 15.4500 -1.232334 2.867217
30910 15.4550 -1.231853 2.945694
30920 15.4600 -1.231552 2.927755
30930 15.4650 -1.231537 2.926860
30940 15.4700 -1.231576 2.929179
30950 15.4750 -1.231647 2.933403
30960 15.4800 -1.231996 2.954203
30970 15.4850 -1.232764 3.000220
30980 15.4900 -1.233654 3.053997
30990 15.4950 -1.234860 3.127552
31000 15.5000 -1.236395 3.222219
31010 15.5050 -1.237938 3.415689
31020 15.5100 -1.239373 3.506258
31030 15.5150 -1.240786 3.596283
31040 15.5200 -1.242073 3.679014
31050 15.5250 -1.243237 3.754357
31060 15.5300 -1.244309 3.824215
31070 15.5350 -1.245396 3.895504
31080 15.5400 -1.246732 3.983584
31090 15.5450 -1.247961 4.065077
31100 15.5500 -1.249023 4.135841
31110 15.5550 -1.249950 4.273127
31120 15.5600 -1.251105 4.350660
31130 15.5650 -1.252126 4.419402
31140 15.5700 -1.252963 4.475955
31150 15.5750 -1.253574 4.517227
31160 15.5800 -1.253994 4.545660
31170 15.5850 -1.254325 4.568112
31180 15.5900 -1.254691 4.592964
31190 15.5950 -1.254825 4.602041
31200 15.6000 -1.254838 4.602898
31210 15.6050 -1.254920 4.674464
31220 15.6100 -1.255027 4.681769
31230 15.6150 -1.255107 4.687177
31240 15.6200 -1.255110 4.687401
31250 15.6250 -1.255010 4.680568
31260 15.6300 -1.254832 4.668527
31270 15.6350 -1.254599 4.652711
31280 15.6400 -1.254510 4.646678
31290 15.6450 -1.254449 4.642542
31300 15.6500 -1.254168 4.623452
31310 15.6550 -1.253829 4.666102
31320 15.6600 -1.253503 4.644022
31330 15.6650 -1.253248 4.626743
31340 15.6700 -1.253014 4.610910
31350 15.6750 -1.252760 4.593741
31360 15.6800 -1.252622 4.584395
31370 15.6850 -1.252764 4.594004
31380 15.6900 -1.253150 4.620156
31390 15.6950 -1.253685 4.656373
31400 15.7000 -1.254435 4.707230
31410 15.7050 -1.255544 4.846530
31420 15.7100 -1.256656 4.921983
31430 15.7150 -1.257577 4.984510
31440 15.7200 -1.258645 5.057012
31450 15.7250 -1.260028 5.150813
31460 15.7300 -1.261633 5.259492
31470 15.7350 -1.263340 5.374885
31480 15.7400 -1.265148 5.496641
31490 15.7450 -1.267040 5.623449
31500 15.7500 -1.268991 5.753508
31510 15.7550 -1.271061 5.938212
31520 15.7600 -1.273065 6.069466
31530 15.7650 -1.275088 6.200508
31540 15.7700 -1.276819 6.311435
31550 15.7750 -1.278294 6.404899
31560 15.7800 -1.279728 6.494778
31570 15.7850 -1.281167 6.584011
31580 15.7900 -1.282168 6.645465
31590 15.7950 -1.282974 6.694593
31600 15.8000 -1.283742 6.740994
31610 15.8050 -1.284215 6.805724
31620 15.8100 -1.284443 6.819430
31630 15.8150 -1.284395 6.816554
31640 15.8200 -1.284169 6.803022
31650 15.8250 -1.283674 6.773203
31660 15.8300 -1.282694 6.713847
31670 15.8350 -1.281387 6.633833
31680 15.8400 -1.280059 6.551616
31690 15.8450 -1.278442 6.450281
31700 15.8500 -1.276712 6.340559
31710 15.8550 -1.274871 6.262879
31720 15.8600 -1.272953 6.138113
31730 15.8650 -1.271082 6.015130
31740 15.8700 -1.269283 5.895732
31750 15.8750 -1.267406 5.770056
31760 15.8800 -1.265574 5.646600
31770 15.8850 -1.263768 5.524090
31780 15.8900 -1.262158 5.414416
31790 15.8950 -1.260836 5.324095
31800 15.9000 -1.259563 5.236838
31810 15.9050 -1.258383 5.211152
31820 15.9100 -1.257230 5.131916
31830 15.9150 -1.256047 5.050522
31840 15.9200 -1.255093 4.984786
31850 15.9250 -1.254196 4.923007
31860 15.9300 -1.253206 4.854841
31870 15.9350 -1.252173 4.783723
31880 15.9400 -1.251504 4.737699
31890 15.9450 -1.251015 4.704036
31900 15.9500 -1.251072 4.707983
31910 15.9550 -1.251547 4.804779
31920 15.9600 -1.252533 4.872611
31930 15.9650 -1.253868 4.964467
31940 15.9700 -1.255301 5.062999
31950 15.9750 -1.256895 5.172520
31960 15.9800 -1.258709 5.296896
31970 15.9850 -1.260721 5.434364
31980 15.9900 -1.262900 5.582514
31990 15.9950 -1.265127 5.732857
32000 16.0000 -1.267414 5.885970
32010 16.0050 -1.269717 6.084618
32020 16.0100 -1.271866 6.225157
32030 16.0150 -1.274001 6.362900
32040 16.0200 -1.276006 6.490394
32050 16.0250 -1.277965 6.612963
32060 16.0300 -1.279973 6.736555
32070 16.0350 -1.281779 6.845765
32080 16.0400 -1.283275 6.934702
32090 16.0450 -1.284753 7.021238
32100 16.0500 -1.285826 7.083129
32110 16.0550 -1.286827 7.173183
32120 16.0600 -1.287685 7.221534
32130 16.0650 -1.288568 7.270756
32140 16.0700 -1.289311 7.311702
32150 16.0750 -1.289878 7.342703
32160 16.0800 -1.289985 7.348536
32170 16.0850 -1.289779 7.337292
32180 16.0900 -1.289279 7.309963
32190 16.0950 -1.288489 7.266344
32200 16.1000 -1.287474 7.209710
32210 16.1050 -1.286292 7.174597
32220 16.1100 -1.284982 7.099284
32230 16.1150 -1.283373 7.005184
32240 16.1200 -1.281647 6.902327
32250 16.1250 -1.279866 6.794285
32260 16.1300 -1.278186 6.690579
32270 16.1350 -1.276504 6.585239
32280 16.1400 -1.274508 6.458250
32290 16.1450 -1.272438 6.324540
32300 16.1500 -1.270336 6.186770
32310 16.1550 -1.268416 6.101665
32320 16.1600 -1.266677 5.985065
32330 16.1650 -1.265011 5.872287
32340 16.1700 -1.263613 5.777054
32350 16.1750 -1.262454 5.697706
32360 16.1800 -1.261363 5.622645
32370 16.1850 -1.260394 5.555751
32380 16.1900 -1.259529 5.495922
32390 16.1950 -1.258701 5.438503
32400 16.2000 -1.257929 5.384826
32410 16.2050 -1.257182 5.385832
32420 16.2100 -1.256453 5.334988
32430 16.2150 -1.255967 5.301111
32440 16.2200 -1.255582 5.274192
32450 16.2250 -1.255441 5.264288
32460 16.2300 -1.255572 5.273498
32470 16.2350 -1.256052 5.307047
32480 16.2400 -1.256617 5.346433
32490 16.2450 -1.257227 5.388955
32500 16.2500 -1.258050 5.446245
32510 16.2550 -1.259304 5.585448
32520 16.2600 -1.260690 5.681271
32530 16.2650 -1.262187 5.784169
32540 16.2700 -1.263659 5.884711
32550 16.2750 -1.265014 5.976668
32560 16.2800 -1.266630 6.085505
32570 16.2850 -1.268206 6.190670
32580 16.2900 -1.269606 6.283249
32590 16.2950 -1.271007 6.374980
32600 16.3000 -1.272499 6.471650
32610 16.3050 -1.273775 6.592591
32620 16.3100 -1.274742 6.654013
32630 16.3150 -1.275455 6.698943
32640 16.3200 -1.276151 6.742528
32650 16.3250 -1.276789 6.782215
32660 16.3300 -1.277164 6.805484
32670 16.3350 -1.277285 6.812914
32680 16.3400 -1.277121 6.802782
32690 16.3450 -1.276757 6.780257
32700 16.3500 -1.276256 6.749094
32710 16.3550 -1.275691 6.750008
32720 16.3600 -1.274913 6.701037
32730 16.3650 -1.273925 6.638385
32740 16.3700 -1.272976 6.577613
32750 16.3750 -1.272264 6.531762
32760 16.3800 -1.271297 6.469069
32770 16.3850 -1.270270 6.401876
32780 16.3900 -1.269301 6.338104
32790 16.3950 -1.268197 6.264808
32800 16.4000 -1.267057 6.188641
32810 16.4050 -1.266129 6.168529
32820 16.4100 -1.265366 6.116947
32830 16.4150 -1.264823 6.080050
32840 16.4200 -1.264433 6.053488
32850 16.4250 -1.264196 6.037298
32860 16.4300 -1.264011 6.024700
32870 16.4350 -1.263838 6.012870
32880 16.4400 -1.264133 6.033015
32890 16.4450 -1.264494 6.057664
32900 16.4500 -1.265036 6.094488
32910 16.4550 -1.265847 6.192944
32920 16.4600 -1.266931 6.266001
32930 16.4650 -1.268159 6.348089
32940 16.4700 -1.269434 6.432516
32950 16.4750 -1.270834 6.524308
32960 16.4800 -1.272224 6.614403
32970 16.4850 -1.273686 6.707930
32980 16.4900 -1.274913 6.785521
32990 16.4950 -1.276000 6.853478
33000 16.5000 -1.276746 6.899711
33010 16.5050 -1.277474 6.979154
33020 16.5100 -1.278159 7.020923
33030 16.5150 -1.278759 7.057229
33040 16.5200 -1.279065 7.075674
33050 16.5250 -1.279112 7.078506
33060 16.5300 -1.279009 7.072310
33070 16.5350 -1.278916 7.066692
33080 16.5400 -1.278818 7.060785
33090 16.5450 -1.278602 7.047763
33100 16.5500 -1.278348 7.032399
33110 16.5550 -1.278058 7.048263
33120 16.5600 -1.277731 7.028305
33130 16.5650 -1.277286 7.001074
33140 16.5700 -1.276596 6.958617
33150 16.5750 -1.275788 6.908402
33160 16.5800 -1.275029 6.860892
33170 16.5850 -1.274400 6.821284
33180 16.5900 -1.273721 6.778164
33190 16.5950 -1.272955 6.729240
33200 16.6000 -1.272051 6.670970
33210 16.6050 -1.271141 6.648913
33220 16.6100 -1.270244 6.590226
33230 16.6150 -1.269412 6.535335
33240 16.6200 -1.268664 6.485653
33250 16.6250 -1.267898 6.434471
33260 16.6300 -1.267267 6.392110
33270 16.6350 -1.266844 6.363610
33280 16.6400 -1.266604 6.347397
33290 16.6450 -1.266503 6.340557
33300 16.6500 -1.266343 6.329745
33310 16.6550 -1.266140 6.356700
33320 16.6600 -1.265807 6.334049
33330 16.6650 -1.265542 6.316013
33340 16.6700 -1.265528 6.315099
33350 16.6750 -1.265919 6.341653
33360 16.6800 -1.266590 6.387165
33370 16.6850 -1.267411 6.442548
33380 16.6900 -1.268209 6.496034
33390 16.6950 -1.269004 6.548961
33400 16.7000 -1.269826 6.603281
33410 16.7050 -1.270705 6.698734
33420 16.7100 -1.271650 6.760267
33430 16.7150 -1.272566 6.819354
33440 16.7200 -1.273612 6.886124
33450 16.7250 -1.274688 6.954160
33460 16.7300 -1.275857 7.027092
33470 16.7350 -1.276990 7.096921
33480 16.7400 -1.278105 7.164663
33490 16.7450 -1.279002 7.218532
33500 16.7500 -1.279905 7.272140
33510 16.7550 -1.280790 7.355402
33520 16.7600 -1.281372 7.389179
33530 16.7650 -1.281730 7.409892
33540 16.7700 -1.281931 7.421408
33550 16.7750 -1.282046 7.428025
33560 16.7800 -1.282077 7.429785
33570 16.7850 -1.282084 7.430193
33580 16.7900 -1.281949 7.422447
33590 16.7950 -1.281650 7.405286
33600 16.8000 -1.281246 7.381923
33610 16.8050 -1.280495 7.368475
33620 16.8100 -1.279615 7.316615
33630 16.8150 -1.278676 7.260642
33640 16.8200 -1.277754 7.204998
33650 16.8250 -1.277050 7.162057
33660 16.8300 -1.276360 7.119618
33670 16.8350 -1.275745 7.081504
33680 16.8400 -1.275028 7.036707
33690 16.8450 -1.274419 6.998400
33700 16.8500 -1.273796 6.958903
33710 16.8550 -1.273423 6.969293
33720 16.8600 -1.273386 6.966955
33730 16.8650 -1.273360 6.965260
33740 16.8700 -1.273321 6.962778
33750 16.8750 -1.273464 6.971922
33760 16.8800 -1.273700 6.986957
33770 16.8850 -1.274007 7.006439
33780 16.8900 -1.274269 7.023035
33790 16.8950 -1.274706 7.050640
33800 16.9000 -1.275365 7.091922
33810 16.9050 -1.276194 7.176380
33820 16.9100 -1.277267 7.242267
33830 16.9150 -1.278501 7.316955
33840 16.9200 -1.279799 7.394222
33850 16.9250 -1.281302 7.481961
33860 16.9300 -1.283031 7.580515
33870 16.9350 -1.284983 7.688648
33880 16.9400 -1.286963 7.794861
33890 16.9450 -1.288937 7.897214
33900 16.9500 -1.290811 7.990949
33910 16.9550 -1.292429 8.094775
33920 16.9600 -1.293829 8.160389
33930 16.9650 -1.295177 8.221758
33940 16.9700 -1.296623 8.285529
33950 16.9750 -1.297824 8.336889
33960 16.9800 -1.298897 8.381568
33970 16.9850 -1.299789 8.417780
33980 16.9900 -1.300499 8.446041
33990 16.9950 -1.301069 8.468356
34000 17.0000 -1.301494 8.484764
34010 17.0050 -1.301735 8.516304
34020 17.0100 -1.301846 8.520533
34030 17.0150 -1.301913 8.523087
34040 17.0200 -1.301540 8.508842
34050 17.0250 -1.301023 8.488875
34060 17.0300 -1.300403 8.464541
34070 17.0350 -1.299768 8.439214
34080 17.0400 -1.299313 8.420826
34090 17.0450 -1.299046 8.409935
34100 17.0500 -1.298839 8.401459
34110 17.0550 -1.298742 8.420280
34120 17.0600 -1.298628 8.415550
34130 17.0650 -1.298542 8.411996
34140 17.0700 -1.298448 8.408101
34150 17.0750 -1.298339 8.403540
34160 17.0800 -1.298182 8.396985
34170 17.0850 -1.298085 8.392957
34180 17.0900 -1.297907 8.385460
34190 17.0950 -1.297596 8.372327
34200 17.1000 -1.297294 8.359447
34210 17.1050 -1.296960 8.368180
34220 17.1100 -1.296771 8.360028
34230 17.1150 -1.296662 8.355297
34240 17.1200 -1.296698 8.356880
34250 17.1250 -1.296958 8.368129
34260 17.1300 -1.297351 8.384990
34270 17.1350 -1.297602 8.395667
34280 17.1400 -1.297705 8.400030
34290 17.1450 -1.297931 8.409564
34300 17.1500 -1.298078 8.415720
34310 17.1550 -1.297918 8.431723
34320 17.1600 -1.297763 8.425220
34330 17.1650 -1.297704 8.422727
34340 17.1700 -1.297890 8.430565
34350 17.1750 -1.298409 8.452290
34360 17.1800 -1.298950 8.474618
34370 17.1850 -1.299568 8.499793
34380 17.1900 -1.300229 8.526217
34390 17.1950 -1.300798 8.548612
34400 17.2000 -1.301417 8.572609
34410 17.2050 -1.302022 8.617387
34420 17.2100 -1.302739 8.644179
34430 17.2150 -1.303406 8.668591
34440 17.2200 -1.304030 8.691012
34450 17.2250 -1.304627 8.712094
34460 17.2300 -1.305342 8.736782
34470 17.2350 -1.305854 8.754144
34480 17.2400 -1.306190 8.765400
34490 17.2450 -1.306654 8.780701
34500 17.2500 -1.307115 8.795679
34510 17.2550 -1.307589 8.831313
34520 17.2600 -1.308262 8.852429
34530 17.2650 -1.309067 8.877070
34540 17.2700 -1.309608 8.893219
34550 17.2750 -1.309996 8.904600
34560 17.2800 -1.310424 8.916990
34570 17.2850 -1.311002 8.933377
34580 17.2900 -1.311683 8.952256
34590 17.2950 -1.312317 8.969367
34600 17.3000 -1.312969 8.986525
34610 17.3050 -1.313514 9.019899
34620 17.3100 -1.313869 9.028853
34630 17.3150 -1.314191 9.036846
34640 17.3200 -1.314453 9.043270
34650 17.3250 -1.314910 9.054305
34660 17.3300 -1.315347 9.064650
34670 17.3350 -1.315642 9.071499
34680 17.3400 -1.316066 9.081212
34690 17.3450 -1.316424 9.089259
34700 17.3500 -1.316591 9.092963
34710 17.3550 -1.316674 9.113604
34720 17.3600 -1.316852 9.117519
34730 17.3650 -1.317077 9.122404
34740 17.3700 -1.317176 9.124531
34750 17.3750 -1.317135 9.123648
34760 17.3800 -1.316625 9.112543
34770 17.3850 -1.315753 9.092872
34780 17.3900 -1.314713 9.068375
34790 17.3950 -1.313744 9.044495
34800 17.4000 -1.312888 9.022558
34810 17.4050 -1.312034 9.019080
34820 17.4100 -1.311070 8.992531
34830 17.4150 -1.310065 8.963771
34840 17.4200 -1.309231 8.939055
34850 17.4250 -1.308380 8.913038
34860 17.4300 -1.307575 8.887713
34870 17.4350 -1.306892 8.865667
34880 17.4400 -1.306252 8.844525
34890 17.4450 -1.305672 8.824967
34900 17.4500 -1.305206 8.808998
34910 17.4550 -1.304874 8.817841
34920 17.4600 -1.304894 8.818513
34930 17.4650 -1.304995 8.822049
34940 17.4700 -1.305194 8.828950
34950 17.4750 -1.305282 8.831980
34960 17.4800 -1.305354 8.834455
34970 17.4850 -1.305620 8.843575
34980 17.4900 -1.305850 8.851371
34990 17.4950 -1.306164 8.861951
35000 17.5000 -1.306392 8.869550
35010 17.5050 -1.306611 8.896799
35020 17.5100 -1.306856 8.904841
35030 17.5150 -1.306967 8.908467
35040 17.5200 -1.307075 8.911988
35050 17.5250 -1.307164 8.914882
35060 17.5300 -1.307111 8.913138
35070 17.5350 -1.307159 8.914719
35080 17.5400 -1.307139 8.914065
35090 17.5450 -1.306956 8.908110
35100 17.5500 -1.306668 8.898696
35110 17.5550 -1.306353 8.908136
35120 17.5600 -1.305938 8.894222
35130 17.5650 -1.305127 8.866476
35140 17.5700 -1.304072 8.829322
35150 17.5750 -1.302849 8.784611
35160 17.5800 -1.301654 8.739337
35170 17.5850 -1.300309 8.686452
35180 17.5900 -1.299013 8.633548
35190 17.5950 -1.297800 8.582359
35200 17.6000 -1.296439 8.522964
35210 17.6050 -1.295110 8.485024
35220 17.6100 -1.293830 8.425418
35230 17.6150 -1.292676 8.370127
35240 17.6200 -1.291704 8.322447
35250 17.6250 -1.290897 8.282136
35260 17.6300 -1.290306 8.252110
35270 17.6350 -1.289647 8.218235
35280 17.6400 -1.288904 8.179526
35290 17.6450 -1.287986 8.130855
35300 17.6500 -1.286865 8.070244
35310 17.6550 -1.285938 8.044194
35320 17.6600 -1.285129 7.998935
35330 17.6650 -1.284239 7.948329
35340 17.6700 -1.283298 7.894047
35350 17.6750 -1.282290 7.834898
35360 17.6800 -1.281017 7.758761
35370 17.6850 -1.279800 7.684622
35380 17.6900 -1.278792 7.622215
35390 17.6950 -1.277819 7.561066
35400 17.7000 -1.276943 7.505298
35410 17.7050 -1.276091 7.479787
35420 17.7100 -1.275526 7.443078
35430 17.7150 -1.275247 7.424818
35440 17.7200 -1.275373 7.433081
35450 17.7250 -1.275575 7.446254
35460 17.7300 -1.275708 7.454922
35470 17.7350 -1.276086 7.479462
35480 17.7400 -1.276453 7.503184
35490 17.7450 -1.276867 7.529764
35500 17.7500 -1.277400 7.563801
35510 17.7550 -1.277899 7.624257
35520 17.7600 -1.278552 7.665337
35530 17.7650 -1.279086 7.698649
35540 17.7700 -1.279636 7.732651
35550 17.7750 -1.280218 7.768333
35560 17.7800 -1.280687 7.796848
35570 17.7850 -1.281021 7.817040
35580 17.7900 -1.281016 7.816726
35590 17.7950 -1.280735 7.799741
35600 17.8000 -1.280237 7.769486
35610 17.8050 -1.279470 7.749628
35620 17.8100 -1.278434 7.685146
35630 17.8150 -1.277320 7.614770
35640 17.8200 -1.276071 7.534474
35650 17.8250 -1.274656 7.441880
35660 17.8300 -1.273135 7.340473
35670 17.8350 -1.271502 7.229571
35680 17.8400 -1.269770 7.109639
35690 17.8450 -1.268069 6.989760
35700 17.8500 -1.266504 6.877714
35710 17.8550 -1.265075 6.808942
35720 17.8600 -1.263737 6.710630
35730 17.8650 -1.262289 6.603151
35740 17.8700 -1.260729 6.486066
35750 17.8750 -1.259269 6.375391
35760 17.8800 -1.257987 6.277362
35770 17.8850 -1.256691 6.177632
35780 17.8900 -1.255416 6.078829
35790 17.8950 -1.254331 5.994319
35800 17.9000 -1.253317 5.915042
35810 17.9050 -1.252630 5.906899
35820 17.9100 -1.252206 5.873553
35830 17.9150 -1.252009 5.858087
35840 17.9200 -1.252192 5.872461
35850 17.9250 -1.252670 5.910009
35860 17.9300 -1.253357 5.963895
35870 17.9350 -1.254536 6.056049
35880 17.9400 -1.256013 6.170831
35890 17.9450 -1.257739 6.303904
35900 17.9500 -1.259565 6.443285
35910 17.9550 -1.261330 6.615934
35920 17.9600 -1.263160 6.752147
35930 17.9650 -1.264953 6.883746
35940 17.9700 -1.266634 7.005200
35950 17.9750 -1.268133 7.111883
35960 17.9800 -1.269431 7.202920
35970 17.9850 -1.270532 7.279140
35980 17.9900 -1.271356 7.335514
35990 17.9950 -1.271646 7.355230
36000 18.0000 -1.271339 7.334396
36010 18.0050 -1.270744 7.324424
36020 18.0100 -1.270051 7.276657
36030 18.0150 -1.269407 7.231965
36040 18.0200 -1.268468 7.166184
36050 18.0250 -1.267237 7.078987
36060 18.0300 -1.265841 6.978695
36070 18.0350 -1.264254 6.863133
36080 18.0400 -1.262695 6.748019
36090 18.0450 -1.261154 6.632831
36100 18.0500 -1.259648 6.518957
36110 18.0550 -1.258296 6.454366
36120 18.0600 -1.256837 6.341983
36130 18.0650 -1.255112 6.207857
36140 18.0700 -1.253446 6.077217
36150 18.0750 -1.251682 5.937871
36160 18.0800 -1.249975 5.802188
36170 18.0850 -1.248478 5.682638
36180 18.0900 -1.246985 5.562928
36190 18.0950 -1.245549 5.447577
36200 18.1000 -1.244142 5.334370
36210 18.1050 -1.242966 5.293394
36220 18.1100 -1.242073 5.221464
36230 18.1150 -1.241243 5.154559
36240 18.1200 -1.240653 5.107012
36250 18.1250 -1.240296 5.078210
36260 18.1300 -1.240205 5.070914
36270 18.1350 -1.240229 5.072788
36280 18.1400 -1.240286 5.077456
36290 18.1450 -1.240531 5.097133
36300 18.1500 -1.240885 5.125711
36310 18.1550 -1.241297 5.215892
36320 18.1600 -1.241797 5.256208
36330 18.1650 -1.242412 5.305785
36340 18.1700 -1.243139 5.364327
36350 18.1750 -1.243861 5.422421
36360 18.1800 -1.244682 5.488460
36370 18.1850 -1.245379 5.544461
36380 18.1900 -1.246123 5.604231
36390 18.1950 -1.246965 5.671697
36400 18.2000 -1.247762 5.735399
36410 18.2050 -1.248442 5.837841
36420 18.2100 -1.249128 5.892480
36430 18.2150 -1.249868 5.951291
36440 18.2200 -1.250571 6.006966
36450 18.2250 -1.250981 6.039433
36460 18.2300 -1.251147 6.052541
36470 18.2350 -1.251175 6.054699
36480 18.2400 -1.250907 6.033542
36490 18.2450 -1.250427 5.995557
36500 18.2500 -1.249632 5.932550
36510 18.2550 -1.248696 5.903524
36520 18.2600 -1.247401 5.800103
36530 18.2650 -1.245773 5.669540
36540 18.2700 -1.244137 5.537816
36550 18.2750 -1.242590 5.412956
36560 18.2800 -1.240845 5.271914
36570 18.2850 -1.239208 5.139514
36580 18.2900 -1.237517 5.002803
36590 18.2950 -1.235753 4.860448
36600 18.3000 -1.233996 4.719070
36610 18.3050 -1.232054 4.627318
36620 18.3100 -1.230174 4.477437
36630 18.3150 -1.228289 4.328160
36640 18.3200 -1.226501 4.187628
36650 18.3250 -1.224984 4.069357
36660 18.3300 -1.223926 3.987407
36670 18.3350 -1.223328 3.941320
36680 18.3400 -1.223018 3.917518
36690 18.3450 -1.223209 3.932143
36700 18.3500 -1.223856 3.982008
36710 18.3550 -1.224697 4.125593
36720 18.3600 -1.225948 4.222876
36730 18.3650 -1.227579 4.350483
36740 18.3700 -1.229578 4.508167
36750 18.3750 -1.231948 4.696367
36760 18.3800 -1.234512 4.901169
36770 18.3850 -1.237264 5.121865
36780 18.3900 -1.240167 5.354973
36790 18.3950 -1.243050 5.585891
36800 18.4000 -1.245988 5.820104
36810 18.4050 -1.248785 6.088051
36820 18.4100 -1.251339 6.287514
36830 18.4150 -1.253904 6.485151
36840 18.4200 -1.256235 6.661951
36850 18.4250 -1.258394 6.823116
36860 18.4300 -1.260408 6.970815
36870 18.4350 -1.262141 7.095778
36880 18.4400 -1.263434 7.187642
36890 18.4450 -1.264308 7.249047
36900 18.4500 -1.264793 7.282873
36910 18.4550 -1.265120 7.336790
36920 18.4600 -1.265011 7.329214
36930 18.4650 -1.264512 7.294509
36940 18.4700 -1.263614 7.231572
36950 18.4750 -1.262516 7.153742
36960 18.4800 -1.261154 7.055967
36970 18.4850 -1.259772 6.955497
36980 18.4900 -1.258337 6.849786
36990 18.4950 -1.256970 6.747983
37000 18.5000 -1.255446 6.633082
37010 18.5050 -1.253536 6.524807
37020 18.5100 -1.251789 6.389849
37030 18.5150 -1.249973 6.248143
37040 18.5200 -1.248118 6.102047
37050 18.5250 -1.246719 5.991101
37060 18.5300 -1.245311 5.878781
37070 18.5350 -1.244025 5.775831
37080 18.5400 -1.243039 5.696587
37090 18.5450 -1.242426 5.647227
37100 18.5500 -1.242168 5.626470
37110 18.5550 -1.242004 5.662838
37120 18.5600 -1.241852 5.650558
37130 18.5650 -1.241770 5.643950
37140 18.5700 -1.241932 5.657056
37150 18.5750 -1.242545 5.706386
37160 18.5800 -1.243126 5.753201
37170 18.5850 -1.243694 5.798763
37180 18.5900 -1.244252 5.843536
37190 18.5950 -1.244879 5.893748
37200 18.6000 -1.245579 5.949707
37210 18.6050 -1.246131 6.038979
37220 18.6100 -1.246446 6.064025
37230 18.6150 -1.246651 6.080363
37240 18.6200 -1.246816 6.093493
37250 18.6250 -1.246699 6.084194
37260 18.6300 -1.246218 6.045908
37270 18.6350 -1.245461 5.985583
37280 18.6400 -1.244377 5.898860
37290 18.6450 -1.243120 5.797932
37300 18.6500 -1.241888 5.698649
37310 18.6550 -1.240590 5.642338
37320 18.6600 -1.239204 5.529957
37330 18.6650 -1.237695 5.407430
37340 18.6700 -1.236341 5.297315
37350 18.6750 -1.235071 5.193958
37360 18.6800 -1.233864 5.095757
37370 18.6850 -1.232765 5.006377
37380 18.6900 -1.231781 4.926455
37390 18.6950 -1.230874 4.852875
37400 18.7000 -1.230051 4.786223
37410 18.7050 -1.229444 4.799799
37420 18.7100 -1.228978 4.762154
37430 18.7150 -1.228611 4.732481
37440 18.7200 -1.228385 4.714294
37450 18.7250 -1.228387 4.714439
37460 18.7300 -1.228436 4.718415
37470 18.7350 -1.228627 4.733810
37480 18.7400 -1.229072 4.769730
37490 18.7450 -1.229514 4.805485
37500 18.7500 -1.230020 4.846369
37510 18.7550 -1.230542 4.950263
37520 18.7600 -1.231364 5.016875
37530 18.7650 -1.232223 5.086533
37540 18.7700 -1.233241 5.169138
37550 18.7750 -1.234418 5.264650
37560 18.7800 -1.235618 5.362041
37570 18.7850 -1.236808 5.458477
37580 18.7900 -1.238148 5.566970
37590 18.7950 -1.239282 5.658545
37600 18.8000 -1.240342 5.743971
37610 18.8050 -1.241377 5.875109
37620 18.8100 -1.242087 5.932025
37630 18.8150 -1.242595 5.972657
37640 18.8200 -1.242956 6.001476
37650 18.8250 -1.243078 6.011203
37660 18.8300 -1.242896 5.996711
37670 18.8350 -1.242513 5.966079
37680 18.8400 -1.241878 5.915319
37690 18.8450 -1.241066 5.850199
37700 18.8500 -1.240037 5.767393
37710 18.8550 -1.238486 5.689876
37720 18.8600 -1.236749 5.549104
37730 18.8650 -1.234960 5.403756
37740 18.8700 -1.233016 5.245531
37750 18.8750 -1.231086 5.088473
37760 18.8800 -1.229235 4.937872
37770 18.8850 -1.227245 4.776482
37780 18.8900 -1.225341 4.622660
37790 18.8950 -1.223517 4.476041
37800 18.9000 -1.221881 4.345320
37810 18.9050 -1.220236 4.285697
37820 18.9100 -1.218698 4.164460
37830 18.9150 -1.217524 4.072558
37840 18.9200 -1.216544 3.996236
37850 18.9250 -1.215587 3.922142
37860 18.9300 -1.214838 3.864439
37870 18.9350 -1.214165 3.812840
37880 18.9400 -1.213444 3.757843
37890 18.9450 -1.212906 3.716939
37900 18.9500 -1.212520 3.687722
37910 18.9550 -1.212430 3.766138
37920 18.9600 -1.212648 3.782654
37930 18.9650 -1.213230 3.826812
37940 18.9700 -1.214260 3.905359
37950 18.9750 -1.215536 4.003315
37960 18.9800 -1.217269 4.137528
37970 18.9850 -1.219180 4.286887
37980 18.9900 -1.221203 4.446348
37990 18.9950 -1.223467 4.626183
38000 19.0000 -1.225792 4.812073
38010 19.0050 -1.228093 5.058985
38020 19.0100 -1.230337 5.239448
38030 19.0150 -1.232418 5.406741
38040 19.0200 -1.234448 5.569566
38050 19.0250 -1.236384 5.724415
38060 19.0300 -1.238116 5.862347
38070 19.0350 -1.239603 5.980247
38080 19.0400 -1.240926 6.084547
38090 19.0450 -1.241910 6.161783
38100 19.0500 -1.242652 6.219759
38110 19.0550 -1.242806 6.273763
38120 19.0600 -1.242620 6.259273
38130 19.0650 -1.242256 6.230873
38140 19.0700 -1.241683 6.185975
38150 19.0750 -1.240731 6.111187
38160 19.0800 -1.239423 6.007916
38170 19.0850 -1.238038 5.898010
38180 19.0900 -1.236438 5.770438
38190 19.0950 -1.234793 5.638741
38200 19.1000 -1.232999 5.494579
38210 19.1050 -1.231456 5.421750
38220 19.1100 -1.229906 5.296742
38230 19.1150 -1.228299 5.167037
38240 19.1200 -1.226851 5.050210
38250 19.1250 -1.225623 4.951249
38260 19.1300 -1.224757 4.881526
38270 19.1350 -1.224194 4.836309
38280 19.1400 -1.223920 4.814302
38290 19.1450 -1.223883 4.811298
38300 19.1500 -1.224219 4.838272
38310 19.1550 -1.224889 4.953992
38320 19.1600 -1.225685 5.018066
38330 19.1650 -1.226672 5.097567
38340 19.1700 -1.228065 5.209755
38350 19.1750 -1.229677 5.339728
38360 19.1800 -1.231326 5.472423
38370 19.1850 -1.233207 5.623563
38380 19.1900 -1.235217 5.784454
38390 19.1950 -1.237450 5.962131
38400 19.2000 -1.239752 6.143807
38410 19.2050 -1.242078 6.368323
38420 19.2100 -1.244286 6.538646
38430 19.2150 -1.246485 6.705834
38440 19.2200 -1.248740 6.874553
38450 19.2250 -1.250846 7.029298
38460 19.2300 -1.252698 7.162971
38470 19.2350 -1.254057 7.259557
38480 19.2400 -1.255063 7.330150
38490 19.2450 -1.255788 7.380558
38500 19.2500 -1.256229 7.411070
38510 19.2550 -1.256352 7.449639
38520 19.2600 -1.256216 7.440274
38530 19.2650 -1.256055 7.429148
38540 19.2700 -1.255569 7.395504
38550 19.2750 -1.254769 7.339686
38560 19.2800 -1.253860 7.275710
38570 19.2850 -1.252509 7.179460
38580 19.2900 -1.250710 7.049324
38590 19.2950 -1.248703 6.901536
38600 19.3000 -1.246270 6.719097
38610 19.3050 -1.243523 6.545677
38620 19.3100 -1.240639 6.321159
38630 19.3150 -1.237551 6.077030
38640 19.3200 -1.234217 5.809926
38650 19.3250 -1.230816 5.534926
38660 19.3300 -1.227563 5.270549
38670 19.3350 -1.224347 5.008997
38680 19.3400 -1.221183 4.752507
38690 19.3450 -1.218272 4.518100
38700 19.3500 -1.215549 4.300850
38710 19.3550 -1.213306 4.195452
38720 19.3600 -1.211505 4.054553
38730 19.3650 -1.210006 3.938402
38740 19.3700 -1.209051 3.864911
38750 19.3750 -1.208494 3.822244
38760 19.3800 -1.208363 3.812224
38770 19.3850 -1.208633 3.832887
38780 19.3900 -1.209614 3.908136
38790 19.3950 -1.211122 4.024790
38800 19.4000 -1.213138 4.182290
38810 19.4050 -1.215594 4.450349
38820 19.4100 -1.218326 4.667971
38830 19.4150 -1.221354 4.910908
38840 19.4200 -1.224791 5.187925
38850 19.4250 -1.228524 5.488946
38860 19.4300 -1.232338 5.795064
38870 19.4350 -1.236144 6.097457
38880 19.4400 -1.239818 6.384803
38890 19.4450 -1.243613 6.675597
38900 19.4500 -1.247343 6.953973
38910 19.4550 -1.251005 7.252872
38920 19.4600 -1.254479 7.495023
38930 19.4650 -1.257527 7.699575
38940 19.4700 -1.260324 7.880360
38950 19.4750 -1.262784 8.033444
38960 19.4800 -1.264960 8.164139
38970 19.4850 -1.266897 8.276623
38980 19.4900 -1.268477 8.365627
38990 19.4950 -1.269657 8.430428
39000 19.5000 -1.270319 8.466141
39010 19.5050 -1.270276 8.486233
39020 19.5100 -1.269800 8.460549
39030 19.5150 -1.268873 8.409906
39040 19.5200 -1.267676 8.343176
39050 19.5250 -1.266201 8.258961
39060 19.5300 -1.264519 8.160311
39070 19.5350 -1.262416 8.033052
39080 19.5400 -1.259951 7.878550
39090 19.5450 -1.257373 7.711110
39100 19.5500 -1.254685 7.530441
39110 19.5550 -1.252000 7.373230
39120 19.5600 -1.249218 7.174258
39130 19.5650 -1.246184 6.951153
39140 19.5700 -1.243141 6.721609
39150 19.5750 -1.240210 6.495651
39160 19.5800 -1.237553 6.287311
39170 19.5850 -1.235302 6.108639
39180 19.5900 -1.233441 5.959678
39190 19.5950 -1.231848 5.831357
39200 19.6000 -1.230645 5.734139
39210 19.6050 -1.230070 5.735637
39220 19.6100 -1.230060 5.734879
39230 19.6150 -1.230618 5.780053
39240 19.6200 -1.231825 5.877597
39250 19.6250 -1.233630 6.022872
39260 19.6300 -1.235770 6.193839
39270 19.6350 -1.238239 6.388951
39280 19.6400 -1.241107 6.612308
39290 19.6450 -1.244143 6.844180
39300 19.6500 -1.247762 7.113324
39310 19.6550 -1.251464 7.412021
39320 19.6600 -1.255471 7.687859
39330 19.6650 -1.259529 7.953059
39340 19.6700 -1.263555 8.201037
39350 19.6750 -1.267458 8.426000
39360 19.6800 -1.271291 8.631620
39370 19.6850 -1.275168 8.823488
39380 19.6900 -1.278855 8.990715
39390 19.6950 -1.282405 9.137386
39400 19.7000 -1.285855 9.266519
39410 19.7050 -1.289183 9.396353
39420 19.7100 -1.292216 9.487627
39430 19.7150 -1.294783 9.556965
39440 19.7200 -1.296957 9.610102
39450 19.7250 -1.298883 9.652941
39460 19.7300 -1.300429 9.684507
39470 19.7350 -1.301586 9.706496
39480 19.7400 -1.302514 9.723134
39490 19.7450 -1.303279 9.736187
39500 19.7500 -1.303664 9.742528
39510 19.7550 -1.303603 9.757223
39520 19.7600 -1.303274 9.751787
39530 19.7650 -1.302769 9.743240
39540 19.7700 -1.302006 9.729821
39550 19.7750 -1.301075 9.712614
39560 19.7800 -1.299916 9.689947
39570 19.7850 -1.298396 9.658089
39580 19.7900 -1.296536 9.615727
39590 19.7950 -1.294334 9.560776
39600 19.8000 -1.291921 9.494452
39610 19.8050 -1.289507 9.438444
39620 19.8100 -1.287245 9.364286
39630 19.8150 -1.285117 9.289235
39640 19.8200 -1.283273 9.220014
39650 19.8250 -1.281784 9.161333
39660 19.8300 -1.280522 9.109613
39670 19.8350 -1.279288 9.057314
39680 19.8400 -1.278162 9.008108
39690 19.8450 -1.277318 8.970264
39700 19.8500 -1.276469 8.931366
39710 19.8550 -1.275840 8.921724
39720 19.8600 -1.275296 8.896013
39730 19.8650 -1.275229 8.892805
39740 19.8700 -1.275504 8.905898
39750 19.8750 -1.276230 8.939948
39760 19.8800 -1.277258 8.987217
39770 19.8850 -1.278506 9.042962
39780 19.8900 -1.280036 9.108858
39790 19.8950 -1.282002 9.189666
39800 19.9000 -1.284097 9.270891
39810 19.9050 -1.286374 9.371371
39820 19.9100 -1.288980 9.458569
39830 19.9150 -1.292012 9.550315
39840 19.9200 -1.295320 9.638592
39850 19.9250 -1.298691 9.716105
39860 19.9300 -1.302008 9.780380
39870 19.9350 -1.305421 9.834457
39880 19.9400 -1.309035 9.878825
39890 19.9450 -1.312658 9.910545
39900 19.9500 -1.316454 9.930726
39910 19.9550 -1.320249 9.953118
39920 19.9600 -1.323991 9.948849
39930 19.9650 -1.327638 9.934288
39940 19.9700 -1.331040 9.912123
39950 19.9750 -1.334157 9.885099
39960 19.9800 -1.337007 9.855184
39970 19.9850 -1.339536 9.824803
39980 19.9900 -1.341662 9.796674
39990 19.9950 -1.343495 9.770647
40000 20.0000 -1.345070 9.747051
40010 20.0050 -1.346405 9.741884
40020 20.0100 -1.347354 9.726617
40030 20.0150 -1.348049 9.715195
40040 20.0200 -1.348154 9.713457
40050 20.0250 -1.347829 9.718838
40060 20.0300 -1.346997 9.732392
40070 20.0350 -1.345747 9.752245
40080 20.0400 -1.344233 9.775398
40090 20.0450 -1.342470 9.801036
40100 20.0500 -1.340780 9.824229
40110 20.0550 -1.338993 9.862492
40120 20.0600 -1.336991 9.886117
40130 20.0650 -1.334753 9.909802
40140 20.0700 -1.332266 9.932509
40150 20.0750 -1.329822 9.950894
40160 20.0800 -1.327606 9.964007
40170 20.0850 -1.325543 9.973015
40180 20.0900 -1.323545 9.978667
40190 20.0950 -1.321533 9.981181
40200 20.1000 -1.319795 9.980690
40210 20.1050 -1.318530 9.993407
40220 20.1100 -1.317590 9.991054
40230 20.1150 -1.316996 9.989168
40240 20.1200 -1.316688 9.988066
40250 20.1250 -1.316593 9.987711
40260 20.1300 -1.316740 9.988258
40270 20.1350 -1.317149 9.989683
40280 20.1400 -1.318156 9.992563
40290 20.1450 -1.319581 9.995131
40300 20.1500 -1.321349 9.995916
40310 20.1550 -1.323205 10.008565
40320 20.1600 -1.325313 10.002980
40330 20.1650 -1.327971 9.991059
40340 20.1700 -1.331027 9.970982
40350 20.1750 -1.334401 9.941437
40360 20.1800 -1.338358 9.897726
40370 20.1850 -1.342805 9.838133
40380 20.1900 -1.347350 9.767242
40390 20.1950 -1.352062 9.684774
40400 20.2000 -1.356863 9.593129
40410 20.2050 -1.361770 9.509623
40420 20.2100 -1.366849 9.401603
40430 20.2150 -1.371804 9.293513
40440 20.2200 -1.376686 9.186187
40450 20.2250 -1.381330 9.084737
40460 20.2300 -1.385488 8.995518
40470 20.2350 -1.389211 8.917635
40480 20.2400 -1.392528 8.850283
40490 20.2450 -1.395287 8.795991
40500 20.2500 -1.397461 8.754415
40510 20.2550 -1.399007 8.746221
40520 20.2600 -1.399774 8.732114
40530 20.2650 -1.399875 8.730269
40540 20.2700 -1.399382 8.739318
40550 20.2750 -1.398006 8.764855
40560 20.2800 -1.396130 8.800401
40570 20.2850 -1.393988 8.841963
40580 20.2900 -1.391622 8.889007
40590 20.2950 -1.389055 8.941243
40600 20.3000 -1.386319 8.998135
40610 20.3050 -1.383630 9.074325
40620 20.3100 -1.381086 9.128836
40630 20.3150 -1.378671 9.181024
40640 20.3200 -1.376366 9.231053
40650 20.3250 -1.374354 9.274801
40660 20.3300 -1.372556 9.313848
40670 20.3350 -1.370958 9.348465
40680 20.3400 -1.369606 9.377644
40690 20.3450 -1.368627 9.398668
40700 20.3500 -1.368055 9.410918
40710 20.3550 -1.367970 9.429958
40720 20.3600 -1.368364 9.421527
40730 20.3650 -1.369258 9.402321
40740 20.3700 -1.370455 9.376522
40750 20.3750 -1.372106 9.340769
40760 20.3800 -1.374158 9.296145
40770 20.3850 -1.376508 9.244939
40780 20.3900 -1.379062 9.189341
40790 20.3950 -1.382107 9.123431
40800 20.4000 -1.385415 9.052678
40810 20.4050 -1.389314 8.989899
40820 20.4100 -1.393313 8.908338
40830 20.4150 -1.397389 8.828268
40840 20.4200 -1.401650 8.748462
40850 20.4250 -1.405996 8.671674
40860 20.4300 -1.410164 8.602792
40870 20.4350 -1.414000 8.543732
40880 20.4400 -1.417512 8.493405
40890 20.4450 -1.420778 8.449838
40900 20.4500 -1.423693 8.413535
40910 20.4550 -1.426099 8.408088
40920 20.4600 -1.428110 8.385698
40930 20.4650 -1.429465 8.371188
40940 20.4700 -1.430192 8.363602
40950 20.4750 -1.430347 8.361993
40960 20.4800 -1.430159 8.363943
40970 20.4850 -1.429303 8.372907
40980 20.4900 -1.427780 8.389300
40990 20.4950 -1.425746 8.412120
41000 20.5000 -1.423479 8.438854
41010 20.5050 -1.421026 8.491915
41020 20.5100 -1.418452 8.525637
41030 20.5150 -1.415727 8.563319
41040 20.5200 -1.412875 8.604920
41050 20.5250 -1.410090 8.647679
41060 20.5300 -1.407356 8.691668
41070 20.5350 -1.404780 8.734904
41080 20.5400 -1.402507 8.774419
41090 20.5450 -1.400477 8.810736
41100 20.5500 -1.398477 8.847452
41110 20.5550 -1.396919 8.896787
41120 20.5600 -1.395816 8.917733
41130 20.5650 -1.395291 8.927784
41140 20.5700 -1.395632 8.921248
41150 20.5750 -1.396517 8.904392
41160 20.5800 -1.397791 8.880383
41170 20.5850 -1.399476 8.849146
41180 20.5900 -1.401724 8.808410
41190 20.5950 -1.404317 8.762856
41200 20.6000 -1.407625 8.707072
41210 20.6050 -1.411357 8.668358
41220 20.6100 -1.415508 8.606142
41230 20.6150 -1.420098 8.542528
41240 20.6200 -1.425058 8.479880
41250 20.6250 -1.430124 8.422113
41260 20.6300 -1.434905 8.372913
41270 20.6350 -1.439192 8.332630
41280 20.6400 -1.443197 8.297743
41290 20.6450 -1.446847 8.267766
41300 20.6500 -1.450247 8.240970
41310 20.6550 -1.453173 8.242255
41320 20.6600 -1.455813 8.221977
41330 20.6650 -1.458078 8.204471
41340 20.6700 -1.459834 8.190730
41350 20.6750 -1.460934 8.182010
41360 20.6800 -1.461866 8.174536
41370 20.6850 -1.462277 8.171212
41380 20.6900 -1.462226 8.171624
41390 20.6950 -1.461739 8.175560
41400 20.7000 -1.460719 8.183716
41410 20.7050 -1.459327 8.218959
41420 20.7100 -1.457539 8.232856
41430 20.7150 -1.455517 8.248377
41440 20.7200 -1.453335 8.265006
41450 20.7250 -1.451087 8.282132
41460 20.7300 -1.448781 8.299852
41470 20.7350 -1.446298 8.319248
41480 20.7400 -1.443969 8.337886
41490 20.7450 -1.441715 8.356469
41500 20.7500 -1.439494 8.375400
41510 20.7550 -1.437342 8.417398
41520 20.7600 -1.435394 8.435228
41530 20.7650 -1.433879 8.449528
41540 20.7700 -1.433076 8.457278
41550 20.7750 -1.432934 8.458662
41560 20.7800 -1.432825 8.459734
41570 20.7850 -1.433186 8.456213
41580 20.7900 -1.434029 8.448098
41590 20.7950 -1.435424 8.434946
41600 20.8000 -1.437148 8.419149
41610 20.8050 -1.439024 8.425180
41620 20.8100 -1.441107 8.407197
41630 20.8150 -1.443433 8.387704
41640 20.8200 -1.445870 8.367804
41650 20.8250 -1.448390 8.347645
41660 20.8300 -1.450662 8.329704
41670 20.8350 -1.452657 8.314013
41680 20.8400 -1.454389 8.300372
41690 20.8450 -1.455983 8.287741
41700 20.8500 -1.457471 8.275844
41710 20.8550 -1.458887 8.288010
41720 20.8600 -1.460161 8.277535
41730 20.8650 -1.461339 8.267687
41740 20.8700 -1.462338 8.259200
41750 20.8750 -1.463125 8.252421
41760 20.8800 -1.463497 8.249176
41770 20.8850 -1.463646 8.247880
41780 20.8900 -1.463567 8.248569
41790 20.8950 -1.462955 8.253891
41800 20.9000 -1.461805 8.263748
41810 20.9050 -1.460329 8.299843
41820 20.9100 -1.458840 8.312070
41830 20.9150 -1.457297 8.324504
41840 20.9200 -1.455443 8.339175
41850 20.9250 -1.453294 8.355938
41860 20.9300 -1.451185 8.372230
41870 20.9350 -1.449099 8.388309
41880 20.9400 -1.447316 8.402099
41890 20.9450 -1.445784 8.414032
41900 20.9500 -1.444446 8.424551
41910 20.9550 -1.443172 8.457345
41920 20.9600 -1.442157 8.465492
41930 20.9650 -1.441084 8.474188
41940 20.9700 -1.440087 8.482358
41950 20.9750 -1.439117 8.490402
41960 20.9800 -1.438583 8.494879
41970 20.9850 -1.438441 8.496076
41980 20.9900 -1.438722 8.493713
41990 20.9950 -1.439284 8.489016
42000 21.0000 -1.439992 8.483140
42010 21.0050 -1.440987 8.497282
42020 21.0100 -1.442312 8.486527
42030 21.0150 -1.443961 8.473301
42040 21.0200 -1.445653 8.459893
42050 21.0250 -1.447527 8.445145
42060 21.0300 -1.449577 8.429075
42070 21.0350 -1.451762 8.411913
42080 21.0400 -1.453892 8.395027
42090 21.0450 -1.455888 8.378973
42100 21.0500 -1.457824 8.363094
42110 21.0550 -1.459621 8.371048
42120 21.0600 -1.461040 8.358810
42130 21.0650 -1.462382 8.346956
42140 21.0700 -1.463682 8.335165
42150 21.0750 -1.464910 8.323748
42160 21.0800 -1.466153 8.311868
42170 21.0850 -1.467311 8.300493
42180 21.0900 -1.468362 8.289909
42190 21.0950 -1.469262 8.280620
42200 21.1000 -1.470154 8.271204
42210 21.1050 -1.471046 8.285235
42220 21.1100 -1.472093 8.273634
42230 21.1150 -1.473267 8.260212
42240 21.1200 -1.474606 8.244364
42250 21.1250 -1.475793 8.229814
42260 21.1300 -1.476670 8.218739
42270 21.1350 -1.477468 8.208419
42280 21.1400 -1.478025 8.201076
42290 21.1450 -1.478669 8.192438
42300 21.1500 -1.478950 8.188615
42310 21.1550 -1.479034 8.211689
42320 21.1600 -1.478799 8.214889
42330 21.1650 -1.478524 8.218619
42340 21.1700 -1.478089 8.224447
42350 21.1750 -1.477581 8.231155
42360 21.1800 -1.476911 8.239855
42370 21.1850 -1.475935 8.252222
42380 21.1900 -1.474847 8.265592
42390 21.1950 -1.473635 8.279999
42400 21.2000 -1.472426 8.293887
42410 21.2050 -1.470991 8.333261
42420 21.2100 -1.469282 8.351318
42430 21.2150 -1.467584 8.368423
42440 21.2200 -1.465939 8.384256
42450 21.2250 -1.464231 8.400001
42460 21.2300 -1.462574 8.414654
42470 21.2350 -1.461081 8.427377
42480 21.2400 -1.459542 8.440083
42490 21.2450 -1.457924 8.453024
42500 21.2500 -1.456314 8.465537
42510 21.2550 -1.454928 8.498462
42520 21.2600 -1.453910 8.506052
42530 21.2650 -1.453195 8.511313
42540 21.2700 -1.452846 8.513872
42550 21.2750 -1.452698 8.514950
42560 21.2800 -1.452753 8.514550
42570 21.2850 -1.452983 8.512867
42580 21.2900 -1.453482 8.509207
42590 21.2950 -1.454072 8.504849
42600 21.3000 -1.454595 8.500955
42610 21.3050 -1.455162 8.518898
42620 21.3100 -1.455738 8.514535
42630 21.3150 -1.456215 8.510894
42640 21.3200 -1.456638 8.507633
42650 21.3250 -1.457084 8.504175
42660 21.3300 -1.457664 8.499631
42670 21.3350 -1.458175 8.495582
42680 21.3400 -1.458783 8.490710
42690 21.3450 -1.459420 8.485538
42700 21.3500 -1.459977 8.480952
42710 21.3550 -1.460371 8.500004
42720 21.3600 -1.460702 8.497225
42730 21.3650 -1.461248 8.492597
42740 21.3700 -1.461550 8.490012
42750 21.3750 -1.461578 8.489771
42760 21.3800 -1.461440 8.490959
42770 21.3850 -1.461363 8.491619
42780 21.3900 -1.461108 8.493787
42790 21.3950 -1.460608 8.498012
42800 21.4000 -1.459675 8.505767
42810 21.4050 -1.458643 8.536311
42820 21.4100 -1.457510 8.545281
42830 21.4150 -1.456411 8.553766
42840 21.4200 -1.455247 8.562557
42850 21.4250 -1.454266 8.569819
42860 21.4300 -1.453331 8.576618
42870 21.4350 -1.452615 8.581757
42880 21.4400 -1.451848 8.587201
42890 21.4450 -1.451298 8.591073
42900 21.4500 -1.450986 8.593257
42910 21.4550 -1.450962 8.615055
42920 21.4600 -1.451236 8.613133
42930 21.4650 -1.451600 8.610578
42940 21.4700 -1.452231 8.606116
42950 21.4750 -1.453324 8.598280
42960 21.4800 -1.454636 8.588664
42970 21.4850 -1.456271 8.576347
42980 21.4900 -1.458276 8.560641
42990 21.4950 -1.460352 8.543579
43000 21.5000 -1.462279 8.526915
43010 21.5050 -1.464130 8.532092
43020 21.5100 -1.466083 8.513288
43030 21.5150 -1.468200 8.491624
43040 21.5200 -1.470148 8.470415
43050 21.5250 -1.471857 8.450718
43060 21.5300 -1.473264 8.433699
43070 21.5350 -1.474380 8.419666
43080 21.5400 -1.475444 8.405815
43090 21.5450 -1.476471 8.392003
43100 21.5500 -1.477363 8.379635
43110 21.5550 -1.477997 8.393606
43120 21.5600 -1.478760 8.382543
43130 21.5650 -1.479249 8.375307
43140 21.5700 -1.479523 8.371208
43150 21.5750 -1.479470 8.372008
43160 21.5800 -1.479185 8.376262
43170 21.5850 -1.478632 8.384416
43180 21.5900 -1.477785 8.396638
43190 21.5950 -1.476549 8.413885
43200 21.6000 -1.475041 8.434045
43210 21.6050 -1.473333 8.478341
43220 21.6100 -1.471455 8.500804
43230 21.6150 -1.469137 8.526696
43240 21.6200 -1.466621 8.552643
43250 21.6250 -1.463864 8.578759
43260 21.6300 -1.460978 8.603782
43270 21.6350 -1.458087 8.626781
43280 21.6400 -1.455274 8.647468
43290 21.6450 -1.452654 8.665508
43300 21.6500 -1.450207 8.681497
43310 21.6550 -1.447927 8.716904
43320 21.6600 -1.445654 8.730720
43330 21.6650 -1.443466 8.743746
43340 21.6700 -1.441646 8.754467
43350 21.6750 -1.440379 8.761917
43360 21.6800 -1.439553 8.766776
43370 21.6850 -1.439002 8.770031
43380 21.6900 -1.438730 8.771632
43390 21.6950 -1.438640 8.772170
43400 21.7000 -1.438475 8.773145
43410 21.7050 -1.438055 8.796197
43420 21.7100 -1.437443 8.799833
43430 21.7150 -1.436796 8.803691
43440 21.7200 -1.436207 8.807213
43450 21.7250 -1.435601 8.810854
43460 21.7300 -1.434857 8.815358
43470 21.7350 -1.434025 8.820433
43480 21.7400 -1.432947 8.827079
43490 21.7450 -1.431783 8.834371
43500 21.7500 -1.430564 8.842141
43510 21.7550 -1.429671 8.868105
43520 21.7600 -1.428782 8.873948
43530 21.7650 -1.427979 8.879307
43540 21.7700 -1.427043 8.885651
43550 21.7750 -1.426118 8.892041
43560 21.7800 -1.425447 8.896742
43570 21.7850 -1.424993 8.899965
43580 21.7900 -1.424638 8.902499
43590 21.7950 -1.424436 8.903949
43600 21.8000 -1.424645 8.902452
43610 21.8050 -1.425214 8.918230
43620 21.8100 -1.425814 8.913997
43630 21.8150 -1.426274 8.910784
43640 21.8200 -1.426738 8.907569
43650 21.8250 -1.426922 8.906301
43660 21.8300 -1.426896 8.906480
43670 21.8350 -1.426749 8.907491
43680 21.8400 -1.426620 8.908386
43690 21.8450 -1.426549 8.908871
43700 21.8500 -1.426518 8.909091
43710 21.8550 -1.426290 8.930474
43720 21.8600 -1.426103 8.931778
43730 21.8650 -1.426145 8.931485
43740 21.8700 -1.426333 8.930177
43750 21.8750 -1.426693 8.927681
43760 21.8800 -1.427031 8.925352
43770 21.8850 -1.427227 8.924011
43780 21.8900 -1.427526 8.921970
43790 21.8950 -1.427940 8.919161
43800 21.9000 -1.428256 8.917029
43810 21.9050 -1.428514 8.935054
43820 21.9100 -1.428901 8.932464
43830 21.9150 -1.429318 8.929692
43840 21.9200 -1.429904 8.925823
43850 21.9250 -1.430484 8.922012
43860 21.9300 -1.431080 8.918132
43870 21.9350 -1.431736 8.913885
43880 21.9400 -1.432205 8.910865
43890 21.9450 -1.432597 8.908354
43900 21.9500 -1.433037 8.905539
43910 21.9550 -1.433390 8.923116
43920 21.9600 -1.433524 8.922261
43930 21.9650 -1.433632 8.921575
43940 21.9700 -1.433634 8.921561
43950 21.9750 -1.433758 8.920771
43960 21.9800 -1.433728 8.920966
43970 21.9850 -1.433579 8.921912
43980 21.9900 -1.433358 8.923318
43990 21.9950 -1.433294 8.923726
44000 22.0000 -1.433301 8.923681
44010 22.0050 -1.433470 8.942324
44020 22.0100 -1.433624 8.941350
44030 22.0150 -1.433643 8.941227
44040 22.0200 -1.433653 8.941161
44050 22.0250 -1.433441 8.942512
44060 22.0300 -1.433050 8.945001
44070 22.0350 -1.432576 8.948026
44080 22.0400 -1.431733 8.953434
44090 22.0450 -1.430693 8.960144
44100 22.0500 -1.429345 8.968939
44110 22.0550 -1.427771 8.998841
44120 22.0600 -1.426248 9.009111
44130 22.0650 -1.424537 9.020898
44140 22.0700 -1.422622 9.034457
44150 22.0750 -1.420778 9.047920
44160 22.0800 -1.418825 9.062683
44170 22.0850 -1.416801 9.078557
44180 22.0900 -1.414940 9.093727
44190 22.0950 -1.413051 9.109723
44200 22.1000 -1.411226 9.125777
44210 22.1050 -1.409522 9.159946
44220 22.1100 -1.408068 9.173609
44230 22.1150 -1.406725 9.186584
44240 22.1200 -1.405605 9.197669
44250 22.1250 -1.404620 9.207618
44260 22.1300 -1.403867 9.215339
44270 22.1350 -1.403436 9.219820
44280 22.1400 -1.403045 9.223908
44290 22.1450 -1.402870 9.225750
44300 22.1500 -1.402801 9.226477
44310 22.1550 -1.402900 9.243550
44320 22.1600 -1.403196 9.240448
44330 22.1650 -1.403928 9.232834
44340 22.1700 -1.404572 9.226211
44350 22.1750 -1.405269 9.219144
44360 22.1800 -1.406138 9.210444
44370 22.1850 -1.407090 9.201077
44380 22.1900 -1.407915 9.193103
44390 22.1950 -1.408844 9.184258
44400 22.2000 -1.409882 9.174556
44410 22.2050 -1.410769 9.184807
44420 22.2100 -1.411696 9.176436
44430 22.2150 -1.412651 9.167950
44440 22.2200 -1.413490 9.160624
44450 22.2250 -1.414236 9.154194
44460 22.2300 -1.414745 9.149859
44470 22.2350 -1.414907 9.148481
44480 22.2400 -1.414688 9.150341
44490 22.2450 -1.414154 9.154896
44500 22.2500 -1.413265 9.162577
44510 22.2550 -1.412229 9.190129
44520 22.2600 -1.411100 9.200225
44530 22.2650 -1.409904 9.211144
44540 22.2700 -1.408400 9.225202
44550 22.2750 -1.406786 9.240701
44560 22.2800 -1.405206 9.256295
44570 22.2850 -1.403593 9.272647
44580 22.2900 -1.401988 9.289369
44590 22.2950 -1.400510 9.305161
44600 22.3000 -1.399034 9.321313
44610 22.3050 -1.397669 9.354232
44620 22.3100 -1.396527 9.367228
44630 22.3150 -1.395608 9.377853
44640 22.3200 -1.394943 9.385618
44650 22.3250 -1.394534 9.390432
44660 22.3300 -1.394372 9.392349
44670 22.3350 -1.394458 9.391329
44680 22.3400 -1.394747 9.387931
44690 22.3450 -1.395167 9.382999
44700 22.3500 -1.395694 9.376859
44710 22.3550 -1.396209 9.388269
44720 22.3600 -1.396740 9.382160
44730 22.3650 -1.397290 9.375884
44740 22.3700 -1.397782 9.370307
44750 22.3750 -1.398294 9.364548
44760 22.3800 -1.398565 9.361524
44770 22.3850 -1.398632 9.360773
44780 22.3900 -1.398853 9.358306
44790 22.3950 -1.399049 9.356128
44800 22.4000 -1.399376 9.352511
44810 22.4050 -1.399801 9.365336
44820 22.4100 -1.400360 9.359219
44830 22.4150 -1.400902 9.353346
44840 22.4200 -1.401446 9.347488
44850 22.4250 -1.402156 9.339915
44860 22.4300 -1.402925 9.331796
44870 22.4350 -1.403657 9.324150
44880 22.4400 -1.404302 9.317481
44890 22.4450 -1.404765 9.312735
44900 22.4500 -1.404799 9.312391
44910 22.4550 -1.404678 9.331314
44920 22.4600 -1.404393 9.334234
44930 22.4650 -1.403865 9.339680
44940 22.4700 -1.403130 9.347324
44950 22.4750 -1.402307 9.355983
44960 22.4800 -1.401374 9.365907
44970 22.4850 -1.400427 9.376111
44980 22.4900 -1.399491 9.386331
44990 22.4950 -1.398576 9.396446
45000 22.5000 -1.397714 9.406076
45010 22.5050 -1.397024 9.431100
45020 22.5100 -1.396319 9.439121
45030 22.5150 -1.395564 9.447792
45040 22.5200 -1.394890 9.455590
45050 22.5250 -1.394214 9.463480
45060 22.5300 -1.393619 9.470469
45070 22.5350 -1.393100 9.476601
45080 22.5400 -1.392680 9.481589
45090 22.5450 -1.392494 9.483805
45100 22.5500 -1.392415 9.484751
45110 22.5550 -1.392512 9.500457
45120 22.5600 -1.392742 9.497711
45130 22.5650 -1.392889 9.495959
45140 22.5700 -1.392960 9.495116
45150 22.5750 -1.392844 9.496493
45160 22.5800 -1.392627 9.499079
45170 22.5850 -1.392348 9.502414
45180 22.5900 -1.392092 9.505467
45190 22.5950 -1.391862 9.508223
45200 22.6000 -1.391752 9.509545
45210 22.6050 -1.391898 9.524535
45220 22.6100 -1.392313 9.519563
45230 22.6150 -1.392794 9.513827
45240 22.6200 -1.393256 9.508350
45250 22.6250 -1.393967 9.499948
45260 22.6300 -1.394768 9.490570
45270 22.6350 -1.395745 9.479219
45280 22.6400 -1.396882 9.466155
45290 22.6450 -1.398096 9.452389
45300 22.6500 -1.399210 9.439910
45310 22.6550 -1.400081 9.447328
45320 22.6600 -1.400428 9.443509
45330 22.6650 -1.400115 9.446963
45340 22.6700 -1.399697 9.451574
45350 22.6750 -1.399038 9.458895
45360 22.6800 -1.398309 9.467054
45370 22.6850 -1.397443 9.476833
45380 22.6900 -1.396524 9.487302
45390 22.6950 -1.395168 9.502920
45400 22.7000 -1.393530 9.522066
45410 22.7050 -1.391645 9.561126
45420 22.7100 -1.389517 9.586801
45430 22.7150 -1.387394 9.612813
45440 22.7200 -1.385194 9.640136
45450 22.7250 -1.382849 9.669632
45460 22.7300 -1.380638 9.697712
45470 22.7350 -1.378427 9.726009
45480 22.7400 -1.376591 9.749596
45490 22.7450 -1.374975 9.770406
45500 22.7500 -1.373386 9.790864
45510 22.7550 -1.372332 9.819878
45520 22.7600 -1.371695 9.828059
45530 22.7650 -1.371259 9.833646
45540 22.7700 -1.370960 9.837468
45550 22.7750 -1.370940 9.837720
45560 22.7800 -1.371041 9.836431
45570 22.7850 -1.371858 9.825966
45580 22.7900 -1.372859 9.813109
45590 22.7950 -1.374094 9.797227
45600 22.8000 -1.375635 9.777361
45610 22.8050 -1.377324 9.771133
45620 22.8100 -1.379178 9.747241
45630 22.8150 -1.381225 9.720959
45640 22.8200 -1.383010 9.698145
45650 22.8250 -1.384555 9.678519
45660 22.8300 -1.386048 9.659672
45670 22.8350 -1.387372 9.643077
45680 22.8400 -1.388158 9.633271
45690 22.8450 -1.388441 9.629754
45700 22.8500 -1.388012 9.635096
45710 22.8550 -1.387103 9.662602
45720 22.8600 -1.385874 9.678014
45730 22.8650 -1.384266 9.698305
45740 22.8700 -1.382501 9.720713
45750 22.8750 -1.380482 9.746471
45760 22.8800 -1.378181 9.775944
45770 22.8850 -1.375962 9.804386
45780 22.8900 -1.373683 9.833557
45790 22.8950 -1.371530 9.860969
45800 22.9000 -1.369557 9.885885
45810 22.9050 -1.368089 9.919335
45820 22.9100 -1.366905 9.934020
45830 22.9150 -1.365964 9.945596
45840 22.9200 -1.365513 9.951118
45850 22.9250 -1.365551 9.950656
45860 22.9300 -1.365978 9.945432
45870 22.9350 -1.366725 9.936251
45880 22.9400 -1.367822 9.922667
45890 22.9450 -1.369077 9.906987
45900 22.9500 -1.370647 9.887214
45910 22.9550 -1.372484 9.878942
45920 22.9600 -1.374599 9.851858
45930 22.9650 -1.376804 9.823454
45940 22.9700 -1.379031 9.794700
45950 22.9750 -1.381343 9.764854
45960 22.9800 -1.383761 9.733732
45970 22.9850 -1.386431 9.699583
45980 22.9900 -1.389146 9.665203
45990 22.9950 -1.391914 9.630607
46000 23.0000 -1.394622 9.597287
46010 23.0050 -1.397090 9.583746
46020 23.0100 -1.399341 9.556920
46030 23.0150 -1.401372 9.533086
46040 23.0200 -1.403196 9.511980
46050 23.0250 -1.404667 9.495171
46060 23.0300 -1.405696 9.483538
46070 23.0350 -1.406474 9.474795
46080 23.0400 -1.407143 9.467322
46090 23.0450 -1.407646 9.461733
46100 23.0500 -1.407861 9.459351
46110 23.0550 -1.407903 9.475863
46120 23.0600 -1.407600 9.479225
46130 23.0650 -1.406728 9.488931
46140 23.0700 -1.405536 9.502297
46150 23.0750 -1.404183 9.517619
46160 23.0800 -1.402319 9.538971
46170 23.0850 -1.400307 9.562326
46180 23.0900 -1.398238 9.586687
46190 23.0950 -1.395925 9.614295
46200 23.1000 -1.393498 9.643673
46210 23.1050 -1.391033 9.690006
46220 23.1100 -1.388641 9.719611
46230 23.1150 -1.386475 9.746603
46240 23.1200 -1.384699 9.768850
46250 23.1250 -1.383170 9.788054
46260 23.1300 -1.381767 9.805698
46270 23.1350 -1.380767 9.818276
46280 23.1400 -1.380204 9.825363
46290 23.1450 -1.380121 9.826398
46300 23.1500 -1.380326 9.823820
46310 23.1550 -1.380821 9.832934
46320 23.1600 -1.381633 9.822710
46330 23.1650 -1.382693 9.809363
46340 23.1700 -1.384114 9.791486
46350 23.1750 -1.385717 9.771337
46360 23.1800 -1.387408 9.750145
46370 23.1850 -1.389306 9.726442
46380 23.1900 -1.391265 9.702120
46390 23.1950 -1.393357 9.676340
46400 23.2000 -1.395324 9.652304
46410 23.2050 -1.397298 9.644482
46420 23.2100 -1.399321 9.620213
46430 23.2150 -1.401270 9.597058
46440 23.2200 -1.403218 9.574157
46450 23.2250 -1.405036 9.553001
46460 23.2300 -1.406751 9.533254
46470 23.2350 -1.408021 9.518742
46480 23.2400 -1.409063 9.506933
46490 23.2450 -1.409855 9.497996
46500 23.2500 -1.410340 9.492536
46510 23.2550 -1.410429 9.508359
46520 23.2600 -1.410166 9.511311
46530 23.2650 -1.409596 9.517732
46540 23.2700 -1.408523 9.529861
46550 23.2750 -1.406996 9.547223
46560 23.2800 -1.405061 9.569446
46570 23.2850 -1.402835 9.595268
46580 23.2900 -1.400446 9.623317
46590 23.2950 -1.397838 9.654290
46600 23.3000 -1.394901 9.689582
46610 23.3050 -1.391911 9.741804
46620 23.3100 -1.388915 9.778427
46630 23.3150 -1.385981 9.814436
46640 23.3200 -1.383226 9.848296
46650 23.3250 -1.380777 9.878331
46660 23.3300 -1.378626 9.904589
46670 23.3350 -1.376984 9.924525
46680 23.3400 -1.375830 9.938459
46690 23.3450 -1.375122 9.946974
46700 23.3500 -1.375004 9.948391
46710 23.3550 -1.375224 9.960553
46720 23.3600 -1.375790 9.953743
46730 23.3650 -1.376723 9.942487
46740 23.3700 -1.378282 9.923551
46750 23.3750 -1.380582 9.895426
46760 23.3800 -1.383353 9.861343
46770 23.3850 -1.386314 9.824787
46780 23.3900 -1.389412 9.786546
46790 23.3950 -1.392835 9.744452
46800 23.4000 -1.396352 9.701524
46810 23.4050 -1.400011 9.673181
46820 23.4100 -1.403661 9.629600
46830 23.4150 -1.407395 9.585595
46840 23.4200 -1.411192 9.541497
46850 23.4250 -1.414947 9.498485
46860 23.4300 -1.418656 9.456533
46870 23.4350 -1.422323 9.415463
46880 23.4400 -1.425768 9.377099
46890 23.4450 -1.428826 9.343125
46900 23.4500 -1.431348 9.315047
46910 23.4550 -1.433229 9.311684
46920 23.4600 -1.434436 9.298122
46930 23.4650 -1.435193 9.289580
46940 23.4700 -1.435678 9.284097
46950 23.4750 -1.435752 9.283258
46960 23.4800 -1.435509 9.286005
46970 23.4850 -1.435065 9.291023
46980 23.4900 -1.434210 9.300662
46990 23.4950 -1.433050 9.313692
47000 23.5000 -1.431429 9.331819
47010 23.5050 -1.429473 9.371166
47020 23.5100 -1.427295 9.395286
47030 23.5150 -1.424928 9.421427
47040 23.5200 -1.422278 9.450649
47050 23.5250 -1.419371 9.482768
47060 23.5300 -1.416139 9.518618
47070 23.5350 -1.412723 9.556790
47080 23.5400 -1.409321 9.595143
47090 23.5450 -1.405991 9.633067
47100 23.5500 -1.403109 9.666209
47110 23.5550 -1.400615 9.711127
47120 23.5600 -1.398543 9.735246
47130 23.5650 -1.396887 9.754605
47140 23.5700 -1.395791 9.767444
47150 23.5750 -1.395242 9.773888
47160 23.5800 -1.394822 9.778809
47170 23.5850 -1.394602 9.781392
47180 23.5900 -1.394709 9.780135
47190 23.5950 -1.395380 9.772267
47200 23.6000 -1.396536 9.758715
47210 23.6050 -1.398122 9.755778
47220 23.6100 -1.400393 9.729273
47230 23.6150 -1.403085 9.697998
47240 23.6200 -1.406102 9.663128
47250 23.6250 -1.409287 9.626553
47260 23.6300 -1.412657 9.588089
47270 23.6350 -1.416202 9.547862
47280 23.6400 -1.419834 9.506809
47290 23.6450 -1.423471 9.465750
47300 23.6500 -1.426929 9.426623
47310 23.6550 -1.430417 9.403996
47320 23.6600 -1.433893 9.363839
47330 23.6650 -1.437212 9.324831
47340 23.6700 -1.440258 9.288251
47350 23.6750 -1.442438 9.261537
47360 23.6800 -1.443959 9.242583
47370 23.6850 -1.444903 9.230680
47380 23.6900 -1.445258 9.226176
47390 23.6950 -1.445310 9.225513
47400 23.7000 -1.444856 9.231277
47410 23.7050 -1.443964 9.260616
47420 23.7100 -1.442504 9.278787
47430 23.7150 -1.440576 9.302414
47440 23.7200 -1.438092 9.332279
47450 23.7250 -1.435085 9.367674
47460 23.7300 -1.431754 9.406105
47470 23.7350 -1.428095 9.447621
47480 23.7400 -1.424200 9.491241
47490 23.7450 -1.420266 9.534951
47500 23.7500 -1.416521 9.576427
47510 23.7550 -1.412828 9.633743
47520 23.7600 -1.409318 9.672625
47530 23.7650 -1.406441 9.704555
47540 23.7700 -1.403970 9.732044
47550 23.7750 -1.402138 9.752465
47560 23.7800 -1.400940 9.765831
47570 23.7850 -1.400217 9.773912
47580 23.7900 -1.399936 9.777057
47590 23.7950 -1.400115 9.775050
47600 23.8000 -1.400723 9.768255
47610 23.8050 -1.401793 9.771881
47620 23.8100 -1.403029 9.758088
47630 23.8150 -1.404651 9.739992
47640 23.8200 -1.406662 9.717564
47650 23.8250 -1.409019 9.691300
47660 23.8300 -1.411598 9.662564
47670 23.8350 -1.414371 9.631666
47680 23.8400 -1.417409 9.597758
47690 23.8450 -1.420541 9.562674
47700 23.8500 -1.423707 9.527011
47710 23.8550 -1.426705 9.509568
47720 23.8600 -1.429574 9.476531
47730 23.8650 -1.432278 9.444928
47740 23.8700 -1.434747 9.415593
47750 23.8750 -1.437000 9.388384
47760 23.8800 -1.439015 9.363617
47770 23.8850 -1.440748 9.341966
47780 23.8900 -1.442042 9.325565
47790 23.8950 -1.442864 9.315034
47800 23.9000 -1.443351 9.308760
47810 23.9050 -1.443280 9.327389
47820 23.9100 -1.442845 9.332991
47830 23.9150 -1.442240 9.340742
47840 23.9200 -1.441372 9.351782
47850 23.9250 -1.440488 9.362912
47860 23.9300 -1.439338 9.377251
47870 23.9350 -1.437581 9.398879
47880 23.9400 -1.435663 9.422091
47890 23.9450 -1.433661 9.445933
47900 23.9500 -1.431516 9.471107
47910 23.9550 -1.429326 9.513334
47920 23.9600 -1.427109 9.538600
47930 23.9650 -1.424887 9.563611
47940 23.9700 -1.422695 9.588015
47950 23.9750 -1.420618 9.610934
47960 23.9800 -1.418684 9.632132
47970 23.9850 -1.417068 9.649740
47980 23.9900 -1.415731 9.664251
47990 23.9950 -1.414660 9.675844
48000 24.0000 -1.414085 9.682058
48010 24.0050 -1.413819 9.700877
48020 24.0100 -1.413707 9.702093
48030 24.0150 -1.414044 9.698448
48040 24.0200 -1.414910 9.689091
48050 24.0250 -1.416100 9.676195
48060 24.0300 -1.417575 9.660137
48070 24.0350 -1.419348 9.640737
48080 24.0400 -1.421571 9.616225
48090 24.0450 -1.424115 9.587867
48100 24.0500 -1.426847 9.557005
48110 24.0550 -1.429835 9.539167
48120 24.0600 -1.433015 9.501718
48130 24.0650 -1.436180 9.463428
48140 24.0700 -1.439369 9.423633
48150 24.0750 -1.442545 9.382655
48160 24.0800 -1.445630 9.341367
48170 24.0850 -1.448729 9.298255
48180 24.0900 -1.451631 9.256233
48190 24.0950 -1.454175 9.217962
48200 24.1000 -1.456477 9.182074
48210 24.1050 -1.458336 9.170519
48220 24.1100 -1.459480 9.151676
48230 24.1150 -1.460067 9.141860
48240 24.1200 -1.460177 9.140016
48250 24.1250 -1.459909 9.144515
48260 24.1300 -1.459259 9.155337
48270 24.1350 -1.458375 9.169881
48280 24.1400 -1.457268 9.187806
48290 24.1450 -1.455960 9.208597
48300 24.1500 -1.454391 9.232975
48310 24.1550 -1.452681 9.276979
48320 24.1600 -1.450891 9.303383
48330 24.1650 -1.449000 9.330519
48340 24.1700 -1.447211 9.355527
48350 24.1750 -1.445459 9.379405
48360 24.1800 -1.443670 9.403199
48370 24.1850 -1.441958 9.425470
48380 24.1900 -1.440453 9.444644
48390 24.1950 -1.439058 9.462096
48400 24.2000 -1.437968 9.475551
48410 24.2050 -1.436967 9.504646
48420 24.2100 -1.436067 9.515498
48430 24.2150 -1.435133 9.526632
48440 24.2200 -1.434253 9.537023
48450 24.2250 -1.433456 9.546358
48460 24.2300 -1.432786 9.554134
48470 24.2350 -1.432450 9.558020
48480 24.2400 -1.432361 9.559046
48490 24.2450 -1.432447 9.558057
48500 24.2500 -1.432800 9.553973
48510 24.2550 -1.433214 9.565700
48520 24.2600 -1.433843 9.558370
48530 24.2650 -1.434630 9.549109
48540 24.2700 -1.435406 9.539906
48550 24.2750 -1.436215 9.530216
48560 24.2800 -1.437159 9.518793
48570 24.2850 -1.438189 9.506171
48580 24.2900 -1.439167 9.494046
48590 24.2950 -1.440019 9.483352
48600 24.3000 -1.440690 9.474853
48610 24.3050 -1.441305 9.483891
48620 24.3100 -1.441804 9.477469
48630 24.3150 -1.442236 9.471870
48640 24.3200 -1.442629 9.466737
48650 24.3250 -1.442863 9.463669
48660 24.3300 -1.442945 9.462596
48670 24.3350 -1.442874 9.463533
48680 24.3400 -1.442798 9.464530
48690 24.3450 -1.442797 9.464533
48700 24.3500 -1.442700 9.465804
48710 24.3550 -1.442383 9.486904
48720 24.3600 -1.441922 9.492888
48730 24.3650 -1.441463 9.498807
48740 24.3700 -1.441143 9.502910
48750 24.3750 -1.440407 9.512289
48760 24.3800 -1.439642 9.521919
48770 24.3850 -1.438774 9.532733
48780 24.3900 -1.437788 9.544851
48790 24.3950 -1.436801 9.556824
48800 24.4000 -1.435557 9.571701
48810 24.4050 -1.434227 9.603784
48820 24.4100 -1.432972 9.618280
48830 24.4150 -1.431838 9.631191
48840 24.4200 -1.430808 9.642754
48850 24.4250 -1.429893 9.652913
48860 24.4300 -1.429033 9.662367
48870 24.4350 -1.428208 9.671337
48880 24.4400 -1.427505 9.678921
48890 24.4450 -1.426892 9.685484
48900 24.4500 -1.426170 9.693160
48910 24.4550 -1.425418 9.717007
48920 24.4600 -1.424746 9.724040
48930 24.4650 -1.423946 9.732353
48940 24.4700 -1.423226 9.739773
48950 24.4750 -1.422593 9.746250
48960 24.4800 -1.421943 9.752862
48970 24.4850 -1.421273 9.759640
48980 24.4900 -1.420789 9.764504
48990 24.4950 -1.420380 9.768593
49000 24.5000 -1.420092 9.771470
49010 24.5050 -1.420062 9.787334
49020 24.5100 -1.420363 9.784329
49030 24.5150 -1.420789 9.780063
49040 24.5200 -1.421147 9.776461
49050 24.5250 -1.421541 9.772484
49060 24.5300 -1.422005 9.767781
49070 24.5350 -1.422442 9.763331
49080 24.5400 -1.423039 9.757223
49090 24.5450 -1.423668 9.750737
49100 24.5500 -1.424461 9.742504
49110 24.5550 -1.425300 9.749403
49120 24.5600 -1.426125 9.740673
49130 24.5650 -1.427176 9.729421
49140 24.5700 -1.428488 9.715171
49150 24.5750 -1.430039 9.698006
49160 24.5800 -1.431848 9.677536
49170 24.5850 -1.433652 9.656605
49180 24.5900 -1.435351 9.636395
49190 24.5950 -1.436803 9.618735
49200 24.6000 -1.438033 9.603465
49210 24.6050 -1.439066 9.606721
49220 24.6100 -1.439943 9.595469
49230 24.6150 -1.440685 9.585838
49240 24.6200 -1.441198 9.579102
49250 24.6250 -1.441656 9.573040
49260 24.6300 -1.441681 9.572718
49270 24.6350 -1.441373 9.576790
49280 24.6400 -1.440792 9.584437
49290 24.6450 -1.440205 9.592087
49300 24.6500 -1.439412 9.602303
49310 24.6550 -1.438252 9.633333
49320 24.6600 -1.436945 9.649583
49330 24.6650 -1.435341 9.669069
49340 24.6700 -1.433533 9.690443
49350 24.6750 -1.431699 9.711537
49360 24.6800 -1.430129 9.729142
49370 24.6850 -1.428678 9.745049
49380 24.6900 -1.427559 9.757098
49390 24.6950 -1.426495 9.768385
49400 24.7000 -1.425586 9.777901
49410 24.7050 -1.424847 9.801077
49420 24.7100 -1.424245 9.807248
49430 24.7150 -1.423862 9.811149
49440 24.7200 -1.423474 9.815080
49450 24.7250 -1.423073 9.819124
49460 24.7300 -1.422842 9.821443
49470 24.7350 -1.422659 9.823277
49480 24.7400 -1.422680 9.823066
49490 24.7450 -1.422789 9.821979
49500 24.7500 -1.423083 9.819021
49510 24.7550 -1.423498 9.830201
49520 24.7600 -1.424121 9.823869
49530 24.7650 -1.424816 9.816739
49540 24.7700 -1.425670 9.807886
49550 24.7750 -1.426443 9.799780
49560 24.7800 -1.427082 9.793014
49570 24.7850 -1.427473 9.788833
49580 24.7900 -1.427762 9.785735
49590 24.7950 -1.427925 9.783981
49600 24.8000 -1.428111 9.781970
49610 24.8050 -1.428182 9.796718
49620 24.8100 -1.428295 9.795487
49630 24.8150 -1.428444 9.793869
49640 24.8200 -1.428622 9.791935
49650 24.8250 -1.428803 9.789961
49660 24.8300 -1.429067 9.787068
49670 24.8350 -1.429295 9.784556
49680 24.8400 -1.429458 9.782762
49690 24.8450 -1.429554 9.781698
49700 24.8500 -1.429636 9.780794
49710 24.8550 -1.429611 9.796594
49720 24.8600 -1.429662 9.796022
49730 24.8650 -1.429577 9.796971
49740 24.8700 -1.429517 9.797630
49750 24.8750 -1.429404 9.798882
49760 24.8800 -1.429143 9.801748
49770 24.8850 -1.428823 9.805264
49780 24.8900 -1.428505 9.808732
49790 24.8950 -1.428187 9.812172
49800 24.9000 -1.427833 9.815997
49810 24.9050 -1.427459 9.835368
49820 24.9100 -1.427000 9.840261
49830 24.9150 -1.426603 9.844451
49840 24.9200 -1.426072 9.850023
49850 24.9250 -1.425666 9.854248
49860 24.9300 -1.425447 9.856523
49870 24.9350 -1.425272 9.858330
49880 24.9400 -1.425094 9.860161
49890 24.9450 -1.424899 9.862163
49900 24.9500 -1.424829 9.862883
49910 24.9550 -1.424715 9.879206
49920 24.9600 -1.424462 9.881787
49930 24.9650 -1.424393 9.882489
49940 24.9700 -1.424373 9.882695
49950 24.9750 -1.424451 9.881905
49960 24.9800 -1.424730 9.879058
49970 24.9850 -1.425343 9.872761
49980 24.9900 -1.426093 9.864968
49990 24.9950 -1.427162 9.853687
50000 25.0000 -1.428261 9.841876
50010 25.0050 -1.429475 9.843809
50020 25.0100 -1.431014 9.826494
50030 25.0150 -1.432758 9.806276
50040 25.0200 -1.434551 9.784796
50050 25.0250 -1.436416 9.761691
50060 25.0300 -1.438653 9.732896
50070 25.0350 -1.440882 9.702988
50080 25.0400 -1.442971 9.673787
50090 25.0450 -1.444996 9.644399
50100 25.0500 -1.446887 9.615929
50110 25.0550 -1.448929 9.600283
50120 25.0600 -1.450757 9.570675
50130 25.0650 -1.452235 9.545996
50140 25.0700 -1.453439 9.525384
50150 25.0750 -1.454534 9.506235
50160 25.0800 -1.455543 9.488247
50170 25.0850 -1.456566 9.469671
50180 25.0900 -1.457404 9.454216
50190 25.0950 -1.458055 9.442038
50200 25.1000 -1.458278 9.437832
50210 25.1050 -1.458027 9.459632
50220 25.1100 -1.457572 9.468164
50230 25.1150 -1.456974 9.479246
50240 25.1200 -1.456138 9.494561
50250 25.1250 -1.454830 9.518027
50260 25.1300 -1.453179 9.546853
50270 25.1350 -1.451303 9.578553
50280 25.1400 -1.449253 9.611914
50290 25.1450 -1.447168 9.644525
50300 25.1500 -1.445199 9.674129
50310 25.1550 -1.443260 9.718182
50320 25.1600 -1.441464 9.743203
50330 25.1650 -1.439891 9.764397
50340 25.1700 -1.438431 9.783458
50350 25.1750 -1.437206 9.799034
50360 25.1800 -1.436298 9.810319
50370 25.1850 -1.435545 9.819525
50380 25.1900 -1.434918 9.827085
50390 25.1950 -1.434363 9.833686
50400 25.2000 -1.433860 9.839618
50410 25.2050 -1.433623 9.857650
50420 25.2100 -1.433374 9.860552
50430 25.2150 -1.433179 9.862809
50440 25.2200 -1.433456 9.859600
50450 25.2250 -1.433966 9.853640
50460 25.2300 -1.434636 9.845714
50470 25.2350 -1.435494 9.835401
50480 25.2400 -1.436574 9.822157
50490 25.2450 -1.437768 9.807151
50500 25.2500 -1.439148 9.789351
50510 25.2550 -1.440656 9.784781
50520 25.2600 -1.442323 9.761854
50530 25.2650 -1.444274 9.733979
50540 25.2700 -1.446330 9.703372
50550 25.2750 -1.448527 9.669211
50560 25.2800 -1.450514 9.636971
50570 25.2850 -1.452232 9.608057
50580 25.2900 -1.453892 9.579174
50590 25.2950 -1.455293 9.554071
50600 25.3000 -1.456653 9.529052
50610 25.3050 -1.457885 9.522463
50620 25.3100 -1.458820 9.504470
50630 25.3150 -1.459487 9.491423
50640 25.3200 -1.459993 9.481421
50650 25.3250 -1.460172 9.477866
50660 25.3300 -1.460192 9.477478
50670 25.3350 -1.460037 9.480561
50680 25.3400 -1.459611 9.488987
50690 25.3450 -1.459061 9.499785
50700 25.3500 -1.458655 9.507675
50710 25.3550 -1.458078 9.535528
50720 25.3600 -1.457431 9.547849
50730 25.3650 -1.456728 9.561042
50740 25.3700 -1.455951 9.575424
50750 25.3750 -1.455304 9.587236
50760 25.3800 -1.454433 9.602897
50770 25.3850 -1.453544 9.618590
50780 25.3900 -1.452766 9.632104
50790 25.3950 -1.452129 9.643012
50800 25.4000 -1.451473 9.654102
50810 25.4050 -1.450884 9.679990
50820 25.4100 -1.450494 9.686435
50830 25.4150 -1.450161 9.691887
50840 25.4200 -1.449941 9.695475
50850 25.4250 -1.449703 9.699331
50860 25.4300 -1.449724 9.698984
50870 25.4350 -1.450079 9.693232
50880 25.4400 -1.450681 9.683355
50890 25.4450 -1.451435 9.670815
50900 25.4500 -1.452112 9.659385
50910 25.4550 -1.452795 9.663735
50920 25.4600 -1.453596 9.649804
50930 25.4650 -1.454411 9.635375
50940 25.4700 -1.455393 9.617675
50950 25.4750 -1.456605 9.595330
50960 25.4800 -1.458187 9.565318
50970 25.4850 -1.459786 9.534007
50980 25.4900 -1.461433 9.500720
50990 25.4950 -1.462997 9.468104
51000 25.5000 -1.464492 9.436038
51010 25.5050 -1.465930 9.421408
51020 25.5100 -1.467262 9.391274
51030 25.5150 -1.468366 9.365709
51040 25.5200 -1.469078 9.348974
51050 25.5250 -1.469467 9.339720
51060 25.5300 -1.469728 9.333492
51070 25.5350 -1.469776 9.332320
51080 25.5400 -1.469687 9.334459
51090 25.5450 -1.469210 9.345835
51100 25.5500 -1.468424 9.364357
51110 25.5550 -1.467208 9.409921
51120 25.5600 -1.465732 9.443245
51130 25.5650 -1.464141 9.478116
51140 25.5700 -1.462250 9.518184
51150 25.5750 -1.459967 9.564609
51160 25.5800 -1.457483 9.612732
51170 25.5850 -1.454863 9.660859
51180 25.5900 -1.452310 9.705209
51190 25.5950 -1.449863 9.745424
51200 25.6000 -1.447567 9.781180
51210 25.6050 -1.445262 9.830709
51220 25.6100 -1.443120 9.860669
51230 25.6150 -1.441210 9.886071
51240 25.6200 -1.439523 9.907520
51250 25.6250 -1.437980 9.926337
51260 25.6300 -1.436599 9.942571
51270 25.6350 -1.435307 9.957233
51280 25.6400 -1.434350 9.967778
51290 25.6450 -1.433797 9.973755
51300 25.6500 -1.433373 9.978277
51310 25.6550 -1.433350 9.993203
51320 25.6600 -1.433785 9.988565
51330 25.6650 -1.434283 9.983190
51340 25.6700 -1.435004 9.975272
51350 25.6750 -1.436098 9.962976
51360 25.6800 -1.437434 9.947462
51370 25.6850 -1.438974 9.928896
51380 25.6900 -1.440663 9.907648
51390 25.6950 -1.442358 9.885397
51400 25.7000 -1.444064 9.862007
51410 25.7050 -1.445902 9.850851
51420 25.7100 -1.447697 9.823950
51430 25.7150 -1.449351 9.798115
51440 25.7200 -1.450946 9.772213
51450 25.7250 -1.452454 9.746833
51460 25.7300 -1.453592 9.727081
51470 25.7350 -1.454352 9.713602
51480 25.7400 -1.454657 9.708141
51490 25.7450 -1.454658 9.708126
51500 25.7500 -1.454274 9.715006
51510 25.7550 -1.453588 9.742953
51520 25.7600 -1.452731 9.757873
51530 25.7650 -1.451715 9.775167
51540 25.7700 -1.450432 9.796420
51550 25.7750 -1.448923 9.820610
51560 25.7800 -1.447364 9.844690
51570 25.7850 -1.445757 9.868550
51580 25.7900 -1.443948 9.894280
51590 25.7950 -1.442025 9.920347
51600 25.8000 -1.440082 9.945371
51610 25.8050 -1.438268 9.982395
51620 25.8100 -1.436840 9.999103
51630 25.8150 -1.435476 10.014454
51640 25.8200 -1.434189 10.028393
51650 25.8250 -1.432897 10.041871
51660 25.8300 -1.431728 10.053640
51670 25.8350 -1.430736 10.063311
51680 25.8400 -1.429709 10.073036
51690 25.8450 -1.428780 10.081573
51700 25.8500 -1.427915 10.089322
51710 25.8550 -1.427394 10.108122
51720 25.8600 -1.427251 10.109366
51730 25.8650 -1.427192 10.109874
51740 25.8700 -1.427129 10.110422
51750 25.8750 -1.427178 10.109994
51760 25.8800 -1.427280 10.109111
51770 25.8850 -1.427632 10.106041
51780 25.8900 -1.428213 10.100906
51790 25.8950 -1.428904 10.094686
51800 25.9000 -1.429934 10.085152
51810 25.9050 -1.431173 10.087545
51820 25.9100 -1.432487 10.074458
51830 25.9150 -1.434113 10.057527
51840 25.9200 -1.435838 10.038650
51850 25.9250 -1.437847 10.015423
51860 25.9300 -1.439965 9.989463
51870 25.9350 -1.442199 9.960351
51880 25.9400 -1.444285 9.931516
51890 25.9450 -1.446274 9.902508
51900 25.9500 -1.448130 9.874071
51910 25.9550 -1.449841 9.861758
51920 25.9600 -1.451303 9.837382
51930 25.9650 -1.452569 9.815551
51940 25.9700 -1.453293 9.802778
51950 25.9750 -1.453809 9.793533
51960 25.9800 -1.453984 9.790374
51970 25.9850 -1.453879 9.792266
51980 25.9900 -1.453418 9.800539
51990 25.9950 -1.452648 9.814173
52000 26.0000 -1.451362 9.836374
52010 26.0050 -1.449598 9.881006
52020 26.0100 -1.447316 9.917051
52030 26.0150 -1.444620 9.956960
52040 26.0200 -1.441572 9.998674
52050 26.0250 -1.438439 10.037949
52060 26.0300 -1.435034 10.076662
52070 26.0350 -1.431204 10.115606
52080 26.0400 -1.427358 10.150157
52090 26.0450 -1.423398 10.181410
52100 26.0500 -1.419318 10.209505
52110 26.0550 -1.415439 10.246570
52120 26.0600 -1.411747 10.266028
52130 26.0650 -1.408250 10.282387
52140 26.0700 -1.404939 10.296308
52150 26.0750 -1.401943 10.307815
52160 26.0800 -1.399589 10.316257
52170 26.0850 -1.397692 10.322732
52180 26.0900 -1.396124 10.327897
52190 26.0950 -1.394947 10.331674
52200 26.1000 -1.394240 10.333907
52210 26.1050 -1.394155 10.347472
52220 26.1100 -1.394773 10.345521
52230 26.1150 -1.395974 10.341670
52240 26.1200 -1.397650 10.336138
52250 26.1250 -1.399809 10.328701
52260 26.1300 -1.402770 10.317836
52270 26.1350 -1.406561 10.302559
52280 26.1400 -1.410784 10.283308
52290 26.1450 -1.415010 10.261157
52300 26.1500 -1.419227 10.235594
52310 26.1550 -1.423605 10.218398
52320 26.1600 -1.428095 10.181449
52330 26.1650 -1.432373 10.140661
52340 26.1700 -1.436480 10.095868
52350 26.1750 -1.440370 10.047952
52360 26.1800 -1.443848 10.000313
52370 26.1850 -1.446870 9.955060
52380 26.1900 -1.449300 9.915993
52390 26.1950 -1.451490 9.878673
52400 26.2000 -1.453196 9.848188
52410 26.2050 -1.454497 9.839333
52420 26.2100 -1.455199 9.826033
52430 26.2150 -1.455310 9.823908
52440 26.2200 -1.454793 9.833755
52450 26.2250 -1.453670 9.854727
52460 26.2300 -1.452222 9.880981
52470 26.2350 -1.450472 9.911473
52480 26.2400 -1.448182 9.949423
52490 26.2450 -1.445336 9.993530
52500 26.2500 -1.441992 10.041167
52510 26.2550 -1.438479 10.100915
52520 26.2600 -1.434877 10.142567
52530 26.2650 -1.431172 10.180621
52540 26.2700 -1.427207 10.216338
52550 26.2750 -1.423176 10.247798
52560 26.2800 -1.419354 10.273564
52570 26.2850 -1.415433 10.296368
52580 26.2900 -1.411807 10.314590
52590 26.2950 -1.408638 10.328571
52600 26.3000 -1.405700 10.340143
52610 26.3050 -1.403017 10.362966
52620 26.3100 -1.400403 10.371450
52630 26.3150 -1.398103 10.378344
52640 26.3200 -1.396056 10.384098
52650 26.3250 -1.394220 10.388993
52660 26.3300 -1.392834 10.392547
52670 26.3350 -1.392248 10.394015
52680 26.3400 -1.392338 10.393789
52690 26.3450 -1.392935 10.392292
52700 26.3500 -1.393999 10.389568
52710 26.3550 -1.395406 10.398942
52720 26.3600 -1.397239 10.393875
52730 26.3650 -1.399448 10.387385
52740 26.3700 -1.401976 10.379358
52750 26.3750 -1.404712 10.369834
52760 26.3800 -1.407768 10.357992
52770 26.3850 -1.411043 10.343662
52780 26.3900 -1.414370 10.327099
52790 26.3950 -1.417729 10.308025
52800 26.4000 -1.421022 10.286752
52810 26.4050 -1.423930 10.279072
52820 26.4100 -1.426454 10.258748
52830 26.4150 -1.428799 10.238103
52840 26.4200 -1.430723 10.219838
52850 26.4250 -1.432033 10.206698
52860 26.4300 -1.432764 10.199104
52870 26.4350 -1.433012 10.196484
52880 26.4400 -1.432579 10.201041
52890 26.4450 -1.431441 10.212711
52900 26.4500 -1.429784 10.228908
52910 26.4550 -1.427827 10.260553
52920 26.4600 -1.425294 10.281961
52930 26.4650 -1.422159 10.305768
52940 26.4700 -1.418686 10.328938
52950 26.4750 -1.414748 10.351527
52960 26.4800 -1.410464 10.372214
52970 26.4850 -1.405884 10.390538
52980 26.4900 -1.400846 10.407030
52990 26.4950 -1.395716 10.420814
53000 26.5000 -1.390561 10.432460
53010 26.5050 -1.385572 10.455173
53020 26.5100 -1.380881 10.463399
53030 26.5150 -1.376469 10.470498
53040 26.5200 -1.372487 10.476427
53050 26.5250 -1.369030 10.481161
53060 26.5300 -1.366101 10.484799
53070 26.5350 -1.363471 10.487693
53080 26.5400 -1.361181 10.489856
53090 26.5450 -1.359555 10.491150
53100 26.5500 -1.358616 10.491794
53110 26.5550 -1.358301 10.504713
53120 26.5600 -1.358643 10.504499
53130 26.5650 -1.359592 10.503843
53140 26.5700 -1.361268 10.502485
53150 26.5750 -1.363437 10.500392
53160 26.5800 -1.366120 10.497356
53170 26.5850 -1.369182 10.493403
53180 26.5900 -1.372364 10.488853
53190 26.5950 -1.375718 10.483651
53200 26.6000 -1.379081 10.478063
53210 26.6050 -1.382390 10.484943
53220 26.6100 -1.385573 10.478836
53230 26.6150 -1.388770 10.472192
53240 26.6200 -1.392000 10.464848
53250 26.6250 -1.395092 10.457089
53260 26.6300 -1.398055 10.448843
53270 26.6350 -1.400836 10.440250
53280 26.6400 -1.403136 10.432418
53290 26.6450 -1.404955 10.425702
53300 26.6500 -1.406253 10.420601
53310 26.6550 -1.407111 10.430054
53320 26.6600 -1.407281 10.429342
53330 26.6650 -1.406894 10.430958
53340 26.6700 -1.406052 10.434385
53350 26.6750 -1.404821 10.439185
53360 26.6800 -1.403159 10.445289
53370 26.6850 -1.400903 10.452934
53380 26.6900 -1.398208 10.461205
53390 26.6950 -1.394982 10.470032
53400 26.7000 -1.391352 10.478792
53410 26.7050 -1.387454 10.499817
53420 26.7100 -1.383155 10.507778
53430 26.7150 -1.378736 10.514947
53440 26.7200 -1.374370 10.521145
53450 26.7250 -1.370081 10.526378
53460 26.7300 -1.365910 10.530535
53470 26.7350 -1.362271 10.533226
53480 26.7400 -1.358921 10.534727
53490 26.7450 -1.356133 10.535092
53500 26.7500 -1.353870 10.534681
53510 26.7550 -1.352133 10.546435
53520 26.7600 -1.350820 10.545490
53530 26.7650 -1.349828 10.544575
53540 26.7700 -1.349444 10.544172
53550 26.7750 -1.349482 10.544213
53560 26.7800 -1.350059 10.544804
53570 26.7850 -1.350947 10.545594
53580 26.7900 -1.352308 10.546539
53590 26.7950 -1.354184 10.547350
53600 26.8000 -1.356416 10.547650
53610 26.8050 -1.359000 10.559717
53620 26.8100 -1.361689 10.558433
53630 26.8150 -1.364666 10.556200
53640 26.8200 -1.367694 10.553192
53650 26.8250 -1.370714 10.549563
53660 26.8300 -1.373606 10.545575
53670 26.8350 -1.376440 10.541225
53680 26.8400 -1.379269 10.536464
53690 26.8450 -1.381882 10.531687
53700 26.8500 -1.384152 10.527229
53710 26.8550 -1.385923 10.536125
53720 26.8600 -1.387306 10.533083
53730 26.8650 -1.388397 10.530584
53740 26.8700 -1.389139 10.528830
53750 26.8750 -1.389436 10.528115
53760 26.8800 -1.388953 10.529273
53770 26.8850 -1.387714 10.532159
53780 26.8900 -1.386203 10.535521
53790 26.8950 -1.384164 10.539802
53800 26.9000 -1.381789 10.544446
53810 26.9050 -1.379161 10.561705
53820 26.9100 -1.376283 10.566379
53830 26.9150 -1.373507 10.570399
53840 26.9200 -1.370756 10.573896
53850 26.9250 -1.367964 10.576911
53860 26.9300 -1.365234 10.579283
53870 26.9350 -1.362603 10.580958
53880 26.9400 -1.360246 10.581877
53890 26.9450 -1.358236 10.582169
53900 26.9500 -1.356518 10.582019
53910 26.9550 -1.354894 10.593900
53920 26.9600 -1.353647 10.593221
53930 26.9650 -1.352864 10.592663
53940 26.9700 -1.352585 10.592439
53950 26.9750 -1.352682 10.592518
53960 26.9800 -1.353215 10.592926
53970 26.9850 -1.354219 10.593563
53980 26.9900 -1.355413 10.594110
53990 26.9950 -1.356988 10.594503
54000 27.0000 -1.358907 10.594517
54010 27.0050 -1.361281 10.606243
54020 27.0100 -1.363802 10.604851
54030 27.0150 -1.366407 10.602727
54040 27.0200 -1.368903 10.600107
54050 27.0250 -1.371569 10.596742
54060 27.0300 -1.374476 10.592458
54070 27.0350 -1.377557 10.587259
54080 27.0400 -1.380583 10.581506
54090 27.0450 -1.383337 10.575704
54100 27.0500 -1.385738 10.570180
54110 27.0550 -1.387870 10.577324
54120 27.0600 -1.389822 10.572105
54130 27.0650 -1.391480 10.567382
54140 27.0700 -1.392882 10.563162
54150 27.0750 -1.394021 10.559576
54160 27.0800 -1.394752 10.557197
54170 27.0850 -1.395123 10.555966
54180 27.0900 -1.395124 10.555964
54190 27.0950 -1.394967 10.556486
54200 27.1000 -1.394797 10.557050
54210 27.1050 -1.394151 10.571649
54220 27.1100 -1.393245 10.574523
54230 27.1150 -1.392143 10.577886
54240 27.1200 -1.390601 10.582368
54250 27.1250 -1.388858 10.587133
54260 27.1300 -1.386947 10.592009
54270 27.1350 -1.385143 10.596298
54280 27.1400 -1.383416 10.600134
54290 27.1450 -1.381853 10.603388
54300 27.1500 -1.380383 10.606265
54310 27.1550 -1.379063 10.621018
54320 27.1600 -1.377908 10.623025
54330 27.1650 -1.376886 10.624708
54340 27.1700 -1.375855 10.626316
54350 27.1750 -1.374759 10.627930
54360 27.1800 -1.373904 10.629118
54370 27.1850 -1.373202 10.630047
54380 27.1900 -1.372872 10.630469
54390 27.1950 -1.372712 10.630671
54400 27.2000 -1.372808 10.630551
54410 27.2050 -1.373340 10.642106
54420 27.2100 -1.373943 10.641300
54430 27.2150 -1.374585 10.640407
54440 27.2200 -1.375389 10.639237
54450 27.2250 -1.376265 10.637896
54460 27.2300 -1.377209 10.636376
54470 27.2350 -1.378199 10.634695
54480 27.2400 -1.379277 10.632770
54490 27.2450 -1.380229 10.630982
54500 27.2500 -1.380978 10.629517
54510 27.2550 -1.381775 10.640143
54520 27.2600 -1.382603 10.638401
54530 27.2650 -1.383316 10.636848
54540 27.2700 -1.383826 10.635706
54550 27.2750 -1.384195 10.634861
54560 27.2800 -1.384433 10.634311
54570 27.2850 -1.384541 10.634059
54580 27.2900 -1.384318 10.634579
54590 27.2950 -1.384043 10.635211
54600 27.3000 -1.383630 10.636147
54610 27.3050 -1.383072 10.649604
54620 27.3100 -1.382402 10.651047
54630 27.3150 -1.381720 10.652467
54640 27.3200 -1.381067 10.653784
54650 27.3250 -1.380415 10.655056
54660 27.3300 -1.379946 10.655946
54670 27.3350 -1.379663 10.656471
54680 27.3400 -1.379481 10.656807
54690 27.3450 -1.379326 10.657087
54700 27.3500 -1.379240 10.657244
54710 27.3550 -1.379329 10.669229
54720 27.3600 -1.379531 10.668861
54730 27.3650 -1.380187 10.667637
54740 27.3700 -1.381398 10.665257
54750 27.3750 -1.383066 10.661728
54760 27.3800 -1.384906 10.657483
54770 27.3850 -1.386973 10.652264
54780 27.3900 -1.389148 10.646231
54790 27.3950 -1.391330 10.639591
54800 27.4000 -1.393504 10.632356
54810 27.4050 -1.395777 10.636309
54820 27.4100 -1.398249 10.626399
54830 27.4150 -1.400930 10.614507
54840 27.4200 -1.403622 10.601274
54850 27.4250 -1.406276 10.586861
54860 27.4300 -1.408999 10.570553
54870 27.4350 -1.411632 10.553219
54880 27.4400 -1.414213 10.534620
54890 27.4450 -1.416540 10.516411
54900 27.4500 -1.418676 10.498426
54910 27.4550 -1.420737 10.492549
54920 27.4600 -1.422469 10.475980
54930 27.4650 -1.423952 10.461061
54940 27.4700 -1.425120 10.448823
54950 27.4750 -1.425903 10.440377
54960 27.4800 -1.426467 10.434172
54970 27.4850 -1.427012 10.428079
54980 27.4900 -1.427266 10.425208
54990 27.4950 -1.427098 10.427111
55000 27.5000 -1.426634 10.432311
55010 27.5050 -1.425809 10.454332
55020 27.5100 -1.424694 10.466261
55030 27.5150 -1.423458 10.479010
55040 27.5200 -1.422133 10.492145
55050 27.5250 -1.420681 10.505922
55060 27.5300 -1.418995 10.521111
55070 27.5350 -1.417185 10.536507
55080 27.5400 -1.415292 10.551624
55090 27.5450 -1.413289 10.566576
55100 27.5500 -1.411269 10.580598
55110 27.5550 -1.409222 10.606193
55120 27.5600 -1.407347 10.617394
55130 27.5650 -1.405522 10.627526
55140 27.5700 -1.403814 10.636359
55150 27.5750 -1.402343 10.643479
55160 27.5800 -1.401073 10.649276
55170 27.5850 -1.400018 10.653863
55180 27.5900 -1.399418 10.656376
55190 27.5950 -1.399123 10.657587
55200 27.6000 -1.399128 10.657567
55210 27.6050 -1.399332 10.668877
55220 27.6100 -1.399770 10.667055
55230 27.6150 -1.400349 10.664588
55240 27.6200 -1.401157 10.661043
55250 27.6250 -1.402055 10.656944
55260 27.6300 -1.403188 10.651548
55270 27.6350 -1.404429 10.645329
55280 27.6400 -1.405755 10.638318
55290 27.6450 -1.407103 10.630786
55300 27.6500 -1.408520 10.622417
55310 27.6550 -1.409744 10.627069
55320 27.6600 -1.410818 10.620079
55330 27.6650 -1.411881 10.612861
55340 27.6700 -1.412967 10.605191
55350 27.6750 -1.414001 10.597584
55360 27.6800 -1.414848 10.591138
55370 27.6850 -1.415676 10.584641
55380 27.6900 -1.416478 10.578157
55390 27.6950 -1.417079 10.573185
55400 27.7000 -1.417566 10.569073
55410 27.7050 -1.417690 10.580467
55420 27.7100 -1.417605 10.581193
55430 27.7150 -1.417261 10.584102
55440 27.7200 -1.416680 10.588949
55450 27.7250 -1.415861 10.595605
55460 27.7300 -1.414848 10.603572
55470 27.7350 -1.413422 10.614284
55480 27.7400 -1.411738 10.626217
55490 27.7450 -1.409924 10.638222
55500 27.7500 -1.408003 10.650015
55510 27.7550 -1.406081 10.673073
55520 27.7600 -1.404099 10.683370
55530 27.7650 -1.402348 10.691728
55540 27.7700 -1.400889 10.698182
55550 27.7750 -1.399673 10.703219
55560 27.7800 -1.398798 10.706659
55570 27.7850 -1.398126 10.709196
55580 27.7900 -1.397538 10.711345
55590 27.7950 -1.397119 10.712835
55600 27.8000 -1.396699 10.714298
55610 27.8050 -1.396441 10.727133
55620 27.8100 -1.396303 10.727601
55630 27.8150 -1.396336 10.727490
55640 27.8200 -1.396456 10.727083
55650 27.8250 -1.396806 10.725883
55660 27.8300 -1.397296 10.724163
55670 27.8350 -1.397838 10.722210
55680 27.8400 -1.398457 10.719903
55690 27.8450 -1.399178 10.717124
55700 27.8500 -1.399942 10.714059
55710 27.8550 -1.400467 10.723841
55720 27.8600 -1.401054 10.721336
55730 27.8650 -1.401549 10.719164
55740 27.8700 -1.401892 10.717632
55750 27.8750 -1.402025 10.717030
55760 27.8800 -1.402023 10.717039
55770 27.8850 -1.401957 10.717339
55780 27.8900 -1.401864 10.717757
55790 27.8950 -1.401543 10.719192
55800 27.9000 -1.401018 10.721492
55810 27.9050 -1.400330 10.736341
55820 27.9100 -1.399545 10.739547
55830 27.9150 -1.398795 10.742484
55840 27.9200 -1.398097 10.745112
55850 27.9250 -1.397304 10.747971
55860 27.9300 -1.396668 10.750174
55870 27.9350 -1.395946 10.752576
55880 27.9400 -1.394861 10.755993
55890 27.9450 -1.393668 10.759491
55900 27.9500 -1.392538 10.762559
55910 27.9550 -1.391452 10.777085
55920 27.9600 -1.390108 10.780170
55930 27.9650 -1.388720 10.783028
55940 27.9700 -1.387405 10.785437
55950 27.9750 -1.386015 10.787679
55960 27.9800 -1.384374 10.789934
55970 27.9850 -1.382492 10.792018
55980 27.9900 -1.380447 10.793696
55990 27.9950 -1.378607 10.794702
56000 28.0000 -1.376699 10.795256
56010 28.0050 -1.375002 10.807019
56020 28.0100 -1.373497 10.806757
56030 28.0150 -1.372149 10.806262
56040 28.0200 -1.371156 10.805739
56050 28.0250 -1.370406 10.805256
56060 28.0300 -1.369700 10.804732
56070 28.0350 -1.369289 10.804396
56080 28.0400 -1.369260 10.804371
56090 28.0450 -1.369523 10.804590
56100 28.0500 -1.370142 10.805068
56110 28.0550 -1.371145 10.817385
56120 28.0600 -1.372484 10.818050
56130 28.0650 -1.374247 10.818542
56140 28.0700 -1.376438 10.818544
56150 28.0750 -1.379115 10.817614
56160 28.0800 -1.382092 10.815340
56170 28.0850 -1.385200 10.811509
56180 28.0900 -1.388128 10.806459
56190 28.0950 -1.390729 10.800728
56200 28.1000 -1.393064 10.794525
56210 28.1050 -1.395305 10.799252
56220 28.1100 -1.397173 10.792644
56230 28.1150 -1.398786 10.786329
56240 28.1200 -1.400283 10.779934
56250 28.1250 -1.401530 10.774213
56260 28.1300 -1.402277 10.770601
56270 28.1350 -1.402743 10.768281
56280 28.1400 -1.402835 10.767816
56290 28.1450 -1.402452 10.769738
56300 28.1500 -1.401964 10.772133
56310 28.1550 -1.401383 10.786667
56320 28.1600 -1.400325 10.791507
56330 28.1650 -1.399141 10.796603
56340 28.1700 -1.398021 10.801123
56350 28.1750 -1.397081 10.804694
56360 28.1800 -1.396161 10.808002
56370 28.1850 -1.395294 10.810948
56380 28.1900 -1.394542 10.813372
56390 28.1950 -1.393863 10.815459
56400 28.2000 -1.393095 10.817705
56410 28.2050 -1.392237 10.831682
56420 28.2100 -1.391575 10.833403
56430 28.2150 -1.391125 10.834523
56440 28.2200 -1.390984 10.834867
56450 28.2250 -1.391050 10.834707
56460 28.2300 -1.391210 10.834316
56470 28.2350 -1.391431 10.833766
56480 28.2400 -1.391684 10.833126
56490 28.2450 -1.392127 10.831975
56500 28.2500 -1.392655 10.830549
56510 28.2550 -1.393059 10.840992
56520 28.2600 -1.393414 10.839970
56530 28.2650 -1.393730 10.839040
56540 28.2700 -1.394005 10.838209
56550 28.2750 -1.394322 10.837234
56560 28.2800 -1.394868 10.835502
56570 28.2850 -1.395616 10.833024
56580 28.2900 -1.396552 10.829741
56590 28.2950 -1.397445 10.826424
56600 28.3000 -1.398420 10.822588
56610 28.3050 -1.399216 10.830887
56620 28.3100 -1.399757 10.828555
56630 28.3150 -1.400180 10.826680
56640 28.3200 -1.400521 10.825133
56650 28.3250 -1.400904 10.823367
56660 28.3300 -1.401252 10.821723
56670 28.3350 -1.401615 10.819979
56680 28.3400 -1.401904 10.818565
56690 28.3450 -1.401941 10.818385
56700 28.3500 -1.401952 10.818328
56710 28.3550 -1.401921 10.830093
56720 28.3600 -1.401830 10.830542
56730 28.3650 -1.401507 10.832113
56740 28.3700 -1.401229 10.833443
56750 28.3750 -1.401048 10.834302
56760 28.3800 -1.400755 10.835667
56770 28.3850 -1.400285 10.837814
56780 28.3900 -1.399539 10.841102
56790 28.3950 -1.398516 10.845381
56800 28.4000 -1.397257 10.850295
56810 28.4050 -1.395989 10.866360
56820 28.4100 -1.394669 10.870691
56830 28.4150 -1.393359 10.874585
56840 28.4200 -1.392232 10.877622
56850 28.4250 -1.391265 10.880004
56860 28.4300 -1.390243 10.882299
56870 28.4350 -1.389287 10.884244
56880 28.4400 -1.388648 10.885438
56890 28.4450 -1.387988 10.886580
56900 28.4500 -1.387347 10.887607
56910 28.4550 -1.386615 10.900065
56920 28.4600 -1.385739 10.901202
56930 28.4650 -1.385100 10.901935
56940 28.4700 -1.384668 10.902385
56950 28.4750 -1.384158 10.902868
56960 28.4800 -1.383602 10.903339
56970 28.4850 -1.382973 10.903800
56980 28.4900 -1.382546 10.904070
56990 28.4950 -1.382024 10.904354
57000 28.5000 -1.381746 10.904484
57010 28.5050 -1.381792 10.915799
57020 28.5100 -1.382239 10.915578
57030 28.5150 -1.382626 10.915356
57040 28.5200 -1.383323 10.914883
57050 28.5250 -1.384365 10.913999
57060 28.5300 -1.385647 10.912614
57070 28.5350 -1.386985 10.910812
57080 28.5400 -1.388591 10.908156
57090 28.5450 -1.390318 10.904679
57100 28.5500 -1.391910 10.900885
57110 28.5550 -1.393426 10.908074
57120 28.5600 -1.394778 10.903900
57130 28.5650 -1.396113 10.899329
57140 28.5700 -1.397170 10.895394
57150 28.5750 -1.397965 10.892241
57160 28.5800 -1.398590 10.889647
57170 28.5850 -1.399099 10.887459
57180 28.5900 -1.399527 10.885562
57190 28.5950 -1.399836 10.884166
57200 28.6000 -1.400164 10.882650
57210 28.6050 -1.400387 10.893012
57220 28.6100 -1.400494 10.892503
57230 28.6150 -1.400482 10.892564
57240 28.6200 -1.400443 10.892748
57250 28.6250 -1.400368 10.893101
57260 28.6300 -1.400155 10.894100
57270 28.6350 -1.399928 10.895149
57280 28.6400 -1.399725 10.896074
57290 28.6450 -1.399573 10.896760
57300 28.6500 -1.399340 10.897801
57310 28.6550 -1.398893 10.911111
57320 28.6600 -1.398519 10.912701
57330 28.6650 -1.398119 10.914363
57340 28.6700 -1.397613 10.916398
57350 28.6750 -1.397007 10.918748
57360 28.6800 -1.396511 10.920597
57370 28.6850 -1.396353 10.921172
57380 28.6900 -1.396595 10.920288
57390 28.6950 -1.397056 10.918561
57400 28.7000 -1.397709 10.916018
57410 28.7050 -1.398327 10.924804
57420 28.7100 -1.399248 10.920858
57430 28.7150 -1.400152 10.916753
57440 28.7200 -1.401054 10.912423
57450 28.7250 -1.402079 10.907217
57460 28.7300 -1.403200 10.901164
57470 28.7350 -1.404384 10.894357
57480 28.7400 -1.405454 10.887836
57490 28.7450 -1.406532 10.880905
57500 28.7500 -1.407373 10.875237
57510 28.7550 -1.408204 10.880848
57520 28.7600 -1.408837 10.876254
57530 28.7650 -1.409416 10.871945
57540 28.7700 -1.409930 10.868019
57550 28.7750 -1.410443 10.864015
57560 28.7800 -1.410911 10.860282
57570 28.7850 -1.411336 10.856827
57580 28.7900 -1.411770 10.853235
57590 28.7950 -1.412144 10.850092
57600 28.8000 -1.412538 10.846725
57610 28.8050 -1.413046 10.853819
57620 28.8100 -1.413657 10.848379
57630 28.8150 -1.414410 10.841495
57640 28.8200 -1.415012 10.835836
57650 28.8250 -1.415163 10.834392
57660 28.8300 -1.414993 10.836012
57670 28.8350 -1.414605 10.839671
57680 28.8400 -1.414250 10.842977
57690 28.8450 -1.413661 10.848346
57700 28.8500 -1.412825 10.855759
57710 28.8550 -1.412029 10.874077
57720 28.8600 -1.411213 10.880834
57730 28.8650 -1.410320 10.887972
57740 28.8700 -1.409219 10.896381
57750 28.8750 -1.408141 10.904212
57760 28.8800 -1.406920 10.912609
57770 28.8850 -1.405696 10.920522
57780 28.8900 -1.404628 10.927029
57790 28.8950 -1.403788 10.931887
57800 28.9000 -1.403131 10.935530
57810 28.9050 -1.402546 10.949896
57820 28.9100 -1.401960 10.952921
57830 28.9150 -1.401383 10.955798
57840 28.9200 -1.400871 10.958259
57850 28.9250 -1.400516 10.959919
57860 28.9300 -1.400298 10.960921
57870 28.9350 -1.400224 10.961258
57880 28.9400 -1.400067 10.961966
57890 28.9450 -1.399819 10.963067
57900 28.9500 -1.399443 10.964707
57910 28.9550 -1.399226 10.976775
57920 28.9600 -1.398912 10.978092
57930 28.9650 -1.398639 10.979209
57940 28.9700 -1.398475 10.979871
57950 28.9750 -1.398190 10.980999
57960 28.9800 -1.397799 10.982509
57970 28.9850 -1.397338 10.984229
57980 28.9900 -1.396760 10.986298
57990 28.9950 -1.396018 10.988812
58000 29.0000 -1.395168 10.991496
58010 29.0050 -1.394273 11.005166
58020 29.0100 -1.393430 11.007410
58030 29.0150 -1.392804 11.008951
58040 29.0200 -1.392137 11.010472
58050 29.0250 -1.391605 11.011597
58060 29.0300 -1.391234 11.012338
58070 29.0350 -1.390872 11.013024
58080 29.0400 -1.390428 11.013820
58090 29.0450 -1.390102 11.014370
58100 29.0500 -1.389817 11.014827
58110 29.0550 -1.389669 11.026049
58120 29.0600 -1.389509 11.026290
58130 29.0650 -1.389477 11.026338
58140 29.0700 -1.389738 11.025943
58150 29.0750 -1.390179 11.025234
58160 29.0800 -1.390803 11.024142
58170 29.0850 -1.391378 11.023041
58180 29.0900 -1.392015 11.021718
58190 29.0950 -1.392922 11.019638
58200 29.1000 -1.393908 11.017118
58210 29.1050 -1.394839 11.025464
58220 29.1100 -1.395974 11.021902
58230 29.1150 -1.397185 11.017673
58240 29.1200 -1.398503 11.012560
58250 29.1250 -1.399767 11.007145
58260 29.1300 -1.400863 11.002034
58270 29.1350 -1.401853 10.997085
58280 29.1400 -1.402757 10.992284
58290 29.1450 -1.403593 10.987600
58300 29.1500 -1.404017 10.985132
58310 29.1550 -1.404224 10.994986
58320 29.1600 -1.404314 10.994449
58330 29.1650 -1.404180 10.995249
58340 29.1700 -1.403857 10.997151
58350 29.1750 -1.403138 11.001256
58360 29.1800 -1.402376 11.005419
58370 29.1850 -1.401616 11.009371
58380 29.1900 -1.400757 11.013607
58390 29.1950 -1.400026 11.017021
58400 29.2000 -1.399370 11.019938
58410 29.2050 -1.398586 11.034213
58420 29.2100 -1.397616 11.038022
58430 29.2150 -1.396797 11.041005
58440 29.2200 -1.396129 11.043283
58450 29.2250 -1.395513 11.045262
58460 29.2300 -1.395069 11.046615
58470 29.2350 -1.394777 11.047472
58480 29.2400 -1.394523 11.048198
58490 29.2450 -1.394423 11.048478
58500 29.2500 -1.394517 11.048213
58510 29.2550 -1.395164 11.057218
58520 29.2600 -1.395948 11.054762
58530 29.2650 -1.396627 11.052480
58540 29.2700 -1.397540 11.049179
58550 29.2750 -1.398485 11.045479
58560 29.2800 -1.399218 11.042408
58570 29.2850 -1.399891 11.039435
58580 29.2900 -1.400448 11.036859
58590 29.2950 -1.400985 11.034273
58600 29.3000 -1.401796 11.030188
58610 29.3050 -1.402809 11.035712
58620 29.3100 -1.403891 11.029517
58630 29.3150 -1.404914 11.023279
58640 29.3200 -1.405976 11.016401
58650 29.3250 -1.407018 11.009254
58660 29.3300 -1.408059 11.001710
58670 29.3350 -1.409082 10.993897
58680 29.3400 -1.409863 10.987671
58690 29.3450 -1.410765 10.980184
58700 29.3500 -1.411588 10.973081
58710 29.3550 -1.412342 10.977456
58720 29.3600 -1.413081 10.970634
58730 29.3650 -1.413945 10.962375
58740 29.3700 -1.414806 10.953839
58750 29.3750 -1.415611 10.945599
58760 29.3800 -1.416310 10.938227
58770 29.3850 -1.416837 10.932531
58780 29.3900 -1.417323 10.927185
58790 29.3950 -1.417894 10.920774
58800 29.4000 -1.418412 10.914850
58810 29.4050 -1.418771 10.921974
58820 29.4100 -1.419298 10.915739
58830 29.4150 -1.419808 10.909606
58840 29.4200 -1.420224 10.904513
58850 29.4250 -1.420459 10.901608
58860 29.4300 -1.420663 10.899065
58870 29.4350 -1.420833 10.896931
58880 29.4400 -1.420963 10.895291
58890 29.4450 -1.421131 10.893168
58900 29.4500 -1.421256 10.891568
58910 29.4550 -1.421308 10.902286
58920 29.4600 -1.421218 10.903430
58930 29.4650 -1.421149 10.904318
58940 29.4700 -1.421073 10.905283
58950 29.4750 -1.420892 10.907567
58960 29.4800 -1.420647 10.910644
58970 29.4850 -1.420259 10.915453
58980 29.4900 -1.420036 10.918192
58990 29.4950 -1.419887 10.920017
59000 29.5000 -1.419813 10.920916
59010 29.5050 -1.419900 10.931136
59020 29.5100 -1.420154 10.928029
59030 29.5150 -1.420560 10.923006
59040 29.5200 -1.421256 10.914232
59050 29.5250 -1.422188 10.902137
59060 29.5300 -1.423399 10.885870
59070 29.5350 -1.424794 10.866328
59080 29.5400 -1.426588 10.839921
59090 29.5450 -1.428563 10.809215
59100 29.5500 -1.430561 10.776386
59110 29.5550 -1.432543 10.753811
59120 29.5600 -1.434559 10.717064
59130 29.5650 -1.436621 10.677598
59140 29.5700 -1.438658 10.636753
59150 29.5750 -1.440623 10.595600
59160 29.5800 -1.442503 10.554607
59170 29.5850 -1.444296 10.514062
59180 29.5900 -1.446039 10.473324
59190 29.5950 -1.447604 10.435611
59200 29.6000 -1.448723 10.407996
59210 29.6050 -1.449447 10.402875
59220 29.6100 -1.449896 10.391502
59230 29.6150 -1.450105 10.386165
59240 29.6200 -1.450107 10.386114
59250 29.6250 -1.450031 10.388061
59260 29.6300 -1.449982 10.389303
59270 29.6350 -1.449991 10.389067
59280 29.6400 -1.449873 10.392071
59290 29.6450 -1.449603 10.398925
59300 29.6500 -1.449039 10.413129
59310 29.6550 -1.448254 10.445668
59320 29.6600 -1.447059 10.474877
59330 29.6650 -1.445670 10.508017
59340 29.6700 -1.444227 10.541567
59350 29.6750 -1.442759 10.574741
59360 29.6800 -1.441388 10.604835
59370 29.6850 -1.440191 10.630425
59380 29.6900 -1.439071 10.653778
59390 29.6950 -1.438071 10.674141
59400 29.7000 -1.437125 10.692987
59410 29.7050 -1.436486 10.717516
59420 29.7100 -1.436112 10.724734
59430 29.7150 -1.435945 10.727947
59440 29.7200 -1.436120 10.724578
59450 29.7250 -1.436518 10.716895
59460 29.7300 -1.436989 10.707695
59470 29.7350 -1.437812 10.691361
59480 29.7400 -1.438860 10.670136
59490 29.7450 -1.440163 10.643023
59500 29.7500 -1.441707 10.609884
59510 29.7550 -1.443514 10.582020
59520 29.7600 -1.445738 10.530541
59530 29.7650 -1.448421 10.465439
59540 29.7700 -1.451421 10.388852
59550 29.7750 -1.454675 10.301279
59560 29.7800 -1.458103 10.204120
59570 29.7850 -1.461635 10.098814
59580 29.7900 -1.464889 9.997256
59590 29.7950 -1.468163 9.890811
59600 29.8000 -1.471380 9.782080
59610 29.8050 -1.474447 9.690204
59620 29.8100 -1.477339 9.585611
59630 29.8150 -1.479816 9.493474
59640 29.8200 -1.482001 9.410264
59650 29.8250 -1.483853 9.338324
59660 29.8300 -1.485279 9.282045
59670 29.8350 -1.486530 9.232018
59680 29.8400 -1.487433 9.195554
59690 29.8450 -1.487814 9.180106
59700 29.8500 -1.488253 9.162173
59710 29.8550 -1.488843 9.156478
59720 29.8600 -1.489098 9.145958
59730 29.8650 -1.489116 9.145221
59740 29.8700 -1.488990 9.150429
59750 29.8750 -1.488606 9.166199
59760 29.8800 -1.488210 9.182406
59770 29.8850 -1.487869 9.196314
59780 29.8900 -1.487625 9.206233
59790 29.8950 -1.487578 9.208123
59800 29.9000 -1.487703 9.203063
59810 29.9050 -1.487772 9.218509
59820 29.9100 -1.487640 9.223868
59830 29.9150 -1.487551 9.227477
59840 29.9200 -1.487615 9.224866
59850 29.9250 -1.487701 9.221388
59860 29.9300 -1.487873 9.214369
59870 29.9350 -1.488238 9.199482
59880 29.9400 -1.488706 9.180347
59890 29.9450 -1.489212 9.159494
59900 29.9500 -1.489929 9.129816
59910 29.9550 -1.490733 9.114912
59920 29.9600 -1.491597 9.078597
59930 29.9650 -1.492431 9.043296
59940 29.9700 -1.493256 9.008022
59950 29.9750 -1.494177 8.968391
59960 29.9800 -1.495104 8.928107
59970 29.9850 -1.495882 8.894032
59980 29.9900 -1.496455 8.868765
59990 29.9950 -1.497220 8.834835
60000 30.0000 -1.497954 8.802075
60010 30.0050 -1.498666 8.790442
60020 30.0100 -1.499316 8.761071
60030 30.0150 -1.500146 8.723209
60040 30.0200 -1.500923 8.687545
60050 30.0250 -1.501681 8.652486
60060 30.0300 -1.502239 8.626538
60070 30.0350 -1.502392 8.619390
60080 30.0400 -1.502232 8.626842
60090 30.0450 -1.502049 8.635366
60100 30.0500 -1.501806 8.646707
60110 30.0550 -1.501573 8.678828
60120 30.0600 -1.501330 8.690061
60130 30.0650 -1.501138 8.698959
60140 30.0700 -1.500872 8.711205
60150 30.0750 -1.500657 8.721093
60160 30.0800 -1.500656 8.721148
60170 30.0850 -1.500745 8.717071
60180 30.0900 -1.500865 8.711520
60190 30.0950 -1.501034 8.703755
60200 30.1000 -1.501047 8.703148
60210 30.1050 -1.500871 8.732228
60220 30.1100 -1.500655 8.742142
60230 30.1150 -1.500418 8.753051
60240 30.1200 -1.500098 8.767672
60250 30.1250 -1.499719 8.784999
60260 30.1300 -1.499249 8.806324
60270 30.1350 -1.498837 8.824974
60280 30.1400 -1.498437 8.843012
60290 30.1450 -1.498163 8.855314
60300 30.1500 -1.498097 8.858251
60310 30.1550 -1.498326 8.868061
60320 30.1600 -1.498726 8.850060
60330 30.1650 -1.499583 8.811239
60340 30.1700 -1.500544 8.767315
60350 30.1750 -1.501606 8.718314
60360 30.1800 -1.502687 8.667864
60370 30.1850 -1.503717 8.619290
60380 30.1900 -1.504808 8.567346
60390 30.1950 -1.505992 8.510312
60400 30.2000 -1.507084 8.457128
60410 30.2050 -1.508201 8.424644
60420 30.2100 -1.509343 8.367822
60430 30.2150 -1.510500 8.309610
60440 30.2200 -1.511581 8.254602
60450 30.2250 -1.512598 8.202359
60460 30.2300 -1.513310 8.165529
60470 30.2350 -1.513654 8.147622
60480 30.2400 -1.513682 8.146113
60490 30.2450 -1.513565 8.152216
60500 30.2500 -1.513272 8.167487
60510 30.2550 -1.512885 8.211889
60520 30.2600 -1.512220 8.246207
60530 30.2650 -1.511519 8.282132
60540 30.2700 -1.510820 8.317714
60550 30.2750 -1.509904 8.363967
60560 30.2800 -1.508862 8.416104
60570 30.2850 -1.507811 8.468137
60580 30.2900 -1.506891 8.513213
60590 30.2950 -1.505926 8.560074
60600 30.3000 -1.504857 8.611466
60610 30.3050 -1.503881 8.679432
60620 30.3100 -1.502953 8.723139
60630 30.3150 -1.502105 8.762684
60640 30.3200 -1.501293 8.800279
60650 30.3250 -1.500579 8.833044
60660 30.3300 -1.500136 8.853242
60670 30.3350 -1.500051 8.857113
60680 30.3400 -1.500119 8.853999
60690 30.3450 -1.500406 8.840946
60700 30.3500 -1.500870 8.819717
60710 30.3550 -1.501583 8.807174
60720 30.3600 -1.502630 8.758532
60730 30.3650 -1.504122 8.688227
60740 30.3700 -1.506051 8.595763
60750 30.3750 -1.508170 8.491962
60760 30.3800 -1.510727 8.363715
60770 30.3850 -1.513485 8.221645
60780 30.3900 -1.516214 8.077182
60790 30.3950 -1.518789 7.937336
60800 30.4000 -1.521352 7.794730
60810 30.4050 -1.523875 7.678008
60820 30.4100 -1.526302 7.536535
60830 30.4150 -1.528689 7.394485
60840 30.4200 -1.531119 7.246805
60850 30.4250 -1.533554 7.095880
60860 30.4300 -1.535729 6.958585
60870 30.4350 -1.537643 6.835947
60880 30.4400 -1.539180 6.736222
60890 30.4450 -1.540297 6.663138
60900 30.4500 -1.540885 6.624436
60910 30.4550 -1.540752 6.670663
60920 30.4600 -1.539889 6.727390
60930 30.4650 -1.538517 6.816871
60940 30.4700 -1.536789 6.928293
60950 30.4750 -1.534441 7.077357
60960 30.4800 -1.531476 7.261687
60970 30.4850 -1.528173 7.461742
60980 30.4900 -1.524372 7.684797
60990 30.4950 -1.520451 7.906748
61000 30.5000 -1.516532 8.120309
61010 30.5050 -1.512584 8.351687
61020 30.5100 -1.508742 8.544686
61030 30.5150 -1.505244 8.713502
61040 30.5200 -1.501936 8.867282
61050 30.5250 -1.498681 9.013046
61060 30.5300 -1.495823 9.136687
61070 30.5350 -1.493556 9.231889
61080 30.5400 -1.491916 9.299164
61090 30.5450 -1.490899 9.340230
61100 30.5500 -1.490555 9.354033
61110 30.5550 -1.490744 9.363951
61120 30.5600 -1.491462 9.335062
61130 30.5650 -1.492927 9.275315
61140 30.5700 -1.495127 9.183604
61150 30.5750 -1.498084 9.056534
61160 30.5800 -1.501425 8.907588
61170 30.5850 -1.505214 8.731667
61180 30.5900 -1.509515 8.522758
61190 30.5950 -1.514162 8.285741
61200 30.6000 -1.518952 8.028980
61210 30.6050 -1.523989 7.770438
61220 30.6100 -1.529185 7.462725
61230 30.6150 -1.534528 7.131000
61240 30.6200 -1.539711 6.795235
61250 30.6250 -1.544570 6.468972
61260 30.6300 -1.549163 6.151642
61270 30.6350 -1.553518 5.843942
61280 30.6400 -1.557397 5.565424
61290 30.6450 -1.560776 5.320311
61300 30.6500 -1.563470 5.123708
61310 30.6550 -1.565657 5.020705
61320 30.6600 -1.567560 4.881284
61330 30.6650 -1.569178 4.762618
61340 30.6700 -1.570418 4.671785
61350 30.6750 -1.571250 4.610853
61360 30.6800 -1.571650 4.581573
61370 30.6850 -1.571584 4.586389
61380 30.6900 -1.571048 4.625629
61390 30.6950 -1.570313 4.679466
61400 30.7000 -1.569346 4.750314
61410 30.7050 -1.568264 4.892939
61420 30.7100 -1.566861 4.995754
61430 30.7150 -1.565340 5.107063
61440 30.7200 -1.563662 5.229698
61450 30.7250 -1.561947 5.354651
61460 30.7300 -1.560153 5.484868
61470 30.7350 -1.558524 5.602523
61480 30.7400 -1.557074 5.706818
61490 30.7450 -1.555844 5.794840
61500 30.7500 -1.555020 5.853547
61510 30.7550 -1.554645 5.926745
61520 30.7600 -1.554543 5.934027
61530 30.7650 -1.554979 5.902968
61540 30.7700 -1.555872 5.839334
61550 30.7750 -1.557289 5.737862
61560 30.7800 -1.559267 5.595275
61570 30.7850 -1.561641 5.422992
61580 30.7900 -1.564260 5.231789
61590 30.7950 -1.567017 5.029515
61600 30.8000 -1.570050 4.806535
61610 30.8050 -1.573253 4.633369
61620 30.8100 -1.576540 4.392309
61630 30.8150 -1.579774 4.156673
61640 30.8200 -1.582949 3.927522
61650 30.8250 -1.586133 3.700811
61660 30.8300 -1.589219 3.484623
61670 30.8350 -1.591960 3.296185
61680 30.8400 -1.594312 3.137436
61690 30.8450 -1.596494 2.992926
61700 30.8500 -1.598637 2.853783
61710 30.8550 -1.600538 2.840284
61720 30.8600 -1.602034 2.746586
61730 30.8650 -1.603045 2.684086
61740 30.8700 -1.603478 2.657560
61750 30.8750 -1.603460 2.658607
61760 30.8800 -1.602954 2.689687
61770 30.8850 -1.602056 2.745207
61780 30.8900 -1.600756 2.826558
61790 30.8950 -1.598904 2.944250
61800 30.9000 -1.596632 3.091454
61810 30.9050 -1.594167 3.354954
61820 30.9100 -1.591296 3.548121
61830 30.9150 -1.588426 3.744569
61840 30.9200 -1.585540 3.945032
61850 30.9250 -1.582900 4.130444
61860 30.9300 -1.580308 4.314084
61870 30.9350 -1.577840 4.489907
61880 30.9400 -1.575608 4.649551
61890 30.9450 -1.573699 4.786318
61900 30.9500 -1.572160 4.896584
61910 30.9550 -1.571129 5.031270
61920 30.9600 -1.570540 5.073416
61930 30.9650 -1.570338 5.087867
61940 30.9700 -1.570691 5.062605
61950 30.9750 -1.571478 5.006270
61960 30.9800 -1.572720 4.917242
61970 30.9850 -1.574492 4.790205
61980 30.9900 -1.576613 4.638199
61990 30.9950 -1.579035 4.464930
62000 31.0000 -1.581834 4.265491
62010 31.0050 -1.585175 4.101688
62020 31.0100 -1.588936 3.838725
62030 31.0150 -1.592900 3.566317
62040 31.0200 -1.596831 3.302336
62050 31.0250 -1.600454 3.065523
62060 31.0300 -1.603851 2.849964
62070 31.0350 -1.607096 2.650627
62080 31.0400 -1.610013 2.477272
62090 31.0450 -1.612476 2.335559
62100 31.0500 -1.614512 2.221659
62110 31.0550 -1.616040 2.266644
62120 31.0600 -1.617209 2.203876
62130 31.0650 -1.617633 2.181387
62140 31.0700 -1.617458 2.190651
62150 31.0750 -1.616796 2.225921
62160 31.0800 -1.615704 2.284830
62170 31.0850 -1.614246 2.364822
62180 31.0900 -1.612376 2.469527
62190 31.0950 -1.610059 2.602507
62200 31.1000 -1.607624 2.746038
62210 31.1050 -1.605027 3.013882
62220 31.1100 -1.602569 3.165682
62230 31.1150 -1.600132 3.319149
62240 31.1200 -1.597693 3.475483
62250 31.1250 -1.595255 3.634122
62260 31.1300 -1.592906 3.789057
62270 31.1350 -1.590701 3.936167
62280 31.1400 -1.588790 4.064644
62290 31.1450 -1.587123 4.177546
62300 31.1500 -1.585953 4.257034
62310 31.1550 -1.585019 4.393413
62320 31.1600 -1.584620 4.420689
62330 31.1650 -1.584669 4.417349
62340 31.1700 -1.585062 4.390515
62350 31.1750 -1.585991 4.327183
62360 31.1800 -1.587439 4.228737
62370 31.1850 -1.589191 4.110172
62380 31.1900 -1.591387 3.962529
62390 31.1950 -1.593879 3.796499
62400 31.2000 -1.596543 3.621112
62410 31.2050 -1.599263 3.531465
62420 31.2100 -1.601918 3.361887
62430 31.2150 -1.604547 3.196873
62440 31.2200 -1.607128 3.038038
62450 31.2250 -1.609782 2.878219
62460 31.2300 -1.612370 2.726107
62470 31.2350 -1.614689 2.593116
62480 31.2400 -1.616807 2.474526
62490 31.2450 -1.618576 2.377631
62500 31.2500 -1.619948 2.303910
62510 31.2550 -1.621037 2.371732
62520 31.2600 -1.621894 2.326874
62530 31.2650 -1.622465 2.297225
62540 31.2700 -1.622356 2.302868
62550 31.2750 -1.621534 2.345679
62560 31.2800 -1.620236 2.414087
62570 31.2850 -1.618641 2.499560
62580 31.2900 -1.616679 2.606852
62590 31.2950 -1.614206 2.745263
62600 31.3000 -1.611426 2.904851
62610 31.3050 -1.608067 3.208955
62620 31.3100 -1.604453 3.427425
62630 31.3150 -1.600646 3.662916
62640 31.3200 -1.596846 3.902657
62650 31.3250 -1.593240 4.133681
62660 31.3300 -1.589743 4.360124
62670 31.3350 -1.586619 4.563896
62680 31.3400 -1.583871 4.743832
62690 31.3450 -1.581440 4.903215
62700 31.3500 -1.579588 5.024620
62710 31.3550 -1.578332 5.165560
62720 31.3600 -1.577631 5.211399
62730 31.3650 -1.577552 5.216533
62740 31.3700 -1.578223 5.172673
62750 31.3750 -1.579722 5.074494
62760 31.3800 -1.581891 4.932253
62770 31.3850 -1.584550 4.757712
62780 31.3900 -1.587651 4.554382
62790 31.3950 -1.591032 4.333603
62800 31.4000 -1.594539 4.106228
62810 31.4050 -1.598245 3.944266
62820 31.4100 -1.602108 3.699856
62830 31.4150 -1.605857 3.466907
62840 31.4200 -1.609395 3.251750
62850 31.4250 -1.612729 3.053671
62860 31.4300 -1.615761 2.877944
62870 31.4350 -1.618283 2.735339
62880 31.4400 -1.620337 2.621614
62890 31.4450 -1.621942 2.534398
62900 31.4500 -1.622968 2.479410
62910 31.4550 -1.623279 2.582315
62920 31.4600 -1.623069 2.593530
62930 31.4650 -1.622295 2.634906
62940 31.4700 -1.620886 2.711030
62950 31.4750 -1.618962 2.816611
62960 31.4800 -1.616342 2.963259
62970 31.4850 -1.613143 3.146628
62980 31.4900 -1.609620 3.353530
62990 31.4950 -1.605786 3.583915
63000 31.5000 -1.601793 3.828877
63010 31.5050 -1.597597 4.172354
63020 31.5100 -1.593332 4.441086
63030 31.5150 -1.589145 4.706460
63040 31.5200 -1.585127 4.961630
63050 31.5250 -1.581269 5.206033
63060 31.5300 -1.577781 5.425730
63070 31.5350 -1.574695 5.618611
63080 31.5400 -1.571918 5.790653
63090 31.5450 -1.569547 5.936229
63100 31.5500 -1.567654 6.051380
63110 31.5550 -1.566259 6.179566
63120 31.5600 -1.565281 6.238270
63130 31.5650 -1.564675 6.274489
63140 31.5700 -1.564586 6.279811
63150 31.5750 -1.564995 6.255390
63160 31.5800 -1.566161 6.185479
63170 31.5850 -1.568023 6.073034
63180 31.5900 -1.570503 5.921640
63190 31.5950 -1.573321 5.747729
63200 31.6000 -1.576502 5.549206
63210 31.6050 -1.579894 5.386081
63220 31.6100 -1.583399 5.163259
63230 31.6150 -1.587049 4.929976
63240 31.6200 -1.590581 4.703646
63250 31.6250 -1.593898 4.491320
63260 31.6300 -1.596962 4.295889
63270 31.6350 -1.599682 4.123343
63280 31.6400 -1.601894 3.983930
63290 31.6450 -1.603722 3.869483
63300 31.6500 -1.605295 3.771638
63310 31.6550 -1.606656 3.770703
63320 31.6600 -1.607599 3.712638
63330 31.6650 -1.608225 3.674274
63340 31.6700 -1.608349 3.666635
63350 31.6750 -1.607746 3.703636
63360 31.6800 -1.606408 3.786012
63370 31.6850 -1.604334 3.914559
63380 31.6900 -1.601679 4.080480
63390 31.6950 -1.598555 4.277202
63400 31.7000 -1.595077 4.497538
63410 31.7050 -1.591361 4.801587
63420 31.7100 -1.587369 5.054726
63430 31.7150 -1.583182 5.318684
63440 31.7200 -1.579036 5.577439
63450 31.7250 -1.574847 5.835207
63460 31.7300 -1.570877 6.075157
63470 31.7350 -1.567260 6.289603
63480 31.7400 -1.563993 6.479441
63490 31.7450 -1.561215 6.637685
63500 31.7500 -1.559063 6.758253
63510 31.7550 -1.557344 6.889318
63520 31.7600 -1.556175 6.953154
63530 31.7650 -1.555512 6.989070
63540 31.7700 -1.555425 6.993771
63550 31.7750 -1.556031 6.960984
63560 31.7800 -1.557367 6.888045
63570 31.7850 -1.559333 6.779347
63580 31.7900 -1.561858 6.637379
63590 31.7950 -1.564861 6.465262
63600 31.8000 -1.568165 6.271899
63610 31.8050 -1.571821 6.094767
63620 31.8100 -1.575607 5.863894
63630 31.8150 -1.579285 5.635664
63640 31.8200 -1.582757 5.417293
63650 31.8250 -1.586071 5.206825
63660 31.8300 -1.589315 4.999355
63670 31.8350 -1.592430 4.799397
63680 31.8400 -1.595452 4.605140
63690 31.8450 -1.598190 4.429288
63700 31.8500 -1.600517 4.280251
63710 31.8550 -1.602296 4.238896
63720 31.8600 -1.603442 4.165932
63730 31.8650 -1.604126 4.122491
63740 31.8700 -1.604126 4.122502
63750 31.8750 -1.603542 4.159553
63760 31.8800 -1.602613 4.218742
63770 31.8850 -1.601285 4.303437
63780 31.8900 -1.599278 4.431719
63790 31.8950 -1.596919 4.582896
63800 31.9000 -1.594161 4.759738
63810 31.9050 -1.590990 5.025905
63820 31.9100 -1.587764 5.231301
63830 31.9150 -1.584620 5.429914
63840 31.9200 -1.581404 5.631010
63850 31.9250 -1.578242 5.826170
63860 31.9300 -1.575107 6.016820
63870 31.9350 -1.571903 6.208386
63880 31.9400 -1.568848 6.387495
63890 31.9450 -1.566131 6.543764
63900 31.9500 -1.563876 6.671154
63910 31.9550 -1.561834 6.821605
63920 31.9600 -1.560213 6.910322
63930 31.9650 -1.559266 6.961590
63940 31.9700 -1.558787 6.987349
63950 31.9750 -1.558634 6.995566
63960 31.9800 -1.558770 6.988263
63970 31.9850 -1.559246 6.962681
63980 31.9900 -1.560030 6.920259
63990 31.9950 -1.561279 6.852105
64000 32.0000 -1.562760 6.770400
64010 32.0050 -1.564732 6.696017
64020 32.0100 -1.566830 6.576693
64030 32.0150 -1.569085 6.446266
64040 32.0200 -1.571330 6.314346
64050 32.0250 -1.573393 6.191315
64060 32.0300 -1.575246 6.079458
64070 32.0350 -1.577083 5.967356
64080 32.0400 -1.579065 5.845144
64090 32.0450 -1.581088 5.719192
64100 32.0500 -1.583038 5.596681
64110 32.0550 -1.584690 5.542133
64120 32.0600 -1.586025 5.457172
64130 32.0650 -1.586869 5.403194
64140 32.0700 -1.587202 5.381856
64150 32.0750 -1.587118 5.387289
64160 32.0800 -1.586786 5.408531
64170 32.0850 -1.586032 5.456672
64180 32.0900 -1.584997 5.522635
64190 32.0950 -1.583599 5.611250
64200 32.1000 -1.581822 5.723136
64210 32.1050 -1.579630 5.908160
64220 32.1100 -1.577165 6.060000
64230 32.1150 -1.574476 6.223068
64240 32.1200 -1.571713 6.387615
64250 32.1250 -1.569097 6.540396
64260 32.1300 -1.566588 6.683973
64270 32.1350 -1.564393 6.807204
64280 32.1400 -1.562467 6.913372
64290 32.1450 -1.560665 7.011049
64300 32.1500 -1.558979 7.100939
64310 32.1550 -1.557607 7.205895
64320 32.1600 -1.556560 7.260252
64330 32.1650 -1.555657 7.306641
64340 32.1700 -1.555163 7.331854
64350 32.1750 -1.554844 7.348042
64360 32.1800 -1.554623 7.359256
64370 32.1850 -1.554477 7.366628
64380 32.1900 -1.554640 7.358423
64390 32.1950 -1.554874 7.346529
64400 32.2000 -1.555150 7.332506
64410 32.2050 -1.555396 7.350738
64420 32.2100 -1.555764 7.331934
64430 32.2150 -1.555993 7.320217
64440 32.2200 -1.556204 7.309354
64450 32.2250 -1.556439 7.297242
64460 32.2300 -1.556834 7.276835
64470 32.2350 -1.557227 7.256421
64480 32.2400 -1.557688 7.232398
64490 32.2450 -1.558071 7.212355
64500 32.2500 -1.558074 7.212157
64510 32.2550 -1.557868 7.254815
64520 32.2600 -1.557535 7.272201
64530 32.2650 -1.557216 7.288832
64540 32.2700 -1.556708 7.315157
64550 32.2750 -1.556033 7.349954
64560 32.2800 -1.555326 7.386107
64570 32.2850 -1.554538 7.426103
64580 32.2900 -1.553870 7.459679
64590 32.2950 -1.553389 7.483775
64600 32.3000 -1.552965 7.504858
64610 32.3050 -1.552804 7.542148
64620 32.3100 -1.552742 7.545230
64630 32.3150 -1.552739 7.545411
64640 32.3200 -1.552746 7.545030
64650 32.3250 -1.552885 7.538168
64660 32.3300 -1.552984 7.533246
64670 32.3350 -1.552881 7.538363
64680 32.3400 -1.552772 7.543777
64690 32.3450 -1.553006 7.532124
64700 32.3500 -1.553443 7.510363
64710 32.3550 -1.553996 7.511972
64720 32.3600 -1.554604 7.481346
64730 32.3650 -1.555355 7.443171
64740 32.3700 -1.556283 7.395579
64750 32.3750 -1.557193 7.348424
64760 32.3800 -1.558045 7.303845
64770 32.3850 -1.559020 7.252333
64780 32.3900 -1.560088 7.195292
64790 32.3950 -1.561179 7.136335
64800 32.4000 -1.562300 7.075037
64810 32.4050 -1.563202 7.058320
64820 32.4100 -1.564116 7.007362
64830 32.4150 -1.564926 6.961817
64840 32.4200 -1.565655 6.920549
64850 32.4250 -1.566252 6.886468
64860 32.4300 -1.566764 6.857144
64870 32.4350 -1.567081 6.838888
64880 32.4400 -1.567300 6.826306
64890 32.4450 -1.567693 6.803521
64900 32.4500 -1.568089 6.780545
64910 32.4550 -1.568437 6.796193
64920 32.4600 -1.568623 6.785318
64930 32.4650 -1.568734 6.778841
64940 32.4700 -1.568707 6.780424
64950 32.4750 -1.568461 6.794785
64960 32.4800 -1.568058 6.818272
64970 32.4850 -1.567451 6.853472
64980 32.4900 -1.566749 6.893899
64990 32.4950 -1.566099 6.931091
65000 32.5000 -1.565432 6.969040
65010 32.5050 -1.564968 7.029330
65020 32.5100 -1.564641 7.047763
65030 32.5150 -1.564472 7.057275
65040 32.5200 -1.564553 7.052709
65050 32.5250 -1.564610 7.049512
65060 32.5300 -1.564929 7.031555
65070 32.5350 -1.565458 7.001662
65080 32.5400 -1.566156 6.961925
65090 32.5450 -1.566768 6.926856
65100 32.5500 -1.567351 6.893265
65110 32.5550 -1.567969 6.892253
65120 32.5600 -1.568730 6.847831
65130 32.5650 -1.569692 6.791246
65140 32.5700 -1.570718 6.730274
65150 32.5750 -1.571906 6.658995
65160 32.5800 -1.572994 6.593093
65170 32.5850 -1.573878 6.539039
65180 32.5900 -1.574334 6.511004
65190 32.5950 -1.574389 6.507635
65200 32.6000 -1.574210 6.518659
65210 32.6050 -1.573693 6.589010
65220 32.6100 -1.572785 6.644387
65230 32.6150 -1.571297 6.734202
65240 32.6200 -1.569514 6.840188
65250 32.6250 -1.567621 6.950721
65260 32.6300 -1.565573 7.067911
65270 32.6350 -1.563512 7.183290
65280 32.6400 -1.561370 7.300434
65290 32.6450 -1.558946 7.429514
65300 32.6500 -1.556388 7.561671
65310 32.6550 -1.553746 7.722562
65320 32.6600 -1.551083 7.851120
65330 32.6650 -1.548480 7.972330
65340 32.6700 -1.545791 8.093007
65350 32.6750 -1.543400 8.196569
65360 32.6800 -1.541284 8.285367
65370 32.6850 -1.539422 8.361274
65380 32.6900 -1.537645 8.431895
65390 32.6950 -1.535999 8.495750
65400 32.7000 -1.534530 8.551491
65410 32.7050 -1.533335 8.617867
65420 32.7100 -1.532442 8.650638
65430 32.7150 -1.531833 8.672727
65440 32.7200 -1.531401 8.688301
65450 32.7250 -1.531259 8.693423
65460 32.7300 -1.531415 8.687812
65470 32.7350 -1.532158 8.660945
65480 32.7400 -1.533212 8.622411
65490 32.7450 -1.534603 8.570612
65500 32.7500 -1.536222 8.509056
65510 32.7550 -1.538017 8.461235
65520 32.7600 -1.539897 8.385932
65530 32.7650 -1.541944 8.301584
65540 32.7700 -1.544190 8.206101
65550 32.7750 -1.546698 8.095710
65560 32.7800 -1.549245 7.979504
65570 32.7850 -1.551778 7.859710
65580 32.7900 -1.554303 7.736099
65590 32.7950 -1.556665 7.616613
65600 32.8000 -1.558738 7.508720
65610 32.8050 -1.560563 7.440641
65620 32.8100 -1.562006 7.362098
65630 32.8150 -1.562907 7.312307
65640 32.8200 -1.563194 7.296379
65650 32.8250 -1.563156 7.298479
65660 32.8300 -1.562779 7.319416
65670 32.8350 -1.561899 7.367946
65680 32.8400 -1.560701 7.433191
65690 32.8450 -1.559065 7.520734
65700 32.8500 -1.557118 7.622571
65710 32.8550 -1.555000 7.758800
65720 32.8600 -1.552573 7.878582
65730 32.8650 -1.549865 8.007475
65740 32.8700 -1.546860 8.144732
65750 32.8750 -1.543879 8.274915
65760 32.8800 -1.540794 8.403660
65770 32.8850 -1.537272 8.543424
65780 32.8900 -1.533592 8.681691
65790 32.8950 -1.529814 8.815901
65800 32.9000 -1.526062 8.942087
65810 32.9050 -1.522465 9.076562
65820 32.9100 -1.519058 9.180304
65830 32.9150 -1.516089 9.267132
65840 32.9200 -1.513311 9.345625
65850 32.9250 -1.510788 9.414846
65860 32.9300 -1.508426 9.478008
65870 32.9350 -1.506501 9.528417
65880 32.9400 -1.505076 9.565159
65890 32.9450 -1.504228 9.586827
65900 32.9500 -1.503791 9.597902
65910 32.9550 -1.503520 9.621097
65920 32.9600 -1.503756 9.615127
65930 32.9650 -1.504558 9.594756
65940 32.9700 -1.505878 9.560858
65950 32.9750 -1.507632 9.515200
65960 32.9800 -1.509837 9.456664
65970 32.9850 -1.512244 9.391239
65980 32.9900 -1.514858 9.318164
65990 32.9950 -1.517580 9.239647
66000 33.0000 -1.520381 9.156020
66010 33.0050 -1.523089 9.090654
66020 33.0100 -1.525702 9.006675
66030 33.0150 -1.528326 8.919091
66040 33.0200 -1.530958 8.827745
66050 33.0250 -1.533645 8.730635
66060 33.0300 -1.536069 8.639556
66070 33.0350 -1.538164 8.558049
66080 33.0400 -1.539805 8.492315
66090 33.0450 -1.541235 8.433651
66100 33.0500 -1.542556 8.378307
66110 33.0550 -1.543633 8.355299
66120 33.0600 -1.544546 8.315752
66130 33.0650 -1.545136 8.289856
66140 33.0700 -1.545396 8.278408
66150 33.0750 -1.545239 8.285350
66160 33.0800 -1.544747 8.306942
66170 33.0850 -1.543941 8.342003
66180 33.0900 -1.542981 8.383223
66190 33.0950 -1.541692 8.437605
66200 33.1000 -1.539843 8.513690
66210 33.1050 -1.537945 8.611655
66220 33.1100 -1.535818 8.693958
66230 33.1150 -1.533473 8.781504
66240 33.1200 -1.530989 8.870777
66250 33.1250 -1.528584 8.953942
66260 33.1300 -1.526238 9.032161
66270 33.1350 -1.523994 9.104399
66280 33.1400 -1.521947 9.168229
66290 33.1450 -1.519780 9.233813
66300 33.1500 -1.517887 9.289519
66310 33.1550 -1.516416 9.349629
66320 33.1600 -1.515328 9.380383
66330 33.1650 -1.514394 9.406428
66340 33.1700 -1.513441 9.432724
66350 33.1750 -1.512584 9.456069
66360 33.1800 -1.511920 9.474008
66370 33.1850 -1.511481 9.485792
66380 33.1900 -1.511318 9.490131
66390 33.1950 -1.511361 9.488994
66400 33.2000 -1.511551 9.483902
66410 33.2050 -1.511763 9.495080
66420 33.2100 -1.511994 9.488873
66430 33.2150 -1.512156 9.484501
66440 33.2200 -1.512472 9.475979
66450 33.2250 -1.512859 9.465454
66460 33.2300 -1.513360 9.451796
66470 33.2350 -1.513983 9.434643
66480 33.2400 -1.514408 9.422886
66490 33.2450 -1.514862 9.410257
66500 33.2500 -1.515409 9.394908
66510 33.2550 -1.515784 9.401635
66520 33.2600 -1.515940 9.397208
66530 33.2650 -1.515966 9.396474
66540 33.2700 -1.515905 9.398201
66550 33.2750 -1.515466 9.410605
66560 33.2800 -1.514955 9.424929
66570 33.2850 -1.514391 9.440657
66580 33.2900 -1.513517 9.464741
66590 33.2950 -1.512343 9.496707
66600 33.3000 -1.511013 9.532358
66610 33.3050 -1.509329 9.593279
66620 33.3100 -1.507450 9.641625
66630 33.3150 -1.505494 9.690860
66640 33.3200 -1.503353 9.743535
66650 33.3250 -1.501247 9.794234
66660 33.3300 -1.499129 9.844146
66670 33.3350 -1.496909 9.895416
66680 33.3400 -1.494654 9.946474
66690 33.3450 -1.492408 9.996386
66700 33.3500 -1.490331 10.041772
66710 33.3550 -1.488261 10.100699
66720 33.3600 -1.486424 10.139596
66730 33.3650 -1.485028 10.168807
66740 33.3700 -1.484143 10.187184
66750 33.3750 -1.483683 10.196685
66760 33.3800 -1.483739 10.195517
66770 33.3850 -1.484133 10.187387
66780 33.3900 -1.484822 10.173098
66790 33.3950 -1.485735 10.154060
66800 33.4000 -1.486771 10.132282
66810 33.4050 -1.487958 10.121202
66820 33.4100 -1.489342 10.091578
66830 33.4150 -1.491019 10.055265
66840 33.4200 -1.492906 10.013780
66850 33.4250 -1.494890 9.969422
66860 33.4300 -1.496886 9.924031
66870 33.4350 -1.499036 9.874166
66880 33.4400 -1.501104 9.825231
66890 33.4450 -1.503211 9.774276
66900 33.4500 -1.505308 9.722406
66910 33.4550 -1.507240 9.689287
66920 33.4600 -1.509219 9.637997
66930 33.4650 -1.511211 9.585094
66940 33.4700 -1.512604 9.547255
66950 33.4750 -1.513860 9.512534
66960 33.4800 -1.514789 9.486488
66970 33.4850 -1.515238 9.473766
66980 33.4900 -1.515287 9.472356
66990 33.4950 -1.515225 9.474121
67000 33.5000 -1.514931 9.482477
67010 33.5050 -1.514519 9.510965
67020 33.5100 -1.513863 9.529314
67030 33.5150 -1.512993 9.553423
67040 33.5200 -1.511741 9.587602
67050 33.5250 -1.510345 9.625050
67060 33.5300 -1.508847 9.664477
67070 33.5350 -1.507123 9.708942
67080 33.5400 -1.505297 9.755008
67090 33.5450 -1.503582 9.797389
67100 33.5500 -1.501972 9.836420
67110 33.5550 -1.500417 9.888749
67120 33.5600 -1.498755 9.927655
67130 33.5650 -1.497036 9.967173
67140 33.5700 -1.495091 10.011076
67150 33.5750 -1.493180 10.053414
67160 33.5800 -1.491329 10.093693
67170 33.5850 -1.489336 10.136315
67180 33.5900 -1.487365 10.177719
67190 33.5950 -1.485421 10.217893
67200 33.6000 -1.483654 10.253832
67210 33.6050 -1.482217 10.296274
67220 33.6100 -1.480741 10.325528
67230 33.6150 -1.479418 10.351443
67240 33.6200 -1.478282 10.373449
67250 33.6250 -1.477440 10.389630
67260 33.6300 -1.476887 10.400200
67270 33.6350 -1.476653 10.404656
67280 33.6400 -1.476393 10.409585
67290 33.6450 -1.476097 10.415189
67300 33.6500 -1.476023 10.416601
67310 33.6550 -1.476094 10.428238
67320 33.6600 -1.476291 10.424512
67330 33.6650 -1.476261 10.425089
67340 33.6700 -1.475934 10.431265
67350 33.6750 -1.475404 10.441266
67360 33.6800 -1.474851 10.451630
67370 33.6850 -1.474283 10.462247
67380 33.6900 -1.473577 10.475346
67390 33.6950 -1.472441 10.496246
67400 33.7000 -1.471148 10.519751
67410 33.7050 -1.469617 10.559850
67420 33.7100 -1.467916 10.589867
67430 33.7150 -1.466223 10.619217
67440 33.7200 -1.464353 10.651022
67450 33.7250 -1.462273 10.685583
67460 33.7300 -1.460169 10.719701
67470 33.7350 -1.458253 10.749979
67480 33.7400 -1.456372 10.778955
67490 33.7450 -1.454500 10.807038
67500 33.7500 -1.452773 10.832276
67510 33.7550 -1.451195 10.866287
67520 33.7600 -1.449536 10.889249
67530 33.7650 -1.447776 10.912885
67540 33.7700 -1.446063 10.935164
67550 33.7750 -1.444467 10.955237
67560 33.7800 -1.442974 10.973420
67570 33.7850 -1.441545 10.990280
67580 33.7900 -1.440141 11.006318
67590 33.7950 -1.438919 11.019838
67600 33.8000 -1.438061 11.029089
67610 33.8050 -1.437528 11.045676
67620 33.8100 -1.437479 11.046198
67630 33.8150 -1.437728 11.043573
67640 33.8200 -1.438351 11.036927
67650 33.8250 -1.439333 11.026240
67660 33.8300 -1.440815 11.009612
67670 33.8350 -1.442851 10.985795
67680 33.8400 -1.445077 10.958476
67690 33.8450 -1.447272 10.930286
67700 33.8500 -1.449354 10.902407
67710 33.8550 -1.451444 10.884681
67720 33.8600 -1.453556 10.854222
67730 33.8650 -1.455526 10.824849
67740 33.8700 -1.457129 10.800291
67750 33.8750 -1.458490 10.778992
67760 33.8800 -1.459574 10.761732
67770 33.8850 -1.460433 10.747867
67780 33.8900 -1.461030 10.738144
67790 33.8950 -1.461234 10.734803
67800 33.9000 -1.461122 10.736648
67810 33.9050 -1.460643 10.756344
67820 33.9100 -1.459694 10.771685
67830 33.9150 -1.458261 10.794462
67840 33.9200 -1.456395 10.823440
67850 33.9250 -1.454266 10.855508
67860 33.9300 -1.451941 10.889284
67870 33.9350 -1.449223 10.927080
67880 33.9400 -1.446240 10.966380
67890 33.9450 -1.443098 11.005218
67900 33.9500 -1.439882 11.042147
67910 33.9550 -1.436576 11.087955
67920 33.9600 -1.433298 11.119365
67930 33.9650 -1.430137 11.146610
67940 33.9700 -1.426908 11.171294
67950 33.9750 -1.423744 11.192398
67960 33.9800 -1.420535 11.210680
67970 33.9850 -1.417609 11.224627
67980 33.9900 -1.414901 11.235248
67990 33.9950 -1.412400 11.243139
68000 34.0000 -1.410120 11.248753
68010 34.0050 -1.407999 11.262942
68020 34.0100 -1.405973 11.265480
68030 34.0150 -1.404578 11.266572
68040 34.0200 -1.403501 11.267055
68050 34.0250 -1.402757 11.267210
68060 34.0300 -1.402287 11.267232
68070 34.0350 -1.402264 11.267232
68080 34.0400 -1.402648 11.267220
68090 34.0450 -1.403319 11.267107
68100 34.0500 -1.404152 11.266800
68110 34.0550 -1.405209 11.276385
68120 34.0600 -1.406384 11.275291
68130 34.0650 -1.407429 11.273993
68140 34.0700 -1.408205 11.272829
68150 34.0750 -1.408912 11.271621
68160 34.0800 -1.409465 11.270574
68170 34.0850 -1.409731 11.270039
68180 34.0900 -1.409920 11.269646
68190 34.0950 -1.409799 11.269898
68200 34.1000 -1.409512 11.270481
68210 34.1050 -1.409073 11.281557
68220 34.1100 -1.408585 11.282430
68230 34.1150 -1.408098 11.283230
68240 34.1200 -1.407433 11.284211
68250 34.1250 -1.406625 11.285234
68260 34.1300 -1.405648 11.286224
68270 34.1350 -1.404541 11.287020
68280 34.1400 -1.403546 11.287445
68290 34.1450 -1.402463 11.287601
68300 34.1500 -1.401262 11.287404
68310 34.1550 -1.399655 11.296723
68320 34.1600 -1.397950 11.295066
68330 34.1650 -1.396126 11.292474
68340 34.1700 -1.394143 11.288724
68350 34.1750 -1.391923 11.283417
68360 34.1800 -1.389553 11.276517
68370 34.1850 -1.387063 11.267955
68380 34.1900 -1.384388 11.257336
68390 34.1950 -1.381781 11.245654
68400 34.2000 -1.379368 11.233732
68410 34.2050 -1.377059 11.231706
68420 34.2100 -1.374691 11.218092
68430 34.2150 -1.372426 11.204211
68440 34.2200 -1.370523 11.191933
68450 34.2250 -1.368942 11.181314
68460 34.2300 -1.367978 11.174653
68470 34.2350 -1.367424 11.170766
68480 34.2400 -1.367534 11.171542
68490 34.2450 -1.368250 11.176549
68500 34.2500 -1.369295 11.183716
68510 34.2550 -1.370505 11.202296
68520 34.2600 -1.372102 11.212631
68530 34.2650 -1.373948 11.224067
68540 34.2700 -1.375905 11.235581
68550 34.2750 -1.377831 11.246275
68560 34.2800 -1.379871 11.256892
68570 34.2850 -1.382082 11.267541
68580 34.2900 -1.384351 11.277487
68590 34.2950 -1.386731 11.286805
68600 34.3000 -1.389108 11.294920
68610 34.3050 -1.391354 11.311586
68620 34.3100 -1.393433 11.316547
68630 34.3150 -1.395264 11.320039
68640 34.3200 -1.396777 11.322284
68650 34.3250 -1.397848 11.323516
68660 34.3300 -1.398119 11.323780
68670 34.3350 -1.397732 11.323397
68680 34.3400 -1.396727 11.322220
68690 34.3450 -1.395347 11.320177
68700 34.3500 -1.393531 11.316755
68710 34.3550 -1.391390 11.321773
68720 34.3600 -1.388881 11.314419
68730 34.3650 -1.385990 11.304162
68740 34.3700 -1.382907 11.291236
68750 34.3750 -1.379510 11.274763
68760 34.3800 -1.375955 11.255177
68770 34.3850 -1.372254 11.232424
68780 34.3900 -1.368110 11.204241
68790 34.3950 -1.363867 11.172566
68800 34.4000 -1.359598 11.137902
68810 34.4050 -1.355292 11.110616
68820 34.4100 -1.351107 11.070763
68830 34.4150 -1.347136 11.029974
68840 34.4200 -1.343557 10.990462
68850 34.4250 -1.340505 10.954486
68860 34.4300 -1.337572 10.917697
68870 34.4350 -1.335047 10.884118
68880 34.4400 -1.333318 10.860022
68890 34.4450 -1.332306 10.845480
68900 34.4500 -1.331742 10.837225
68910 34.4550 -1.331729 10.848590
68920 34.4600 -1.332395 10.858314
68930 34.4650 -1.333680 10.876688
68940 34.4700 -1.335314 10.899281
68950 34.4750 -1.337226 10.924686
68960 34.4800 -1.339270 10.950682
68970 34.4850 -1.341193 10.974140
68980 34.4900 -1.343165 10.997226
68990 34.4950 -1.345155 11.019593
69000 34.5000 -1.347133 11.040964
69010 34.5050 -1.349225 11.073583
69020 34.5100 -1.351036 11.091663
69030 34.5150 -1.352833 11.108978
69040 34.5200 -1.354217 11.121909
69050 34.5250 -1.355383 11.132542
69060 34.5300 -1.356456 11.142103
69070 34.5350 -1.357420 11.150534
69080 34.5400 -1.358089 11.156287
69090 34.5450 -1.358431 11.159195
69100 34.5500 -1.358414 11.159055
69110 34.5550 -1.358159 11.167438
69120 34.5600 -1.357625 11.162854
69130 34.5650 -1.356581 11.153760
69140 34.5700 -1.354961 11.139255
69150 34.5750 -1.352858 11.119710
69160 34.5800 -1.350324 11.095050
69170 34.5850 -1.347314 11.064085
69180 34.5900 -1.344047 11.028272
69190 34.5950 -1.340676 10.988655
69200 34.6000 -1.337036 10.942527
69210 34.6050 -1.333254 10.901638
69220 34.6100 -1.329569 10.846237
69230 34.6150 -1.325650 10.781640
69240 34.6200 -1.321678 10.709489
69250 34.6250 -1.317692 10.629487
69260 34.6300 -1.313751 10.542070
69270 34.6350 -1.309882 10.447391
69280 34.6400 -1.305981 10.342210
69290 34.6450 -1.302149 10.228645
69300 34.6500 -1.298560 10.112368
69310 34.6550 -1.295411 10.016180
69320 34.6600 -1.292815 9.919049
69330 34.6650 -1.290746 9.837512
69340 34.6700 -1.289198 9.774102
69350 34.6750 -1.287958 9.721781
69360 34.6800 -1.286978 9.679446
69370 34.6850 -1.286352 9.651951
69380 34.6900 -1.286124 9.641851
69390 34.6950 -1.286194 9.644969
69400 34.7000 -1.286325 9.650786
69410 34.7050 -1.286397 9.670038
69420 34.7100 -1.286726 9.684526
69430 34.7150 -1.287431 9.715207
69440 34.7200 -1.288387 9.756116
69450 34.7250 -1.289496 9.802548
69460 34.7300 -1.290737 9.853203
69470 34.7350 -1.291730 9.892760
69480 34.7400 -1.292672 9.929494
69490 34.7450 -1.293724 9.969616
69500 34.7500 -1.294869 10.012217
69510 34.7550 -1.296167 10.073722
69520 34.7600 -1.297621 10.124673
69530 34.7650 -1.299066 10.173606
69540 34.7700 -1.300481 10.219895
69550 34.7750 -1.301704 10.258642
69560 34.7800 -1.303003 10.298526
69570 34.7850 -1.304255 10.335793
69580 34.7900 -1.305175 10.362458
69590 34.7950 -1.305674 10.376661
69600 34.8000 -1.306204 10.391545
69610 34.8050 -1.306401 10.410092
69620 34.8100 -1.306463 10.411813
69630 34.8150 -1.306361 10.409003
69640 34.8200 -1.306184 10.404068
69650 34.8250 -1.305877 10.395472
69660 34.8300 -1.305460 10.383654
69670 34.8350 -1.304986 10.370106
69680 34.8400 -1.304415 10.353544
69690 34.8450 -1.303749 10.333942
69700 34.8500 -1.303094 10.314345
69710 34.8550 -1.302369 10.305627
69720 34.8600 -1.301675 10.284108
69730 34.8650 -1.300894 10.259458
69740 34.8700 -1.299986 10.230191
69750 34.8750 -1.298820 10.191642
69760 34.8800 -1.297596 10.149991
69770 34.8850 -1.296245 10.102564
69780 34.8900 -1.295066 10.059950
69790 34.8950 -1.293898 10.016541
69800 34.9000 -1.292557 9.965247
69810 34.9050 -1.291058 9.920817
69820 34.9100 -1.289727 9.866541
69830 34.9150 -1.288373 9.809703
69840 34.9200 -1.287121 9.755674
69850 34.9250 -1.285857 9.699641
69860 34.9300 -1.284641 9.644323
69870 34.9350 -1.283368 9.584919
69880 34.9400 -1.282073 9.522961
69890 34.9450 -1.280944 9.467624
69900 34.9500 -1.280016 9.421222
69910 34.9550 -1.279322 9.403129
69920 34.9600 -1.279184 9.396068
69930 34.9650 -1.279218 9.397794
69940 34.9700 -1.279256 9.399777
69950 34.9750 -1.279291 9.401574
69960 34.9800 -1.279431 9.408720
69970 34.9850 -1.279903 9.432671
69980 34.9900 -1.280670 9.471130
69990 34.9950 -1.281791 9.526402
70000 35.0000 -1.283004 9.584774
70010 35.0050 -1.284287 9.661430
70020 35.0100 -1.285574 9.720302
70030 35.0150 -1.286881 9.778510
70040 35.0200 -1.288156 9.833683
70050 35.0250 -1.289558 9.892650
70060 35.0300 -1.291149 9.957361
70070 35.0350 -1.292677 10.017380
70080 35.0400 -1.294280 10.078057
70090 35.0450 -1.295878 10.136298
70100 35.0500 -1.297399 10.189714
70110 35.0550 -1.298704 10.247807
70120 35.0600 -1.299709 10.280946
70130 35.0650 -1.300606 10.309779
70140 35.0700 -1.301196 10.328399
70150 35.0750 -1.301659 10.342826
70160 35.0800 -1.301840 10.348411
70170 35.0850 -1.301601 10.341047
70180 35.0900 -1.300757 10.314572
70190 35.0950 -1.299663 10.279451
70200 35.1000 -1.298075 10.226668
70210 35.1050 -1.296261 10.177483
70220 35.1100 -1.294132 10.100023
70230 35.1150 -1.291921 10.015309
70240 35.1200 -1.289574 9.920512
70250 35.1250 -1.287251 9.821622
70260 35.1300 -1.285101 9.725526
70270 35.1350 -1.283012 9.627929
70280 35.1400 -1.280893 9.524635
70290 35.1450 -1.278628 9.409379
70300 35.1500 -1.276429 9.292704
70310 35.1550 -1.274223 9.188646
70320 35.1600 -1.272090 9.066323
70330 35.1650 -1.269900 8.936160
70340 35.1700 -1.268036 8.821722
70350 35.1750 -1.266277 8.710733
70360 35.1800 -1.264576 8.600670
70370 35.1850 -1.263053 8.499866
70380 35.1900 -1.261699 8.408493
70390 35.1950 -1.260453 8.322993
70400 35.2000 -1.259334 8.245095
70410 35.2050 -1.258366 8.200650
70420 35.2100 -1.257480 8.137478
70430 35.2150 -1.256776 8.086866
70440 35.2200 -1.256224 8.046851
70450 35.2250 -1.255569 7.999072
70460 35.2300 -1.254833 7.944962
70470 35.2350 -1.254107 7.891170
70480 35.2400 -1.253314 7.832013
70490 35.2450 -1.252529 7.772948
70500 35.2500 -1.251781 7.716269
70510 35.2550 -1.251030 7.686528
70520 35.2600 -1.250457 7.642564
70530 35.2650 -1.250129 7.617216
70540 35.2700 -1.249880 7.597971
70550 35.2750 -1.249651 7.580269
70560 35.2800 -1.249555 7.572792
70570 35.2850 -1.249370 7.558423
70580 35.2900 -1.249042 7.532857
70590 35.2950 -1.248623 7.500150
70600 35.3000 -1.248003 7.451497
70610 35.3050 -1.247216 7.419137
70620 35.3100 -1.246318 7.347777
70630 35.3150 -1.245524 7.284229
70640 35.3200 -1.244906 7.234613
70650 35.3250 -1.244048 7.165230
70660 35.3300 -1.243034 7.082725
70670 35.3350 -1.242009 6.998790
70680 35.3400 -1.240810 6.899935
70690 35.3450 -1.239430 6.785274
70700 35.3500 -1.238016 6.667025
70710 35.3550 -1.236632 6.587466
70720 35.3600 -1.235308 6.475328
70730 35.3650 -1.234111 6.373443
70740 35.3700 -1.233283 6.302718
70750 35.3750 -1.232582 6.242709
70760 35.3800 -1.231839 6.178946
70770 35.3850 -1.231175 6.121883
70780 35.3900 -1.230667 6.078089
70790 35.3950 -1.230484 6.062369
70800 35.4000 -1.230472 6.061354
70810 35.4050 -1.230708 6.125587
70820 35.4100 -1.231118 6.160814
70830 35.4150 -1.231578 6.200420
70840 35.4200 -1.232272 6.259949
70850 35.4250 -1.233166 6.336522
70860 35.4300 -1.234113 6.417421
70870 35.4350 -1.235128 6.503774
70880 35.4400 -1.236109 6.586873
70890 35.4450 -1.236997 6.661802
70900 35.4500 -1.237712 6.721966
70910 35.4550 -1.238268 6.805032
70920 35.4600 -1.238804 6.849837
70930 35.4650 -1.239322 6.893051
70940 35.4700 -1.240011 6.950281
70950 35.4750 -1.240732 7.009854
70960 35.4800 -1.241424 7.066873
70970 35.4850 -1.242081 7.120742
70980 35.4900 -1.242729 7.173599
70990 35.4950 -1.243222 7.213723
71000 35.5000 -1.243894 7.268141
71010 35.5050 -1.244707 7.364849
71020 35.5100 -1.245493 7.427772
71030 35.5150 -1.246385 7.498603
71040 35.5200 -1.247335 7.573511
71050 35.5250 -1.248202 7.641320
71060 35.5300 -1.249090 7.710217
71070 35.5350 -1.250093 7.787334
71080 35.5400 -1.251026 7.858346
71090 35.5450 -1.251863 7.921539
71100 35.5500 -1.252636 7.979353
71110 35.5550 -1.253488 8.068214
71120 35.5600 -1.254256 8.124643
71130 35.5650 -1.254926 8.173519
71140 35.5700 -1.255409 8.208416
71150 35.5750 -1.255783 8.235365
71160 35.5800 -1.256098 8.257934
71170 35.5850 -1.256366 8.277077
71180 35.5900 -1.256516 8.287805
71190 35.5950 -1.256600 8.293807
71200 35.6000 -1.256744 8.304006
71210 35.6050 -1.256634 8.319617
71220 35.6100 -1.256464 8.307554
71230 35.6150 -1.256390 8.302257
71240 35.6200 -1.256129 8.283624
71250 35.6250 -1.255926 8.269084
71260 35.6300 -1.255889 8.266414
71270 35.6350 -1.255788 8.259177
71280 35.6400 -1.255597 8.245437
71290 35.6450 -1.255266 8.221565
71300 35.6500 -1.254925 8.196860
71310 35.6550 -1.254662 8.201858
71320 35.6600 -1.254636 8.200021
71330 35.6650 -1.254847 8.215314
71340 35.6700 -1.255152 8.237459
71350 35.6750 -1.255647 8.273178
71360 35.6800 -1.256351 8.323628
71370 35.6850 -1.257264 8.388355
71380 35.6900 -1.257964 8.437544
71390 35.6950 -1.258626 8.483556
71400 35.7000 -1.259195 8.522806
71410 35.7050 -1.259653 8.576197
71420 35.7100 -1.260023 8.601377
71430 35.7150 -1.260457 8.630812
71440 35.7200 -1.260829 8.655827
71450 35.7250 -1.261173 8.678828
71460 35.7300 -1.261632 8.709391
71470 35.7350 -1.262019 8.735039
71480 35.7400 -1.262134 8.742598
71490 35.7450 -1.261981 8.732467
71500 35.7500 -1.261608 8.707783
71510 35.7550 -1.261039 8.690834
71520 35.7600 -1.260277 8.639590
71530 35.7650 -1.259466 8.584373
71540 35.7700 -1.258447 8.514080
71550 35.7750 -1.257311 8.434631
71560 35.7800 -1.256225 8.357504
71570 35.7850 -1.255236 8.286333
71580 35.7900 -1.254406 8.225924
71590 35.7950 -1.253520 8.160740
71600 35.8000 -1.252639 8.095285
71610 35.8050 -1.251901 8.064748
71620 35.8100 -1.251186 8.010694
71630 35.8150 -1.250689 7.972887
71640 35.8200 -1.250426 7.952775
71650 35.8250 -1.250201 7.935500
71660 35.8300 -1.249946 7.915877
71670 35.8350 -1.249577 7.887439
71680 35.8400 -1.249012 7.843678
71690 35.8450 -1.248376 7.794094
71700 35.8500 -1.247660 7.737897
71710 35.8550 -1.247116 7.722420
71720 35.8600 -1.246676 7.687496
71730 35.8650 -1.246466 7.670811
71740 35.8700 -1.246470 7.671137
71750 35.8750 -1.246685 7.688264
71760 35.8800 -1.247130 7.723558
71770 35.8850 -1.247656 7.765070
71780 35.8900 -1.247989 7.791243
71790 35.8950 -1.248123 7.801754
71800 35.9000 -1.247905 7.784618
71810 35.9050 -1.247667 7.793054
71820 35.9100 -1.247280 7.762556
71830 35.9150 -1.246931 7.734870
71840 35.9200 -1.246417 7.694001
71850 35.9250 -1.245835 7.647507
71860 35.9300 -1.245098 7.588274
71870 35.9350 -1.244301 7.523745
71880 35.9400 -1.243579 7.464933
71890 35.9450 -1.242779 7.399301
71900 35.9500 -1.242053 7.339461
71910 35.9550 -1.241455 7.320585
71920 35.9600 -1.241037 7.285826
71930 35.9650 -1.240562 7.246139
71940 35.9700 -1.240214 7.216955
71950 35.9750 -1.240002 7.199172
71960 35.9800 -1.240048 7.203015
71970 35.9850 -1.240100 7.207377
71980 35.9900 -1.240206 7.216292
71990 35.9950 -1.240393 7.231978
72000 36.0000 -1.240632 7.251944
72010 36.0050 -1.241131 7.325115
72020 36.0100 -1.241896 7.388588
72030 36.0150 -1.242773 7.460968
72040 36.0200 -1.243771 7.542733
72050 36.0250 -1.244855 7.630651
72060 36.0300 -1.245897 7.714387
72070 36.0350 -1.246994 7.801649
72080 36.0400 -1.248229 7.898791
72090 36.0450 -1.249284 7.980727
72100 36.0500 -1.249817 8.021776
72110 36.0550 -1.250288 8.083219
72120 36.0600 -1.250633 8.109585
72130 36.0650 -1.250854 8.126392
72140 36.0700 -1.251053 8.141423
72150 36.0750 -1.251318 8.161490
72160 36.0800 -1.251510 8.175964
72170 36.0850 -1.251655 8.186888
72180 36.0900 -1.251795 8.197376
72190 36.0950 -1.251822 8.199421
72200 36.1000 -1.251814 8.198787
72210 36.1050 -1.251652 8.210760
72220 36.1100 -1.251269 8.181930
72230 36.1150 -1.250798 8.146252
72240 36.1200 -1.250089 8.092182
72250 36.1250 -1.249383 8.037903
72260 36.1300 -1.248347 7.957425
72270 36.1350 -1.247040 7.854709
72280 36.1400 -1.245518 7.733251
72290 36.1450 -1.243742 7.589378
72300 36.1500 -1.241992 7.445326
72310 36.1550 -1.240127 7.319377
72320 36.1600 -1.238176 7.154001
72330 36.1650 -1.236356 6.997813
72340 36.1700 -1.234866 6.868633
72350 36.1750 -1.233509 6.750063
72360 36.1800 -1.232350 6.648142
72370 36.1850 -1.231267 6.552487
72380 36.1900 -1.230319 6.468408
72390 36.1950 -1.229345 6.381703
72400 36.2000 -1.228479 6.304402
72410 36.2050 -1.227980 6.300817
72420 36.2100 -1.227756 6.280764
72430 36.2150 -1.227965 6.299429
72440 36.2200 -1.228429 6.340959
72450 36.2250 -1.229330 6.421363
72460 36.2300 -1.230384 6.515130
72470 36.2350 -1.231576 6.620751
72480 36.2400 -1.233029 6.748776
72490 36.2450 -1.234391 6.867954
72500 36.2500 -1.235847 6.994366
72510 36.2550 -1.237440 7.165193
72520 36.2600 -1.239075 7.304351
72530 36.2650 -1.240711 7.441867
72540 36.2700 -1.242150 7.561326
72550 36.2750 -1.243664 7.685414
72560 36.2800 -1.245127 7.803643
72570 36.2850 -1.246510 7.913809
72580 36.2900 -1.247989 8.029912
72590 36.2950 -1.249137 8.118658
72600 36.3000 -1.250154 8.196409
72610 36.3050 -1.251016 8.285609
72620 36.3100 -1.251698 8.336645
72630 36.3150 -1.252209 8.374553
72640 36.3200 -1.252641 8.406480
72650 36.3250 -1.252919 8.426874
72660 36.3300 -1.252854 8.422087
72670 36.3350 -1.252517 8.397329
72680 36.3400 -1.251978 8.357477
72690 36.3450 -1.251097 8.291704
72700 36.3500 -1.250061 8.213456
72710 36.3550 -1.248871 8.146390
72720 36.3600 -1.247560 8.044543
72730 36.3650 -1.246120 7.930929
72740 36.3700 -1.244371 7.790607
72750 36.3750 -1.242398 7.629376
72760 36.3800 -1.240176 7.444333
72770 36.3850 -1.237798 7.242629
72780 36.3900 -1.235245 7.022188
72790 36.3950 -1.232711 6.799918
72800 36.4000 -1.230249 6.581378
72810 36.4050 -1.227846 6.403786
72820 36.4100 -1.225530 6.194470
72830 36.4150 -1.223368 5.998085
72840 36.4200 -1.221438 5.822276
72850 36.4250 -1.219927 5.684442
72860 36.4300 -1.218824 5.583915
72870 36.4350 -1.218321 5.538078
72880 36.4400 -1.218236 5.530326
72890 36.4450 -1.218406 5.545826
72900 36.4500 -1.218833 5.584700
72910 36.4550 -1.219455 5.691573
72920 36.4600 -1.220405 5.778225
72930 36.4650 -1.221376 5.866715
72940 36.4700 -1.222366 5.956888
72950 36.4750 -1.223400 6.050928
72960 36.4800 -1.224543 6.154715
72970 36.4850 -1.225860 6.274045
72980 36.4900 -1.227056 6.381975
72990 36.4950 -1.228251 6.489461
73000 36.5000 -1.229510 6.602222
73010 36.5050 -1.230890 6.762912
73020 36.5100 -1.232263 6.884399
73030 36.5150 -1.233424 6.986408
73040 36.5200 -1.234374 7.069370
73050 36.5250 -1.235360 7.154947
73060 36.5300 -1.236429 7.247051
73070 36.5350 -1.237441 7.333679
73080 36.5400 -1.238291 7.405823
73090 36.5450 -1.238983 7.464260
73100 36.5500 -1.239629 7.518547
73110 36.5550 -1.240328 7.606134
73120 36.5600 -1.240950 7.657787
73130 36.5650 -1.241507 7.703732
73140 36.5700 -1.241644 7.715013
73150 36.5750 -1.241521 7.704908
73160 36.5800 -1.241052 7.666224
73170 36.5850 -1.240329 7.606178
73180 36.5900 -1.239462 7.533728
73190 36.5950 -1.238292 7.435127
73200 36.6000 -1.236859 7.313124
73210 36.6050 -1.235232 7.203855
73220 36.6100 -1.233367 7.041249
73230 36.6150 -1.231351 6.863316
73240 36.6200 -1.229063 6.659157
73250 36.6250 -1.226644 6.441038
73260 36.6300 -1.224015 6.202067
73270 36.6350 -1.221182 5.943033
73280 36.6400 -1.218463 5.693569
73290 36.6450 -1.215639 5.434638
73300 36.6500 -1.212897 5.183980
73310 36.6550 -1.210392 5.012462
73320 36.6600 -1.208212 4.815793
73330 36.6650 -1.206193 4.635145
73340 36.6700 -1.204406 4.476738
73350 36.6750 -1.202991 4.352388
73360 36.6800 -1.201898 4.257089
73370 36.6850 -1.201203 4.196823
73380 36.6900 -1.200864 4.167577
73390 36.6950 -1.200792 4.161369
73400 36.7000 -1.201140 4.191458
73410 36.7050 -1.201965 4.336948
73420 36.7100 -1.203198 4.444567
73430 36.7150 -1.204684 4.575169
73440 36.7200 -1.206380 4.725501
73450 36.7250 -1.208397 4.905734
73460 36.7300 -1.210478 5.093069
73470 36.7350 -1.212681 5.292500
73480 36.7400 -1.215207 5.522303
73490 36.7450 -1.217734 5.752607
73500 36.7500 -1.220261 5.982896
73510 36.7550 -1.222677 6.247266
73520 36.7600 -1.224883 6.446574
73530 36.7650 -1.226754 6.614431
73540 36.7700 -1.228264 6.749046
73550 36.7750 -1.229544 6.862473
73560 36.7800 -1.230339 6.932514
73570 36.7850 -1.230784 6.971620
73580 36.7900 -1.230749 6.968534
73590 36.7950 -1.230236 6.923457
73600 36.8000 -1.229112 6.824312
73610 36.8050 -1.227686 6.733149
73620 36.8100 -1.225895 6.572868
73630 36.8150 -1.223764 6.380836
73640 36.8200 -1.221166 6.145104
73650 36.8250 -1.218206 5.875165
73660 36.8300 -1.215045 5.586207
73670 36.8350 -1.211887 5.298218
73680 36.8400 -1.208906 5.027804
73690 36.8450 -1.206057 4.771745
73700 36.8500 -1.203511 4.545475
73710 36.8550 -1.201112 4.402028
73720 36.8600 -1.198861 4.207268
73730 36.8650 -1.197062 4.053647
73740 36.8700 -1.195667 3.935968
73750 36.8750 -1.194661 3.851976
73760 36.8800 -1.193973 3.794926
73770 36.8850 -1.193676 3.770373
73780 36.8900 -1.193810 3.781463
73790 36.8950 -1.194518 3.840046
73800 36.9000 -1.195621 3.932134
73810 36.9050 -1.197191 4.144150
73820 36.9100 -1.198995 4.298172
73830 36.9150 -1.201096 4.479828
73840 36.9200 -1.203360 4.677878
73850 36.9250 -1.205509 4.867881
73860 36.9300 -1.207810 5.073068
73870 36.9350 -1.210082 5.277052
73880 36.9400 -1.212307 5.477726
73890 36.9450 -1.214644 5.689089
73900 36.9500 -1.217002 5.902467
73910 36.9550 -1.219392 6.164125
73920 36.9600 -1.221454 6.349597
73930 36.9650 -1.223305 6.515124
73940 36.9700 -1.225414 6.702509
73950 36.9750 -1.227532 6.889003
73960 36.9800 -1.229415 7.053058
73970 36.9850 -1.231079 7.196486
73980 36.9900 -1.232461 7.314504
73990 36.9950 -1.233851 7.431928
74000 37.0000 -1.234976 7.526104
74010 37.0050 -1.235797 7.623371
74020 37.0100 -1.236257 7.661369
74030 37.0150 -1.236174 7.654486
74040 37.0200 -1.235835 7.626566
74050 37.0250 -1.235257 7.578592
74060 37.0300 -1.234576 7.521887
74070 37.0350 -1.233412 7.424138
74080 37.0400 -1.232021 7.306151
74090 37.0450 -1.230374 7.164965
74100 37.0500 -1.228580 7.009426
74110 37.0550 -1.226796 6.886823
74120 37.0600 -1.224967 6.725071
74130 37.0650 -1.223219 6.569330
74140 37.0700 -1.221403 6.406404
74150 37.0750 -1.219586 6.242577
74160 37.0800 -1.217947 6.094206
74170 37.0850 -1.216305 5.945159
74180 37.0900 -1.214929 5.820094
74190 37.0950 -1.213958 5.731757
74200 37.1000 -1.213467 5.687159
74210 37.1050 -1.213305 5.721130
74220 37.1100 -1.213317 5.722235
74230 37.1150 -1.213288 5.719586
74240 37.1200 -1.213496 5.738569
74250 37.1250 -1.213885 5.773937
74260 37.1300 -1.214366 5.817599
74270 37.1350 -1.214947 5.870426
74280 37.1400 -1.215696 5.938522
74290 37.1450 -1.216437 6.005761
74300 37.1500 -1.217290 6.083149
74310 37.1550 -1.218205 6.209697
74320 37.1600 -1.219135 6.293834
74330 37.1650 -1.220125 6.383164
74340 37.1700 -1.221247 6.484070
74350 37.1750 -1.222579 6.603365
74360 37.1800 -1.223866 6.718056
74370 37.1850 -1.224946 6.813888
74380 37.1900 -1.225911 6.898956
74390 37.1950 -1.226722 6.970265
74400 37.2000 -1.227372 7.027122
74410 37.2050 -1.227936 7.109774
74420 37.2100 -1.228470 7.156187
74430 37.2150 -1.228899 7.193302
74440 37.2200 -1.229357 7.232877
74450 37.2250 -1.229694 7.261926
74460 37.2300 -1.229891 7.278787
74470 37.2350 -1.229958 7.284537
74480 37.2400 -1.229925 7.281773
74490 37.2450 -1.229900 7.279611
74500 37.2500 -1.229644 7.257560
74510 37.2550 -1.229124 7.244141
74520 37.2600 -1.228423 7.183519
74530 37.2650 -1.227515 7.104488
74540 37.2700 -1.226474 7.013391
74550 37.2750 -1.225295 6.909455
74560 37.2800 -1.224084 6.802095
74570 37.2850 -1.222663 6.675316
74580 37.2900 -1.221298 6.552890
74590 37.2950 -1.220272 6.460395
74600 37.3000 -1.219231 6.366278
74610 37.3050 -1.218341 6.325955
74620 37.3100 -1.217625 6.260929
74630 37.3150 -1.216688 6.175633
74640 37.3200 -1.215866 6.100690
74650 37.3250 -1.215056 6.026766
74660 37.3300 -1.214462 5.972447
74670 37.3350 -1.214061 5.935810
74680 37.3400 -1.213722 5.904819
74690 37.3450 -1.213367 5.872327
74700 37.3500 -1.213074 5.845572
74710 37.3550 -1.212950 5.880869
74720 37.3600 -1.213007 5.886099
74730 37.3650 -1.213141 5.898284
74740 37.3700 -1.213427 5.924493
74750 37.3750 -1.213751 5.954142
74760 37.3800 -1.213929 5.970349
74770 37.3850 -1.214241 5.998870
74780 37.3900 -1.214422 6.015399
74790 37.3950 -1.214561 6.028138
74800 37.4000 -1.214632 6.034627
74810 37.4050 -1.214686 6.083761
74820 37.4100 -1.214933 6.106317
74830 37.4150 -1.215129 6.124200
74840 37.4200 -1.215063 6.118185
74850 37.4250 -1.214924 6.105486
74860 37.4300 -1.214831 6.097023
74870 37.4350 -1.214760 6.090518
74880 37.4400 -1.214735 6.088292
74890 37.4450 -1.214581 6.074207
74900 37.4500 -1.214284 6.047027
74910 37.4550 -1.213960 6.061467
74920 37.4600 -1.213496 6.019073
74930 37.4650 -1.213060 5.979200
74940 37.4700 -1.212565 5.933850
74950 37.4750 -1.212103 5.891597
74960 37.4800 -1.211644 5.849535
74970 37.4850 -1.210911 5.782328
74980 37.4900 -1.210311 5.727365
74990 37.4950 -1.210046 5.703053
75000 37.5000 -1.209976 5.696673
75010 37.5050 -1.209868 5.735387
75020 37.5100 -1.209825 5.731455
75030 37.5150 -1.209674 5.717591
75040 37.5200 -1.209508 5.702421
75050 37.5250 -1.209230 5.676963
75060 37.5300 -1.208972 5.653317
75070 37.5350 -1.208649 5.623727
75080 37.5400 -1.208249 5.587092
75090 37.5450 -1.207959 5.560507
75100 37.5500 -1.207927 5.557643
75110 37.5550 -1.208201 5.633214
75120 37.5600 -1.208615 5.671187
75130 37.5650 -1.208996 5.706056
75140 37.5700 -1.209213 5.725902
75150 37.5750 -1.209301 5.733951
75160 37.5800 -1.209371 5.740349
75170 37.5850 -1.209192 5.724025
75180 37.5900 -1.208863 5.693825
75190 37.5950 -1.208205 5.633622
75200 37.6000 -1.207390 5.559032
75210 37.6050 -1.206486 5.526884
75220 37.6100 -1.205608 5.446631
75230 37.6150 -1.204681 5.362049
75240 37.6200 -1.203582 5.261936
75250 37.6250 -1.202322 5.147478
75260 37.6300 -1.201040 5.031350
75270 37.6350 -1.199907 4.929234
75280 37.6400 -1.199174 4.863349
75290 37.6450 -1.198440 4.797486
75300 37.6500 -1.198040 4.761732
75310 37.6550 -1.198100 4.830266
75320 37.6600 -1.198405 4.857488
75330 37.6650 -1.199045 4.914890
75340 37.6700 -1.199839 4.986147
75350 37.6750 -1.200728 5.066275
75360 37.6800 -1.201690 5.153142
75370 37.6850 -1.203022 5.273785
75380 37.6900 -1.204456 5.404165
75390 37.6950 -1.205748 5.521795
75400 37.7000 -1.206897 5.626587
75410 37.7050 -1.208010 5.777730
75420 37.7100 -1.209025 5.870381
75430 37.7150 -1.210061 5.964847
75440 37.7200 -1.210799 6.032087
75450 37.7250 -1.211402 6.086959
75460 37.7300 -1.211839 6.126734
75470 37.7350 -1.212110 6.151409
75480 37.7400 -1.212460 6.183270
75490 37.7450 -1.212723 6.207083
75500 37.7500 -1.212900 6.223162
75510 37.7550 -1.213111 6.284326
75520 37.7600 -1.212942 6.268942
75530 37.7650 -1.212461 6.225311
75540 37.7700 -1.211983 6.181778
75550 37.7750 -1.211775 6.162851
75560 37.7800 -1.211573 6.144542
75570 37.7850 -1.211549 6.142354
75580 37.7900 -1.211635 6.150174
75590 37.7950 -1.211614 6.148259
75600 37.8000 -1.211275 6.117357
75610 37.8050 -1.210490 6.089080
75620 37.8100 -1.209553 6.003535
75630 37.8150 -1.208549 5.911887
75640 37.8200 -1.207591 5.824337
75650 37.8250 -1.206460 5.720956
75660 37.8300 -1.205298 5.614719
75670 37.8350 -1.204074 5.502966
75680 37.8400 -1.202871 5.393291
75690 37.8450 -1.201649 5.282037
75700 37.8500 -1.200371 5.166031
75710 37.8550 -1.198991 5.097671
75720 37.8600 -1.197620 4.974100
75730 37.8650 -1.196457 4.869818
75740 37.8700 -1.195493 4.783687
75750 37.8750 -1.194533 4.698332
75760 37.8800 -1.193587 4.614591
75770 37.8850 -1.192419 4.511743
75780 37.8900 -1.191437 4.425766
75790 37.8950 -1.190698 4.361416
75800 37.9000 -1.190099 4.309407
75810 37.9050 -1.189444 4.324515
75820 37.9100 -1.188896 4.277331
75830 37.9150 -1.188612 4.252951
75840 37.9200 -1.188340 4.229679
75850 37.9250 -1.188087 4.207984
75860 37.9300 -1.187974 4.198350
75870 37.9350 -1.188049 4.204724
75880 37.9400 -1.188465 4.240319
75890 37.9450 -1.189069 4.292168
75900 37.9500 -1.190036 4.375638
75910 37.9550 -1.191039 4.532954
75920 37.9600 -1.191929 4.610648
75930 37.9650 -1.192756 4.683119
75940 37.9700 -1.193512 4.749551
75950 37.9750 -1.194457 4.832986
75960 37.9800 -1.195583 4.932837
75970 37.9850 -1.196732 5.035204
75980 37.9900 -1.197942 5.143275
75990 37.9950 -1.199176 5.254008
76000 38.0000 -1.200307 5.355662
76010 38.0050 -1.201432 5.510514
76020 38.0100 -1.202778 5.632002
76030 38.0150 -1.204118 5.752993
76040 38.0200 -1.205501 5.877928
76050 38.0250 -1.206726 5.988560
76060 38.0300 -1.207696 6.076035
76070 38.0350 -1.208366 6.136370
76080 38.0400 -1.208780 6.173673
76090 38.0450 -1.208863 6.181100
76100 38.0500 -1.208850 6.179999
76110 38.0550 -1.208745 6.212941
76120 38.0600 -1.208440 6.185514
76130 38.0650 -1.207885 6.135469
76140 38.0700 -1.207329 6.085383
76150 38.0750 -1.206817 6.039181
76160 38.0800 -1.206339 5.996034
76170 38.0850 -1.205907 5.956958
76180 38.0900 -1.205507 5.920855
76190 38.0950 -1.205186 5.891868
76200 38.1000 -1.204878 5.863976
76210 38.1050 -1.204514 5.877500
76220 38.1100 -1.204323 5.860244
76230 38.1150 -1.204207 5.849707
76240 38.1200 -1.204249 5.853509
76250 38.1250 -1.204569 5.882453
76260 38.1300 -1.204985 5.920047
76270 38.1350 -1.205355 5.953478
76280 38.1400 -1.205665 5.981499
76290 38.1450 -1.205822 5.995689
76300 38.1500 -1.205810 5.994604
76310 38.1550 -1.205790 6.037526
76320 38.1600 -1.205626 6.022723
76330 38.1650 -1.205521 6.013196
76340 38.1700 -1.205521 6.013203
76350 38.1750 -1.205566 6.017305
76360 38.1800 -1.205565 6.017201
76370 38.1850 -1.205674 6.027050
76380 38.1900 -1.205845 6.042525
76390 38.1950 -1.205817 6.039940
76400 38.2000 -1.205777 6.036382
76410 38.2050 -1.205849 6.087110
76420 38.2100 -1.205773 6.080236
76430 38.2150 -1.205361 6.043022
76440 38.2200 -1.204731 5.986035
76450 38.2250 -1.204008 5.920572
76460 38.2300 -1.203178 5.845501
76470 38.2350 -1.202061 5.744382
76480 38.2400 -1.200650 5.616637
76490 38.2450 -1.199248 5.489843
76500 38.2500 -1.197627 5.343582
76510 38.2550 -1.195846 5.236999
76520 38.2600 -1.193824 5.055919
76530 38.2650 -1.191688 4.865809
76540 38.2700 -1.189537 4.676036
76550 38.2750 -1.187269 4.478097
76560 38.2800 -1.185019 4.284210
76570 38.2850 -1.182873 4.101835
76580 38.2900 -1.180619 3.913433
76590 38.2950 -1.178195 3.714694
76600 38.3000 -1.175739 3.517807
76610 38.3050 -1.173414 3.425162
76620 38.3100 -1.171394 3.270578
76630 38.3150 -1.169759 3.147939
76640 38.3200 -1.168386 3.046807
76650 38.3250 -1.167294 2.967651
76660 38.3300 -1.166459 2.907825
76670 38.3350 -1.166092 2.881671
76680 38.3400 -1.166245 2.892589
76690 38.3450 -1.166795 2.931818
76700 38.3500 -1.167497 2.982239
76710 38.3550 -1.168067 3.127414
76720 38.3600 -1.168925 3.190105
76730 38.3650 -1.170265 3.289332
76740 38.3700 -1.171912 3.413293
76750 38.3750 -1.173833 3.560647
76760 38.3800 -1.175877 3.720556
76770 38.3850 -1.177788 3.872711
76780 38.3900 -1.179777 4.033808
76790 38.3950 -1.181722 4.193717
76800 38.4000 -1.183298 4.324913
76810 38.4050 -1.184730 4.516544
76820 38.4100 -1.186024 4.626130
76830 38.4150 -1.187239 4.729729
76840 38.4200 -1.188262 4.817304
76850 38.4250 -1.189183 4.896554
76860 38.4300 -1.189989 4.966190
76870 38.4350 -1.190894 5.044501
76880 38.4400 -1.191667 5.111697
76890 38.4450 -1.192036 5.143809
76900 38.4500 -1.192089 5.148375
76910 38.4550 -1.191961 5.193883
76920 38.4600 -1.191324 5.138505
76930 38.4650 -1.190285 5.048358
76940 38.4700 -1.189008 4.938041
76950 38.4750 -1.187569 4.814396
76960 38.4800 -1.186045 4.684195
76970 38.4850 -1.184129 4.521902
76980 38.4900 -1.181963 4.340525
76990 38.4950 -1.179507 4.137845
77000 38.5000 -1.176699 3.910475
77010 38.5050 -1.173927 3.771064
77020 38.5100 -1.171359 3.572431
77030 38.5150 -1.168914 3.387783
77040 38.5200 -1.166756 3.228730
77050 38.5250 -1.164903 3.095162
77060 38.5300 -1.163411 2.989752
77070 38.5350 -1.162316 2.913669
77080 38.5400 -1.161737 2.873828
77090 38.5450 -1.161563 2.861887
77100 38.5500 -1.161552 2.861132
77110 38.5550 -1.162127 3.008024
77120 38.5600 -1.163092 3.074871
77130 38.5650 -1.164564 3.178263
77140 38.5700 -1.166628 3.326228
77150 38.5750 -1.169045 3.503780
77160 38.5800 -1.171948 3.722647
77170 38.5850 -1.175130 3.969185
77180 38.5900 -1.178488 4.236194
77190 38.5950 -1.182015 4.523254
77200 38.6000 -1.185582 4.819366
77210 38.6050 -1.189297 5.194595
77220 38.6100 -1.192955 5.506122
77230 38.6150 -1.196530 5.812274
77240 38.6200 -1.199667 6.081214
77250 38.6250 -1.202443 6.318696
77260 38.6300 -1.204975 6.534173
77270 38.6350 -1.207186 6.721224
77280 38.6400 -1.208932 6.867919
77290 38.6450 -1.210134 6.968286
77300 38.6500 -1.210846 7.027424
77310 38.6550 -1.211086 7.080850
77320 38.6600 -1.210644 7.044153
77330 38.6650 -1.209483 6.947507
77340 38.6700 -1.207950 6.818968
77350 38.6750 -1.206041 6.657935
77360 38.6800 -1.203539 6.445261
77370 38.6850 -1.200579 6.192158
77380 38.6900 -1.197252 5.906526
77390 38.6950 -1.193540 5.587710
77400 38.7000 -1.189794 5.267470
77410 38.7050 -1.186010 5.001655
77420 38.7100 -1.181964 4.663539
77430 38.7150 -1.178044 4.342253
77440 38.7200 -1.174207 4.035392
77450 38.7250 -1.170858 3.774614
77460 38.7300 -1.167880 3.548989
77470 38.7350 -1.165249 3.354906
77480 38.7400 -1.163007 3.193744
77490 38.7450 -1.161281 3.072358
77500 38.7500 -1.160049 2.987213
77510 38.7550 -1.159250 3.036337
77520 38.7600 -1.158949 3.015931
77530 38.7650 -1.159056 3.023194
77540 38.7700 -1.159790 3.073152
77550 38.7750 -1.161060 3.160681
77560 38.7800 -1.162691 3.274826
77570 38.7850 -1.164954 3.436644
77580 38.7900 -1.167570 3.628330
77590 38.7950 -1.170513 3.849561
77600 38.8000 -1.173786 4.102044
77610 38.8050 -1.177245 4.451216
77620 38.8100 -1.181273 4.776195
77630 38.8150 -1.185412 5.116327
77640 38.8200 -1.189578 5.463202
77650 38.8250 -1.193786 5.816139
77660 38.8300 -1.198002 6.170283
77670 38.8350 -1.201994 6.504237
77680 38.8400 -1.205721 6.813128
77690 38.8450 -1.208990 7.080624
77700 38.8500 -1.211878 7.313511
77710 38.8550 -1.214435 7.547318
77720 38.8600 -1.216716 7.725297
77730 38.8650 -1.218758 7.881985
77740 38.8700 -1.220326 8.000434
77750 38.8750 -1.221420 8.082093
77760 38.8800 -1.222137 8.135192
77770 38.8850 -1.222391 8.153927
77780 38.8900 -1.222238 8.142643
77790 38.8950 -1.221494 8.087593
77800 38.9000 -1.220343 8.001749
77810 38.9050 -1.218977 7.924094
77820 38.9100 -1.217200 7.788156
77830 38.9150 -1.214883 7.607834
77840 38.9200 -1.212234 7.398032
77850 38.9250 -1.209276 7.159680
77860 38.9300 -1.206263 6.912986
77870 38.9350 -1.203451 6.679978
77880 38.9400 -1.200908 6.467506
77890 38.9450 -1.198475 6.262958
77900 38.9500 -1.196077 6.060755
77910 38.9550 -1.193775 5.910188
77920 38.9600 -1.191527 5.720301
77930 38.9650 -1.189822 5.576444
77940 38.9700 -1.188750 5.486157
77950 38.9750 -1.188166 5.436990
77960 38.9800 -1.188286 5.447059
77970 38.9850 -1.188979 5.505383
77980 38.9900 -1.190125 5.601995
77990 38.9950 -1.191661 5.731616
78000 39.0000 -1.193879 5.918971
78010 39.0050 -1.196631 6.197071
78020 39.0100 -1.199813 6.464671
78030 39.0150 -1.203193 6.746830
78040 39.0200 -1.206694 7.035606
78050 39.0250 -1.210255 7.324435
78060 39.0300 -1.213741 7.601319
78070 39.0350 -1.217394 7.884084
78080 39.0400 -1.221090 8.161259
78090 39.0450 -1.224910 8.437159
78100 39.0500 -1.228725 8.700960
78110 39.0550 -1.232540 8.973126
78120 39.0600 -1.236289 9.206695
78130 39.0650 -1.239886 9.418052
78140 39.0700 -1.243503 9.617514
78150 39.0750 -1.247019 9.798659
78160 39.0800 -1.250521 9.966532
78170 39.0850 -1.253952 10.118780
78180 39.0900 -1.257162 10.250459
78190 39.0950 -1.260226 10.366505
78200 39.1000 -1.262971 10.462677
78210 39.1050 -1.265311 10.551827
78220 39.1100 -1.267072 10.605844
78230 39.1150 -1.268576 10.649772
78240 39.1200 -1.269833 10.684895
78250 39.1250 -1.270786 10.710606
78260 39.1300 -1.271386 10.726377
78270 39.1350 -1.271607 10.732107
78280 39.1400 -1.271543 10.730461
78290 39.1450 -1.271332 10.724965
78300 39.1500 -1.270777 10.710347
78310 39.1550 -1.270013 10.701771
78320 39.1600 -1.269417 10.685374
78330 39.1650 -1.268792 10.667862
78340 39.1700 -1.267989 10.644829
78350 39.1750 -1.267245 10.622948
78360 39.1800 -1.266704 10.606734
78370 39.1850 -1.266149 10.589821
78380 39.1900 -1.265778 10.578330
78390 39.1950 -1.265581 10.572195
78400 39.2000 -1.265485 10.569178
78410 39.2050 -1.265382 10.578412
78420 39.2100 -1.265405 10.579110
78430 39.2150 -1.265749 10.589879
78440 39.2200 -1.266212 10.604203
78450 39.2250 -1.266928 10.625924
78460 39.2300 -1.267543 10.644204
78470 39.2350 -1.268397 10.669028
78480 39.2400 -1.269468 10.699215
78490 39.2450 -1.270724 10.733311
78500 39.2500 -1.272193 10.771419
78510 39.2550 -1.274069 10.829127
78520 39.2600 -1.276138 10.876401
78530 39.2650 -1.278416 10.924445
78540 39.2700 -1.281070 10.975348
78550 39.2750 -1.283920 11.024277
78560 39.2800 -1.286827 11.068440
78570 39.2850 -1.289771 11.107670
78580 39.2900 -1.292645 11.141033
78590 39.2950 -1.295432 11.169134
78600 39.3000 -1.298088 11.192347
78610 39.3050 -1.300678 11.222387
78620 39.3100 -1.303459 11.240373
78630 39.3150 -1.306286 11.255763
78640 39.3200 -1.308811 11.267349
78650 39.3250 -1.311027 11.276028
78660 39.3300 -1.312935 11.282515
78670 39.3350 -1.314630 11.287599
78680 39.3400 -1.316168 11.291718
78690 39.3450 -1.317552 11.295059
78700 39.3500 -1.318755 11.297710
78710 39.3550 -1.319746 11.309889
78720 39.3600 -1.320713 11.311731
78730 39.3650 -1.321423 11.313007
78740 39.3700 -1.321942 11.313901
78750 39.3750 -1.322324 11.314540
78760 39.3800 -1.322697 11.315147
78770 39.3850 -1.322865 11.315415
78780 39.3900 -1.322955 11.315559
78790 39.3950 -1.322873 11.315429
78800 39.4000 -1.322673 11.315109
78810 39.4050 -1.322461 11.324871
78820 39.4100 -1.322329 11.324654
78830 39.4150 -1.322204 11.324447
78840 39.4200 -1.322126 11.324316
78850 39.4250 -1.321853 11.323855
78860 39.4300 -1.321603 11.323424
78870 39.4350 -1.321469 11.323191
78880 39.4400 -1.321464 11.323182
78890 39.4450 -1.321640 11.323488
78900 39.4500 -1.321862 11.323870
78910 39.4550 -1.322188 11.334501
78920 39.4600 -1.322559 11.335111
78930 39.4650 -1.323180 11.336097
78940 39.4700 -1.323903 11.337191
78950 39.4750 -1.324647 11.338261
78960 39.4800 -1.325320 11.339185
78970 39.4850 -1.326026 11.340111
78980 39.4900 -1.326911 11.341217
78990 39.4950 -1.327811 11.342283
79000 39.5000 -1.328572 11.343143
79010 39.5050 -1.329398 11.354066
79020 39.5100 -1.330212 11.354912
79030 39.5150 -1.331128 11.355824
79040 39.5200 -1.332140 11.356794
79050 39.5250 -1.333281 11.357845
79060 39.5300 -1.334652 11.359067
79070 39.5350 -1.336223 11.360428
79080 39.5400 -1.337922 11.361880
79090 39.5450 -1.339755 11.363452
79100 39.5500 -1.341752 11.365204
79110 39.5550 -1.343945 11.377167
79120 39.5600 -1.346217 11.379339
79130 39.5650 -1.348527 11.381682
79140 39.5700 -1.350901 11.384249
79150 39.5750 -1.353021 11.386682
79160 39.5800 -1.355021 11.389099
79170 39.5850 -1.356865 11.391426
79180 39.5900 -1.358653 11.393760
79190 39.5950 -1.360200 11.395833
79200 39.6000 -1.361421 11.397498
79210 39.6050 -1.362246 11.408510
79220 39.6100 -1.362795 11.409268
79230 39.6150 -1.363131 11.409732
79240 39.6200 -1.363362 11.410051
79250 39.6250 -1.363276 11.409933
79260 39.6300 -1.362906 11.409420
79270 39.6350 -1.362221 11.408475
79280 39.6400 -1.361147 11.406999
79290 39.6450 -1.360044 11.405495
79300 39.6500 -1.358960 11.404032
79310 39.6550 -1.357767 11.412300
79320 39.6600 -1.356389 11.410488
79330 39.6650 -1.354840 11.408492
79340 39.6700 -1.353125 11.406338
79350 39.6750 -1.351527 11.404388
79360 39.6800 -1.350212 11.402826
79370 39.6850 -1.348779 11.401168
79380 39.6900 -1.347626 11.399866
79390 39.6950 -1.346891 11.399050
79400 39.7000 -1.346410 11.398523
79410 39.7050 -1.346182 11.408147
79420 39.7100 -1.346251 11.408223
79430 39.7150 -1.346755 11.408774
79440 39.7200 -1.347540 11.409641
79450 39.7250 -1.348563 11.410786
79460 39.7300 -1.349816 11.412214
79470 39.7350 -1.351344 11.413993
79480 39.7400 -1.353167 11.416174
79490 39.7450 -1.355414 11.418942
79500 39.7500 -1.358225 11.422509
79510 39.7550 -1.361356 11.436363
79520 39.7600 -1.364712 11.440671
79530 39.7650 -1.368083 11.444840
79540 39.7700 -1.371617 11.448859
79550 39.7750 -1.375167 11.452323
79560 39.7800 -1.378787 11.455010
79570 39.7850 -1.382376 11.456563
79580 39.7900 -1.385830 11.456751
79590 39.7950 -1.388912 11.455628
79600 39.8000 -1.391548 11.453560
79610 39.8050 -1.393895 11.460478
79620 39.8100 -1.395913 11.457268
79630 39.8150 -1.397729 11.453712
79640 39.8200 -1.398916 11.451030
79650 39.8250 -1.399652 11.449219
79660 39.8300 -1.400069 11.448141
79670 39.8350 -1.400164 11.447890
79680 39.8400 -1.400129 11.447982
79690 39.8450 -1.399990 11.448348
79700 39.8500 -1.399655 11.449210
79710 39.8550 -1.398958 11.460664
79720 39.8600 -1.397792 11.463306
79730 39.8650 -1.396315 11.466251
79740 39.8700 -1.394699 11.468978
79750 39.8750 -1.393019 11.471287
79760 39.8800 -1.391136 11.473272
79770 39.8850 -1.389348 11.474603
79780 39.8900 -1.387875 11.475319
79790 39.8950 -1.386463 11.475701
79800 39.9000 -1.385225 11.475805
79810 39.9050 -1.384362 11.485418
79820 39.9100 -1.384025 11.485372
79830 39.9150 -1.383928 11.485356
79840 39.9200 -1.383992 11.485367
79850 39.9250 -1.384400 11.485422
79860 39.9300 -1.385368 11.485466
79870 39.9350 -1.386722 11.485310
79880 39.9400 -1.388307 11.484787
79890 39.9450 -1.390007 11.483791
79900 39.9500 -1.391953 11.482061
79910 39.9550 -1.394117 11.488984
79920 39.9600 -1.396701 11.484537
79930 39.9650 -1.399772 11.477436
79940 39.9700 -1.403215 11.466958
79950 39.9750 -1.406870 11.452721
79960 39.9800 -1.410540 11.435007
79970 39.9850 -1.414485 11.411957
79980 39.9900 -1.418319 11.385442
79990 39.9950 -1.422246 11.353981
80000 40.0000 -1.426088 11.318944
80010 40.0050 -1.429555 11.293788
80020 40.0100 -1.432641 11.259517
80030 40.0150 -1.435518 11.225143
80040 40.0200 -1.438234 11.190607
80050 40.0250 -1.440486 11.160476
80060 40.0300 -1.441984 11.139677
80070 40.0350 -1.442844 11.127487
80080 40.0400 -1.443216 11.122147
80090 40.0450 -1.443166 11.122874
80100 40.0500 -1.442945 11.126041
80110 40.0550 -1.442185 11.147493
80120 40.0600 -1.441189 11.161435
80130 40.0650 -1.439873 11.179436
80140 40.0700 -1.438368 11.199462
80150 40.0750 -1.436659 11.221455
80160 40.0800 -1.434786 11.244627
80170 40.0850 -1.432795 11.268174
80180 40.0900 -1.430811 11.290513
80190 40.0950 -1.428879 11.311175
80200 40.1000 -1.427045 11.329778
80210 40.1050 -1.425449 11.355238
80220 40.1100 -1.424193 11.366814
80230 40.1150 -1.423203 11.375616
80240 40.1200 -1.422427 11.382305
80250 40.1250 -1.421854 11.387132
80260 40.1300 -1.421542 11.389723
80270 40.1350 -1.421418 11.390745
80280 40.1400 -1.421478 11.390249
80290 40.1450 -1.421883 11.386889
80300 40.1500 -1.422808 11.379046
80310 40.1550 -1.424131 11.377302
80320 40.1600 -1.425785 11.361973
80330 40.1650 -1.427674 11.343450
80340 40.1700 -1.429621 11.323252
80350 40.1750 -1.431648 11.301022
80360 40.1800 -1.433728 11.276948
80370 40.1850 -1.435919 11.250231
80380 40.1900 -1.438212 11.220793
80390 40.1950 -1.440586 11.188769
80400 40.2000 -1.443016 11.154386
80410 40.2050 -1.445575 11.127048
80420 40.2100 -1.447812 11.092514
80430 40.2150 -1.449710 11.062223
80440 40.2200 -1.451397 11.034566
80450 40.2250 -1.452987 11.007872
80460 40.2300 -1.454298 10.985421
80470 40.2350 -1.455251 10.968872
80480 40.2400 -1.456022 10.955315
80490 40.2450 -1.456428 10.948131
80500 40.2500 -1.456436 10.947989
80510 40.2550 -1.456122 10.964749
80520 40.2600 -1.455383 10.977747
80530 40.2650 -1.454653 10.990469
80540 40.2700 -1.453884 11.003742
80550 40.2750 -1.453015 11.018567
80560 40.2800 -1.452185 11.032569
80570 40.2850 -1.451454 11.044753
80580 40.2900 -1.450713 11.056991
80590 40.2950 -1.450125 11.066596
80600 40.3000 -1.449531 11.076218
80610 40.3050 -1.448936 11.096558
80620 40.3100 -1.448331 11.106181
80630 40.3150 -1.447803 11.114492
80640 40.3200 -1.447235 11.123354
80650 40.3250 -1.446522 11.134352
80660 40.3300 -1.445938 11.143269
80670 40.3350 -1.445611 11.148212
80680 40.3400 -1.445484 11.150137
80690 40.3450 -1.445260 11.153496
80700 40.3500 -1.445152 11.155115
80710 40.3550 -1.445669 11.157905
80720 40.3600 -1.446546 11.144551
80730 40.3650 -1.447674 11.127064
80740 40.3700 -1.449133 11.103949
80750 40.3750 -1.451080 11.072236
80760 40.3800 -1.453280 11.035266
80770 40.3850 -1.455741 10.992521
80780 40.3900 -1.458470 10.943486
80790 40.3950 -1.461296 10.890969
80800 40.4000 -1.464283 10.833626
80810 40.4050 -1.467370 10.784058
80820 40.4100 -1.470689 10.716279
80830 40.4150 -1.474376 10.638616
80840 40.4200 -1.478106 10.557617
80850 40.4250 -1.481525 10.481286
80860 40.4300 -1.484876 10.404517
80870 40.4350 -1.487899 10.333591
80880 40.4400 -1.490700 10.266412
80890 40.4450 -1.493183 10.205616
80900 40.4500 -1.495392 10.150497
80910 40.4550 -1.497227 10.117943
80920 40.4600 -1.498792 10.077615
80930 40.4650 -1.499867 10.049593
80940 40.4700 -1.500596 10.030431
80950 40.4750 -1.501009 10.019522
80960 40.4800 -1.501203 10.014378
80970 40.4850 -1.501206 10.014298
80980 40.4900 -1.501227 10.013743
80990 40.4950 -1.500933 10.021519
81000 40.5000 -1.500289 10.038523
81010 40.5050 -1.499221 10.080918
81020 40.5100 -1.497967 10.113377
81030 40.5150 -1.496421 10.152873
81040 40.5200 -1.494895 10.191341
81050 40.5250 -1.493210 10.233222
81060 40.5300 -1.491320 10.279495
81070 40.5350 -1.489483 10.323785
81080 40.5400 -1.487550 10.369669
81090 40.5450 -1.485621 10.414757
81100 40.5500 -1.483599 10.461266
81110 40.5550 -1.481847 10.513787
81120 40.5600 -1.480395 10.546253
81130 40.5650 -1.479177 10.573194
81140 40.5700 -1.478186 10.594907
81150 40.5750 -1.477487 10.610094
81160 40.5800 -1.477057 10.619400
81170 40.5850 -1.476908 10.622624
81180 40.5900 -1.477040 10.619787
81190 40.5950 -1.477500 10.609830
81200 40.6000 -1.478096 10.596855
81210 40.6050 -1.478852 10.592669
81220 40.6100 -1.479980 10.567811
81230 40.6150 -1.481548 10.532836
81240 40.6200 -1.483686 10.484390
81250 40.6250 -1.486442 10.420640
81260 40.6300 -1.489539 10.347213
81270 40.6350 -1.492928 10.264623
81280 40.6400 -1.496576 10.172897
81290 40.6450 -1.500342 10.074892
81300 40.6500 -1.504163 9.971660
81310 40.6550 -1.508044 9.877185
81320 40.6600 -1.511852 9.765235
81330 40.6650 -1.515152 9.663946
81340 40.6700 -1.518113 9.569383
81350 40.6750 -1.520512 9.489994
81360 40.6800 -1.522584 9.419336
81370 40.6850 -1.524349 9.357551
81380 40.6900 -1.525774 9.306528
81390 40.6950 -1.526985 9.262338
81400 40.7000 -1.527847 9.230434
81410 40.7050 -1.528066 9.240354
81420 40.7100 -1.527953 9.244564
81430 40.7150 -1.527263 9.270199
81440 40.7200 -1.526096 9.312946
81450 40.7250 -1.524601 9.366666
81460 40.7300 -1.522735 9.432115
81470 40.7350 -1.520569 9.506000
81480 40.7400 -1.518009 9.590513
81490 40.7450 -1.515427 9.672866
81500 40.7500 -1.512968 9.748763
81510 40.7550 -1.510673 9.833127
81520 40.7600 -1.508350 9.900734
81530 40.7650 -1.505992 9.967463
81540 40.7700 -1.503968 10.023296
81550 40.7750 -1.502244 10.069901
81560 40.7800 -1.500813 10.107891
81570 40.7850 -1.499782 10.134912
81580 40.7900 -1.499178 10.150620
81590 40.7950 -1.498839 10.159397
81600 40.8000 -1.498850 10.159102
81610 40.8050 -1.499231 10.163218
81620 40.8100 -1.500022 10.142628
81630 40.8150 -1.500991 10.117148
81640 40.8200 -1.502165 10.085933
81650 40.8250 -1.503449 10.051321
81660 40.8300 -1.505108 10.005855
81670 40.8350 -1.507090 9.950400
81680 40.8400 -1.509061 9.893933
81690 40.8450 -1.511216 9.830584
81700 40.8500 -1.513526 9.760783
81710 40.8550 -1.516143 9.694681
81720 40.8600 -1.518811 9.608319
81730 40.8650 -1.521129 9.530622
81740 40.8700 -1.523307 9.455256
81750 40.8750 -1.525129 9.390372
81760 40.8800 -1.526693 9.333261
81770 40.8850 -1.528071 9.281846
81780 40.8900 -1.528982 9.247286
81790 40.8950 -1.529561 9.225074
81800 40.9000 -1.529991 9.208449
81810 40.9050 -1.530140 9.220861
81820 40.9100 -1.529891 9.230536
81830 40.9150 -1.529049 9.262936
81840 40.9200 -1.527753 9.312007
81850 40.9250 -1.526181 9.370268
81860 40.9300 -1.524377 9.435453
81870 40.9350 -1.522311 9.508027
81880 40.9400 -1.519792 9.593596
81890 40.9450 -1.517016 9.684383
81900 40.9500 -1.514046 9.777683
81910 40.9550 -1.510795 9.891112
81920 40.9600 -1.507455 9.987393
81930 40.9650 -1.504089 10.080388
81940 40.9700 -1.500682 10.170720
81950 40.9750 -1.497433 10.253635
81960 40.9800 -1.494575 10.324175
81970 40.9850 -1.491879 10.388760
81980 40.9900 -1.489444 10.445575
81990 40.9950 -1.487194 10.496846
82000 41.0000 -1.485492 10.534876
82010 41.0050 -1.484126 10.577503
82020 41.0100 -1.483146 10.598812
82030 41.0150 -1.482570 10.611239
82040 41.0200 -1.482503 10.612686
82050 41.0250 -1.483048 10.600945
82060 41.0300 -1.484115 10.577743
82070 41.0350 -1.485688 10.543109
82080 41.0400 -1.487673 10.498580
82090 41.0450 -1.489924 10.447008
82100 41.0500 -1.492478 10.387022
82110 41.0550 -1.495218 10.333898
82120 41.0600 -1.498144 10.260943
82130 41.0650 -1.501308 10.179259
82140 41.0700 -1.504439 10.095301
82150 41.0750 -1.507675 10.005071
82160 41.0800 -1.511070 9.906242
82170 41.0850 -1.514592 9.798825
82180 41.0900 -1.518001 9.689730
82190 41.0950 -1.521206 9.582182
82200 41.1000 -1.524097 9.480712
82210 41.1050 -1.526589 9.406532
82220 41.1100 -1.528714 9.326121
82230 41.1150 -1.530497 9.256615
82240 41.1200 -1.531943 9.198810
82250 41.1250 -1.532959 9.157460
82260 41.1300 -1.533686 9.127474
82270 41.1350 -1.534239 9.104419
82280 41.1400 -1.534614 9.088682
82290 41.1450 -1.534744 9.083212
82300 41.1500 -1.534842 9.079069
82310 41.1550 -1.534816 9.099066
82320 41.1600 -1.534646 9.106244
82330 41.1650 -1.534253 9.122720
82340 41.1700 -1.533506 9.153797
82350 41.1750 -1.532336 9.201744
82360 41.1800 -1.530661 9.268930
82370 41.1850 -1.528653 9.347188
82380 41.1900 -1.526187 9.440073
82390 41.1950 -1.523473 9.538236
82400 41.2000 -1.520653 9.636061
82410 41.2050 -1.517945 9.742285
82420 41.2100 -1.515259 9.828078
82430 41.2150 -1.512888 9.901029
82440 41.2200 -1.510808 9.962997
82450 41.2250 -1.508750 10.022527
82460 41.2300 -1.506967 10.072790
82470 41.2350 -1.505859 10.103376
82480 41.2400 -1.505219 10.120859
82490 41.2450 -1.504653 10.136204
82500 41.2500 -1.504460 10.141388
82510 41.2550 -1.504822 10.145658
82520 41.2600 -1.505342 10.131560
82530 41.2650 -1.506072 10.111556
82540 41.2700 -1.507047 10.084577
82550 41.2750 -1.508320 10.048748
82560 41.2800 -1.509787 10.006700
82570 41.2850 -1.511320 9.961795
82580 41.2900 -1.512934 9.913456
82590 41.2950 -1.514372 9.869410
82600 41.3000 -1.515619 9.830452
82610 41.3050 -1.516659 9.812715
82620 41.3100 -1.517647 9.780829
82630 41.3150 -1.518653 9.747842
82640 41.3200 -1.519711 9.712627
82650 41.3250 -1.520651 9.680830
82660 41.3300 -1.521496 9.651876
82670 41.3350 -1.522163 9.628704
82680 41.3400 -1.522559 9.614875
82690 41.3450 -1.522825 9.605509
82700 41.3500 -1.522973 9.600273
82710 41.3550 -1.523098 9.612182
82720 41.3600 -1.523141 9.610655
82730 41.3650 -1.522904 9.619031
82740 41.3700 -1.522630 9.628681
82750 41.3750 -1.522088 9.647664
82760 41.3800 -1.521472 9.669016
82770 41.3850 -1.520634 9.697733
82780 41.3900 -1.519592 9.732913
82790 41.3950 -1.518554 9.767360
82800 41.4000 -1.517504 9.801700
82810 41.4050 -1.516148 9.860619
82820 41.4100 -1.514720 9.905419
82830 41.4150 -1.513252 9.950481
82840 41.4200 -1.511692 9.997268
82850 41.4250 -1.510084 10.044335
82860 41.4300 -1.508450 10.091052
82870 41.4350 -1.506999 10.131577
82880 41.4400 -1.505572 10.170624
82890 41.4450 -1.504452 10.200741
82900 41.4500 -1.503559 10.224385
82910 41.4550 -1.502809 10.257728
82920 41.4600 -1.502243 10.272433
82930 41.4650 -1.501765 10.284726
82940 41.4700 -1.501521 10.290991
82950 41.4750 -1.501715 10.286006
82960 41.4800 -1.502234 10.272643
82970 41.4850 -1.502926 10.254672
82980 41.4900 -1.503829 10.230966
82990 41.4950 -1.504871 10.203231
83000 41.5000 -1.506026 10.171977
83010 41.5050 -1.507379 10.148616
83020 41.5100 -1.508893 10.106014
83030 41.5150 -1.510500 10.059705
83040 41.5200 -1.512211 10.009120
83050 41.5250 -1.513923 9.957155
83060 41.5300 -1.515590 9.905212
83070 41.5350 -1.517229 9.852803
83080 41.5400 -1.518711 9.804204
83090 41.5450 -1.520045 9.759440
83100 41.5500 -1.521327 9.715534
83110 41.5550 -1.522526 9.689447
83120 41.5600 -1.523960 9.638205
83130 41.5650 -1.525345 9.587606
83140 41.5700 -1.526730 9.535840
83150 41.5750 -1.527931 9.489970
83160 41.5800 -1.529074 9.445522
83170 41.5850 -1.530011 9.408419
83180 41.5900 -1.530929 9.371516
83190 41.5950 -1.531679 9.341002
83200 41.6000 -1.532125 9.322668
83210 41.6050 -1.532352 9.330905
83220 41.6100 -1.532333 9.331714
83230 41.6150 -1.532066 9.342743
83240 41.6200 -1.531507 9.365686
83250 41.6250 -1.530620 9.401646
83260 41.6300 -1.529610 9.441957
83270 41.6350 -1.528205 9.496995
83280 41.6400 -1.526507 9.561786
83290 41.6450 -1.524649 9.630620
83300 41.6500 -1.522706 9.700392
83310 41.6550 -1.520916 9.778578
83320 41.6600 -1.519279 9.833948
83330 41.6650 -1.517934 9.878337
83340 41.6700 -1.516798 9.915029
83350 41.6750 -1.515858 9.944904
83360 41.6800 -1.514950 9.973303
83370 41.6850 -1.514053 10.000971
83380 41.6900 -1.513318 10.023337
83390 41.6950 -1.512834 10.037896
83400 41.7000 -1.512560 10.046103
83410 41.7050 -1.512479 10.062930
83420 41.7100 -1.512537 10.061201
83430 41.7150 -1.512920 10.049726
83440 41.7200 -1.513684 10.026634
83450 41.7250 -1.514860 9.990515
83460 41.7300 -1.516208 9.948199
83470 41.7350 -1.517742 9.898900
83480 41.7400 -1.519406 9.843991
83490 41.7450 -1.521023 9.789107
83500 41.7500 -1.522664 9.731886
83510 41.7550 -1.524432 9.684126
83520 41.7600 -1.526187 9.619219
83530 41.7650 -1.527689 9.562076
83540 41.7700 -1.528947 9.513093
83550 41.7750 -1.529847 9.477434
83560 41.7800 -1.530583 9.447841
83570 41.7850 -1.531058 9.428556
83580 41.7900 -1.531243 9.421014
83590 41.7950 -1.531298 9.418779
83600 41.8000 -1.530837 9.437553
83610 41.8050 -1.530029 9.487218
83620 41.8100 -1.528701 9.539848
83630 41.8150 -1.527169 9.599071
83640 41.8200 -1.525443 9.663952
83650 41.8250 -1.523387 9.738783
83660 41.8300 -1.521163 9.816777
83670 41.8350 -1.518987 9.890270
83680 41.8400 -1.516601 9.967713
83690 41.8450 -1.514159 10.043784
83700 41.8500 -1.511636 10.119116
83710 41.8550 -1.509290 10.200474
83720 41.8600 -1.506776 10.269633
83730 41.8650 -1.504224 10.336927
83740 41.8700 -1.501659 10.401844
83750 41.8750 -1.499146 10.462917
83760 41.8800 -1.497048 10.512096
83770 41.8850 -1.495046 10.557593
83780 41.8900 -1.493089 10.600751
83790 41.8950 -1.491209 10.641080
83800 41.9000 -1.489515 10.676467
83810 41.9050 -1.488041 10.718663
83820 41.9100 -1.486833 10.742857
83830 41.9150 -1.486040 10.758530
83840 41.9200 -1.485659 10.765993
83850 41.9250 -1.485325 10.772508
83860 41.9300 -1.485371 10.771608
83870 41.9350 -1.485790 10.763435
83880 41.9400 -1.486306 10.753286
83890 41.9450 -1.487031 10.738922
83900 41.9500 -1.487794 10.723638
83910 41.9550 -1.488569 10.719873
83920 41.9600 -1.489373 10.703397
83930 41.9650 -1.490255 10.685095
83940 41.9700 -1.491284 10.663461
83950 41.9750 -1.492470 10.638089
83960 41.9800 -1.493721 10.610824
83970 41.9850 -1.495232 10.577218
83980 41.9900 -1.496541 10.547463
83990 41.9950 -1.497662 10.521498
84000 42.0000 -1.498692 10.497212
84010 42.0050 -1.499554 10.489305
84020 42.0100 -1.500353 10.469931
84030 42.0150 -1.500827 10.458325
84040 42.0200 -1.500745 10.460328
84050 42.0250 -1.500339 10.470277
84060 42.0300 -1.499791 10.483585
84070 42.0350 -1.498914 10.504636
84080 42.0400 -1.497621 10.535140
84090 42.0450 -1.496109 10.570042
84100 42.0500 -1.494559 10.604950
84110 42.0550 -1.492981 10.651963
84120 42.0600 -1.491401 10.685836
84130 42.0650 -1.489932 10.716623
84140 42.0700 -1.488148 10.753071
84150 42.0750 -1.486363 10.788571
84160 42.0800 -1.484866 10.817629
84170 42.0850 -1.483452 10.844479
84180 42.0900 -1.482087 10.869883
84190 42.0950 -1.481191 10.886280
84200 42.1000 -1.480364 10.901227
84210 42.1050 -1.479637 10.925554
84220 42.1100 -1.478841 10.939620
84230 42.1150 -1.478185 10.951077
84240 42.1200 -1.478240 10.950118
84250 42.1250 -1.479103 10.935013
84260 42.1300 -1.480504 10.910044
84270 42.1350 -1.482453 10.874451
84280 42.1400 -1.484809 10.830029
84290 42.1450 -1.487189 10.783510
84300 42.1500 -1.489972 10.726923
84310 42.1550 -1.492927 10.676010
84320 42.1600 -1.495976 10.608015
84330 42.1650 -1.499049 10.535993
84340 42.1700 -1.502272 10.456423
84350 42.1750 -1.505844 10.363050
84360 42.1800 -1.509435 10.263228
84370 42.1850 -1.512932 10.159909
84380 42.1900 -1.516065 10.061787
84390 42.1950 -1.518939 9.966948
84400 42.2000 -1.521639 9.873398
84410 42.2050 -1.524027 9.801978
84420 42.2100 -1.525877 9.732433
84430 42.2150 -1.527322 9.676504
84440 42.2200 -1.528239 9.640318
84450 42.2250 -1.528567 9.627203
84460 42.2300 -1.528283 9.638541
84470 42.2350 -1.527576 9.666529
84480 42.2400 -1.526409 9.712020
84490 42.2450 -1.524722 9.776101
84500 42.2500 -1.522636 9.852807
84510 42.2550 -1.520004 9.960887
84520 42.2600 -1.517108 10.058107
84530 42.2650 -1.513924 10.159343
84540 42.2700 -1.510403 10.264763
84550 42.2750 -1.506655 10.369947
84560 42.2800 -1.502844 10.469999
84570 42.2850 -1.498897 10.566875
84580 42.2900 -1.494978 10.656808
84590 42.2950 -1.491161 10.738943
84600 42.3000 -1.487600 10.811092
84610 42.3050 -1.484352 10.885011
84620 42.3100 -1.481459 10.937810
84630 42.3150 -1.478816 10.983968
84640 42.3200 -1.476573 11.021657
84650 42.3250 -1.474688 11.052295
84660 42.3300 -1.473138 11.076808
84670 42.3350 -1.472194 11.091439
84680 42.3400 -1.471964 11.094963
84690 42.3450 -1.472245 11.090644
84700 42.3500 -1.472885 11.080748
84710 42.3550 -1.473958 11.074692
84720 42.3600 -1.475343 11.052525
84730 42.3650 -1.477043 11.024615
84740 42.3700 -1.479113 10.989598
84750 42.3750 -1.481582 10.946253
84760 42.3800 -1.484429 10.894075
84770 42.3850 -1.487556 10.833928
84780 42.3900 -1.490983 10.764375
84790 42.3950 -1.494657 10.685259
84800 42.4000 -1.498437 10.598574
84810 42.4050 -1.502282 10.516726
84820 42.4100 -1.506225 10.413256
84830 42.4150 -1.510092 10.304487
84840 42.4200 -1.513793 10.193011
84850 42.4250 -1.517337 10.079119
84860 42.4300 -1.520657 9.965624
84870 42.4350 -1.523610 9.858882
84880 42.4400 -1.526265 9.758009
84890 42.4450 -1.528493 9.669751
84900 42.4500 -1.530482 9.588003
84910 42.4550 -1.532053 9.537847
84920 42.4600 -1.533015 9.496241
84930 42.4650 -1.533407 9.479063
84940 42.4700 -1.533183 9.488890
84950 42.4750 -1.532239 9.529840
84960 42.4800 -1.530872 9.588050
84970 42.4850 -1.529384 9.649830
84980 42.4900 -1.527369 9.731059
84990 42.4950 -1.524934 9.825444
85000 42.5000 -1.522024 9.933050
85010 42.5050 -1.518720 10.063407
85020 42.5100 -1.515268 10.176858
85030 42.5150 -1.511916 10.280347
85040 42.5200 -1.508856 10.369365
85050 42.5250 -1.505939 10.449666
85060 42.5300 -1.503034 10.525481
85070 42.5350 -1.500547 10.587282
85080 42.5400 -1.498293 10.640927
85090 42.5450 -1.496118 10.690682
85100 42.5500 -1.494062 10.735979
85110 42.5550 -1.492489 10.781431
85120 42.5600 -1.491262 10.806954
85130 42.5650 -1.490336 10.825864
85140 42.5700 -1.489897 10.834732
85150 42.5750 -1.490025 10.832146
85160 42.5800 -1.490440 10.823756
85170 42.5850 -1.491198 10.808278
85180 42.5900 -1.492251 10.786431
85190 42.5950 -1.493602 10.757778
85200 42.6000 -1.495212 10.722728
85210 42.6050 -1.497117 10.691841
85220 42.6100 -1.499265 10.641752
85230 42.6150 -1.501486 10.587862
85240 42.6200 -1.503784 10.529700
85250 42.6250 -1.506051 10.469854
85260 42.6300 -1.508379 10.405719
85270 42.6350 -1.510709 10.338673
85280 42.6400 -1.512901 10.272863
85290 42.6450 -1.514826 10.212834
85300 42.6500 -1.516255 10.166855
85310 42.6550 -1.517414 10.142575
85320 42.6600 -1.518194 10.116402
85330 42.6650 -1.518537 10.104775
85340 42.6700 -1.518400 10.109427
85350 42.6750 -1.518040 10.121605
85360 42.6800 -1.517532 10.138653
85370 42.6850 -1.516454 10.174290
85380 42.6900 -1.515006 10.221035
85390 42.6950 -1.513120 10.280062
85400 42.7000 -1.510770 10.350720
85410 42.7050 -1.508026 10.442578
85420 42.7100 -1.504934 10.526390
85430 42.7150 -1.501453 10.615018
85440 42.7200 -1.497711 10.703990
85450 42.7250 -1.493664 10.793425
85460 42.7300 -1.489464 10.879392
85470 42.7350 -1.485497 10.954722
85480 42.7400 -1.481582 11.023920
85490 42.7450 -1.477783 11.086530
85500 42.7500 -1.474018 11.144471
85510 42.7550 -1.470606 11.204219
85520 42.7600 -1.467540 11.245782
85530 42.7650 -1.464624 11.283094
85540 42.7700 -1.462048 11.314327
85550 42.7750 -1.459971 11.338331
85560 42.7800 -1.458272 11.357219
85570 42.7850 -1.456877 11.372213
85580 42.7900 -1.455919 11.382250
85590 42.7950 -1.455269 11.388934
85600 42.8000 -1.455050 11.391163
85610 42.8050 -1.455194 11.399596
85620 42.8100 -1.455598 11.395461
85630 42.8150 -1.456106 11.390201
85640 42.8200 -1.456757 11.383370
85650 42.8250 -1.457530 11.375132
85660 42.8300 -1.458355 11.366176
85670 42.8350 -1.459238 11.356422
85680 42.8400 -1.460180 11.345811
85690 42.8450 -1.461140 11.334762
85700 42.8500 -1.462011 11.324561
85710 42.8550 -1.462674 11.326747
85720 42.8600 -1.463086 11.321783
85730 42.8650 -1.463023 11.322542
85740 42.8700 -1.462696 11.326479
85750 42.8750 -1.462209 11.332292
85760 42.8800 -1.461343 11.342484
85770 42.8850 -1.460045 11.357414
85780 42.8900 -1.458242 11.377463
85790 42.8950 -1.456230 11.398915
85800 42.9000 -1.454052 11.421035
85810 42.9050 -1.451649 11.453935
85820 42.9100 -1.449117 11.476764
85830 42.9150 -1.446348 11.499972
85840 42.9200 -1.443344 11.523098
85850 42.9250 -1.440292 11.544408
85860 42.9300 -1.437162 11.563994
85870 42.9350 -1.434014 11.581383
85880 42.9400 -1.430953 11.596102
85890 42.9450 -1.428002 11.608254
85900 42.9500 -1.425032 11.618504
85910 42.9550 -1.422155 11.635839
85920 42.9600 -1.419500 11.641647
85930 42.9650 -1.417064 11.645642
85940 42.9700 -1.414819 11.648222
85950 42.9750 -1.412838 11.649647
85960 42.9800 -1.411302 11.650217
85970 42.9850 -1.410147 11.650346
85980 42.9900 -1.409256 11.650273
85990 42.9950 -1.408717 11.650158
86000 43.0000 -1.408541 11.650109
86010 43.0050 -1.408400 11.659268
86020 43.0100 -1.408236 11.659212
86030 43.0150 -1.408199 11.659199
86040 43.0200 -1.408416 11.659273
86050 43.0250 -1.409102 11.659448
86060 43.0300 -1.410251 11.659542
86070 43.0350 -1.411455 11.659368
86080 43.0400 -1.412429 11.659019
86090 43.0450 -1.413124 11.658654
86100 43.0500 -1.413844 11.658173
86110 43.0550 -1.414564 11.666767
86120 43.0600 -1.415266 11.666090
86130 43.0650 -1.415768 11.665541
86140 43.0700 -1.416074 11.665180
86150 43.0750 -1.415858 11.665437
86160 43.0800 -1.415341 11.666011
86170 43.0850 -1.414556 11.666774
86180 43.0900 -1.413581 11.667543
86190 43.0950 -1.412465 11.668181
86200 43.1000 -1.411093 11.668618
86210 43.1050 -1.409471 11.677803
86220 43.1100 -1.407618 11.677203
86230 43.1150 -1.405773 11.675958
86240 43.1200 -1.403863 11.674013
86250 43.1250 -1.401864 11.671297
86260 43.1300 -1.399638 11.667498
86270 43.1350 -1.397444 11.663001
86280 43.1400 -1.395230 11.657766
86290 43.1450 -1.393127 11.652194
86300 43.1500 -1.391233 11.646719
86310 43.1550 -1.389449 11.650410
86320 43.1600 -1.387772 11.644922
86330 43.1650 -1.386259 11.639744
86340 43.1700 -1.384953 11.635119
86350 43.1750 -1.383588 11.630149
86360 43.1800 -1.382420 11.625792
86370 43.1850 -1.381512 11.622347
86380 43.1900 -1.380610 11.618879
86390 43.1950 -1.379789 11.615687
86400 43.2000 -1.379273 11.613664
86410 43.2050 -1.379044 11.622060
86420 43.2100 -1.378659 11.620538
86430 43.2150 -1.378188 11.618671
86440 43.2200 -1.377787 11.617072
86450 43.2250 -1.377444 11.615698
86460 43.2300 -1.377245 11.614902
86470 43.2350 -1.377087 11.614266
86480 43.2400 -1.377157 11.614548
86490 43.2450 -1.377564 11.616178
86500 43.2500 -1.378038 11.618070
86510 43.2550 -1.378425 11.628895
86520 43.2600 -1.378832 11.630507
86530 43.2650 -1.379304 11.632365
86540 43.2700 -1.379738 11.634063
86550 43.2750 -1.380068 11.635348
86560 43.2800 -1.380149 11.635661
86570 43.2850 -1.380157 11.635696
86580 43.2900 -1.380023 11.635175
86590 43.2950 -1.379709 11.633950
86600 43.3000 -1.378936 11.630917
86610 43.3050 -1.377986 11.636403
86620 43.3100 -1.377081 11.632771
86630 43.3150 -1.376074 11.628694
86640 43.3200 -1.375088 11.624662
86650 43.3250 -1.374194 11.620985
86660 43.3300 -1.373376 11.617599
86670 43.3350 -1.372842 11.615384
86680 43.3400 -1.372459 11.613789
86690 43.3450 -1.372263 11.612975
86700 43.3500 -1.372058 11.612118
86710 43.3550 -1.372018 11.621251
86720 43.3600 -1.372073 11.621480
86730 43.3650 -1.372130 11.621721
86740 43.3700 -1.372068 11.621460
86750 43.3750 -1.372015 11.621242
86760 43.3800 -1.371934 11.620904
86770 43.3850 -1.372073 11.621480
86780 43.3900 -1.372383 11.622772
86790 43.3950 -1.372789 11.624461
86800 43.4000 -1.373289 11.626539
86810 43.4050 -1.373589 11.637043
86820 43.4100 -1.373859 11.638159
86830 43.4150 -1.374092 11.639121
86840 43.4200 -1.374247 11.639756
86850 43.4250 -1.374346 11.640166
86860 43.4300 -1.374395 11.640368
86870 43.4350 -1.374686 11.641561
86880 43.4400 -1.374775 11.641927
86890 43.4450 -1.374758 11.641857
86900 43.4500 -1.374397 11.640373
86910 43.4550 -1.373792 11.647111
86920 43.4600 -1.373189 11.644611
86930 43.4650 -1.372542 11.641918
86940 43.4700 -1.371944 11.639419
86950 43.4750 -1.371546 11.637753
86960 43.4800 -1.371337 11.636873
86970 43.4850 -1.371139 11.636044
86980 43.4900 -1.370877 11.634939
86990 43.4950 -1.370643 11.633954
87000 43.5000 -1.370150 11.631875
87010 43.5050 -1.369741 11.639396
87020 43.5100 -1.369205 11.637124
87030 43.5150 -1.368779 11.635317
87040 43.5200 -1.368437 11.633862
87050 43.5250 -1.368156 11.632667
87060 43.5300 -1.367951 11.631795
87070 43.5350 -1.367814 11.631211
87080 43.5400 -1.367675 11.630623
87090 43.5450 -1.367492 11.629843
87100 43.5500 -1.367017 11.627819
87110 43.5550 -1.366502 11.634881
87120 43.5600 -1.366016 11.632806
87130 43.5650 -1.365683 11.631385
87140 43.5700 -1.365276 11.629647
87150 43.5750 -1.364537 11.626488
87160 43.5800 -1.363952 11.623993
87170 43.5850 -1.363279 11.621118
87180 43.5900 -1.362669 11.618517
87190 43.5950 -1.362243 11.616703
87200 43.6000 -1.361946 11.615436
87210 43.6050 -1.361747 11.623884
87220 43.6100 -1.361664 11.623531
87230 43.6150 -1.361530 11.622959
87240 43.6200 -1.361343 11.622164
87250 43.6250 -1.361158 11.621380
87260 43.6300 -1.360879 11.620196
87270 43.6350 -1.360688 11.619381
87280 43.6400 -1.360575 11.618902
87290 43.6450 -1.360661 11.619270
87300 43.6500 -1.360925 11.620390
87310 43.6550 -1.361462 11.631951
87320 43.6600 -1.362265 11.635364
87330 43.6650 -1.363238 11.639503
87340 43.6700 -1.364437 11.644599
87350 43.6750 -1.365768 11.650249
87360 43.6800 -1.366955 11.655272
87370 43.6850 -1.368197 11.660505
87380 43.6900 -1.369480 11.665873
87390 43.6950 -1.370667 11.670797
87400 43.7000 -1.371893 11.675836
87410 43.7050 -1.373053 11.689686
87420 43.7100 -1.374252 11.694487
87430 43.7150 -1.375264 11.698477
87440 43.7200 -1.376107 11.701757
87450 43.7250 -1.376887 11.704748
87460 43.7300 -1.377583 11.707381
87470 43.7350 -1.378079 11.709238
87480 43.7400 -1.378630 11.711278
87490 43.7450 -1.378803 11.711915
87500 43.7500 -1.378921 11.712348
87510 43.7550 -1.379161 11.722265
87520 43.7600 -1.379410 11.723168
87530 43.7650 -1.379408 11.723164
87540 43.7700 -1.379229 11.722514
87550 43.7750 -1.378842 11.721100
87560 43.7800 -1.378291 11.719071
87570 43.7850 -1.377829 11.717346
87580 43.7900 -1.377377 11.715647
87590 43.7950 -1.376926 11.713932
87600 43.8000 -1.376389 11.711875
87610 43.8050 -1.375876 11.718932
87620 43.8100 -1.375458 11.717302
87630 43.8150 -1.375107 11.715922
87640 43.8200 -1.374971 11.715387
87650 43.8250 -1.374976 11.715404
87660 43.8300 -1.374989 11.715456
87670 43.8350 -1.375098 11.715885
87680 43.8400 -1.375430 11.717192
87690 43.8450 -1.375951 11.719224
87700 43.8500 -1.376648 11.721916
87710 43.8550 -1.377378 11.733712
87720 43.8600 -1.378319 11.737227
87730 43.8650 -1.379522 11.741606
87740 43.8700 -1.380943 11.746606
87750 43.8750 -1.382527 11.751937
87760 43.8800 -1.384155 11.757127
87770 43.8850 -1.385803 11.762063
87780 43.8900 -1.387403 11.766522
87790 43.8950 -1.389187 11.771089
87800 43.9000 -1.390731 11.774671
87810 43.9050 -1.391986 11.786202
87820 43.9100 -1.392976 11.788109
87830 43.9150 -1.393815 11.789597
87840 43.9200 -1.394424 11.790603
87850 43.9250 -1.394917 11.791371
87860 43.9300 -1.395107 11.791655
87870 43.9350 -1.394879 11.791312
87880 43.9400 -1.394654 11.790966
87890 43.9450 -1.394354 11.790490
87900 43.9500 -1.393789 11.789553
87910 43.9550 -1.393002 11.797006
87920 43.9600 -1.391965 11.795005
87930 43.9650 -1.390756 11.792448
87940 43.9700 -1.389553 11.789674
87950 43.9750 -1.388262 11.786451
87960 43.9800 -1.386949 11.782923
87970 43.9850 -1.385616 11.779094
87980 43.9900 -1.384231 11.774865
87990 43.9950 -1.382808 11.770270
88000 44.0000 -1.381334 11.765259
88010 44.0050 -1.380048 11.769600
88020 44.0100 -1.378959 11.765590
88030 44.0150 -1.378015 11.762017
88040 44.0200 -1.377155 11.758688
88050 44.0250 -1.376323 11.755405
88060 44.0300 -1.375683 11.752840
88070 44.0350 -1.375357 11.751517
88080 44.0400 -1.375261 11.751126
88090 44.0450 -1.375402 11.751701
88100 44.0500 -1.375837 11.753457
88110 44.0550 -1.376465 11.764910
88120 44.0600 -1.377299 11.768186
88130 44.0650 -1.378695 11.773525
88140 44.0700 -1.380229 11.779160
88150 44.0750 -1.381833 11.784769
88160 44.0800 -1.383693 11.790890
88170 44.0850 -1.385673 11.796908
88180 44.0900 -1.387681 11.802453
88190 44.0950 -1.389814 11.807678
88200 44.1000 -1.391896 11.812070
88210 44.1050 -1.393867 11.824339
88220 44.1100 -1.395655 11.826873
88230 44.1150 -1.397404 11.828766
88240 44.1200 -1.399111 11.830031
88250 44.1250 -1.400794 11.830699
88260 44.1300 -1.402239 11.830801
88270 44.1350 -1.403583 11.830495
88280 44.1400 -1.404735 11.829920
88290 44.1450 -1.405714 11.829202
88300 44.1500 -1.406670 11.828294
88310 44.1550 -1.407436 11.836174
88320 44.1600 -1.408205 11.835158
88330 44.1650 -1.408830 11.834232
88340 44.1700 -1.409302 11.833472
88350 44.1750 -1.409813 11.832589
88360 44.1800 -1.410251 11.831785
88370 44.1850 -1.410446 11.831412
88380 44.1900 -1.410577 11.831157
88390 44.1950 -1.410532 11.831245
88400 44.2000 -1.410239 11.831807
88410 44.2050 -1.409860 11.841252
88420 44.2100 -1.409497 11.841888
88430 44.2150 -1.409033 11.842655
88440 44.2200 -1.408536 11.843421
88450 44.2250 -1.407868 11.844357
88460 44.2300 -1.407029 11.845385
88470 44.2350 -1.406227 11.846215
88480 44.2400 -1.405261 11.847017
88490 44.2450 -1.404037 11.847727
88500 44.2500 -1.403033 11.848056
88510 44.2550 -1.402267 11.856863
88520 44.2600 -1.401915 11.856864
88530 44.2650 -1.401725 11.856853
88540 44.2700 -1.401775 11.856857
88550 44.2750 -1.402100 11.856867
88560 44.2800 -1.402642 11.856831
88570 44.2850 -1.403524 11.856630
88580 44.2900 -1.404749 11.856057
88590 44.2950 -1.406153 11.854975
88600 44.3000 -1.407759 11.853169
88610 44.3050 -1.409467 11.859264
88620 44.3100 -1.411314 11.855651
88630 44.3150 -1.413042 11.851507
88640 44.3200 -1.414958 11.846039
88650 44.3250 -1.416915 11.839499
88660 44.3300 -1.418985 11.831534
88670 44.3350 -1.420882 11.823278
88680 44.3400 -1.422576 11.815137
88690 44.3450 -1.424245 11.806406
88700 44.3500 -1.425936 11.796845
88710 44.3550 -1.427394 11.796856
88720 44.3600 -1.428849 11.787520
88730 44.3650 -1.430181 11.778500
88740 44.3700 -1.431493 11.769185
88750 44.3750 -1.432559 11.761301
88760 44.3800 -1.433445 11.754535
88770 44.3850 -1.434147 11.749031
88780 44.3900 -1.434876 11.743198
88790 44.3950 -1.435378 11.739097
88800 44.4000 -1.435737 11.736130
88810 44.4050 -1.435817 11.744450
88820 44.4100 -1.435500 11.747080
88830 44.4150 -1.434988 11.751266
88840 44.4200 -1.434247 11.757218
88850 44.4250 -1.433296 11.764655
88860 44.4300 -1.432120 11.773541
88870 44.4350 -1.430782 11.783223
88880 44.4400 -1.429472 11.792267
88890 44.4450 -1.428214 11.800544
88900 44.4500 -1.427070 11.807712
88910 44.4550 -1.425782 11.824191
88920 44.4600 -1.424413 11.831868
88930 44.4650 -1.423004 11.839258
88940 44.4700 -1.421561 11.846284
88950 44.4750 -1.420056 11.853028
88960 44.4800 -1.418715 11.858536
88970 44.4850 -1.417560 11.862902
88980 44.4900 -1.416561 11.866396
88990 44.4950 -1.415707 11.869172
89000 44.5000 -1.415051 11.871178
89010 44.5050 -1.414573 11.881220
89020 44.5100 -1.414450 11.881566
89030 44.5150 -1.414569 11.881230
89040 44.5200 -1.414803 11.880559
89050 44.5250 -1.415465 11.878577
89060 44.5300 -1.416531 11.875144
89070 44.5350 -1.417703 11.871019
89080 44.5400 -1.419015 11.865968
89090 44.5450 -1.420336 11.860424
89100 44.5500 -1.421613 11.854618
89110 44.5550 -1.422939 11.856816
89120 44.5600 -1.424287 11.849734
89130 44.5650 -1.425716 11.841693
89140 44.5700 -1.427265 11.832352
89150 44.5750 -1.429019 11.821012
89160 44.5800 -1.430605 11.810052
89170 44.5850 -1.432377 11.797024
89180 44.5900 -1.434269 11.782217
89190 44.5950 -1.436224 11.765942
89200 44.6000 -1.437917 11.751061
89210 44.6050 -1.439443 11.745974
89220 44.6100 -1.441056 11.730497
89230 44.6150 -1.442297 11.718157
89240 44.6200 -1.443172 11.709214
89250 44.6250 -1.443654 11.704211
89260 44.6300 -1.443912 11.701518
89270 44.6350 -1.443961 11.701002
89280 44.6400 -1.443826 11.702418
89290 44.6450 -1.443341 11.707474
89300 44.6500 -1.442685 11.714217
89310 44.6550 -1.441872 11.731468
89320 44.6600 -1.440881 11.741242
89330 44.6650 -1.439793 11.751700
89340 44.6700 -1.438372 11.764889
89350 44.6750 -1.436924 11.777803
89360 44.6800 -1.435459 11.790302
89370 44.6850 -1.434082 11.801549
89380 44.6900 -1.432748 11.811953
89390 44.6950 -1.431692 11.819862
89400 44.7000 -1.430819 11.826169
89410 44.7050 -1.430054 11.840284
89420 44.7100 -1.429640 11.843121
89430 44.7150 -1.429354 11.845050
89440 44.7200 -1.429394 11.844779
89450 44.7250 -1.429709 11.842653
89460 44.7300 -1.430240 11.838997
89470 44.7350 -1.430990 11.833707
89480 44.7400 -1.431962 11.826627
89490 44.7450 -1.433151 11.817612
89500 44.7500 -1.434685 11.805422
89510 44.7550 -1.436184 11.801704
89520 44.7600 -1.437810 11.787437
89530 44.7650 -1.439402 11.772783
89540 44.7700 -1.441267 11.754769
89550 44.7750 -1.442846 11.738814
89560 44.7800 -1.444524 11.721153
89570 44.7850 -1.446243 11.702317
89580 44.7900 -1.447829 11.684284
89590 44.7950 -1.449291 11.667112
89600 44.8000 -1.450772 11.649165
89610 44.8050 -1.452105 11.641767
89620 44.8100 -1.453110 11.628957
89630 44.8150 -1.453935 11.618259
89640 44.8200 -1.454720 11.607924
89650 44.8250 -1.455376 11.599168
89660 44.8300 -1.455907 11.592015
89670 44.8350 -1.456346 11.586035
89680 44.8400 -1.456744 11.580590
89690 44.8450 -1.456980 11.577328
89700 44.8500 -1.457177 11.574613
89710 44.8550 -1.457051 11.585757
89720 44.8600 -1.456588 11.592133
89730 44.8650 -1.456136 11.598306
89740 44.8700 -1.455644 11.604956
89750 44.8750 -1.454908 11.614812
89760 44.8800 -1.453908 11.627985
89770 44.8850 -1.452590 11.644971
89780 44.8900 -1.450968 11.665282
89790 44.8950 -1.449239 11.686208
89800 44.9000 -1.447529 11.706158
89810 44.9050 -1.445982 11.732608
89820 44.9100 -1.444495 11.748747
89830 44.9150 -1.443037 11.763992
89840 44.9200 -1.441549 11.778965
89850 44.9250 -1.440192 11.792098
89860 44.9300 -1.439103 11.802283
89870 44.9350 -1.438072 11.811618
89880 44.9400 -1.437216 11.819157
89890 44.9450 -1.436723 11.823399
89900 44.9500 -1.436440 11.825809
89910 44.9550 -1.436190 11.836672
89920 44.9600 -1.436151 11.836997
89930 44.9650 -1.436164 11.836895
89940 44.9700 -1.436015 11.838142
89950 44.9750 -1.436126 11.837213
89960 44.9800 -1.436500 11.834055
89970 44.9850 -1.437297 11.827210
89980 44.9900 -1.438552 11.816065
89990 44.9950 -1.440029 11.802381
90000 45.0000 -1.441692 11.786262
90010 45.0050 -1.443328 11.778521
90020 45.0100 -1.444759 11.763410
90030 45.0150 -1.445969 11.750186
90040 45.0200 -1.447037 11.738198
90050 45.0250 -1.448026 11.726814
90060 45.0300 -1.448952 11.715930
90070 45.0350 -1.449663 11.707405
90080 45.0400 -1.450070 11.702469
90090 45.0450 -1.450245 11.700335
90100 45.0500 -1.450444 11.697900
90110 45.0550 -1.450594 11.705143
90120 45.0600 -1.450507 11.706204
90130 45.0650 -1.450621 11.704801
90140 45.0700 -1.450825 11.702287
90150 45.0750 -1.450960 11.700614
90160 45.0800 -1.450849 11.701987
90170 45.0850 -1.450460 11.706780
90180 45.0900 -1.450035 11.711980
90190 45.0950 -1.449626 11.716936
90200 45.1000 -1.449384 11.719842
90210 45.1050 -1.449170 11.731432
90220 45.1100 -1.448862 11.735094
90230 45.1150 -1.448481 11.739588
90240 45.1200 -1.447918 11.746154
90250 45.1250 -1.447245 11.753899
90260 45.1300 -1.446503 11.762288
90270 45.1350 -1.445880 11.769221
90280 45.1400 -1.445042 11.778365
90290 45.1450 -1.443907 11.790452
90300 45.1500 -1.442927 11.800595
90310 45.1550 -1.442167 11.817089
90320 45.1600 -1.441775 11.820986
90330 45.1650 -1.441660 11.822119
90340 45.1700 -1.442021 11.818544
90350 45.1750 -1.442766 11.811054
90360 45.1800 -1.443742 11.801001
90370 45.1850 -1.445021 11.787410
90380 45.1900 -1.446347 11.772839
90390 45.1950 -1.447677 11.757729
90400 45.2000 -1.449275 11.738929
90410 45.2050 -1.451008 11.726722
90420 45.2100 -1.452969 11.701750
90430 45.2150 -1.454801 11.677473
90440 45.2200 -1.456529 11.653745
90450 45.2250 -1.457852 11.635038
90460 45.2300 -1.458961 11.618994
90470 45.2350 -1.460037 11.603125
90480 45.2400 -1.461078 11.587470
90490 45.2450 -1.461959 11.574001
90500 45.2500 -1.462809 11.560806
90510 45.2550 -1.463559 11.558438
90520 45.2600 -1.464257 11.547323
90530 45.2650 -1.464857 11.537668
90540 45.2700 -1.465471 11.527684
90550 45.2750 -1.465803 11.522241
90560 45.2800 -1.465867 11.521188
90570 45.2850 -1.465606 11.525470
90580 45.2900 -1.464958 11.536041
90590 45.2950 -1.464088 11.550024
90600 45.3000 -1.462938 11.568219
90610 45.3050 -1.461541 11.599259
90620 45.3100 -1.459833 11.624964
90630 45.3150 -1.457848 11.653845
90640 45.3200 -1.455777 11.682827
90650 45.3250 -1.453419 11.714390
90660 45.3300 -1.450893 11.746471
90670 45.3350 -1.448397 11.776396
90680 45.3400 -1.445927 11.804260
90690 45.3450 -1.443722 11.827648
90700 45.3500 -1.441883 11.846062
90710 45.3550 -1.440337 11.869477
90720 45.3600 -1.439241 11.879459
90730 45.3650 -1.438324 11.887536
90740 45.3700 -1.437728 11.892652
90750 45.3750 -1.437359 11.895756
90760 45.3800 -1.437085 11.898040
90770 45.3850 -1.436948 11.899177
90780 45.3900 -1.437323 11.896057
90790 45.3950 -1.437927 11.890955
90800 45.4000 -1.438744 11.883866
90810 45.4050 -1.439680 11.884123
90820 45.4100 -1.440698 11.874720
90830 45.4150 -1.442127 11.860982
90840 45.4200 -1.443766 11.844473
90850 45.4250 -1.445168 11.829717
90860 45.4300 -1.446665 11.813309
90870 45.4350 -1.448283 11.794828
90880 45.4400 -1.450066 11.773580
90890 45.4450 -1.451566 11.754988
90900 45.4500 -1.452717 11.740288
90910 45.4550 -1.453779 11.735349
90920 45.4600 -1.454861 11.720843
90930 45.4650 -1.455745 11.708753
90940 45.4700 -1.456518 11.697990
90950 45.4750 -1.457172 11.688746
90960 45.4800 -1.457717 11.680953
90970 45.4850 -1.458177 11.674316
90980 45.4900 -1.458630 11.667715
90990 45.4950 -1.458874 11.664128
91000 45.5000 -1.458907 11.663649
91010 45.5050 -1.458901 11.672911
91020 45.5100 -1.459046 11.670771
91030 45.5150 -1.459163 11.669046
91040 45.5200 -1.459112 11.669798
91050 45.5250 -1.458939 11.672345
91060 45.5300 -1.458631 11.676865
91070 45.5350 -1.458085 11.684813
91080 45.5400 -1.457521 11.692937
91090 45.5450 -1.456965 11.700849
91100 45.5500 -1.456492 11.707503
91110 45.5550 -1.456403 11.717803
91120 45.5600 -1.456382 11.718102
91130 45.5650 -1.456426 11.717481
91140 45.5700 -1.456519 11.716191
91150 45.5750 -1.456619 11.714786
91160 45.5800 -1.456768 11.712682
91170 45.5850 -1.457087 11.708171
91180 45.5900 -1.457698 11.699452
91190 45.5950 -1.458352 11.689988
91200 45.6000 -1.459013 11.680307
91210 45.6050 -1.459574 11.681100
91220 45.6100 -1.460150 11.672469
91230 45.6150 -1.460846 11.661902
91240 45.6200 -1.461475 11.652222
91250 45.6250 -1.461513 11.651646
91260 45.6300 -1.461371 11.653834
91270 45.6350 -1.461028 11.659118
91280 45.6400 -1.460610 11.665493
91290 45.6450 -1.460296 11.670263
91300 45.6500 -1.459999 11.674748
91310 45.6550 -1.459774 11.687253
91320 45.6600 -1.459565 11.690384
91330 45.6650 -1.459399 11.692854
91340 45.6700 -1.459430 11.692390
91350 45.6750 -1.459611 11.689692
91360 45.6800 -1.460028 11.683445
91370 45.6850 -1.460384 11.678070
91380 45.6900 -1.460581 11.675084
91390 45.6950 -1.460757 11.672392
91400 45.7000 -1.460740 11.672651
91410 45.7050 -1.460640 11.683332
91420 45.7100 -1.460265 11.689015
91430 45.7150 -1.459901 11.694495
91440 45.7200 -1.459587 11.699201
91450 45.7250 -1.459139 11.705842
91460 45.7300 -1.458661 11.712873
91470 45.7350 -1.458224 11.719241
91480 45.7400 -1.457857 11.724549
91490 45.7450 -1.457462 11.730200
91500 45.7500 -1.456879 11.738474
91510 45.7550 -1.456212 11.756780
91520 45.7600 -1.455451 11.767265
91530 45.7650 -1.454673 11.777801
91540 45.7700 -1.453747 11.790089
91550 45.7750 -1.452793 11.802478
91560 45.7800 -1.451634 11.817153
91570 45.7850 -1.450502 11.831066
91580 45.7900 -1.449539 11.842599
91590 45.7950 -1.448756 11.851748
91600 45.8000 -1.447741 11.863330
91610 45.8050 -1.446728 11.883232
91620 45.8100 -1.445802 11.893210
91630 45.8150 -1.444819 11.903494
91640 45.8200 -1.443868 11.913150
91650 45.8250 -1.442911 11.922565
91660 45.8300 -1.442028 11.930987
91670 45.8350 -1.441170 11.938925
91680 45.8400 -1.440436 11.945532
91690 45.8450 -1.439920 11.950066
91700 45.8500 -1.439258 11.955754
91710 45.8550 -1.438418 11.971209
91720 45.8600 -1.437711 11.976925
91730 45.8650 -1.437121 11.981571
91740 45.8700 -1.436585 11.985690
91750 45.8750 -1.436154 11.988929
91760 45.8800 -1.435904 11.990777
91770 45.8850 -1.435917 11.990687
91780 45.8900 -1.436127 11.989130
91790 45.8950 -1.436591 11.985640
91800 45.9000 -1.437091 11.981801
91810 45.9050 -1.437503 11.986965
91820 45.9100 -1.437844 11.984249
91830 45.9150 -1.438150 11.981787
91840 45.9200 -1.438704 11.977237
91850 45.9250 -1.439276 11.972433
91860 45.9300 -1.439687 11.968909
91870 45.9350 -1.439753 11.968339
91880 45.9400 -1.439567 11.969941
91890 45.9450 -1.439388 11.971476
91900 45.9500 -1.439215 11.972943
91910 45.9550 -1.438903 11.983987
91920 45.9600 -1.438297 11.988993
91930 45.9650 -1.437612 11.994509
91940 45.9700 -1.437147 11.998161
91950 45.9750 -1.436661 12.001897
91960 45.9800 -1.436082 12.006241
91970 45.9850 -1.435530 12.010278
91980 45.9900 -1.434763 12.015717
91990 45.9950 -1.433806 12.022217
92000 46.0000 -1.433003 12.027433
92010 46.0050 -1.432198 12.040715
92020 46.0100 -1.431455 12.045141
92030 46.0150 -1.430772 12.049033
92040 46.0200 -1.430166 12.052356
92050 46.0250 -1.429661 12.055027
92060 46.0300 -1.429164 12.057572
92070 46.0350 -1.428698 12.059877
92080 46.0400 -1.428294 12.061816
92090 46.0450 -1.427910 12.063610
92100 46.0500 -1.427639 12.064841
92110 46.0550 -1.427389 12.074154
92120 46.0600 -1.427412 12.074055
92130 46.0650 -1.427478 12.073759
92140 46.0700 -1.427552 12.073431
92150 46.0750 -1.427532 12.073520
92160 46.0800 -1.427438 12.073937
92170 46.0850 -1.427211 12.074938
92180 46.0900 -1.426940 12.076105
92190 46.0950 -1.426793 12.076730
92200 46.1000 -1.426750 12.076909
92210 46.1050 -1.426909 12.084406
92220 46.1100 -1.427130 12.083454
92230 46.1150 -1.427270 12.082847
92240 46.1200 -1.427251 12.082931
92250 46.1250 -1.427380 12.082360
92260 46.1300 -1.427500 12.081828
92270 46.1350 -1.427711 12.080879
92280 46.1400 -1.428002 12.079544
92290 46.1450 -1.428192 12.078655
92300 46.1500 -1.428323 12.078037
92310 46.1550 -1.428335 12.086146
92320 46.1600 -1.428419 12.085747
92330 46.1650 -1.428366 12.085999
92340 46.1700 -1.428367 12.085993
92350 46.1750 -1.428150 12.087019
92360 46.1800 -1.427791 12.088679
92370 46.1850 -1.427673 12.089214
92380 46.1900 -1.427755 12.088845
92390 46.1950 -1.427629 12.089413
92400 46.2000 -1.427276 12.090981
92410 46.2050 -1.426864 12.100893
92420 46.2100 -1.426525 12.102309
92430 46.2150 -1.426040 12.104263
92440 46.2200 -1.425345 12.106917
92450 46.2250 -1.424534 12.109800
92460 46.2300 -1.423555 12.112969
92470 46.2350 -1.422405 12.116266
92480 46.2400 -1.421434 12.118694
92490 46.2450 -1.420667 12.120379
92500 46.2500 -1.419854 12.121947
92510 46.2550 -1.418901 12.131558
92520 46.2600 -1.417790 12.132971
92530 46.2650 -1.416677 12.133966
92540 46.2700 -1.415545 12.134552
92550 46.2750 -1.414546 12.134717
92560 46.2800 -1.413388 12.134500
92570 46.2850 -1.412199 12.133826
92580 46.2900 -1.410945 12.132629
92590 46.2950 -1.409529 12.130687
92600 46.3000 -1.408240 12.128387
92610 46.3050 -1.407185 12.134185
92620 46.3100 -1.406256 12.131926
92630 46.3150 -1.405573 12.130107
92640 46.3200 -1.405092 12.128744
92650 46.3250 -1.404572 12.127195
92660 46.3300 -1.404250 12.126200
92670 46.3350 -1.403988 12.125368
92680 46.3400 -1.404004 12.125417
92690 46.3450 -1.404419 12.126727
92700 46.3500 -1.405081 12.128712
92710 46.3550 -1.405857 12.138929
92720 46.3600 -1.406506 12.140605
92730 46.3650 -1.407330 12.142557
92740 46.3700 -1.408141 12.144277
92750 46.3750 -1.408989 12.145861
92760 46.3800 -1.409914 12.147335
92770 46.3850 -1.410854 12.148560
92780 46.3900 -1.411724 12.149442
92790 46.3950 -1.412520 12.150036
92800 46.4000 -1.413211 12.150384
92810 46.4050 -1.413890 12.158574
92820 46.4100 -1.414604 12.158607
92830 46.4150 -1.415187 12.158506
92840 46.4200 -1.415618 12.158357
92850 46.4250 -1.416028 12.158157
92860 46.4300 -1.416403 12.157923
92870 46.4350 -1.416797 12.157626
92880 46.4400 -1.417271 12.157197
92890 46.4450 -1.417627 12.156824
92900 46.4500 -1.417740 12.156697
92910 46.4550 -1.417623 12.164816
92920 46.4600 -1.417109 12.165340
92930 46.4650 -1.416358 12.165938
92940 46.4700 -1.415375 12.166427
92950 46.4750 -1.414436 12.166585
92960 46.4800 -1.413660 12.166489
92970 46.4850 -1.412985 12.166240
92980 46.4900 -1.412265 12.165808
92990 46.4950 -1.411697 12.165345
93000 46.5000 -1.411323 12.164984
93010 46.5050 -1.410985 12.172585
93020 46.5100 -1.410945 12.172539
93030 46.5150 -1.411003 12.172606
93040 46.5200 -1.411120 12.172736
93050 46.5250 -1.411396 12.173027
93060 46.5300 -1.411575 12.173201
93070 46.5350 -1.411750 12.173362
93080 46.5400 -1.411801 12.173406
93090 46.5450 -1.411783 12.173391
93100 46.5500 -1.411981 12.173558
93110 46.5550 -1.412268 12.181728
93120 46.5600 -1.412366 12.181796
93130 46.5650 -1.412519 12.181896
93140 46.5700 -1.412657 12.181980
93150 46.5750 -1.412647 12.181974
93160 46.5800 -1.412544 12.181912
93170 46.5850 -1.412283 12.181738
93180 46.5900 -1.411884 12.181428
93190 46.5950 -1.411280 12.180857
93200 46.6000 -1.410837 12.180361
93210 46.6050 -1.410334 12.187654
93220 46.6100 -1.409659 12.186659
93230 46.6150 -1.408707 12.185005
93240 46.6200 -1.407678 12.182887
93250 46.6250 -1.406625 12.180369
93260 46.6300 -1.405405 12.177022
93270 46.6350 -1.403897 12.172260
93280 46.6400 -1.402325 12.166578
93290 46.6450 -1.400736 12.160122
93300 46.6500 -1.399213 12.153275
93310 46.6550 -1.397865 12.154702
93320 46.6600 -1.396722 12.148760
93330 46.6650 -1.395563 12.142406
93340 46.6700 -1.394337 12.135334
93350 46.6750 -1.393119 12.127964
93360 46.6800 -1.391968 12.120703
93370 46.6850 -1.390833 12.113268
93380 46.6900 -1.389775 12.106097
93390 46.6950 -1.388879 12.099855
93400 46.7000 -1.388137 12.094577
93410 46.7050 -1.387201 12.095901
93420 46.7100 -1.386130 12.087935
93430 46.7150 -1.384999 12.079318
93440 46.7200 -1.383833 12.070222
93450 46.7250 -1.382811 12.062083
93460 46.7300 -1.381717 12.053219
93470 46.7350 -1.380933 12.046773
93480 46.7400 -1.380362 12.042038
93490 46.7450 -1.380049 12.039416
93500 46.7500 -1.379821 12.037506
93510 46.7550 -1.379617 12.044048
93520 46.7600 -1.379576 12.043710
93530 46.7650 -1.379675 12.044542
93540 46.7700 -1.380058 12.047751
93550 46.7750 -1.380641 12.052609
93560 46.7800 -1.381177 12.057047
93570 46.7850 -1.381903 12.062994
93580 46.7900 -1.382860 12.070725
93590 46.7950 -1.383894 12.078932
93600 46.8000 -1.384850 12.086383
93610 46.8050 -1.385896 12.102511
93620 46.8100 -1.386876 12.109823
93630 46.8150 -1.387801 12.116570
93640 46.8200 -1.388499 12.121555
93650 46.8250 -1.389169 12.126249
93660 46.8300 -1.389860 12.131003
93670 46.8350 -1.390494 12.135277
93680 46.8400 -1.391214 12.140029
93690 46.8450 -1.391824 12.143969
93700 46.8500 -1.392195 12.146325
93710 46.8550 -1.392353 12.155331
93720 46.8600 -1.392432 12.155829
93730 46.8650 -1.392117 12.153847
93740 46.8700 -1.391562 12.150297
93750 46.8750 -1.390778 12.145175
93760 46.8800 -1.389497 12.136520
93770 46.8850 -1.388019 12.126120
93780 46.8900 -1.386367 12.114004
93790 46.8950 -1.384424 12.099136
93800 46.9000 -1.382376 12.082818
93810 46.9050 -1.380515 12.075628
93820 46.9100 -1.378642 12.059729
93830 46.9150 -1.376933 12.044873
93840 46.9200 -1.375237 12.029857
93850 46.9250 -1.373588 12.015030
93860 46.9300 -1.371895 11.999610
93870 46.9350 -1.370312 11.985045
93880 46.9400 -1.368785 11.970896
93890 46.9450 -1.367321 11.957265
93900 46.9500 -1.366072 11.945607
93910 46.9550 -1.365081 11.944816
93920 46.9600 -1.364228 11.936832
93930 46.9650 -1.363599 11.930947
93940 46.9700 -1.363151 11.926759
93950 46.9750 -1.362809 11.923557
93960 46.9800 -1.362612 11.921720
93970 46.9850 -1.362723 11.922757
93980 46.9900 -1.363177 11.926996
93990 46.9950 -1.363483 11.929866
94000 47.0000 -1.363719 11.932068
94010 47.0050 -1.364044 11.943620
94020 47.0100 -1.364385 11.946807
94030 47.0150 -1.364892 11.951554
94040 47.0200 -1.365563 11.957822
94050 47.0250 -1.366177 11.963558
94060 47.0300 -1.366553 11.967065
94070 47.0350 -1.366957 11.970835
94080 47.0400 -1.367275 11.973794
94090 47.0450 -1.367626 11.977063
94100 47.0500 -1.367952 11.980093
94110 47.0550 -1.368242 11.991176
94120 47.0600 -1.368547 11.994007
94130 47.0650 -1.368773 11.996100
94140 47.0700 -1.368966 11.997890
94150 47.0750 -1.368992 11.998128
94160 47.0800 -1.368903 11.997301
94170 47.0850 -1.368861 11.996914
94180 47.0900 -1.368822 11.996556
94190 47.0950 -1.368954 11.997780
94200 47.1000 -1.369251 12.000519
94210 47.1050 -1.369321 12.009518
94220 47.1100 -1.369388 12.010133
94230 47.1150 -1.369224 12.008620
94240 47.1200 -1.369027 12.006799
94250 47.1250 -1.368833 12.004996
94260 47.1300 -1.368616 12.002990
94270 47.1350 -1.368583 12.002687
94280 47.1400 -1.368716 12.003919
94290 47.1450 -1.368911 12.005724
94300 47.1500 -1.368791 12.004608
94310 47.1550 -1.368545 12.010666
94320 47.1600 -1.368208 12.007535
94330 47.1650 -1.367877 12.004459
94340 47.1700 -1.367542 12.001343
94350 47.1750 -1.367290 11.998994
94360 47.1800 -1.366965 11.995963
94370 47.1850 -1.366536 11.991950
94380 47.1900 -1.366182 11.988640
94390 47.1950 -1.366032 11.987237
94400 47.2000 -1.366016 11.987089
94410 47.2050 -1.366156 11.996772
94420 47.2100 -1.366464 11.999654
94430 47.2150 -1.366894 12.003676
94440 47.2200 -1.367388 12.008276
94450 47.2250 -1.368011 12.014075
94460 47.2300 -1.368692 12.020394
94470 47.2350 -1.369512 12.027967
94480 47.2400 -1.370466 12.036735
94490 47.2450 -1.371562 12.046725
94500 47.2500 -1.373025 12.059940
94510 47.2550 -1.374464 12.080959
94520 47.2600 -1.375767 12.092381
94530 47.2650 -1.376943 12.102535
94540 47.2700 -1.377975 12.111317
94550 47.2750 -1.378775 12.118021
94560 47.2800 -1.379328 12.122609
94570 47.2850 -1.379474 12.123811
94580 47.2900 -1.379562 12.124540
94590 47.2950 -1.379605 12.124894
94600 47.3000 -1.379282 12.122234
94610 47.3050 -1.378492 12.123721
94620 47.3100 -1.377589 12.116111
94630 47.3150 -1.376575 12.107435
94640 47.3200 -1.375532 12.098383
94650 47.3250 -1.374394 12.088365
94660 47.3300 -1.373203 12.077745
94670 47.3350 -1.371819 12.065242
94680 47.3400 -1.370127 12.049750
94690 47.3450 -1.368360 12.033365
94700 47.3500 -1.366423 12.015213
94710 47.3550 -1.364603 12.006330
94720 47.3600 -1.362959 11.990708
94730 47.3650 -1.361457 11.976395
94740 47.3700 -1.360236 11.964752
94750 47.3750 -1.359273 11.955557
94760 47.3800 -1.358399 11.947223
94770 47.3850 -1.357619 11.939788
94780 47.3900 -1.357182 11.935628
94790 47.3950 -1.356643 11.930499
94800 47.4000 -1.356149 11.925796
94810 47.4050 -1.355807 11.931073
94820 47.4100 -1.355509 11.928243
94830 47.4150 -1.355124 11.924587
94840 47.4200 -1.354705 11.920623
94850 47.4250 -1.354308 11.916860
94860 47.4300 -1.354091 11.914810
94870 47.4350 -1.353931 11.913294
94880 47.4400 -1.353899 11.912998
94890 47.4450 -1.353748 11.911569
94900 47.4500 -1.353621 11.910368
94910 47.4550 -1.353573 11.918468
94920 47.4600 -1.353753 11.920171
94930 47.4650 -1.353640 11.919101
94940 47.4700 -1.353539 11.918147
94950 47.4750 -1.353423 11.917053
94960 47.4800 -1.353331 11.916186
94970 47.4850 -1.353578 11.918521
94980 47.4900 -1.353847 11.921056
94990 47.4950 -1.354268 11.925041
95000 47.5000 -1.354680 11.928940
95010 47.5050 -1.355334 11.943643
95020 47.5100 -1.355989 11.949861
95030 47.5150 -1.356812 11.957672
95040 47.5200 -1.357622 11.965363
95050 47.5250 -1.358407 11.972814
95060 47.5300 -1.359114 11.979534
95070 47.5350 -1.359929 11.987265
95080 47.5400 -1.360941 11.996870
95090 47.5450 -1.361887 12.005830
95100 47.5500 -1.362632 12.012873
95110 47.5550 -1.363371 12.028158
95120 47.5600 -1.364027 12.034324
95130 47.5650 -1.364447 12.038272
95140 47.5700 -1.364630 12.039986
95150 47.5750 -1.364412 12.037945
95160 47.5800 -1.364125 12.035244
95170 47.5850 -1.363787 12.032067
95180 47.5900 -1.363412 12.028544
95190 47.5950 -1.362930 12.023997
95200 47.6000 -1.362316 12.018203
95210 47.6050 -1.361668 12.020367
95220 47.6100 -1.360991 12.013952
95230 47.6150 -1.360026 12.004790
95240 47.6200 -1.358987 11.994907
95250 47.6250 -1.357800 11.983594
95260 47.6300 -1.356488 11.971091
95270 47.6350 -1.355134 11.958195
95280 47.6400 -1.353799 11.945486
95290 47.6450 -1.352565 11.933767
95300 47.6500 -1.351579 11.924425
95310 47.6550 -1.350726 11.924884
95320 47.6600 -1.350237 11.920264
95330 47.6650 -1.350123 11.919189
95340 47.6700 -1.350364 11.921457
95350 47.6750 -1.350837 11.925925
95360 47.6800 -1.351876 11.935762
95370 47.6850 -1.353315 11.949407
95380 47.6900 -1.354772 11.963251
95390 47.6950 -1.356486 11.979560
95400 47.7000 -1.358371 11.997483
95410 47.7050 -1.360276 12.023908
95420 47.7100 -1.362187 12.041943
95430 47.7150 -1.364230 12.061078
95440 47.7200 -1.366551 12.082569
95450 47.7250 -1.368821 12.103245
95460 47.7300 -1.370865 12.121497
95470 47.7350 -1.372816 12.138555
95480 47.7400 -1.374722 12.154801
95490 47.7450 -1.376412 12.168822
95500 47.7500 -1.377910 12.180921
95510 47.7550 -1.378981 12.197293
95520 47.7600 -1.379643 12.202417
95530 47.7650 -1.380273 12.207228
95540 47.7700 -1.380507 12.208995
95550 47.7750 -1.380667 12.210196
95560 47.7800 -1.380726 12.210641
95570 47.7850 -1.380664 12.210172
95580 47.7900 -1.380294 12.207386
95590 47.7950 -1.379731 12.203095
95600 47.8000 -1.379029 12.197668
95610 47.8050 -1.378168 12.198795
95620 47.8100 -1.376891 12.188546
95630 47.8150 -1.375475 12.176898
95640 47.8200 -1.373679 12.161714
95650 47.8250 -1.371846 12.145816
95660 47.8300 -1.369648 12.126259
95670 47.8350 -1.367425 12.106019
95680 47.8400 -1.365083 12.084283
95690 47.8450 -1.362685 12.061683
95700 47.8500 -1.360182 12.037816
95710 47.8550 -1.357672 12.021948
95720 47.8600 -1.355212 11.998197
95730 47.8650 -1.353049 11.977273
95740 47.8700 -1.351158 11.958985
95750 47.8750 -1.349454 11.942551
95760 47.8800 -1.348295 11.931393
95770 47.8850 -1.347712 11.925784
95780 47.8900 -1.347533 11.924072
95790 47.8950 -1.347719 11.925856
95800 47.9000 -1.348378 11.932192
95810 47.9050 -1.349425 11.950769
95820 47.9100 -1.350884 11.964835
95830 47.9150 -1.352732 11.982672
95840 47.9200 -1.355059 12.005147
95850 47.9250 -1.357771 12.031259
95860 47.9300 -1.360546 12.057821
95870 47.9350 -1.363409 12.084908
95880 47.9400 -1.366340 12.112165
95890 47.9450 -1.369296 12.138998
95900 47.9500 -1.372320 12.165563
95910 47.9550 -1.375186 12.197697
95920 47.9600 -1.377771 12.218476
95930 47.9650 -1.380119 12.236402
95940 47.9700 -1.382047 12.250368
95950 47.9750 -1.383487 12.260332
95960 47.9800 -1.384474 12.266906
95970 47.9850 -1.384920 12.269810
95980 47.9900 -1.384851 12.269363
95990 47.9950 -1.384341 12.266035
96000 48.0000 -1.383785 12.262336
96010 48.0050 -1.382955 12.264456
96020 48.0100 -1.381679 12.255511
96030 48.0150 -1.379957 12.242927
96040 48.0200 -1.377927 12.227396
96050 48.0250 -1.375672 12.209333
96060 48.0300 -1.372958 12.186577
96070 48.0350 -1.370151 12.162037
96080 48.0400 -1.367574 12.138751
96090 48.0450 -1.365130 12.116102
96100 48.0500 -1.362747 12.093599
96110 48.0550 -1.360268 12.077975
96120 48.0600 -1.357700 12.053075
96130 48.0650 -1.355081 12.027476
96140 48.0700 -1.352804 12.005125
96150 48.0750 -1.351004 11.987430
96160 48.0800 -1.349294 11.970634
96170 48.0850 -1.347885 11.956796
96180 48.0900 -1.346822 11.946375
96190 48.0950 -1.346090 11.939208
96200 48.1000 -1.345906 11.937408
96210 48.1050 -1.346418 11.950910
96220 48.1100 -1.347595 11.962435
96230 48.1150 -1.349253 11.978697
96240 48.1200 -1.351368 11.999453
96250 48.1250 -1.353775 12.023048
96260 48.1300 -1.356722 12.051823
96270 48.1350 -1.360012 12.083665
96280 48.1400 -1.363447 12.116363
96290 48.1450 -1.367055 12.149847
96300 48.1500 -1.370704 12.182484
96310 48.1550 -1.374256 12.220654
96320 48.1600 -1.377575 12.247218
96330 48.1650 -1.380853 12.271577
96340 48.1700 -1.383987 12.292881
96350 48.1750 -1.386851 12.310452
96360 48.1800 -1.389387 12.324366
96370 48.1850 -1.391571 12.335016
96380 48.1900 -1.393382 12.342865
96390 48.1950 -1.394605 12.347642
96400 48.2000 -1.395188 12.349764
96410 48.2050 -1.395258 12.357580
96420 48.2100 -1.394840 12.356077
96430 48.2150 -1.393955 12.352723
96440 48.2200 -1.392837 12.348160
96450 48.2250 -1.391606 12.342726
96460 48.2300 -1.390108 12.335550
96470 48.2350 -1.388307 12.326135
96480 48.2400 -1.386260 12.314431
96490 48.2450 -1.384086 12.300903
96500 48.2500 -1.381878 12.286072
96510 48.2550 -1.379413 12.276019
96520 48.2600 -1.376912 12.256796
96530 48.2650 -1.374302 12.235581
96540 48.2700 -1.371489 12.211544
96550 48.2750 -1.368548 12.185294
96560 48.2800 -1.365415 12.156272
96570 48.2850 -1.362425 12.127777
96580 48.2900 -1.359500 12.099303
96590 48.2950 -1.356867 12.073312
96600 48.3000 -1.354699 12.051728
96610 48.3050 -1.352906 12.042004
96620 48.3100 -1.351214 12.025023
96630 48.3150 -1.349920 12.012008
96640 48.3200 -1.349027 12.003028
96650 48.3250 -1.348630 11.999027
96660 48.3300 -1.348649 11.999216
96670 48.3350 -1.349221 12.004975
96680 48.3400 -1.350348 12.016319
96690 48.3450 -1.351618 12.029085
96700 48.3500 -1.353214 12.045096
96710 48.3550 -1.355144 12.072629
96720 48.3600 -1.357249 12.093525
96730 48.3650 -1.359673 12.117355
96740 48.3700 -1.362235 12.142182
96750 48.3750 -1.364639 12.165042
96760 48.3800 -1.367221 12.189017
96770 48.3850 -1.369852 12.212712
96780 48.3900 -1.372324 12.234185
96790 48.3950 -1.374725 12.254198
96800 48.4000 -1.376825 12.270944
96810 48.4050 -1.378759 12.293392
96820 48.4100 -1.380363 12.305047
96830 48.4150 -1.381677 12.314198
96840 48.4200 -1.382764 12.321485
96850 48.4250 -1.383395 12.325589
96860 48.4300 -1.383414 12.325713
96870 48.4350 -1.383164 12.324096
96880 48.4400 -1.382649 12.320724
96890 48.4450 -1.381860 12.315445
96900 48.4500 -1.380757 12.307831
96910 48.4550 -1.379383 12.305646
96920 48.4600 -1.377916 12.294709
96930 48.4650 -1.376239 12.281706
96940 48.4700 -1.374454 12.267308
96950 48.4750 -1.372736 12.252955
96960 48.4800 -1.371071 12.238605
96970 48.4850 -1.369725 12.226723
96980 48.4900 -1.368455 12.215292
96990 48.4950 -1.367089 12.202776
97000 48.5000 -1.365948 12.192165
97010 48.5050 -1.365002 12.191167
97020 48.5100 -1.364275 12.184267
97030 48.5150 -1.363753 12.179275
97040 48.5200 -1.363556 12.177381
97050 48.5250 -1.363419 12.176071
97060 48.5300 -1.363179 12.173759
97070 48.5350 -1.362962 12.171666
97080 48.5400 -1.362924 12.171306
97090 48.5450 -1.363098 12.172982
97100 48.5500 -1.363345 12.175357
97110 48.5550 -1.363846 12.188115
97120 48.5600 -1.364494 12.194287
97130 48.5650 -1.365227 12.201232
97140 48.5700 -1.365960 12.208114
97150 48.5750 -1.366684 12.214860
97160 48.5800 -1.367304 12.220588
97170 48.5850 -1.367884 12.225900
97180 48.5900 -1.368233 12.229080
97190 48.5950 -1.368614 12.232528
97200 48.6000 -1.369151 12.237362
97210 48.6050 -1.369595 12.249142
97220 48.6100 -1.369830 12.251229
97230 48.6150 -1.369824 12.251179
97240 48.6200 -1.369706 12.250132
97250 48.6250 -1.369405 12.247449
97260 48.6300 -1.369150 12.245166
97270 48.6350 -1.368775 12.241790
97280 48.6400 -1.368226 12.236822
97290 48.6450 -1.367662 12.231680
97300 48.6500 -1.366881 12.224487
97310 48.6550 -1.366293 12.226861
97320 48.6600 -1.365806 12.222300
97330 48.6650 -1.365039 12.215070
97340 48.6700 -1.364043 12.205584
97350 48.6750 -1.363055 12.196079
97360 48.6800 -1.361914 12.184981
97370 48.6850 -1.360964 12.175648
97380 48.6900 -1.360213 12.168227
97390 48.6950 -1.359693 12.163055
97400 48.7000 -1.359257 12.158705
97410 48.7050 -1.358765 12.161771
97420 48.7100 -1.358363 12.157733
97430 48.7150 -1.358175 12.155838
97440 48.7200 -1.358190 12.155993
97450 48.7250 -1.358355 12.157649
97460 48.7300 -1.358788 12.161996
97470 48.7350 -1.359410 12.168215
97480 48.7400 -1.360303 12.177096
97490 48.7450 -1.361452 12.188432
97500 48.7500 -1.362766 12.201243
97510 48.7550 -1.364344 12.224291
97520 48.7600 -1.365959 12.239519
97530 48.7650 -1.367544 12.254156
97540 48.7700 -1.369067 12.267904
97550 48.7750 -1.370517 12.280682
97560 48.7800 -1.371754 12.291333
97570 48.7850 -1.372913 12.301075
97580 48.7900 -1.373668 12.307299
97590 48.7950 -1.374138 12.311125
97600 48.8000 -1.374298 12.312417
97610 48.8050 -1.374126 12.318673
97620 48.8100 -1.373817 12.316163
97630 48.8150 -1.373341 12.312260
97640 48.8200 -1.372596 12.306073
97650 48.8250 -1.371592 12.297588
97660 48.8300 -1.370537 12.288482
97670 48.8350 -1.369086 12.275686
97680 48.8400 -1.367519 12.261504
97690 48.8450 -1.365853 12.246069
97700 48.8500 -1.364316 12.231525
97710 48.8550 -1.362832 12.225036
97720 48.8600 -1.361359 12.210609
97730 48.8650 -1.359921 12.196308
97740 48.8700 -1.358619 12.183214
97750 48.8750 -1.357472 12.171568
97760 48.8800 -1.356514 12.161765
97770 48.8850 -1.355684 12.153219
97780 48.8900 -1.355027 12.146423
97790 48.8950 -1.354476 12.140707
97800 48.9000 -1.354075 12.136533
97810 48.9050 -1.353863 12.142358
97820 48.9100 -1.353845 12.142171
97830 48.9150 -1.353799 12.141686
97840 48.9200 -1.353908 12.142823
97850 48.9250 -1.354295 12.146855
97860 48.9300 -1.354818 12.152283
97870 48.9350 -1.355596 12.160334
97880 48.9400 -1.356344 12.168039
97890 48.9450 -1.356991 12.174666
97900 48.9500 -1.357683 12.181731
97910 48.9550 -1.358566 12.198612
97920 48.9600 -1.359450 12.207501
97930 48.9650 -1.360226 12.215253
97940 48.9700 -1.360777 12.220723
97950 48.9750 -1.361242 12.225308
97960 48.9800 -1.361654 12.229357
97970 48.9850 -1.362142 12.234137
97980 48.9900 -1.362627 12.238851
97990 48.9950 -1.363049 12.242940
98000 49.0000 -1.363296 12.245319
98010 49.0050 -1.363445 12.254537
98020 49.0100 -1.363467 12.254756
98030 49.0150 -1.363569 12.255729
98040 49.0200 -1.363509 12.255157
98050 49.0250 -1.363524 12.255296
98060 49.0300 -1.363444 12.254528
98070 49.0350 -1.363148 12.251684
98080 49.0400 -1.362757 12.247904
98090 49.0450 -1.362341 12.243864
98100 49.0500 -1.361717 12.237765
98110 49.0550 -1.361162 12.240117
98120 49.0600 -1.360219 12.230766
98130 49.0650 -1.359222 12.220782
98140 49.0700 -1.357929 12.207689
98150 49.0750 -1.356679 12.194898
98160 49.0800 -1.355388 12.181559
98170 49.0850 -1.354059 12.167685
98180 49.0900 -1.352799 12.154439
98190 49.0950 -1.351784 12.143686
98200 49.1000 -1.350959 12.134917
98210 49.1050 -1.350432 12.137328
98220 49.1100 -1.350094 12.133713
98230 49.1150 -1.349829 12.130876
98240 49.1200 -1.349771 12.130249
98250 49.1250 -1.350031 12.133036
98260 49.1300 -1.350538 12.138454
98270 49.1350 -1.351072 12.144150
98280 49.1400 -1.351799 12.151888
98290 49.1450 -1.352929 12.163839
98300 49.1500 -1.354200 12.177182
98310 49.1550 -1.355411 12.197733
98320 49.1600 -1.356735 12.211390
98330 49.1650 -1.358110 12.225405
98340 49.1700 -1.359806 12.242450
98350 49.1750 -1.361616 12.260300
98360 49.1800 -1.363405 12.277563
98370 49.1850 -1.365164 12.294133
98380 49.1900 -1.367053 12.311442
98390 49.1950 -1.368836 12.327286
98400 49.2000 -1.370546 12.341980
98410 49.2050 -1.372050 12.362051
98420 49.2100 -1.373233 12.371574
98430 49.2150 -1.374142 12.378699
98440 49.2200 -1.374880 12.384358
98450 49.2250 -1.375746 12.390856
98460 49.2300 -1.376629 12.397309
98470 49.2350 -1.377351 12.402451
98480 49.2400 -1.377871 12.406088
98490 49.2450 -1.378218 12.408474
98500 49.2500 -1.378205 12.408389
98510 49.2550 -1.378041 12.414708
98520 49.2600 -1.377769 12.412821
98530 49.2650 -1.377470 12.410736
98540 49.2700 -1.377157 12.408525
98550 49.2750 -1.376770 12.405764
98560 49.2800 -1.376197 12.401612
98570 49.2850 -1.375632 12.397443
98580 49.2900 -1.374991 12.392631
98590 49.2950 -1.374421 12.388271
98600 49.3000 -1.373916 12.384362
98610 49.3050 -1.373354 12.387439
98620 49.3100 -1.372938 12.384125
98630 49.3150 -1.372573 12.381186
98640 49.3200 -1.372414 12.379893
98650 49.3250 -1.372420 12.379946
98660 49.3300 -1.372504 12.380627
98670 49.3350 -1.372608 12.381471
98680 49.3400 -1.372965 12.384334
98690 49.3450 -1.373614 12.389486
98700 49.3500 -1.374500 12.396373
98710 49.3550 -1.375399 12.410665
98720 49.3600 -1.376484 12.418651
98730 49.3650 -1.377557 12.426278
98740 49.3700 -1.378717 12.434210
98750 49.3750 -1.379795 12.441292
98760 49.3800 -1.380861 12.448002
98770 49.3850 -1.381705 12.453106
98780 49.3900 -1.382442 12.457409
98790 49.3950 -1.383276 12.462095
98800 49.4000 -1.383871 12.465325
98810 49.4050 -1.384144 12.474103
98820 49.4100 -1.384414 12.475515
98830 49.4150 -1.384571 12.476327
98840 49.4200 -1.384688 12.476925
98850 49.4250 -1.384541 12.476172
98860 49.4300 -1.384392 12.475401
98870 49.4350 -1.384034 12.473520
98880 49.4400 -1.383467 12.470472
98890 49.4450 -1.382594 12.465599
98900 49.4500 -1.381453 12.458919
98910 49.4550 -1.380007 12.457294
98920 49.4600 -1.378577 12.447885
98930 49.4650 -1.377122 12.437793
98940 49.4700 -1.375382 12.425045
98950 49.4750 -1.373509 12.410549
98960 49.4800 -1.371671 12.395585
98970 49.4850 -1.369940 12.380863
98980 49.4900 -1.368062 12.364243
98990 49.4950 -1.366159 12.346764
99000 49.5000 -1.364248 12.328610
99010 49.5050 -1.362640 12.320526
99020 49.5100 -1.361123 12.305364
99030 49.5150 -1.359921 12.293140
99040 49.5200 -1.359061 12.284284
99050 49.5250 -1.358549 12.278974
99060 49.5300 -1.358256 12.275920
99070 49.5350 -1.358287 12.276236
99080 49.5400 -1.358766 12.281227
99090 49.5450 -1.359488 12.288700
99100 49.5500 -1.360539 12.299453
99110 49.5550 -1.361921 12.321049
99120 49.5600 -1.363612 12.337726
99130 49.5650 -1.365468 12.355516
99140 49.5700 -1.367506 12.374396
99150 49.5750 -1.369601 12.393033
99160 49.5800 -1.371756 12.411308
99170 49.5850 -1.374003 12.429320
99180 49.5900 -1.376285 12.446448
99190 49.5950 -1.378622 12.462685
99200 49.6000 -1.380509 12.474779
99210 49.6050 -1.382108 12.491576
99220 49.6100 -1.383556 12.499556
99230 49.6150 -1.384899 12.506410
99240 49.6200 -1.385967 12.511476
99250 49.6250 -1.386667 12.514609
99260 49.6300 -1.387228 12.517010
99270 49.6350 -1.387539 12.518301
99280 49.6400 -1.387593 12.518522
99290 49.6450 -1.387345 12.517502
99300 49.6500 -1.386709 12.514791
99310 49.6550 -1.385546 12.516743
99320 49.6600 -1.384270 12.510483
99330 49.6650 -1.382773 12.502518
99340 49.6700 -1.380949 12.491946
99350 49.6750 -1.378541 12.476576
99360 49.6800 -1.375956 12.458389
99370 49.6850 -1.373373 12.438584
99380 49.6900 -1.370837 12.417669
99390 49.6950 -1.368486 12.397074
99400 49.7000 -1.366398 12.377898
99410 49.7050 -1.364362 12.365959
99420 49.7100 -1.362649 12.349059
99430 49.7150 -1.361265 12.335074
99440 49.7200 -1.360134 12.323448
99450 49.7250 -1.359399 12.315793
99460 49.7300 -1.359018 12.311799
99470 49.7350 -1.358951 12.311102
99480 49.7400 -1.359227 12.313991
99490 49.7450 -1.359893 12.320948
99500 49.7500 -1.361132 12.333723
99510 49.7550 -1.362638 12.356544
99520 49.7600 -1.364456 12.374458
99530 49.7650 -1.366366 12.392668
99540 49.7700 -1.368576 12.412906
99550 49.7750 -1.371217 12.435817
99560 49.7800 -1.374128 12.459309
99570 49.7850 -1.377086 12.481116
99580 49.7900 -1.379923 12.499914
99590 49.7950 -1.382782 12.516609
99600 49.8000 -1.385634 12.530870
99610 49.8050 -1.388316 12.549175
99620 49.8100 -1.390969 12.557856
99630 49.8150 -1.393427 12.563777
99640 49.8200 -1.395814 12.567515
99650 49.8250 -1.397978 12.569149
99660 49.8300 -1.399873 12.569186
99670 49.8350 -1.401543 12.568126
99680 49.8400 -1.403119 12.566176
99690 49.8450 -1.404667 12.563358
99700 49.8500 -1.406018 12.560165
99710 49.8550 -1.407063 12.564357
99720 49.8600 -1.407922 12.561627
99730 49.8650 -1.408428 12.559885
99740 49.8700 -1.408764 12.558675
99750 49.8750 -1.408972 12.557904
99760 49.8800 -1.408962 12.557942
99770 49.8850 -1.408920 12.558100
99780 49.8900 -1.408597 12.559281
99790 49.8950 -1.408163 12.560809
99800 49.9000 -1.407659 12.562490
99810 49.9050 -1.407163 12.571184
99820 49.9100 -1.406538 12.573015
99830 49.9150 -1.405797 12.574996
99840 49.9200 -1.405088 12.576692
99850 49.9250 -1.404338 12.578279
99860 49.9300 -1.403555 12.579707
99870 49.9350 -1.402590 12.581147
99880 49.9400 -1.401492 12.582357
99890 49.9450 -1.400275 12.583167
99900 49.9500 -1.399090 12.583424
99910 49.9550 -1.397834 12.590215
99920 49.9600 -1.396759 12.589495
99930 49.9650 -1.396007 12.588738
99940 49.9700 -1.395699 12.588369
99950 49.9750 -1.395763 12.588448
99960 49.9800 -1.395959 12.588683
99970 49.9850 -1.396460 12.589219
99980 49.9900 -1.397089 12.589761
99990 49.9950 -1.397597 12.590093
