# step cv h sig
0 -1.455586 0.239006 0.0500
100 -1.450824 0.223626 0.0500
200 -1.455459 0.210066 0.0500
300 -1.455571 0.198087 0.0500
400 -1.445234 0.188150 0.0500
500 -1.432591 0.182037 0.0500
600 -1.423933 0.176984 0.0500
700 -1.432123 0.164932 0.0500
800 -1.453132 0.156127 0.0500
900 -1.485977 0.168496 0.0500
1000 -1.524802 0.199721 0.0500
1100 -1.553465 0.212346 0.0500
1200 -1.562751 0.205813 0.0500
1300 -1.551925 0.188231 0.0500
1400 -1.521492 0.162639 0.0500
1500 -1.478173 0.137382 0.0500
1600 -1.425399 0.144590 0.0500
1700 -1.374908 0.192486 0.0500
1800 -1.335150 0.217368 0.0500
1900 -1.323243 0.211186 0.0500
2000 -1.348647 0.185857 0.0500
2100 -1.394822 0.147891 0.0500
2200 -1.437293 0.121939 0.0500
2300 -1.472636 0.121336 0.0500
2400 -1.504935 0.134459 0.0500
2500 -1.530247 0.146865 0.0500
2600 -1.542285 0.149772 0.0500
2700 -1.532833 0.137034 0.0500
2800 -1.501147 0.115542 0.0500
2900 -1.455631 0.104831 0.0500
3000 -1.407706 0.123942 0.0500
3100 -1.366383 0.152986 0.0500
3200 -1.326058 0.177548 0.0500
3300 -1.293515 0.194546 0.0500
3400 -1.277015 0.196965 0.0500
3500 -1.284440 0.181098 0.0500
3600 -1.316291 0.154720 0.0500
3700 -1.365258 0.132349 0.0500
3800 -1.421765 0.104224 0.0500
3900 -1.464772 0.096259 0.0500
4000 -1.495023 0.102817 0.0500
4100 -1.513278 0.109364 0.0500
4200 -1.522787 0.112031 0.0500
4300 -1.521993 0.108061 0.0500
4400 -1.497646 0.092977 0.0500
4500 -1.453426 0.086116 0.0500
4600 -1.398019 0.107233 0.0500
4700 -1.345333 0.129889 0.0500
4800 -1.298331 0.150285 0.0500
4900 -1.272068 0.165941 0.0500
5000 -1.262988 0.166943 0.0500
5100 -1.260327 0.161824 0.0500
5200 -1.269775 0.146595 0.0500
5300 -1.292269 0.127070 0.0500
5400 -1.319569 0.115495 0.0500
5500 -1.346684 0.110245 0.0500
5600 -1.365101 0.105545 0.0500
5700 -1.371031 0.101681 0.0500
5800 -1.359492 0.100244 0.0500
5900 -1.341948 0.099173 0.0500
6000 -1.316437 0.101223 0.0500
6100 -1.290105 0.110490 0.0500
6200 -1.270410 0.122725 0.0500
6300 -1.256354 0.133133 0.0500
6400 -1.255328 0.129404 0.0500
6500 -1.263361 0.116709 0.0500
6600 -1.274280 0.104147 0.0500
6700 -1.294992 0.090822 0.0500
6800 -1.324792 0.084988 0.0500
6900 -1.367761 0.087796 0.0500
7000 -1.411977 0.084000 0.0500
7100 -1.433814 0.079246 0.0500
7200 -1.434474 0.077447 0.0500
7300 -1.414298 0.078485 0.0500
7400 -1.383674 0.080959 0.0500
7500 -1.358032 0.079868 0.0500
7600 -1.347202 0.077888 0.0500
7700 -1.353441 0.076351 0.0500
7800 -1.372228 0.075105 0.0500
7900 -1.394601 0.073104 0.0500
8000 -1.407824 0.070966 0.0500
8100 -1.409419 0.069492 0.0500
8200 -1.405099 0.068377 0.0500
8300 -1.393058 0.067789 0.0500
8400 -1.377505 0.067476 0.0500
8500 -1.367789 0.066812 0.0500
8600 -1.366112 0.065681 0.0500
8700 -1.364010 0.064622 0.0500
8800 -1.368493 0.063194 0.0500
8900 -1.376660 0.061707 0.0500
9000 -1.386652 0.060387 0.0500
9100 -1.404754 0.059535 0.0500
9200 -1.422118 0.059701 0.0500
9300 -1.433787 0.060220 0.0500
9400 -1.436948 0.059742 0.0500
9500 -1.433774 0.058234 0.0500
9600 -1.425898 0.056297 0.0500
9700 -1.415074 0.054660 0.0500
9800 -1.403260 0.053717 0.0500
9900 -1.386501 0.053811 0.0500
10000 -1.361147 0.056236 0.0500
10100 -1.337075 0.060385 0.0500
10200 -1.325801 0.062560 0.0500
10300 -1.322086 0.062670 0.0500
10400 -1.329088 0.059452 0.0500
10500 -1.341412 0.055531 0.0500
10600 -1.355688 0.052311 0.0500
10700 -1.374774 0.049785 0.0500
10800 -1.395183 0.048737 0.0500
10900 -1.419708 0.049932 0.0500
11000 -1.437520 0.052574 0.0500
11100 -1.448863 0.054974 0.0500
11200 -1.452117 0.055198 0.0500
11300 -1.449714 0.053574 0.0500
11400 -1.443969 0.051122 0.0500
11500 -1.436826 0.048718 0.0500
11600 -1.425544 0.046200 0.0500
11700 -1.406543 0.044361 0.0500
11800 -1.388709 0.044339 0.0500
11900 -1.381906 0.044341 0.0500
12000 -1.383343 0.043665 0.0500
12100 -1.375292 0.043961 0.0500
12200 -1.365917 0.044712 0.0500
12300 -1.367852 0.043864 0.0500
12400 -1.375829 0.042318 0.0500
12500 -1.379951 0.041416 0.0500
12600 -1.384976 0.040562 0.0500
12700 -1.386768 0.040000 0.0500
12800 -1.386643 0.039562 0.0500
12900 -1.379046 0.039679 0.0500
13000 -1.361169 0.041724 0.0500
13100 -1.342620 0.045655 0.0500
13200 -1.321127 0.052889 0.0500
13300 -1.295268 0.066598 0.0500
13400 -1.260053 0.098738 0.0500
13500 -1.221147 0.153161 0.0500
13600 -1.195045 0.185561 0.0500
13700 -1.190670 0.181676 0.0500
13800 -1.205949 0.153976 0.0500
13900 -1.228190 0.120669 0.0500
14000 -1.248514 0.095239 0.0500
14100 -1.257009 0.085144 0.0500
14200 -1.254876 0.084934 0.0500
14300 -1.239858 0.096776 0.0500
14400 -1.222489 0.112991 0.0500
14500 -1.200512 0.136646 0.0500
14600 -1.188859 0.146542 0.0500
14700 -1.187757 0.142046 0.0500
14800 -1.197450 0.125084 0.0500
14900 -1.218436 0.099746 0.0500
15000 -1.240510 0.080237 0.0500
15100 -1.257037 0.069095 0.0500
15200 -1.255202 0.068687 0.0500
15300 -1.233253 0.080505 0.0500
15400 -1.197198 0.112037 0.0500
15500 -1.157704 0.160750 0.0500
15600 -1.127976 0.192230 0.0500
15700 -1.118270 0.192404 0.0500
15800 -1.121458 0.179264 0.0500
15900 -1.145733 0.147484 0.0500
16000 -1.179711 0.111334 0.0500
16100 -1.214264 0.083217 0.0500
16200 -1.235571 0.070124 0.0500
16300 -1.243887 0.065275 0.0500
16400 -1.233872 0.068298 0.0500
16500 -1.212234 0.078512 0.0500
16600 -1.179774 0.101052 0.0500
16700 -1.151249 0.125410 0.0500
16800 -1.141199 0.131423 0.0500
16900 -1.140477 0.127419 0.0500
17000 -1.149166 0.114700 0.0500
17100 -1.156698 0.104665 0.0500
17200 -1.158955 0.099880 0.0500
17300 -1.157302 0.098385 0.0500
17400 -1.161045 0.092997 0.0500
17500 -1.168371 0.085873 0.0500
17600 -1.174091 0.080613 0.0500
17700 -1.179263 0.076243 0.0500
17800 -1.173981 0.077220 0.0500
17900 -1.175181 0.074972 0.0500
18000 -1.183682 0.069701 0.0500
18100 -1.197990 0.063681 0.0500
18200 -1.217764 0.058333 0.0500
18300 -1.235503 0.054902 0.0500
18400 -1.244175 0.053117 0.0500
18500 -1.242832 0.052471 0.0500
18600 -1.237972 0.052227 0.0500
18700 -1.232757 0.052088 0.0500
18800 -1.223339 0.052671 0.0500
18900 -1.215981 0.053195 0.0500
19000 -1.207427 0.054266 0.0500
19100 -1.194332 0.057237 0.0500
19200 -1.182857 0.060843 0.0500
19300 -1.178010 0.062117 0.0500
19400 -1.173985 0.063144 0.0500
19500 -1.168634 0.065116 0.0500
19600 -1.161148 0.068886 0.0500
19700 -1.145951 0.080339 0.0500
19800 -1.132754 0.092880 0.0500
19900 -1.120075 0.107001 0.0500
20000 -1.111308 0.116516 0.0500
20100 -1.108569 0.116842 0.0500
20200 -1.109447 0.111817 0.0500
20300 -1.110909 0.106353 0.0500
20400 -1.112516 0.101118 0.0500
20500 -1.113458 0.097112 0.0500
20600 -1.115065 0.092578 0.0500
20700 -1.109258 0.097256 0.0500
20800 -1.092400 0.118015 0.0500
20900 -1.061300 0.164117 0.0500
21000 -1.034083 0.194967 0.0500
21100 -1.024930 0.194422 0.0500
21200 -1.037234 0.171686 0.0500
21300 -1.072230 0.124819 0.0500
21400 -1.104841 0.086660 0.0500
21500 -1.132278 0.064594 0.0500
21600 -1.147245 0.056329 0.0500
21700 -1.156606 0.052219 0.0500
21800 -1.157722 0.051135 0.0500
21900 -1.158971 0.050062 0.0500
22000 -1.156886 0.049947 0.0500
22100 -1.150311 0.051329 0.0500
22200 -1.145863 0.052232 0.0500
22300 -1.135397 0.056165 0.0500
22400 -1.121470 0.063623 0.0500
22500 -1.104833 0.075863 0.0500
22600 -1.076455 0.104854 0.0500
22700 -1.047242 0.138086 0.0500
22800 -1.028988 0.154743 0.0500
22900 -1.025279 0.152389 0.0500
23000 -1.030844 0.140035 0.0500
23100 -1.050025 0.115586 0.0500
23200 -1.081588 0.084366 0.0500
23300 -1.117995 0.058112 0.0500
23400 -1.151765 0.045187 0.0500
23500 -1.187115 0.041366 0.0500
23600 -1.212555 0.041813 0.0500
23700 -1.227078 0.042355 0.0500
23800 -1.230507 0.042119 0.0500
23900 -1.229644 0.041560 0.0500
24000 -1.215689 0.040142 0.0500
24100 -1.190351 0.039044 0.0500
24200 -1.164848 0.040482 0.0500
24300 -1.129909 0.049631 0.0500
24400 -1.084411 0.077489 0.0500
24500 -1.039784 0.116856 0.0500
24600 -1.014307 0.141323 0.0500
24700 -1.014291 0.135867 0.0500
24800 -1.039261 0.106116 0.0500
24900 -1.080032 0.073434 0.0500
25000 -1.121459 0.049997 0.0500
25100 -1.150718 0.040716 0.0500
25200 -1.169744 0.037812 0.0500
25300 -1.175756 0.037070 0.0500
25400 -1.172991 0.036823 0.0500
25500 -1.160699 0.037548 0.0500
25600 -1.139127 0.041450 0.0500
25700 -1.102449 0.056263 0.0500
25800 -1.060205 0.082919 0.0500
25900 -1.012479 0.125841 0.0500
26000 -0.972371 0.174720 0.0500
26100 -0.945180 0.199070 0.0500
26200 -0.936332 0.196631 0.0500
26300 -0.947726 0.176060 0.0500
26400 -0.975497 0.142672 0.0500
26500 -1.005527 0.112221 0.0500
26600 -1.036657 0.088482 0.0500
26700 -1.061779 0.073095 0.0500
26800 -1.059231 0.072886 0.0500
26900 -1.035137 0.084108 0.0500
27000 -0.994451 0.111474 0.0500
27100 -0.946769 0.155139 0.0500
27200 -0.916470 0.179656 0.0500
27300 -0.903565 0.183309 0.0500
27400 -0.899785 0.177599 0.0500
27500 -0.902105 0.166990 0.0500
27600 -0.914749 0.149580 0.0500
27700 -0.935770 0.130548 0.0500
27800 -0.961244 0.113760 0.0500
27900 -0.986817 0.098871 0.0500
28000 -1.003614 0.088868 0.0500
28100 -1.004678 0.086246 0.0500
28200 -0.992243 0.089434 0.0500
28300 -0.969942 0.097470 0.0500
28400 -0.944508 0.108484 0.0500
28500 -0.921423 0.121335 0.0500
28600 -0.897820 0.139465 0.0500
28700 -0.877964 0.156924 0.0500
28800 -0.864218 0.166889 0.0500
28900 -0.855307 0.169885 0.0500
29000 -0.853808 0.163712 0.0500
29100 -0.866757 0.142771 0.0500
29200 -0.892334 0.116140 0.0500
29300 -0.927865 0.096215 0.0500
29400 -0.971325 0.084311 0.0500
29500 -1.014119 0.073720 0.0500
29600 -1.044539 0.066393 0.0500
29700 -1.049521 0.064182 0.0500
29800 -1.023887 0.068059 0.0500
29900 -0.977013 0.077924 0.0500
30000 -0.924066 0.091475 0.0500
30100 -0.868298 0.127644 0.0500
30200 -0.821868 0.178694 0.0500
30300 -0.795797 0.198596 0.0500
30400 -0.804453 0.179619 0.0500
30500 -0.827372 0.149316 0.0500
30600 -0.861657 0.115528 0.0500
30700 -0.899416 0.092001 0.0500
30800 -0.930696 0.081496 0.0500
30900 -0.947543 0.077093 0.0500
31000 -0.951364 0.074951 0.0500
31100 -0.946978 0.073965 0.0500
31200 -0.933927 0.074466 0.0500
31300 -0.914346 0.077652 0.0500
31400 -0.894671 0.083763 0.0500
31500 -0.879052 0.090555 0.0500
31600 -0.865887 0.097436 0.0500
31700 -0.850896 0.107150 0.0500
31800 -0.833897 0.120239 0.0500
31900 -0.824253 0.126318 0.0500
32000 -0.829735 0.116346 0.0500
32100 -0.844918 0.099343 0.0500
32200 -0.863417 0.084467 0.0500
32300 -0.881930 0.074340 0.0500
32400 -0.887469 0.071071 0.0500
32500 -0.893230 0.068198 0.0500
32600 -0.891483 0.067318 0.0500
32700 -0.883249 0.068357 0.0500
32800 -0.876499 0.069448 0.0500
32900 -0.858512 0.077114 0.0500
33000 -0.826590 0.102607 0.0500
33100 -0.792139 0.143794 0.0500
33200 -0.767637 0.172202 0.0500
33300 -0.769525 0.161666 0.0500
33400 -0.788190 0.131707 0.0500
33500 -0.808335 0.105577 0.0500
33600 -0.842359 0.076854 0.0500
33700 -0.885841 0.060346 0.0500
33800 -0.933954 0.059954 0.0500
33900 -0.995029 0.064251 0.0500
34000 -1.046236 0.060347 0.0500
34100 -1.069897 0.056077 0.0500
34200 -1.058871 0.056969 0.0500
34300 -1.017720 0.060274 0.0500
34400 -0.973280 0.061059 0.0500
34500 -0.938302 0.057698 0.0500
34600 -0.916601 0.055586 0.0500
34700 -0.919757 0.054803 0.0500
34800 -0.938372 0.055189 0.0500
34900 -0.973936 0.057627 0.0500
35000 -1.008367 0.057402 0.0500
35100 -1.030346 0.055927 0.0500
35200 -1.037863 0.054790 0.0500
35300 -1.022900 0.054492 0.0500
35400 -1.002294 0.054387 0.0500
35500 -0.980759 0.053977 0.0500
35600 -0.966451 0.053003 0.0500
35700 -0.956407 0.051927 0.0500
35800 -0.952987 0.051064 0.0500
35900 -0.954665 0.050396 0.0500
36000 -0.962080 0.049944 0.0500
36100 -0.978613 0.049780 0.0500
36200 -0.996988 0.049565 0.0500
36300 -1.014253 0.049364 0.0500
36400 -1.021045 0.048925 0.0500
36500 -1.030165 0.048634 0.0500
36600 -1.040146 0.048426 0.0500
36700 -1.049547 0.048163 0.0500
36800 -1.061464 0.047801 0.0500
36900 -1.074243 0.046976 0.0500
37000 -1.084744 0.045702 0.0500
37100 -1.080579 0.045440 0.0500
37200 -1.065250 0.045465 0.0500
37300 -1.048910 0.044872 0.0500
37400 -1.038993 0.044220 0.0500
37500 -1.029889 0.043668 0.0500
37600 -1.012104 0.043530 0.0500
37700 -0.994574 0.043871 0.0500
37800 -0.974391 0.044536 0.0500
37900 -0.957462 0.044905 0.0500
38000 -0.953828 0.044534 0.0500
38100 -0.959340 0.043704 0.0500
38200 -0.978119 0.042309 0.0500
38300 -1.008735 0.040906 0.0500
38400 -1.036950 0.040995 0.0500
38500 -1.065787 0.041961 0.0500
38600 -1.090552 0.041390 0.0500
38700 -1.091236 0.040880 0.0500
38800 -1.076625 0.040783 0.0500
38900 -1.062621 0.040106 0.0500
39000 -1.048902 0.039219 0.0500
39100 -1.044259 0.038653 0.0500
39200 -1.047783 0.038341 0.0500
39300 -1.061165 0.038401 0.0500
39400 -1.083004 0.038476 0.0500
39500 -1.099145 0.037746 0.0500
39600 -1.103362 0.037161 0.0500
39700 -1.089535 0.037251 0.0500
39800 -1.071615 0.036896 0.0500
39900 -1.062743 0.036384 0.0500
40000 -1.062428 0.036011 0.0500
40100 -1.056079 0.035557 0.0500
40200 -1.060405 0.035267 0.0500
40300 -1.073256 0.035149 0.0500
40400 -1.097763 0.034924 0.0500
40500 -1.124978 0.033842 0.0500
40600 -1.135114 0.033188 0.0500
40700 -1.138907 0.032778 0.0500
40800 -1.135995 0.032556 0.0500
40900 -1.117453 0.032936 0.0500
41000 -1.093448 0.033435 0.0500
41100 -1.073139 0.033395 0.0500
41200 -1.059523 0.033196 0.0500
41300 -1.056454 0.032930 0.0500
41400 -1.062532 0.032559 0.0500
41500 -1.067197 0.032236 0.0500
41600 -1.074198 0.031930 0.0500
41700 -1.084110 0.031641 0.0500
41800 -1.094822 0.031335 0.0500
41900 -1.101873 0.031020 0.0500
42000 -1.103388 0.030741 0.0500
42100 -1.090098 0.030564 0.0500
42200 -1.061740 0.030627 0.0500
42300 -1.024474 0.032695 0.0500
42400 -0.985551 0.037544 0.0500
42500 -0.960484 0.040376 0.0500
42600 -0.949764 0.041142 0.0500
42700 -0.953634 0.040242 0.0500
42800 -0.972025 0.037738 0.0500
42900 -1.005312 0.033439 0.0500
43000 -1.040262 0.030279 0.0500
43100 -1.072423 0.029519 0.0500
43200 -1.090003 0.029437 0.0500
43300 -1.086699 0.029161 0.0500
43400 -1.067738 0.028825 0.0500
43500 -1.044874 0.029084 0.0500
43600 -1.029206 0.029830 0.0500
43700 -1.021876 0.030236 0.0500
43800 -1.019538 0.030214 0.0500
43900 -1.020811 0.029833 0.0500
44000 -1.024169 0.029272 0.0500
44100 -1.032745 0.028372 0.0500
44200 -1.039345 0.027779 0.0500
44300 -1.043629 0.027391 0.0500
44400 -1.042878 0.027209 0.0500
44500 -1.039087 0.027160 0.0500
44600 -1.028406 0.027626 0.0500
44700 -1.014407 0.028798 0.0500
44800 -1.004361 0.029863 0.0500
44900 -0.994785 0.031020 0.0500
45000 -0.990141 0.031472 0.0500
45100 -0.978194 0.033116 0.0500
45200 -0.960522 0.035696 0.0500
45300 -0.939710 0.038765 0.0500
45400 -0.921873 0.041585 0.0500
45500 -0.919515 0.041575 0.0500
45600 -0.929786 0.039175 0.0500
45700 -0.948976 0.035737 0.0500
45800 -0.979335 0.031224 0.0500
45900 -1.007907 0.027556 0.0500
46000 -1.016315 0.026597 0.0500
46100 -1.004062 0.027537 0.0500
46200 -0.971490 0.031454 0.0500
46300 -0.936126 0.036564 0.0500
46400 -0.904499 0.043000 0.0500
46500 -0.876073 0.052167 0.0500
46600 -0.841488 0.070290 0.0500
46700 -0.806345 0.098977 0.0500
46800 -0.765867 0.145343 0.0500
46900 -0.729466 0.186753 0.0500
47000 -0.713348 0.194462 0.0500
47100 -0.724563 0.173292 0.0500
47200 -0.758532 0.132497 0.0500
47300 -0.799079 0.093335 0.0500
47400 -0.829174 0.070932 0.0500
47500 -0.843660 0.061865 0.0500
47600 -0.856865 0.054947 0.0500
47700 -0.864715 0.051122 0.0500
47800 -0.865728 0.050040 0.0500
47900 -0.856707 0.052684 0.0500
48000 -0.829926 0.064778 0.0500
48100 -0.799322 0.084556 0.0500
48200 -0.773840 0.104856 0.0500
48300 -0.752228 0.123386 0.0500
48400 -0.741435 0.130557 0.0500
48500 -0.746165 0.121023 0.0500
48600 -0.757929 0.106079 0.0500
48700 -0.768243 0.094635 0.0500
48800 -0.779256 0.084459 0.0500
48900 -0.785025 0.078918 0.0500
49000 -0.779566 0.080504 0.0500
49100 -0.768703 0.085958 0.0500
49200 -0.761261 0.089492 0.0500
49300 -0.761280 0.087265 0.0500
49400 -0.766017 0.081732 0.0500
49500 -0.772501 0.075757 0.0500
49600 -0.784344 0.068023 0.0500
49700 -0.797959 0.061386 0.0500
49800 -0.806544 0.057657 0.0500
49900 -0.806611 0.056717 0.0500
50000 -0.804246 0.056503 0.0500
50100 -0.801371 0.056473 0.0500
50200 -0.802757 0.055177 0.0500
50300 -0.804337 0.053884 0.0500
50400 -0.808415 0.052016 0.0500
50500 -0.813549 0.050084 0.0500
50600 -0.823151 0.047557 0.0500
50700 -0.833173 0.045405 0.0500
50800 -0.841017 0.043834 0.0500
50900 -0.844756 0.042870 0.0500
51000 -0.837336 0.043233 0.0500
51100 -0.821794 0.045039 0.0500
51200 -0.806020 0.047990 0.0500
51300 -0.783544 0.055772 0.0500
51400 -0.751826 0.077861 0.0500
51500 -0.710403 0.131014 0.0500
51600 -0.675229 0.180642 0.0500
51700 -0.659463 0.191366 0.0500
51800 -0.669051 0.170621 0.0500
51900 -0.692265 0.135536 0.0500
52000 -0.714948 0.104713 0.0500
52100 -0.730359 0.086274 0.0500
52200 -0.737732 0.077786 0.0500
52300 -0.729509 0.083192 0.0500
52400 -0.711923 0.098481 0.0500
52500 -0.692378 0.117714 0.0500
52600 -0.675626 0.134144 0.0500
52700 -0.661024 0.147274 0.0500
52800 -0.656174 0.147246 0.0500
52900 -0.662461 0.134013 0.0500
53000 -0.682416 0.108756 0.0500
53100 -0.703291 0.088291 0.0500
53200 -0.721909 0.073788 0.0500
53300 -0.740641 0.062338 0.0500
53400 -0.756468 0.054690 0.0500
53500 -0.762609 0.051760 0.0500
53600 -0.760699 0.051637 0.0500
53700 -0.750505 0.054565 0.0500
53800 -0.735772 0.060261 0.0500
53900 -0.720829 0.067480 0.0500
54000 -0.704303 0.077413 0.0500
54100 -0.680533 0.096464 0.0500
54200 -0.652285 0.126614 0.0500
54300 -0.625783 0.158808 0.0500
54400 -0.603625 0.181750 0.0500
54500 -0.598754 0.178581 0.0500
54600 -0.609826 0.157262 0.0500
54700 -0.637557 0.121254 0.0500
54800 -0.665537 0.093478 0.0500
54900 -0.691225 0.074702 0.0500
55000 -0.710099 0.063811 0.0500
55100 -0.726222 0.056226 0.0500
55200 -0.731934 0.053390 0.0500
55300 -0.722697 0.055813 0.0500
55400 -0.710190 0.059969 0.0500
55500 -0.695664 0.065925 0.0500
55600 -0.689177 0.068255 0.0500
55700 -0.692599 0.065099 0.0500
55800 -0.689455 0.065607 0.0500
55900 -0.689284 0.064507 0.0500
56000 -0.691270 0.062318 0.0500
56100 -0.695300 0.059289 0.0500
56200 -0.695003 0.058451 0.0500
56300 -0.688775 0.060519 0.0500
56400 -0.680310 0.064186 0.0500
56500 -0.670310 0.069569 0.0500
56600 -0.664062 0.072883 0.0500
56700 -0.660518 0.074239 0.0500
56800 -0.654536 0.077802 0.0500
56900 -0.658755 0.072569 0.0500
57000 -0.668277 0.064220 0.0500
57100 -0.683627 0.054797 0.0500
57200 -0.701519 0.047787 0.0500
57300 -0.722686 0.043126 0.0500
57400 -0.741955 0.040773 0.0500
57500 -0.759962 0.039469 0.0500
57600 -0.779156 0.038702 0.0500
57700 -0.793450 0.038297 0.0500
57800 -0.794523 0.037897 0.0500
57900 -0.784873 0.037474 0.0500
58000 -0.765912 0.037417 0.0500
58100 -0.743768 0.038284 0.0500
58200 -0.729594 0.039364 0.0500
58300 -0.729166 0.038989 0.0500
58400 -0.735065 0.037876 0.0500
58500 -0.746207 0.036533 0.0500
58600 -0.763969 0.035440 0.0500
58700 -0.781022 0.035111 0.0500
58800 -0.795732 0.035212 0.0500
58900 -0.805678 0.035324 0.0500
59000 -0.803386 0.034864 0.0500
59100 -0.792629 0.034093 0.0500
59200 -0.773615 0.033530 0.0500
59300 -0.746375 0.034479 0.0500
59400 -0.720049 0.037783 0.0500
59500 -0.695092 0.044335 0.0500
59600 -0.671721 0.055478 0.0500
59700 -0.645300 0.076846 0.0500
59800 -0.604272 0.130065 0.0500
59900 -0.565277 0.182449 0.0500
60000 -0.548968 0.192192 0.0500
60100 -0.559498 0.171150 0.0500
60200 -0.583162 0.137652 0.0500
60300 -0.608852 0.104797 0.0500
60400 -0.627410 0.083436 0.0500
60500 -0.634981 0.074851 0.0500
60600 -0.618127 0.088514 0.0500
60700 -0.575155 0.132275 0.0500
60800 -0.520801 0.189518 0.0500
60900 -0.471718 0.219849 0.0500
61000 -0.443636 0.219808 0.0500
61100 -0.446739 0.205548 0.0500
61200 -0.475949 0.185281 0.0500
61300 -0.518078 0.162247 0.0500
61400 -0.552433 0.135628 0.0500
61500 -0.565622 0.121572 0.0500
61600 -0.555251 0.124500 0.0500
61700 -0.531743 0.135153 0.0500
61800 -0.508752 0.143786 0.0500
61900 -0.495569 0.145593 0.0500
62000 -0.493460 0.140955 0.0500
62100 -0.500589 0.131819 0.0500
62200 -0.514169 0.121068 0.0500
62300 -0.530918 0.111257 0.0500
62400 -0.550827 0.102526 0.0500
62500 -0.573469 0.093941 0.0500
62600 -0.585375 0.087977 0.0500
62700 -0.578798 0.087834 0.0500
62800 -0.562820 0.090073 0.0500
62900 -0.537980 0.095415 0.0500
63000 -0.516412 0.102263 0.0500
63100 -0.501016 0.108318 0.0500
63200 -0.493681 0.110049 0.0500
63300 -0.487865 0.110956 0.0500
63400 -0.485617 0.109264 0.0500
63500 -0.486132 0.105594 0.0500
63600 -0.482656 0.105105 0.0500
63700 -0.475917 0.107442 0.0500
63800 -0.472328 0.107330 0.0500
63900 -0.465472 0.110436 0.0500
64000 -0.441463 0.134393 0.0500
64100 -0.399748 0.186113 0.0500
64200 -0.361315 0.214549 0.0500
64300 -0.351628 0.208183 0.0500
64400 -0.366161 0.187905 0.0500
64500 -0.399063 0.156723 0.0500
64600 -0.433871 0.122014 0.0500
64700 -0.453358 0.102917 0.0500
64800 -0.464304 0.093026 0.0500
64900 -0.464614 0.090463 0.0500
65000 -0.450839 0.096852 0.0500
65100 -0.425891 0.114132 0.0500
65200 -0.401985 0.131979 0.0500
65300 -0.392383 0.135716 0.0500
65400 -0.393994 0.129284 0.0500
65500 -0.403741 0.116872 0.0500
65600 -0.421482 0.100628 0.0500
65700 -0.441570 0.086601 0.0500
65800 -0.463590 0.076206 0.0500
65900 -0.483978 0.070735 0.0500
66000 -0.499159 0.068666 0.0500
66100 -0.510025 0.067835 0.0500
66200 -0.516951 0.067206 0.0500
66300 -0.518567 0.066138 0.0500
66400 -0.521674 0.065307 0.0500
66500 -0.530964 0.065510 0.0500
66600 -0.545738 0.067068 0.0500
66700 -0.562597 0.069087 0.0500
66800 -0.571317 0.069169 0.0500
66900 -0.567574 0.067293 0.0500
67000 -0.556623 0.064263 0.0500
67100 -0.534555 0.059886 0.0500
67200 -0.516909 0.057700 0.0500
67300 -0.500902 0.057382 0.0500
67400 -0.480161 0.060188 0.0500
67500 -0.448942 0.071824 0.0500
67600 -0.411855 0.096011 0.0500
67700 -0.376205 0.127078 0.0500
67800 -0.350767 0.151022 0.0500
67900 -0.340243 0.156996 0.0500
68000 -0.347973 0.141692 0.0500
68100 -0.368542 0.116729 0.0500
68200 -0.404505 0.088432 0.0500
68300 -0.449068 0.065343 0.0500
68400 -0.490660 0.054316 0.0500
68500 -0.523828 0.053982 0.0500
68600 -0.555327 0.058921 0.0500
68700 -0.569075 0.061011 0.0500
68800 -0.567208 0.059583 0.0500
68900 -0.550262 0.055083 0.0500
69000 -0.530935 0.051251 0.0500
69100 -0.515145 0.049507 0.0500
69200 -0.502517 0.049136 0.0500
69300 -0.490504 0.049757 0.0500
69400 -0.468587 0.054018 0.0500
69500 -0.444169 0.062405 0.0500
69600 -0.420967 0.072911 0.0500
69700 -0.401815 0.082720 0.0500
69800 -0.394687 0.085450 0.0500
69900 -0.397746 0.081459 0.0500
70000 -0.393889 0.082075 0.0500
70100 -0.386578 0.085123 0.0500
70200 -0.381893 0.086485 0.0500
70300 -0.378800 0.086729 0.0500
70400 -0.383659 0.081171 0.0500
70500 -0.392101 0.074132 0.0500
70600 -0.402763 0.067255 0.0500
70700 -0.409787 0.063091 0.0500
70800 -0.409673 0.062031 0.0500
70900 -0.404091 0.063186 0.0500
71000 -0.390781 0.068543 0.0500
71100 -0.370557 0.081492 0.0500
71200 -0.344834 0.107808 0.0500
71300 -0.311720 0.154642 0.0500
71400 -0.285285 0.186990 0.0500
71500 -0.271878 0.193108 0.0500
71600 -0.280089 0.174281 0.0500
71700 -0.304865 0.138641 0.0500
71800 -0.333863 0.102418 0.0500
71900 -0.359688 0.077869 0.0500
72000 -0.375768 0.066717 0.0500
72100 -0.373403 0.066674 0.0500
72200 -0.360561 0.072939 0.0500
72300 -0.334250 0.093025 0.0500
72400 -0.304497 0.123176 0.0500
72500 -0.289730 0.136507 0.0500
72600 -0.284552 0.137464 0.0500
72700 -0.284093 0.132803 0.0500
72800 -0.288608 0.123080 0.0500
72900 -0.299821 0.107877 0.0500
73000 -0.321523 0.086915 0.0500
73100 -0.334894 0.076045 0.0500
73200 -0.338437 0.072408 0.0500
73300 -0.322991 0.080509 0.0500
73400 -0.289685 0.107229 0.0500
73500 -0.243748 0.162195 0.0500
73600 -0.199881 0.207925 0.0500
73700 -0.173726 0.215179 0.0500
73800 -0.182067 0.197865 0.0500
73900 -0.217306 0.164749 0.0500
74000 -0.272462 0.111376 0.0500
74100 -0.316943 0.076999 0.0500
74200 -0.343741 0.063135 0.0500
74300 -0.360855 0.056688 0.0500
74400 -0.371643 0.053382 0.0500
74500 -0.368770 0.053161 0.0500
74600 -0.348597 0.057819 0.0500
74700 -0.312466 0.073901 0.0500
74800 -0.262885 0.111697 0.0500
74900 -0.211367 0.155296 0.0500
75000 -0.183129 0.170542 0.0500
75100 -0.184109 0.161882 0.0500
75200 -0.199534 0.144568 0.0500
75300 -0.225204 0.124306 0.0500
75400 -0.256125 0.102442 0.0500
75500 -0.282919 0.083939 0.0500
75600 -0.296060 0.075015 0.0500
75700 -0.294452 0.074262 0.0500
75800 -0.277178 0.081946 0.0500
75900 -0.251614 0.095477 0.0500
76000 -0.228891 0.107509 0.0500
76100 -0.215769 0.113026 0.0500
76200 -0.216317 0.109146 0.0500
76300 -0.230830 0.097139 0.0500
76400 -0.251207 0.084284 0.0500
76500 -0.269774 0.074536 0.0500
76600 -0.285130 0.067582 0.0500
76700 -0.291475 0.064349 0.0500
76800 -0.286497 0.064713 0.0500
76900 -0.278775 0.066059 0.0500
77000 -0.275573 0.065952 0.0500
77100 -0.264630 0.068881 0.0500
77200 -0.251136 0.073606 0.0500
77300 -0.233993 0.081508 0.0500
77400 -0.220307 0.088745 0.0500
77500 -0.212518 0.092412 0.0500
77600 -0.216036 0.087411 0.0500
77700 -0.227753 0.077714 0.0500
77800 -0.243444 0.068279 0.0500
77900 -0.260222 0.061146 0.0500
78000 -0.281424 0.055484 0.0500
78100 -0.301915 0.052101 0.0500
78200 -0.320303 0.049918 0.0500
78300 -0.334309 0.048367 0.0500
78400 -0.336540 0.047594 0.0500
78500 -0.322163 0.047848 0.0500
78600 -0.302362 0.048950 0.0500
78700 -0.282269 0.051243 0.0500
78800 -0.262707 0.055327 0.0500
78900 -0.235038 0.066093 0.0500
79000 -0.203628 0.087753 0.0500
79100 -0.165137 0.131822 0.0500
79200 -0.132364 0.175014 0.0500
79300 -0.114365 0.189601 0.0500
79400 -0.109684 0.184911 0.0500
79500 -0.127204 0.157052 0.0500
79600 -0.157365 0.119005 0.0500
79700 -0.190745 0.086342 0.0500
79800 -0.205207 0.074724 0.0500
79900 -0.201324 0.075530 0.0500
80000 -0.177897 0.090837 0.0500
80100 -0.145191 0.120125 0.0500
80200 -0.118574 0.146364 0.0500
80300 -0.104838 0.156409 0.0500
80400 -0.109129 0.144938 0.0500
80500 -0.128397 0.119964 0.0500
80600 -0.156745 0.093541 0.0500
80700 -0.187048 0.073668 0.0500
80800 -0.217972 0.060086 0.0500
80900 -0.245585 0.052131 0.0500
81000 -0.266149 0.048115 0.0500
81100 -0.274514 0.046573 0.0500
81200 -0.267116 0.046750 0.0500
81300 -0.241664 0.050435 0.0500
81400 -0.207831 0.059979 0.0500
81500 -0.169098 0.078695 0.0500
81600 -0.129789 0.107977 0.0500
81700 -0.100676 0.136300 0.0500
81800 -0.084248 0.151622 0.0500
81900 -0.078674 0.152341 0.0500
82000 -0.080761 0.143460 0.0500
82100 -0.096768 0.120618 0.0500
82200 -0.121705 0.096503 0.0500
82300 -0.150770 0.078067 0.0500
82400 -0.173686 0.066993 0.0500
82500 -0.187753 0.060910 0.0500
82600 -0.192260 0.058486 0.0500
82700 -0.195656 0.056548 0.0500
82800 -0.201577 0.054066 0.0500
82900 -0.201864 0.053182 0.0500
83000 -0.198284 0.053318 0.0500
83100 -0.195680 0.053224 0.0500
83200 -0.196203 0.052298 0.0500
83300 -0.200287 0.050509 0.0500
83400 -0.206750 0.048365 0.0500
83500 -0.211343 0.046833 0.0500
83600 -0.219412 0.044935 0.0500
83700 -0.219070 0.044422 0.0500
83800 -0.209588 0.045417 0.0500
83900 -0.198435 0.047264 0.0500
84000 -0.183793 0.050959 0.0500
84100 -0.163424 0.058603 0.0500
84200 -0.148104 0.065796 0.0500
84300 -0.133548 0.073899 0.0500
84400 -0.117585 0.084670 0.0500
84500 -0.099651 0.099754 0.0500
84600 -0.088459 0.109593 0.0500
84700 -0.080349 0.116251 0.0500
84800 -0.078405 0.114983 0.0500
84900 -0.080290 0.109047 0.0500
85000 -0.077787 0.108750 0.0500
85100 -0.075658 0.108029 0.0500
85200 -0.075221 0.105330 0.0500
85300 -0.072652 0.105280 0.0500
85400 -0.062907 0.114386 0.0500
85500 -0.050001 0.128816 0.0500
85600 -0.038430 0.141650 0.0500
85700 -0.025828 0.155384 0.0500
85800 -0.015927 0.163335 0.0500
85900 -0.023912 0.144922 0.0500
86000 -0.046288 0.111209 0.0500
86100 -0.072838 0.083606 0.0500
86200 -0.097726 0.068084 0.0500
86300 -0.119863 0.059702 0.0500
86400 -0.136114 0.054934 0.0500
86500 -0.150645 0.051093 0.0500
86600 -0.159818 0.048572 0.0500
86700 -0.160239 0.047837 0.0500
86800 -0.149827 0.049215 0.0500
86900 -0.137593 0.051081 0.0500
87000 -0.122952 0.053854 0.0500
87100 -0.113654 0.055724 0.0500
87200 -0.109121 0.056345 0.0500
87300 -0.111785 0.054590 0.0500
87400 -0.118229 0.051895 0.0500
87500 -0.129493 0.048539 0.0500
87600 -0.135361 0.046781 0.0500
87700 -0.137215 0.045856 0.0500
87800 -0.136432 0.045403 0.0500
87900 -0.132134 0.045583 0.0500
88000 -0.127216 0.045966 0.0500
88100 -0.114282 0.048597 0.0500
88200 -0.094368 0.055753 0.0500
88300 -0.072631 0.069085 0.0500
88400 -0.050447 0.089853 0.0500
88500 -0.033321 0.109698 0.0500
88600 -0.020633 0.124646 0.0500
88700 -0.007334 0.140239 0.0500
88800 -0.001776 0.143036 0.0500
88900 -0.011157 0.124301 0.0500
89000 -0.015934 0.113829 0.0500
89100 -0.018903 0.106629 0.0500
89200 -0.026410 0.095049 0.0500
89300 -0.037630 0.081617 0.0500
89400 -0.044915 0.073713 0.0500
89500 -0.051599 0.067358 0.0500
89600 -0.052157 0.065729 0.0500
89700 -0.043152 0.070937 0.0500
89800 -0.019562 0.091682 0.0500
89900 0.017740 0.140793 0.0500
90000 0.048423 0.181794 0.0500
90100 0.066332 0.194658 0.0500
90200 0.072851 0.190875 0.0500
90300 0.070177 0.178486 0.0500
90400 0.065691 0.165784 0.0500
90500 0.062784 0.155770 0.0500
90600 0.070359 0.155456 0.0500
90700 0.086821 0.162960 0.0500
90800 0.113156 0.180855 0.0500
90900 0.134498 0.192747 0.0500
91000 0.157414 0.202530 0.0500
91100 0.170461 0.200970 0.0500
91200 0.169896 0.189613 0.0500
91300 0.148090 0.166830 0.0500
91400 0.111529 0.142853 0.0500
91500 0.069193 0.125082 0.0500
91600 0.034900 0.110670 0.0500
91700 0.021721 0.101579 0.0500
91800 0.030050 0.102434 0.0500
91900 0.061624 0.110775 0.0500
92000 0.113037 0.129302 0.0500
92100 0.166465 0.161300 0.0500
92200 0.201294 0.185572 0.0500
92300 0.214572 0.188281 0.0500
92400 0.213576 0.177770 0.0500
92500 0.197328 0.156718 0.0500
92600 0.169506 0.135016 0.0500
92700 0.132047 0.119320 0.0500
92800 0.096190 0.108477 0.0500
92900 0.072121 0.101600 0.0500
93000 0.055813 0.096746 0.0500
93100 0.059504 0.094611 0.0500
93200 0.074423 0.094179 0.0500
93300 0.091672 0.095146 0.0500
93400 0.112206 0.098515 0.0500
93500 0.134253 0.103948 0.0500
93600 0.154235 0.109930 0.0500
93700 0.156616 0.107788 0.0500
93800 0.137779 0.096712 0.0500
93900 0.109543 0.086932 0.0500
94000 0.083565 0.082394 0.0500
94100 0.064855 0.080961 0.0500
94200 0.058585 0.079574 0.0500
94300 0.071296 0.077169 0.0500
94400 0.093620 0.076614 0.0500
94500 0.119554 0.080739 0.0500
94600 0.148471 0.091108 0.0500
94700 0.173887 0.105371 0.0500
94800 0.193153 0.119368 0.0500
94900 0.203161 0.125818 0.0500
95000 0.209588 0.128546 0.0500
95100 0.218154 0.133894 0.0500
95200 0.224935 0.137112 0.0500
95300 0.226523 0.133862 0.0500
95400 0.231519 0.134918 0.0500
95500 0.237057 0.136644 0.0500
95600 0.247747 0.144965 0.0500
95700 0.258817 0.153609 0.0500
95800 0.260388 0.149168 0.0500
95900 0.246828 0.127198 0.0500
96000 0.223749 0.102178 0.0500
96100 0.196274 0.085076 0.0500
96200 0.173652 0.077370 0.0500
96300 0.157918 0.073585 0.0500
96400 0.147496 0.071151 0.0500
96500 0.142126 0.069376 0.0500
96600 0.149234 0.068556 0.0500
96700 0.166636 0.069314 0.0500
96800 0.186350 0.072554 0.0500
96900 0.204447 0.078507 0.0500
97000 0.219498 0.086091 0.0500
97100 0.225461 0.088597 0.0500
97200 0.225413 0.086392 0.0500
97300 0.218928 0.079678 0.0500
97400 0.211136 0.073388 0.0500
97500 0.206872 0.069870 0.0500
97600 0.210130 0.070016 0.0500
97700 0.224968 0.077617 0.0500
97800 0.251535 0.102412 0.0500
97900 0.287563 0.153778 0.0500
98000 0.319512 0.193903 0.0500
98100 0.334320 0.199427 0.0500
98200 0.329985 0.184613 0.0500
98300 0.302840 0.148382 0.0500
98400 0.268397 0.105579 0.0500
98500 0.245341 0.081851 0.0500
98600 0.237069 0.074248 0.0500
98700 0.241848 0.075875 0.0500
98800 0.260050 0.088876 0.0500
98900 0.295094 0.123649 0.0500
99000 0.342309 0.172085 0.0500
99100 0.384660 0.204354 0.0500
99200 0.395107 0.200943 0.0500
99300 0.375036 0.175934 0.0500
99400 0.339822 0.145079 0.0500
99500 0.304335 0.116033 0.0500
99600 0.280503 0.094774 0.0500
99700 0.278636 0.090935 0.0500
99800 0.294513 0.100136 0.0500
99900 0.313341 0.110839 0.0500
100000 0.326692 0.116897 0.0500
100100 0.335175 0.119194 0.0500
100200 0.336112 0.115954 0.0500
100300 0.323724 0.104209 0.0500
100400 0.306562 0.091781 0.0500
100500 0.283501 0.078659 0.0500
100600 0.266123 0.069736 0.0500
100700 0.257955 0.065358 0.0500
100800 0.269239 0.068378 0.0500
100900 0.287440 0.074762 0.0500
101000 0.306397 0.082561 0.0500
101100 0.329917 0.095338 0.0500
101200 0.344573 0.104366 0.0500
101300 0.348696 0.104947 0.0500
101400 0.341920 0.096327 0.0500
101500 0.323290 0.081770 0.0500
101600 0.298861 0.069682 0.0500
101700 0.271668 0.060898 0.0500
101800 0.250064 0.055552 0.0500
101900 0.233903 0.052494 0.0500
102000 0.216613 0.050668 0.0500
102100 0.201239 0.050261 0.0500
102200 0.188787 0.050629 0.0500
102300 0.186256 0.050212 0.0500
102400 0.189634 0.049131 0.0500
102500 0.199239 0.047692 0.0500
102600 0.208095 0.046797 0.0500
102700 0.220759 0.046611 0.0500
102800 0.236667 0.047847 0.0500
102900 0.258930 0.051885 0.0500
103000 0.285767 0.059165 0.0500
103100 0.308182 0.067041 0.0500
103200 0.318362 0.070853 0.0500
103300 0.318900 0.069751 0.0500
103400 0.312682 0.065320 0.0500
103500 0.299635 0.058897 0.0500
103600 0.276492 0.051390 0.0500
103700 0.249130 0.045676 0.0500
103800 0.226294 0.043129 0.0500
103900 0.211476 0.042685 0.0500
104000 0.208986 0.042304 0.0500
104100 0.209424 0.041782 0.0500
104200 0.214634 0.041096 0.0500
104300 0.225694 0.040721 0.0500
104400 0.238437 0.041208 0.0500
104500 0.243565 0.041348 0.0500
104600 0.248730 0.041611 0.0500
104700 0.259582 0.043067 0.0500
104800 0.278555 0.047135 0.0500
104900 0.298068 0.052987 0.0500
105000 0.314085 0.059416 0.0500
105100 0.323890 0.064030 0.0500
105200 0.324357 0.063184 0.0500
105300 0.318123 0.058503 0.0500
105400 0.310182 0.053730 0.0500
105500 0.305323 0.050941 0.0500
105600 0.306694 0.050751 0.0500
105700 0.310619 0.051636 0.0500
105800 0.313473 0.052144 0.0500
105900 0.315234 0.052195 0.0500
106000 0.316682 0.052119 0.0500
106100 0.324893 0.055694 0.0500
106200 0.334931 0.061423 0.0500
106300 0.355280 0.079100 0.0500
106400 0.390215 0.126514 0.0500
106500 0.427781 0.180906 0.0500
106600 0.447018 0.195082 0.0500
106700 0.440753 0.178228 0.0500
106800 0.416011 0.142369 0.0500
106900 0.384285 0.100311 0.0500
107000 0.356117 0.070010 0.0500
107100 0.344301 0.059991 0.0500
107200 0.351734 0.064155 0.0500
107300 0.371376 0.079895 0.0500
107400 0.409022 0.120206 0.0500
107500 0.447775 0.162114 0.0500
107600 0.465107 0.174026 0.0500
107700 0.450648 0.150910 0.0500
107800 0.406471 0.104007 0.0500
107900 0.351858 0.058773 0.0500
108000 0.312037 0.042319 0.0500
108100 0.279730 0.037471 0.0500
108200 0.253138 0.035827 0.0500
108300 0.248094 0.035388 0.0500
108400 0.265049 0.035538 0.0500
108500 0.301439 0.038718 0.0500
108600 0.350132 0.055452 0.0500
108700 0.413167 0.105029 0.0500
108800 0.466514 0.155404 0.0500
108900 0.499047 0.185298 0.0500
109000 0.499842 0.176775 0.0500
109100 0.478622 0.147823 0.0500
109200 0.438896 0.112260 0.0500
109300 0.396892 0.082545 0.0500
109400 0.367066 0.061703 0.0500
109500 0.354291 0.053639 0.0500
109600 0.365077 0.058626 0.0500
109700 0.392450 0.074706 0.0500
109800 0.430636 0.098299 0.0500
109900 0.470232 0.126275 0.0500
110000 0.502871 0.155899 0.0500
110100 0.516590 0.164912 0.0500
110200 0.507877 0.147998 0.0500
110300 0.485297 0.121489 0.0500
110400 0.463274 0.103169 0.0500
110500 0.441848 0.090455 0.0500
110600 0.423285 0.081131 0.0500
110700 0.418889 0.077667 0.0500
110800 0.420923 0.076747 0.0500
110900 0.431619 0.079020 0.0500
111000 0.441843 0.081250 0.0500
111100 0.442088 0.079525 0.0500
111200 0.436429 0.075640 0.0500
111300 0.429263 0.071668 0.0500
111400 0.425701 0.069168 0.0500
111500 0.428920 0.068800 0.0500
111600 0.445504 0.073386 0.0500
111700 0.476660 0.090909 0.0500
111800 0.514729 0.130609 0.0500
111900 0.555992 0.183089 0.0500
112000 0.583323 0.203892 0.0500
112100 0.579950 0.189616 0.0500
112200 0.554402 0.156426 0.0500
112300 0.511380 0.109439 0.0500
112400 0.474059 0.079467 0.0500
112500 0.453863 0.069034 0.0500
112600 0.445368 0.065219 0.0500
112700 0.443870 0.063667 0.0500
112800 0.446905 0.063308 0.0500
112900 0.453155 0.063996 0.0500
113000 0.467290 0.068332 0.0500
113100 0.491451 0.081694 0.0500
113200 0.516028 0.101279 0.0500
113300 0.546589 0.130585 0.0500
113400 0.566358 0.147326 0.0500
113500 0.564418 0.139351 0.0500
113600 0.553935 0.123750 0.0500
113700 0.538067 0.105620 0.0500
113800 0.520802 0.089531 0.0500
113900 0.515793 0.083981 0.0500
114000 0.525811 0.088760 0.0500
114100 0.538176 0.095804 0.0500
114200 0.548284 0.101670 0.0500
114300 0.553184 0.103167 0.0500
114400 0.548488 0.096193 0.0500
114500 0.538874 0.086432 0.0500
114600 0.522617 0.074811 0.0500
114700 0.505905 0.066123 0.0500
114800 0.491314 0.060413 0.0500
114900 0.473997 0.055827 0.0500
115000 0.449018 0.052764 0.0500
115100 0.427829 0.052153 0.0500
115200 0.414941 0.051794 0.0500
115300 0.411603 0.051121 0.0500
115400 0.418047 0.050249 0.0500
115500 0.425973 0.049353 0.0500
115600 0.430149 0.048607 0.0500
115700 0.433296 0.047926 0.0500
115800 0.431745 0.047297 0.0500
115900 0.426699 0.046754 0.0500
116000 0.423241 0.046239 0.0500
116100 0.431358 0.045491 0.0500
116200 0.452835 0.045889 0.0500
116300 0.480676 0.050596 0.0500
116400 0.505238 0.058599 0.0500
116500 0.527965 0.069581 0.0500
116600 0.539799 0.076364 0.0500
116700 0.557188 0.089826 0.0500
116800 0.580083 0.114188 0.0500
116900 0.600800 0.140266 0.0500
117000 0.611024 0.150202 0.0500
117100 0.606648 0.137705 0.0500
117200 0.584701 0.104728 0.0500
117300 0.549677 0.072138 0.0500
117400 0.512198 0.054368 0.0500
117500 0.482734 0.046474 0.0500
117600 0.460339 0.043068 0.0500
117700 0.454891 0.042236 0.0500
117800 0.458686 0.041944 0.0500
117900 0.467982 0.042264 0.0500
118000 0.482448 0.043901 0.0500
118100 0.492503 0.045446 0.0500
118200 0.489800 0.044272 0.0500
118300 0.484769 0.042725 0.0500
118400 0.475913 0.040804 0.0500
118500 0.470451 0.039696 0.0500
118600 0.469381 0.039153 0.0500
118700 0.468264 0.038625 0.0500
118800 0.465673 0.038005 0.0500
118900 0.461921 0.037383 0.0500
119000 0.452054 0.036826 0.0500
119100 0.424671 0.038718 0.0500
119200 0.381906 0.043440 0.0500
119300 0.344621 0.040519 0.0500
119400 0.321471 0.037204 0.0500
119500 0.320270 0.036693 0.0500
119600 0.338001 0.038450 0.0500
119700 0.372800 0.041698 0.0500
119800 0.413453 0.038770 0.0500
119900 0.447726 0.035464 0.0500
120000 0.470684 0.036295 0.0500
120100 0.486557 0.038598 0.0500
120200 0.500933 0.041912 0.0500
120300 0.509631 0.044286 0.0500
120400 0.510667 0.044110 0.0500
120500 0.505784 0.041914 0.0500
120600 0.509847 0.042778 0.0500
120700 0.520516 0.046356 0.0500
120800 0.541723 0.056690 0.0500
120900 0.569327 0.077515 0.0500
121000 0.594987 0.105583 0.0500
121100 0.604296 0.115323 0.0500
121200 0.593824 0.097859 0.0500
121300 0.578919 0.078972 0.0500
121400 0.563412 0.064318 0.0500
121500 0.549529 0.054494 0.0500
121600 0.535891 0.047237 0.0500
121700 0.525693 0.042869 0.0500
121800 0.536383 0.046273 0.0500
121900 0.568646 0.064219 0.0500
122000 0.619764 0.124853 0.0500
122100 0.673670 0.201749 0.0500
122200 0.689617 0.205939 0.0500
122300 0.655613 0.161069 0.0500
122400 0.601274 0.089062 0.0500
122500 0.566295 0.057928 0.0500
122600 0.566312 0.057008 0.0500
122700 0.581237 0.066342 0.0500
122800 0.604801 0.087028 0.0500
122900 0.633622 0.119598 0.0500
123000 0.661832 0.150989 0.0500
123100 0.691876 0.177498 0.0500
123200 0.706565 0.182739 0.0500
123300 0.689337 0.158633 0.0500
123400 0.651719 0.120582 0.0500
123500 0.613099 0.083573 0.0500
123600 0.588934 0.063915 0.0500
123700 0.590820 0.063987 0.0500
123800 0.609456 0.076159 0.0500
123900 0.633385 0.094582 0.0500
124000 0.657376 0.113419 0.0500
124100 0.679605 0.130127 0.0500
124200 0.693692 0.139008 0.0500
124300 0.690531 0.130692 0.0500
124400 0.682064 0.118656 0.0500
124500 0.667127 0.103749 0.0500
124600 0.646362 0.088034 0.0500
124700 0.629456 0.076573 0.0500
124800 0.614049 0.067002 0.0500
124900 0.606738 0.062237 0.0500
125000 0.613655 0.064445 0.0500
125100 0.637838 0.075792 0.0500
125200 0.673365 0.097238 0.0500
125300 0.716601 0.140010 0.0500
125400 0.756369 0.188135 0.0500
125500 0.776278 0.200215 0.0500
125600 0.770426 0.183820 0.0500
125700 0.748081 0.153206 0.0500
125800 0.719066 0.120342 0.0500
125900 0.696496 0.099658 0.0500
126000 0.681541 0.088315 0.0500
126100 0.682820 0.086816 0.0500
126200 0.702164 0.096210 0.0500
126300 0.727953 0.114578 0.0500
126400 0.754914 0.138659 0.0500
126500 0.782579 0.164452 0.0500
126600 0.805999 0.182546 0.0500
126700 0.816254 0.183693 0.0500
126800 0.815752 0.174029 0.0500
126900 0.813341 0.163630 0.0500
127000 0.800703 0.146197 0.0500
127100 0.769207 0.120650 0.0500
127200 0.732500 0.098256 0.0500
127300 0.703074 0.083184 0.0500
127400 0.685121 0.075659 0.0500
127500 0.681426 0.073126 0.0500
127600 0.697135 0.076133 0.0500
127700 0.728059 0.087572 0.0500
127800 0.763629 0.105694 0.0500
127900 0.798653 0.128018 0.0500
128000 0.825854 0.149991 0.0500
128100 0.847000 0.167892 0.0500
128200 0.858268 0.173138 0.0500
128300 0.863441 0.170666 0.0500
128400 0.859009 0.158079 0.0500
128500 0.845355 0.138467 0.0500
128600 0.828643 0.120772 0.0500
128700 0.812127 0.107972 0.0500
128800 0.792350 0.097871 0.0500
128900 0.775008 0.091058 0.0500
129000 0.765294 0.086724 0.0500
129100 0.769255 0.085462 0.0500
129200 0.778312 0.085386 0.0500
129300 0.790214 0.086438 0.0500
129400 0.802371 0.088585 0.0500
129500 0.812304 0.090982 0.0500
129600 0.814379 0.089787 0.0500
129700 0.815154 0.087974 0.0500
129800 0.820089 0.088625 0.0500
129900 0.822259 0.087776 0.0500
130000 0.819095 0.083800 0.0500
130100 0.807460 0.076658 0.0500
130200 0.792848 0.071424 0.0500
130300 0.767435 0.068855 0.0500
130400 0.732240 0.068599 0.0500
130500 0.692395 0.065679 0.0500
130600 0.657576 0.062757 0.0500
130700 0.634237 0.059427 0.0500
130800 0.628355 0.057581 0.0500
130900 0.647003 0.059009 0.0500
131000 0.684571 0.061193 0.0500
131100 0.727023 0.064412 0.0500
131200 0.776361 0.065236 0.0500
131300 0.824928 0.079981 0.0500
131400 0.876244 0.138018 0.0500
131500 0.913262 0.187630 0.0500
131600 0.923273 0.189940 0.0500
131700 0.901472 0.154921 0.0500
131800 0.864298 0.105615 0.0500
131900 0.830664 0.075496 0.0500
132000 0.810158 0.065374 0.0500
132100 0.796736 0.061523 0.0500
132200 0.789594 0.059821 0.0500
132300 0.790090 0.058859 0.0500
132400 0.795653 0.058388 0.0500
132500 0.803879 0.058745 0.0500
132600 0.808285 0.058802 0.0500
132700 0.808161 0.057812 0.0500
132800 0.805184 0.056204 0.0500
132900 0.796707 0.054026 0.0500
133000 0.788044 0.052736 0.0500
133100 0.778983 0.052213 0.0500
133200 0.758624 0.053809 0.0500
133300 0.735210 0.056276 0.0500
133400 0.714530 0.057002 0.0500
133500 0.704899 0.056405 0.0500
133600 0.714663 0.055234 0.0500
133700 0.738052 0.052868 0.0500
133800 0.753635 0.050529 0.0500
133900 0.768067 0.048556 0.0500
134000 0.774747 0.047580 0.0500
134100 0.777892 0.046891 0.0500
134200 0.774054 0.046363 0.0500
134300 0.766479 0.046187 0.0500
134400 0.758613 0.046307 0.0500
134500 0.754516 0.046158 0.0500
134600 0.762136 0.044794 0.0500
134700 0.778144 0.043543 0.0500
134800 0.798484 0.045101 0.0500
134900 0.827285 0.056128 0.0500
135000 0.865674 0.090887 0.0500
135100 0.907473 0.144583 0.0500
135200 0.935232 0.173949 0.0500
135300 0.934152 0.164472 0.0500
135400 0.914678 0.135886 0.0500
135500 0.887330 0.102414 0.0500
135600 0.868291 0.081363 0.0500
135700 0.863326 0.075230 0.0500
135800 0.876138 0.084930 0.0500
135900 0.903051 0.109412 0.0500
136000 0.939948 0.148029 0.0500
136100 0.974134 0.183527 0.0500
136200 0.987825 0.189157 0.0500
136300 0.968383 0.159857 0.0500
136400 0.925622 0.115218 0.0500
136500 0.870347 0.072301 0.0500
136600 0.825646 0.047341 0.0500
136700 0.798903 0.040855 0.0500
136800 0.790281 0.039874 0.0500
136900 0.798181 0.039883 0.0500
137000 0.819155 0.043351 0.0500
137100 0.851534 0.057007 0.0500
137200 0.886988 0.079690 0.0500
137300 0.920127 0.102996 0.0500
137400 0.936026 0.113299 0.0500
137500 0.932737 0.107000 0.0500
137600 0.911526 0.088445 0.0500
137700 0.884280 0.070115 0.0500
137800 0.864061 0.058150 0.0500
137900 0.861218 0.055834 0.0500
138000 0.875471 0.062071 0.0500
138100 0.902173 0.076020 0.0500
138200 0.941033 0.104010 0.0500
138300 0.970806 0.133535 0.0500
138400 0.984083 0.145166 0.0500
138500 0.979652 0.133992 0.0500
138600 0.967608 0.115871 0.0500
138700 0.950184 0.096714 0.0500
138800 0.926679 0.079279 0.0500
138900 0.905724 0.068178 0.0500
139000 0.896281 0.063312 0.0500
139100 0.898566 0.063035 0.0500
139200 0.913172 0.067609 0.0500
139300 0.934438 0.076988 0.0500
139400 0.950220 0.086252 0.0500
139500 0.954338 0.087538 0.0500
139600 0.951640 0.083260 0.0500
139700 0.949369 0.079655 0.0500
139800 0.945556 0.075307 0.0500
139900 0.935179 0.067906 0.0500
140000 0.921826 0.061218 0.0500
140100 0.904292 0.055481 0.0500
140200 0.883690 0.050655 0.0500
140300 0.861125 0.045622 0.0500
140400 0.843162 0.041442 0.0500
140500 0.831926 0.038962 0.0500
140600 0.827050 0.037803 0.0500
140700 0.825632 0.037212 0.0500
140800 0.831185 0.037628 0.0500
140900 0.851185 0.040944 0.0500
141000 0.870854 0.044652 0.0500
141100 0.890578 0.048321 0.0500
141200 0.913722 0.053600 0.0500
141300 0.928645 0.058362 0.0500
141400 0.939503 0.062932 0.0500
141500 0.942947 0.063893 0.0500
141600 0.938225 0.060039 0.0500
141700 0.924000 0.052815 0.0500
141800 0.897466 0.045595 0.0500
141900 0.865561 0.040329 0.0500
142000 0.839380 0.036215 0.0500
142100 0.817750 0.033879 0.0500
142200 0.801767 0.033427 0.0500
142300 0.782824 0.034738 0.0500
142400 0.764528 0.037603 0.0500
142500 0.745765 0.041426 0.0500
142600 0.725775 0.045375 0.0500
142700 0.715128 0.046843 0.0500
142800 0.724846 0.044416 0.0500
142900 0.752911 0.038099 0.0500
143000 0.791382 0.032156 0.0500
143100 0.826306 0.032863 0.0500
143200 0.860596 0.037684 0.0500
143300 0.887214 0.041730 0.0500
143400 0.903360 0.044306 0.0500
143500 0.908752 0.044998 0.0500
143600 0.906038 0.043801 0.0500
143700 0.892814 0.040737 0.0500
143800 0.873521 0.037443 0.0500
143900 0.844896 0.033320 0.0500
144000 0.825217 0.031068 0.0500
144100 0.823431 0.030679 0.0500
144200 0.834084 0.031290 0.0500
144300 0.857838 0.033908 0.0500
144400 0.887260 0.037956 0.0500
144500 0.907537 0.041635 0.0500
144600 0.924036 0.046329 0.0500
144700 0.935893 0.051183 0.0500
144800 0.949264 0.059003 0.0500
144900 0.963870 0.071001 0.0500
145000 0.982562 0.092494 0.0500
145100 1.007536 0.130268 0.0500
145200 1.025062 0.155847 0.0500
145300 1.032759 0.161607 0.0500
145400 1.035224 0.158174 0.0500
145500 1.035881 0.152272 0.0500
145600 1.029403 0.137036 0.0500
145700 1.022273 0.122520 0.0500
145800 1.024143 0.120756 0.0500
145900 1.036769 0.132679 0.0500
146000 1.061819 0.160328 0.0500
146100 1.085891 0.183218 0.0500
146200 1.094577 0.183675 0.0500
146300 1.080809 0.160176 0.0500
146400 1.058595 0.131799 0.0500
146500 1.036218 0.108361 0.0500
146600 1.018370 0.091914 0.0500
146700 1.008759 0.082957 0.0500
146800 1.012400 0.083488 0.0500
146900 1.031239 0.094727 0.0500
147000 1.055651 0.112370 0.0500
147100 1.075071 0.128435 0.0500
147200 1.093445 0.145126 0.0500
147300 1.100220 0.147519 0.0500
147400 1.100757 0.142192 0.0500
147500 1.093787 0.128980 0.0500
147600 1.083481 0.114508 0.0500
147700 1.082251 0.109844 0.0500
147800 1.085754 0.109501 0.0500
147900 1.095309 0.115045 0.0500
148000 1.108162 0.125234 0.0500
148100 1.119703 0.135053 0.0500
148200 1.135394 0.151120 0.0500
148300 1.151326 0.166888 0.0500
148400 1.156137 0.165636 0.0500
148500 1.157726 0.160139 0.0500
148600 1.146059 0.139363 0.0500
148700 1.122433 0.110754 0.0500
148800 1.092250 0.088384 0.0500
148900 1.062490 0.077507 0.0500
149000 1.028481 0.071118 0.0500
149100 0.998142 0.063281 0.0500
149200 0.981963 0.057087 0.0500
149300 0.982753 0.056445 0.0500
149400 1.002437 0.061520 0.0500
149500 1.040271 0.068412 0.0500
149600 1.071890 0.074151 0.0500
149700 1.085157 0.077399 0.0500
149800 1.074544 0.071918 0.0500
149900 1.053834 0.065869 0.0500
150000 1.034480 0.062246 0.0500
150100 1.015504 0.058996 0.0500
150200 0.999320 0.055496 0.0500
150300 0.997899 0.054381 0.0500
150400 0.999818 0.053907 0.0500
150500 1.009278 0.054652 0.0500
150600 1.022052 0.055640 0.0500
150700 1.038449 0.057094 0.0500
150800 1.058114 0.059994 0.0500
150900 1.086813 0.069469 0.0500
151000 1.122911 0.094977 0.0500
151100 1.151486 0.125867 0.0500
151200 1.164268 0.138659 0.0500
151300 1.158243 0.125497 0.0500
151400 1.138873 0.099334 0.0500
151500 1.111773 0.075100 0.0500
151600 1.077788 0.059289 0.0500
151700 1.047280 0.053419 0.0500
151800 1.014232 0.050568 0.0500
151900 0.984418 0.046942 0.0500
152000 0.979979 0.045717 0.0500
152100 0.990204 0.046481 0.0500
152200 1.010305 0.047929 0.0500
152300 1.038794 0.049667 0.0500
152400 1.069614 0.053785 0.0500
152500 1.098789 0.063275 0.0500
152600 1.123542 0.077884 0.0500
152700 1.145172 0.096631 0.0500
152800 1.167107 0.121288 0.0500
152900 1.171363 0.123062 0.0500
153000 1.157948 0.102070 0.0500
153100 1.133989 0.076691 0.0500
153200 1.108748 0.060465 0.0500
153300 1.088235 0.052696 0.0500
153400 1.070205 0.048659 0.0500
153500 1.055156 0.046626 0.0500
153600 1.036045 0.045379 0.0500
153700 1.007332 0.044449 0.0500
153800 0.981315 0.042532 0.0500
153900 0.969669 0.040987 0.0500
154000 0.981833 0.041605 0.0500
154100 1.018323 0.043010 0.0500
154200 1.060679 0.044791 0.0500
154300 1.094195 0.051038 0.0500
154400 1.122024 0.062922 0.0500
154500 1.143358 0.077942 0.0500
154600 1.169120 0.105264 0.0500
154700 1.196909 0.143748 0.0500
154800 1.211944 0.161610 0.0500
154900 1.211563 0.153906 0.0500
155000 1.208350 0.142868 0.0500
155100 1.209377 0.138673 0.0500
155200 1.210284 0.134594 0.0500
155300 1.204685 0.122636 0.0500
155400 1.198797 0.111701 0.0500
155500 1.196221 0.105497 0.0500
155600 1.204638 0.111538 0.0500
155700 1.218614 0.124711 0.0500
155800 1.231700 0.137446 0.0500
155900 1.239330 0.142527 0.0500
156000 1.250645 0.152327 0.0500
156100 1.254218 0.150750 0.0500
156200 1.249818 0.138924 0.0500
156300 1.237909 0.119943 0.0500
156400 1.222008 0.100979 0.0500
156500 1.205315 0.086235 0.0500
156600 1.188846 0.075480 0.0500
156700 1.168979 0.066095 0.0500
156800 1.157685 0.061256 0.0500
156900 1.151668 0.058464 0.0500
157000 1.143447 0.055313 0.0500
157100 1.140683 0.053772 0.0500
157200 1.143995 0.053791 0.0500
157300 1.152405 0.055201 0.0500
157400 1.164730 0.058064 0.0500
157500 1.174118 0.060443 0.0500
157600 1.179650 0.061624 0.0500
157700 1.184937 0.062862 0.0500
157800 1.194860 0.066712 0.0500
157900 1.204107 0.071004 0.0500
158000 1.215311 0.077725 0.0500
158100 1.233244 0.092940 0.0500
158200 1.262349 0.128662 0.0500
158300 1.292214 0.169839 0.0500
158400 1.308600 0.184292 0.0500
158500 1.304607 0.170147 0.0500
158600 1.290278 0.144924 0.0500
158700 1.271397 0.117508 0.0500
158800 1.257890 0.099968 0.0500
158900 1.253722 0.093406 0.0500
159000 1.265011 0.101491 0.0500
159100 1.279613 0.113806 0.0500
159200 1.298676 0.132481 0.0500
159300 1.319502 0.154011 0.0500
159400 1.320532 0.148812 0.0500
159500 1.296737 0.116184 0.0500
159600 1.263879 0.085625 0.0500
159700 1.236789 0.068954 0.0500
159800 1.220580 0.061433 0.0500
159900 1.213850 0.058305 0.0500
160000 1.217155 0.058339 0.0500
160100 1.230623 0.062036 0.0500
160200 1.249708 0.069805 0.0500
160300 1.264738 0.077644 0.0500
160400 1.282258 0.089629 0.0500
160500 1.301348 0.106356 0.0500
160600 1.313990 0.118058 0.0500
160700 1.308697 0.107996 0.0500
160800 1.296623 0.092502 0.0500
160900 1.289030 0.083700 0.0500
161000 1.285208 0.078908 0.0500
161100 1.288008 0.079216 0.0500
161200 1.287685 0.077246 0.0500
161300 1.286857 0.075014 0.0500
161400 1.287026 0.073573 0.0500
161500 1.290781 0.074706 0.0500
161600 1.302127 0.082441 0.0500
161700 1.312452 0.090955 0.0500
161800 1.323488 0.101905 0.0500
161900 1.343653 0.128514 0.0500
162000 1.361689 0.153419 0.0500
162100 1.372354 0.163820 0.0500
162200 1.366075 0.147111 0.0500
162300 1.344128 0.110979 0.0500
162400 1.320749 0.082718 0.0500
162500 1.306120 0.069960 0.0500
162600 1.297449 0.063786 0.0500
162700 1.291551 0.060011 0.0500
162800 1.291579 0.059023 0.0500
162900 1.290852 0.057771 0.0500
163000 1.288220 0.055878 0.0500
163100 1.288102 0.054971 0.0500
163200 1.295398 0.056948 0.0500
163300 1.316070 0.068232 0.0500
163400 1.349682 0.103031 0.0500
163500 1.390121 0.161934 0.0500
163600 1.407766 0.179560 0.0500
163700 1.399001 0.159527 0.0500
163800 1.369392 0.114948 0.0500
163900 1.338023 0.078057 0.0500
164000 1.308033 0.056707 0.0500
164100 1.284935 0.048601 0.0500
164200 1.263390 0.045617 0.0500
164300 1.237122 0.045235 0.0500
164400 1.214940 0.045566 0.0500
164500 1.205370 0.045325 0.0500
164600 1.207723 0.044679 0.0500
164700 1.219743 0.043727 0.0500
164800 1.237793 0.042737 0.0500
164900 1.264555 0.042889 0.0500
165000 1.299548 0.049689 0.0500
165100 1.334829 0.070226 0.0500
165200 1.359856 0.094027 0.0500
165300 1.382781 0.120021 0.0500
165400 1.388703 0.123753 0.0500
165500 1.376727 0.104846 0.0500
165600 1.348248 0.073450 0.0500
165700 1.318758 0.053003 0.0500
165800 1.294466 0.044052 0.0500
165900 1.260383 0.040169 0.0500
166000 1.227628 0.040969 0.0500
166100 1.206011 0.041946 0.0500
166200 1.197977 0.041981 0.0500
166300 1.202559 0.041200 0.0500
166400 1.209016 0.040325 0.0500
166500 1.227745 0.038863 0.0500
166600 1.248674 0.037895 0.0500
166700 1.264449 0.037863 0.0500
166800 1.280220 0.038954 0.0500
166900 1.295402 0.041488 0.0500
167000 1.310149 0.045748 0.0500
167100 1.330111 0.055209 0.0500
167200 1.346923 0.066472 0.0500
167300 1.363846 0.080916 0.0500
167400 1.371555 0.087305 0.0500
167500 1.376369 0.090585 0.0500
167600 1.375445 0.087289 0.0500
167700 1.363705 0.073450 0.0500
167800 1.349720 0.060718 0.0500
167900 1.334592 0.050532 0.0500
168000 1.336031 0.050569 0.0500
168100 1.358519 0.064700 0.0500
168200 1.385019 0.090137 0.0500
168300 1.409221 0.121065 0.0500
168400 1.424621 0.140885 0.0500
168500 1.422810 0.132674 0.0500
168600 1.404513 0.102649 0.0500
168700 1.372576 0.067701 0.0500
168800 1.335392 0.045518 0.0500
168900 1.305704 0.037039 0.0500
169000 1.283886 0.034471 0.0500
169100 1.276100 0.033933 0.0500
169200 1.277670 0.033634 0.0500
169300 1.290790 0.033936 0.0500
169400 1.311929 0.036614 0.0500
169500 1.352985 0.051546 0.0500
169600 1.406975 0.099552 0.0500
169700 1.462597 0.179911 0.0500
169800 1.488767 0.202263 0.0500
169900 1.469872 0.171448 0.0500
170000 1.422498 0.107892 0.0500
170100 1.372737 0.060161 0.0500
170200 1.329212 0.039312 0.0500
170300 1.301984 0.033507 0.0500
170400 1.286594 0.032094 0.0500
170500 1.284313 0.031746 0.0500
170600 1.300906 0.032518 0.0500
170700 1.332604 0.038846 0.0500
170800 1.379079 0.062022 0.0500
170900 1.431001 0.111859 0.0500
171000 1.466364 0.151433 0.0500
171100 1.469425 0.148690 0.0500
171200 1.438098 0.108908 0.0500
171300 1.387392 0.063154 0.0500
171400 1.341957 0.040084 0.0500
171500 1.315597 0.033161 0.0500
171600 1.312302 0.032345 0.0500
171700 1.335182 0.036939 0.0500
171800 1.374612 0.053042 0.0500
171900 1.424503 0.089925 0.0500
172000 1.469276 0.135541 0.0500
172100 1.489227 0.153804 0.0500
172200 1.485076 0.142618 0.0500
172300 1.446219 0.099740 0.0500
172400 1.390211 0.058355 0.0500
172500 1.343569 0.037780 0.0500
172600 1.311187 0.030887 0.0500
172700 1.286252 0.029413 0.0500
172800 1.269473 0.029897 0.0500
172900 1.250062 0.031562 0.0500
173000 1.226493 0.034400 0.0500
173100 1.208419 0.036574 0.0500
173200 1.205950 0.036535 0.0500
173300 1.213307 0.035181 0.0500
173400 1.231378 0.032497 0.0500
173500 1.253812 0.029738 0.0500
173600 1.271835 0.028257 0.0500
173700 1.287296 0.027822 0.0500
173800 1.304357 0.028555 0.0500
173900 1.325797 0.031588 0.0500
174000 1.356801 0.040472 0.0500
174100 1.396775 0.059709 0.0500
174200 1.433944 0.084576 0.0500
174300 1.450735 0.096521 0.0500
174400 1.437757 0.083398 0.0500
174500 1.403936 0.059699 0.0500
174600 1.369266 0.042809 0.0500
174700 1.342635 0.033899 0.0500
174800 1.330816 0.030923 0.0500
174900 1.329969 0.030494 0.0500
175000 1.338781 0.032093 0.0500
175100 1.354159 0.035931 0.0500
175200 1.384009 0.046870 0.0500
175300 1.412427 0.061288 0.0500
175400 1.422384 0.066565 0.0500
175500 1.420169 0.063903 0.0500
175600 1.405519 0.054325 0.0500
175700 1.387424 0.045116 0.0500
175800 1.368685 0.037823 0.0500
175900 1.359059 0.034641 0.0500
176000 1.358938 0.034275 0.0500
176100 1.367959 0.036502 0.0500
176200 1.389632 0.043900 0.0500
176300 1.421244 0.060039 0.0500
176400 1.449107 0.080652 0.0500
176500 1.464300 0.093870 0.0500
176600 1.473421 0.101555 0.0500
176700 1.478705 0.104890 0.0500
176800 1.480499 0.103980 0.0500
176900 1.477132 0.097179 0.0500
177000 1.470458 0.087694 0.0500
177100 1.455740 0.073011 0.0500
177200 1.446521 0.065208 0.0500
177300 1.447711 0.064781 0.0500
177400 1.448010 0.063806 0.0500
177500 1.452524 0.065586 0.0500
177600 1.464806 0.073557 0.0500
177700 1.469564 0.076158 0.0500
177800 1.470868 0.075721 0.0500
177900 1.479358 0.082351 0.0500
178000 1.497834 0.102945 0.0500
178100 1.516318 0.128241 0.0500
178200 1.527295 0.141868 0.0500
178300 1.520394 0.125325 0.0500
178400 1.505865 0.100484 0.0500
178500 1.492716 0.082717 0.0500
178600 1.476028 0.066784 0.0500
178700 1.456243 0.054721 0.0500
178800 1.428978 0.045299 0.0500
178900 1.405014 0.039742 0.0500
179000 1.392652 0.037015 0.0500
179100 1.388478 0.035886 0.0500
179200 1.384785 0.034880 0.0500
179300 1.381179 0.033924 0.0500
179400 1.390614 0.035230 0.0500
179500 1.408567 0.038213 0.0500
179600 1.437053 0.044566 0.0500
179700 1.466321 0.056114 0.0500
179800 1.495603 0.078691 0.0500
179900 1.514899 0.101023 0.0500
180000 1.524655 0.112665 0.0500
180100 1.525810 0.110928 0.0500
180200 1.520446 0.099823 0.0500
180300 1.509274 0.083141 0.0500
180400 1.496117 0.068321 0.0500
180500 1.485982 0.059457 0.0500
180600 1.479413 0.054549 0.0500
180700 1.478369 0.053167 0.0500
180800 1.481977 0.054346 0.0500
180900 1.486382 0.056159 0.0500
181000 1.489753 0.057485 0.0500
181100 1.497261 0.062142 0.0500
181200 1.511164 0.074280 0.0500
181300 1.518158 0.080887 0.0500
181400 1.523633 0.086087 0.0500
181500 1.527849 0.089772 0.0500
181600 1.530436 0.091172 0.0500
181700 1.535175 0.095732 0.0500
181800 1.541059 0.102139 0.0500
181900 1.536068 0.091868 0.0500
182000 1.526700 0.077458 0.0500
182100 1.513109 0.062141 0.0500
182200 1.493054 0.048046 0.0500
182300 1.462642 0.038621 0.0500
182400 1.423536 0.035169 0.0500
182500 1.388635 0.032307 0.0500
182600 1.365663 0.029628 0.0500
182700 1.359493 0.028721 0.0500
182800 1.372069 0.029841 0.0500
182900 1.402930 0.032633 0.0500
183000 1.441563 0.035110 0.0500
183100 1.469578 0.038477 0.0500
183200 1.492889 0.045836 0.0500
183300 1.508708 0.054861 0.0500
183400 1.519418 0.063193 0.0500
183500 1.533474 0.077904 0.0500
183600 1.544283 0.091345 0.0500
183700 1.544340 0.089126 0.0500
183800 1.541311 0.082642 0.0500
183900 1.535940 0.073856 0.0500
184000 1.522228 0.058207 0.0500
184100 1.513248 0.050405 0.0500
184200 1.501718 0.043241 0.0500
184300 1.481282 0.036125 0.0500
184400 1.446034 0.032570 0.0500
184500 1.401796 0.031230 0.0500
184600 1.361176 0.027859 0.0500
184700 1.340672 0.025983 0.0500
184800 1.341217 0.025833 0.0500
184900 1.355279 0.026761 0.0500
185000 1.385144 0.029200 0.0500
185100 1.413118 0.030807 0.0500
185200 1.434826 0.031259 0.0500
185300 1.439075 0.031100 0.0500
185400 1.434564 0.030713 0.0500
185500 1.418132 0.030012 0.0500
185600 1.392238 0.028570 0.0500
185700 1.370146 0.026864 0.0500
185800 1.366117 0.026379 0.0500
185900 1.377494 0.026983 0.0500
186000 1.395186 0.027952 0.0500
186100 1.417002 0.028877 0.0500
186200 1.434438 0.029341 0.0500
186300 1.438503 0.029268 0.0500
186400 1.427128 0.028592 0.0500
186500 1.410797 0.027748 0.0500
186600 1.393522 0.026755 0.0500
186700 1.377517 0.025741 0.0500
186800 1.365284 0.024934 0.0500
186900 1.368886 0.024940 0.0500
187000 1.373800 0.025017 0.0500
187100 1.378722 0.025099 0.0500
187200 1.383861 0.025195 0.0500
187300 1.388125 0.025246 0.0500
187400 1.400772 0.025756 0.0500
187500 1.419461 0.026584 0.0500
187600 1.438692 0.027494 0.0500
187700 1.451369 0.028241 0.0500
187800 1.449317 0.027842 0.0500
187900 1.439275 0.026906 0.0500
188000 1.425256 0.025953 0.0500
188100 1.407052 0.024967 0.0500
188200 1.390252 0.024131 0.0500
188300 1.380860 0.023637 0.0500
188400 1.379058 0.023421 0.0500
188500 1.378972 0.023266 0.0500
188600 1.384665 0.023307 0.0500
188700 1.400158 0.023768 0.0500
188800 1.414479 0.024286 0.0500
188900 1.423591 0.024610 0.0500
189000 1.429323 0.024782 0.0500
189100 1.429948 0.024649 0.0500
189200 1.428327 0.024381 0.0500
189300 1.426530 0.024110 0.0500
189400 1.425794 0.023906 0.0500
189500 1.432284 0.024138 0.0500
189600 1.443215 0.024793 0.0500
189700 1.448603 0.025122 0.0500
189800 1.443472 0.024472 0.0500
189900 1.432925 0.023538 0.0500
190000 1.415155 0.022531 0.0500
190100 1.398576 0.021925 0.0500
190200 1.383113 0.021576 0.0500
190300 1.370591 0.021400 0.0500
190400 1.361685 0.021300 0.0500
190500 1.361061 0.021177 0.0500
190600 1.371266 0.021026 0.0500
190700 1.386255 0.021012 0.0500
190800 1.403517 0.021277 0.0500
190900 1.416868 0.021674 0.0500
191000 1.424461 0.021943 0.0500
191100 1.416386 0.021391 0.0500
191200 1.396634 0.020621 0.0500
191300 1.371923 0.020342 0.0500
191400 1.347968 0.020600 0.0500
191500 1.328171 0.021107 0.0500
191600 1.316977 0.021490 0.0500
191700 1.316689 0.021376 0.0500
191800 1.322389 0.020976 0.0500
191900 1.336524 0.020342 0.0500
192000 1.360481 0.019788 0.0500
192100 1.387213 0.019806 0.0500
192200 1.417842 0.020829 0.0500
192300 1.436079 0.022006 0.0500
192400 1.440336 0.022264 0.0500
192500 1.437835 0.021892 0.0500
192600 1.426931 0.020903 0.0500
192700 1.406663 0.019754 0.0500
192800 1.378841 0.019158 0.0500
192900 1.350246 0.019420 0.0500
193000 1.328013 0.020092 0.0500
193100 1.318301 0.020475 0.0500
193200 1.321166 0.020201 0.0500
193300 1.324889 0.019900 0.0500
193400 1.331771 0.019491 0.0500
193500 1.339276 0.019124 0.0500
193600 1.357526 0.018635 0.0500
193700 1.380828 0.018535 0.0500
193800 1.398049 0.018830 0.0500
193900 1.413100 0.019383 0.0500
194000 1.426155 0.020111 0.0500
194100 1.437195 0.020940 0.0500
194200 1.444912 0.021640 0.0500
194300 1.456424 0.023070 0.0500
194400 1.458638 0.023278 0.0500
194500 1.448382 0.021654 0.0500
194600 1.434826 0.020118 0.0500
194700 1.425787 0.019325 0.0500
194800 1.423301 0.019063 0.0500
194900 1.424400 0.019030 0.0500
195000 1.423468 0.018872 0.0500
195100 1.409407 0.018105 0.0500
195200 1.397273 0.017697 0.0500
195300 1.385219 0.017500 0.0500
195400 1.372844 0.017487 0.0500
195500 1.359526 0.017662 0.0500
195600 1.354465 0.017719 0.0500
195700 1.353468 0.017662 0.0500
195800 1.351804 0.017629 0.0500
195900 1.344375 0.017814 0.0500
196000 1.335183 0.018140 0.0500
196100 1.335429 0.018036 0.0500
196200 1.340203 0.017723 0.0500
196300 1.349106 0.017293 0.0500
196400 1.369925 0.016764 0.0500
196500 1.390390 0.016764 0.0500
196600 1.409859 0.017306 0.0500
196700 1.422571 0.017956 0.0500
196800 1.435920 0.018977 0.0500
196900 1.439558 0.019250 0.0500
197000 1.440388 0.019237 0.0500
197100 1.437601 0.018841 0.0500
197200 1.435139 0.018503 0.0500
197300 1.427601 0.017772 0.0500
197400 1.418487 0.017089 0.0500
197500 1.411085 0.016648 0.0500
197600 1.408667 0.016475 0.0500
197700 1.405299 0.016285 0.0500
197800 1.400730 0.016087 0.0500
197900 1.401982 0.016045 0.0500
198000 1.405817 0.016083 0.0500
198100 1.410324 0.016172 0.0500
198200 1.404030 0.015885 0.0500
198300 1.396045 0.015646 0.0500
198400 1.387125 0.015517 0.0500
198500 1.374353 0.015576 0.0500
198600 1.363773 0.015781 0.0500
198700 1.353680 0.016098 0.0500
198800 1.348817 0.016253 0.0500
198900 1.341944 0.016545 0.0500
199000 1.332521 0.017057 0.0500
199100 1.329321 0.017199 0.0500
199200 1.337045 0.016603 0.0500
199300 1.352805 0.015713 0.0500
199400 1.375411 0.015033 0.0500
199500 1.401440 0.015201 0.0500
199600 1.432835 0.017086 0.0500
199700 1.461767 0.021178 0.0500
199800 1.487210 0.028316 0.0500
199900 1.513595 0.042799 0.0500
200000 1.539098 0.068571 0.0500
200100 1.553812 0.089151 0.0500
200200 1.551770 0.083695 0.0500
200300 1.542886 0.069047 0.0500
200400 1.537123 0.060654 0.0500
200500 1.538265 0.060949 0.0500
200600 1.544703 0.067804 0.0500
200700 1.555031 0.081076 0.0500
200800 1.568357 0.101283 0.0500
200900 1.576059 0.112371 0.0500
201000 1.573968 0.105148 0.0500
201100 1.562216 0.083104 0.0500
201200 1.541748 0.055943 0.0500
201300 1.534212 0.048193 0.0500
201400 1.533807 0.047214 0.0500
201500 1.538601 0.050696 0.0500
201600 1.553589 0.065789 0.0500
201700 1.569854 0.087306 0.0500
201800 1.575096 0.093600 0.0500
201900 1.574814 0.090729 0.0500
202000 1.572745 0.085257 0.0500
202100 1.567314 0.075496 0.0500
202200 1.556322 0.060598 0.0500
202300 1.548454 0.051838 0.0500
202400 1.547504 0.050257 0.0500
202500 1.548729 0.050621 0.0500
202600 1.558072 0.058964 0.0500
202700 1.573119 0.076560 0.0500
202800 1.584178 0.091689 0.0500
202900 1.593657 0.105414 0.0500
203000 1.592727 0.100752 0.0500
203100 1.581749 0.080881 0.0500
203200 1.570820 0.065052 0.0500
203300 1.567823 0.060571 0.0500
203400 1.563132 0.054856 0.0500
203500 1.553087 0.045627 0.0500
203600 1.550748 0.043389 0.0500
203700 1.554242 0.045353 0.0500
203800 1.561497 0.050612 0.0500
203900 1.561841 0.050199 0.0500
204000 1.563227 0.050710 0.0500
204100 1.564163 0.050826 0.0500
204200 1.563500 0.049527 0.0500
204300 1.565839 0.050911 0.0500
204400 1.572048 0.056191 0.0500
204500 1.576180 0.059750 0.0500
204600 1.581152 0.064573 0.0500
204700 1.587005 0.070952 0.0500
204800 1.592842 0.077811 0.0500
204900 1.588511 0.070066 0.0500
205000 1.578536 0.056845 0.0500
205100 1.571971 0.049602 0.0500
205200 1.568137 0.045714 0.0500
205300 1.573708 0.049841 0.0500
205400 1.583169 0.058702 0.0500
205500 1.584690 0.059466 0.0500
205600 1.577800 0.051301 0.0500
205700 1.568767 0.042995 0.0500
205800 1.565832 0.040422 0.0500
205900 1.561774 0.037424 0.0500
206000 1.554119 0.033046 0.0500
206100 1.536850 0.026668 0.0500
206200 1.511615 0.021960 0.0500
206300 1.470078 0.018386 0.0500
206400 1.430191 0.015861 0.0500
206500 1.399338 0.014747 0.0500
206600 1.374058 0.014742 0.0500
206700 1.356177 0.015231 0.0500
206800 1.345604 0.015678 0.0500
206900 1.348795 0.015442 0.0500
207000 1.360942 0.014856 0.0500
207100 1.374640 0.014445 0.0500
207200 1.398560 0.014407 0.0500
207300 1.425695 0.015299 0.0500
207400 1.445381 0.016382 0.0500
207500 1.445060 0.016287 0.0500
207600 1.429411 0.015294 0.0500
207700 1.392522 0.014099 0.0500
207800 1.346992 0.015221 0.0500
207900 1.295340 0.019909 0.0500
208000 1.247399 0.027531 0.0500
208100 1.217969 0.032508 0.0500
208200 1.211242 0.033348 0.0500
208300 1.223557 0.030977 0.0500
208400 1.251332 0.026058 0.0500
208500 1.285953 0.020634 0.0500
208600 1.314232 0.017349 0.0500
208700 1.338577 0.015426 0.0500
208800 1.356481 0.014475 0.0500
208900 1.367143 0.014079 0.0500
209000 1.376580 0.013850 0.0500
209100 1.380457 0.013761 0.0500
209200 1.370902 0.013834 0.0500
209300 1.356655 0.014202 0.0500
209400 1.336226 0.015211 0.0500
209500 1.314448 0.016887 0.0500
209600 1.289486 0.019642 0.0500
209700 1.257178 0.024452 0.0500
209800 1.232059 0.028620 0.0500
209900 1.207153 0.032754 0.0500
210000 1.195620 0.034435 0.0500
210100 1.206280 0.032300 0.0500
210200 1.239385 0.026550 0.0500
210300 1.273677 0.021184 0.0500
210400 1.292916 0.018633 0.0500
210500 1.302021 0.017558 0.0500
210600 1.295002 0.018213 0.0500
210700 1.273185 0.020842 0.0500
210800 1.244501 0.025066 0.0500
210900 1.226806 0.027829 0.0500
211000 1.218203 0.029087 0.0500
211100 1.221366 0.028310 0.0500
211200 1.225782 0.027348 0.0500
211300 1.227138 0.026917 0.0500
211400 1.234964 0.025469 0.0500
211500 1.247152 0.023465 0.0500
211600 1.252646 0.022536 0.0500
211700 1.247268 0.023149 0.0500
211800 1.235761 0.024701 0.0500
211900 1.216487 0.027686 0.0500
212000 1.193510 0.031727 0.0500
212100 1.174756 0.035054 0.0500
212200 1.169193 0.035728 0.0500
212300 1.175477 0.034237 0.0500
212400 1.192637 0.030767 0.0500
212500 1.217726 0.026316 0.0500
212600 1.243156 0.022631 0.0500
212700 1.262361 0.020260 0.0500
212800 1.270455 0.019300 0.0500
212900 1.271232 0.019118 0.0500
213000 1.267266 0.019418 0.0500
213100 1.258080 0.020293 0.0500
213200 1.237615 0.022653 0.0500
213300 1.220217 0.024993 0.0500
213400 1.198760 0.028454 0.0500
213500 1.180017 0.031819 0.0500
213600 1.173422 0.032824 0.0500
213700 1.180503 0.031159 0.0500
213800 1.196955 0.027859 0.0500
213900 1.212351 0.025147 0.0500
214000 1.218343 0.024107 0.0500
214100 1.221008 0.023582 0.0500
214200 1.226323 0.022740 0.0500
214300 1.232771 0.021825 0.0500
214400 1.242671 0.020623 0.0500
214500 1.251532 0.019649 0.0500
214600 1.248314 0.019841 0.0500
214700 1.234942 0.021101 0.0500
214800 1.221549 0.022605 0.0500
214900 1.208457 0.024365 0.0500
215000 1.198872 0.025806 0.0500
215100 1.190482 0.027165 0.0500
215200 1.183186 0.028391 0.0500
215300 1.186635 0.027486 0.0500
215400 1.191015 0.026445 0.0500
215500 1.198342 0.024957 0.0500
215600 1.201390 0.024283 0.0500
215700 1.201070 0.024170 0.0500
215800 1.197299 0.024625 0.0500
215900 1.191493 0.025465 0.0500
216000 1.182953 0.026893 0.0500
216100 1.184360 0.026419 0.0500
216200 1.187375 0.025657 0.0500
216300 1.188376 0.025291 0.0500
216400 1.189997 0.024824 0.0500
216500 1.189617 0.024719 0.0500
216600 1.186428 0.025118 0.0500
216700 1.190636 0.024202 0.0500
216800 1.197217 0.022982 0.0500
216900 1.203348 0.021963 0.0500
217000 1.204623 0.021661 0.0500
217100 1.197376 0.022537 0.0500
217200 1.184413 0.024557 0.0500
217300 1.159195 0.029675 0.0500
217400 1.136935 0.034253 0.0500
217500 1.123172 0.036364 0.0500
217600 1.123659 0.035921 0.0500
217700 1.130952 0.034362 0.0500
217800 1.137766 0.032800 0.0500
217900 1.144566 0.031195 0.0500
218000 1.154494 0.028955 0.0500
218100 1.158501 0.027928 0.0500
218200 1.158403 0.027730 0.0500
218300 1.151053 0.028955 0.0500
218400 1.134097 0.031953 0.0500
218500 1.118536 0.034262 0.0500
218600 1.113180 0.034706 0.0500
218700 1.113880 0.034275 0.0500
218800 1.113205 0.034040 0.0500
218900 1.114302 0.033569 0.0500
219000 1.120930 0.032327 0.0500
219100 1.125625 0.031347 0.0500
219200 1.131899 0.030120 0.0500
219300 1.144072 0.027950 0.0500
219400 1.154763 0.026039 0.0500
219500 1.141438 0.027953 0.0500
219600 1.115871 0.031604 0.0500
219700 1.090576 0.034610 0.0500
219800 1.076936 0.035825 0.0500
219900 1.080654 0.035063 0.0500
220000 1.093002 0.033348 0.0500
220100 1.109160 0.031162 0.0500
220200 1.124341 0.029020 0.0500
220300 1.134684 0.027454 0.0500
220400 1.135672 0.027116 0.0500
220500 1.133826 0.027149 0.0500
220600 1.132826 0.027071 0.0500
220700 1.122476 0.028175 0.0500
220800 1.104386 0.030213 0.0500
220900 1.084847 0.032418 0.0500
221000 1.071962 0.033775 0.0500
221100 1.075296 0.033032 0.0500
221200 1.090739 0.030837 0.0500
221300 1.112719 0.028094 0.0500
221400 1.136118 0.025384 0.0500
221500 1.153966 0.023350 0.0500
221600 1.153470 0.023249 0.0500
221700 1.144056 0.024064 0.0500
221800 1.126958 0.025712 0.0500
221900 1.107503 0.027704 0.0500
222000 1.094372 0.029076 0.0500
222100 1.085899 0.029931 0.0500
222200 1.083025 0.030063 0.0500
222300 1.081427 0.030025 0.0500
222400 1.089198 0.028771 0.0500
222500 1.107025 0.026520 0.0500
222600 1.128339 0.024310 0.0500
222700 1.143542 0.022864 0.0500
222800 1.151710 0.022065 0.0500
222900 1.150911 0.021992 0.0500
223000 1.139180 0.022802 0.0500
223100 1.127311 0.023679 0.0500
223200 1.113425 0.024849 0.0500
223300 1.098508 0.026335 0.0500
223400 1.091011 0.027087 0.0500
223500 1.087415 0.027363 0.0500
223600 1.092736 0.026457 0.0500
223700 1.106958 0.024644 0.0500
223800 1.125638 0.022810 0.0500
223900 1.145108 0.021304 0.0500
224000 1.163454 0.020096 0.0500
224100 1.179327 0.019183 0.0500
224200 1.184033 0.018872 0.0500
224300 1.181267 0.018893 0.0500
224400 1.170314 0.019319 0.0500
224500 1.153703 0.020157 0.0500
224600 1.135751 0.021262 0.0500
224700 1.119931 0.022445 0.0500
224800 1.108703 0.023423 0.0500
224900 1.107613 0.023389 0.0500
225000 1.110782 0.022900 0.0500
225100 1.117981 0.022058 0.0500
225200 1.129014 0.021016 0.0500
225300 1.141882 0.020033 0.0500
225400 1.157093 0.019111 0.0500
225500 1.183134 0.018021 0.0500
225600 1.206100 0.017437 0.0500
225700 1.218905 0.017206 0.0500
225800 1.216274 0.017148 0.0500
225900 1.197621 0.017342 0.0500
226000 1.175451 0.017900 0.0500
226100 1.159570 0.018503 0.0500
226200 1.146158 0.019150 0.0500
226300 1.131699 0.020046 0.0500
226400 1.112422 0.021704 0.0500
226500 1.100522 0.022989 0.0500
226600 1.098391 0.023124 0.0500
226700 1.107213 0.021878 0.0500
226800 1.127713 0.019805 0.0500
226900 1.151365 0.018257 0.0500
227000 1.168468 0.017485 0.0500
227100 1.170297 0.017341 0.0500
227200 1.155435 0.017811 0.0500
227300 1.131666 0.019087 0.0500
227400 1.109628 0.021014 0.0500
227500 1.095564 0.022702 0.0500
227600 1.090018 0.023394 0.0500
227700 1.091854 0.022959 0.0500
227800 1.093569 0.022557 0.0500
227900 1.088352 0.023209 0.0500
228000 1.089378 0.022898 0.0500
228100 1.101651 0.021055 0.0500
228200 1.113399 0.019664 0.0500
228300 1.127690 0.018429 0.0500
228400 1.142986 0.017522 0.0500
228500 1.155330 0.016998 0.0500
228600 1.161423 0.016757 0.0500
228700 1.160187 0.016709 0.0500
228800 1.152139 0.016859 0.0500
228900 1.148367 0.016910 0.0500
229000 1.146232 0.016911 0.0500
229100 1.140767 0.017064 0.0500
229200 1.137432 0.017145 0.0500
229300 1.133378 0.017283 0.0500
229400 1.128914 0.017475 0.0500
229500 1.128222 0.017436 0.0500
229600 1.121234 0.017866 0.0500
229700 1.112769 0.018546 0.0500
229800 1.102417 0.019633 0.0500
229900 1.087650 0.021719 0.0500
230000 1.075169 0.023904 0.0500
230100 1.065258 0.025840 0.0500
230200 1.056279 0.027689 0.0500
230300 1.050400 0.028843 0.0500
230400 1.050005 0.028703 0.0500
230500 1.056198 0.027059 0.0500
230600 1.066324 0.024663 0.0500
230700 1.077428 0.022349 0.0500
230800 1.085721 0.020826 0.0500
230900 1.089043 0.020208 0.0500
231000 1.085595 0.020608 0.0500
231100 1.083821 0.020766 0.0500
231200 1.086591 0.020221 0.0500
231300 1.094644 0.019008 0.0500
231400 1.108941 0.017423 0.0500
231500 1.133413 0.015947 0.0500
231600 1.154091 0.015476 0.0500
231700 1.171828 0.015398 0.0500
231800 1.188712 0.015499 0.0500
231900 1.209365 0.015790 0.0500
232000 1.223502 0.015998 0.0500
232100 1.227754 0.016004 0.0500
232200 1.212098 0.015639 0.0500
232300 1.184837 0.015167 0.0500
232400 1.159732 0.015067 0.0500
232500 1.142274 0.015281 0.0500
232600 1.127412 0.015758 0.0500
232700 1.117696 0.016254 0.0500
232800 1.108218 0.016932 0.0500
232900 1.102770 0.017386 0.0500
233000 1.098639 0.017759 0.0500
233100 1.095694 0.018027 0.0500
233200 1.099331 0.017504 0.0500
233300 1.100622 0.017275 0.0500
233400 1.104011 0.016840 0.0500
233500 1.103722 0.016790 0.0500
233600 1.094085 0.017801 0.0500
233700 1.078710 0.020051 0.0500
233800 1.052405 0.025569 0.0500
233900 1.029161 0.031153 0.0500
234000 1.018838 0.033216 0.0500
234100 1.020005 0.032662 0.0500
234200 1.025344 0.031201 0.0500
234300 1.026082 0.030765 0.0500
234400 1.023507 0.031067 0.0500
234500 1.027280 0.029974 0.0500
234600 1.035406 0.027901 0.0500
234700 1.037621 0.027185 0.0500
234800 1.030094 0.028659 0.0500
234900 1.016667 0.031259 0.0500
235000 0.998356 0.034098 0.0500
235100 0.978101 0.035737 0.0500
235200 0.963016 0.035859 0.0500
235300 0.970838 0.035348 0.0500
235400 0.992100 0.033631 0.0500
235500 1.010062 0.030969 0.0500
235600 1.009169 0.030841 0.0500
235700 0.996172 0.032333 0.0500
235800 0.976619 0.033708 0.0500
235900 0.964249 0.033899 0.0500
236000 0.962310 0.033629 0.0500
236100 0.967619 0.033165 0.0500
236200 0.974063 0.032612 0.0500
236300 0.979666 0.032037 0.0500
236400 0.985877 0.031365 0.0500
236500 0.996911 0.030194 0.0500
236600 1.005579 0.029043 0.0500
236700 1.013196 0.027893 0.0500
236800 1.017792 0.027076 0.0500
236900 1.010300 0.027826 0.0500
237000 0.992755 0.029442 0.0500
237100 0.979053 0.030241 0.0500
237200 0.980682 0.029880 0.0500
237300 0.992177 0.028778 0.0500
237400 0.996053 0.028218 0.0500
237500 0.998966 0.027737 0.0500
237600 0.998878 0.027531 0.0500
237700 1.004220 0.026823 0.0500
237800 1.013476 0.025689 0.0500
237900 1.018713 0.024940 0.0500
238000 1.014125 0.025261 0.0500
238100 1.001353 0.026350 0.0500
238200 0.987353 0.027376 0.0500
238300 0.981388 0.027641 0.0500
238400 0.984382 0.027196 0.0500
238500 0.984011 0.027018 0.0500
238600 0.982362 0.026942 0.0500
238700 0.978731 0.027015 0.0500
238800 0.971312 0.027366 0.0500
238900 0.959923 0.028013 0.0500
239000 0.952726 0.028346 0.0500
239100 0.959871 0.027581 0.0500
239200 0.975820 0.026243 0.0500
239300 0.996374 0.024690 0.0500
239400 1.016472 0.023111 0.0500
239500 1.032277 0.021688 0.0500
239600 1.037805 0.021072 0.0500
239700 1.035259 0.021173 0.0500
239800 1.024098 0.021983 0.0500
239900 1.006294 0.023208 0.0500
240000 0.990515 0.024202 0.0500
240100 0.978067 0.024967 0.0500
240200 0.976429 0.024919 0.0500
240300 0.989437 0.023793 0.0500
240400 1.011280 0.022169 0.0500
240500 1.031498 0.020641 0.0500
240600 1.035620 0.020221 0.0500
240700 1.028194 0.020643 0.0500
240800 1.011787 0.021652 0.0500
240900 0.994920 0.022691 0.0500
241000 0.985647 0.023239 0.0500
241100 0.991597 0.022642 0.0500
241200 1.011480 0.021168 0.0500
241300 1.039328 0.019287 0.0500
241400 1.062251 0.017618 0.0500
241500 1.061297 0.017598 0.0500
241600 1.037330 0.019145 0.0500
241700 1.006506 0.021060 0.0500
241800 0.980049 0.022970 0.0500
241900 0.959680 0.024800 0.0500
242000 0.943993 0.026391 0.0500
242100 0.945204 0.026056 0.0500
242200 0.967939 0.023476 0.0500
242300 1.004822 0.020585 0.0500
242400 1.038903 0.018576 0.0500
242500 1.063146 0.017045 0.0500
242600 1.083373 0.015795 0.0500
242700 1.088349 0.015471 0.0500
242800 1.067799 0.016548 0.0500
242900 1.031443 0.018665 0.0500
243000 0.998047 0.020600 0.0500
243100 0.970475 0.022720 0.0500
243200 0.949813 0.024791 0.0500
243300 0.944263 0.025285 0.0500
243400 0.950954 0.024316 0.0500
243500 0.964570 0.022708 0.0500
243600 0.977101 0.021454 0.0500
243700 0.997025 0.019962 0.0500
243800 1.014662 0.018931 0.0500
243900 1.021379 0.018516 0.0500
244000 1.011107 0.018906 0.0500
244100 0.990419 0.019976 0.0500
244200 0.964641 0.022010 0.0500
244300 0.941408 0.024599 0.0500
244400 0.930239 0.025937 0.0500
244500 0.936090 0.024957 0.0500
244600 0.952745 0.022725 0.0500
244700 0.974456 0.020512 0.0500
244800 0.999568 0.018862 0.0500
244900 1.033029 0.017477 0.0500
245000 1.063284 0.016157 0.0500
245100 1.074897 0.015568 0.0500
245200 1.058055 0.016249 0.0500
245300 1.027954 0.017399 0.0500
245400 1.000260 0.018472 0.0500
245500 0.982567 0.019429 0.0500
245600 0.978731 0.019604 0.0500
245700 0.979673 0.019427 0.0500
245800 0.983677 0.019038 0.0500
245900 0.992274 0.018412 0.0500
246000 1.004750 0.017725 0.0500
246100 1.021439 0.017053 0.0500
246200 1.038284 0.016469 0.0500
246300 1.057289 0.015783 0.0500
246400 1.068943 0.015306 0.0500
246500 1.073973 0.015064 0.0500
246600 1.069936 0.015142 0.0500
246700 1.051505 0.015722 0.0500
246800 1.022393 0.016616 0.0500
246900 0.994919 0.017737 0.0500
247000 0.974609 0.019108 0.0500
247100 0.955532 0.021007 0.0500
247200 0.944976 0.022255 0.0500
247300 0.952685 0.021105 0.0500
247400 0.972565 0.018878 0.0500
247500 0.988161 0.017640 0.0500
247600 1.005841 0.016709 0.0500
247700 1.019401 0.016200 0.0500
247800 1.033599 0.015769 0.0500
247900 1.050412 0.015291 0.0500
248000 1.064767 0.014848 0.0500
248100 1.065414 0.014769 0.0500
248200 1.054310 0.015004 0.0500
248300 1.038195 0.015354 0.0500
248400 1.024806 0.015641 0.0500
248500 1.016525 0.015822 0.0500
248600 1.010135 0.015975 0.0500
248700 1.004539 0.016130 0.0500
248800 0.998960 0.016317 0.0500
248900 0.995992 0.016397 0.0500
249000 0.994936 0.016380 0.0500
249100 0.990293 0.016579 0.0500
249200 0.991167 0.016448 0.0500
249300 0.999858 0.015906 0.0500
249400 1.013040 0.015331 0.0500
249500 1.020346 0.015065 0.0500
249600 1.030211 0.014793 0.0500
249700 1.041508 0.014543 0.0500
249800 1.046811 0.014403 0.0500
249900 1.042849 0.014405 0.0500
250000 1.019977 0.014789 0.0500
250100 0.992765 0.015862 0.0500
250200 0.965369 0.018192 0.0500
250300 0.939716 0.021692 0.0500
250400 0.915248 0.025728 0.0500
250500 0.894937 0.028629 0.0500
250600 0.889905 0.028990 0.0500
250700 0.900349 0.027460 0.0500
250800 0.926860 0.023104 0.0500
250900 0.960657 0.018193 0.0500
251000 0.995831 0.015318 0.0500
251100 1.032542 0.014271 0.0500
251200 1.064784 0.013873 0.0500
251300 1.081960 0.013645 0.0500
251400 1.087480 0.013547 0.0500
251500 1.075056 0.013611 0.0500
251600 1.054678 0.013788 0.0500
251700 1.038309 0.013936 0.0500
251800 1.031016 0.013991 0.0500
251900 1.040449 0.013800 0.0500
252000 1.057205 0.013560 0.0500
252100 1.080682 0.013307 0.0500
252200 1.098013 0.013198 0.0500
252300 1.113947 0.013216 0.0500
252400 1.118318 0.013209 0.0500
252500 1.110623 0.013095 0.0500
252600 1.093739 0.013020 0.0500
252700 1.077813 0.013075 0.0500
252800 1.073020 0.013075 0.0500
252900 1.070644 0.013053 0.0500
253000 1.069451 0.013019 0.0500
253100 1.064157 0.013036 0.0500
253200 1.050104 0.013189 0.0500
253300 1.031793 0.013480 0.0500
253400 1.017275 0.013818 0.0500
253500 1.006606 0.014166 0.0500
253600 0.989732 0.015036 0.0500
253700 0.970175 0.016625 0.0500
253800 0.943775 0.019893 0.0500
253900 0.908753 0.025508 0.0500
254000 0.878712 0.029055 0.0500
254100 0.871592 0.029248 0.0500
254200 0.885541 0.028008 0.0500
254300 0.907629 0.024994 0.0500
254400 0.925826 0.022015 0.0500
254500 0.935932 0.020361 0.0500
254600 0.937300 0.020048 0.0500
254700 0.928798 0.021188 0.0500
254800 0.911100 0.023784 0.0500
254900 0.893094 0.026169 0.0500
255000 0.880218 0.027355 0.0500
255100 0.879909 0.027174 0.0500
255200 0.894241 0.025459 0.0500
255300 0.917181 0.022147 0.0500
255400 0.927944 0.020495 0.0500
255500 0.928783 0.020264 0.0500
255600 0.925494 0.020599 0.0500
255700 0.923464 0.020761 0.0500
255800 0.916183 0.021660 0.0500
255900 0.895712 0.024350 0.0500
256000 0.871915 0.026647 0.0500
256100 0.857627 0.027203 0.0500
256200 0.858254 0.026975 0.0500
256300 0.876179 0.025748 0.0500
256400 0.899763 0.023107 0.0500
256500 0.919424 0.020476 0.0500
256600 0.934155 0.018590 0.0500
256700 0.940161 0.017836 0.0500
256800 0.936439 0.018148 0.0500
256900 0.935973 0.018107 0.0500
257000 0.934929 0.018131 0.0500
257100 0.923787 0.019336 0.0500
257200 0.907556 0.021289 0.0500
257300 0.899014 0.022253 0.0500
257400 0.890356 0.023167 0.0500
257500 0.890971 0.022946 0.0500
257600 0.898897 0.021850 0.0500
257700 0.898521 0.021763 0.0500
257800 0.891570 0.022457 0.0500
257900 0.884701 0.023085 0.0500
258000 0.878724 0.023551 0.0500
258100 0.880323 0.023238 0.0500
258200 0.879452 0.023174 0.0500
258300 0.868117 0.024028 0.0500
258400 0.856075 0.024690 0.0500
258500 0.841873 0.025225 0.0500
258600 0.835370 0.025324 0.0500
258700 0.838995 0.024994 0.0500
258800 0.854008 0.024146 0.0500
258900 0.880341 0.022182 0.0500
259000 0.903558 0.019834 0.0500
259100 0.920961 0.018037 0.0500
259200 0.933634 0.016844 0.0500
259300 0.942967 0.016050 0.0500
259400 0.950188 0.015489 0.0500
259500 0.950435 0.015406 0.0500
259600 0.942844 0.015851 0.0500
259700 0.923680 0.017342 0.0500
259800 0.899385 0.019664 0.0500
259900 0.870047 0.022358 0.0500
260000 0.846155 0.023801 0.0500
260100 0.832640 0.024359 0.0500
260200 0.833104 0.024169 0.0500
260300 0.849938 0.023136 0.0500
260400 0.884151 0.020591 0.0500
260500 0.924104 0.016892 0.0500
260600 0.959304 0.014539 0.0500
260700 0.982919 0.013610 0.0500
260800 0.991004 0.013365 0.0500
260900 0.990444 0.013327 0.0500
261000 0.974503 0.013717 0.0500
261100 0.942248 0.015269 0.0500
261200 0.903575 0.018446 0.0500
261300 0.866067 0.021693 0.0500
261400 0.848861 0.022677 0.0500
261500 0.857906 0.021986 0.0500
261600 0.886055 0.019708 0.0500
261700 0.914404 0.017089 0.0500
261800 0.933703 0.015522 0.0500
261900 0.942032 0.014922 0.0500
262000 0.946324 0.014613 0.0500
262100 0.942147 0.014792 0.0500
262200 0.932459 0.015354 0.0500
262300 0.916475 0.016520 0.0500
262400 0.882006 0.019582 0.0500
262500 0.847684 0.022106 0.0500
262600 0.829205 0.023185 0.0500
262700 0.832983 0.022775 0.0500
262800 0.861093 0.020837 0.0500
262900 0.901919 0.017431 0.0500
263000 0.933889 0.014942 0.0500
263100 0.950359 0.014005 0.0500
263200 0.948659 0.014027 0.0500
263300 0.929190 0.015071 0.0500
263400 0.894045 0.017832 0.0500
263500 0.853968 0.020966 0.0500
263600 0.818900 0.023407 0.0500
263700 0.787309 0.027566 0.0500
263800 0.767102 0.031751 0.0500
263900 0.757761 0.033822 0.0500
264000 0.762606 0.032279 0.0500
264100 0.772118 0.029744 0.0500
264200 0.779168 0.028008 0.0500
264300 0.773107 0.029053 0.0500
264400 0.765099 0.030643 0.0500
264500 0.770261 0.029196 0.0500
264600 0.785275 0.026020 0.0500
264700 0.801342 0.023589 0.0500
264800 0.825254 0.021544 0.0500
264900 0.854119 0.020102 0.0500
265000 0.881243 0.018380 0.0500
265100 0.894707 0.017282 0.0500
265200 0.899033 0.016868 0.0500
265300 0.883517 0.017956 0.0500
265400 0.860646 0.019340 0.0500
265500 0.838684 0.020328 0.0500
265600 0.818823 0.021346 0.0500
265700 0.798112 0.023245 0.0500
265800 0.775470 0.026934 0.0500
265900 0.757286 0.031061 0.0500
266000 0.747186 0.033506 0.0500
266100 0.747724 0.033047 0.0500
266200 0.766086 0.028107 0.0500
266300 0.790635 0.023348 0.0500
266400 0.818168 0.020589 0.0500
266500 0.845536 0.019350 0.0500
266600 0.872859 0.018088 0.0500
266700 0.891733 0.016862 0.0500
266800 0.895071 0.016564 0.0500
266900 0.876745 0.017627 0.0500
267000 0.850566 0.018779 0.0500
267100 0.836986 0.019201 0.0500
267200 0.828507 0.019459 0.0500
267300 0.819953 0.019805 0.0500
267400 0.809522 0.020440 0.0500
267500 0.796278 0.021705 0.0500
267600 0.781342 0.023863 0.0500
267700 0.765955 0.026929 0.0500
267800 0.750032 0.030838 0.0500
267900 0.732984 0.035432 0.0500
268000 0.724480 0.037511 0.0500
268100 0.731000 0.035282 0.0500
268200 0.745604 0.030908 0.0500
268300 0.766937 0.025488 0.0500
268400 0.787941 0.021687 0.0500
268500 0.804788 0.019794 0.0500
268600 0.818640 0.018857 0.0500
268700 0.835164 0.018234 0.0500
268800 0.859905 0.017584 0.0500
268900 0.884089 0.016585 0.0500
269000 0.903351 0.015518 0.0500
269100 0.912559 0.014965 0.0500
269200 0.912268 0.014918 0.0500
269300 0.901560 0.015420 0.0500
269400 0.884894 0.016220 0.0500
269500 0.867092 0.016921 0.0500
269600 0.852587 0.017308 0.0500
269700 0.846057 0.017402 0.0500
269800 0.842251 0.017419 0.0500
269900 0.843779 0.017294 0.0500
270000 0.850328 0.017039 0.0500
270100 0.865731 0.016515 0.0500
270200 0.877605 0.016016 0.0500
270300 0.883034 0.015727 0.0500
270400 0.882380 0.015685 0.0500
270500 0.873683 0.015954 0.0500
270600 0.853574 0.016538 0.0500
270700 0.835812 0.017002 0.0500
270800 0.824353 0.017384 0.0500
270900 0.818443 0.017613 0.0500
271000 0.825246 0.017174 0.0500
271100 0.842264 0.016491 0.0500
271200 0.864831 0.015825 0.0500
271300 0.881421 0.015247 0.0500
271400 0.884859 0.015065 0.0500
271500 0.879200 0.015192 0.0500
271600 0.869975 0.015417 0.0500
271700 0.865670 0.015476 0.0500
271800 0.854750 0.015714 0.0500
271900 0.835604 0.016236 0.0500
272000 0.822832 0.016741 0.0500
272100 0.818003 0.016950 0.0500
272200 0.818137 0.016862 0.0500
272300 0.822457 0.016527 0.0500
272400 0.832344 0.015995 0.0500
272500 0.844027 0.015550 0.0500
272600 0.856643 0.015182 0.0500
272700 0.868749 0.014853 0.0500
272800 0.883175 0.014453 0.0500
272900 0.900979 0.013935 0.0500
273000 0.915018 0.013525 0.0500
273100 0.916546 0.013437 0.0500
273200 0.906691 0.013632 0.0500
273300 0.896606 0.013846 0.0500
273400 0.887447 0.014039 0.0500
273500 0.869244 0.014461 0.0500
273600 0.847302 0.014988 0.0500
273700 0.831765 0.015492 0.0500
273800 0.827018 0.015655 0.0500
273900 0.831362 0.015376 0.0500
274000 0.842851 0.014877 0.0500
274100 0.860030 0.014365 0.0500
274200 0.880978 0.013851 0.0500
274300 0.900559 0.013377 0.0500
274400 0.917123 0.013009 0.0500
274500 0.918132 0.012945 0.0500
274600 0.909799 0.013049 0.0500
274700 0.892546 0.013365 0.0500
274800 0.878780 0.013634 0.0500
274900 0.870239 0.013785 0.0500
275000 0.863270 0.013904 0.0500
275100 0.858836 0.013965 0.0500
275200 0.858048 0.013932 0.0500
275300 0.859153 0.013849 0.0500
275400 0.857948 0.013827 0.0500
275500 0.860729 0.013701 0.0500
275600 0.865999 0.013521 0.0500
275700 0.864261 0.013511 0.0500
275800 0.855939 0.013673 0.0500
275900 0.836115 0.014325 0.0500
276000 0.808814 0.016206 0.0500
276100 0.784043 0.019643 0.0500
276200 0.757418 0.025672 0.0500
276300 0.736305 0.031657 0.0500
276400 0.725764 0.034592 0.0500
276500 0.721815 0.035449 0.0500
276600 0.729009 0.032954 0.0500
276700 0.750926 0.026394 0.0500
276800 0.780336 0.019556 0.0500
276900 0.804062 0.016148 0.0500
277000 0.828022 0.014319 0.0500
277100 0.845063 0.013621 0.0500
277200 0.851284 0.013409 0.0500
277300 0.850705 0.013373 0.0500
277400 0.843913 0.013502 0.0500
277500 0.836033 0.013714 0.0500
277600 0.833618 0.013757 0.0500
277700 0.826179 0.014053 0.0500
277800 0.820164 0.014350 0.0500
277900 0.808622 0.015189 0.0500
278000 0.801846 0.015811 0.0500
278100 0.796601 0.016364 0.0500
278200 0.791676 0.016951 0.0500
278300 0.784218 0.018026 0.0500
278400 0.768113 0.021090 0.0500
278500 0.748454 0.025954 0.0500
278600 0.728097 0.031791 0.0500
278700 0.711349 0.036641 0.0500
278800 0.702599 0.038889 0.0500
278900 0.711895 0.035719 0.0500
279000 0.735810 0.028416 0.0500
279100 0.760940 0.021782 0.0500
279200 0.775518 0.018720 0.0500
279300 0.775405 0.018642 0.0500
279400 0.758969 0.021878 0.0500
279500 0.730239 0.029258 0.0500
279600 0.696073 0.039170 0.0500
279700 0.675050 0.044719 0.0500
279800 0.669148 0.045671 0.0500
279900 0.681980 0.041774 0.0500
280000 0.706752 0.034525 0.0500
280100 0.739404 0.025642 0.0500
280200 0.767164 0.019439 0.0500
280300 0.781179 0.017055 0.0500
280400 0.782600 0.016776 0.0500
280500 0.766536 0.019274 0.0500
280600 0.733825 0.026454 0.0500
280700 0.698950 0.035685 0.0500
280800 0.666361 0.044243 0.0500
280900 0.651179 0.047069 0.0500
281000 0.661340 0.044332 0.0500
281100 0.683465 0.038353 0.0500
281200 0.710181 0.031219 0.0500
281300 0.736347 0.024794 0.0500
281400 0.752664 0.021187 0.0500
281500 0.752848 0.021026 0.0500
281600 0.733339 0.025021 0.0500
281700 0.704635 0.031703 0.0500
281800 0.673448 0.039514 0.0500
281900 0.656132 0.043330 0.0500
282000 0.661187 0.041647 0.0500
282100 0.682327 0.036007 0.0500
282200 0.712027 0.028726 0.0500
282300 0.740980 0.022509 0.0500
282400 0.758235 0.019272 0.0500
282500 0.764850 0.018125 0.0500
282600 0.760808 0.018658 0.0500
282700 0.752825 0.019883 0.0500
282800 0.742164 0.021703 0.0500
282900 0.731073 0.023746 0.0500
283000 0.725165 0.024802 0.0500
283100 0.722574 0.025173 0.0500
283200 0.724190 0.024660 0.0500
283300 0.733822 0.022572 0.0500
283400 0.744464 0.020482 0.0500
283500 0.749336 0.019540 0.0500
283600 0.754842 0.018558 0.0500
283700 0.755102 0.018423 0.0500
283800 0.747668 0.019510 0.0500
283900 0.731415 0.022328 0.0500
284000 0.717814 0.024970 0.0500
284100 0.714863 0.025437 0.0500
284200 0.720509 0.024054 0.0500
284300 0.732692 0.021512 0.0500
284400 0.743792 0.019464 0.0500
284500 0.761136 0.016850 0.0500
284600 0.778135 0.014919 0.0500
284700 0.793988 0.013670 0.0500
284800 0.801698 0.013217 0.0500
284900 0.794848 0.013519 0.0500
285000 0.776458 0.014857 0.0500
285100 0.746633 0.018565 0.0500
285200 0.713801 0.024722 0.0500
285300 0.676637 0.034184 0.0500
285400 0.638102 0.043900 0.0500
285500 0.620367 0.045742 0.0500
285600 0.622581 0.044981 0.0500
285700 0.644001 0.041201 0.0500
285800 0.675371 0.033111 0.0500
285900 0.711664 0.024332 0.0500
286000 0.734277 0.019994 0.0500
286100 0.736110 0.019583 0.0500
286200 0.723113 0.021713 0.0500
286300 0.693277 0.027843 0.0500
286400 0.657513 0.036758 0.0500
286500 0.628733 0.042344 0.0500
286600 0.624212 0.042428 0.0500
286700 0.634723 0.040436 0.0500
286800 0.650241 0.036960 0.0500
286900 0.660073 0.034369 0.0500
287000 0.664699 0.032974 0.0500
287100 0.663318 0.032988 0.0500
287200 0.654760 0.034611 0.0500
287300 0.645017 0.036351 0.0500
287400 0.638673 0.037217 0.0500
287500 0.629636 0.038373 0.0500
287600 0.627775 0.038244 0.0500
287700 0.642852 0.035306 0.0500
287800 0.665500 0.030526 0.0500
287900 0.675673 0.028292 0.0500
288000 0.665336 0.030065 0.0500
288100 0.639047 0.034914 0.0500
288200 0.607008 0.038974 0.0500
288300 0.581738 0.039460 0.0500
288400 0.576446 0.038956 0.0500
288500 0.587115 0.038607 0.0500
288600 0.603825 0.037661 0.0500
288700 0.624244 0.035454 0.0500
288800 0.638035 0.033252 0.0500
288900 0.636596 0.033154 0.0500
289000 0.625254 0.034359 0.0500
289100 0.608164 0.035748 0.0500
289200 0.593997 0.036260 0.0500
289300 0.583525 0.036239 0.0500
289400 0.584551 0.035850 0.0500
289500 0.594925 0.035154 0.0500
289600 0.604780 0.034314 0.0500
289700 0.612920 0.033446 0.0500
289800 0.621183 0.032474 0.0500
289900 0.624163 0.031917 0.0500
290000 0.624864 0.031570 0.0500
290100 0.620181 0.031701 0.0500
290200 0.614387 0.031884 0.0500
290300 0.612585 0.031736 0.0500
290400 0.609031 0.031711 0.0500
290500 0.613425 0.031118 0.0500
290600 0.612979 0.030881 0.0500
290700 0.605388 0.031140 0.0500
290800 0.590265 0.031824 0.0500
290900 0.568120 0.032725 0.0500
291000 0.550885 0.033054 0.0500
291100 0.549191 0.032791 0.0500
291200 0.553585 0.032380 0.0500
291300 0.563221 0.031779 0.0500
291400 0.569892 0.031251 0.0500
291500 0.579309 0.030613 0.0500
291600 0.589190 0.029967 0.0500
291700 0.601634 0.029242 0.0500
291800 0.607231 0.028791 0.0500
291900 0.612713 0.028349 0.0500
292000 0.615123 0.028032 0.0500
292100 0.609695 0.028022 0.0500
292200 0.591382 0.028550 0.0500
292300 0.565801 0.029613 0.0500
292400 0.541594 0.030593 0.0500
292500 0.535183 0.030576 0.0500
292600 0.547320 0.029831 0.0500
292700 0.573198 0.028382 0.0500
292800 0.602141 0.027185 0.0500
292900 0.628894 0.026357 0.0500
293000 0.648369 0.025522 0.0500
293100 0.651381 0.025213 0.0500
293200 0.642517 0.025389 0.0500
293300 0.622394 0.025836 0.0500
293400 0.594953 0.026519 0.0500
293500 0.570951 0.027489 0.0500
293600 0.554659 0.028264 0.0500
293700 0.547570 0.028474 0.0500
293800 0.549060 0.028159 0.0500
293900 0.561996 0.027177 0.0500
294000 0.581515 0.026017 0.0500
294100 0.600696 0.025262 0.0500
294200 0.618513 0.024820 0.0500
294300 0.626523 0.024560 0.0500
294400 0.634090 0.024304 0.0500
294500 0.642635 0.024016 0.0500
294600 0.649006 0.023738 0.0500
294700 0.647531 0.023610 0.0500
294800 0.635247 0.023660 0.0500
294900 0.623403 0.023681 0.0500
295000 0.618706 0.023604 0.0500
295100 0.616919 0.023481 0.0500
295200 0.611094 0.023451 0.0500
295300 0.606422 0.023418 0.0500
295400 0.605989 0.023277 0.0500
295500 0.612793 0.022960 0.0500
295600 0.630936 0.022578 0.0500
295700 0.648422 0.022335 0.0500
295800 0.662832 0.022066 0.0500
295900 0.661175 0.021951 0.0500
296000 0.647586 0.021941 0.0500
296100 0.629848 0.021965 0.0500
296200 0.609551 0.022260 0.0500
296300 0.591913 0.022903 0.0500
296400 0.576909 0.023774 0.0500
296500 0.567236 0.024422 0.0500
296600 0.563341 0.024605 0.0500
296700 0.564175 0.024361 0.0500
296800 0.572707 0.023473 0.0500
296900 0.579271 0.022831 0.0500
297000 0.584349 0.022356 0.0500
297100 0.589191 0.021944 0.0500
297200 0.601568 0.021305 0.0500
297300 0.618605 0.020889 0.0500
297400 0.632757 0.020789 0.0500
297500 0.649885 0.020841 0.0500
297600 0.662843 0.020832 0.0500
297700 0.666678 0.020727 0.0500
297800 0.662663 0.020591 0.0500
297900 0.654288 0.020414 0.0500
298000 0.638739 0.020181 0.0500
298100 0.616924 0.020148 0.0500
298200 0.600594 0.020493 0.0500
298300 0.591638 0.020820 0.0500
298400 0.589211 0.020844 0.0500
298500 0.592550 0.020527 0.0500
298600 0.599095 0.020092 0.0500
298700 0.602602 0.019844 0.0500
298800 0.603540 0.019702 0.0500
298900 0.605841 0.019523 0.0500
299000 0.613921 0.019247 0.0500
299100 0.635528 0.019186 0.0500
299200 0.663261 0.019642 0.0500
299300 0.691298 0.019735 0.0500
299400 0.715645 0.018864 0.0500
299500 0.723787 0.018284 0.0500
299600 0.709650 0.018955 0.0500
299700 0.693236 0.019330 0.0500
299800 0.676339 0.019308 0.0500
299900 0.650571 0.018903 0.0500
300000 0.616488 0.018717 0.0500
300100 0.593469 0.019490 0.0500
300200 0.582737 0.020150 0.0500
300300 0.577491 0.020495 0.0500
300400 0.576681 0.020453 0.0500
300500 0.574160 0.020576 0.0500
300600 0.575940 0.020288 0.0500
300700 0.589236 0.019121 0.0500
300800 0.613133 0.018099 0.0500
300900 0.636701 0.018083 0.0500
301000 0.659493 0.018500 0.0500
301100 0.674618 0.018711 0.0500
301200 0.679587 0.018679 0.0500
301300 0.680243 0.018589 0.0500
301400 0.679213 0.018482 0.0500
301500 0.676506 0.018354 0.0500
301600 0.671062 0.018179 0.0500
301700 0.664133 0.017964 0.0500
301800 0.667425 0.017934 0.0500
301900 0.675765 0.017980 0.0500
302000 0.693693 0.018022 0.0500
302100 0.708310 0.017772 0.0500
302200 0.717099 0.017442 0.0500
302300 0.712635 0.017494 0.0500
302400 0.687943 0.017690 0.0500
302500 0.652916 0.017244 0.0500
302600 0.625606 0.017091 0.0500
302700 0.615659 0.017183 0.0500
302800 0.614808 0.017122 0.0500
302900 0.619787 0.016931 0.0500
303000 0.629929 0.016743 0.0500
303100 0.641130 0.016691 0.0500
303200 0.658877 0.016856 0.0500
303300 0.679303 0.017137 0.0500
303400 0.698222 0.017214 0.0500
303500 0.714983 0.016947 0.0500
303600 0.718828 0.016771 0.0500
303700 0.707785 0.016914 0.0500
303800 0.684542 0.016846 0.0500
303900 0.664460 0.016519 0.0500
304000 0.650790 0.016288 0.0500
304100 0.645815 0.016181 0.0500
304200 0.657994 0.016217 0.0500
304300 0.686481 0.016536 0.0500
304400 0.712108 0.016475 0.0500
304500 0.732561 0.015869 0.0500
304600 0.736743 0.015628 0.0500
304700 0.726631 0.015938 0.0500
304800 0.703913 0.016281 0.0500
304900 0.677012 0.016100 0.0500
305000 0.654180 0.015830 0.0500
305100 0.648877 0.015742 0.0500
305200 0.658706 0.015720 0.0500
305300 0.669980 0.015759 0.0500
305400 0.683960 0.015847 0.0500
305500 0.696327 0.015877 0.0500
305600 0.700673 0.015822 0.0500
305700 0.693397 0.015721 0.0500
305800 0.689939 0.015628 0.0500
305900 0.692144 0.015576 0.0500
306000 0.690445 0.015496 0.0500
306100 0.683381 0.015371 0.0500
306200 0.673562 0.015223 0.0500
306300 0.660131 0.015091 0.0500
306400 0.653162 0.015030 0.0500
306500 0.657617 0.014962 0.0500
306600 0.677867 0.015019 0.0500
306700 0.708181 0.015209 0.0500
306800 0.737637 0.014780 0.0500
306900 0.750681 0.014288 0.0500
307000 0.742563 0.014515 0.0500
307100 0.710666 0.014998 0.0500
307200 0.673580 0.014752 0.0500
307300 0.646283 0.014756 0.0500
307400 0.621977 0.015308 0.0500
307500 0.610240 0.015816 0.0500
307600 0.610159 0.015751 0.0500
307700 0.623480 0.015056 0.0500
307800 0.641683 0.014540 0.0500
307900 0.662988 0.014388 0.0500
308000 0.686245 0.014543 0.0500
308100 0.703161 0.014664 0.0500
308200 0.705202 0.014618 0.0500
308300 0.696191 0.014481 0.0500
308400 0.673539 0.014197 0.0500
308500 0.646759 0.014180 0.0500
308600 0.623569 0.014718 0.0500
308700 0.600961 0.015984 0.0500
308800 0.586454 0.017251 0.0500
308900 0.589738 0.016831 0.0500
309000 0.601515 0.015725 0.0500
309100 0.625050 0.014380 0.0500
309200 0.657197 0.013837 0.0500
309300 0.693920 0.014187 0.0500
309400 0.725867 0.014343 0.0500
309500 0.745787 0.013966 0.0500
309600 0.743503 0.013967 0.0500
309700 0.721134 0.014205 0.0500
309800 0.695492 0.013990 0.0500
309900 0.673050 0.013687 0.0500
310000 0.660171 0.013580 0.0500
310100 0.653927 0.013545 0.0500
310200 0.656176 0.013484 0.0500
310300 0.663650 0.013433 0.0500
310400 0.673503 0.013443 0.0500
310500 0.686046 0.013543 0.0500
310600 0.698818 0.013681 0.0500
310700 0.704779 0.013710 0.0500
310800 0.703141 0.013636 0.0500
310900 0.697061 0.013500 0.0500
311000 0.686269 0.013300 0.0500
311100 0.676345 0.013144 0.0500
311200 0.671543 0.013063 0.0500
311300 0.668156 0.013002 0.0500
311400 0.666092 0.012951 0.0500
311500 0.662541 0.012906 0.0500
311600 0.655323 0.012898 0.0500
311700 0.643735 0.013026 0.0500
311800 0.635228 0.013205 0.0500
311900 0.629215 0.013372 0.0500
312000 0.617709 0.013881 0.0500
312100 0.608361 0.014438 0.0500
312200 0.604173 0.014702 0.0500
312300 0.605942 0.014502 0.0500
312400 0.613622 0.013907 0.0500
312500 0.618296 0.013579 0.0500
312600 0.625126 0.013194 0.0500
312700 0.631360 0.012907 0.0500
312800 0.639798 0.012628 0.0500
312900 0.650075 0.012429 0.0500
313000 0.657405 0.012351 0.0500
313100 0.661208 0.012314 0.0500
313200 0.656925 0.012267 0.0500
313300 0.648525 0.012276 0.0500
313400 0.646270 0.012262 0.0500
313500 0.652962 0.012156 0.0500
313600 0.668485 0.012164 0.0500
313700 0.685345 0.012420 0.0500
313800 0.703959 0.012847 0.0500
313900 0.721050 0.013167 0.0500
314000 0.727075 0.013197 0.0500
314100 0.715581 0.012974 0.0500
314200 0.688348 0.012297 0.0500
314300 0.651991 0.011940 0.0500
314400 0.613693 0.013307 0.0500
314500 0.576965 0.017077 0.0500
314600 0.544304 0.022244 0.0500
314700 0.530320 0.024354 0.0500
314800 0.539449 0.022757 0.0500
314900 0.571422 0.017527 0.0500
315000 0.609822 0.013339 0.0500
315100 0.640951 0.011933 0.0500
315200 0.667911 0.011784 0.0500
315300 0.694304 0.012273 0.0500
315400 0.722939 0.012918 0.0500
315500 0.745371 0.013012 0.0500
315600 0.744702 0.012967 0.0500
315700 0.730381 0.012881 0.0500
315800 0.715117 0.012599 0.0500
315900 0.706231 0.012356 0.0500
316000 0.708271 0.012361 0.0500
316100 0.720764 0.012578 0.0500
316200 0.737127 0.012720 0.0500
316300 0.747442 0.012679 0.0500
316400 0.751365 0.012614 0.0500
316500 0.753619 0.012553 0.0500
316600 0.750746 0.012530 0.0500
316700 0.746421 0.012506 0.0500
316800 0.739194 0.012467 0.0500
316900 0.728134 0.012358 0.0500
317000 0.718405 0.012191 0.0500
317100 0.716480 0.012119 0.0500
317200 0.719302 0.012122 0.0500
317300 0.720341 0.012096 0.0500
317400 0.722349 0.012083 0.0500
317500 0.730239 0.012132 0.0500
317600 0.736636 0.012137 0.0500
317700 0.739049 0.012107 0.0500
317800 0.739292 0.012067 0.0500
317900 0.738240 0.012022 0.0500
318000 0.730877 0.011936 0.0500
318100 0.722944 0.011817 0.0500
318200 0.719831 0.011740 0.0500
318300 0.722220 0.011731 0.0500
318400 0.724431 0.011718 0.0500
318500 0.727619 0.011713 0.0500
318600 0.725201 0.011650 0.0500
318700 0.721397 0.011569 0.0500
318800 0.715457 0.011458 0.0500
318900 0.710183 0.011353 0.0500
319000 0.701826 0.011210 0.0500
319100 0.699867 0.011152 0.0500
319200 0.697751 0.011093 0.0500
319300 0.693549 0.011015 0.0500
319400 0.698476 0.011033 0.0500
319500 0.709405 0.011137 0.0500
319600 0.716627 0.011202 0.0500
319700 0.723638 0.011261 0.0500
319800 0.729086 0.011294 0.0500
319900 0.734740 0.011321 0.0500
320000 0.741089 0.011345 0.0500
320100 0.746460 0.011350 0.0500
320200 0.747494 0.011321 0.0500
320300 0.741100 0.011239 0.0500
320400 0.732651 0.011126 0.0500
320500 0.722873 0.010985 0.0500
320600 0.708410 0.010791 0.0500
320700 0.702174 0.010699 0.0500
320800 0.699046 0.010643 0.0500
320900 0.711251 0.010725 0.0500
321000 0.738212 0.011005 0.0500
321100 0.757464 0.011135 0.0500
321200 0.764653 0.011145 0.0500
321300 0.758390 0.011072 0.0500
321400 0.743742 0.010929 0.0500
321500 0.736217 0.010827 0.0500
321600 0.733578 0.010769 0.0500
321700 0.732632 0.010727 0.0500
321800 0.735286 0.010721 0.0500
321900 0.735159 0.010688 0.0500
322000 0.743609 0.010735 0.0500
322100 0.745971 0.010724 0.0500
322200 0.744279 0.010677 0.0500
322300 0.737716 0.010586 0.0500
322400 0.731385 0.010496 0.0500
322500 0.729018 0.010444 0.0500
322600 0.734817 0.010467 0.0500
322700 0.748017 0.010559 0.0500
322800 0.756419 0.010606 0.0500
322900 0.756339 0.010574 0.0500
323000 0.757262 0.010551 0.0500
323100 0.753765 0.010488 0.0500
323200 0.745217 0.010381 0.0500
323300 0.731987 0.010244 0.0500
323400 0.722685 0.010151 0.0500
323500 0.728712 0.010162 0.0500
323600 0.746010 0.010276 0.0500
323700 0.758128 0.010365 0.0500
323800 0.764507 0.010405 0.0500
323900 0.764606 0.010375 0.0500
324000 0.763794 0.010336 0.0500
324100 0.759609 0.010261 0.0500
324200 0.743711 0.010088 0.0500
324300 0.719586 0.009926 0.0500
324400 0.700643 0.009902 0.0500
324500 0.684602 0.009998 0.0500
324600 0.671632 0.010173 0.0500
324700 0.666506 0.010252 0.0500
324800 0.667310 0.010205 0.0500
324900 0.673275 0.010055 0.0500
325000 0.675164 0.009994 0.0500
325100 0.687566 0.009806 0.0500
325200 0.703120 0.009703 0.0500
325300 0.715646 0.009699 0.0500
325400 0.733115 0.009791 0.0500
325500 0.740562 0.009836 0.0500
325600 0.738402 0.009787 0.0500
325700 0.725512 0.009652 0.0500
325800 0.712687 0.009567 0.0500
325900 0.705252 0.009537 0.0500
326000 0.702292 0.009517 0.0500
326100 0.704374 0.009488 0.0500
326200 0.709000 0.009461 0.0500
326300 0.713384 0.009444 0.0500
326400 0.720613 0.009450 0.0500
326500 0.735395 0.009550 0.0500
326600 0.745311 0.009644 0.0500
326700 0.742157 0.009578 0.0500
326800 0.740325 0.009530 0.0500
326900 0.742657 0.009533 0.0500
327000 0.740727 0.009484 0.0500
327100 0.735038 0.009396 0.0500
327200 0.726784 0.009300 0.0500
327300 0.710530 0.009220 0.0500
327400 0.696269 0.009261 0.0500
327500 0.689083 0.009317 0.0500
327600 0.686162 0.009334 0.0500
327700 0.682702 0.009367 0.0500
327800 0.687279 0.009269 0.0500
327900 0.698439 0.009127 0.0500
328000 0.712503 0.009069 0.0500
328100 0.723813 0.009098 0.0500
328200 0.736396 0.009203 0.0500
328300 0.736696 0.009183 0.0500
328400 0.733179 0.009117 0.0500
328500 0.727882 0.009040 0.0500
328600 0.727456 0.009014 0.0500
328700 0.722759 0.008955 0.0500
328800 0.719169 0.008913 0.0500
328900 0.718596 0.008889 0.0500
329000 0.724140 0.008898 0.0500
329100 0.730948 0.008937 0.0500
329200 0.748453 0.009167 0.0500
329300 0.760788 0.009391 0.0500
329400 0.763232 0.009421 0.0500
329500 0.763569 0.009404 0.0500
329600 0.752885 0.009156 0.0500
329700 0.734134 0.008848 0.0500
329800 0.714817 0.008714 0.0500
329900 0.694415 0.008827 0.0500
330000 0.670299 0.009342 0.0500
330100 0.650241 0.010084 0.0500
330200 0.638620 0.010640 0.0500
330300 0.637998 0.010642 0.0500
330400 0.641609 0.010417 0.0500
330500 0.644683 0.010231 0.0500
330600 0.656629 0.009673 0.0500
330700 0.670151 0.009183 0.0500
330800 0.689862 0.008731 0.0500
330900 0.708916 0.008564 0.0500
331000 0.728315 0.008637 0.0500
331100 0.741538 0.008796 0.0500
331200 0.751641 0.008964 0.0500
331300 0.756496 0.009047 0.0500
331400 0.759731 0.009098 0.0500
331500 0.759876 0.009079 0.0500
331600 0.760026 0.009059 0.0500
331700 0.756122 0.008947 0.0500
331800 0.740518 0.008634 0.0500
331900 0.719155 0.008412 0.0500
332000 0.701415 0.008435 0.0500
332100 0.687855 0.008596 0.0500
332200 0.678805 0.008770 0.0500
332300 0.673681 0.008886 0.0500
332400 0.669921 0.008977 0.0500
332500 0.672495 0.008876 0.0500
332600 0.678301 0.008697 0.0500
332700 0.691743 0.008412 0.0500
332800 0.706070 0.008262 0.0500
332900 0.716150 0.008240 0.0500
333000 0.722525 0.008254 0.0500
333100 0.734861 0.008370 0.0500
333200 0.745663 0.008536 0.0500
333300 0.755824 0.008741 0.0500
333400 0.765407 0.008971 0.0500
333500 0.770534 0.009098 0.0500
333600 0.773056 0.009151 0.0500
333700 0.771827 0.009090 0.0500
333800 0.753998 0.008593 0.0500
333900 0.721846 0.008111 0.0500
334000 0.689777 0.008292 0.0500
334100 0.665890 0.008924 0.0500
334200 0.649813 0.009592 0.0500
334300 0.643558 0.009892 0.0500
334400 0.650061 0.009528 0.0500
334500 0.662424 0.008964 0.0500
334600 0.669540 0.008688 0.0500
334700 0.678950 0.008396 0.0500
334800 0.685557 0.008229 0.0500
334900 0.692604 0.008091 0.0500
335000 0.698885 0.008000 0.0500
335100 0.709850 0.007927 0.0500
335200 0.719206 0.007931 0.0500
335300 0.718770 0.007911 0.0500
335400 0.712805 0.007875 0.0500
335500 0.702330 0.007887 0.0500
335600 0.696208 0.007926 0.0500
335700 0.700665 0.007865 0.0500
335800 0.716169 0.007816 0.0500
335900 0.735049 0.007990 0.0500
336000 0.751989 0.008324 0.0500
336100 0.759457 0.008505 0.0500
336200 0.767004 0.008712 0.0500
336300 0.774922 0.008953 0.0500
336400 0.781910 0.009180 0.0500
336500 0.784424 0.009250 0.0500
336600 0.780549 0.009084 0.0500
336700 0.772635 0.008786 0.0500
336800 0.762217 0.008443 0.0500
336900 0.751925 0.008156 0.0500
337000 0.741221 0.007918 0.0500
337100 0.738223 0.007851 0.0500
337200 0.740875 0.007878 0.0500
337300 0.743969 0.007916 0.0500
337400 0.749010 0.008002 0.0500
337500 0.752906 0.008073 0.0500
337600 0.766315 0.008423 0.0500
337700 0.783727 0.009010 0.0500
337800 0.802483 0.009765 0.0500
337900 0.810432 0.010089 0.0500
338000 0.804085 0.009781 0.0500
338100 0.792799 0.009276 0.0500
338200 0.779333 0.008737 0.0500
338300 0.770171 0.008411 0.0500
338400 0.769836 0.008380 0.0500
338500 0.768967 0.008334 0.0500
338600 0.770899 0.008374 0.0500
338700 0.770323 0.008337 0.0500
338800 0.764381 0.008144 0.0500
338900 0.754206 0.007873 0.0500
339000 0.740932 0.007618 0.0500
339100 0.723181 0.007457 0.0500
339200 0.698662 0.007595 0.0500
339300 0.672767 0.008231 0.0500
339400 0.653952 0.009015 0.0500
339500 0.630382 0.010415 0.0500
339600 0.611750 0.011911 0.0500
339700 0.616604 0.011434 0.0500
339800 0.636760 0.009892 0.0500
339900 0.669474 0.008247 0.0500
340000 0.703124 0.007452 0.0500
340100 0.735470 0.007468 0.0500
340200 0.769089 0.008182 0.0500
340300 0.805974 0.009631 0.0500
340400 0.828401 0.010645 0.0500
340500 0.832771 0.010806 0.0500
340600 0.819109 0.010159 0.0500
340700 0.796882 0.009129 0.0500
340800 0.778187 0.008383 0.0500
340900 0.760699 0.007844 0.0500
341000 0.748286 0.007562 0.0500
341100 0.738945 0.007407 0.0500
341200 0.728166 0.007297 0.0500
341300 0.721012 0.007261 0.0500
341400 0.713436 0.007261 0.0500
341500 0.700128 0.007369 0.0500
341600 0.689862 0.007538 0.0500
341700 0.681267 0.007738 0.0500
341800 0.675344 0.007903 0.0500
341900 0.670933 0.008038 0.0500
342000 0.676817 0.007820 0.0500
342100 0.691712 0.007421 0.0500
342200 0.703912 0.007222 0.0500
342300 0.716920 0.007135 0.0500
342400 0.731844 0.007184 0.0500
342500 0.751943 0.007482 0.0500
342600 0.767548 0.007875 0.0500
342700 0.770753 0.007959 0.0500
342800 0.758040 0.007576 0.0500
342900 0.738690 0.007192 0.0500
343000 0.719122 0.007051 0.0500
343100 0.702894 0.007137 0.0500
343200 0.682776 0.007526 0.0500
343300 0.655797 0.008560 0.0500
343400 0.629828 0.010137 0.0500
343500 0.612915 0.011525 0.0500
343600 0.607767 0.011991 0.0500
343700 0.607422 0.011986 0.0500
343800 0.609306 0.011758 0.0500
343900 0.606177 0.012034 0.0500
344000 0.598688 0.012807 0.0500
344100 0.596182 0.013053 0.0500
344200 0.594691 0.013183 0.0500
344300 0.588586 0.013903 0.0500
344400 0.592020 0.013411 0.0500
344500 0.601776 0.012235 0.0500
344600 0.610759 0.011301 0.0500
344700 0.610776 0.011264 0.0500
344800 0.610769 0.011229 0.0500
344900 0.608539 0.011401 0.0500
345000 0.605312 0.011679 0.0500
345100 0.601304 0.012053 0.0500
345200 0.580996 0.014548 0.0500
345300 0.550620 0.019589 0.0500
345400 0.514323 0.025559 0.0500
345500 0.497525 0.027266 0.0500
345600 0.509264 0.025824 0.0500
345700 0.532759 0.022274 0.0500
345800 0.552489 0.018758 0.0500
345900 0.563914 0.016747 0.0500
346000 0.560989 0.017144 0.0500
346100 0.548441 0.019182 0.0500
346200 0.525114 0.022964 0.0500
346300 0.498371 0.026238 0.0500
346400 0.486657 0.027144 0.0500
346500 0.500993 0.025587 0.0500
346600 0.539568 0.020171 0.0500
346700 0.574074 0.014744 0.0500
346800 0.587514 0.013000 0.0500
346900 0.583566 0.013416 0.0500
347000 0.571972 0.014867 0.0500
347100 0.550170 0.018111 0.0500
347200 0.531385 0.021032 0.0500
347300 0.523580 0.022085 0.0500
347400 0.516035 0.023004 0.0500
347500 0.515544 0.022922 0.0500
347600 0.529501 0.020810 0.0500
347700 0.548604 0.017789 0.0500
347800 0.566962 0.015053 0.0500
347900 0.582271 0.013104 0.0500
348000 0.593790 0.011874 0.0500
348100 0.592198 0.011986 0.0500
348200 0.575895 0.013711 0.0500
348300 0.560400 0.015700 0.0500
348400 0.548237 0.017424 0.0500
348500 0.544475 0.017913 0.0500
348600 0.544218 0.017863 0.0500
348700 0.546326 0.017455 0.0500
348800 0.548636 0.017025 0.0500
348900 0.554664 0.016068 0.0500
349000 0.552695 0.016277 0.0500
349100 0.548360 0.016833 0.0500
349200 0.545996 0.017102 0.0500
349300 0.543472 0.017395 0.0500
349400 0.536198 0.018400 0.0500
349500 0.525111 0.019968 0.0500
349600 0.524898 0.019889 0.0500
349700 0.533253 0.018543 0.0500
349800 0.542400 0.017112 0.0500
349900 0.549539 0.016026 0.0500
350000 0.551410 0.015700 0.0500
350100 0.540852 0.017103 0.0500
350200 0.520782 0.019951 0.0500
350300 0.494072 0.023507 0.0500
350400 0.484017 0.024621 0.0500
350500 0.498982 0.022570 0.0500
350600 0.533223 0.017777 0.0500
350700 0.560692 0.014141 0.0500
350800 0.572488 0.012820 0.0500
350900 0.563047 0.013770 0.0500
351000 0.546930 0.015671 0.0500
351100 0.528913 0.018054 0.0500
351200 0.505153 0.021256 0.0500
351300 0.484464 0.023839 0.0500
351400 0.469137 0.025719 0.0500
351500 0.469327 0.025509 0.0500
351600 0.486078 0.023157 0.0500
351700 0.520812 0.018639 0.0500
351800 0.550867 0.014770 0.0500
351900 0.565420 0.013135 0.0500
352000 0.555475 0.014134 0.0500
352100 0.523621 0.018009 0.0500
352200 0.488857 0.022374 0.0500
352300 0.464601 0.025505 0.0500
352400 0.447826 0.028087 0.0500
352500 0.441292 0.029099 0.0500
352600 0.445985 0.027977 0.0500
352700 0.463473 0.024932 0.0500
352800 0.490701 0.021397 0.0500
352900 0.521475 0.017753 0.0500
353000 0.546698 0.014762 0.0500
353100 0.556381 0.013680 0.0500
353200 0.543877 0.014957 0.0500
353300 0.519921 0.017665 0.0500
353400 0.487096 0.021385 0.0500
353500 0.462785 0.024406 0.0500
353600 0.444688 0.027292 0.0500
353700 0.433185 0.029429 0.0500
353800 0.429298 0.030036 0.0500
353900 0.432769 0.029033 0.0500
354000 0.435659 0.028195 0.0500
354100 0.446977 0.025836 0.0500
354200 0.456321 0.024160 0.0500
354300 0.463198 0.023053 0.0500
354400 0.470490 0.022022 0.0500
354500 0.481224 0.020754 0.0500
354600 0.486854 0.020091 0.0500
354700 0.492882 0.019421 0.0500
354800 0.502278 0.018464 0.0500
354900 0.504159 0.018199 0.0500
355000 0.500562 0.018430 0.0500
355100 0.488340 0.019442 0.0500
355200 0.465245 0.021802 0.0500
355300 0.435507 0.026691 0.0500
355400 0.402523 0.034210 0.0500
355500 0.375044 0.038037 0.0500
355600 0.368994 0.037904 0.0500
355700 0.391919 0.035292 0.0500
355800 0.431499 0.026667 0.0500
355900 0.478588 0.019817 0.0500
356000 0.518762 0.016408 0.0500
356100 0.554133 0.013256 0.0500
356200 0.569253 0.012011 0.0500
356300 0.560392 0.012652 0.0500
356400 0.530705 0.015166 0.0500
356500 0.494180 0.018189 0.0500
356600 0.461740 0.021253 0.0500
356700 0.423180 0.027929 0.0500
356800 0.390029 0.034696 0.0500
356900 0.372091 0.036342 0.0500
357000 0.376241 0.035689 0.0500
357100 0.407570 0.030457 0.0500
357200 0.442274 0.023396 0.0500
357300 0.471858 0.019601 0.0500
357400 0.481493 0.018681 0.0500
357500 0.471228 0.019452 0.0500
357600 0.439855 0.023345 0.0500
357700 0.390411 0.032993 0.0500
357800 0.346785 0.035111 0.0500
357900 0.331928 0.034159 0.0500
358000 0.349583 0.034539 0.0500
358100 0.384750 0.032858 0.0500
358200 0.417758 0.026826 0.0500
358300 0.441799 0.022392 0.0500
358400 0.452354 0.020832 0.0500
358500 0.447076 0.021381 0.0500
358600 0.431651 0.023629 0.0500
358700 0.406070 0.028363 0.0500
358800 0.377498 0.032558 0.0500
358900 0.347968 0.033292 0.0500
359000 0.338089 0.032793 0.0500
359100 0.351382 0.032725 0.0500
359200 0.379366 0.031377 0.0500
359300 0.409931 0.026662 0.0500
359400 0.424639 0.023904 0.0500
359500 0.413211 0.025717 0.0500
359600 0.387228 0.029701 0.0500
359700 0.365848 0.031327 0.0500
359800 0.351345 0.031415 0.0500
359900 0.344720 0.031158 0.0500
360000 0.350504 0.030878 0.0500
360100 0.365496 0.030313 0.0500
360200 0.386212 0.028549 0.0500
360300 0.399134 0.026708 0.0500
360400 0.399104 0.026514 0.0500
360500 0.390515 0.027429 0.0500
360600 0.379405 0.028367 0.0500
360700 0.367651 0.028957 0.0500
360800 0.366948 0.028760 0.0500
360900 0.371389 0.028283 0.0500
361000 0.384340 0.027055 0.0500
361100 0.407486 0.024166 0.0500
361200 0.422495 0.022069 0.0500
361300 0.428510 0.021212 0.0500
361400 0.427593 0.021193 0.0500
361500 0.416704 0.022405 0.0500
361600 0.401623 0.024216 0.0500
361700 0.389570 0.025497 0.0500
361800 0.380001 0.026284 0.0500
361900 0.374309 0.026574 0.0500
362000 0.371573 0.026584 0.0500
362100 0.374152 0.026195 0.0500
362200 0.374340 0.025989 0.0500
362300 0.378386 0.025478 0.0500
362400 0.373591 0.025675 0.0500
362500 0.366693 0.025967 0.0500
362600 0.357634 0.026309 0.0500
362700 0.356108 0.026197 0.0500
362800 0.363310 0.025612 0.0500
362900 0.369011 0.025087 0.0500
363000 0.381441 0.024042 0.0500
363100 0.402934 0.021989 0.0500
363200 0.410149 0.021167 0.0500
363300 0.409854 0.021070 0.0500
363400 0.405382 0.021368 0.0500
363500 0.395116 0.022200 0.0500
363600 0.388893 0.022618 0.0500
363700 0.384489 0.022850 0.0500
363800 0.383021 0.022826 0.0500
363900 0.385884 0.022445 0.0500
364000 0.392089 0.021782 0.0500
364100 0.398257 0.021119 0.0500
364200 0.411270 0.019890 0.0500
364300 0.427187 0.018590 0.0500
364400 0.439514 0.017786 0.0500
364500 0.443568 0.017513 0.0500
364600 0.432773 0.017972 0.0500
364700 0.414185 0.019191 0.0500
364800 0.398565 0.020436 0.0500
364900 0.391173 0.020981 0.0500
365000 0.388215 0.021121 0.0500
365100 0.387726 0.021040 0.0500
365200 0.397216 0.020087 0.0500
365300 0.410816 0.018850 0.0500
365400 0.423161 0.017880 0.0500
365500 0.435378 0.017135 0.0500
365600 0.451585 0.016527 0.0500
365700 0.466292 0.016245 0.0500
365800 0.464956 0.016183 0.0500
365900 0.449423 0.016359 0.0500
366000 0.423562 0.017432 0.0500
366100 0.396778 0.019501 0.0500
366200 0.375741 0.021352 0.0500
366300 0.358244 0.022814 0.0500
366400 0.345115 0.023860 0.0500
366500 0.344788 0.023731 0.0500
366600 0.357842 0.022415 0.0500
366700 0.375120 0.020798 0.0500
366800 0.393976 0.019090 0.0500
366900 0.407616 0.017926 0.0500
367000 0.408623 0.017764 0.0500
367100 0.392017 0.018969 0.0500
367200 0.373140 0.020481 0.0500
367300 0.357200 0.021778 0.0500
367400 0.349423 0.022366 0.0500
367500 0.347279 0.022430 0.0500
367600 0.344860 0.022523 0.0500
367700 0.347162 0.022161 0.0500
367800 0.349983 0.021763 0.0500
367900 0.346399 0.021963 0.0500
368000 0.331801 0.023317 0.0500
368100 0.313046 0.025431 0.0500
368200 0.299663 0.027021 0.0500
368300 0.296631 0.027218 0.0500
368400 0.307496 0.025593 0.0500
368500 0.327086 0.023083 0.0500
368600 0.349738 0.020858 0.0500
368700 0.366417 0.019544 0.0500
368800 0.371597 0.019099 0.0500
368900 0.358181 0.019899 0.0500
369000 0.339817 0.021258 0.0500
369100 0.320470 0.023168 0.0500
369200 0.301825 0.025443 0.0500
369300 0.291487 0.026689 0.0500
369400 0.278932 0.028163 0.0500
369500 0.265180 0.029587 0.0500
369600 0.260056 0.029898 0.0500
369700 0.266596 0.028944 0.0500
369800 0.276977 0.027524 0.0500
369900 0.287596 0.026029 0.0500
370000 0.286884 0.025927 0.0500
370100 0.278114 0.026793 0.0500
370200 0.274198 0.027050 0.0500
370300 0.271300 0.027177 0.0500
370400 0.265820 0.027583 0.0500
370500 0.261041 0.027894 0.0500
370600 0.258873 0.027912 0.0500
370700 0.257070 0.027889 0.0500
370800 0.264106 0.026926 0.0500
370900 0.280531 0.025005 0.0500
371000 0.300206 0.022846 0.0500
371100 0.310728 0.021745 0.0500
371200 0.310039 0.021673 0.0500
371300 0.295764 0.022864 0.0500
371400 0.277166 0.024646 0.0500
371500 0.257362 0.026658 0.0500
371600 0.239555 0.028628 0.0500
371700 0.239921 0.028351 0.0500
371800 0.246739 0.027276 0.0500
371900 0.259738 0.025620 0.0500
372000 0.287475 0.022753 0.0500
372100 0.312840 0.020601 0.0500
372200 0.324210 0.019796 0.0500
372300 0.330725 0.019361 0.0500
372400 0.326153 0.019480 0.0500
372500 0.312614 0.020178 0.0500
372600 0.290406 0.021845 0.0500
372700 0.261369 0.024659 0.0500
372800 0.235625 0.027759 0.0500
372900 0.214872 0.031189 0.0500
373000 0.195299 0.035640 0.0500
373100 0.190952 0.036512 0.0500
373200 0.209702 0.031424 0.0500
373300 0.234264 0.026921 0.0500
373400 0.258392 0.024001 0.0500
373500 0.278558 0.022056 0.0500
373600 0.294380 0.020701 0.0500
373700 0.306116 0.019807 0.0500
373800 0.305286 0.019748 0.0500
373900 0.292408 0.020503 0.0500
374000 0.274026 0.021862 0.0500
374100 0.251254 0.023945 0.0500
374200 0.235720 0.025707 0.0500
374300 0.226837 0.026867 0.0500
374400 0.228741 0.026361 0.0500
374500 0.235101 0.025235 0.0500
374600 0.241388 0.024249 0.0500
374700 0.242756 0.023923 0.0500
374800 0.238989 0.024219 0.0500
374900 0.234071 0.024700 0.0500
375000 0.230916 0.024978 0.0500
375100 0.235232 0.024204 0.0500
375200 0.239964 0.023450 0.0500
375300 0.239272 0.023379 0.0500
375400 0.239428 0.023208 0.0500
375500 0.243358 0.022617 0.0500
375600 0.247812 0.022026 0.0500
375700 0.248160 0.021857 0.0500
375800 0.251597 0.021415 0.0500
375900 0.257608 0.020808 0.0500
376000 0.268364 0.019980 0.0500
376100 0.278825 0.019319 0.0500
376200 0.287242 0.018848 0.0500
376300 0.288610 0.018695 0.0500
376400 0.283139 0.018822 0.0500
376500 0.273164 0.019204 0.0500
376600 0.261526 0.019811 0.0500
376700 0.245606 0.021065 0.0500
376800 0.229316 0.023043 0.0500
376900 0.207939 0.027217 0.0500
377000 0.181118 0.035384 0.0500
377100 0.150632 0.047049 0.0500
377200 0.131843 0.053296 0.0500
377300 0.135513 0.051278 0.0500
377400 0.155050 0.043524 0.0500
377500 0.180181 0.033968 0.0500
377600 0.213596 0.024773 0.0500
377700 0.251768 0.019777 0.0500
377800 0.280281 0.018235 0.0500
377900 0.298681 0.017658 0.0500
378000 0.304862 0.017464 0.0500
378100 0.305240 0.017373 0.0500
378200 0.294842 0.017483 0.0500
378300 0.279327 0.017855 0.0500
378400 0.255742 0.018974 0.0500
378500 0.228477 0.021662 0.0500
378600 0.201211 0.026872 0.0500
378700 0.175185 0.034625 0.0500
378800 0.154345 0.041993 0.0500
378900 0.141543 0.046262 0.0500
379000 0.140581 0.046014 0.0500
379100 0.152265 0.041233 0.0500
379200 0.182273 0.030707 0.0500
379300 0.216226 0.022633 0.0500
379400 0.247962 0.018914 0.0500
379500 0.284927 0.017246 0.0500
379600 0.307768 0.016852 0.0500
379700 0.313033 0.016754 0.0500
379800 0.309684 0.016685 0.0500
379900 0.298440 0.016702 0.0500
380000 0.277634 0.017079 0.0500
380100 0.251583 0.018239 0.0500
380200 0.226471 0.020593 0.0500
380300 0.197978 0.025724 0.0500
380400 0.171412 0.033231 0.0500
380500 0.154054 0.039009 0.0500
380600 0.151503 0.039508 0.0500
380700 0.159850 0.036125 0.0500
380800 0.164997 0.034020 0.0500
380900 0.162565 0.034507 0.0500
381000 0.153247 0.037361 0.0500
381100 0.140028 0.041664 0.0500
381200 0.128977 0.045129 0.0500
381300 0.119571 0.047869 0.0500
381400 0.118231 0.047694 0.0500
381500 0.126895 0.044118 0.0500
381600 0.136966 0.040229 0.0500
381700 0.146914 0.036599 0.0500
381800 0.141421 0.037952 0.0500
381900 0.118392 0.045124 0.0500
382000 0.094586 0.052861 0.0500
382100 0.079771 0.057518 0.0500
382200 0.068862 0.060703 0.0500
382300 0.063247 0.061787 0.0500
382400 0.068025 0.058972 0.0500
382500 0.086210 0.051761 0.0500
382600 0.112334 0.043335 0.0500
382700 0.137790 0.036171 0.0500
382800 0.150919 0.032579 0.0500
382900 0.157993 0.030626 0.0500
383000 0.159270 0.030074 0.0500
383100 0.148784 0.032253 0.0500
383200 0.129151 0.036842 0.0500
383300 0.109139 0.041911 0.0500
383400 0.093136 0.046295 0.0500
383500 0.082386 0.049331 0.0500
383600 0.076125 0.050911 0.0500
383700 0.080000 0.048802 0.0500
383800 0.098216 0.042428 0.0500
383900 0.128395 0.034639 0.0500
384000 0.161053 0.027895 0.0500
384100 0.198674 0.021792 0.0500
384200 0.223520 0.019076 0.0500
384300 0.225941 0.018784 0.0500
384400 0.209901 0.020146 0.0500
384500 0.173441 0.025124 0.0500
384600 0.125627 0.034364 0.0500
384700 0.080714 0.046578 0.0500
384800 0.045475 0.060278 0.0500
384900 0.032159 0.064436 0.0500
385000 0.043523 0.059028 0.0500
385100 0.063486 0.050259 0.0500
385200 0.086414 0.042053 0.0500
385300 0.105707 0.036813 0.0500
385400 0.127494 0.032185 0.0500
385500 0.145488 0.028802 0.0500
385600 0.158474 0.026473 0.0500
385700 0.156647 0.026565 0.0500
385800 0.138309 0.029367 0.0500
385900 0.112288 0.033960 0.0500
386000 0.076872 0.042990 0.0500
386100 0.043312 0.055604 0.0500
386200 0.021198 0.062899 0.0500
386300 0.021712 0.061652 0.0500
386400 0.041335 0.053798 0.0500
386500 0.062319 0.045286 0.0500
386600 0.071482 0.041772 0.0500
386700 0.069154 0.041996 0.0500
386800 0.057847 0.045228 0.0500
386900 0.043317 0.049992 0.0500
387000 0.021083 0.057263 0.0500
387100 -0.000304 0.061068 0.0500
387200 -0.000861 0.060096 0.0500
387300 0.021249 0.054595 0.0500
387400 0.047458 0.045492 0.0500
387500 0.067640 0.039128 0.0500
387600 0.075040 0.036969 0.0500
387700 0.081347 0.035293 0.0500
387800 0.083128 0.034612 0.0500
387900 0.086816 0.033628 0.0500
388000 0.089584 0.032860 0.0500
388100 0.084745 0.033363 0.0500
388200 0.074230 0.035103 0.0500
388300 0.046060 0.042631 0.0500
388400 0.016372 0.052091 0.0500
388500 -0.002275 0.055611 0.0500
388600 -0.009892 0.055634 0.0500
388700 0.000981 0.053402 0.0500
388800 0.022515 0.047510 0.0500
388900 0.037826 0.042371 0.0500
389000 0.053176 0.037630 0.0500
389100 0.065937 0.034338 0.0500
389200 0.063995 0.034405 0.0500
389300 0.047436 0.038044 0.0500
389400 0.023025 0.044768 0.0500
389500 -0.000781 0.050189 0.0500
389600 -0.007800 0.050632 0.0500
389700 0.007996 0.046989 0.0500
389800 0.031066 0.040453 0.0500
389900 0.054201 0.034392 0.0500
390000 0.070857 0.031171 0.0500
390100 0.079845 0.029792 0.0500
390200 0.075578 0.030031 0.0500
390300 0.063909 0.031457 0.0500
390400 0.048521 0.034236 0.0500
390500 0.027138 0.039447 0.0500
390600 0.010402 0.043567 0.0500
390700 0.002876 0.044861 0.0500
390800 0.001695 0.044565 0.0500
390900 0.009097 0.042308 0.0500
391000 0.021368 0.038763 0.0500
391100 0.032747 0.035551 0.0500
391200 0.052521 0.031122 0.0500
391300 0.069742 0.028501 0.0500
391400 0.080746 0.027362 0.0500
391500 0.086969 0.026809 0.0500
391600 0.085188 0.026696 0.0500
391700 0.080047 0.026798 0.0500
391800 0.075876 0.026903 0.0500
391900 0.066459 0.027624 0.0500
392000 0.055882 0.028880 0.0500
392100 0.041462 0.031407 0.0500
392200 0.022292 0.035878 0.0500
392300 0.001547 0.040984 0.0500
392400 -0.017623 0.044485 0.0500
392500 -0.028922 0.045373 0.0500
392600 -0.020147 0.043768 0.0500
392700 0.003520 0.038747 0.0500
392800 0.027527 0.032734 0.0500
392900 0.046548 0.028688 0.0500
393000 0.055921 0.027088 0.0500
393100 0.056441 0.026818 0.0500
393200 0.052381 0.027154 0.0500
393300 0.045584 0.027989 0.0500
393400 0.042872 0.028234 0.0500
393500 0.041392 0.028275 0.0500
393600 0.042053 0.027935 0.0500
393700 0.038153 0.028430 0.0500
393800 0.032195 0.029392 0.0500
393900 0.022743 0.031250 0.0500
394000 0.008241 0.034513 0.0500
394100 -0.007692 0.038014 0.0500
394200 -0.022998 0.040668 0.0500
394300 -0.038194 0.042238 0.0500
394400 -0.030187 0.040825 0.0500
394500 -0.004296 0.035750 0.0500
394600 0.029862 0.028197 0.0500
394700 0.062338 0.023892 0.0500
394800 0.096005 0.023400 0.0500
394900 0.131474 0.024231 0.0500
395000 0.150283 0.023763 0.0500
395100 0.151870 0.023542 0.0500
395200 0.135019 0.023773 0.0500
395300 0.108522 0.023175 0.0500
395400 0.078351 0.022637 0.0500
395500 0.047174 0.024724 0.0500
395600 0.014260 0.030611 0.0500
395700 -0.009496 0.035670 0.0500
395800 -0.012503 0.035940 0.0500
395900 -0.004221 0.033845 0.0500
396000 0.021551 0.028080 0.0500
396100 0.060032 0.022685 0.0500
396200 0.100163 0.022318 0.0500
396300 0.147922 0.023055 0.0500
396400 0.184496 0.020890 0.0500
396500 0.198057 0.019743 0.0500
396600 0.188427 0.020361 0.0500
396700 0.154736 0.022401 0.0500
396800 0.108153 0.022176 0.0500
396900 0.060672 0.022241 0.0500
397000 0.019504 0.027913 0.0500
397100 0.001152 0.031652 0.0500
397200 0.005047 0.030517 0.0500
397300 0.016745 0.027793 0.0500
397400 0.038378 0.023862 0.0500
397500 0.063516 0.021392 0.0500
397600 0.089930 0.021074 0.0500
397700 0.118966 0.021982 0.0500
397800 0.150117 0.022071 0.0500
397900 0.174590 0.020846 0.0500
398000 0.171733 0.020894 0.0500
398100 0.143728 0.021830 0.0500
398200 0.106410 0.021095 0.0500
398300 0.082984 0.020461 0.0500
398400 0.073477 0.020430 0.0500
398500 0.067163 0.020512 0.0500
398600 0.067049 0.020400 0.0500
398700 0.078731 0.020014 0.0500
398800 0.092346 0.020042 0.0500
398900 0.118273 0.020832 0.0500
399000 0.150085 0.021135 0.0500
399100 0.168749 0.020451 0.0500
399200 0.171097 0.020229 0.0500
399300 0.156452 0.020655 0.0500
399400 0.128996 0.020643 0.0500
399500 0.108849 0.019987 0.0500
399600 0.096228 0.019534 0.0500
399700 0.095994 0.019422 0.0500
399800 0.109518 0.019688 0.0500
399900 0.135693 0.020253 0.0500
400000 0.166752 0.019814 0.0500
400100 0.180561 0.019174 0.0500
400200 0.173739 0.019353 0.0500
400300 0.153382 0.019831 0.0500
400400 0.132317 0.019757 0.0500
400500 0.121797 0.019466 0.0500
400600 0.118036 0.019276 0.0500
400700 0.116597 0.019140 0.0500
400800 0.118742 0.019087 0.0500
400900 0.122872 0.019076 0.0500
401000 0.128546 0.019084 0.0500
401100 0.139147 0.019119 0.0500
401200 0.150523 0.019037 0.0500
401300 0.161776 0.018817 0.0500
401400 0.170773 0.018537 0.0500
401500 0.174860 0.018340 0.0500
401600 0.171529 0.018329 0.0500
401700 0.163404 0.018409 0.0500
401800 0.153732 0.018455 0.0500
401900 0.147452 0.018409 0.0500
402000 0.151741 0.018285 0.0500
402100 0.156517 0.018143 0.0500
402200 0.157964 0.018033 0.0500
402300 0.159230 0.017925 0.0500
402400 0.166916 0.017715 0.0500
402500 0.174853 0.017478 0.0500
402600 0.173519 0.017419 0.0500
402700 0.168596 0.017428 0.0500
402800 0.171384 0.017291 0.0500
402900 0.179736 0.017046 0.0500
403000 0.185241 0.016858 0.0500
403100 0.187199 0.016741 0.0500
403200 0.190704 0.016598 0.0500
403300 0.187635 0.016578 0.0500
403400 0.175988 0.016732 0.0500
403500 0.163019 0.016919 0.0500
403600 0.151062 0.017060 0.0500
403700 0.148798 0.017016 0.0500
403800 0.157483 0.016787 0.0500
403900 0.173133 0.016420 0.0500
404000 0.190906 0.016061 0.0500
404100 0.207392 0.015833 0.0500
404200 0.223514 0.015733 0.0500
404300 0.239154 0.015732 0.0500
404400 0.254606 0.015778 0.0500
404500 0.263350 0.015777 0.0500
404600 0.261238 0.015691 0.0500
404700 0.248323 0.015528 0.0500
404800 0.230354 0.015381 0.0500
404900 0.211452 0.015377 0.0500
405000 0.198042 0.015471 0.0500
405100 0.193781 0.015475 0.0500
405200 0.190975 0.015460 0.0500
405300 0.194016 0.015338 0.0500
405400 0.199774 0.015182 0.0500
405500 0.204472 0.015060 0.0500
405600 0.219359 0.014914 0.0500
405700 0.235881 0.014926 0.0500
405800 0.253047 0.015068 0.0500
405900 0.260895 0.015120 0.0500
406000 0.263550 0.015096 0.0500
406100 0.267117 0.015087 0.0500
406200 0.273647 0.015124 0.0500
406300 0.272068 0.015035 0.0500
406400 0.262660 0.014833 0.0500
406500 0.253724 0.014654 0.0500
406600 0.247273 0.014524 0.0500
406700 0.250014 0.014493 0.0500
406800 0.253627 0.014476 0.0500
406900 0.257016 0.014460 0.0500
407000 0.257666 0.014411 0.0500
407100 0.251075 0.014273 0.0500
407200 0.236294 0.014119 0.0500
407300 0.222525 0.014102 0.0500
407400 0.212543 0.014166 0.0500
407500 0.214311 0.014083 0.0500
407600 0.220605 0.013954 0.0500
407700 0.231638 0.013851 0.0500
407800 0.241314 0.013833 0.0500
407900 0.245600 0.013818 0.0500
408000 0.252048 0.013844 0.0500
408100 0.259398 0.013909 0.0500
408200 0.260875 0.013882 0.0500
408300 0.254082 0.013714 0.0500
408400 0.242686 0.013535 0.0500
408500 0.228686 0.013470 0.0500
408600 0.211028 0.013656 0.0500
408700 0.194364 0.014079 0.0500
408800 0.184488 0.014395 0.0500
408900 0.170497 0.014935 0.0500
409000 0.162850 0.015211 0.0500
409100 0.165548 0.015027 0.0500
409200 0.173202 0.014631 0.0500
409300 0.184686 0.014105 0.0500
409400 0.208119 0.013359 0.0500
409500 0.236846 0.013137 0.0500
409600 0.270785 0.013743 0.0500
409700 0.300500 0.014637 0.0500
409800 0.311177 0.014959 0.0500
409900 0.307138 0.014751 0.0500
410000 0.294996 0.014274 0.0500
410100 0.279652 0.013749 0.0500
410200 0.262731 0.013273 0.0500
410300 0.247827 0.012971 0.0500
410400 0.239368 0.012850 0.0500
410500 0.243213 0.012831 0.0500
410600 0.261136 0.013057 0.0500
410700 0.286410 0.013701 0.0500
410800 0.310224 0.014516 0.0500
410900 0.324248 0.015039 0.0500
411000 0.331808 0.015300 0.0500
411100 0.326948 0.015028 0.0500
411200 0.302659 0.014007 0.0500
411300 0.273018 0.013074 0.0500
411400 0.243915 0.012588 0.0500
411500 0.220051 0.012671 0.0500
411600 0.201926 0.013073 0.0500
411700 0.194596 0.013285 0.0500
411800 0.209927 0.012748 0.0500
411900 0.244690 0.012414 0.0500
412000 0.282359 0.013134 0.0500
412100 0.318454 0.014428 0.0500
412200 0.345491 0.015578 0.0500
412300 0.359947 0.016051 0.0500
412400 0.355844 0.015844 0.0500
412500 0.330756 0.014745 0.0500
412600 0.298766 0.013440 0.0500
412700 0.269730 0.012605 0.0500
412800 0.239440 0.012217 0.0500
412900 0.217968 0.012383 0.0500
413000 0.209437 0.012544 0.0500
413100 0.213254 0.012401 0.0500
413200 0.231345 0.012084 0.0500
413300 0.268088 0.012388 0.0500
413400 0.323717 0.014247 0.0500
413500 0.367734 0.015981 0.0500
413600 0.380257 0.016129 0.0500
413700 0.358383 0.015562 0.0500
413800 0.318131 0.013837 0.0500
413900 0.284293 0.012648 0.0500
414000 0.259564 0.012080 0.0500
414100 0.247443 0.011914 0.0500
414200 0.242240 0.011855 0.0500
414300 0.254228 0.011893 0.0500
414400 0.283903 0.012459 0.0500
414500 0.330565 0.014184 0.0500
414600 0.378525 0.015877 0.0500
414700 0.409411 0.015749 0.0500
414800 0.411329 0.015654 0.0500
414900 0.385853 0.015757 0.0500
415000 0.356516 0.015080 0.0500
415100 0.336283 0.014210 0.0500
415200 0.322400 0.013580 0.0500
415300 0.326171 0.013681 0.0500
415400 0.343553 0.014356 0.0500
415500 0.367315 0.015162 0.0500
415600 0.383200 0.015409 0.0500
415700 0.386157 0.015370 0.0500
415800 0.383799 0.015283 0.0500
415900 0.367239 0.014914 0.0500
416000 0.348532 0.014247 0.0500
416100 0.328232 0.013434 0.0500
416200 0.316574 0.012984 0.0500
416300 0.315068 0.012889 0.0500
416400 0.321195 0.013043 0.0500
416500 0.329469 0.013287 0.0500
416600 0.342657 0.013739 0.0500
416700 0.358561 0.014285 0.0500
416800 0.374765 0.014712 0.0500
416900 0.387196 0.014875 0.0500
417000 0.391864 0.014863 0.0500
417100 0.384371 0.014714 0.0500
417200 0.365828 0.014248 0.0500
417300 0.342242 0.013415 0.0500
417400 0.328525 0.012910 0.0500
417500 0.334067 0.013041 0.0500
417600 0.354644 0.013702 0.0500
417700 0.377262 0.014313 0.0500
417800 0.394105 0.014532 0.0500
417900 0.396468 0.014496 0.0500
418000 0.391657 0.014388 0.0500
418100 0.380178 0.014153 0.0500
418200 0.365690 0.013756 0.0500
418300 0.342629 0.013015 0.0500
418400 0.305183 0.012061 0.0500
418500 0.265666 0.011565 0.0500
418600 0.242711 0.011517 0.0500
418700 0.238726 0.011510 0.0500
418800 0.246931 0.011423 0.0500
418900 0.267655 0.011443 0.0500
419000 0.295892 0.011746 0.0500
419100 0.324190 0.012310 0.0500
419200 0.355362 0.013243 0.0500
419300 0.377745 0.013843 0.0500
419400 0.384583 0.013936 0.0500
419500 0.367869 0.013482 0.0500
419600 0.330665 0.012316 0.0500
419700 0.289834 0.011508 0.0500
419800 0.258086 0.011252 0.0500
419900 0.241646 0.011279 0.0500
420000 0.248612 0.011197 0.0500
420100 0.277632 0.011258 0.0500
420200 0.316759 0.011834 0.0500
420300 0.363418 0.013204 0.0500
420400 0.394603 0.013915 0.0500
420500 0.401693 0.013965 0.0500
420600 0.391747 0.013760 0.0500
420700 0.371187 0.013252 0.0500
420800 0.351411 0.012622 0.0500
420900 0.333311 0.012055 0.0500
421000 0.324323 0.011794 0.0500
421100 0.329128 0.011869 0.0500
421200 0.344318 0.012248 0.0500
421300 0.362681 0.012775 0.0500
421400 0.378209 0.013178 0.0500
421500 0.378340 0.013133 0.0500
421600 0.365426 0.012723 0.0500
421700 0.338085 0.011887 0.0500
421800 0.307823 0.011270 0.0500
421900 0.287060 0.011047 0.0500
422000 0.271626 0.010952 0.0500
422100 0.262484 0.010916 0.0500
422200 0.263323 0.010881 0.0500
422300 0.271898 0.010853 0.0500
422400 0.285675 0.010881 0.0500
422500 0.296815 0.010940 0.0500
422600 0.301857 0.010962 0.0500
422700 0.315245 0.011129 0.0500
422800 0.329314 0.011398 0.0500
422900 0.339063 0.011628 0.0500
423000 0.341708 0.011670 0.0500
423100 0.335314 0.011446 0.0500
423200 0.317295 0.011000 0.0500
423300 0.297351 0.010714 0.0500
423400 0.273549 0.010598 0.0500
423500 0.256857 0.010635 0.0500
423600 0.248071 0.010693 0.0500
423700 0.240148 0.010784 0.0500
423800 0.240813 0.010740 0.0500
423900 0.247877 0.010601 0.0500
424000 0.256861 0.010481 0.0500
424100 0.261949 0.010421 0.0500
424200 0.270680 0.010372 0.0500
424300 0.288439 0.010406 0.0500
424400 0.308000 0.010601 0.0500
424500 0.327414 0.010986 0.0500
424600 0.348803 0.011638 0.0500
424700 0.373381 0.012509 0.0500
424800 0.387304 0.012922 0.0500
424900 0.389435 0.012938 0.0500
425000 0.385875 0.012786 0.0500
425100 0.374989 0.012391 0.0500
425200 0.355058 0.011651 0.0500
425300 0.329505 0.010834 0.0500
425400 0.303177 0.010346 0.0500
425500 0.278711 0.010190 0.0500
425600 0.262482 0.010213 0.0500
425700 0.257655 0.010223 0.0500
425800 0.269094 0.010121 0.0500
425900 0.284639 0.010091 0.0500
426000 0.305207 0.010225 0.0500
426100 0.322992 0.010510 0.0500
426200 0.343477 0.011063 0.0500
426300 0.367952 0.011927 0.0500
426400 0.386933 0.012562 0.0500
426500 0.390894 0.012645 0.0500
426600 0.369933 0.011883 0.0500
426700 0.333416 0.010619 0.0500
426800 0.287505 0.009961 0.0500
426900 0.248585 0.010192 0.0500
427000 0.225272 0.010766 0.0500
427100 0.228984 0.010610 0.0500
427200 0.249184 0.010098 0.0500
427300 0.289042 0.009869 0.0500
427400 0.338389 0.010673 0.0500
427500 0.391543 0.012532 0.0500
427600 0.438386 0.013875 0.0500
427700 0.460473 0.014576 0.0500
427800 0.457299 0.014406 0.0500
427900 0.427547 0.013401 0.0500
428000 0.376312 0.011891 0.0500
428100 0.319175 0.010124 0.0500
428200 0.273272 0.009793 0.0500
428300 0.250465 0.009985 0.0500
428400 0.246577 0.010026 0.0500
428500 0.255632 0.009854 0.0500
428600 0.281917 0.009684 0.0500
428700 0.320919 0.010058 0.0500
428800 0.360640 0.011232 0.0500
428900 0.394855 0.012379 0.0500
429000 0.413851 0.012876 0.0500
429100 0.412926 0.012805 0.0500
429200 0.398384 0.012357 0.0500
429300 0.379068 0.011721 0.0500
429400 0.361088 0.011073 0.0500
429500 0.351208 0.010711 0.0500
429600 0.346565 0.010534 0.0500
429700 0.342960 0.010397 0.0500
429800 0.353190 0.010681 0.0500
429900 0.373159 0.011332 0.0500
430000 0.391198 0.011900 0.0500
430100 0.406914 0.012346 0.0500
430200 0.408280 0.012345 0.0500
430300 0.394026 0.011871 0.0500
430400 0.377642 0.011312 0.0500
430500 0.358729 0.010666 0.0500
430600 0.333122 0.009953 0.0500
430700 0.306314 0.009561 0.0500
430800 0.293455 0.009484 0.0500
430900 0.290703 0.009457 0.0500
431000 0.300934 0.009456 0.0500
431100 0.318137 0.009581 0.0500
431200 0.349363 0.010241 0.0500
431300 0.392052 0.011636 0.0500
431400 0.427381 0.012769 0.0500
431500 0.445673 0.013434 0.0500
431600 0.441468 0.013211 0.0500
431700 0.420332 0.012396 0.0500
431800 0.386751 0.011317 0.0500
431900 0.351116 0.010177 0.0500
432000 0.323262 0.009545 0.0500
432100 0.304776 0.009348 0.0500
432200 0.294571 0.009302 0.0500
432300 0.289192 0.009284 0.0500
432400 0.295288 0.009254 0.0500
432500 0.317671 0.009360 0.0500
432600 0.351415 0.010055 0.0500
432700 0.387789 0.011219 0.0500
432800 0.410298 0.011913 0.0500
432900 0.419057 0.012165 0.0500
433000 0.414826 0.011981 0.0500
433100 0.398716 0.011429 0.0500
433200 0.381347 0.010849 0.0500
433300 0.372075 0.010525 0.0500
433400 0.369879 0.010426 0.0500
433500 0.368126 0.010342 0.0500
433600 0.360290 0.010078 0.0500
433700 0.354743 0.009893 0.0500
433800 0.349893 0.009738 0.0500
433900 0.350243 0.009721 0.0500
434000 0.350222 0.009694 0.0500
434100 0.342508 0.009487 0.0500
434200 0.325245 0.009175 0.0500
434300 0.306025 0.009033 0.0500
434400 0.283553 0.009099 0.0500
434500 0.262651 0.009340 0.0500
434600 0.250247 0.009567 0.0500
434700 0.244732 0.009682 0.0500
434800 0.250101 0.009519 0.0500
434900 0.272362 0.009106 0.0500
435000 0.300221 0.008912 0.0500
435100 0.322445 0.009012 0.0500
435200 0.334033 0.009164 0.0500
435300 0.343982 0.009353 0.0500
435400 0.355506 0.009638 0.0500
435500 0.358614 0.009705 0.0500
435600 0.359587 0.009709 0.0500
435700 0.368406 0.009966 0.0500
435800 0.382502 0.010424 0.0500
435900 0.395190 0.010849 0.0500
436000 0.402182 0.011072 0.0500
436100 0.401477 0.011012 0.0500
436200 0.392774 0.010664 0.0500
436300 0.385648 0.010383 0.0500
436400 0.388695 0.010458 0.0500
436500 0.397676 0.010746 0.0500
436600 0.406075 0.011023 0.0500
436700 0.415462 0.011354 0.0500
436800 0.426925 0.011805 0.0500
436900 0.442921 0.012538 0.0500
437000 0.453107 0.013034 0.0500
437100 0.445032 0.012558 0.0500
437200 0.429790 0.011777 0.0500
437300 0.414302 0.011105 0.0500
437400 0.392218 0.010316 0.0500
437500 0.366751 0.009540 0.0500
437600 0.343094 0.008985 0.0500
437700 0.330262 0.008786 0.0500
437800 0.333860 0.008805 0.0500
437900 0.347035 0.008992 0.0500
438000 0.373413 0.009622 0.0500
438100 0.397005 0.010339 0.0500
438200 0.415668 0.010991 0.0500
438300 0.428579 0.011508 0.0500
438400 0.431581 0.011611 0.0500
438500 0.429593 0.011481 0.0500
438600 0.426177 0.011290 0.0500
438700 0.415897 0.010831 0.0500
438800 0.400660 0.010261 0.0500
438900 0.380833 0.009640 0.0500
439000 0.363820 0.009182 0.0500
439100 0.359002 0.009052 0.0500
439200 0.377314 0.009473 0.0500
439300 0.406413 0.010341 0.0500
439400 0.436536 0.011603 0.0500
439500 0.454386 0.012564 0.0500
439600 0.454340 0.012518 0.0500
439700 0.439765 0.011656 0.0500
439800 0.414819 0.010506 0.0500
439900 0.374206 0.009279 0.0500
440000 0.335160 0.008592 0.0500
440100 0.314380 0.008506 0.0500
440200 0.313510 0.008488 0.0500
440300 0.333552 0.008521 0.0500
440400 0.359823 0.008878 0.0500
440500 0.397045 0.009813 0.0500
440600 0.437269 0.011405 0.0500
440700 0.462934 0.012858 0.0500
440800 0.471359 0.013314 0.0500
440900 0.462560 0.012742 0.0500
441000 0.437443 0.011273 0.0500
441100 0.407809 0.010029 0.0500
441200 0.379394 0.009213 0.0500
441300 0.357866 0.008739 0.0500
441400 0.345352 0.008531 0.0500
441500 0.339295 0.008446 0.0500
441600 0.338508 0.008420 0.0500
441700 0.344429 0.008460 0.0500
441800 0.363082 0.008738 0.0500
441900 0.386662 0.009271 0.0500
442000 0.408659 0.009914 0.0500
442100 0.414650 0.010102 0.0500
442200 0.412866 0.010008 0.0500
442300 0.402142 0.009619 0.0500
442400 0.388203 0.009195 0.0500
442500 0.374901 0.008852 0.0500
442600 0.361362 0.008563 0.0500
442700 0.348113 0.008353 0.0500
442800 0.343429 0.008287 0.0500
442900 0.341904 0.008254 0.0500
443000 0.339990 0.008221 0.0500
443100 0.341460 0.008213 0.0500
443200 0.341618 0.008195 0.0500
443300 0.337650 0.008150 0.0500
443400 0.343094 0.008170 0.0500
443500 0.353244 0.008268 0.0500
443600 0.370061 0.008552 0.0500
443700 0.395912 0.009214 0.0500
443800 0.415274 0.009876 0.0500
443900 0.421416 0.010109 0.0500
444000 0.415308 0.009823 0.0500
444100 0.392105 0.009009 0.0500
444200 0.358358 0.008241 0.0500
444300 0.327325 0.008010 0.0500
444400 0.299478 0.008232 0.0500
444500 0.278877 0.008572 0.0500
444600 0.269797 0.008745 0.0500
444700 0.273484 0.008643 0.0500
444800 0.270553 0.008686 0.0500
444900 0.264966 0.008794 0.0500
445000 0.263965 0.008797 0.0500
445100 0.262104 0.008821 0.0500
445200 0.272050 0.008569 0.0500
445300 0.279333 0.008402 0.0500
445400 0.282410 0.008325 0.0500
445500 0.282347 0.008307 0.0500
445600 0.278970 0.008350 0.0500
445700 0.261904 0.008708 0.0500
445800 0.235390 0.009548 0.0500
445900 0.214505 0.010534 0.0500
446000 0.202748 0.011209 0.0500
446100 0.192625 0.011849 0.0500
446200 0.186225 0.012260 0.0500
446300 0.182534 0.012483 0.0500
446400 0.185371 0.012236 0.0500
446500 0.186734 0.012098 0.0500
446600 0.185079 0.012174 0.0500
446700 0.181647 0.012377 0.0500
446800 0.174816 0.012827 0.0500
446900 0.168281 0.013255 0.0500
447000 0.162819 0.013598 0.0500
447100 0.161204 0.013661 0.0500
447200 0.164912 0.013346 0.0500
447300 0.167923 0.013083 0.0500
447400 0.169496 0.012924 0.0500
447500 0.166674 0.013076 0.0500
447600 0.169785 0.012810 0.0500
447700 0.177617 0.012222 0.0500
447800 0.182772 0.011833 0.0500
447900 0.176466 0.012218 0.0500
448000 0.166857 0.012842 0.0500
448100 0.155622 0.013579 0.0500
448200 0.156098 0.013495 0.0500
448300 0.163252 0.012951 0.0500
448400 0.171721 0.012325 0.0500
448500 0.179427 0.011773 0.0500
448600 0.175892 0.011965 0.0500
448700 0.173114 0.012109 0.0500
448800 0.167799 0.012425 0.0500
448900 0.157841 0.013065 0.0500
449000 0.155873 0.013152 0.0500
449100 0.160993 0.012754 0.0500
449200 0.169835 0.012116 0.0500
449300 0.179853 0.011438 0.0500
449400 0.189840 0.010821 0.0500
449500 0.189036 0.010832 0.0500
449600 0.174708 0.011654 0.0500
449700 0.158829 0.012673 0.0500
449800 0.151034 0.013164 0.0500
449900 0.138744 0.013942 0.0500
450000 0.128045 0.014560 0.0500
450100 0.124296 0.014721 0.0500
450200 0.126980 0.014504 0.0500
450300 0.140797 0.013593 0.0500
450400 0.162709 0.012120 0.0500
450500 0.176302 0.011252 0.0500
450600 0.177086 0.011172 0.0500
450700 0.161422 0.012089 0.0500
450800 0.142319 0.013294 0.0500
450900 0.122673 0.014468 0.0500
451000 0.109486 0.015150 0.0500
451100 0.098930 0.015660 0.0500
451200 0.095124 0.015804 0.0500
451300 0.097703 0.015590 0.0500
451400 0.105747 0.015092 0.0500
451500 0.115221 0.014531 0.0500
451600 0.126285 0.013874 0.0500
451700 0.133106 0.013436 0.0500
451800 0.137810 0.013115 0.0500
451900 0.142971 0.012768 0.0500
452000 0.147497 0.012460 0.0500
452100 0.144370 0.012597 0.0500
452200 0.140589 0.012771 0.0500
452300 0.141253 0.012688 0.0500
452400 0.143121 0.012536 0.0500
452500 0.144329 0.012423 0.0500
452600 0.152311 0.011931 0.0500
452700 0.154954 0.011745 0.0500
452800 0.157637 0.011561 0.0500
452900 0.154334 0.011703 0.0500
453000 0.140182 0.012458 0.0500
453100 0.125626 0.013249 0.0500
453200 0.116443 0.013725 0.0500
453300 0.119968 0.013472 0.0500
453400 0.132745 0.012701 0.0500
453500 0.143649 0.012053 0.0500
453600 0.155537 0.011385 0.0500
453700 0.162741 0.010993 0.0500
453800 0.161824 0.011003 0.0500
453900 0.158087 0.011152 0.0500
454000 0.156280 0.011207 0.0500
454100 0.157036 0.011135 0.0500
454200 0.162335 0.010844 0.0500
454300 0.161411 0.010855 0.0500
454400 0.158848 0.010944 0.0500
454500 0.160467 0.010833 0.0500
454600 0.163726 0.010649 0.0500
454700 0.166673 0.010485 0.0500
454800 0.170474 0.010292 0.0500
454900 0.171391 0.010225 0.0500
455000 0.166593 0.010399 0.0500
455100 0.157648 0.010782 0.0500
455200 0.145278 0.011392 0.0500
455300 0.130910 0.012182 0.0500
455400 0.119015 0.012869 0.0500
455500 0.112591 0.013229 0.0500
455600 0.109205 0.013399 0.0500
455700 0.105283 0.013607 0.0500
455800 0.105779 0.013522 0.0500
455900 0.107340 0.013369 0.0500
456000 0.109000 0.013212 0.0500
456100 0.125146 0.012184 0.0500
456200 0.149490 0.010853 0.0500
456300 0.180457 0.009617 0.0500
456400 0.215281 0.008821 0.0500
456500 0.238463 0.008497 0.0500
456600 0.243888 0.008419 0.0500
456700 0.224226 0.008631 0.0500
456800 0.190117 0.009261 0.0500
456900 0.152406 0.010607 0.0500
457000 0.114475 0.012685 0.0500
457100 0.086047 0.014682 0.0500
457200 0.066537 0.016598 0.0500
457300 0.060518 0.017287 0.0500
457400 0.060730 0.017176 0.0500
457500 0.065771 0.016455 0.0500
457600 0.077040 0.015170 0.0500
457700 0.088557 0.014117 0.0500
457800 0.095747 0.013538 0.0500
457900 0.104848 0.012896 0.0500
458000 0.106957 0.012722 0.0500
458100 0.107706 0.012632 0.0500
458200 0.101430 0.012972 0.0500
458300 0.082629 0.014304 0.0500
458400 0.063365 0.016273 0.0500
458500 0.041697 0.019614 0.0500
458600 0.016465 0.025128 0.0500
458700 -0.005871 0.030727 0.0500
458800 -0.018844 0.033650 0.0500
458900 -0.024415 0.034577 0.0500
459000 -0.022886 0.033915 0.0500
459100 -0.016959 0.032279 0.0500
459200 -0.004013 0.028943 0.0500
459300 0.000953 0.027521 0.0500
459400 0.004483 0.026474 0.0500
459500 0.001803 0.026908 0.0500
459600 0.001313 0.026822 0.0500
459700 0.006185 0.025496 0.0500
459800 0.011171 0.024196 0.0500
459900 0.019932 0.022169 0.0500
460000 0.027391 0.020572 0.0500
460100 0.024848 0.020936 0.0500
460200 0.011871 0.023471 0.0500
460300 0.000487 0.025865 0.0500
460400 -0.012334 0.028659 0.0500
460500 -0.018688 0.029894 0.0500
460600 -0.007851 0.027169 0.0500
460700 0.010535 0.022945 0.0500
460800 0.024810 0.020067 0.0500
460900 0.020583 0.020716 0.0500
461000 0.007134 0.023252 0.0500
461100 -0.002022 0.025076 0.0500
461200 -0.008764 0.026409 0.0500
461300 -0.017613 0.028224 0.0500
461400 -0.027440 0.030211 0.0500
461500 -0.035214 0.031631 0.0500
461600 -0.035141 0.031337 0.0500
461700 -0.026935 0.029332 0.0500
461800 -0.012003 0.025902 0.0500
461900 -0.003633 0.023991 0.0500
462000 -0.001115 0.023332 0.0500
462100 -0.006028 0.024156 0.0500
462200 -0.014582 0.025752 0.0500
462300 -0.020372 0.026784 0.0500
462400 -0.022569 0.027048 0.0500
462500 -0.034879 0.029433 0.0500
462600 -0.045495 0.031337 0.0500
462700 -0.060619 0.033788 0.0500
462800 -0.065659 0.034256 0.0500
462900 -0.062012 0.033373 0.0500
463000 -0.056321 0.032146 0.0500
463100 -0.055921 0.031792 0.0500
463200 -0.059244 0.032048 0.0500
463300 -0.067678 0.033030 0.0500
463400 -0.076019 0.033845 0.0500
463500 -0.070883 0.032860 0.0500
463600 -0.058374 0.030786 0.0500
463700 -0.043179 0.028146 0.0500
463800 -0.030880 0.025922 0.0500
463900 -0.020172 0.024010 0.0500
464000 -0.007996 0.021975 0.0500
464100 -0.010668 0.022240 0.0500
464200 -0.018433 0.023290 0.0500
464300 -0.027281 0.024539 0.0500
464400 -0.029738 0.024765 0.0500
464500 -0.028409 0.024382 0.0500
464600 -0.022830 0.023346 0.0500
464700 -0.021454 0.022984 0.0500
464800 -0.027010 0.023689 0.0500
464900 -0.036685 0.025067 0.0500
465000 -0.038453 0.025177 0.0500
465100 -0.029341 0.023567 0.0500
465200 -0.020331 0.022080 0.0500
465300 -0.015504 0.021273 0.0500
465400 -0.017856 0.021469 0.0500
465500 -0.024309 0.022254 0.0500
465600 -0.034819 0.023705 0.0500
465700 -0.052536 0.026455 0.0500
465800 -0.067621 0.028819 0.0500
465900 -0.076163 0.030005 0.0500
466000 -0.073803 0.029370 0.0500
466100 -0.068695 0.028298 0.0500
466200 -0.060461 0.026742 0.0500
466300 -0.048709 0.024700 0.0500
466400 -0.032983 0.022263 0.0500
466500 -0.022279 0.020755 0.0500
466600 -0.020567 0.020431 0.0500
466700 -0.020886 0.020352 0.0500
466800 -0.031298 0.021534 0.0500
466900 -0.050765 0.024209 0.0500
467000 -0.069562 0.027108 0.0500
467100 -0.078508 0.028410 0.0500
467200 -0.077733 0.028056 0.0500
467300 -0.070771 0.026686 0.0500
467400 -0.055662 0.024115 0.0500
467500 -0.044840 0.022409 0.0500
467600 -0.036306 0.021170 0.0500
467700 -0.021179 0.019365 0.0500
467800 -0.004029 0.017729 0.0500
467900 0.005056 0.016956 0.0500
468000 0.003862 0.016962 0.0500
468100 -0.002965 0.017393 0.0500
468200 -0.014948 0.018324 0.0500
468300 -0.032924 0.020121 0.0500
468400 -0.043506 0.021358 0.0500
468500 -0.052959 0.022584 0.0500
468600 -0.068188 0.024882 0.0500
468700 -0.089407 0.028448 0.0500
468800 -0.106923 0.031311 0.0500
468900 -0.109629 0.031492 0.0500
469000 -0.096454 0.028982 0.0500
469100 -0.075764 0.025261 0.0500
469200 -0.050882 0.021414 0.0500
469300 -0.036198 0.019545 0.0500
469400 -0.021483 0.018040 0.0500
469500 -0.007112 0.016877 0.0500
469600 0.003862 0.016128 0.0500
469700 0.008111 0.015823 0.0500
469800 0.007947 0.015762 0.0500
469900 0.003667 0.015926 0.0500
470000 -0.007302 0.016524 0.0500
470100 -0.023209 0.017669 0.0500
470200 -0.041873 0.019517 0.0500
470300 -0.069736 0.023391 0.0500
470400 -0.103488 0.029200 0.0500
470500 -0.126339 0.032838 0.0500
470600 -0.127804 0.032759 0.0500
470700 -0.106688 0.029040 0.0500
470800 -0.074217 0.023413 0.0500
470900 -0.049186 0.019810 0.0500
471000 -0.042225 0.018912 0.0500
471100 -0.048054 0.019465 0.0500
471200 -0.068156 0.022019 0.0500
471300 -0.083085 0.024220 0.0500
471400 -0.096127 0.026270 0.0500
471500 -0.101194 0.026960 0.0500
471600 -0.098951 0.026369 0.0500
471700 -0.101159 0.026555 0.0500
471800 -0.102705 0.026625 0.0500
471900 -0.103468 0.026558 0.0500
472000 -0.100445 0.025850 0.0500
472100 -0.096031 0.024935 0.0500
472200 -0.100635 0.025518 0.0500
472300 -0.104404 0.025965 0.0500
472400 -0.090139 0.023496 0.0500
472500 -0.065541 0.020064 0.0500
472600 -0.045139 0.017924 0.0500
472700 -0.032448 0.016879 0.0500
472800 -0.028967 0.016576 0.0500
472900 -0.033342 0.016782 0.0500
473000 -0.048269 0.017866 0.0500
473100 -0.064446 0.019421 0.0500
473200 -0.078792 0.021126 0.0500
473300 -0.087384 0.022243 0.0500
473400 -0.088914 0.022337 0.0500
473500 -0.091968 0.022669 0.0500
473600 -0.097517 0.023415 0.0500
473700 -0.103733 0.024305 0.0500
473800 -0.099234 0.023386 0.0500
473900 -0.091933 0.022084 0.0500
474000 -0.085895 0.021073 0.0500
474100 -0.089049 0.021395 0.0500
474200 -0.097735 0.022586 0.0500
474300 -0.097570 0.022417 0.0500
474400 -0.088613 0.020945 0.0500
474500 -0.079947 0.019690 0.0500
474600 -0.069693 0.018442 0.0500
474700 -0.068247 0.018203 0.0500
474800 -0.074181 0.018724 0.0500
474900 -0.075350 0.018755 0.0500
475000 -0.082760 0.019533 0.0500
475100 -0.089526 0.020326 0.0500
475200 -0.094871 0.020989 0.0500
475300 -0.099100 0.021523 0.0500
475400 -0.100499 0.021618 0.0500
475500 -0.092361 0.020252 0.0500
475600 -0.083001 0.018914 0.0500
475700 -0.068078 0.017283 0.0500
475800 -0.053902 0.016167 0.0500
475900 -0.032081 0.015123 0.0500
476000 -0.006464 0.014516 0.0500
476100 0.019277 0.014100 0.0500
476200 0.029593 0.013873 0.0500
476300 0.025936 0.013883 0.0500
476400 0.003903 0.014163 0.0500
476500 -0.026851 0.014704 0.0500
476600 -0.055068 0.015923 0.0500
476700 -0.081930 0.018307 0.0500
476800 -0.101798 0.021072 0.0500
476900 -0.116915 0.023713 0.0500
477000 -0.124727 0.025125 0.0500
477100 -0.126936 0.025401 0.0500
477200 -0.128193 0.025478 0.0500
477300 -0.124120 0.024476 0.0500
477400 -0.113649 0.022311 0.0500
477500 -0.101911 0.020198 0.0500
477600 -0.093636 0.018895 0.0500
477700 -0.095093 0.018992 0.0500
477800 -0.101208 0.019768 0.0500
477900 -0.110701 0.021197 0.0500
478000 -0.113794 0.021616 0.0500
478100 -0.110254 0.020869 0.0500
478200 -0.100245 0.019180 0.0500
478300 -0.092184 0.018010 0.0500
478400 -0.091159 0.017796 0.0500
478500 -0.088781 0.017435 0.0500
478600 -0.086532 0.017106 0.0500
478700 -0.095349 0.018053 0.0500
478800 -0.106252 0.019519 0.0500
478900 -0.119061 0.021636 0.0500
479000 -0.135437 0.024827 0.0500
479100 -0.148929 0.027537 0.0500
479200 -0.156248 0.028835 0.0500
479300 -0.150842 0.027505 0.0500
479400 -0.133952 0.023814 0.0500
479500 -0.113272 0.019857 0.0500
479600 -0.089878 0.016705 0.0500
479700 -0.064839 0.014848 0.0500
479800 -0.031961 0.013952 0.0500
479900 -0.010256 0.013791 0.0500
480000 -0.005146 0.013729 0.0500
480100 -0.012937 0.013692 0.0500
480200 -0.035747 0.013801 0.0500
480300 -0.062962 0.014512 0.0500
480400 -0.081325 0.015604 0.0500
480500 -0.093329 0.016685 0.0500
480600 -0.107751 0.018479 0.0500
480700 -0.120076 0.020416 0.0500
480800 -0.129280 0.022042 0.0500
480900 -0.137585 0.023595 0.0500
481000 -0.135898 0.023092 0.0500
481100 -0.131208 0.022002 0.0500
481200 -0.128163 0.021279 0.0500
481300 -0.126204 0.020786 0.0500
481400 -0.123844 0.020238 0.0500
481500 -0.123330 0.020032 0.0500
481600 -0.120473 0.019429 0.0500
481700 -0.120875 0.019391 0.0500
481800 -0.122599 0.019579 0.0500
481900 -0.127237 0.020293 0.0500
482000 -0.130261 0.020736 0.0500
482100 -0.128346 0.020262 0.0500
482200 -0.131862 0.020800 0.0500
482300 -0.130798 0.020481 0.0500
482400 -0.125131 0.019353 0.0500
482500 -0.113587 0.017460 0.0500
482600 -0.101845 0.015948 0.0500
482700 -0.097642 0.015462 0.0500
482800 -0.100985 0.015720 0.0500
482900 -0.110210 0.016708 0.0500
483000 -0.124110 0.018680 0.0500
483100 -0.143751 0.022315 0.0500
483200 -0.166412 0.027061 0.0500
483300 -0.194916 0.032316 0.0500
483400 -0.214821 0.034873 0.0500
483500 -0.218010 0.034920 0.0500
483600 -0.202114 0.032528 0.0500
483700 -0.177401 0.028238 0.0500
483800 -0.162519 0.025194 0.0500
483900 -0.157573 0.024051 0.0500
484000 -0.168480 0.025996 0.0500
484100 -0.193622 0.030218 0.0500
484200 -0.217778 0.033418 0.0500
484300 -0.223736 0.033857 0.0500
484400 -0.214199 0.032340 0.0500
484500 -0.199142 0.030032 0.0500
484600 -0.181538 0.027165 0.0500
484700 -0.163592 0.024001 0.0500
484800 -0.155818 0.022510 0.0500
484900 -0.159063 0.022922 0.0500
485000 -0.171527 0.024869 0.0500
485100 -0.192569 0.028007 0.0500
485200 -0.213182 0.030749 0.0500
485300 -0.227764 0.032480 0.0500
485400 -0.234039 0.033026 0.0500
485500 -0.227118 0.031807 0.0500
485600 -0.210420 0.029354 0.0500
485700 -0.188175 0.026215 0.0500
485800 -0.172658 0.023887 0.0500
485900 -0.170161 0.023374 0.0500
486000 -0.174380 0.023815 0.0500
486100 -0.191790 0.026019 0.0500
486200 -0.209396 0.028164 0.0500
486300 -0.218543 0.029179 0.0500
486400 -0.219245 0.029038 0.0500
486500 -0.212010 0.027840 0.0500
486600 -0.201509 0.026293 0.0500
486700 -0.193931 0.025179 0.0500
486800 -0.193075 0.024900 0.0500
486900 -0.201125 0.025695 0.0500
487000 -0.215701 0.027369 0.0500
487100 -0.223665 0.028257 0.0500
487200 -0.229980 0.028949 0.0500
487300 -0.231138 0.028887 0.0500
487400 -0.223447 0.027559 0.0500
487500 -0.200623 0.024578 0.0500
487600 -0.173153 0.021603 0.0500
487700 -0.148723 0.018891 0.0500
487800 -0.137182 0.017554 0.0500
487900 -0.142025 0.017981 0.0500
488000 -0.162134 0.020050 0.0500
488100 -0.180985 0.021896 0.0500
488200 -0.189195 0.022613 0.0500
488300 -0.192405 0.022809 0.0500
488400 -0.187099 0.022112 0.0500
488500 -0.181107 0.021374 0.0500
488600 -0.176077 0.020753 0.0500
488700 -0.172678 0.020305 0.0500
488800 -0.171210 0.020049 0.0500
488900 -0.170238 0.019845 0.0500
489000 -0.171480 0.019852 0.0500
489100 -0.180119 0.020569 0.0500
489200 -0.181987 0.020633 0.0500
489300 -0.178115 0.020142 0.0500
489400 -0.172428 0.019499 0.0500
489500 -0.170027 0.019175 0.0500
489600 -0.162244 0.018382 0.0500
489700 -0.161736 0.018243 0.0500
489800 -0.179804 0.019784 0.0500
489900 -0.201198 0.021975 0.0500
490000 -0.217619 0.024094 0.0500
490100 -0.222751 0.024739 0.0500
490200 -0.215983 0.023524 0.0500
490300 -0.207768 0.022238 0.0500
490400 -0.196242 0.020746 0.0500
490500 -0.183187 0.019362 0.0500
490600 -0.163163 0.017654 0.0500
490700 -0.145371 0.016283 0.0500
490800 -0.139925 0.015834 0.0500
490900 -0.148482 0.016356 0.0500
491000 -0.167684 0.017691 0.0500
491100 -0.198374 0.020429 0.0500
491200 -0.222486 0.023663 0.0500
491300 -0.236716 0.026067 0.0500
491400 -0.239600 0.026440 0.0500
491500 -0.232830 0.024960 0.0500
491600 -0.217148 0.022210 0.0500
491700 -0.193144 0.019238 0.0500
491800 -0.165540 0.017022 0.0500
491900 -0.137906 0.015244 0.0500
492000 -0.119318 0.014187 0.0500
492100 -0.115864 0.013971 0.0500
492200 -0.133218 0.014801 0.0500
492300 -0.165981 0.016769 0.0500
492400 -0.208241 0.020539 0.0500
492500 -0.250593 0.027889 0.0500
492600 -0.282309 0.034688 0.0500
492700 -0.288159 0.035564 0.0500
492800 -0.270144 0.031422 0.0500
492900 -0.240683 0.025089 0.0500
493000 -0.211668 0.020402 0.0500
493100 -0.185758 0.017778 0.0500
493200 -0.167349 0.016464 0.0500
493300 -0.163684 0.016172 0.0500
493400 -0.174482 0.016756 0.0500
493500 -0.202972 0.019006 0.0500
493600 -0.241388 0.024643 0.0500
493700 -0.281643 0.033070 0.0500
493800 -0.312006 0.038624 0.0500
493900 -0.322631 0.039768 0.0500
494000 -0.319080 0.038845 0.0500
494100 -0.299023 0.035237 0.0500
494200 -0.275244 0.030405 0.0500
494300 -0.257120 0.026632 0.0500
494400 -0.256912 0.026395 0.0500
494500 -0.277168 0.030109 0.0500
494600 -0.315414 0.036810 0.0500
494700 -0.352803 0.041118 0.0500
494800 -0.376849 0.042791 0.0500
494900 -0.377265 0.042317 0.0500
495000 -0.356740 0.040131 0.0500
495100 -0.326371 0.036792 0.0500
495200 -0.294342 0.032011 0.0500
495300 -0.270483 0.027765 0.0500
495400 -0.252597 0.024578 0.0500
495500 -0.245086 0.023238 0.0500
495600 -0.254357 0.024535 0.0500
495700 -0.277408 0.028221 0.0500
495800 -0.312171 0.033638 0.0500
495900 -0.341216 0.037053 0.0500
496000 -0.349755 0.037591 0.0500
496100 -0.338071 0.035950 0.0500
496200 -0.304131 0.031394 0.0500
496300 -0.266787 0.025627 0.0500
496400 -0.246818 0.022583 0.0500
496500 -0.238988 0.021421 0.0500
496600 -0.246798 0.022306 0.0500
496700 -0.267499 0.025129 0.0500
496800 -0.288566 0.028163 0.0500
496900 -0.311000 0.031278 0.0500
497000 -0.317474 0.031912 0.0500
497100 -0.313680 0.031106 0.0500
497200 -0.294724 0.028178 0.0500
497300 -0.267300 0.024163 0.0500
497400 -0.235793 0.020211 0.0500
497500 -0.210194 0.017875 0.0500
497600 -0.193158 0.016782 0.0500
497700 -0.189786 0.016540 0.0500
497800 -0.206469 0.017382 0.0500
497900 -0.238869 0.020136 0.0500
498000 -0.273728 0.024488 0.0500
498100 -0.308662 0.029435 0.0500
498200 -0.332376 0.032608 0.0500
498300 -0.336102 0.032829 0.0500
498400 -0.320534 0.030381 0.0500
498500 -0.292067 0.026236 0.0500
498600 -0.260793 0.022074 0.0500
498700 -0.239473 0.019618 0.0500
498800 -0.233538 0.018951 0.0500
498900 -0.239658 0.019426 0.0500
499000 -0.251135 0.020513 0.0500
499100 -0.269228 0.022533 0.0500
499200 -0.287239 0.024762 0.0500
499300 -0.298711 0.026194 0.0500
499400 -0.303322 0.026661 0.0500
499500 -0.304526 0.026635 0.0500
499600 -0.306083 0.026660 0.0500
499700 -0.299866 0.025591 0.0500
499800 -0.290485 0.024159 0.0500
499900 -0.279392 0.022626 0.0500
500000 -0.274038 0.021866 0.0500
500100 -0.270402 0.021332 0.0500
500200 -0.276823 0.021919 0.0500
500300 -0.283062 0.022516 0.0500
500400 -0.293792 0.023728 0.0500
500500 -0.304964 0.025113 0.0500
500600 -0.319159 0.027083 0.0500
500700 -0.327736 0.028259 0.0500
500800 -0.335261 0.029289 0.0500
500900 -0.347224 0.031112 0.0500
501000 -0.360109 0.033150 0.0500
501100 -0.359793 0.032787 0.0500
501200 -0.337857 0.028753 0.0500
501300 -0.305449 0.023928 0.0500
501400 -0.272100 0.020301 0.0500
501500 -0.242054 0.017954 0.0500
501600 -0.228462 0.017092 0.0500
501700 -0.226661 0.016921 0.0500
501800 -0.232732 0.017155 0.0500
501900 -0.241521 0.017586 0.0500
502000 -0.259742 0.018780 0.0500
502100 -0.270219 0.019554 0.0500
502200 -0.282143 0.020575 0.0500
502300 -0.293689 0.021704 0.0500
502400 -0.300003 0.022323 0.0500
502500 -0.292018 0.021251 0.0500
502600 -0.278920 0.019794 0.0500
502700 -0.263893 0.018433 0.0500
502800 -0.247668 0.017272 0.0500
502900 -0.236581 0.016612 0.0500
503000 -0.234693 0.016449 0.0500
503100 -0.247124 0.017004 0.0500
503200 -0.279790 0.019395 0.0500
503300 -0.320716 0.024498 0.0500
503400 -0.362372 0.031891 0.0500
503500 -0.403310 0.039864 0.0500
503600 -0.426827 0.042981 0.0500
503700 -0.412244 0.040496 0.0500
503800 -0.371441 0.032658 0.0500
503900 -0.325733 0.024631 0.0500
504000 -0.280929 0.019115 0.0500
504100 -0.242333 0.016453 0.0500
504200 -0.216392 0.015494 0.0500
504300 -0.201626 0.015171 0.0500
504400 -0.203446 0.015131 0.0500
504500 -0.229879 0.015696 0.0500
504600 -0.275529 0.018337 0.0500
504700 -0.329567 0.024826 0.0500
504800 -0.382025 0.034036 0.0500
504900 -0.419083 0.040396 0.0500
505000 -0.425102 0.040773 0.0500
505100 -0.406424 0.037506 0.0500
505200 -0.371438 0.031009 0.0500
505300 -0.328688 0.024069 0.0500
505400 -0.293345 0.019640 0.0500
505500 -0.280526 0.018359 0.0500
505600 -0.290056 0.019115 0.0500
505700 -0.316456 0.021975 0.0500
505800 -0.349731 0.026692 0.0500
505900 -0.383524 0.032362 0.0500
506000 -0.408555 0.036644 0.0500
506100 -0.429737 0.039553 0.0500
506200 -0.440449 0.040353 0.0500
506300 -0.432551 0.039035 0.0500
506400 -0.409456 0.035374 0.0500
506500 -0.386144 0.031305 0.0500
506600 -0.366922 0.028099 0.0500
506700 -0.356223 0.026359 0.0500
506800 -0.351711 0.025551 0.0500
506900 -0.352401 0.025462 0.0500
507000 -0.360577 0.026398 0.0500
507100 -0.365589 0.026912 0.0500
507200 -0.362300 0.026247 0.0500
507300 -0.346044 0.023943 0.0500
507400 -0.325196 0.021444 0.0500
507500 -0.304458 0.019366 0.0500
507600 -0.287416 0.017956 0.0500
507700 -0.277739 0.017246 0.0500
507800 -0.275372 0.017025 0.0500
507900 -0.289143 0.017820 0.0500
508000 -0.310258 0.019440 0.0500
508100 -0.330541 0.021400 0.0500
508200 -0.346694 0.023209 0.0500
508300 -0.361524 0.025084 0.0500
508400 -0.369645 0.026129 0.0500
508500 -0.363471 0.025011 0.0500
508600 -0.343048 0.022169 0.0500
508700 -0.309542 0.018758 0.0500
508800 -0.274803 0.016489 0.0500
508900 -0.243484 0.015301 0.0500
509000 -0.219413 0.014806 0.0500
509100 -0.203230 0.014646 0.0500
509200 -0.201458 0.014582 0.0500
509300 -0.213634 0.014577 0.0500
509400 -0.240862 0.014970 0.0500
509500 -0.272684 0.016082 0.0500
509600 -0.304856 0.018042 0.0500
509700 -0.337299 0.021069 0.0500
509800 -0.369273 0.025272 0.0500
509900 -0.395607 0.029753 0.0500
510000 -0.413466 0.032976 0.0500
510100 -0.420063 0.033918 0.0500
510200 -0.412153 0.032119 0.0500
510300 -0.385112 0.026933 0.0500
510400 -0.353270 0.022214 0.0500
510500 -0.317915 0.018612 0.0500
510600 -0.299125 0.017168 0.0500
510700 -0.299100 0.017084 0.0500
510800 -0.315931 0.018193 0.0500
510900 -0.336518 0.019935 0.0500
511000 -0.352474 0.021575 0.0500
511100 -0.367555 0.023427 0.0500
511200 -0.375823 0.024514 0.0500
511300 -0.382528 0.025434 0.0500
511400 -0.388518 0.026286 0.0500
511500 -0.388818 0.026146 0.0500
511600 -0.385353 0.025359 0.0500
511700 -0.374212 0.023432 0.0500
511800 -0.364015 0.021905 0.0500
511900 -0.351528 0.020358 0.0500
512000 -0.334991 0.018746 0.0500
512100 -0.318481 0.017477 0.0500
512200 -0.307219 0.016741 0.0500
512300 -0.299384 0.016273 0.0500
512400 -0.300128 0.016234 0.0500
512500 -0.313471 0.016862 0.0500
512600 -0.341008 0.018795 0.0500
512700 -0.380444 0.023595 0.0500
512800 -0.425900 0.032437 0.0500
512900 -0.458848 0.037886 0.0500
513000 -0.461544 0.037841 0.0500
513100 -0.437306 0.033741 0.0500
513200 -0.400861 0.026502 0.0500
513300 -0.368735 0.021286 0.0500
513400 -0.351788 0.019300 0.0500
513500 -0.349500 0.018983 0.0500
513600 -0.364505 0.020436 0.0500
513700 -0.398881 0.025529 0.0500
513800 -0.443010 0.033868 0.0500
513900 -0.474409 0.038126 0.0500
514000 -0.477320 0.038072 0.0500
514100 -0.449273 0.033967 0.0500
514200 -0.403591 0.025690 0.0500
514300 -0.363815 0.019889 0.0500
514400 -0.337897 0.017595 0.0500
514500 -0.332659 0.017176 0.0500
514600 -0.346309 0.018028 0.0500
514700 -0.368130 0.019997 0.0500
514800 -0.404973 0.025378 0.0500
514900 -0.441383 0.031881 0.0500
515000 -0.458370 0.034289 0.0500
515100 -0.447215 0.032265 0.0500
515200 -0.418003 0.026987 0.0500
515300 -0.391793 0.022494 0.0500
515400 -0.372731 0.019917 0.0500
515500 -0.366796 0.019191 0.0500
515600 -0.374045 0.019846 0.0500
515700 -0.392092 0.022061 0.0500
515800 -0.415780 0.025817 0.0500
515900 -0.447120 0.031193 0.0500
516000 -0.468248 0.034252 0.0500
516100 -0.473146 0.034648 0.0500
516200 -0.460510 0.032459 0.0500
516300 -0.431065 0.027542 0.0500
516400 -0.392127 0.021366 0.0500
516500 -0.366030 0.018455 0.0500
516600 -0.360558 0.017927 0.0500
516700 -0.382134 0.019841 0.0500
516800 -0.417604 0.024758 0.0500
516900 -0.463598 0.032111 0.0500
517000 -0.508588 0.039337 0.0500
517100 -0.544693 0.047776 0.0500
517200 -0.566100 0.053567 0.0500
517300 -0.561071 0.051274 0.0500
517400 -0.530984 0.042420 0.0500
517500 -0.495111 0.035407 0.0500
517600 -0.466103 0.031275 0.0500
517700 -0.443976 0.028042 0.0500
517800 -0.430841 0.025927 0.0500
517900 -0.427937 0.025316 0.0500
518000 -0.438599 0.026679 0.0500
518100 -0.465227 0.030137 0.0500
518200 -0.499131 0.034693 0.0500
518300 -0.517411 0.037692 0.0500
518400 -0.527849 0.039600 0.0500
518500 -0.530526 0.039804 0.0500
518600 -0.528914 0.038980 0.0500
518700 -0.525909 0.037874 0.0500
518800 -0.513515 0.035029 0.0500
518900 -0.492665 0.031661 0.0500
519000 -0.465261 0.028507 0.0500
519100 -0.428514 0.024287 0.0500
519200 -0.401297 0.020901 0.0500
519300 -0.396634 0.020274 0.0500
519400 -0.416989 0.022491 0.0500
519500 -0.440795 0.025206 0.0500
519600 -0.467447 0.027949 0.0500
519700 -0.486060 0.029788 0.0500
519800 -0.493890 0.030522 0.0500
519900 -0.491540 0.029959 0.0500
520000 -0.473317 0.027689 0.0500
520100 -0.442730 0.024522 0.0500
520200 -0.407827 0.020754 0.0500
520300 -0.386064 0.018653 0.0500
520400 -0.384469 0.018431 0.0500
520500 -0.395441 0.019253 0.0500
520600 -0.417614 0.021353 0.0500
520700 -0.448048 0.024459 0.0500
520800 -0.472107 0.026770 0.0500
520900 -0.482643 0.027749 0.0500
521000 -0.482123 0.027474 0.0500
521100 -0.473063 0.026271 0.0500
521200 -0.456061 0.024430 0.0500
521300 -0.436496 0.022457 0.0500
521400 -0.418542 0.020655 0.0500
521500 -0.416220 0.020325 0.0500
521600 -0.426009 0.021104 0.0500
521700 -0.441079 0.022382 0.0500
521800 -0.456568 0.023708 0.0500
521900 -0.470024 0.024911 0.0500
522000 -0.478698 0.025712 0.0500
522100 -0.486699 0.026534 0.0500
522200 -0.491639 0.027026 0.0500
522300 -0.483419 0.025721 0.0500
522400 -0.468433 0.023901 0.0500
522500 -0.454702 0.022515 0.0500
522600 -0.442081 0.021365 0.0500
522700 -0.437253 0.020868 0.0500
522800 -0.440386 0.020984 0.0500
522900 -0.446926 0.021367 0.0500
523000 -0.456749 0.022043 0.0500
523100 -0.462259 0.022393 0.0500
523200 -0.464954 0.022503 0.0500
523300 -0.470723 0.022929 0.0500
523400 -0.477113 0.023478 0.0500
523500 -0.477716 0.023394 0.0500
523600 -0.475832 0.023028 0.0500
523700 -0.468643 0.022142 0.0500
523800 -0.458911 0.021162 0.0500
523900 -0.446382 0.020141 0.0500
524000 -0.438712 0.019552 0.0500
524100 -0.428309 0.018856 0.0500
524200 -0.416888 0.018166 0.0500
524300 -0.401055 0.017344 0.0500
524400 -0.391277 0.016871 0.0500
524500 -0.395309 0.016945 0.0500
524600 -0.413429 0.017667 0.0500
524700 -0.432045 0.018578 0.0500
524800 -0.448597 0.019552 0.0500
524900 -0.464639 0.020769 0.0500
525000 -0.474240 0.021651 0.0500
525100 -0.480462 0.022281 0.0500
525200 -0.483226 0.022511 0.0500
525300 -0.483178 0.022364 0.0500
525400 -0.476674 0.021403 0.0500
525500 -0.466288 0.020199 0.0500
525600 -0.453960 0.019105 0.0500
525700 -0.438684 0.018100 0.0500
525800 -0.425938 0.017424 0.0500
525900 -0.418151 0.017033 0.0500
526000 -0.411512 0.016718 0.0500
526100 -0.410244 0.016598 0.0500
526200 -0.421190 0.016912 0.0500
526300 -0.437398 0.017558 0.0500
526400 -0.452367 0.018372 0.0500
526500 -0.462773 0.019101 0.0500
526600 -0.467641 0.019456 0.0500
526700 -0.471641 0.019766 0.0500
526800 -0.473189 0.019828 0.0500
526900 -0.468684 0.019241 0.0500
527000 -0.463548 0.018660 0.0500
527100 -0.457049 0.018045 0.0500
527200 -0.445138 0.017215 0.0500
527300 -0.429522 0.016465 0.0500
527400 -0.408952 0.015840 0.0500
527500 -0.391527 0.015498 0.0500
527600 -0.386278 0.015377 0.0500
527700 -0.389860 0.015347 0.0500
527800 -0.404447 0.015493 0.0500
527900 -0.426199 0.015990 0.0500
528000 -0.447748 0.016912 0.0500
528100 -0.459947 0.017701 0.0500
528200 -0.468468 0.018405 0.0500
528300 -0.468111 0.018274 0.0500
528400 -0.459660 0.017413 0.0500
528500 -0.442231 0.016226 0.0500
528600 -0.418988 0.015362 0.0500
528700 -0.392245 0.014945 0.0500
528800 -0.366797 0.014889 0.0500
528900 -0.354251 0.014890 0.0500
529000 -0.354880 0.014825 0.0500
529100 -0.359880 0.014738 0.0500
529200 -0.368769 0.014642 0.0500
529300 -0.387385 0.014600 0.0500
529400 -0.402250 0.014688 0.0500
529500 -0.417665 0.014937 0.0500
529600 -0.434860 0.015463 0.0500
529700 -0.456558 0.016690 0.0500
529800 -0.484046 0.019746 0.0500
529900 -0.513951 0.026016 0.0500
530000 -0.546083 0.036899 0.0500
530100 -0.569420 0.046376 0.0500
530200 -0.579071 0.049682 0.0500
530300 -0.571217 0.045891 0.0500
530400 -0.559608 0.040601 0.0500
530500 -0.545647 0.034751 0.0500
530600 -0.524790 0.027599 0.0500
530700 -0.510647 0.023771 0.0500
530800 -0.505102 0.022420 0.0500
530900 -0.514997 0.024483 0.0500
531000 -0.539225 0.031378 0.0500
531100 -0.570293 0.043100 0.0500
531200 -0.596991 0.052257 0.0500
531300 -0.603044 0.053007 0.0500
531400 -0.585010 0.046998 0.0500
531500 -0.570367 0.041057 0.0500
531600 -0.567435 0.039502 0.0500
531700 -0.582971 0.044699 0.0500
531800 -0.606330 0.050800 0.0500
531900 -0.624474 0.052055 0.0500
532000 -0.621403 0.051208 0.0500
532100 -0.599270 0.047251 0.0500
532200 -0.580828 0.041487 0.0500
532300 -0.570537 0.037776 0.0500
532400 -0.571042 0.037538 0.0500
532500 -0.579502 0.039765 0.0500
532600 -0.591743 0.042899 0.0500
532700 -0.603160 0.045206 0.0500
532800 -0.608182 0.045639 0.0500
532900 -0.611091 0.045558 0.0500
533000 -0.608439 0.044536 0.0500
533100 -0.593724 0.040884 0.0500
533200 -0.579193 0.036744 0.0500
533300 -0.566334 0.033047 0.0500
533400 -0.565045 0.032419 0.0500
533500 -0.576017 0.034913 0.0500
533600 -0.590273 0.038197 0.0500
533700 -0.598547 0.039757 0.0500
533800 -0.598823 0.039379 0.0500
533900 -0.588092 0.036456 0.0500
534000 -0.577117 0.033474 0.0500
534100 -0.562307 0.029817 0.0500
534200 -0.558746 0.028819 0.0500
534300 -0.562226 0.029315 0.0500
534400 -0.579571 0.032973 0.0500
534500 -0.600936 0.037694 0.0500
534600 -0.619194 0.040833 0.0500
534700 -0.620625 0.040583 0.0500
534800 -0.606797 0.037723 0.0500
534900 -0.587716 0.033294 0.0500
535000 -0.569309 0.029178 0.0500
535100 -0.546071 0.024909 0.0500
535200 -0.530041 0.022449 0.0500
535300 -0.527950 0.022036 0.0500
535400 -0.538933 0.023389 0.0500
535500 -0.560442 0.026679 0.0500
535600 -0.583347 0.031068 0.0500
535700 -0.605242 0.035638 0.0500
535800 -0.616739 0.037556 0.0500
535900 -0.609474 0.035788 0.0500
536000 -0.585910 0.030527 0.0500
536100 -0.562560 0.025944 0.0500
536200 -0.549115 0.023746 0.0500
536300 -0.547674 0.023394 0.0500
536400 -0.557748 0.024677 0.0500
536500 -0.575368 0.027502 0.0500
536600 -0.594991 0.031310 0.0500
536700 -0.615764 0.035411 0.0500
536800 -0.638232 0.038431 0.0500
536900 -0.644890 0.038546 0.0500
537000 -0.621391 0.035389 0.0500
537100 -0.583315 0.027857 0.0500
537200 -0.537320 0.021306 0.0500
537300 -0.497044 0.017772 0.0500
537400 -0.474816 0.016310 0.0500
537500 -0.473006 0.016143 0.0500
537600 -0.496014 0.017467 0.0500
537700 -0.540395 0.021272 0.0500
537800 -0.590845 0.028777 0.0500
537900 -0.629028 0.035696 0.0500
538000 -0.643343 0.036965 0.0500
538100 -0.628819 0.034963 0.0500
538200 -0.587536 0.027369 0.0500
538300 -0.537493 0.020550 0.0500
538400 -0.502021 0.017582 0.0500
538500 -0.474600 0.015909 0.0500
538600 -0.461331 0.015298 0.0500
538700 -0.462594 0.015278 0.0500
538800 -0.478117 0.015878 0.0500
538900 -0.500436 0.017142 0.0500
539000 -0.530817 0.019503 0.0500
539100 -0.556750 0.022167 0.0500
539200 -0.572624 0.024244 0.0500
539300 -0.578456 0.025011 0.0500
539400 -0.585178 0.025985 0.0500
539500 -0.590969 0.026842 0.0500
539600 -0.591661 0.026768 0.0500
539700 -0.584733 0.025339 0.0500
539800 -0.569492 0.022815 0.0500
539900 -0.550914 0.020489 0.0500
540000 -0.537547 0.019167 0.0500
540100 -0.533207 0.018722 0.0500
540200 -0.528074 0.018244 0.0500
540300 -0.521908 0.017725 0.0500
540400 -0.511861 0.017005 0.0500
540500 -0.500968 0.016316 0.0500
540600 -0.498690 0.016125 0.0500
540700 -0.502515 0.016250 0.0500
540800 -0.515612 0.016930 0.0500
540900 -0.538507 0.018513 0.0500
541000 -0.563054 0.021004 0.0500
541100 -0.591590 0.025512 0.0500
541200 -0.611238 0.029315 0.0500
541300 -0.616760 0.030192 0.0500
541400 -0.606409 0.027855 0.0500
541500 -0.583379 0.023332 0.0500
541600 -0.550179 0.018981 0.0500
541700 -0.514913 0.016457 0.0500
541800 -0.485816 0.015127 0.0500
541900 -0.463491 0.014484 0.0500
542000 -0.453131 0.014266 0.0500
542100 -0.455719 0.014243 0.0500
542200 -0.472559 0.014512 0.0500
542300 -0.498844 0.015372 0.0500
542400 -0.519632 0.016382 0.0500
542500 -0.533781 0.017232 0.0500
542600 -0.536696 0.017364 0.0500
542700 -0.530952 0.016868 0.0500
542800 -0.520986 0.016161 0.0500
542900 -0.511153 0.015561 0.0500
543000 -0.504862 0.015199 0.0500
543100 -0.502265 0.015023 0.0500
543200 -0.510427 0.015329 0.0500
543300 -0.526180 0.016144 0.0500
543400 -0.546842 0.017667 0.0500
543500 -0.564338 0.019511 0.0500
543600 -0.568739 0.019997 0.0500
543700 -0.560560 0.018830 0.0500
543800 -0.551602 0.017761 0.0500
543900 -0.552270 0.017739 0.0500
544000 -0.554365 0.017864 0.0500
544100 -0.547776 0.017142 0.0500
544200 -0.535238 0.016087 0.0500
544300 -0.525250 0.015415 0.0500
544400 -0.526753 0.015431 0.0500
544500 -0.535380 0.015889 0.0500
544600 -0.538364 0.016026 0.0500
544700 -0.529026 0.015357 0.0500
544800 -0.511682 0.014490 0.0500
544900 -0.495616 0.013959 0.0500
545000 -0.484124 0.013697 0.0500
545100 -0.472261 0.013530 0.0500
545200 -0.460057 0.013452 0.0500
545300 -0.456641 0.013408 0.0500
545400 -0.461805 0.013350 0.0500
545500 -0.479686 0.013400 0.0500
545600 -0.502651 0.013835 0.0500
545700 -0.527490 0.014875 0.0500
545800 -0.549171 0.016467 0.0500
545900 -0.568105 0.018648 0.0500
546000 -0.580838 0.020602 0.0500
546100 -0.589086 0.022042 0.0500
546200 -0.595189 0.023160 0.0500
546300 -0.587195 0.021399 0.0500
546400 -0.574359 0.019051 0.0500
546500 -0.560989 0.017149 0.0500
546600 -0.549435 0.015896 0.0500
546700 -0.538441 0.014988 0.0500
546800 -0.528289 0.014343 0.0500
546900 -0.515899 0.013768 0.0500
547000 -0.508700 0.013493 0.0500
547100 -0.495036 0.013154 0.0500
547200 -0.481797 0.012972 0.0500
547300 -0.472529 0.012908 0.0500
547400 -0.468991 0.012869 0.0500
547500 -0.477917 0.012819 0.0500
547600 -0.494823 0.012929 0.0500
547700 -0.515258 0.013410 0.0500
547800 -0.535164 0.014333 0.0500
547900 -0.547210 0.015172 0.0500
548000 -0.550566 0.015410 0.0500
548100 -0.554197 0.015698 0.0500
548200 -0.567810 0.017260 0.0500
548300 -0.582422 0.019524 0.0500
548400 -0.602027 0.023503 0.0500
548500 -0.625738 0.028918 0.0500
548600 -0.645047 0.032452 0.0500
548700 -0.655253 0.033525 0.0500
548800 -0.654373 0.033114 0.0500
548900 -0.650211 0.032305 0.0500
549000 -0.630273 0.028698 0.0500
549100 -0.606697 0.023490 0.0500
549200 -0.596430 0.021236 0.0500
549300 -0.606963 0.023257 0.0500
549400 -0.638480 0.029549 0.0500
549500 -0.679851 0.033513 0.0500
549600 -0.698038 0.033344 0.0500
549700 -0.676851 0.032820 0.0500
549800 -0.625782 0.026508 0.0500
549900 -0.580814 0.018022 0.0500
550000 -0.551660 0.014722 0.0500
550100 -0.521613 0.013108 0.0500
550200 -0.499545 0.012596 0.0500
550300 -0.482607 0.012463 0.0500
550400 -0.477963 0.012431 0.0500
550500 -0.488285 0.012384 0.0500
550600 -0.507566 0.012555 0.0500
550700 -0.530696 0.013225 0.0500
550800 -0.555047 0.014724 0.0500
550900 -0.578009 0.017260 0.0500
551000 -0.599671 0.020805 0.0500
551100 -0.611866 0.023091 0.0500
551200 -0.617735 0.024129 0.0500
551300 -0.614567 0.023330 0.0500
551400 -0.601306 0.020601 0.0500
551500 -0.582308 0.017337 0.0500
551600 -0.556972 0.014442 0.0500
551700 -0.528308 0.012801 0.0500
551800 -0.509881 0.012307 0.0500
551900 -0.491438 0.012116 0.0500
552000 -0.474844 0.012156 0.0500
552100 -0.466102 0.012227 0.0500
552200 -0.464632 0.012208 0.0500
552300 -0.468435 0.012110 0.0500
552400 -0.475601 0.011986 0.0500
552500 -0.489695 0.011887 0.0500
552600 -0.505069 0.011963 0.0500
552700 -0.520089 0.012236 0.0500
552800 -0.529882 0.012523 0.0500
552900 -0.544456 0.013202 0.0500
553000 -0.575649 0.016047 0.0500
553100 -0.608971 0.021595 0.0500
553200 -0.638883 0.027345 0.0500
553300 -0.649167 0.028796 0.0500
553400 -0.634367 0.026122 0.0500
553500 -0.614300 0.022093 0.0500
553600 -0.594305 0.018334 0.0500
553700 -0.572637 0.015247 0.0500
553800 -0.552253 0.013378 0.0500
553900 -0.542023 0.012731 0.0500
554000 -0.543572 0.012765 0.0500
554100 -0.552737 0.013267 0.0500
554200 -0.556065 0.013455 0.0500
554300 -0.554525 0.013292 0.0500
554400 -0.554684 0.013254 0.0500
554500 -0.556688 0.013351 0.0500
554600 -0.561631 0.013697 0.0500
554700 -0.559485 0.013467 0.0500
554800 -0.546852 0.012572 0.0500
554900 -0.523402 0.011670 0.0500
555000 -0.494891 0.011409 0.0500
555100 -0.467784 0.011731 0.0500
555200 -0.446094 0.012250 0.0500
555300 -0.422916 0.012874 0.0500
555400 -0.401988 0.013362 0.0500
555500 -0.396259 0.013443 0.0500
555600 -0.406441 0.013158 0.0500
555700 -0.426130 0.012613 0.0500
555800 -0.445911 0.012043 0.0500
555900 -0.464078 0.011580 0.0500
556000 -0.475802 0.011348 0.0500
556100 -0.481912 0.011242 0.0500
556200 -0.477958 0.011249 0.0500
556300 -0.471741 0.011300 0.0500
556400 -0.464713 0.011390 0.0500
556500 -0.455141 0.011567 0.0500
556600 -0.446094 0.011765 0.0500
556700 -0.437160 0.011979 0.0500
556800 -0.423397 0.012346 0.0500
556900 -0.413228 0.012602 0.0500
557000 -0.410035 0.012649 0.0500
557100 -0.416902 0.012407 0.0500
557200 -0.434737 0.011855 0.0500
557300 -0.448571 0.011455 0.0500
557400 -0.451609 0.011347 0.0500
557500 -0.455228 0.011232 0.0500
557600 -0.454889 0.011204 0.0500
557700 -0.446977 0.011350 0.0500
557800 -0.432792 0.011697 0.0500
557900 -0.418450 0.012088 0.0500
558000 -0.417210 0.012085 0.0500
558100 -0.428626 0.011702 0.0500
558200 -0.439006 0.011377 0.0500
558300 -0.446516 0.011156 0.0500
558400 -0.446230 0.011128 0.0500
558500 -0.442662 0.011178 0.0500
558600 -0.440190 0.011206 0.0500
558700 -0.444913 0.011055 0.0500
558800 -0.455307 0.010806 0.0500
558900 -0.471882 0.010570 0.0500
559000 -0.492193 0.010556 0.0500
559100 -0.514409 0.010888 0.0500
559200 -0.541622 0.011893 0.0500
559300 -0.571415 0.014277 0.0500
559400 -0.605888 0.019580 0.0500
559500 -0.641017 0.026399 0.0500
559600 -0.660888 0.029209 0.0500
559700 -0.649828 0.027456 0.0500
559800 -0.616386 0.021165 0.0500
559900 -0.579615 0.014963 0.0500
560000 -0.558423 0.012761 0.0500
560100 -0.555875 0.012524 0.0500
560200 -0.570825 0.013795 0.0500
560300 -0.605016 0.018695 0.0500
560400 -0.644337 0.026019 0.0500
560500 -0.669926 0.029315 0.0500
560600 -0.672276 0.029304 0.0500
560700 -0.658767 0.027572 0.0500
560800 -0.634266 0.023577 0.0500
560900 -0.609134 0.018900 0.0500
561000 -0.590539 0.015848 0.0500
561100 -0.584571 0.014980 0.0500
561200 -0.581890 0.014587 0.0500
561300 -0.583049 0.014668 0.0500
561400 -0.583582 0.014674 0.0500
561500 -0.580991 0.014304 0.0500
561600 -0.578129 0.013924 0.0500
561700 -0.576946 0.013742 0.0500
561800 -0.578352 0.013841 0.0500
561900 -0.582800 0.014294 0.0500
562000 -0.599524 0.016555 0.0500
562100 -0.623914 0.020764 0.0500
562200 -0.641449 0.023844 0.0500
562300 -0.649043 0.024957 0.0500
562400 -0.645238 0.024163 0.0500
562500 -0.629578 0.021279 0.0500
562600 -0.617634 0.019037 0.0500
562700 -0.615676 0.018599 0.0500
562800 -0.625156 0.020155 0.0500
562900 -0.638735 0.022427 0.0500
563000 -0.648387 0.023899 0.0500
563100 -0.649755 0.023957 0.0500
563200 -0.637500 0.021788 0.0500
563300 -0.617173 0.018244 0.0500
563400 -0.598245 0.015340 0.0500
563500 -0.583396 0.013544 0.0500
563600 -0.567553 0.012159 0.0500
563700 -0.560616 0.011688 0.0500
563800 -0.559537 0.011591 0.0500
563900 -0.568470 0.012104 0.0500
564000 -0.583012 0.013289 0.0500
564100 -0.607585 0.016327 0.0500
564200 -0.634438 0.020691 0.0500
564300 -0.649960 0.023186 0.0500
564400 -0.641280 0.021604 0.0500
564500 -0.612955 0.016818 0.0500
564600 -0.581180 0.012847 0.0500
564700 -0.553406 0.011051 0.0500
564800 -0.534882 0.010487 0.0500
564900 -0.518827 0.010239 0.0500
565000 -0.504830 0.010135 0.0500
565100 -0.494612 0.010107 0.0500
565200 -0.495291 0.010077 0.0500
565300 -0.503442 0.010047 0.0500
565400 -0.518176 0.010098 0.0500
565500 -0.537938 0.010377 0.0500
565600 -0.560927 0.011194 0.0500
565700 -0.586392 0.013118 0.0500
565800 -0.612006 0.016376 0.0500
565900 -0.635311 0.020146 0.0500
566000 -0.652685 0.022953 0.0500
566100 -0.654442 0.023087 0.0500
566200 -0.638108 0.020261 0.0500
566300 -0.614959 0.016428 0.0500
566400 -0.587705 0.012939 0.0500
566500 -0.570335 0.011490 0.0500
566600 -0.564955 0.011136 0.0500
566700 -0.568070 0.011278 0.0500
566800 -0.578768 0.011985 0.0500
566900 -0.591667 0.013144 0.0500
567000 -0.610094 0.015396 0.0500
567100 -0.630712 0.018551 0.0500
567200 -0.645896 0.021008 0.0500
567300 -0.651048 0.021741 0.0500
567400 -0.646932 0.020931 0.0500
567500 -0.642411 0.020063 0.0500
567600 -0.626768 0.017426 0.0500
567700 -0.606065 0.014396 0.0500
567800 -0.583391 0.011992 0.0500
567900 -0.571425 0.011124 0.0500
568000 -0.566942 0.010847 0.0500
568100 -0.570192 0.010986 0.0500
568200 -0.578593 0.011483 0.0500
568300 -0.587968 0.012198 0.0500
568400 -0.604058 0.013861 0.0500
568500 -0.621481 0.016201 0.0500
568600 -0.634023 0.018107 0.0500
568700 -0.638412 0.018736 0.0500
568800 -0.642006 0.019233 0.0500
568900 -0.653789 0.021087 0.0500
569000 -0.666670 0.023048 0.0500
569100 -0.661965 0.022155 0.0500
569200 -0.641770 0.018767 0.0500
569300 -0.624444 0.016023 0.0500
569400 -0.617568 0.014997 0.0500
569500 -0.627262 0.016293 0.0500
569600 -0.650716 0.019878 0.0500
569700 -0.682459 0.024736 0.0500
569800 -0.712162 0.028184 0.0500
569900 -0.718858 0.028564 0.0500
570000 -0.693128 0.025655 0.0500
570100 -0.655613 0.020168 0.0500
570200 -0.625378 0.015643 0.0500
570300 -0.612448 0.013947 0.0500
570400 -0.617812 0.014538 0.0500
570500 -0.630648 0.016174 0.0500
570600 -0.646563 0.018416 0.0500
570700 -0.657754 0.020014 0.0500
570800 -0.659697 0.020196 0.0500
570900 -0.651225 0.018813 0.0500
571000 -0.634543 0.016320 0.0500
571100 -0.623736 0.014832 0.0500
571200 -0.627438 0.015238 0.0500
571300 -0.637199 0.016477 0.0500
571400 -0.652183 0.018557 0.0500
571500 -0.662228 0.019966 0.0500
571600 -0.664019 0.020124 0.0500
571700 -0.658893 0.019247 0.0500
571800 -0.653563 0.018363 0.0500
571900 -0.647421 0.017394 0.0500
572000 -0.637718 0.015996 0.0500
572100 -0.625948 0.014468 0.0500
572200 -0.613322 0.013050 0.0500
572300 -0.605354 0.012266 0.0500
572400 -0.608516 0.012504 0.0500
572500 -0.612874 0.012870 0.0500
572600 -0.617194 0.013256 0.0500
572700 -0.616417 0.013128 0.0500
572800 -0.616177 0.013055 0.0500
572900 -0.623377 0.013772 0.0500
573000 -0.638683 0.015582 0.0500
573100 -0.659238 0.018432 0.0500
573200 -0.666152 0.019390 0.0500
573300 -0.663657 0.018904 0.0500
573400 -0.654802 0.017494 0.0500
573500 -0.645580 0.016125 0.0500
573600 -0.629795 0.014097 0.0500
573700 -0.610435 0.012123 0.0500
573800 -0.598892 0.011210 0.0500
573900 -0.598015 0.011118 0.0500
574000 -0.606800 0.011713 0.0500
574100 -0.624487 0.013303 0.0500
574200 -0.648380 0.016177 0.0500
574300 -0.659668 0.017727 0.0500
574400 -0.648598 0.016056 0.0500
574500 -0.630584 0.013748 0.0500
574600 -0.617137 0.012340 0.0500
574700 -0.603507 0.011214 0.0500
574800 -0.585867 0.010202 0.0500
574900 -0.561780 0.009525 0.0500
575000 -0.534767 0.009415 0.0500
575100 -0.520154 0.009481 0.0500
575200 -0.512978 0.009516 0.0500
575300 -0.517388 0.009453 0.0500
575400 -0.525657 0.009367 0.0500
575500 -0.532818 0.009304 0.0500
575600 -0.539880 0.009260 0.0500
575700 -0.545772 0.009238 0.0500
575800 -0.558244 0.009296 0.0500
575900 -0.584401 0.009952 0.0500
576000 -0.607067 0.011265 0.0500
576100 -0.615274 0.011909 0.0500
576200 -0.612524 0.011631 0.0500
576300 -0.607839 0.011215 0.0500
576400 -0.611478 0.011470 0.0500
576500 -0.629170 0.013141 0.0500
576600 -0.656566 0.016681 0.0500
576700 -0.676343 0.019739 0.0500
576800 -0.688979 0.021725 0.0500
576900 -0.694818 0.022547 0.0500
577000 -0.696951 0.022747 0.0500
577100 -0.698806 0.022896 0.0500
577200 -0.700910 0.023077 0.0500
577300 -0.708322 0.024044 0.0500
577400 -0.719844 0.025486 0.0500
577500 -0.733867 0.026999 0.0500
577600 -0.742092 0.027656 0.0500
577700 -0.739900 0.027224 0.0500
577800 -0.723687 0.025240 0.0500
577900 -0.708992 0.023205 0.0500
578000 -0.703921 0.022372 0.0500
578100 -0.714451 0.023622 0.0500
578200 -0.732238 0.025587 0.0500
578300 -0.750729 0.027318 0.0500
578400 -0.757951 0.027804 0.0500
578500 -0.758233 0.027616 0.0500
578600 -0.757554 0.027340 0.0500
578700 -0.756098 0.026996 0.0500
578800 -0.743362 0.025616 0.0500
578900 -0.731212 0.024281 0.0500
579000 -0.718500 0.022836 0.0500
579100 -0.708735 0.021644 0.0500
579200 -0.702140 0.020779 0.0500
579300 -0.701658 0.020604 0.0500
579400 -0.708823 0.021277 0.0500
579500 -0.723493 0.022697 0.0500
579600 -0.747626 0.024965 0.0500
579700 -0.768518 0.026956 0.0500
579800 -0.784997 0.028648 0.0500
579900 -0.797687 0.029998 0.0500
580000 -0.807231 0.030973 0.0500
580100 -0.810265 0.031095 0.0500
580200 -0.807473 0.030471 0.0500
580300 -0.798226 0.029070 0.0500
580400 -0.783566 0.027176 0.0500
580500 -0.764892 0.025192 0.0500
580600 -0.753074 0.024053 0.0500
580700 -0.745645 0.023328 0.0500
580800 -0.747416 0.023308 0.0500
580900 -0.753731 0.023636 0.0500
581000 -0.759553 0.023943 0.0500
581100 -0.764185 0.024171 0.0500
581200 -0.770799 0.024601 0.0500
581300 -0.779227 0.025272 0.0500
581400 -0.790613 0.026391 0.0500
581500 -0.791876 0.026352 0.0500
581600 -0.780617 0.024880 0.0500
581700 -0.757795 0.022763 0.0500
581800 -0.732169 0.021090 0.0500
581900 -0.715596 0.019999 0.0500
582000 -0.713504 0.019756 0.0500
582100 -0.720149 0.020055 0.0500
582200 -0.737294 0.020929 0.0500
582300 -0.758936 0.022203 0.0500
582400 -0.783010 0.024334 0.0500
582500 -0.799965 0.026372 0.0500
582600 -0.804030 0.026770 0.0500
582700 -0.795168 0.025324 0.0500
582800 -0.779030 0.023256 0.0500
582900 -0.756649 0.021316 0.0500
583000 -0.735274 0.020094 0.0500
583100 -0.715964 0.019104 0.0500
583200 -0.709517 0.018676 0.0500
583300 -0.712851 0.018750 0.0500
583400 -0.723061 0.019140 0.0500
583500 -0.739565 0.019802 0.0500
583600 -0.758403 0.020778 0.0500
583700 -0.772645 0.021818 0.0500
583800 -0.779970 0.022433 0.0500
583900 -0.785582 0.022940 0.0500
584000 -0.790738 0.023445 0.0500
584100 -0.788571 0.023013 0.0500
584200 -0.790582 0.023122 0.0500
584300 -0.799307 0.024185 0.0500
584400 -0.811602 0.025971 0.0500
584500 -0.818660 0.026992 0.0500
584600 -0.820865 0.027173 0.0500
584700 -0.824758 0.027647 0.0500
584800 -0.828547 0.028096 0.0500
584900 -0.839729 0.029797 0.0500
585000 -0.848124 0.030901 0.0500
585100 -0.848136 0.030637 0.0500
585200 -0.838861 0.028912 0.0500
585300 -0.827034 0.026753 0.0500
585400 -0.820196 0.025469 0.0500
585500 -0.822305 0.025617 0.0500
585600 -0.829789 0.026622 0.0500
585700 -0.831744 0.026738 0.0500
585800 -0.831773 0.026543 0.0500
585900 -0.834637 0.026803 0.0500
586000 -0.837609 0.027075 0.0500
586100 -0.852121 0.029136 0.0500
586200 -0.858321 0.029806 0.0500
586300 -0.855227 0.029117 0.0500
586400 -0.841475 0.026839 0.0500
586500 -0.833743 0.025491 0.0500
586600 -0.837561 0.025870 0.0500
586700 -0.846180 0.026961 0.0500
586800 -0.850771 0.027435 0.0500
586900 -0.847153 0.026697 0.0500
587000 -0.842472 0.025821 0.0500
587100 -0.839743 0.025247 0.0500
587200 -0.841141 0.025267 0.0500
587300 -0.852072 0.026651 0.0500
587400 -0.864126 0.028158 0.0500
587500 -0.876381 0.029533 0.0500
587600 -0.867437 0.028156 0.0500
587700 -0.855054 0.026271 0.0500
587800 -0.841218 0.024243 0.0500
587900 -0.831822 0.022927 0.0500
588000 -0.823837 0.021897 0.0500
588100 -0.818903 0.021270 0.0500
588200 -0.821808 0.021428 0.0500
588300 -0.833284 0.022553 0.0500
588400 -0.852982 0.024959 0.0500
588500 -0.882239 0.028766 0.0500
588600 -0.913119 0.031379 0.0500
588700 -0.927956 0.031603 0.0500
588800 -0.915919 0.030977 0.0500
588900 -0.883456 0.028107 0.0500
589000 -0.847704 0.023547 0.0500
589100 -0.812505 0.019951 0.0500
589200 -0.789693 0.018643 0.0500
589300 -0.783695 0.018366 0.0500
589400 -0.787869 0.018392 0.0500
589500 -0.802291 0.018919 0.0500
589600 -0.824885 0.020508 0.0500
589700 -0.860090 0.024517 0.0500
589800 -0.888894 0.027960 0.0500
589900 -0.898378 0.028714 0.0500
590000 -0.893415 0.028000 0.0500
590100 -0.875884 0.025825 0.0500
590200 -0.844700 0.021944 0.0500
590300 -0.809172 0.018800 0.0500
590400 -0.780637 0.017734 0.0500
590500 -0.761899 0.017584 0.0500
590600 -0.750287 0.017583 0.0500
590700 -0.744444 0.017550 0.0500
590800 -0.741003 0.017495 0.0500
590900 -0.747044 0.017356 0.0500
591000 -0.767491 0.017176 0.0500
591100 -0.788442 0.017399 0.0500
591200 -0.810745 0.018360 0.0500
591300 -0.838028 0.020662 0.0500
591400 -0.864917 0.023797 0.0500
591500 -0.881523 0.025745 0.0500
591600 -0.890593 0.026632 0.0500
591700 -0.886536 0.025969 0.0500
591800 -0.871992 0.024037 0.0500
591900 -0.859284 0.022348 0.0500
592000 -0.841058 0.020220 0.0500
592100 -0.832483 0.019307 0.0500
592200 -0.834641 0.019394 0.0500
592300 -0.848018 0.020609 0.0500
592400 -0.863496 0.022265 0.0500
592500 -0.883048 0.024548 0.0500
592600 -0.902651 0.026675 0.0500
592700 -0.912403 0.027450 0.0500
592800 -0.898527 0.025836 0.0500
592900 -0.872338 0.022644 0.0500
593000 -0.848138 0.019922 0.0500
593100 -0.825267 0.017991 0.0500
593200 -0.797588 0.016725 0.0500
593300 -0.767095 0.016542 0.0500
593400 -0.745093 0.016844 0.0500
593500 -0.725122 0.017064 0.0500
593600 -0.717524 0.017013 0.0500
593700 -0.727557 0.016882 0.0500
593800 -0.751983 0.016434 0.0500
593900 -0.774825 0.016131 0.0500
594000 -0.790466 0.016184 0.0500
594100 -0.807080 0.016596 0.0500
594200 -0.826740 0.017621 0.0500
594300 -0.850862 0.019655 0.0500
594400 -0.877917 0.022675 0.0500
594500 -0.902556 0.025505 0.0500
594600 -0.910515 0.026187 0.0500
594700 -0.898250 0.024655 0.0500
594800 -0.879868 0.022344 0.0500
594900 -0.858788 0.019882 0.0500
595000 -0.833959 0.017609 0.0500
595100 -0.812520 0.016331 0.0500
595200 -0.798571 0.015837 0.0500
595300 -0.785696 0.015616 0.0500
595400 -0.775562 0.015572 0.0500
595500 -0.770612 0.015555 0.0500
595600 -0.773378 0.015457 0.0500
595700 -0.779996 0.015348 0.0500
595800 -0.792396 0.015349 0.0500
595900 -0.817028 0.016068 0.0500
596000 -0.848448 0.018319 0.0500
596100 -0.881180 0.021901 0.0500
596200 -0.908521 0.025082 0.0500
596300 -0.913506 0.025456 0.0500
596400 -0.899954 0.023747 0.0500
596500 -0.877944 0.021005 0.0500
596600 -0.845414 0.017602 0.0500
596700 -0.815977 0.015666 0.0500
596800 -0.791997 0.015014 0.0500
596900 -0.777640 0.014977 0.0500
597000 -0.774528 0.014953 0.0500
597100 -0.775662 0.014875 0.0500
597200 -0.786549 0.014749 0.0500
597300 -0.805498 0.014963 0.0500
597400 -0.835631 0.016449 0.0500
597500 -0.875897 0.020348 0.0500
597600 -0.910251 0.024395 0.0500
597700 -0.926088 0.025919 0.0500
597800 -0.918252 0.024943 0.0500
597900 -0.886742 0.021173 0.0500
598000 -0.853631 0.017583 0.0500
598100 -0.822692 0.015340 0.0500
598200 -0.800405 0.014559 0.0500
598300 -0.792158 0.014418 0.0500
598400 -0.791495 0.014358 0.0500
598500 -0.797264 0.014342 0.0500
598600 -0.812933 0.014649 0.0500
598700 -0.834659 0.015710 0.0500
598800 -0.857876 0.017577 0.0500
598900 -0.873905 0.019187 0.0500
599000 -0.880067 0.019793 0.0500
599100 -0.874524 0.019049 0.0500
599200 -0.861459 0.017573 0.0500
599300 -0.849152 0.016376 0.0500
599400 -0.834110 0.015229 0.0500
599500 -0.816659 0.014343 0.0500
599600 -0.794168 0.013910 0.0500
599700 -0.775567 0.014085 0.0500
599800 -0.755843 0.014681 0.0500
599900 -0.742287 0.015185 0.0500
