[driver] loading PhysNet …
2026-06-02 13:05:12.678212: E tensorflow/stream_executor/cuda/cuda_blas.cc:2981] Unable to register cuBLAS factory: Attempting to register factory for plugin cuBLAS when one has already been registered
/usr/local/lib/python3.10/dist-packages/tensorflow/python/framework/indexed_slices.py:444: UserWarning: Converting sparse IndexedSlices(IndexedSlices(indices=Tensor("gradient_tape/energy_and_forces/energy_from_atomic_properties/Reshape_1:0", shape=(10,), dtype=int32), values=Tensor("gradient_tape/energy_and_forces/energy_from_atomic_properties/Reshape:0", shape=(10,), dtype=float32), dense_shape=Tensor("gradient_tape/energy_and_forces/energy_from_atomic_properties/Cast:0", shape=(1,), dtype=int32))) to a dense Tensor of unknown shape. This may consume a large amount of memory.
  warnings.warn(
/usr/local/lib/python3.10/dist-packages/tensorflow/python/framework/indexed_slices.py:444: UserWarning: Converting sparse IndexedSlices(IndexedSlices(indices=Tensor("energy_and_forces/concat_3:0", shape=(180,), dtype=int32), values=Tensor("energy_and_forces/concat_2:0", shape=(180,), dtype=float32), dense_shape=Tensor("gradient_tape/energy_and_forces/energy_from_atomic_properties_1/Cast_2:0", shape=(1,), dtype=int32))) to a dense Tensor of unknown shape. This may consume a large amount of memory.
  warnings.warn(
[PhysNetFF] GPU(s) found: ['/physical_device:GPU:0']
[PhysNetFF] loaded: /repo/experiments/code/opes-pimd-fad-proton-transfer-convergence/physnet_fad/Final_Fit/best/best_model  (device=/GPU:0)
[driver] PhysNet ready  (batched GPU, hybrid sync)
[driver] warming up TF graph (P=32 compile) …
/usr/local/lib/python3.10/dist-packages/tensorflow/python/framework/indexed_slices.py:444: UserWarning: Converting sparse IndexedSlices(IndexedSlices(indices=Tensor("energy_and_forces/concat_3:0", shape=(5760,), dtype=int32), values=Tensor("energy_and_forces/concat_2:0", shape=(5760,), dtype=float32), dense_shape=Tensor("gradient_tape/energy_and_forces/energy_from_atomic_properties_1/Cast_2:0", shape=(1,), dtype=int32))) to a dense Tensor of unknown shape. This may consume a large amount of memory.
  warnings.warn(
[driver] TF graph warmed up — ready for i-PI
[driver] 32 bead threads started
[driver] ~100 MD steps done (3200 bead evals)
[driver] ~200 MD steps done (6400 bead evals)
[driver] ~300 MD steps done (9600 bead evals)
[driver] ~400 MD steps done (12800 bead evals)
[driver] ~500 MD steps done (16000 bead evals)
[driver] ~600 MD steps done (19200 bead evals)
[driver] ~700 MD steps done (22400 bead evals)
[driver] ~800 MD steps done (25600 bead evals)
[driver] ~900 MD steps done (28800 bead evals)
[driver] ~1000 MD steps done (32000 bead evals)
[driver] ~1100 MD steps done (35200 bead evals)
[driver] ~1200 MD steps done (38400 bead evals)
[driver] ~1300 MD steps done (41600 bead evals)
[driver] ~1400 MD steps done (44800 bead evals)
[driver] ~1500 MD steps done (48000 bead evals)
[driver] ~1600 MD steps done (51200 bead evals)
[driver] ~1700 MD steps done (54400 bead evals)
[driver] ~1800 MD steps done (57600 bead evals)
[driver] ~1900 MD steps done (60800 bead evals)
[driver] ~2000 MD steps done (64000 bead evals)
[driver] ~2100 MD steps done (67200 bead evals)
[driver] ~2200 MD steps done (70400 bead evals)
[driver] ~2300 MD steps done (73600 bead evals)
[driver] ~2400 MD steps done (76800 bead evals)
[driver] ~2500 MD steps done (80000 bead evals)
[driver] ~2600 MD steps done (83200 bead evals)
[driver] ~2700 MD steps done (86400 bead evals)
[driver] ~2800 MD steps done (89600 bead evals)
[driver] ~2900 MD steps done (92800 bead evals)
[driver] ~3000 MD steps done (96000 bead evals)
[driver] ~3100 MD steps done (99200 bead evals)
[driver] ~3200 MD steps done (102400 bead evals)
[driver] ~3300 MD steps done (105600 bead evals)
[driver] ~3400 MD steps done (108800 bead evals)
[driver] ~3500 MD steps done (112000 bead evals)
[driver] ~3600 MD steps done (115200 bead evals)
[driver] ~3700 MD steps done (118400 bead evals)
[driver] ~3800 MD steps done (121600 bead evals)
[driver] ~3900 MD steps done (124800 bead evals)
[driver] ~4000 MD steps done (128000 bead evals)
[driver] ~4100 MD steps done (131200 bead evals)
[driver] ~4200 MD steps done (134400 bead evals)
[driver] ~4300 MD steps done (137600 bead evals)
[driver] ~4400 MD steps done (140800 bead evals)
[driver] ~4500 MD steps done (144000 bead evals)
[driver] ~4600 MD steps done (147200 bead evals)
[driver] ~4700 MD steps done (150400 bead evals)
[driver] ~4800 MD steps done (153600 bead evals)
[driver] ~4900 MD steps done (156800 bead evals)
[driver] ~5000 MD steps done (160000 bead evals)
[driver] ~5100 MD steps done (163200 bead evals)
[driver] ~5200 MD steps done (166400 bead evals)
[driver] ~5300 MD steps done (169600 bead evals)
[driver] ~5400 MD steps done (172800 bead evals)
[driver] ~5500 MD steps done (176000 bead evals)
[driver] ~5600 MD steps done (179200 bead evals)
[driver] ~5700 MD steps done (182400 bead evals)
[driver] ~5800 MD steps done (185600 bead evals)
[driver] ~5900 MD steps done (188800 bead evals)
[driver] ~6000 MD steps done (192000 bead evals)
[driver] ~6100 MD steps done (195200 bead evals)
[driver] ~6200 MD steps done (198400 bead evals)
[driver] ~6300 MD steps done (201600 bead evals)
[driver] ~6400 MD steps done (204800 bead evals)
[driver] ~6500 MD steps done (208000 bead evals)
[driver] ~6600 MD steps done (211200 bead evals)
[driver] ~6700 MD steps done (214400 bead evals)
[driver] ~6800 MD steps done (217600 bead evals)
[driver] ~6900 MD steps done (220800 bead evals)
[driver] ~7000 MD steps done (224000 bead evals)
[driver] ~7100 MD steps done (227200 bead evals)
[driver] ~7200 MD steps done (230400 bead evals)
[driver] ~7300 MD steps done (233600 bead evals)
[driver] ~7400 MD steps done (236800 bead evals)
[driver] ~7500 MD steps done (240000 bead evals)
[driver] ~7600 MD steps done (243200 bead evals)
[driver] ~7700 MD steps done (246400 bead evals)
[driver] ~7800 MD steps done (249600 bead evals)
[driver] ~7900 MD steps done (252800 bead evals)
[driver] ~8000 MD steps done (256000 bead evals)
[driver] ~8100 MD steps done (259200 bead evals)
[driver] ~8200 MD steps done (262400 bead evals)
[driver] ~8300 MD steps done (265600 bead evals)
[driver] ~8400 MD steps done (268800 bead evals)
[driver] ~8500 MD steps done (272000 bead evals)
[driver] ~8600 MD steps done (275200 bead evals)
[driver] ~8700 MD steps done (278400 bead evals)
[driver] ~8800 MD steps done (281600 bead evals)
[driver] ~8900 MD steps done (284800 bead evals)
[driver] ~9000 MD steps done (288000 bead evals)
[driver] ~9100 MD steps done (291200 bead evals)
[driver] ~9200 MD steps done (294400 bead evals)
[driver] ~9300 MD steps done (297600 bead evals)
[driver] ~9400 MD steps done (300800 bead evals)
[driver] ~9500 MD steps done (304000 bead evals)
[driver] ~9600 MD steps done (307200 bead evals)
[driver] ~9700 MD steps done (310400 bead evals)
[driver] ~9800 MD steps done (313600 bead evals)
[driver] ~9900 MD steps done (316800 bead evals)
[driver] ~10000 MD steps done (320000 bead evals)
[driver] ~10100 MD steps done (323200 bead evals)
[driver] ~10200 MD steps done (326400 bead evals)
[driver] ~10300 MD steps done (329600 bead evals)
[driver] ~10400 MD steps done (332800 bead evals)
[driver] ~10500 MD steps done (336000 bead evals)
[driver] ~10600 MD steps done (339200 bead evals)
[driver] ~10700 MD steps done (342400 bead evals)
[driver] ~10800 MD steps done (345600 bead evals)
[driver] ~10900 MD steps done (348800 bead evals)
[driver] ~11000 MD steps done (352000 bead evals)
[driver] ~11100 MD steps done (355200 bead evals)
[driver] ~11200 MD steps done (358400 bead evals)
[driver] ~11300 MD steps done (361600 bead evals)
[driver] ~11400 MD steps done (364800 bead evals)
[driver] ~11500 MD steps done (368000 bead evals)
[driver] ~11600 MD steps done (371200 bead evals)
[driver] ~11700 MD steps done (374400 bead evals)
[driver] ~11800 MD steps done (377600 bead evals)
[driver] ~11900 MD steps done (380800 bead evals)
[driver] ~12000 MD steps done (384000 bead evals)
[driver] ~12100 MD steps done (387200 bead evals)
[driver] ~12200 MD steps done (390400 bead evals)
[driver] ~12300 MD steps done (393600 bead evals)
[driver] ~12400 MD steps done (396800 bead evals)
[driver] ~12500 MD steps done (400000 bead evals)
[driver] ~12600 MD steps done (403200 bead evals)
[driver] ~12700 MD steps done (406400 bead evals)
[driver] ~12800 MD steps done (409600 bead evals)
[driver] ~12900 MD steps done (412800 bead evals)
[driver] ~13000 MD steps done (416000 bead evals)
[driver] ~13100 MD steps done (419200 bead evals)
[driver] ~13200 MD steps done (422400 bead evals)
[driver] ~13300 MD steps done (425600 bead evals)
[driver] ~13400 MD steps done (428800 bead evals)
[driver] ~13500 MD steps done (432000 bead evals)
[driver] ~13600 MD steps done (435200 bead evals)
[driver] ~13700 MD steps done (438400 bead evals)
[driver] ~13800 MD steps done (441600 bead evals)
[driver] ~13900 MD steps done (444800 bead evals)
[driver] ~14000 MD steps done (448000 bead evals)
[driver] ~14100 MD steps done (451200 bead evals)
[driver] ~14200 MD steps done (454400 bead evals)
[driver] ~14300 MD steps done (457600 bead evals)
[driver] ~14400 MD steps done (460800 bead evals)
[driver] ~14500 MD steps done (464000 bead evals)
[driver] ~14600 MD steps done (467200 bead evals)
[driver] ~14700 MD steps done (470400 bead evals)
[driver] ~14800 MD steps done (473600 bead evals)
[driver] ~14900 MD steps done (476800 bead evals)
[driver] ~15000 MD steps done (480000 bead evals)
[driver] ~15100 MD steps done (483200 bead evals)
[driver] ~15200 MD steps done (486400 bead evals)
[driver] ~15300 MD steps done (489600 bead evals)
[driver] ~15400 MD steps done (492800 bead evals)
[driver] ~15500 MD steps done (496000 bead evals)
[driver] ~15600 MD steps done (499200 bead evals)
[driver] ~15700 MD steps done (502400 bead evals)
[driver] ~15800 MD steps done (505600 bead evals)
[driver] ~15900 MD steps done (508800 bead evals)
[driver] ~16000 MD steps done (512000 bead evals)
[driver] ~16100 MD steps done (515200 bead evals)
[driver] ~16200 MD steps done (518400 bead evals)
[driver] ~16300 MD steps done (521600 bead evals)
[driver] ~16400 MD steps done (524800 bead evals)
[driver] ~16500 MD steps done (528000 bead evals)
[driver] ~16600 MD steps done (531200 bead evals)
[driver] ~16700 MD steps done (534400 bead evals)
[driver] ~16800 MD steps done (537600 bead evals)
[driver] ~16900 MD steps done (540800 bead evals)
[driver] ~17000 MD steps done (544000 bead evals)
[driver] ~17100 MD steps done (547200 bead evals)
[driver] ~17200 MD steps done (550400 bead evals)
[driver] ~17300 MD steps done (553600 bead evals)
[driver] ~17400 MD steps done (556800 bead evals)
[driver] ~17500 MD steps done (560000 bead evals)
[driver] ~17600 MD steps done (563200 bead evals)
[driver] ~17700 MD steps done (566400 bead evals)
[driver] ~17800 MD steps done (569600 bead evals)
[driver] ~17900 MD steps done (572800 bead evals)
[driver] ~18000 MD steps done (576000 bead evals)
[driver] ~18100 MD steps done (579200 bead evals)
[driver] ~18200 MD steps done (582400 bead evals)
[driver] ~18300 MD steps done (585600 bead evals)
[driver] ~18400 MD steps done (588800 bead evals)
[driver] ~18500 MD steps done (592000 bead evals)
[driver] ~18600 MD steps done (595200 bead evals)
[driver] ~18700 MD steps done (598400 bead evals)
[driver] ~18800 MD steps done (601600 bead evals)
[driver] ~18900 MD steps done (604800 bead evals)
[driver] ~19000 MD steps done (608000 bead evals)
[driver] ~19100 MD steps done (611200 bead evals)
[driver] ~19200 MD steps done (614400 bead evals)
[driver] ~19300 MD steps done (617600 bead evals)
[driver] ~19400 MD steps done (620800 bead evals)
[driver] ~19500 MD steps done (624000 bead evals)
[driver] ~19600 MD steps done (627200 bead evals)
[driver] ~19700 MD steps done (630400 bead evals)
[driver] ~19800 MD steps done (633600 bead evals)
[driver] ~19900 MD steps done (636800 bead evals)
[driver] ~20000 MD steps done (640000 bead evals)
[driver] ~20100 MD steps done (643200 bead evals)
[driver] ~20200 MD steps done (646400 bead evals)
[driver] ~20300 MD steps done (649600 bead evals)
[driver] ~20400 MD steps done (652800 bead evals)
[driver] ~20500 MD steps done (656000 bead evals)
[driver] ~20600 MD steps done (659200 bead evals)
[driver] ~20700 MD steps done (662400 bead evals)
[driver] ~20800 MD steps done (665600 bead evals)
[driver] ~20900 MD steps done (668800 bead evals)
[driver] ~21000 MD steps done (672000 bead evals)
[driver] ~21100 MD steps done (675200 bead evals)
[driver] ~21200 MD steps done (678400 bead evals)
[driver] ~21300 MD steps done (681600 bead evals)
[driver] ~21400 MD steps done (684800 bead evals)
[driver] ~21500 MD steps done (688000 bead evals)
[driver] ~21600 MD steps done (691200 bead evals)
[driver] ~21700 MD steps done (694400 bead evals)
[driver] ~21800 MD steps done (697600 bead evals)
[driver] ~21900 MD steps done (700800 bead evals)
[driver] ~22000 MD steps done (704000 bead evals)
[driver] ~22100 MD steps done (707200 bead evals)
[driver] ~22200 MD steps done (710400 bead evals)
[driver] ~22300 MD steps done (713600 bead evals)
[driver] ~22400 MD steps done (716800 bead evals)
[driver] ~22500 MD steps done (720000 bead evals)
[driver] ~22600 MD steps done (723200 bead evals)
[driver] ~22700 MD steps done (726400 bead evals)
[driver] ~22800 MD steps done (729600 bead evals)
[driver] ~22900 MD steps done (732800 bead evals)
[driver] ~23000 MD steps done (736000 bead evals)
[driver] ~23100 MD steps done (739200 bead evals)
[driver] ~23200 MD steps done (742400 bead evals)
[driver] ~23300 MD steps done (745600 bead evals)
[driver] ~23400 MD steps done (748800 bead evals)
[driver] ~23500 MD steps done (752000 bead evals)
[driver] ~23600 MD steps done (755200 bead evals)
[driver] ~23700 MD steps done (758400 bead evals)
[driver] ~23800 MD steps done (761600 bead evals)
[driver] ~23900 MD steps done (764800 bead evals)
[driver] ~24000 MD steps done (768000 bead evals)
[driver] ~24100 MD steps done (771200 bead evals)
[driver] ~24200 MD steps done (774400 bead evals)
[driver] ~24300 MD steps done (777600 bead evals)
[driver] ~24400 MD steps done (780800 bead evals)
[driver] ~24500 MD steps done (784000 bead evals)
[driver] ~24600 MD steps done (787200 bead evals)
[driver] ~24700 MD steps done (790400 bead evals)
[driver] ~24800 MD steps done (793600 bead evals)
[driver] ~24900 MD steps done (796800 bead evals)
[driver] ~25000 MD steps done (800000 bead evals)
[driver] ~25100 MD steps done (803200 bead evals)
[driver] ~25200 MD steps done (806400 bead evals)
[driver] ~25300 MD steps done (809600 bead evals)
[driver] ~25400 MD steps done (812800 bead evals)
[driver] ~25500 MD steps done (816000 bead evals)
[driver] ~25600 MD steps done (819200 bead evals)
[driver] ~25700 MD steps done (822400 bead evals)
[driver] ~25800 MD steps done (825600 bead evals)
[driver] ~25900 MD steps done (828800 bead evals)
[driver] ~26000 MD steps done (832000 bead evals)
[driver] ~26100 MD steps done (835200 bead evals)
[driver] ~26200 MD steps done (838400 bead evals)
[driver] ~26300 MD steps done (841600 bead evals)
[driver] ~26400 MD steps done (844800 bead evals)
[driver] ~26500 MD steps done (848000 bead evals)
[driver] ~26600 MD steps done (851200 bead evals)
[driver] ~26700 MD steps done (854400 bead evals)
[driver] ~26800 MD steps done (857600 bead evals)
[driver] ~26900 MD steps done (860800 bead evals)
[driver] ~27000 MD steps done (864000 bead evals)
[driver] ~27100 MD steps done (867200 bead evals)
[driver] ~27200 MD steps done (870400 bead evals)
[driver] ~27300 MD steps done (873600 bead evals)
[driver] ~27400 MD steps done (876800 bead evals)
[driver] ~27500 MD steps done (880000 bead evals)
[driver] ~27600 MD steps done (883200 bead evals)
[driver] ~27700 MD steps done (886400 bead evals)
[driver] ~27800 MD steps done (889600 bead evals)
[driver] ~27900 MD steps done (892800 bead evals)
[driver] ~28000 MD steps done (896000 bead evals)
[driver] ~28100 MD steps done (899200 bead evals)
[driver] ~28200 MD steps done (902400 bead evals)
[driver] ~28300 MD steps done (905600 bead evals)
[driver] ~28400 MD steps done (908800 bead evals)
[driver] ~28500 MD steps done (912000 bead evals)
[driver] ~28600 MD steps done (915200 bead evals)
[driver] ~28700 MD steps done (918400 bead evals)
[driver] ~28800 MD steps done (921600 bead evals)
[driver] ~28900 MD steps done (924800 bead evals)
[driver] ~29000 MD steps done (928000 bead evals)
[driver] ~29100 MD steps done (931200 bead evals)
[driver] ~29200 MD steps done (934400 bead evals)
[driver] ~29300 MD steps done (937600 bead evals)
[driver] ~29400 MD steps done (940800 bead evals)
[driver] ~29500 MD steps done (944000 bead evals)
[driver] ~29600 MD steps done (947200 bead evals)
[driver] ~29700 MD steps done (950400 bead evals)
[driver] ~29800 MD steps done (953600 bead evals)
[driver] ~29900 MD steps done (956800 bead evals)
[driver] ~30000 MD steps done (960000 bead evals)
[driver] ~30100 MD steps done (963200 bead evals)
[driver] ~30200 MD steps done (966400 bead evals)
[driver] ~30300 MD steps done (969600 bead evals)
[driver] ~30400 MD steps done (972800 bead evals)
[driver] ~30500 MD steps done (976000 bead evals)
[driver] ~30600 MD steps done (979200 bead evals)
[driver] ~30700 MD steps done (982400 bead evals)
[driver] ~30800 MD steps done (985600 bead evals)
[driver] ~30900 MD steps done (988800 bead evals)
[driver] ~31000 MD steps done (992000 bead evals)
[driver] ~31100 MD steps done (995200 bead evals)
[driver] ~31200 MD steps done (998400 bead evals)
[driver] ~31300 MD steps done (1001600 bead evals)
[driver] ~31400 MD steps done (1004800 bead evals)
[driver] ~31500 MD steps done (1008000 bead evals)
[driver] ~31600 MD steps done (1011200 bead evals)
[driver] ~31700 MD steps done (1014400 bead evals)
[driver] ~31800 MD steps done (1017600 bead evals)
[driver] ~31900 MD steps done (1020800 bead evals)
[driver] ~32000 MD steps done (1024000 bead evals)
[driver] ~32100 MD steps done (1027200 bead evals)
[driver] ~32200 MD steps done (1030400 bead evals)
[driver] ~32300 MD steps done (1033600 bead evals)
[driver] ~32400 MD steps done (1036800 bead evals)
[driver] ~32500 MD steps done (1040000 bead evals)
[driver] ~32600 MD steps done (1043200 bead evals)
[driver] ~32700 MD steps done (1046400 bead evals)
[driver] ~32800 MD steps done (1049600 bead evals)
[driver] ~32900 MD steps done (1052800 bead evals)
[driver] ~33000 MD steps done (1056000 bead evals)
[driver] ~33100 MD steps done (1059200 bead evals)
[driver] ~33200 MD steps done (1062400 bead evals)
[driver] ~33300 MD steps done (1065600 bead evals)
[driver] ~33400 MD steps done (1068800 bead evals)
[driver] ~33500 MD steps done (1072000 bead evals)
[driver] ~33600 MD steps done (1075200 bead evals)
[driver] ~33700 MD steps done (1078400 bead evals)
[driver] ~33800 MD steps done (1081600 bead evals)
[driver] ~33900 MD steps done (1084800 bead evals)
[driver] ~34000 MD steps done (1088000 bead evals)
[driver] ~34100 MD steps done (1091200 bead evals)
[driver] ~34200 MD steps done (1094400 bead evals)
[driver] ~34300 MD steps done (1097600 bead evals)
[driver] ~34400 MD steps done (1100800 bead evals)
[driver] ~34500 MD steps done (1104000 bead evals)
[driver] ~34600 MD steps done (1107200 bead evals)
[driver] ~34700 MD steps done (1110400 bead evals)
[driver] ~34800 MD steps done (1113600 bead evals)
[driver] ~34900 MD steps done (1116800 bead evals)
[driver] ~35000 MD steps done (1120000 bead evals)
[driver] ~35100 MD steps done (1123200 bead evals)
[driver] ~35200 MD steps done (1126400 bead evals)
[driver] ~35300 MD steps done (1129600 bead evals)
[driver] ~35400 MD steps done (1132800 bead evals)
[driver] ~35500 MD steps done (1136000 bead evals)
[driver] ~35600 MD steps done (1139200 bead evals)
[driver] ~35700 MD steps done (1142400 bead evals)
[driver] ~35800 MD steps done (1145600 bead evals)
[driver] ~35900 MD steps done (1148800 bead evals)
[driver] ~36000 MD steps done (1152000 bead evals)
[driver] ~36100 MD steps done (1155200 bead evals)
[driver] ~36200 MD steps done (1158400 bead evals)
[driver] ~36300 MD steps done (1161600 bead evals)
[driver] ~36400 MD steps done (1164800 bead evals)
[driver] ~36500 MD steps done (1168000 bead evals)
[driver] ~36600 MD steps done (1171200 bead evals)
[driver] ~36700 MD steps done (1174400 bead evals)
[driver] ~36800 MD steps done (1177600 bead evals)
[driver] ~36900 MD steps done (1180800 bead evals)
[driver] ~37000 MD steps done (1184000 bead evals)
[driver] ~37100 MD steps done (1187200 bead evals)
[driver] ~37200 MD steps done (1190400 bead evals)
[driver] ~37300 MD steps done (1193600 bead evals)
[driver] ~37400 MD steps done (1196800 bead evals)
[driver] ~37500 MD steps done (1200000 bead evals)
[driver] ~37600 MD steps done (1203200 bead evals)
[driver] ~37700 MD steps done (1206400 bead evals)
[driver] ~37800 MD steps done (1209600 bead evals)
[driver] ~37900 MD steps done (1212800 bead evals)
[driver] ~38000 MD steps done (1216000 bead evals)
[driver] ~38100 MD steps done (1219200 bead evals)
[driver] ~38200 MD steps done (1222400 bead evals)
[driver] ~38300 MD steps done (1225600 bead evals)
[driver] ~38400 MD steps done (1228800 bead evals)
[driver] ~38500 MD steps done (1232000 bead evals)
[driver] ~38600 MD steps done (1235200 bead evals)
[driver] ~38700 MD steps done (1238400 bead evals)
[driver] ~38800 MD steps done (1241600 bead evals)
[driver] ~38900 MD steps done (1244800 bead evals)
[driver] ~39000 MD steps done (1248000 bead evals)
[driver] ~39100 MD steps done (1251200 bead evals)
[driver] ~39200 MD steps done (1254400 bead evals)
[driver] ~39300 MD steps done (1257600 bead evals)
[driver] ~39400 MD steps done (1260800 bead evals)
[driver] ~39500 MD steps done (1264000 bead evals)
[driver] ~39600 MD steps done (1267200 bead evals)
[driver] ~39700 MD steps done (1270400 bead evals)
[driver] ~39800 MD steps done (1273600 bead evals)
[driver] ~39900 MD steps done (1276800 bead evals)
[driver] ~40000 MD steps done (1280000 bead evals)
[driver] ~40100 MD steps done (1283200 bead evals)
[driver] ~40200 MD steps done (1286400 bead evals)
[driver] ~40300 MD steps done (1289600 bead evals)
[driver] ~40400 MD steps done (1292800 bead evals)
[driver] ~40500 MD steps done (1296000 bead evals)
[driver] ~40600 MD steps done (1299200 bead evals)
[driver] ~40700 MD steps done (1302400 bead evals)
[driver] ~40800 MD steps done (1305600 bead evals)
[driver] ~40900 MD steps done (1308800 bead evals)
[driver] ~41000 MD steps done (1312000 bead evals)
[driver] ~41100 MD steps done (1315200 bead evals)
[driver] ~41200 MD steps done (1318400 bead evals)
[driver] ~41300 MD steps done (1321600 bead evals)
[driver] ~41400 MD steps done (1324800 bead evals)
[driver] ~41500 MD steps done (1328000 bead evals)
[driver] ~41600 MD steps done (1331200 bead evals)
[driver] ~41700 MD steps done (1334400 bead evals)
[driver] ~41800 MD steps done (1337600 bead evals)
[driver] ~41900 MD steps done (1340800 bead evals)
[driver] ~42000 MD steps done (1344000 bead evals)
[driver] ~42100 MD steps done (1347200 bead evals)
[driver] ~42200 MD steps done (1350400 bead evals)
[driver] ~42300 MD steps done (1353600 bead evals)
[driver] ~42400 MD steps done (1356800 bead evals)
[driver] ~42500 MD steps done (1360000 bead evals)
[driver] ~42600 MD steps done (1363200 bead evals)
[driver] ~42700 MD steps done (1366400 bead evals)
[driver] ~42800 MD steps done (1369600 bead evals)
[driver] ~42900 MD steps done (1372800 bead evals)
[driver] ~43000 MD steps done (1376000 bead evals)
[driver] ~43100 MD steps done (1379200 bead evals)
[driver] ~43200 MD steps done (1382400 bead evals)
[driver] ~43300 MD steps done (1385600 bead evals)
[driver] ~43400 MD steps done (1388800 bead evals)
[driver] ~43500 MD steps done (1392000 bead evals)
[driver] ~43600 MD steps done (1395200 bead evals)
[driver] ~43700 MD steps done (1398400 bead evals)
[driver] ~43800 MD steps done (1401600 bead evals)
[driver] ~43900 MD steps done (1404800 bead evals)
[driver] ~44000 MD steps done (1408000 bead evals)
[driver] ~44100 MD steps done (1411200 bead evals)
[driver] ~44200 MD steps done (1414400 bead evals)
[driver] ~44300 MD steps done (1417600 bead evals)
[driver] ~44400 MD steps done (1420800 bead evals)
[driver] ~44500 MD steps done (1424000 bead evals)
[driver] ~44600 MD steps done (1427200 bead evals)
[driver] ~44700 MD steps done (1430400 bead evals)
[driver] ~44800 MD steps done (1433600 bead evals)
[driver] ~44900 MD steps done (1436800 bead evals)
[driver] ~45000 MD steps done (1440000 bead evals)
[driver] ~45100 MD steps done (1443200 bead evals)
[driver] ~45200 MD steps done (1446400 bead evals)
[driver] ~45300 MD steps done (1449600 bead evals)
[driver] ~45400 MD steps done (1452800 bead evals)
[driver] ~45500 MD steps done (1456000 bead evals)
[driver] ~45600 MD steps done (1459200 bead evals)
[driver] ~45700 MD steps done (1462400 bead evals)
[driver] ~45800 MD steps done (1465600 bead evals)
[driver] ~45900 MD steps done (1468800 bead evals)
[driver] ~46000 MD steps done (1472000 bead evals)
[driver] ~46100 MD steps done (1475200 bead evals)
[driver] ~46200 MD steps done (1478400 bead evals)
[driver] ~46300 MD steps done (1481600 bead evals)
[driver] ~46400 MD steps done (1484800 bead evals)
[driver] ~46500 MD steps done (1488000 bead evals)
[driver] ~46600 MD steps done (1491200 bead evals)
[driver] ~46700 MD steps done (1494400 bead evals)
[driver] ~46800 MD steps done (1497600 bead evals)
[driver] ~46900 MD steps done (1500800 bead evals)
[driver] ~47000 MD steps done (1504000 bead evals)
[driver] ~47100 MD steps done (1507200 bead evals)
[driver] ~47200 MD steps done (1510400 bead evals)
[driver] ~47300 MD steps done (1513600 bead evals)
[driver] ~47400 MD steps done (1516800 bead evals)
[driver] ~47500 MD steps done (1520000 bead evals)
[driver] ~47600 MD steps done (1523200 bead evals)
[driver] ~47700 MD steps done (1526400 bead evals)
[driver] ~47800 MD steps done (1529600 bead evals)
[driver] ~47900 MD steps done (1532800 bead evals)
[driver] ~48000 MD steps done (1536000 bead evals)
[driver] ~48100 MD steps done (1539200 bead evals)
[driver] ~48200 MD steps done (1542400 bead evals)
[driver] ~48300 MD steps done (1545600 bead evals)
[driver] ~48400 MD steps done (1548800 bead evals)
[driver] ~48500 MD steps done (1552000 bead evals)
[driver] ~48600 MD steps done (1555200 bead evals)
[driver] ~48700 MD steps done (1558400 bead evals)
[driver] ~48800 MD steps done (1561600 bead evals)
[driver] ~48900 MD steps done (1564800 bead evals)
[driver] ~49000 MD steps done (1568000 bead evals)
[driver] ~49100 MD steps done (1571200 bead evals)
[driver] ~49200 MD steps done (1574400 bead evals)
[driver] ~49300 MD steps done (1577600 bead evals)
[driver] ~49400 MD steps done (1580800 bead evals)
[driver] ~49500 MD steps done (1584000 bead evals)
[driver] ~49600 MD steps done (1587200 bead evals)
[driver] ~49700 MD steps done (1590400 bead evals)
[driver] ~49800 MD steps done (1593600 bead evals)
[driver] ~49900 MD steps done (1596800 bead evals)
[driver] ~50000 MD steps done (1600000 bead evals)
[driver] ~50100 MD steps done (1603200 bead evals)
[driver] ~50200 MD steps done (1606400 bead evals)
[driver] ~50300 MD steps done (1609600 bead evals)
[driver] ~50400 MD steps done (1612800 bead evals)
[driver] ~50500 MD steps done (1616000 bead evals)
[driver] ~50600 MD steps done (1619200 bead evals)
[driver] ~50700 MD steps done (1622400 bead evals)
[driver] ~50800 MD steps done (1625600 bead evals)
[driver] ~50900 MD steps done (1628800 bead evals)
[driver] ~51000 MD steps done (1632000 bead evals)
[driver] ~51100 MD steps done (1635200 bead evals)
[driver] ~51200 MD steps done (1638400 bead evals)
[driver] ~51300 MD steps done (1641600 bead evals)
[driver] ~51400 MD steps done (1644800 bead evals)
[driver] ~51500 MD steps done (1648000 bead evals)
[driver] ~51600 MD steps done (1651200 bead evals)
[driver] ~51700 MD steps done (1654400 bead evals)
[driver] ~51800 MD steps done (1657600 bead evals)
[driver] ~51900 MD steps done (1660800 bead evals)
[driver] ~52000 MD steps done (1664000 bead evals)
[driver] ~52100 MD steps done (1667200 bead evals)
[driver] ~52200 MD steps done (1670400 bead evals)
[driver] ~52300 MD steps done (1673600 bead evals)
[driver] ~52400 MD steps done (1676800 bead evals)
[driver] ~52500 MD steps done (1680000 bead evals)
[driver] ~52600 MD steps done (1683200 bead evals)
[driver] ~52700 MD steps done (1686400 bead evals)
[driver] ~52800 MD steps done (1689600 bead evals)
[driver] ~52900 MD steps done (1692800 bead evals)
[driver] ~53000 MD steps done (1696000 bead evals)
[driver] ~53100 MD steps done (1699200 bead evals)
[driver] ~53200 MD steps done (1702400 bead evals)
[driver] ~53300 MD steps done (1705600 bead evals)
[driver] ~53400 MD steps done (1708800 bead evals)
[driver] ~53500 MD steps done (1712000 bead evals)
[driver] ~53600 MD steps done (1715200 bead evals)
[driver] ~53700 MD steps done (1718400 bead evals)
[driver] ~53800 MD steps done (1721600 bead evals)
[driver] ~53900 MD steps done (1724800 bead evals)
[driver] ~54000 MD steps done (1728000 bead evals)
[driver] ~54100 MD steps done (1731200 bead evals)
[driver] ~54200 MD steps done (1734400 bead evals)
[driver] ~54300 MD steps done (1737600 bead evals)
[driver] ~54400 MD steps done (1740800 bead evals)
[driver] ~54500 MD steps done (1744000 bead evals)
[driver] ~54600 MD steps done (1747200 bead evals)
[driver] ~54700 MD steps done (1750400 bead evals)
[driver] ~54800 MD steps done (1753600 bead evals)
[driver] ~54900 MD steps done (1756800 bead evals)
[driver] ~55000 MD steps done (1760000 bead evals)
[driver] ~55100 MD steps done (1763200 bead evals)
[driver] ~55200 MD steps done (1766400 bead evals)
[driver] ~55300 MD steps done (1769600 bead evals)
[driver] ~55400 MD steps done (1772800 bead evals)
[driver] ~55500 MD steps done (1776000 bead evals)
[driver] ~55600 MD steps done (1779200 bead evals)
[driver] ~55700 MD steps done (1782400 bead evals)
[driver] ~55800 MD steps done (1785600 bead evals)
[driver] ~55900 MD steps done (1788800 bead evals)
[driver] ~56000 MD steps done (1792000 bead evals)
[driver] ~56100 MD steps done (1795200 bead evals)
[driver] ~56200 MD steps done (1798400 bead evals)
[driver] ~56300 MD steps done (1801600 bead evals)
[driver] ~56400 MD steps done (1804800 bead evals)
[driver] ~56500 MD steps done (1808000 bead evals)
[driver] ~56600 MD steps done (1811200 bead evals)
[driver] ~56700 MD steps done (1814400 bead evals)
[driver] ~56800 MD steps done (1817600 bead evals)
[driver] ~56900 MD steps done (1820800 bead evals)
[driver] ~57000 MD steps done (1824000 bead evals)
[driver] ~57100 MD steps done (1827200 bead evals)
[driver] ~57200 MD steps done (1830400 bead evals)
[driver] ~57300 MD steps done (1833600 bead evals)
[driver] ~57400 MD steps done (1836800 bead evals)
[driver] ~57500 MD steps done (1840000 bead evals)
[driver] ~57600 MD steps done (1843200 bead evals)
[driver] ~57700 MD steps done (1846400 bead evals)
[driver] ~57800 MD steps done (1849600 bead evals)
[driver] ~57900 MD steps done (1852800 bead evals)
[driver] ~58000 MD steps done (1856000 bead evals)
[driver] ~58100 MD steps done (1859200 bead evals)
[driver] ~58200 MD steps done (1862400 bead evals)
[driver] ~58300 MD steps done (1865600 bead evals)
[driver] ~58400 MD steps done (1868800 bead evals)
[driver] ~58500 MD steps done (1872000 bead evals)
[driver] ~58600 MD steps done (1875200 bead evals)
[driver] ~58700 MD steps done (1878400 bead evals)
[driver] ~58800 MD steps done (1881600 bead evals)
[driver] ~58900 MD steps done (1884800 bead evals)
[driver] ~59000 MD steps done (1888000 bead evals)
[driver] ~59100 MD steps done (1891200 bead evals)
[driver] ~59200 MD steps done (1894400 bead evals)
[driver] ~59300 MD steps done (1897600 bead evals)
[driver] ~59400 MD steps done (1900800 bead evals)
[driver] ~59500 MD steps done (1904000 bead evals)
[driver] ~59600 MD steps done (1907200 bead evals)
[driver] ~59700 MD steps done (1910400 bead evals)
[driver] ~59800 MD steps done (1913600 bead evals)
[driver] ~59900 MD steps done (1916800 bead evals)
[driver] ~60000 MD steps done (1920000 bead evals)
[driver] ~60100 MD steps done (1923200 bead evals)
[driver] ~60200 MD steps done (1926400 bead evals)
[driver] ~60300 MD steps done (1929600 bead evals)
[driver] ~60400 MD steps done (1932800 bead evals)
[driver] ~60500 MD steps done (1936000 bead evals)
[driver] ~60600 MD steps done (1939200 bead evals)
[driver] ~60700 MD steps done (1942400 bead evals)
[driver] ~60800 MD steps done (1945600 bead evals)
[driver] ~60900 MD steps done (1948800 bead evals)
[driver] ~61000 MD steps done (1952000 bead evals)
[driver] ~61100 MD steps done (1955200 bead evals)
[driver] ~61200 MD steps done (1958400 bead evals)
[driver] ~61300 MD steps done (1961600 bead evals)
[driver] ~61400 MD steps done (1964800 bead evals)
[driver] ~61500 MD steps done (1968000 bead evals)
[driver] ~61600 MD steps done (1971200 bead evals)
[driver] ~61700 MD steps done (1974400 bead evals)
[driver] ~61800 MD steps done (1977600 bead evals)
[driver] ~61900 MD steps done (1980800 bead evals)
[driver] ~62000 MD steps done (1984000 bead evals)
[driver] ~62100 MD steps done (1987200 bead evals)
[driver] ~62200 MD steps done (1990400 bead evals)
[driver] ~62300 MD steps done (1993600 bead evals)
[driver] ~62400 MD steps done (1996800 bead evals)
[driver] ~62500 MD steps done (2000000 bead evals)
[driver] ~62600 MD steps done (2003200 bead evals)
[driver] ~62700 MD steps done (2006400 bead evals)
[driver] ~62800 MD steps done (2009600 bead evals)
[driver] ~62900 MD steps done (2012800 bead evals)
[driver] ~63000 MD steps done (2016000 bead evals)
[driver] ~63100 MD steps done (2019200 bead evals)
[driver] ~63200 MD steps done (2022400 bead evals)
[driver] ~63300 MD steps done (2025600 bead evals)
[driver] ~63400 MD steps done (2028800 bead evals)
[driver] ~63500 MD steps done (2032000 bead evals)
[driver] ~63600 MD steps done (2035200 bead evals)
[driver] ~63700 MD steps done (2038400 bead evals)
[driver] ~63800 MD steps done (2041600 bead evals)
[driver] ~63900 MD steps done (2044800 bead evals)
[driver] ~64000 MD steps done (2048000 bead evals)
[driver] ~64100 MD steps done (2051200 bead evals)
[driver] ~64200 MD steps done (2054400 bead evals)
[driver] ~64300 MD steps done (2057600 bead evals)
[driver] ~64400 MD steps done (2060800 bead evals)
[driver] ~64500 MD steps done (2064000 bead evals)
[driver] ~64600 MD steps done (2067200 bead evals)
[driver] ~64700 MD steps done (2070400 bead evals)
[driver] ~64800 MD steps done (2073600 bead evals)
[driver] ~64900 MD steps done (2076800 bead evals)
[driver] ~65000 MD steps done (2080000 bead evals)
[driver] ~65100 MD steps done (2083200 bead evals)
[driver] ~65200 MD steps done (2086400 bead evals)
[driver] ~65300 MD steps done (2089600 bead evals)
[driver] ~65400 MD steps done (2092800 bead evals)
[driver] ~65500 MD steps done (2096000 bead evals)
[driver] ~65600 MD steps done (2099200 bead evals)
[driver] ~65700 MD steps done (2102400 bead evals)
[driver] ~65800 MD steps done (2105600 bead evals)
[driver] ~65900 MD steps done (2108800 bead evals)
[driver] ~66000 MD steps done (2112000 bead evals)
[driver] ~66100 MD steps done (2115200 bead evals)
[driver] ~66200 MD steps done (2118400 bead evals)
[driver] ~66300 MD steps done (2121600 bead evals)
[driver] ~66400 MD steps done (2124800 bead evals)
[driver] ~66500 MD steps done (2128000 bead evals)
[driver] ~66600 MD steps done (2131200 bead evals)
[driver] ~66700 MD steps done (2134400 bead evals)
[driver] ~66800 MD steps done (2137600 bead evals)
[driver] ~66900 MD steps done (2140800 bead evals)
[driver] ~67000 MD steps done (2144000 bead evals)
[driver] ~67100 MD steps done (2147200 bead evals)
[driver] ~67200 MD steps done (2150400 bead evals)
[driver] ~67300 MD steps done (2153600 bead evals)
[driver] ~67400 MD steps done (2156800 bead evals)
[driver] ~67500 MD steps done (2160000 bead evals)
[driver] ~67600 MD steps done (2163200 bead evals)
[driver] ~67700 MD steps done (2166400 bead evals)
[driver] ~67800 MD steps done (2169600 bead evals)
[driver] ~67900 MD steps done (2172800 bead evals)
[driver] ~68000 MD steps done (2176000 bead evals)
[driver] ~68100 MD steps done (2179200 bead evals)
[driver] ~68200 MD steps done (2182400 bead evals)
[driver] ~68300 MD steps done (2185600 bead evals)
[driver] ~68400 MD steps done (2188800 bead evals)
[driver] ~68500 MD steps done (2192000 bead evals)
[driver] ~68600 MD steps done (2195200 bead evals)
[driver] ~68700 MD steps done (2198400 bead evals)
[driver] ~68800 MD steps done (2201600 bead evals)
[driver] ~68900 MD steps done (2204800 bead evals)
[driver] ~69000 MD steps done (2208000 bead evals)
[driver] ~69100 MD steps done (2211200 bead evals)
[driver] ~69200 MD steps done (2214400 bead evals)
[driver] ~69300 MD steps done (2217600 bead evals)
[driver] ~69400 MD steps done (2220800 bead evals)
[driver] ~69500 MD steps done (2224000 bead evals)
[driver] ~69600 MD steps done (2227200 bead evals)
[driver] ~69700 MD steps done (2230400 bead evals)
[driver] ~69800 MD steps done (2233600 bead evals)
[driver] ~69900 MD steps done (2236800 bead evals)
[driver] ~70000 MD steps done (2240000 bead evals)
[driver] ~70100 MD steps done (2243200 bead evals)
[driver] ~70200 MD steps done (2246400 bead evals)
[driver] ~70300 MD steps done (2249600 bead evals)
[driver] ~70400 MD steps done (2252800 bead evals)
[driver] ~70500 MD steps done (2256000 bead evals)
[driver] ~70600 MD steps done (2259200 bead evals)
[driver] ~70700 MD steps done (2262400 bead evals)
[driver] ~70800 MD steps done (2265600 bead evals)
[driver] ~70900 MD steps done (2268800 bead evals)
[driver] ~71000 MD steps done (2272000 bead evals)
[driver] ~71100 MD steps done (2275200 bead evals)
[driver] ~71200 MD steps done (2278400 bead evals)
[driver] ~71300 MD steps done (2281600 bead evals)
[driver] ~71400 MD steps done (2284800 bead evals)
[driver] ~71500 MD steps done (2288000 bead evals)
[driver] ~71600 MD steps done (2291200 bead evals)
[driver] ~71700 MD steps done (2294400 bead evals)
[driver] ~71800 MD steps done (2297600 bead evals)
[driver] ~71900 MD steps done (2300800 bead evals)
[driver] ~72000 MD steps done (2304000 bead evals)
[driver] ~72100 MD steps done (2307200 bead evals)
[driver] ~72200 MD steps done (2310400 bead evals)
[driver] ~72300 MD steps done (2313600 bead evals)
[driver] ~72400 MD steps done (2316800 bead evals)
[driver] ~72500 MD steps done (2320000 bead evals)
[driver] ~72600 MD steps done (2323200 bead evals)
[driver] ~72700 MD steps done (2326400 bead evals)
[driver] ~72800 MD steps done (2329600 bead evals)
[driver] ~72900 MD steps done (2332800 bead evals)
[driver] ~73000 MD steps done (2336000 bead evals)
[driver] ~73100 MD steps done (2339200 bead evals)
[driver] ~73200 MD steps done (2342400 bead evals)
[driver] ~73300 MD steps done (2345600 bead evals)
[driver] ~73400 MD steps done (2348800 bead evals)
[driver] ~73500 MD steps done (2352000 bead evals)
[driver] ~73600 MD steps done (2355200 bead evals)
[driver] ~73700 MD steps done (2358400 bead evals)
[driver] ~73800 MD steps done (2361600 bead evals)
[driver] ~73900 MD steps done (2364800 bead evals)
[driver] ~74000 MD steps done (2368000 bead evals)
[driver] ~74100 MD steps done (2371200 bead evals)
[driver] ~74200 MD steps done (2374400 bead evals)
[driver] ~74300 MD steps done (2377600 bead evals)
[driver] ~74400 MD steps done (2380800 bead evals)
[driver] ~74500 MD steps done (2384000 bead evals)
[driver] ~74600 MD steps done (2387200 bead evals)
[driver] ~74700 MD steps done (2390400 bead evals)
[driver] ~74800 MD steps done (2393600 bead evals)
[driver] ~74900 MD steps done (2396800 bead evals)
[driver] ~75000 MD steps done (2400000 bead evals)
[driver] ~75100 MD steps done (2403200 bead evals)
[driver] ~75200 MD steps done (2406400 bead evals)
[driver] ~75300 MD steps done (2409600 bead evals)
[driver] ~75400 MD steps done (2412800 bead evals)
[driver] ~75500 MD steps done (2416000 bead evals)
[driver] ~75600 MD steps done (2419200 bead evals)
[driver] ~75700 MD steps done (2422400 bead evals)
[driver] ~75800 MD steps done (2425600 bead evals)
[driver] ~75900 MD steps done (2428800 bead evals)
[driver] ~76000 MD steps done (2432000 bead evals)
[driver] ~76100 MD steps done (2435200 bead evals)
[driver] ~76200 MD steps done (2438400 bead evals)
[driver] ~76300 MD steps done (2441600 bead evals)
[driver] ~76400 MD steps done (2444800 bead evals)
[driver] ~76500 MD steps done (2448000 bead evals)
[driver] ~76600 MD steps done (2451200 bead evals)
[driver] ~76700 MD steps done (2454400 bead evals)
[driver] ~76800 MD steps done (2457600 bead evals)
[driver] ~76900 MD steps done (2460800 bead evals)
[driver] ~77000 MD steps done (2464000 bead evals)
[driver] ~77100 MD steps done (2467200 bead evals)
[driver] ~77200 MD steps done (2470400 bead evals)
[driver] ~77300 MD steps done (2473600 bead evals)
[driver] ~77400 MD steps done (2476800 bead evals)
[driver] ~77500 MD steps done (2480000 bead evals)
[driver] ~77600 MD steps done (2483200 bead evals)
[driver] ~77700 MD steps done (2486400 bead evals)
[driver] ~77800 MD steps done (2489600 bead evals)
[driver] ~77900 MD steps done (2492800 bead evals)
[driver] ~78000 MD steps done (2496000 bead evals)
[driver] ~78100 MD steps done (2499200 bead evals)
[driver] ~78200 MD steps done (2502400 bead evals)
[driver] ~78300 MD steps done (2505600 bead evals)
[driver] ~78400 MD steps done (2508800 bead evals)
[driver] ~78500 MD steps done (2512000 bead evals)
[driver] ~78600 MD steps done (2515200 bead evals)
[driver] ~78700 MD steps done (2518400 bead evals)
[driver] ~78800 MD steps done (2521600 bead evals)
[driver] ~78900 MD steps done (2524800 bead evals)
[driver] ~79000 MD steps done (2528000 bead evals)
[driver] ~79100 MD steps done (2531200 bead evals)
[driver] ~79200 MD steps done (2534400 bead evals)
[driver] ~79300 MD steps done (2537600 bead evals)
[driver] ~79400 MD steps done (2540800 bead evals)
[driver] ~79500 MD steps done (2544000 bead evals)
[driver] ~79600 MD steps done (2547200 bead evals)
[driver] ~79700 MD steps done (2550400 bead evals)
[driver] ~79800 MD steps done (2553600 bead evals)
[driver] ~79900 MD steps done (2556800 bead evals)
[driver] ~80000 MD steps done (2560000 bead evals)
[driver] ~80100 MD steps done (2563200 bead evals)
[driver] ~80200 MD steps done (2566400 bead evals)
[driver] ~80300 MD steps done (2569600 bead evals)
[driver] ~80400 MD steps done (2572800 bead evals)
[driver] ~80500 MD steps done (2576000 bead evals)
[driver] ~80600 MD steps done (2579200 bead evals)
[driver] ~80700 MD steps done (2582400 bead evals)
[driver] ~80800 MD steps done (2585600 bead evals)
[driver] ~80900 MD steps done (2588800 bead evals)
[driver] ~81000 MD steps done (2592000 bead evals)
[driver] ~81100 MD steps done (2595200 bead evals)
[driver] ~81200 MD steps done (2598400 bead evals)
[driver] ~81300 MD steps done (2601600 bead evals)
[driver] ~81400 MD steps done (2604800 bead evals)
[driver] ~81500 MD steps done (2608000 bead evals)
[driver] ~81600 MD steps done (2611200 bead evals)
[driver] ~81700 MD steps done (2614400 bead evals)
[driver] ~81800 MD steps done (2617600 bead evals)
[driver] ~81900 MD steps done (2620800 bead evals)
[driver] ~82000 MD steps done (2624000 bead evals)
[driver] ~82100 MD steps done (2627200 bead evals)
[driver] ~82200 MD steps done (2630400 bead evals)
[driver] ~82300 MD steps done (2633600 bead evals)
[driver] ~82400 MD steps done (2636800 bead evals)
[driver] ~82500 MD steps done (2640000 bead evals)
[driver] ~82600 MD steps done (2643200 bead evals)
[driver] ~82700 MD steps done (2646400 bead evals)
[driver] ~82800 MD steps done (2649600 bead evals)
[driver] ~82900 MD steps done (2652800 bead evals)
[driver] ~83000 MD steps done (2656000 bead evals)
[driver] ~83100 MD steps done (2659200 bead evals)
[driver] ~83200 MD steps done (2662400 bead evals)
[driver] ~83300 MD steps done (2665600 bead evals)
[driver] ~83400 MD steps done (2668800 bead evals)
[driver] ~83500 MD steps done (2672000 bead evals)
[driver] ~83600 MD steps done (2675200 bead evals)
[driver] ~83700 MD steps done (2678400 bead evals)
[driver] ~83800 MD steps done (2681600 bead evals)
[driver] ~83900 MD steps done (2684800 bead evals)
[driver] ~84000 MD steps done (2688000 bead evals)
[driver] ~84100 MD steps done (2691200 bead evals)
[driver] ~84200 MD steps done (2694400 bead evals)
[driver] ~84300 MD steps done (2697600 bead evals)
[driver] ~84400 MD steps done (2700800 bead evals)
[driver] ~84500 MD steps done (2704000 bead evals)
[driver] ~84600 MD steps done (2707200 bead evals)
[driver] ~84700 MD steps done (2710400 bead evals)
[driver] ~84800 MD steps done (2713600 bead evals)
[driver] ~84900 MD steps done (2716800 bead evals)
[driver] ~85000 MD steps done (2720000 bead evals)
[driver] ~85100 MD steps done (2723200 bead evals)
[driver] ~85200 MD steps done (2726400 bead evals)
[driver] ~85300 MD steps done (2729600 bead evals)
[driver] ~85400 MD steps done (2732800 bead evals)
[driver] ~85500 MD steps done (2736000 bead evals)
[driver] ~85600 MD steps done (2739200 bead evals)
[driver] ~85700 MD steps done (2742400 bead evals)
[driver] ~85800 MD steps done (2745600 bead evals)
[driver] ~85900 MD steps done (2748800 bead evals)
[driver] ~86000 MD steps done (2752000 bead evals)
[driver] ~86100 MD steps done (2755200 bead evals)
[driver] ~86200 MD steps done (2758400 bead evals)
[driver] ~86300 MD steps done (2761600 bead evals)
[driver] ~86400 MD steps done (2764800 bead evals)
[driver] ~86500 MD steps done (2768000 bead evals)
[driver] ~86600 MD steps done (2771200 bead evals)
[driver] ~86700 MD steps done (2774400 bead evals)
[driver] ~86800 MD steps done (2777600 bead evals)
[driver] ~86900 MD steps done (2780800 bead evals)
[driver] ~87000 MD steps done (2784000 bead evals)
[driver] ~87100 MD steps done (2787200 bead evals)
[driver] ~87200 MD steps done (2790400 bead evals)
[driver] ~87300 MD steps done (2793600 bead evals)
[driver] ~87400 MD steps done (2796800 bead evals)
[driver] ~87500 MD steps done (2800000 bead evals)
[driver] ~87600 MD steps done (2803200 bead evals)
[driver] ~87700 MD steps done (2806400 bead evals)
[driver] ~87800 MD steps done (2809600 bead evals)
[driver] ~87900 MD steps done (2812800 bead evals)
[driver] ~88000 MD steps done (2816000 bead evals)
[driver] ~88100 MD steps done (2819200 bead evals)
[driver] ~88200 MD steps done (2822400 bead evals)
[driver] ~88300 MD steps done (2825600 bead evals)
[driver] ~88400 MD steps done (2828800 bead evals)
[driver] ~88500 MD steps done (2832000 bead evals)
[driver] ~88600 MD steps done (2835200 bead evals)
[driver] ~88700 MD steps done (2838400 bead evals)
[driver] ~88800 MD steps done (2841600 bead evals)
[driver] ~88900 MD steps done (2844800 bead evals)
[driver] ~89000 MD steps done (2848000 bead evals)
[driver] ~89100 MD steps done (2851200 bead evals)
[driver] ~89200 MD steps done (2854400 bead evals)
[driver] ~89300 MD steps done (2857600 bead evals)
[driver] ~89400 MD steps done (2860800 bead evals)
[driver] ~89500 MD steps done (2864000 bead evals)
[driver] ~89600 MD steps done (2867200 bead evals)
[driver] ~89700 MD steps done (2870400 bead evals)
[driver] ~89800 MD steps done (2873600 bead evals)
[driver] ~89900 MD steps done (2876800 bead evals)
[driver] ~90000 MD steps done (2880000 bead evals)
[driver] ~90100 MD steps done (2883200 bead evals)
[driver] ~90200 MD steps done (2886400 bead evals)
[driver] ~90300 MD steps done (2889600 bead evals)
[driver] ~90400 MD steps done (2892800 bead evals)
[driver] ~90500 MD steps done (2896000 bead evals)
[driver] ~90600 MD steps done (2899200 bead evals)
[driver] ~90700 MD steps done (2902400 bead evals)
[driver] ~90800 MD steps done (2905600 bead evals)
[driver] ~90900 MD steps done (2908800 bead evals)
[driver] ~91000 MD steps done (2912000 bead evals)
[driver] ~91100 MD steps done (2915200 bead evals)
[driver] ~91200 MD steps done (2918400 bead evals)
[driver] ~91300 MD steps done (2921600 bead evals)
[driver] ~91400 MD steps done (2924800 bead evals)
[driver] ~91500 MD steps done (2928000 bead evals)
[driver] ~91600 MD steps done (2931200 bead evals)
[driver] ~91700 MD steps done (2934400 bead evals)
[driver] ~91800 MD steps done (2937600 bead evals)
[driver] ~91900 MD steps done (2940800 bead evals)
[driver] ~92000 MD steps done (2944000 bead evals)
[driver] ~92100 MD steps done (2947200 bead evals)
[driver] ~92200 MD steps done (2950400 bead evals)
[driver] ~92300 MD steps done (2953600 bead evals)
[driver] ~92400 MD steps done (2956800 bead evals)
[driver] ~92500 MD steps done (2960000 bead evals)
[driver] ~92600 MD steps done (2963200 bead evals)
[driver] ~92700 MD steps done (2966400 bead evals)
[driver] ~92800 MD steps done (2969600 bead evals)
[driver] ~92900 MD steps done (2972800 bead evals)
[driver] ~93000 MD steps done (2976000 bead evals)
[driver] ~93100 MD steps done (2979200 bead evals)
[driver] ~93200 MD steps done (2982400 bead evals)
[driver] ~93300 MD steps done (2985600 bead evals)
[driver] ~93400 MD steps done (2988800 bead evals)
[driver] ~93500 MD steps done (2992000 bead evals)
[driver] ~93600 MD steps done (2995200 bead evals)
[driver] ~93700 MD steps done (2998400 bead evals)
[driver] ~93800 MD steps done (3001600 bead evals)
[driver] ~93900 MD steps done (3004800 bead evals)
[driver] ~94000 MD steps done (3008000 bead evals)
[driver] ~94100 MD steps done (3011200 bead evals)
[driver] ~94200 MD steps done (3014400 bead evals)
[driver] ~94300 MD steps done (3017600 bead evals)
[driver] ~94400 MD steps done (3020800 bead evals)
[driver] ~94500 MD steps done (3024000 bead evals)
[driver] ~94600 MD steps done (3027200 bead evals)
[driver] ~94700 MD steps done (3030400 bead evals)
[driver] ~94800 MD steps done (3033600 bead evals)
[driver] ~94900 MD steps done (3036800 bead evals)
[driver] ~95000 MD steps done (3040000 bead evals)
[driver] ~95100 MD steps done (3043200 bead evals)
[driver] ~95200 MD steps done (3046400 bead evals)
[driver] ~95300 MD steps done (3049600 bead evals)
[driver] ~95400 MD steps done (3052800 bead evals)
[driver] ~95500 MD steps done (3056000 bead evals)
[driver] ~95600 MD steps done (3059200 bead evals)
[driver] ~95700 MD steps done (3062400 bead evals)
[driver] ~95800 MD steps done (3065600 bead evals)
[driver] ~95900 MD steps done (3068800 bead evals)
[driver] ~96000 MD steps done (3072000 bead evals)
[driver] ~96100 MD steps done (3075200 bead evals)
[driver] ~96200 MD steps done (3078400 bead evals)
[driver] ~96300 MD steps done (3081600 bead evals)
[driver] ~96400 MD steps done (3084800 bead evals)
[driver] ~96500 MD steps done (3088000 bead evals)
[driver] ~96600 MD steps done (3091200 bead evals)
[driver] ~96700 MD steps done (3094400 bead evals)
[driver] ~96800 MD steps done (3097600 bead evals)
[driver] ~96900 MD steps done (3100800 bead evals)
[driver] ~97000 MD steps done (3104000 bead evals)
[driver] ~97100 MD steps done (3107200 bead evals)
[driver] ~97200 MD steps done (3110400 bead evals)
[driver] ~97300 MD steps done (3113600 bead evals)
[driver] ~97400 MD steps done (3116800 bead evals)
[driver] ~97500 MD steps done (3120000 bead evals)
[driver] ~97600 MD steps done (3123200 bead evals)
[driver] ~97700 MD steps done (3126400 bead evals)
[driver] ~97800 MD steps done (3129600 bead evals)
[driver] ~97900 MD steps done (3132800 bead evals)
[driver] ~98000 MD steps done (3136000 bead evals)
[driver] ~98100 MD steps done (3139200 bead evals)
[driver] ~98200 MD steps done (3142400 bead evals)
[driver] ~98300 MD steps done (3145600 bead evals)
[driver] ~98400 MD steps done (3148800 bead evals)
[driver] ~98500 MD steps done (3152000 bead evals)
[driver] ~98600 MD steps done (3155200 bead evals)
[driver] ~98700 MD steps done (3158400 bead evals)
[driver] ~98800 MD steps done (3161600 bead evals)
[driver] ~98900 MD steps done (3164800 bead evals)
[driver] ~99000 MD steps done (3168000 bead evals)
[driver] ~99100 MD steps done (3171200 bead evals)
[driver] ~99200 MD steps done (3174400 bead evals)
[driver] ~99300 MD steps done (3177600 bead evals)
[driver] ~99400 MD steps done (3180800 bead evals)
[driver] ~99500 MD steps done (3184000 bead evals)
[driver] ~99600 MD steps done (3187200 bead evals)
[driver] ~99700 MD steps done (3190400 bead evals)
[driver] ~99800 MD steps done (3193600 bead evals)
[driver] ~99900 MD steps done (3196800 bead evals)
[driver] ~100000 MD steps done (3200000 bead evals)
[driver] ~100100 MD steps done (3203200 bead evals)
[driver] ~100200 MD steps done (3206400 bead evals)
[driver] ~100300 MD steps done (3209600 bead evals)
[driver] ~100400 MD steps done (3212800 bead evals)
[driver] ~100500 MD steps done (3216000 bead evals)
[driver] ~100600 MD steps done (3219200 bead evals)
[driver] ~100700 MD steps done (3222400 bead evals)
[driver] ~100800 MD steps done (3225600 bead evals)
[driver] ~100900 MD steps done (3228800 bead evals)
[driver] ~101000 MD steps done (3232000 bead evals)
[driver] ~101100 MD steps done (3235200 bead evals)
[driver] ~101200 MD steps done (3238400 bead evals)
[driver] ~101300 MD steps done (3241600 bead evals)
[driver] ~101400 MD steps done (3244800 bead evals)
[driver] ~101500 MD steps done (3248000 bead evals)
[driver] ~101600 MD steps done (3251200 bead evals)
[driver] ~101700 MD steps done (3254400 bead evals)
[driver] ~101800 MD steps done (3257600 bead evals)
[driver] ~101900 MD steps done (3260800 bead evals)
[driver] ~102000 MD steps done (3264000 bead evals)
[driver] ~102100 MD steps done (3267200 bead evals)
[driver] ~102200 MD steps done (3270400 bead evals)
[driver] ~102300 MD steps done (3273600 bead evals)
[driver] ~102400 MD steps done (3276800 bead evals)
[driver] ~102500 MD steps done (3280000 bead evals)
[driver] ~102600 MD steps done (3283200 bead evals)
[driver] ~102700 MD steps done (3286400 bead evals)
[driver] ~102800 MD steps done (3289600 bead evals)
[driver] ~102900 MD steps done (3292800 bead evals)
[driver] ~103000 MD steps done (3296000 bead evals)
[driver] ~103100 MD steps done (3299200 bead evals)
[driver] ~103200 MD steps done (3302400 bead evals)
[driver] ~103300 MD steps done (3305600 bead evals)
[driver] ~103400 MD steps done (3308800 bead evals)
[driver] ~103500 MD steps done (3312000 bead evals)
[driver] ~103600 MD steps done (3315200 bead evals)
[driver] ~103700 MD steps done (3318400 bead evals)
[driver] ~103800 MD steps done (3321600 bead evals)
[driver] ~103900 MD steps done (3324800 bead evals)
[driver] ~104000 MD steps done (3328000 bead evals)
[driver] ~104100 MD steps done (3331200 bead evals)
[driver] ~104200 MD steps done (3334400 bead evals)
[driver] ~104300 MD steps done (3337600 bead evals)
[driver] ~104400 MD steps done (3340800 bead evals)
[driver] ~104500 MD steps done (3344000 bead evals)
[driver] ~104600 MD steps done (3347200 bead evals)
[driver] ~104700 MD steps done (3350400 bead evals)
[driver] ~104800 MD steps done (3353600 bead evals)
[driver] ~104900 MD steps done (3356800 bead evals)
[driver] ~105000 MD steps done (3360000 bead evals)
[driver] ~105100 MD steps done (3363200 bead evals)
[driver] ~105200 MD steps done (3366400 bead evals)
[driver] ~105300 MD steps done (3369600 bead evals)
[driver] ~105400 MD steps done (3372800 bead evals)
[driver] ~105500 MD steps done (3376000 bead evals)
[driver] ~105600 MD steps done (3379200 bead evals)
[driver] ~105700 MD steps done (3382400 bead evals)
[driver] ~105800 MD steps done (3385600 bead evals)
[driver] ~105900 MD steps done (3388800 bead evals)
[driver] ~106000 MD steps done (3392000 bead evals)
[driver] ~106100 MD steps done (3395200 bead evals)
[driver] ~106200 MD steps done (3398400 bead evals)
[driver] ~106300 MD steps done (3401600 bead evals)
[driver] ~106400 MD steps done (3404800 bead evals)
[driver] ~106500 MD steps done (3408000 bead evals)
[driver] ~106600 MD steps done (3411200 bead evals)
[driver] ~106700 MD steps done (3414400 bead evals)
[driver] ~106800 MD steps done (3417600 bead evals)
[driver] ~106900 MD steps done (3420800 bead evals)
[driver] ~107000 MD steps done (3424000 bead evals)
[driver] ~107100 MD steps done (3427200 bead evals)
[driver] ~107200 MD steps done (3430400 bead evals)
[driver] ~107300 MD steps done (3433600 bead evals)
[driver] ~107400 MD steps done (3436800 bead evals)
[driver] ~107500 MD steps done (3440000 bead evals)
[driver] ~107600 MD steps done (3443200 bead evals)
[driver] ~107700 MD steps done (3446400 bead evals)
[driver] ~107800 MD steps done (3449600 bead evals)
[driver] ~107900 MD steps done (3452800 bead evals)
[driver] ~108000 MD steps done (3456000 bead evals)
[driver] ~108100 MD steps done (3459200 bead evals)
[driver] ~108200 MD steps done (3462400 bead evals)
[driver] ~108300 MD steps done (3465600 bead evals)
[driver] ~108400 MD steps done (3468800 bead evals)
[driver] ~108500 MD steps done (3472000 bead evals)
[driver] ~108600 MD steps done (3475200 bead evals)
[driver] ~108700 MD steps done (3478400 bead evals)
[driver] ~108800 MD steps done (3481600 bead evals)
[driver] ~108900 MD steps done (3484800 bead evals)
[driver] ~109000 MD steps done (3488000 bead evals)
[driver] ~109100 MD steps done (3491200 bead evals)
[driver] ~109200 MD steps done (3494400 bead evals)
[driver] ~109300 MD steps done (3497600 bead evals)
[driver] ~109400 MD steps done (3500800 bead evals)
[driver] ~109500 MD steps done (3504000 bead evals)
[driver] ~109600 MD steps done (3507200 bead evals)
[driver] ~109700 MD steps done (3510400 bead evals)
[driver] ~109800 MD steps done (3513600 bead evals)
[driver] ~109900 MD steps done (3516800 bead evals)
[driver] ~110000 MD steps done (3520000 bead evals)
[driver] ~110100 MD steps done (3523200 bead evals)
[driver] ~110200 MD steps done (3526400 bead evals)
[driver] ~110300 MD steps done (3529600 bead evals)
[driver] ~110400 MD steps done (3532800 bead evals)
[driver] ~110500 MD steps done (3536000 bead evals)
[driver] ~110600 MD steps done (3539200 bead evals)
[driver] ~110700 MD steps done (3542400 bead evals)
[driver] ~110800 MD steps done (3545600 bead evals)
[driver] ~110900 MD steps done (3548800 bead evals)
[driver] ~111000 MD steps done (3552000 bead evals)
[driver] ~111100 MD steps done (3555200 bead evals)
[driver] ~111200 MD steps done (3558400 bead evals)
[driver] ~111300 MD steps done (3561600 bead evals)
[driver] ~111400 MD steps done (3564800 bead evals)
[driver] ~111500 MD steps done (3568000 bead evals)
[driver] ~111600 MD steps done (3571200 bead evals)
[driver] ~111700 MD steps done (3574400 bead evals)
[driver] ~111800 MD steps done (3577600 bead evals)
[driver] ~111900 MD steps done (3580800 bead evals)
[driver] ~112000 MD steps done (3584000 bead evals)
[driver] ~112100 MD steps done (3587200 bead evals)
[driver] ~112200 MD steps done (3590400 bead evals)
[driver] ~112300 MD steps done (3593600 bead evals)
[driver] ~112400 MD steps done (3596800 bead evals)
[driver] ~112500 MD steps done (3600000 bead evals)
[driver] ~112600 MD steps done (3603200 bead evals)
[driver] ~112700 MD steps done (3606400 bead evals)
[driver] ~112800 MD steps done (3609600 bead evals)
[driver] ~112900 MD steps done (3612800 bead evals)
[driver] ~113000 MD steps done (3616000 bead evals)
[driver] ~113100 MD steps done (3619200 bead evals)
[driver] ~113200 MD steps done (3622400 bead evals)
[driver] ~113300 MD steps done (3625600 bead evals)
[driver] ~113400 MD steps done (3628800 bead evals)
[driver] ~113500 MD steps done (3632000 bead evals)
[driver] ~113600 MD steps done (3635200 bead evals)
[driver] ~113700 MD steps done (3638400 bead evals)
[driver] ~113800 MD steps done (3641600 bead evals)
[driver] ~113900 MD steps done (3644800 bead evals)
[driver] ~114000 MD steps done (3648000 bead evals)
[driver] ~114100 MD steps done (3651200 bead evals)
[driver] ~114200 MD steps done (3654400 bead evals)
[driver] ~114300 MD steps done (3657600 bead evals)
[driver] ~114400 MD steps done (3660800 bead evals)
[driver] ~114500 MD steps done (3664000 bead evals)
[driver] ~114600 MD steps done (3667200 bead evals)
[driver] ~114700 MD steps done (3670400 bead evals)
[driver] ~114800 MD steps done (3673600 bead evals)
[driver] ~114900 MD steps done (3676800 bead evals)
[driver] ~115000 MD steps done (3680000 bead evals)
[driver] ~115100 MD steps done (3683200 bead evals)
[driver] ~115200 MD steps done (3686400 bead evals)
[driver] ~115300 MD steps done (3689600 bead evals)
[driver] ~115400 MD steps done (3692800 bead evals)
[driver] ~115500 MD steps done (3696000 bead evals)
[driver] ~115600 MD steps done (3699200 bead evals)
[driver] ~115700 MD steps done (3702400 bead evals)
[driver] ~115800 MD steps done (3705600 bead evals)
[driver] ~115900 MD steps done (3708800 bead evals)
[driver] ~116000 MD steps done (3712000 bead evals)
[driver] ~116100 MD steps done (3715200 bead evals)
[driver] ~116200 MD steps done (3718400 bead evals)
[driver] ~116300 MD steps done (3721600 bead evals)
[driver] ~116400 MD steps done (3724800 bead evals)
[driver] ~116500 MD steps done (3728000 bead evals)
[driver] ~116600 MD steps done (3731200 bead evals)
[driver] ~116700 MD steps done (3734400 bead evals)
[driver] ~116800 MD steps done (3737600 bead evals)
[driver] ~116900 MD steps done (3740800 bead evals)
[driver] ~117000 MD steps done (3744000 bead evals)
[driver] ~117100 MD steps done (3747200 bead evals)
[driver] ~117200 MD steps done (3750400 bead evals)
[driver] ~117300 MD steps done (3753600 bead evals)
[driver] ~117400 MD steps done (3756800 bead evals)
[driver] ~117500 MD steps done (3760000 bead evals)
[driver] ~117600 MD steps done (3763200 bead evals)
[driver] ~117700 MD steps done (3766400 bead evals)
[driver] ~117800 MD steps done (3769600 bead evals)
[driver] ~117900 MD steps done (3772800 bead evals)
[driver] ~118000 MD steps done (3776000 bead evals)
[driver] ~118100 MD steps done (3779200 bead evals)
[driver] ~118200 MD steps done (3782400 bead evals)
[driver] ~118300 MD steps done (3785600 bead evals)
[driver] ~118400 MD steps done (3788800 bead evals)
[driver] ~118500 MD steps done (3792000 bead evals)
[driver] ~118600 MD steps done (3795200 bead evals)
[driver] ~118700 MD steps done (3798400 bead evals)
[driver] ~118800 MD steps done (3801600 bead evals)
[driver] ~118900 MD steps done (3804800 bead evals)
[driver] ~119000 MD steps done (3808000 bead evals)
[driver] ~119100 MD steps done (3811200 bead evals)
[driver] ~119200 MD steps done (3814400 bead evals)
[driver] ~119300 MD steps done (3817600 bead evals)
[driver] ~119400 MD steps done (3820800 bead evals)
[driver] ~119500 MD steps done (3824000 bead evals)
[driver] ~119600 MD steps done (3827200 bead evals)
[driver] ~119700 MD steps done (3830400 bead evals)
[driver] ~119800 MD steps done (3833600 bead evals)
[driver] ~119900 MD steps done (3836800 bead evals)
[driver] ~120000 MD steps done (3840000 bead evals)
[driver] ~120100 MD steps done (3843200 bead evals)
[driver] ~120200 MD steps done (3846400 bead evals)
[driver] ~120300 MD steps done (3849600 bead evals)
[driver] ~120400 MD steps done (3852800 bead evals)
[driver] ~120500 MD steps done (3856000 bead evals)
[driver] ~120600 MD steps done (3859200 bead evals)
[driver] ~120700 MD steps done (3862400 bead evals)
[driver] ~120800 MD steps done (3865600 bead evals)
[driver] ~120900 MD steps done (3868800 bead evals)
[driver] ~121000 MD steps done (3872000 bead evals)
[driver] ~121100 MD steps done (3875200 bead evals)
[driver] ~121200 MD steps done (3878400 bead evals)
[driver] ~121300 MD steps done (3881600 bead evals)
[driver] ~121400 MD steps done (3884800 bead evals)
[driver] ~121500 MD steps done (3888000 bead evals)
[driver] ~121600 MD steps done (3891200 bead evals)
[driver] ~121700 MD steps done (3894400 bead evals)
[driver] ~121800 MD steps done (3897600 bead evals)
[driver] ~121900 MD steps done (3900800 bead evals)
[driver] ~122000 MD steps done (3904000 bead evals)
[driver] ~122100 MD steps done (3907200 bead evals)
[driver] ~122200 MD steps done (3910400 bead evals)
[driver] ~122300 MD steps done (3913600 bead evals)
[driver] ~122400 MD steps done (3916800 bead evals)
[driver] ~122500 MD steps done (3920000 bead evals)
[driver] ~122600 MD steps done (3923200 bead evals)
[driver] ~122700 MD steps done (3926400 bead evals)
[driver] ~122800 MD steps done (3929600 bead evals)
[driver] ~122900 MD steps done (3932800 bead evals)
[driver] ~123000 MD steps done (3936000 bead evals)
[driver] ~123100 MD steps done (3939200 bead evals)
[driver] ~123200 MD steps done (3942400 bead evals)
[driver] ~123300 MD steps done (3945600 bead evals)
[driver] ~123400 MD steps done (3948800 bead evals)
[driver] ~123500 MD steps done (3952000 bead evals)
[driver] ~123600 MD steps done (3955200 bead evals)
[driver] ~123700 MD steps done (3958400 bead evals)
[driver] ~123800 MD steps done (3961600 bead evals)
[driver] ~123900 MD steps done (3964800 bead evals)
[driver] ~124000 MD steps done (3968000 bead evals)
[driver] ~124100 MD steps done (3971200 bead evals)
[driver] ~124200 MD steps done (3974400 bead evals)
[driver] ~124300 MD steps done (3977600 bead evals)
[driver] ~124400 MD steps done (3980800 bead evals)
[driver] ~124500 MD steps done (3984000 bead evals)
[driver] ~124600 MD steps done (3987200 bead evals)
[driver] ~124700 MD steps done (3990400 bead evals)
[driver] ~124800 MD steps done (3993600 bead evals)
[driver] ~124900 MD steps done (3996800 bead evals)
[driver] ~125000 MD steps done (4000000 bead evals)
[driver] ~125100 MD steps done (4003200 bead evals)
[driver] ~125200 MD steps done (4006400 bead evals)
[driver] ~125300 MD steps done (4009600 bead evals)
[driver] ~125400 MD steps done (4012800 bead evals)
[driver] ~125500 MD steps done (4016000 bead evals)
[driver] ~125600 MD steps done (4019200 bead evals)
[driver] ~125700 MD steps done (4022400 bead evals)
[driver] ~125800 MD steps done (4025600 bead evals)
[driver] ~125900 MD steps done (4028800 bead evals)
[driver] ~126000 MD steps done (4032000 bead evals)
[driver] ~126100 MD steps done (4035200 bead evals)
[driver] ~126200 MD steps done (4038400 bead evals)
[driver] ~126300 MD steps done (4041600 bead evals)
[driver] ~126400 MD steps done (4044800 bead evals)
[driver] ~126500 MD steps done (4048000 bead evals)
[driver] ~126600 MD steps done (4051200 bead evals)
[driver] ~126700 MD steps done (4054400 bead evals)
[driver] ~126800 MD steps done (4057600 bead evals)
[driver] ~126900 MD steps done (4060800 bead evals)
[driver] ~127000 MD steps done (4064000 bead evals)
[driver] ~127100 MD steps done (4067200 bead evals)
[driver] ~127200 MD steps done (4070400 bead evals)
[driver] ~127300 MD steps done (4073600 bead evals)
[driver] ~127400 MD steps done (4076800 bead evals)
[driver] ~127500 MD steps done (4080000 bead evals)
[driver] ~127600 MD steps done (4083200 bead evals)
[driver] ~127700 MD steps done (4086400 bead evals)
[driver] ~127800 MD steps done (4089600 bead evals)
[driver] ~127900 MD steps done (4092800 bead evals)
[driver] ~128000 MD steps done (4096000 bead evals)
[driver] ~128100 MD steps done (4099200 bead evals)
[driver] ~128200 MD steps done (4102400 bead evals)
[driver] ~128300 MD steps done (4105600 bead evals)
[driver] ~128400 MD steps done (4108800 bead evals)
[driver] ~128500 MD steps done (4112000 bead evals)
[driver] ~128600 MD steps done (4115200 bead evals)
[driver] ~128700 MD steps done (4118400 bead evals)
[driver] ~128800 MD steps done (4121600 bead evals)
[driver] ~128900 MD steps done (4124800 bead evals)
[driver] ~129000 MD steps done (4128000 bead evals)
[driver] ~129100 MD steps done (4131200 bead evals)
[driver] ~129200 MD steps done (4134400 bead evals)
[driver] ~129300 MD steps done (4137600 bead evals)
[driver] ~129400 MD steps done (4140800 bead evals)
[driver] ~129500 MD steps done (4144000 bead evals)
[driver] ~129600 MD steps done (4147200 bead evals)
[driver] ~129700 MD steps done (4150400 bead evals)
[driver] ~129800 MD steps done (4153600 bead evals)
[driver] ~129900 MD steps done (4156800 bead evals)
[driver] ~130000 MD steps done (4160000 bead evals)
[driver] ~130100 MD steps done (4163200 bead evals)
[driver] ~130200 MD steps done (4166400 bead evals)
[driver] ~130300 MD steps done (4169600 bead evals)
[driver] ~130400 MD steps done (4172800 bead evals)
[driver] ~130500 MD steps done (4176000 bead evals)
[driver] ~130600 MD steps done (4179200 bead evals)
[driver] ~130700 MD steps done (4182400 bead evals)
[driver] ~130800 MD steps done (4185600 bead evals)
[driver] ~130900 MD steps done (4188800 bead evals)
[driver] ~131000 MD steps done (4192000 bead evals)
[driver] ~131100 MD steps done (4195200 bead evals)
[driver] ~131200 MD steps done (4198400 bead evals)
[driver] ~131300 MD steps done (4201600 bead evals)
[driver] ~131400 MD steps done (4204800 bead evals)
[driver] ~131500 MD steps done (4208000 bead evals)
[driver] ~131600 MD steps done (4211200 bead evals)
[driver] ~131700 MD steps done (4214400 bead evals)
[driver] ~131800 MD steps done (4217600 bead evals)
[driver] ~131900 MD steps done (4220800 bead evals)
[driver] ~132000 MD steps done (4224000 bead evals)
[driver] ~132100 MD steps done (4227200 bead evals)
[driver] ~132200 MD steps done (4230400 bead evals)
[driver] ~132300 MD steps done (4233600 bead evals)
[driver] ~132400 MD steps done (4236800 bead evals)
[driver] ~132500 MD steps done (4240000 bead evals)
[driver] ~132600 MD steps done (4243200 bead evals)
[driver] ~132700 MD steps done (4246400 bead evals)
[driver] ~132800 MD steps done (4249600 bead evals)
[driver] ~132900 MD steps done (4252800 bead evals)
[driver] ~133000 MD steps done (4256000 bead evals)
[driver] ~133100 MD steps done (4259200 bead evals)
[driver] ~133200 MD steps done (4262400 bead evals)
[driver] ~133300 MD steps done (4265600 bead evals)
[driver] ~133400 MD steps done (4268800 bead evals)
[driver] ~133500 MD steps done (4272000 bead evals)
[driver] ~133600 MD steps done (4275200 bead evals)
[driver] ~133700 MD steps done (4278400 bead evals)
[driver] ~133800 MD steps done (4281600 bead evals)
[driver] ~133900 MD steps done (4284800 bead evals)
[driver] ~134000 MD steps done (4288000 bead evals)
[driver] ~134100 MD steps done (4291200 bead evals)
[driver] ~134200 MD steps done (4294400 bead evals)
[driver] ~134300 MD steps done (4297600 bead evals)
[driver] ~134400 MD steps done (4300800 bead evals)
[driver] ~134500 MD steps done (4304000 bead evals)
[driver] ~134600 MD steps done (4307200 bead evals)
[driver] ~134700 MD steps done (4310400 bead evals)
[driver] ~134800 MD steps done (4313600 bead evals)
[driver] ~134900 MD steps done (4316800 bead evals)
[driver] ~135000 MD steps done (4320000 bead evals)
[driver] ~135100 MD steps done (4323200 bead evals)
[driver] ~135200 MD steps done (4326400 bead evals)
[driver] ~135300 MD steps done (4329600 bead evals)
[driver] ~135400 MD steps done (4332800 bead evals)
[driver] ~135500 MD steps done (4336000 bead evals)
[driver] ~135600 MD steps done (4339200 bead evals)
[driver] ~135700 MD steps done (4342400 bead evals)
[driver] ~135800 MD steps done (4345600 bead evals)
[driver] ~135900 MD steps done (4348800 bead evals)
[driver] ~136000 MD steps done (4352000 bead evals)
[driver] ~136100 MD steps done (4355200 bead evals)
[driver] ~136200 MD steps done (4358400 bead evals)
[driver] ~136300 MD steps done (4361600 bead evals)
[driver] ~136400 MD steps done (4364800 bead evals)
[driver] ~136500 MD steps done (4368000 bead evals)
[driver] ~136600 MD steps done (4371200 bead evals)
[driver] ~136700 MD steps done (4374400 bead evals)
[driver] ~136800 MD steps done (4377600 bead evals)
[driver] ~136900 MD steps done (4380800 bead evals)
[driver] ~137000 MD steps done (4384000 bead evals)
[driver] ~137100 MD steps done (4387200 bead evals)
[driver] ~137200 MD steps done (4390400 bead evals)
[driver] ~137300 MD steps done (4393600 bead evals)
[driver] ~137400 MD steps done (4396800 bead evals)
[driver] ~137500 MD steps done (4400000 bead evals)
[driver] ~137600 MD steps done (4403200 bead evals)
[driver] ~137700 MD steps done (4406400 bead evals)
[driver] ~137800 MD steps done (4409600 bead evals)
[driver] ~137900 MD steps done (4412800 bead evals)
[driver] ~138000 MD steps done (4416000 bead evals)
[driver] ~138100 MD steps done (4419200 bead evals)
[driver] ~138200 MD steps done (4422400 bead evals)
[driver] ~138300 MD steps done (4425600 bead evals)
[driver] ~138400 MD steps done (4428800 bead evals)
[driver] ~138500 MD steps done (4432000 bead evals)
[driver] ~138600 MD steps done (4435200 bead evals)
[driver] ~138700 MD steps done (4438400 bead evals)
[driver] ~138800 MD steps done (4441600 bead evals)
[driver] ~138900 MD steps done (4444800 bead evals)
[driver] ~139000 MD steps done (4448000 bead evals)
[driver] ~139100 MD steps done (4451200 bead evals)
[driver] ~139200 MD steps done (4454400 bead evals)
[driver] ~139300 MD steps done (4457600 bead evals)
[driver] ~139400 MD steps done (4460800 bead evals)
[driver] ~139500 MD steps done (4464000 bead evals)
[driver] ~139600 MD steps done (4467200 bead evals)
[driver] ~139700 MD steps done (4470400 bead evals)
[driver] ~139800 MD steps done (4473600 bead evals)
[driver] ~139900 MD steps done (4476800 bead evals)
[driver] ~140000 MD steps done (4480000 bead evals)
[driver] ~140100 MD steps done (4483200 bead evals)
[driver] ~140200 MD steps done (4486400 bead evals)
[driver] ~140300 MD steps done (4489600 bead evals)
[driver] ~140400 MD steps done (4492800 bead evals)
[driver] ~140500 MD steps done (4496000 bead evals)
[driver] ~140600 MD steps done (4499200 bead evals)
[driver] ~140700 MD steps done (4502400 bead evals)
[driver] ~140800 MD steps done (4505600 bead evals)
[driver] ~140900 MD steps done (4508800 bead evals)
[driver] ~141000 MD steps done (4512000 bead evals)
[driver] ~141100 MD steps done (4515200 bead evals)
[driver] ~141200 MD steps done (4518400 bead evals)
[driver] ~141300 MD steps done (4521600 bead evals)
[driver] ~141400 MD steps done (4524800 bead evals)
[driver] ~141500 MD steps done (4528000 bead evals)
[driver] ~141600 MD steps done (4531200 bead evals)
[driver] ~141700 MD steps done (4534400 bead evals)
[driver] ~141800 MD steps done (4537600 bead evals)
[driver] ~141900 MD steps done (4540800 bead evals)
[driver] ~142000 MD steps done (4544000 bead evals)
[driver] ~142100 MD steps done (4547200 bead evals)
[driver] ~142200 MD steps done (4550400 bead evals)
[driver] ~142300 MD steps done (4553600 bead evals)
[driver] ~142400 MD steps done (4556800 bead evals)
[driver] ~142500 MD steps done (4560000 bead evals)
[driver] ~142600 MD steps done (4563200 bead evals)
[driver] ~142700 MD steps done (4566400 bead evals)
[driver] ~142800 MD steps done (4569600 bead evals)
[driver] ~142900 MD steps done (4572800 bead evals)
[driver] ~143000 MD steps done (4576000 bead evals)
[driver] ~143100 MD steps done (4579200 bead evals)
[driver] ~143200 MD steps done (4582400 bead evals)
[driver] ~143300 MD steps done (4585600 bead evals)
[driver] ~143400 MD steps done (4588800 bead evals)
[driver] ~143500 MD steps done (4592000 bead evals)
[driver] ~143600 MD steps done (4595200 bead evals)
[driver] ~143700 MD steps done (4598400 bead evals)
[driver] ~143800 MD steps done (4601600 bead evals)
[driver] ~143900 MD steps done (4604800 bead evals)
[driver] ~144000 MD steps done (4608000 bead evals)
[driver] ~144100 MD steps done (4611200 bead evals)
[driver] ~144200 MD steps done (4614400 bead evals)
[driver] ~144300 MD steps done (4617600 bead evals)
[driver] ~144400 MD steps done (4620800 bead evals)
[driver] ~144500 MD steps done (4624000 bead evals)
[driver] ~144600 MD steps done (4627200 bead evals)
[driver] ~144700 MD steps done (4630400 bead evals)
[driver] ~144800 MD steps done (4633600 bead evals)
[driver] ~144900 MD steps done (4636800 bead evals)
[driver] ~145000 MD steps done (4640000 bead evals)
[driver] ~145100 MD steps done (4643200 bead evals)
[driver] ~145200 MD steps done (4646400 bead evals)
[driver] ~145300 MD steps done (4649600 bead evals)
[driver] ~145400 MD steps done (4652800 bead evals)
[driver] ~145500 MD steps done (4656000 bead evals)
[driver] ~145600 MD steps done (4659200 bead evals)
[driver] ~145700 MD steps done (4662400 bead evals)
[driver] ~145800 MD steps done (4665600 bead evals)
[driver] ~145900 MD steps done (4668800 bead evals)
[driver] ~146000 MD steps done (4672000 bead evals)
[driver] ~146100 MD steps done (4675200 bead evals)
[driver] ~146200 MD steps done (4678400 bead evals)
[driver] ~146300 MD steps done (4681600 bead evals)
[driver] ~146400 MD steps done (4684800 bead evals)
[driver] ~146500 MD steps done (4688000 bead evals)
[driver] ~146600 MD steps done (4691200 bead evals)
[driver] ~146700 MD steps done (4694400 bead evals)
[driver] ~146800 MD steps done (4697600 bead evals)
[driver] ~146900 MD steps done (4700800 bead evals)
[driver] ~147000 MD steps done (4704000 bead evals)
[driver] ~147100 MD steps done (4707200 bead evals)
[driver] ~147200 MD steps done (4710400 bead evals)
[driver] ~147300 MD steps done (4713600 bead evals)
[driver] ~147400 MD steps done (4716800 bead evals)
[driver] ~147500 MD steps done (4720000 bead evals)
[driver] ~147600 MD steps done (4723200 bead evals)
[driver] ~147700 MD steps done (4726400 bead evals)
[driver] ~147800 MD steps done (4729600 bead evals)
[driver] ~147900 MD steps done (4732800 bead evals)
[driver] ~148000 MD steps done (4736000 bead evals)
[driver] ~148100 MD steps done (4739200 bead evals)
[driver] ~148200 MD steps done (4742400 bead evals)
[driver] ~148300 MD steps done (4745600 bead evals)
[driver] ~148400 MD steps done (4748800 bead evals)
[driver] ~148500 MD steps done (4752000 bead evals)
[driver] ~148600 MD steps done (4755200 bead evals)
[driver] ~148700 MD steps done (4758400 bead evals)
[driver] ~148800 MD steps done (4761600 bead evals)
[driver] ~148900 MD steps done (4764800 bead evals)
[driver] ~149000 MD steps done (4768000 bead evals)
[driver] ~149100 MD steps done (4771200 bead evals)
[driver] ~149200 MD steps done (4774400 bead evals)
[driver] ~149300 MD steps done (4777600 bead evals)
[driver] ~149400 MD steps done (4780800 bead evals)
[driver] ~149500 MD steps done (4784000 bead evals)
[driver] ~149600 MD steps done (4787200 bead evals)
[driver] ~149700 MD steps done (4790400 bead evals)
[driver] ~149800 MD steps done (4793600 bead evals)
[driver] ~149900 MD steps done (4796800 bead evals)
[driver] ~150000 MD steps done (4800000 bead evals)
[driver] ~150100 MD steps done (4803200 bead evals)
[driver] ~150200 MD steps done (4806400 bead evals)
[driver] ~150300 MD steps done (4809600 bead evals)
[driver] ~150400 MD steps done (4812800 bead evals)
[driver] ~150500 MD steps done (4816000 bead evals)
[driver] ~150600 MD steps done (4819200 bead evals)
[driver] ~150700 MD steps done (4822400 bead evals)
[driver] ~150800 MD steps done (4825600 bead evals)
[driver] ~150900 MD steps done (4828800 bead evals)
[driver] ~151000 MD steps done (4832000 bead evals)
[driver] ~151100 MD steps done (4835200 bead evals)
[driver] ~151200 MD steps done (4838400 bead evals)
[driver] ~151300 MD steps done (4841600 bead evals)
[driver] ~151400 MD steps done (4844800 bead evals)
[driver] ~151500 MD steps done (4848000 bead evals)
[driver] ~151600 MD steps done (4851200 bead evals)
[driver] ~151700 MD steps done (4854400 bead evals)
[driver] ~151800 MD steps done (4857600 bead evals)
[driver] ~151900 MD steps done (4860800 bead evals)
[driver] ~152000 MD steps done (4864000 bead evals)
[driver] ~152100 MD steps done (4867200 bead evals)
[driver] ~152200 MD steps done (4870400 bead evals)
[driver] ~152300 MD steps done (4873600 bead evals)
[driver] ~152400 MD steps done (4876800 bead evals)
[driver] ~152500 MD steps done (4880000 bead evals)
[driver] ~152600 MD steps done (4883200 bead evals)
[driver] ~152700 MD steps done (4886400 bead evals)
[driver] ~152800 MD steps done (4889600 bead evals)
[driver] ~152900 MD steps done (4892800 bead evals)
[driver] ~153000 MD steps done (4896000 bead evals)
[driver] ~153100 MD steps done (4899200 bead evals)
[driver] ~153200 MD steps done (4902400 bead evals)
[driver] ~153300 MD steps done (4905600 bead evals)
[driver] ~153400 MD steps done (4908800 bead evals)
[driver] ~153500 MD steps done (4912000 bead evals)
[driver] ~153600 MD steps done (4915200 bead evals)
[driver] ~153700 MD steps done (4918400 bead evals)
[driver] ~153800 MD steps done (4921600 bead evals)
[driver] ~153900 MD steps done (4924800 bead evals)
[driver] ~154000 MD steps done (4928000 bead evals)
[driver] ~154100 MD steps done (4931200 bead evals)
[driver] ~154200 MD steps done (4934400 bead evals)
[driver] ~154300 MD steps done (4937600 bead evals)
[driver] ~154400 MD steps done (4940800 bead evals)
[driver] ~154500 MD steps done (4944000 bead evals)
[driver] ~154600 MD steps done (4947200 bead evals)
[driver] ~154700 MD steps done (4950400 bead evals)
[driver] ~154800 MD steps done (4953600 bead evals)
[driver] ~154900 MD steps done (4956800 bead evals)
[driver] ~155000 MD steps done (4960000 bead evals)
[driver] ~155100 MD steps done (4963200 bead evals)
[driver] ~155200 MD steps done (4966400 bead evals)
[driver] ~155300 MD steps done (4969600 bead evals)
[driver] ~155400 MD steps done (4972800 bead evals)
[driver] ~155500 MD steps done (4976000 bead evals)
[driver] ~155600 MD steps done (4979200 bead evals)
[driver] ~155700 MD steps done (4982400 bead evals)
[driver] ~155800 MD steps done (4985600 bead evals)
[driver] ~155900 MD steps done (4988800 bead evals)
[driver] ~156000 MD steps done (4992000 bead evals)
[driver] ~156100 MD steps done (4995200 bead evals)
[driver] ~156200 MD steps done (4998400 bead evals)
[driver] ~156300 MD steps done (5001600 bead evals)
[driver] ~156400 MD steps done (5004800 bead evals)
[driver] ~156500 MD steps done (5008000 bead evals)
[driver] ~156600 MD steps done (5011200 bead evals)
[driver] ~156700 MD steps done (5014400 bead evals)
[driver] ~156800 MD steps done (5017600 bead evals)
[driver] ~156900 MD steps done (5020800 bead evals)
[driver] ~157000 MD steps done (5024000 bead evals)
[driver] ~157100 MD steps done (5027200 bead evals)
[driver] ~157200 MD steps done (5030400 bead evals)
[driver] ~157300 MD steps done (5033600 bead evals)
[driver] ~157400 MD steps done (5036800 bead evals)
[driver] ~157500 MD steps done (5040000 bead evals)
[driver] ~157600 MD steps done (5043200 bead evals)
[driver] ~157700 MD steps done (5046400 bead evals)
[driver] ~157800 MD steps done (5049600 bead evals)
[driver] ~157900 MD steps done (5052800 bead evals)
[driver] ~158000 MD steps done (5056000 bead evals)
[driver] ~158100 MD steps done (5059200 bead evals)
[driver] ~158200 MD steps done (5062400 bead evals)
[driver] ~158300 MD steps done (5065600 bead evals)
[driver] ~158400 MD steps done (5068800 bead evals)
[driver] ~158500 MD steps done (5072000 bead evals)
[driver] ~158600 MD steps done (5075200 bead evals)
[driver] ~158700 MD steps done (5078400 bead evals)
[driver] ~158800 MD steps done (5081600 bead evals)
[driver] ~158900 MD steps done (5084800 bead evals)
[driver] ~159000 MD steps done (5088000 bead evals)
[driver] ~159100 MD steps done (5091200 bead evals)
[driver] ~159200 MD steps done (5094400 bead evals)
[driver] ~159300 MD steps done (5097600 bead evals)
[driver] ~159400 MD steps done (5100800 bead evals)
[driver] ~159500 MD steps done (5104000 bead evals)
[driver] ~159600 MD steps done (5107200 bead evals)
[driver] ~159700 MD steps done (5110400 bead evals)
[driver] ~159800 MD steps done (5113600 bead evals)
[driver] ~159900 MD steps done (5116800 bead evals)
[driver] ~160000 MD steps done (5120000 bead evals)
[driver] ~160100 MD steps done (5123200 bead evals)
[driver] ~160200 MD steps done (5126400 bead evals)
[driver] ~160300 MD steps done (5129600 bead evals)
[driver] ~160400 MD steps done (5132800 bead evals)
[driver] ~160500 MD steps done (5136000 bead evals)
[driver] ~160600 MD steps done (5139200 bead evals)
[driver] ~160700 MD steps done (5142400 bead evals)
[driver] ~160800 MD steps done (5145600 bead evals)
[driver] ~160900 MD steps done (5148800 bead evals)
[driver] ~161000 MD steps done (5152000 bead evals)
[driver] ~161100 MD steps done (5155200 bead evals)
[driver] ~161200 MD steps done (5158400 bead evals)
[driver] ~161300 MD steps done (5161600 bead evals)
[driver] ~161400 MD steps done (5164800 bead evals)
[driver] ~161500 MD steps done (5168000 bead evals)
[driver] ~161600 MD steps done (5171200 bead evals)
[driver] ~161700 MD steps done (5174400 bead evals)
[driver] ~161800 MD steps done (5177600 bead evals)
[driver] ~161900 MD steps done (5180800 bead evals)
[driver] ~162000 MD steps done (5184000 bead evals)
[driver] ~162100 MD steps done (5187200 bead evals)
[driver] ~162200 MD steps done (5190400 bead evals)
[driver] ~162300 MD steps done (5193600 bead evals)
[driver] ~162400 MD steps done (5196800 bead evals)
[driver] ~162500 MD steps done (5200000 bead evals)
[driver] ~162600 MD steps done (5203200 bead evals)
[driver] ~162700 MD steps done (5206400 bead evals)
[driver] ~162800 MD steps done (5209600 bead evals)
[driver] ~162900 MD steps done (5212800 bead evals)
[driver] ~163000 MD steps done (5216000 bead evals)
[driver] ~163100 MD steps done (5219200 bead evals)
[driver] ~163200 MD steps done (5222400 bead evals)
[driver] ~163300 MD steps done (5225600 bead evals)
[driver] ~163400 MD steps done (5228800 bead evals)
[driver] ~163500 MD steps done (5232000 bead evals)
[driver] ~163600 MD steps done (5235200 bead evals)
[driver] ~163700 MD steps done (5238400 bead evals)
[driver] ~163800 MD steps done (5241600 bead evals)
[driver] ~163900 MD steps done (5244800 bead evals)
[driver] ~164000 MD steps done (5248000 bead evals)
[driver] ~164100 MD steps done (5251200 bead evals)
[driver] ~164200 MD steps done (5254400 bead evals)
[driver] ~164300 MD steps done (5257600 bead evals)
[driver] ~164400 MD steps done (5260800 bead evals)
[driver] ~164500 MD steps done (5264000 bead evals)
[driver] ~164600 MD steps done (5267200 bead evals)
[driver] ~164700 MD steps done (5270400 bead evals)
[driver] ~164800 MD steps done (5273600 bead evals)
[driver] ~164900 MD steps done (5276800 bead evals)
[driver] ~165000 MD steps done (5280000 bead evals)
[driver] ~165100 MD steps done (5283200 bead evals)
[driver] ~165200 MD steps done (5286400 bead evals)
[driver] ~165300 MD steps done (5289600 bead evals)
[driver] ~165400 MD steps done (5292800 bead evals)
[driver] ~165500 MD steps done (5296000 bead evals)
[driver] ~165600 MD steps done (5299200 bead evals)
[driver] ~165700 MD steps done (5302400 bead evals)
[driver] ~165800 MD steps done (5305600 bead evals)
[driver] ~165900 MD steps done (5308800 bead evals)
[driver] ~166000 MD steps done (5312000 bead evals)
[driver] ~166100 MD steps done (5315200 bead evals)
[driver] ~166200 MD steps done (5318400 bead evals)
[driver] ~166300 MD steps done (5321600 bead evals)
[driver] ~166400 MD steps done (5324800 bead evals)
[driver] ~166500 MD steps done (5328000 bead evals)
[driver] ~166600 MD steps done (5331200 bead evals)
[driver] ~166700 MD steps done (5334400 bead evals)
[driver] ~166800 MD steps done (5337600 bead evals)
[driver] ~166900 MD steps done (5340800 bead evals)
[driver] ~167000 MD steps done (5344000 bead evals)
[driver] ~167100 MD steps done (5347200 bead evals)
[driver] ~167200 MD steps done (5350400 bead evals)
[driver] ~167300 MD steps done (5353600 bead evals)
[driver] ~167400 MD steps done (5356800 bead evals)
[driver] ~167500 MD steps done (5360000 bead evals)
[driver] ~167600 MD steps done (5363200 bead evals)
[driver] ~167700 MD steps done (5366400 bead evals)
[driver] ~167800 MD steps done (5369600 bead evals)
[driver] ~167900 MD steps done (5372800 bead evals)
[driver] ~168000 MD steps done (5376000 bead evals)
[driver] ~168100 MD steps done (5379200 bead evals)
[driver] ~168200 MD steps done (5382400 bead evals)
[driver] ~168300 MD steps done (5385600 bead evals)
[driver] ~168400 MD steps done (5388800 bead evals)
[driver] ~168500 MD steps done (5392000 bead evals)
[driver] ~168600 MD steps done (5395200 bead evals)
[driver] ~168700 MD steps done (5398400 bead evals)
[driver] ~168800 MD steps done (5401600 bead evals)
[driver] ~168900 MD steps done (5404800 bead evals)
[driver] ~169000 MD steps done (5408000 bead evals)
[driver] ~169100 MD steps done (5411200 bead evals)
[driver] ~169200 MD steps done (5414400 bead evals)
[driver] ~169300 MD steps done (5417600 bead evals)
[driver] ~169400 MD steps done (5420800 bead evals)
[driver] ~169500 MD steps done (5424000 bead evals)
[driver] ~169600 MD steps done (5427200 bead evals)
[driver] ~169700 MD steps done (5430400 bead evals)
[driver] ~169800 MD steps done (5433600 bead evals)
[driver] ~169900 MD steps done (5436800 bead evals)
[driver] ~170000 MD steps done (5440000 bead evals)
[driver] ~170100 MD steps done (5443200 bead evals)
[driver] ~170200 MD steps done (5446400 bead evals)
[driver] ~170300 MD steps done (5449600 bead evals)
[driver] ~170400 MD steps done (5452800 bead evals)
[driver] ~170500 MD steps done (5456000 bead evals)
[driver] ~170600 MD steps done (5459200 bead evals)
[driver] ~170700 MD steps done (5462400 bead evals)
[driver] ~170800 MD steps done (5465600 bead evals)
[driver] ~170900 MD steps done (5468800 bead evals)
[driver] ~171000 MD steps done (5472000 bead evals)
[driver] ~171100 MD steps done (5475200 bead evals)
[driver] ~171200 MD steps done (5478400 bead evals)
[driver] ~171300 MD steps done (5481600 bead evals)
[driver] ~171400 MD steps done (5484800 bead evals)
[driver] ~171500 MD steps done (5488000 bead evals)
[driver] ~171600 MD steps done (5491200 bead evals)
[driver] ~171700 MD steps done (5494400 bead evals)
[driver] ~171800 MD steps done (5497600 bead evals)
[driver] ~171900 MD steps done (5500800 bead evals)
[driver] ~172000 MD steps done (5504000 bead evals)
[driver] ~172100 MD steps done (5507200 bead evals)
[driver] ~172200 MD steps done (5510400 bead evals)
[driver] ~172300 MD steps done (5513600 bead evals)
[driver] ~172400 MD steps done (5516800 bead evals)
[driver] ~172500 MD steps done (5520000 bead evals)
[driver] ~172600 MD steps done (5523200 bead evals)
[driver] ~172700 MD steps done (5526400 bead evals)
[driver] ~172800 MD steps done (5529600 bead evals)
[driver] ~172900 MD steps done (5532800 bead evals)
[driver] ~173000 MD steps done (5536000 bead evals)
[driver] ~173100 MD steps done (5539200 bead evals)
[driver] ~173200 MD steps done (5542400 bead evals)
[driver] ~173300 MD steps done (5545600 bead evals)
[driver] ~173400 MD steps done (5548800 bead evals)
[driver] ~173500 MD steps done (5552000 bead evals)
[driver] ~173600 MD steps done (5555200 bead evals)
[driver] ~173700 MD steps done (5558400 bead evals)
[driver] ~173800 MD steps done (5561600 bead evals)
[driver] ~173900 MD steps done (5564800 bead evals)
[driver] ~174000 MD steps done (5568000 bead evals)
[driver] ~174100 MD steps done (5571200 bead evals)
[driver] ~174200 MD steps done (5574400 bead evals)
[driver] ~174300 MD steps done (5577600 bead evals)
[driver] ~174400 MD steps done (5580800 bead evals)
[driver] ~174500 MD steps done (5584000 bead evals)
[driver] ~174600 MD steps done (5587200 bead evals)
[driver] ~174700 MD steps done (5590400 bead evals)
[driver] ~174800 MD steps done (5593600 bead evals)
[driver] ~174900 MD steps done (5596800 bead evals)
[driver] ~175000 MD steps done (5600000 bead evals)
[driver] ~175100 MD steps done (5603200 bead evals)
[driver] ~175200 MD steps done (5606400 bead evals)
[driver] ~175300 MD steps done (5609600 bead evals)
[driver] ~175400 MD steps done (5612800 bead evals)
[driver] ~175500 MD steps done (5616000 bead evals)
[driver] ~175600 MD steps done (5619200 bead evals)
[driver] ~175700 MD steps done (5622400 bead evals)
[driver] ~175800 MD steps done (5625600 bead evals)
[driver] ~175900 MD steps done (5628800 bead evals)
[driver] ~176000 MD steps done (5632000 bead evals)
[driver] ~176100 MD steps done (5635200 bead evals)
[driver] ~176200 MD steps done (5638400 bead evals)
[driver] ~176300 MD steps done (5641600 bead evals)
[driver] ~176400 MD steps done (5644800 bead evals)
[driver] ~176500 MD steps done (5648000 bead evals)
[driver] ~176600 MD steps done (5651200 bead evals)
[driver] ~176700 MD steps done (5654400 bead evals)
[driver] ~176800 MD steps done (5657600 bead evals)
[driver] ~176900 MD steps done (5660800 bead evals)
[driver] ~177000 MD steps done (5664000 bead evals)
[driver] ~177100 MD steps done (5667200 bead evals)
[driver] ~177200 MD steps done (5670400 bead evals)
[driver] ~177300 MD steps done (5673600 bead evals)
[driver] ~177400 MD steps done (5676800 bead evals)
[driver] ~177500 MD steps done (5680000 bead evals)
[driver] ~177600 MD steps done (5683200 bead evals)
[driver] ~177700 MD steps done (5686400 bead evals)
[driver] ~177800 MD steps done (5689600 bead evals)
[driver] ~177900 MD steps done (5692800 bead evals)
[driver] ~178000 MD steps done (5696000 bead evals)
[driver] ~178100 MD steps done (5699200 bead evals)
[driver] ~178200 MD steps done (5702400 bead evals)
[driver] ~178300 MD steps done (5705600 bead evals)
[driver] ~178400 MD steps done (5708800 bead evals)
[driver] ~178500 MD steps done (5712000 bead evals)
[driver] ~178600 MD steps done (5715200 bead evals)
[driver] ~178700 MD steps done (5718400 bead evals)
[driver] ~178800 MD steps done (5721600 bead evals)
[driver] ~178900 MD steps done (5724800 bead evals)
[driver] ~179000 MD steps done (5728000 bead evals)
[driver] ~179100 MD steps done (5731200 bead evals)
[driver] ~179200 MD steps done (5734400 bead evals)
[driver] ~179300 MD steps done (5737600 bead evals)
[driver] ~179400 MD steps done (5740800 bead evals)
[driver] ~179500 MD steps done (5744000 bead evals)
[driver] ~179600 MD steps done (5747200 bead evals)
[driver] ~179700 MD steps done (5750400 bead evals)
[driver] ~179800 MD steps done (5753600 bead evals)
[driver] ~179900 MD steps done (5756800 bead evals)
[driver] ~180000 MD steps done (5760000 bead evals)
[driver] ~180100 MD steps done (5763200 bead evals)
[driver] ~180200 MD steps done (5766400 bead evals)
[driver] ~180300 MD steps done (5769600 bead evals)
[driver] ~180400 MD steps done (5772800 bead evals)
[driver] ~180500 MD steps done (5776000 bead evals)
[driver] ~180600 MD steps done (5779200 bead evals)
[driver] ~180700 MD steps done (5782400 bead evals)
[driver] ~180800 MD steps done (5785600 bead evals)
[driver] ~180900 MD steps done (5788800 bead evals)
[driver] ~181000 MD steps done (5792000 bead evals)
[driver] ~181100 MD steps done (5795200 bead evals)
[driver] ~181200 MD steps done (5798400 bead evals)
[driver] ~181300 MD steps done (5801600 bead evals)
[driver] ~181400 MD steps done (5804800 bead evals)
[driver] ~181500 MD steps done (5808000 bead evals)
[driver] ~181600 MD steps done (5811200 bead evals)
[driver] ~181700 MD steps done (5814400 bead evals)
[driver] ~181800 MD steps done (5817600 bead evals)
[driver] ~181900 MD steps done (5820800 bead evals)
[driver] ~182000 MD steps done (5824000 bead evals)
[driver] ~182100 MD steps done (5827200 bead evals)
[driver] ~182200 MD steps done (5830400 bead evals)
[driver] ~182300 MD steps done (5833600 bead evals)
[driver] ~182400 MD steps done (5836800 bead evals)
[driver] ~182500 MD steps done (5840000 bead evals)
[driver] ~182600 MD steps done (5843200 bead evals)
[driver] ~182700 MD steps done (5846400 bead evals)
[driver] ~182800 MD steps done (5849600 bead evals)
[driver] ~182900 MD steps done (5852800 bead evals)
[driver] ~183000 MD steps done (5856000 bead evals)
[driver] ~183100 MD steps done (5859200 bead evals)
[driver] ~183200 MD steps done (5862400 bead evals)
[driver] ~183300 MD steps done (5865600 bead evals)
[driver] ~183400 MD steps done (5868800 bead evals)
[driver] ~183500 MD steps done (5872000 bead evals)
[driver] ~183600 MD steps done (5875200 bead evals)
[driver] ~183700 MD steps done (5878400 bead evals)
[driver] ~183800 MD steps done (5881600 bead evals)
[driver] ~183900 MD steps done (5884800 bead evals)
[driver] ~184000 MD steps done (5888000 bead evals)
[driver] ~184100 MD steps done (5891200 bead evals)
[driver] ~184200 MD steps done (5894400 bead evals)
[driver] ~184300 MD steps done (5897600 bead evals)
[driver] ~184400 MD steps done (5900800 bead evals)
[driver] ~184500 MD steps done (5904000 bead evals)
[driver] ~184600 MD steps done (5907200 bead evals)
[driver] ~184700 MD steps done (5910400 bead evals)
[driver] ~184800 MD steps done (5913600 bead evals)
[driver] ~184900 MD steps done (5916800 bead evals)
[driver] ~185000 MD steps done (5920000 bead evals)
[driver] ~185100 MD steps done (5923200 bead evals)
[driver] ~185200 MD steps done (5926400 bead evals)
[driver] ~185300 MD steps done (5929600 bead evals)
[driver] ~185400 MD steps done (5932800 bead evals)
[driver] ~185500 MD steps done (5936000 bead evals)
[driver] ~185600 MD steps done (5939200 bead evals)
[driver] ~185700 MD steps done (5942400 bead evals)
[driver] ~185800 MD steps done (5945600 bead evals)
[driver] ~185900 MD steps done (5948800 bead evals)
[driver] ~186000 MD steps done (5952000 bead evals)
[driver] ~186100 MD steps done (5955200 bead evals)
[driver] ~186200 MD steps done (5958400 bead evals)
[driver] ~186300 MD steps done (5961600 bead evals)
[driver] ~186400 MD steps done (5964800 bead evals)
[driver] ~186500 MD steps done (5968000 bead evals)
[driver] ~186600 MD steps done (5971200 bead evals)
[driver] ~186700 MD steps done (5974400 bead evals)
[driver] ~186800 MD steps done (5977600 bead evals)
[driver] ~186900 MD steps done (5980800 bead evals)
[driver] ~187000 MD steps done (5984000 bead evals)
[driver] ~187100 MD steps done (5987200 bead evals)
[driver] ~187200 MD steps done (5990400 bead evals)
[driver] ~187300 MD steps done (5993600 bead evals)
[driver] ~187400 MD steps done (5996800 bead evals)
[driver] ~187500 MD steps done (6000000 bead evals)
[driver] ~187600 MD steps done (6003200 bead evals)
[driver] ~187700 MD steps done (6006400 bead evals)
[driver] ~187800 MD steps done (6009600 bead evals)
[driver] ~187900 MD steps done (6012800 bead evals)
[driver] ~188000 MD steps done (6016000 bead evals)
[driver] ~188100 MD steps done (6019200 bead evals)
[driver] ~188200 MD steps done (6022400 bead evals)
[driver] ~188300 MD steps done (6025600 bead evals)
[driver] ~188400 MD steps done (6028800 bead evals)
[driver] ~188500 MD steps done (6032000 bead evals)
[driver] ~188600 MD steps done (6035200 bead evals)
[driver] ~188700 MD steps done (6038400 bead evals)
[driver] ~188800 MD steps done (6041600 bead evals)
[driver] ~188900 MD steps done (6044800 bead evals)
[driver] ~189000 MD steps done (6048000 bead evals)
[driver] ~189100 MD steps done (6051200 bead evals)
[driver] ~189200 MD steps done (6054400 bead evals)
[driver] ~189300 MD steps done (6057600 bead evals)
[driver] ~189400 MD steps done (6060800 bead evals)
[driver] ~189500 MD steps done (6064000 bead evals)
[driver] ~189600 MD steps done (6067200 bead evals)
[driver] ~189700 MD steps done (6070400 bead evals)
[driver] ~189800 MD steps done (6073600 bead evals)
[driver] ~189900 MD steps done (6076800 bead evals)
[driver] ~190000 MD steps done (6080000 bead evals)
[driver] ~190100 MD steps done (6083200 bead evals)
[driver] ~190200 MD steps done (6086400 bead evals)
[driver] ~190300 MD steps done (6089600 bead evals)
[driver] ~190400 MD steps done (6092800 bead evals)
[driver] ~190500 MD steps done (6096000 bead evals)
[driver] ~190600 MD steps done (6099200 bead evals)
[driver] ~190700 MD steps done (6102400 bead evals)
[driver] ~190800 MD steps done (6105600 bead evals)
[driver] ~190900 MD steps done (6108800 bead evals)
[driver] ~191000 MD steps done (6112000 bead evals)
[driver] ~191100 MD steps done (6115200 bead evals)
[driver] ~191200 MD steps done (6118400 bead evals)
[driver] ~191300 MD steps done (6121600 bead evals)
[driver] ~191400 MD steps done (6124800 bead evals)
[driver] ~191500 MD steps done (6128000 bead evals)
[driver] ~191600 MD steps done (6131200 bead evals)
[driver] ~191700 MD steps done (6134400 bead evals)
[driver] ~191800 MD steps done (6137600 bead evals)
[driver] ~191900 MD steps done (6140800 bead evals)
[driver] ~192000 MD steps done (6144000 bead evals)
[driver] ~192100 MD steps done (6147200 bead evals)
[driver] ~192200 MD steps done (6150400 bead evals)
[driver] ~192300 MD steps done (6153600 bead evals)
[driver] ~192400 MD steps done (6156800 bead evals)
[driver] ~192500 MD steps done (6160000 bead evals)
[driver] ~192600 MD steps done (6163200 bead evals)
[driver] ~192700 MD steps done (6166400 bead evals)
[driver] ~192800 MD steps done (6169600 bead evals)
[driver] ~192900 MD steps done (6172800 bead evals)
[driver] ~193000 MD steps done (6176000 bead evals)
[driver] ~193100 MD steps done (6179200 bead evals)
[driver] ~193200 MD steps done (6182400 bead evals)
[driver] ~193300 MD steps done (6185600 bead evals)
[driver] ~193400 MD steps done (6188800 bead evals)
[driver] ~193500 MD steps done (6192000 bead evals)
[driver] ~193600 MD steps done (6195200 bead evals)
[driver] ~193700 MD steps done (6198400 bead evals)
[driver] ~193800 MD steps done (6201600 bead evals)
[driver] ~193900 MD steps done (6204800 bead evals)
[driver] ~194000 MD steps done (6208000 bead evals)
[driver] ~194100 MD steps done (6211200 bead evals)
[driver] ~194200 MD steps done (6214400 bead evals)
[driver] ~194300 MD steps done (6217600 bead evals)
[driver] ~194400 MD steps done (6220800 bead evals)
[driver] ~194500 MD steps done (6224000 bead evals)
[driver] ~194600 MD steps done (6227200 bead evals)
[driver] ~194700 MD steps done (6230400 bead evals)
[driver] ~194800 MD steps done (6233600 bead evals)
[driver] ~194900 MD steps done (6236800 bead evals)
[driver] ~195000 MD steps done (6240000 bead evals)
[driver] ~195100 MD steps done (6243200 bead evals)
[driver] ~195200 MD steps done (6246400 bead evals)
[driver] ~195300 MD steps done (6249600 bead evals)
[driver] ~195400 MD steps done (6252800 bead evals)
[driver] ~195500 MD steps done (6256000 bead evals)
[driver] ~195600 MD steps done (6259200 bead evals)
[driver] ~195700 MD steps done (6262400 bead evals)
[driver] ~195800 MD steps done (6265600 bead evals)
[driver] ~195900 MD steps done (6268800 bead evals)
[driver] ~196000 MD steps done (6272000 bead evals)
[driver] ~196100 MD steps done (6275200 bead evals)
[driver] ~196200 MD steps done (6278400 bead evals)
[driver] ~196300 MD steps done (6281600 bead evals)
[driver] ~196400 MD steps done (6284800 bead evals)
[driver] ~196500 MD steps done (6288000 bead evals)
[driver] ~196600 MD steps done (6291200 bead evals)
[driver] ~196700 MD steps done (6294400 bead evals)
[driver] ~196800 MD steps done (6297600 bead evals)
[driver] ~196900 MD steps done (6300800 bead evals)
[driver] ~197000 MD steps done (6304000 bead evals)
[driver] ~197100 MD steps done (6307200 bead evals)
[driver] ~197200 MD steps done (6310400 bead evals)
[driver] ~197300 MD steps done (6313600 bead evals)
[driver] ~197400 MD steps done (6316800 bead evals)
[driver] ~197500 MD steps done (6320000 bead evals)
[driver] ~197600 MD steps done (6323200 bead evals)
[driver] ~197700 MD steps done (6326400 bead evals)
[driver] ~197800 MD steps done (6329600 bead evals)
[driver] ~197900 MD steps done (6332800 bead evals)
[driver] ~198000 MD steps done (6336000 bead evals)
[driver] ~198100 MD steps done (6339200 bead evals)
[driver] ~198200 MD steps done (6342400 bead evals)
[driver] ~198300 MD steps done (6345600 bead evals)
[driver] ~198400 MD steps done (6348800 bead evals)
[driver] ~198500 MD steps done (6352000 bead evals)
[driver] ~198600 MD steps done (6355200 bead evals)
[driver] ~198700 MD steps done (6358400 bead evals)
[driver] ~198800 MD steps done (6361600 bead evals)
[driver] ~198900 MD steps done (6364800 bead evals)
[driver] ~199000 MD steps done (6368000 bead evals)
[driver] ~199100 MD steps done (6371200 bead evals)
[driver] ~199200 MD steps done (6374400 bead evals)
[driver] ~199300 MD steps done (6377600 bead evals)
[driver] ~199400 MD steps done (6380800 bead evals)
[driver] ~199500 MD steps done (6384000 bead evals)
[driver] ~199600 MD steps done (6387200 bead evals)
[driver] ~199700 MD steps done (6390400 bead evals)
[driver] ~199800 MD steps done (6393600 bead evals)
[driver] ~199900 MD steps done (6396800 bead evals)
[driver] ~200000 MD steps done (6400000 bead evals)
[driver] ~200100 MD steps done (6403200 bead evals)
[driver] ~200200 MD steps done (6406400 bead evals)
[driver] ~200300 MD steps done (6409600 bead evals)
[driver] ~200400 MD steps done (6412800 bead evals)
[driver] ~200500 MD steps done (6416000 bead evals)
[driver] ~200600 MD steps done (6419200 bead evals)
[driver] ~200700 MD steps done (6422400 bead evals)
[driver] ~200800 MD steps done (6425600 bead evals)
[driver] ~200900 MD steps done (6428800 bead evals)
[driver] ~201000 MD steps done (6432000 bead evals)
[driver] ~201100 MD steps done (6435200 bead evals)
[driver] ~201200 MD steps done (6438400 bead evals)
[driver] ~201300 MD steps done (6441600 bead evals)
[driver] ~201400 MD steps done (6444800 bead evals)
[driver] ~201500 MD steps done (6448000 bead evals)
[driver] ~201600 MD steps done (6451200 bead evals)
[driver] ~201700 MD steps done (6454400 bead evals)
[driver] ~201800 MD steps done (6457600 bead evals)
[driver] ~201900 MD steps done (6460800 bead evals)
[driver] ~202000 MD steps done (6464000 bead evals)
[driver] ~202100 MD steps done (6467200 bead evals)
[driver] ~202200 MD steps done (6470400 bead evals)
[driver] ~202300 MD steps done (6473600 bead evals)
[driver] ~202400 MD steps done (6476800 bead evals)
[driver] ~202500 MD steps done (6480000 bead evals)
[driver] ~202600 MD steps done (6483200 bead evals)
[driver] ~202700 MD steps done (6486400 bead evals)
[driver] ~202800 MD steps done (6489600 bead evals)
[driver] ~202900 MD steps done (6492800 bead evals)
[driver] ~203000 MD steps done (6496000 bead evals)
[driver] ~203100 MD steps done (6499200 bead evals)
[driver] ~203200 MD steps done (6502400 bead evals)
[driver] ~203300 MD steps done (6505600 bead evals)
[driver] ~203400 MD steps done (6508800 bead evals)
[driver] ~203500 MD steps done (6512000 bead evals)
[driver] ~203600 MD steps done (6515200 bead evals)
[driver] ~203700 MD steps done (6518400 bead evals)
[driver] ~203800 MD steps done (6521600 bead evals)
[driver] ~203900 MD steps done (6524800 bead evals)
[driver] ~204000 MD steps done (6528000 bead evals)
[driver] ~204100 MD steps done (6531200 bead evals)
[driver] ~204200 MD steps done (6534400 bead evals)
[driver] ~204300 MD steps done (6537600 bead evals)
[driver] ~204400 MD steps done (6540800 bead evals)
[driver] ~204500 MD steps done (6544000 bead evals)
[driver] ~204600 MD steps done (6547200 bead evals)
[driver] ~204700 MD steps done (6550400 bead evals)
[driver] ~204800 MD steps done (6553600 bead evals)
[driver] ~204900 MD steps done (6556800 bead evals)
[driver] ~205000 MD steps done (6560000 bead evals)
[driver] ~205100 MD steps done (6563200 bead evals)
[driver] ~205200 MD steps done (6566400 bead evals)
[driver] ~205300 MD steps done (6569600 bead evals)
[driver] ~205400 MD steps done (6572800 bead evals)
[driver] ~205500 MD steps done (6576000 bead evals)
[driver] ~205600 MD steps done (6579200 bead evals)
[driver] ~205700 MD steps done (6582400 bead evals)
[driver] ~205800 MD steps done (6585600 bead evals)
[driver] ~205900 MD steps done (6588800 bead evals)
[driver] ~206000 MD steps done (6592000 bead evals)
[driver] ~206100 MD steps done (6595200 bead evals)
[driver] ~206200 MD steps done (6598400 bead evals)
[driver] ~206300 MD steps done (6601600 bead evals)
[driver] ~206400 MD steps done (6604800 bead evals)
[driver] ~206500 MD steps done (6608000 bead evals)
[driver] ~206600 MD steps done (6611200 bead evals)
[driver] ~206700 MD steps done (6614400 bead evals)
[driver] ~206800 MD steps done (6617600 bead evals)
[driver] ~206900 MD steps done (6620800 bead evals)
[driver] ~207000 MD steps done (6624000 bead evals)
[driver] ~207100 MD steps done (6627200 bead evals)
[driver] ~207200 MD steps done (6630400 bead evals)
[driver] ~207300 MD steps done (6633600 bead evals)
[driver] ~207400 MD steps done (6636800 bead evals)
[driver] ~207500 MD steps done (6640000 bead evals)
[driver] ~207600 MD steps done (6643200 bead evals)
[driver] ~207700 MD steps done (6646400 bead evals)
[driver] ~207800 MD steps done (6649600 bead evals)
[driver] ~207900 MD steps done (6652800 bead evals)
[driver] ~208000 MD steps done (6656000 bead evals)
[driver] ~208100 MD steps done (6659200 bead evals)
[driver] ~208200 MD steps done (6662400 bead evals)
[driver] ~208300 MD steps done (6665600 bead evals)
[driver] ~208400 MD steps done (6668800 bead evals)
[driver] ~208500 MD steps done (6672000 bead evals)
[driver] ~208600 MD steps done (6675200 bead evals)
[driver] ~208700 MD steps done (6678400 bead evals)
[driver] ~208800 MD steps done (6681600 bead evals)
[driver] ~208900 MD steps done (6684800 bead evals)
[driver] ~209000 MD steps done (6688000 bead evals)
[driver] ~209100 MD steps done (6691200 bead evals)
[driver] ~209200 MD steps done (6694400 bead evals)
[driver] ~209300 MD steps done (6697600 bead evals)
[driver] ~209400 MD steps done (6700800 bead evals)
[driver] ~209500 MD steps done (6704000 bead evals)
[driver] ~209600 MD steps done (6707200 bead evals)
[driver] ~209700 MD steps done (6710400 bead evals)
[driver] ~209800 MD steps done (6713600 bead evals)
[driver] ~209900 MD steps done (6716800 bead evals)
[driver] ~210000 MD steps done (6720000 bead evals)
[driver] ~210100 MD steps done (6723200 bead evals)
[driver] ~210200 MD steps done (6726400 bead evals)
[driver] ~210300 MD steps done (6729600 bead evals)
[driver] ~210400 MD steps done (6732800 bead evals)
[driver] ~210500 MD steps done (6736000 bead evals)
[driver] ~210600 MD steps done (6739200 bead evals)
[driver] ~210700 MD steps done (6742400 bead evals)
[driver] ~210800 MD steps done (6745600 bead evals)
[driver] ~210900 MD steps done (6748800 bead evals)
[driver] ~211000 MD steps done (6752000 bead evals)
[driver] ~211100 MD steps done (6755200 bead evals)
[driver] ~211200 MD steps done (6758400 bead evals)
[driver] ~211300 MD steps done (6761600 bead evals)
[driver] ~211400 MD steps done (6764800 bead evals)
[driver] ~211500 MD steps done (6768000 bead evals)
[driver] ~211600 MD steps done (6771200 bead evals)
[driver] ~211700 MD steps done (6774400 bead evals)
[driver] ~211800 MD steps done (6777600 bead evals)
[driver] ~211900 MD steps done (6780800 bead evals)
[driver] ~212000 MD steps done (6784000 bead evals)
[driver] ~212100 MD steps done (6787200 bead evals)
[driver] ~212200 MD steps done (6790400 bead evals)
[driver] ~212300 MD steps done (6793600 bead evals)
[driver] ~212400 MD steps done (6796800 bead evals)
[driver] ~212500 MD steps done (6800000 bead evals)
[driver] ~212600 MD steps done (6803200 bead evals)
[driver] ~212700 MD steps done (6806400 bead evals)
[driver] ~212800 MD steps done (6809600 bead evals)
[driver] ~212900 MD steps done (6812800 bead evals)
[driver] ~213000 MD steps done (6816000 bead evals)
[driver] ~213100 MD steps done (6819200 bead evals)
[driver] ~213200 MD steps done (6822400 bead evals)
[driver] ~213300 MD steps done (6825600 bead evals)
[driver] ~213400 MD steps done (6828800 bead evals)
[driver] ~213500 MD steps done (6832000 bead evals)
[driver] ~213600 MD steps done (6835200 bead evals)
[driver] ~213700 MD steps done (6838400 bead evals)
[driver] ~213800 MD steps done (6841600 bead evals)
[driver] ~213900 MD steps done (6844800 bead evals)
[driver] ~214000 MD steps done (6848000 bead evals)
[driver] ~214100 MD steps done (6851200 bead evals)
[driver] ~214200 MD steps done (6854400 bead evals)
[driver] ~214300 MD steps done (6857600 bead evals)
[driver] ~214400 MD steps done (6860800 bead evals)
[driver] ~214500 MD steps done (6864000 bead evals)
[driver] ~214600 MD steps done (6867200 bead evals)
[driver] ~214700 MD steps done (6870400 bead evals)
[driver] ~214800 MD steps done (6873600 bead evals)
[driver] ~214900 MD steps done (6876800 bead evals)
[driver] ~215000 MD steps done (6880000 bead evals)
[driver] ~215100 MD steps done (6883200 bead evals)
[driver] ~215200 MD steps done (6886400 bead evals)
[driver] ~215300 MD steps done (6889600 bead evals)
[driver] ~215400 MD steps done (6892800 bead evals)
[driver] ~215500 MD steps done (6896000 bead evals)
[driver] ~215600 MD steps done (6899200 bead evals)
[driver] ~215700 MD steps done (6902400 bead evals)
[driver] ~215800 MD steps done (6905600 bead evals)
[driver] ~215900 MD steps done (6908800 bead evals)
[driver] ~216000 MD steps done (6912000 bead evals)
[driver] ~216100 MD steps done (6915200 bead evals)
[driver] ~216200 MD steps done (6918400 bead evals)
[driver] ~216300 MD steps done (6921600 bead evals)
[driver] ~216400 MD steps done (6924800 bead evals)
[driver] ~216500 MD steps done (6928000 bead evals)
[driver] ~216600 MD steps done (6931200 bead evals)
[driver] ~216700 MD steps done (6934400 bead evals)
[driver] ~216800 MD steps done (6937600 bead evals)
[driver] ~216900 MD steps done (6940800 bead evals)
[driver] ~217000 MD steps done (6944000 bead evals)
[driver] ~217100 MD steps done (6947200 bead evals)
[driver] ~217200 MD steps done (6950400 bead evals)
[driver] ~217300 MD steps done (6953600 bead evals)
[driver] ~217400 MD steps done (6956800 bead evals)
[driver] ~217500 MD steps done (6960000 bead evals)
[driver] ~217600 MD steps done (6963200 bead evals)
[driver] ~217700 MD steps done (6966400 bead evals)
[driver] ~217800 MD steps done (6969600 bead evals)
[driver] ~217900 MD steps done (6972800 bead evals)
[driver] ~218000 MD steps done (6976000 bead evals)
[driver] ~218100 MD steps done (6979200 bead evals)
[driver] ~218200 MD steps done (6982400 bead evals)
[driver] ~218300 MD steps done (6985600 bead evals)
[driver] ~218400 MD steps done (6988800 bead evals)
[driver] ~218500 MD steps done (6992000 bead evals)
[driver] ~218600 MD steps done (6995200 bead evals)
[driver] ~218700 MD steps done (6998400 bead evals)
[driver] ~218800 MD steps done (7001600 bead evals)
[driver] ~218900 MD steps done (7004800 bead evals)
[driver] ~219000 MD steps done (7008000 bead evals)
[driver] ~219100 MD steps done (7011200 bead evals)
[driver] ~219200 MD steps done (7014400 bead evals)
[driver] ~219300 MD steps done (7017600 bead evals)
[driver] ~219400 MD steps done (7020800 bead evals)
[driver] ~219500 MD steps done (7024000 bead evals)
[driver] ~219600 MD steps done (7027200 bead evals)
[driver] ~219700 MD steps done (7030400 bead evals)
[driver] ~219800 MD steps done (7033600 bead evals)
[driver] ~219900 MD steps done (7036800 bead evals)
[driver] ~220000 MD steps done (7040000 bead evals)
[driver] ~220100 MD steps done (7043200 bead evals)
[driver] ~220200 MD steps done (7046400 bead evals)
[driver] ~220300 MD steps done (7049600 bead evals)
[driver] ~220400 MD steps done (7052800 bead evals)
[driver] ~220500 MD steps done (7056000 bead evals)
[driver] ~220600 MD steps done (7059200 bead evals)
[driver] ~220700 MD steps done (7062400 bead evals)
[driver] ~220800 MD steps done (7065600 bead evals)
[driver] ~220900 MD steps done (7068800 bead evals)
[driver] ~221000 MD steps done (7072000 bead evals)
[driver] ~221100 MD steps done (7075200 bead evals)
[driver] ~221200 MD steps done (7078400 bead evals)
[driver] ~221300 MD steps done (7081600 bead evals)
[driver] ~221400 MD steps done (7084800 bead evals)
[driver] ~221500 MD steps done (7088000 bead evals)
[driver] ~221600 MD steps done (7091200 bead evals)
[driver] ~221700 MD steps done (7094400 bead evals)
[driver] ~221800 MD steps done (7097600 bead evals)
[driver] ~221900 MD steps done (7100800 bead evals)
[driver] ~222000 MD steps done (7104000 bead evals)
[driver] ~222100 MD steps done (7107200 bead evals)
[driver] ~222200 MD steps done (7110400 bead evals)
[driver] ~222300 MD steps done (7113600 bead evals)
[driver] ~222400 MD steps done (7116800 bead evals)
[driver] ~222500 MD steps done (7120000 bead evals)
[driver] ~222600 MD steps done (7123200 bead evals)
[driver] ~222700 MD steps done (7126400 bead evals)
[driver] ~222800 MD steps done (7129600 bead evals)
[driver] ~222900 MD steps done (7132800 bead evals)
[driver] ~223000 MD steps done (7136000 bead evals)
[driver] ~223100 MD steps done (7139200 bead evals)
[driver] ~223200 MD steps done (7142400 bead evals)
[driver] ~223300 MD steps done (7145600 bead evals)
[driver] ~223400 MD steps done (7148800 bead evals)
[driver] ~223500 MD steps done (7152000 bead evals)
[driver] ~223600 MD steps done (7155200 bead evals)
[driver] ~223700 MD steps done (7158400 bead evals)
[driver] ~223800 MD steps done (7161600 bead evals)
[driver] ~223900 MD steps done (7164800 bead evals)
[driver] ~224000 MD steps done (7168000 bead evals)
[driver] ~224100 MD steps done (7171200 bead evals)
[driver] ~224200 MD steps done (7174400 bead evals)
[driver] ~224300 MD steps done (7177600 bead evals)
[driver] ~224400 MD steps done (7180800 bead evals)
[driver] ~224500 MD steps done (7184000 bead evals)
[driver] ~224600 MD steps done (7187200 bead evals)
[driver] ~224700 MD steps done (7190400 bead evals)
[driver] ~224800 MD steps done (7193600 bead evals)
[driver] ~224900 MD steps done (7196800 bead evals)
[driver] ~225000 MD steps done (7200000 bead evals)
[driver] ~225100 MD steps done (7203200 bead evals)
[driver] ~225200 MD steps done (7206400 bead evals)
[driver] ~225300 MD steps done (7209600 bead evals)
[driver] ~225400 MD steps done (7212800 bead evals)
[driver] ~225500 MD steps done (7216000 bead evals)
[driver] ~225600 MD steps done (7219200 bead evals)
[driver] ~225700 MD steps done (7222400 bead evals)
[driver] ~225800 MD steps done (7225600 bead evals)
[driver] ~225900 MD steps done (7228800 bead evals)
[driver] ~226000 MD steps done (7232000 bead evals)
[driver] ~226100 MD steps done (7235200 bead evals)
[driver] ~226200 MD steps done (7238400 bead evals)
[driver] ~226300 MD steps done (7241600 bead evals)
[driver] ~226400 MD steps done (7244800 bead evals)
[driver] ~226500 MD steps done (7248000 bead evals)
[driver] ~226600 MD steps done (7251200 bead evals)
[driver] ~226700 MD steps done (7254400 bead evals)
[driver] ~226800 MD steps done (7257600 bead evals)
[driver] ~226900 MD steps done (7260800 bead evals)
[driver] ~227000 MD steps done (7264000 bead evals)
[driver] ~227100 MD steps done (7267200 bead evals)
[driver] ~227200 MD steps done (7270400 bead evals)
[driver] ~227300 MD steps done (7273600 bead evals)
[driver] ~227400 MD steps done (7276800 bead evals)
[driver] ~227500 MD steps done (7280000 bead evals)
[driver] ~227600 MD steps done (7283200 bead evals)
[driver] ~227700 MD steps done (7286400 bead evals)
[driver] ~227800 MD steps done (7289600 bead evals)
[driver] ~227900 MD steps done (7292800 bead evals)
[driver] ~228000 MD steps done (7296000 bead evals)
[driver] ~228100 MD steps done (7299200 bead evals)
[driver] ~228200 MD steps done (7302400 bead evals)
[driver] ~228300 MD steps done (7305600 bead evals)
[driver] ~228400 MD steps done (7308800 bead evals)
[driver] ~228500 MD steps done (7312000 bead evals)
[driver] ~228600 MD steps done (7315200 bead evals)
[driver] ~228700 MD steps done (7318400 bead evals)
[driver] ~228800 MD steps done (7321600 bead evals)
[driver] ~228900 MD steps done (7324800 bead evals)
[driver] ~229000 MD steps done (7328000 bead evals)
[driver] ~229100 MD steps done (7331200 bead evals)
[driver] ~229200 MD steps done (7334400 bead evals)
[driver] ~229300 MD steps done (7337600 bead evals)
[driver] ~229400 MD steps done (7340800 bead evals)
[driver] ~229500 MD steps done (7344000 bead evals)
[driver] ~229600 MD steps done (7347200 bead evals)
[driver] ~229700 MD steps done (7350400 bead evals)
[driver] ~229800 MD steps done (7353600 bead evals)
[driver] ~229900 MD steps done (7356800 bead evals)
[driver] ~230000 MD steps done (7360000 bead evals)
[driver] ~230100 MD steps done (7363200 bead evals)
[driver] ~230200 MD steps done (7366400 bead evals)
[driver] ~230300 MD steps done (7369600 bead evals)
[driver] ~230400 MD steps done (7372800 bead evals)
[driver] ~230500 MD steps done (7376000 bead evals)
[driver] ~230600 MD steps done (7379200 bead evals)
[driver] ~230700 MD steps done (7382400 bead evals)
[driver] ~230800 MD steps done (7385600 bead evals)
[driver] ~230900 MD steps done (7388800 bead evals)
[driver] ~231000 MD steps done (7392000 bead evals)
[driver] ~231100 MD steps done (7395200 bead evals)
[driver] ~231200 MD steps done (7398400 bead evals)
[driver] ~231300 MD steps done (7401600 bead evals)
[driver] ~231400 MD steps done (7404800 bead evals)
[driver] ~231500 MD steps done (7408000 bead evals)
[driver] ~231600 MD steps done (7411200 bead evals)
[driver] ~231700 MD steps done (7414400 bead evals)
[driver] ~231800 MD steps done (7417600 bead evals)
[driver] ~231900 MD steps done (7420800 bead evals)
[driver] ~232000 MD steps done (7424000 bead evals)
[driver] ~232100 MD steps done (7427200 bead evals)
[driver] ~232200 MD steps done (7430400 bead evals)
[driver] ~232300 MD steps done (7433600 bead evals)
[driver] ~232400 MD steps done (7436800 bead evals)
[driver] ~232500 MD steps done (7440000 bead evals)
[driver] ~232600 MD steps done (7443200 bead evals)
[driver] ~232700 MD steps done (7446400 bead evals)
[driver] ~232800 MD steps done (7449600 bead evals)
[driver] ~232900 MD steps done (7452800 bead evals)
[driver] ~233000 MD steps done (7456000 bead evals)
[driver] ~233100 MD steps done (7459200 bead evals)
[driver] ~233200 MD steps done (7462400 bead evals)
[driver] ~233300 MD steps done (7465600 bead evals)
[driver] ~233400 MD steps done (7468800 bead evals)
[driver] ~233500 MD steps done (7472000 bead evals)
[driver] ~233600 MD steps done (7475200 bead evals)
[driver] ~233700 MD steps done (7478400 bead evals)
[driver] ~233800 MD steps done (7481600 bead evals)
[driver] ~233900 MD steps done (7484800 bead evals)
[driver] ~234000 MD steps done (7488000 bead evals)
[driver] ~234100 MD steps done (7491200 bead evals)
[driver] ~234200 MD steps done (7494400 bead evals)
[driver] ~234300 MD steps done (7497600 bead evals)
[driver] ~234400 MD steps done (7500800 bead evals)
[driver] ~234500 MD steps done (7504000 bead evals)
[driver] ~234600 MD steps done (7507200 bead evals)
[driver] ~234700 MD steps done (7510400 bead evals)
[driver] ~234800 MD steps done (7513600 bead evals)
[driver] ~234900 MD steps done (7516800 bead evals)
[driver] ~235000 MD steps done (7520000 bead evals)
[driver] ~235100 MD steps done (7523200 bead evals)
[driver] ~235200 MD steps done (7526400 bead evals)
[driver] ~235300 MD steps done (7529600 bead evals)
[driver] ~235400 MD steps done (7532800 bead evals)
[driver] ~235500 MD steps done (7536000 bead evals)
[driver] ~235600 MD steps done (7539200 bead evals)
[driver] ~235700 MD steps done (7542400 bead evals)
[driver] ~235800 MD steps done (7545600 bead evals)
[driver] ~235900 MD steps done (7548800 bead evals)
[driver] ~236000 MD steps done (7552000 bead evals)
[driver] ~236100 MD steps done (7555200 bead evals)
[driver] ~236200 MD steps done (7558400 bead evals)
[driver] ~236300 MD steps done (7561600 bead evals)
[driver] ~236400 MD steps done (7564800 bead evals)
[driver] ~236500 MD steps done (7568000 bead evals)
[driver] ~236600 MD steps done (7571200 bead evals)
[driver] ~236700 MD steps done (7574400 bead evals)
[driver] ~236800 MD steps done (7577600 bead evals)
[driver] ~236900 MD steps done (7580800 bead evals)
[driver] ~237000 MD steps done (7584000 bead evals)
[driver] ~237100 MD steps done (7587200 bead evals)
[driver] ~237200 MD steps done (7590400 bead evals)
[driver] ~237300 MD steps done (7593600 bead evals)
[driver] ~237400 MD steps done (7596800 bead evals)
[driver] ~237500 MD steps done (7600000 bead evals)
[driver] ~237600 MD steps done (7603200 bead evals)
[driver] ~237700 MD steps done (7606400 bead evals)
[driver] ~237800 MD steps done (7609600 bead evals)
[driver] ~237900 MD steps done (7612800 bead evals)
[driver] ~238000 MD steps done (7616000 bead evals)
[driver] ~238100 MD steps done (7619200 bead evals)
[driver] ~238200 MD steps done (7622400 bead evals)
[driver] ~238300 MD steps done (7625600 bead evals)
[driver] ~238400 MD steps done (7628800 bead evals)
[driver] ~238500 MD steps done (7632000 bead evals)
[driver] ~238600 MD steps done (7635200 bead evals)
[driver] ~238700 MD steps done (7638400 bead evals)
[driver] ~238800 MD steps done (7641600 bead evals)
[driver] ~238900 MD steps done (7644800 bead evals)
[driver] ~239000 MD steps done (7648000 bead evals)
[driver] ~239100 MD steps done (7651200 bead evals)
[driver] ~239200 MD steps done (7654400 bead evals)
[driver] ~239300 MD steps done (7657600 bead evals)
[driver] ~239400 MD steps done (7660800 bead evals)
[driver] ~239500 MD steps done (7664000 bead evals)
[driver] ~239600 MD steps done (7667200 bead evals)
[driver] ~239700 MD steps done (7670400 bead evals)
[driver] ~239800 MD steps done (7673600 bead evals)
[driver] ~239900 MD steps done (7676800 bead evals)
[driver] ~240000 MD steps done (7680000 bead evals)
[driver] ~240100 MD steps done (7683200 bead evals)
[driver] ~240200 MD steps done (7686400 bead evals)
[driver] ~240300 MD steps done (7689600 bead evals)
[driver] ~240400 MD steps done (7692800 bead evals)
[driver] ~240500 MD steps done (7696000 bead evals)
[driver] ~240600 MD steps done (7699200 bead evals)
[driver] ~240700 MD steps done (7702400 bead evals)
[driver] ~240800 MD steps done (7705600 bead evals)
[driver] ~240900 MD steps done (7708800 bead evals)
[driver] ~241000 MD steps done (7712000 bead evals)
[driver] ~241100 MD steps done (7715200 bead evals)
[driver] ~241200 MD steps done (7718400 bead evals)
[driver] ~241300 MD steps done (7721600 bead evals)
[driver] ~241400 MD steps done (7724800 bead evals)
[driver] ~241500 MD steps done (7728000 bead evals)
[driver] ~241600 MD steps done (7731200 bead evals)
[driver] ~241700 MD steps done (7734400 bead evals)
[driver] ~241800 MD steps done (7737600 bead evals)
[driver] ~241900 MD steps done (7740800 bead evals)
[driver] ~242000 MD steps done (7744000 bead evals)
[driver] ~242100 MD steps done (7747200 bead evals)
[driver] ~242200 MD steps done (7750400 bead evals)
[driver] ~242300 MD steps done (7753600 bead evals)
[driver] ~242400 MD steps done (7756800 bead evals)
[driver] ~242500 MD steps done (7760000 bead evals)
[driver] ~242600 MD steps done (7763200 bead evals)
[driver] ~242700 MD steps done (7766400 bead evals)
[driver] ~242800 MD steps done (7769600 bead evals)
[driver] ~242900 MD steps done (7772800 bead evals)
[driver] ~243000 MD steps done (7776000 bead evals)
[driver] ~243100 MD steps done (7779200 bead evals)
[driver] ~243200 MD steps done (7782400 bead evals)
[driver] ~243300 MD steps done (7785600 bead evals)
[driver] ~243400 MD steps done (7788800 bead evals)
[driver] ~243500 MD steps done (7792000 bead evals)
[driver] ~243600 MD steps done (7795200 bead evals)
[driver] ~243700 MD steps done (7798400 bead evals)
[driver] ~243800 MD steps done (7801600 bead evals)
[driver] ~243900 MD steps done (7804800 bead evals)
[driver] ~244000 MD steps done (7808000 bead evals)
[driver] ~244100 MD steps done (7811200 bead evals)
[driver] ~244200 MD steps done (7814400 bead evals)
[driver] ~244300 MD steps done (7817600 bead evals)
[driver] ~244400 MD steps done (7820800 bead evals)
[driver] ~244500 MD steps done (7824000 bead evals)
[driver] ~244600 MD steps done (7827200 bead evals)
[driver] ~244700 MD steps done (7830400 bead evals)
[driver] ~244800 MD steps done (7833600 bead evals)
[driver] ~244900 MD steps done (7836800 bead evals)
[driver] ~245000 MD steps done (7840000 bead evals)
[driver] ~245100 MD steps done (7843200 bead evals)
[driver] ~245200 MD steps done (7846400 bead evals)
[driver] ~245300 MD steps done (7849600 bead evals)
[driver] ~245400 MD steps done (7852800 bead evals)
[driver] ~245500 MD steps done (7856000 bead evals)
[driver] ~245600 MD steps done (7859200 bead evals)
[driver] ~245700 MD steps done (7862400 bead evals)
[driver] ~245800 MD steps done (7865600 bead evals)
[driver] ~245900 MD steps done (7868800 bead evals)
[driver] ~246000 MD steps done (7872000 bead evals)
[driver] ~246100 MD steps done (7875200 bead evals)
[driver] ~246200 MD steps done (7878400 bead evals)
[driver] ~246300 MD steps done (7881600 bead evals)
[driver] ~246400 MD steps done (7884800 bead evals)
[driver] ~246500 MD steps done (7888000 bead evals)
[driver] ~246600 MD steps done (7891200 bead evals)
[driver] ~246700 MD steps done (7894400 bead evals)
[driver] ~246800 MD steps done (7897600 bead evals)
[driver] ~246900 MD steps done (7900800 bead evals)
[driver] ~247000 MD steps done (7904000 bead evals)
[driver] ~247100 MD steps done (7907200 bead evals)
[driver] ~247200 MD steps done (7910400 bead evals)
[driver] ~247300 MD steps done (7913600 bead evals)
[driver] ~247400 MD steps done (7916800 bead evals)
[driver] ~247500 MD steps done (7920000 bead evals)
[driver] ~247600 MD steps done (7923200 bead evals)
[driver] ~247700 MD steps done (7926400 bead evals)
[driver] ~247800 MD steps done (7929600 bead evals)
[driver] ~247900 MD steps done (7932800 bead evals)
[driver] ~248000 MD steps done (7936000 bead evals)
[driver] ~248100 MD steps done (7939200 bead evals)
[driver] ~248200 MD steps done (7942400 bead evals)
[driver] ~248300 MD steps done (7945600 bead evals)
[driver] ~248400 MD steps done (7948800 bead evals)
[driver] ~248500 MD steps done (7952000 bead evals)
[driver] ~248600 MD steps done (7955200 bead evals)
[driver] ~248700 MD steps done (7958400 bead evals)
[driver] ~248800 MD steps done (7961600 bead evals)
[driver] ~248900 MD steps done (7964800 bead evals)
[driver] ~249000 MD steps done (7968000 bead evals)
[driver] ~249100 MD steps done (7971200 bead evals)
[driver] ~249200 MD steps done (7974400 bead evals)
[driver] ~249300 MD steps done (7977600 bead evals)
[driver] ~249400 MD steps done (7980800 bead evals)
[driver] ~249500 MD steps done (7984000 bead evals)
[driver] ~249600 MD steps done (7987200 bead evals)
[driver] ~249700 MD steps done (7990400 bead evals)
[driver] ~249800 MD steps done (7993600 bead evals)
[driver] ~249900 MD steps done (7996800 bead evals)
[driver] ~250000 MD steps done (8000000 bead evals)
[driver] ~250100 MD steps done (8003200 bead evals)
[driver] ~250200 MD steps done (8006400 bead evals)
[driver] ~250300 MD steps done (8009600 bead evals)
[driver] ~250400 MD steps done (8012800 bead evals)
[driver] ~250500 MD steps done (8016000 bead evals)
[driver] ~250600 MD steps done (8019200 bead evals)
[driver] ~250700 MD steps done (8022400 bead evals)
[driver] ~250800 MD steps done (8025600 bead evals)
[driver] ~250900 MD steps done (8028800 bead evals)
[driver] ~251000 MD steps done (8032000 bead evals)
[driver] ~251100 MD steps done (8035200 bead evals)
[driver] ~251200 MD steps done (8038400 bead evals)
[driver] ~251300 MD steps done (8041600 bead evals)
[driver] ~251400 MD steps done (8044800 bead evals)
[driver] ~251500 MD steps done (8048000 bead evals)
[driver] ~251600 MD steps done (8051200 bead evals)
[driver] ~251700 MD steps done (8054400 bead evals)
[driver] ~251800 MD steps done (8057600 bead evals)
[driver] ~251900 MD steps done (8060800 bead evals)
[driver] ~252000 MD steps done (8064000 bead evals)
[driver] ~252100 MD steps done (8067200 bead evals)
[driver] ~252200 MD steps done (8070400 bead evals)
[driver] ~252300 MD steps done (8073600 bead evals)
[driver] ~252400 MD steps done (8076800 bead evals)
[driver] ~252500 MD steps done (8080000 bead evals)
[driver] ~252600 MD steps done (8083200 bead evals)
[driver] ~252700 MD steps done (8086400 bead evals)
[driver] ~252800 MD steps done (8089600 bead evals)
[driver] ~252900 MD steps done (8092800 bead evals)
[driver] ~253000 MD steps done (8096000 bead evals)
[driver] ~253100 MD steps done (8099200 bead evals)
[driver] ~253200 MD steps done (8102400 bead evals)
[driver] ~253300 MD steps done (8105600 bead evals)
[driver] ~253400 MD steps done (8108800 bead evals)
[driver] ~253500 MD steps done (8112000 bead evals)
[driver] ~253600 MD steps done (8115200 bead evals)
[driver] ~253700 MD steps done (8118400 bead evals)
[driver] ~253800 MD steps done (8121600 bead evals)
[driver] ~253900 MD steps done (8124800 bead evals)
[driver] ~254000 MD steps done (8128000 bead evals)
[driver] ~254100 MD steps done (8131200 bead evals)
[driver] ~254200 MD steps done (8134400 bead evals)
[driver] ~254300 MD steps done (8137600 bead evals)
[driver] ~254400 MD steps done (8140800 bead evals)
[driver] ~254500 MD steps done (8144000 bead evals)
[driver] ~254600 MD steps done (8147200 bead evals)
[driver] ~254700 MD steps done (8150400 bead evals)
[driver] ~254800 MD steps done (8153600 bead evals)
[driver] ~254900 MD steps done (8156800 bead evals)
[driver] ~255000 MD steps done (8160000 bead evals)
[driver] ~255100 MD steps done (8163200 bead evals)
[driver] ~255200 MD steps done (8166400 bead evals)
[driver] ~255300 MD steps done (8169600 bead evals)
[driver] ~255400 MD steps done (8172800 bead evals)
[driver] ~255500 MD steps done (8176000 bead evals)
[driver] ~255600 MD steps done (8179200 bead evals)
[driver] ~255700 MD steps done (8182400 bead evals)
[driver] ~255800 MD steps done (8185600 bead evals)
[driver] ~255900 MD steps done (8188800 bead evals)
[driver] ~256000 MD steps done (8192000 bead evals)
[driver] ~256100 MD steps done (8195200 bead evals)
[driver] ~256200 MD steps done (8198400 bead evals)
[driver] ~256300 MD steps done (8201600 bead evals)
[driver] ~256400 MD steps done (8204800 bead evals)
[driver] ~256500 MD steps done (8208000 bead evals)
[driver] ~256600 MD steps done (8211200 bead evals)
[driver] ~256700 MD steps done (8214400 bead evals)
[driver] ~256800 MD steps done (8217600 bead evals)
[driver] ~256900 MD steps done (8220800 bead evals)
[driver] ~257000 MD steps done (8224000 bead evals)
[driver] ~257100 MD steps done (8227200 bead evals)
[driver] ~257200 MD steps done (8230400 bead evals)
[driver] ~257300 MD steps done (8233600 bead evals)
[driver] ~257400 MD steps done (8236800 bead evals)
[driver] ~257500 MD steps done (8240000 bead evals)
[driver] ~257600 MD steps done (8243200 bead evals)
[driver] ~257700 MD steps done (8246400 bead evals)
[driver] ~257800 MD steps done (8249600 bead evals)
[driver] ~257900 MD steps done (8252800 bead evals)
[driver] ~258000 MD steps done (8256000 bead evals)
[driver] ~258100 MD steps done (8259200 bead evals)
[driver] ~258200 MD steps done (8262400 bead evals)
[driver] ~258300 MD steps done (8265600 bead evals)
[driver] ~258400 MD steps done (8268800 bead evals)
[driver] ~258500 MD steps done (8272000 bead evals)
[driver] ~258600 MD steps done (8275200 bead evals)
[driver] ~258700 MD steps done (8278400 bead evals)
[driver] ~258800 MD steps done (8281600 bead evals)
[driver] ~258900 MD steps done (8284800 bead evals)
[driver] ~259000 MD steps done (8288000 bead evals)
[driver] ~259100 MD steps done (8291200 bead evals)
[driver] ~259200 MD steps done (8294400 bead evals)
[driver] ~259300 MD steps done (8297600 bead evals)
[driver] ~259400 MD steps done (8300800 bead evals)
[driver] ~259500 MD steps done (8304000 bead evals)
[driver] ~259600 MD steps done (8307200 bead evals)
[driver] ~259700 MD steps done (8310400 bead evals)
[driver] ~259800 MD steps done (8313600 bead evals)
[driver] ~259900 MD steps done (8316800 bead evals)
[driver] ~260000 MD steps done (8320000 bead evals)
[driver] ~260100 MD steps done (8323200 bead evals)
[driver] ~260200 MD steps done (8326400 bead evals)
[driver] ~260300 MD steps done (8329600 bead evals)
[driver] ~260400 MD steps done (8332800 bead evals)
[driver] ~260500 MD steps done (8336000 bead evals)
[driver] ~260600 MD steps done (8339200 bead evals)
[driver] ~260700 MD steps done (8342400 bead evals)
[driver] ~260800 MD steps done (8345600 bead evals)
[driver] ~260900 MD steps done (8348800 bead evals)
[driver] ~261000 MD steps done (8352000 bead evals)
[driver] ~261100 MD steps done (8355200 bead evals)
[driver] ~261200 MD steps done (8358400 bead evals)
[driver] ~261300 MD steps done (8361600 bead evals)
[driver] ~261400 MD steps done (8364800 bead evals)
[driver] ~261500 MD steps done (8368000 bead evals)
[driver] ~261600 MD steps done (8371200 bead evals)
[driver] ~261700 MD steps done (8374400 bead evals)
[driver] ~261800 MD steps done (8377600 bead evals)
[driver] ~261900 MD steps done (8380800 bead evals)
[driver] ~262000 MD steps done (8384000 bead evals)
[driver] ~262100 MD steps done (8387200 bead evals)
[driver] ~262200 MD steps done (8390400 bead evals)
[driver] ~262300 MD steps done (8393600 bead evals)
[driver] ~262400 MD steps done (8396800 bead evals)
[driver] ~262500 MD steps done (8400000 bead evals)
[driver] ~262600 MD steps done (8403200 bead evals)
[driver] ~262700 MD steps done (8406400 bead evals)
[driver] ~262800 MD steps done (8409600 bead evals)
[driver] ~262900 MD steps done (8412800 bead evals)
[driver] ~263000 MD steps done (8416000 bead evals)
[driver] ~263100 MD steps done (8419200 bead evals)
[driver] ~263200 MD steps done (8422400 bead evals)
[driver] ~263300 MD steps done (8425600 bead evals)
[driver] ~263400 MD steps done (8428800 bead evals)
[driver] ~263500 MD steps done (8432000 bead evals)
[driver] ~263600 MD steps done (8435200 bead evals)
[driver] ~263700 MD steps done (8438400 bead evals)
[driver] ~263800 MD steps done (8441600 bead evals)
[driver] ~263900 MD steps done (8444800 bead evals)
[driver] ~264000 MD steps done (8448000 bead evals)
[driver] ~264100 MD steps done (8451200 bead evals)
[driver] ~264200 MD steps done (8454400 bead evals)
[driver] ~264300 MD steps done (8457600 bead evals)
[driver] ~264400 MD steps done (8460800 bead evals)
[driver] ~264500 MD steps done (8464000 bead evals)
[driver] ~264600 MD steps done (8467200 bead evals)
[driver] ~264700 MD steps done (8470400 bead evals)
[driver] ~264800 MD steps done (8473600 bead evals)
[driver] ~264900 MD steps done (8476800 bead evals)
[driver] ~265000 MD steps done (8480000 bead evals)
[driver] ~265100 MD steps done (8483200 bead evals)
[driver] ~265200 MD steps done (8486400 bead evals)
[driver] ~265300 MD steps done (8489600 bead evals)
[driver] ~265400 MD steps done (8492800 bead evals)
[driver] ~265500 MD steps done (8496000 bead evals)
[driver] ~265600 MD steps done (8499200 bead evals)
[driver] ~265700 MD steps done (8502400 bead evals)
[driver] ~265800 MD steps done (8505600 bead evals)
[driver] ~265900 MD steps done (8508800 bead evals)
[driver] ~266000 MD steps done (8512000 bead evals)
[driver] ~266100 MD steps done (8515200 bead evals)
[driver] ~266200 MD steps done (8518400 bead evals)
[driver] ~266300 MD steps done (8521600 bead evals)
[driver] ~266400 MD steps done (8524800 bead evals)
[driver] ~266500 MD steps done (8528000 bead evals)
[driver] ~266600 MD steps done (8531200 bead evals)
[driver] ~266700 MD steps done (8534400 bead evals)
[driver] ~266800 MD steps done (8537600 bead evals)
[driver] ~266900 MD steps done (8540800 bead evals)
[driver] ~267000 MD steps done (8544000 bead evals)
[driver] ~267100 MD steps done (8547200 bead evals)
[driver] ~267200 MD steps done (8550400 bead evals)
[driver] ~267300 MD steps done (8553600 bead evals)
[driver] ~267400 MD steps done (8556800 bead evals)
[driver] ~267500 MD steps done (8560000 bead evals)
[driver] ~267600 MD steps done (8563200 bead evals)
[driver] ~267700 MD steps done (8566400 bead evals)
[driver] ~267800 MD steps done (8569600 bead evals)
[driver] ~267900 MD steps done (8572800 bead evals)
[driver] ~268000 MD steps done (8576000 bead evals)
[driver] ~268100 MD steps done (8579200 bead evals)
[driver] ~268200 MD steps done (8582400 bead evals)
[driver] ~268300 MD steps done (8585600 bead evals)
[driver] ~268400 MD steps done (8588800 bead evals)
[driver] ~268500 MD steps done (8592000 bead evals)
[driver] ~268600 MD steps done (8595200 bead evals)
[driver] ~268700 MD steps done (8598400 bead evals)
[driver] ~268800 MD steps done (8601600 bead evals)
[driver] ~268900 MD steps done (8604800 bead evals)
[driver] ~269000 MD steps done (8608000 bead evals)
[driver] ~269100 MD steps done (8611200 bead evals)
[driver] ~269200 MD steps done (8614400 bead evals)
[driver] ~269300 MD steps done (8617600 bead evals)
[driver] ~269400 MD steps done (8620800 bead evals)
[driver] ~269500 MD steps done (8624000 bead evals)
[driver] ~269600 MD steps done (8627200 bead evals)
[driver] ~269700 MD steps done (8630400 bead evals)
[driver] ~269800 MD steps done (8633600 bead evals)
[driver] ~269900 MD steps done (8636800 bead evals)
[driver] ~270000 MD steps done (8640000 bead evals)
[driver] ~270100 MD steps done (8643200 bead evals)
[driver] ~270200 MD steps done (8646400 bead evals)
[driver] ~270300 MD steps done (8649600 bead evals)
[driver] ~270400 MD steps done (8652800 bead evals)
[driver] ~270500 MD steps done (8656000 bead evals)
[driver] ~270600 MD steps done (8659200 bead evals)
[driver] ~270700 MD steps done (8662400 bead evals)
[driver] ~270800 MD steps done (8665600 bead evals)
[driver] ~270900 MD steps done (8668800 bead evals)
[driver] ~271000 MD steps done (8672000 bead evals)
[driver] ~271100 MD steps done (8675200 bead evals)
[driver] ~271200 MD steps done (8678400 bead evals)
[driver] ~271300 MD steps done (8681600 bead evals)
[driver] ~271400 MD steps done (8684800 bead evals)
[driver] ~271500 MD steps done (8688000 bead evals)
[driver] ~271600 MD steps done (8691200 bead evals)
[driver] ~271700 MD steps done (8694400 bead evals)
[driver] ~271800 MD steps done (8697600 bead evals)
[driver] ~271900 MD steps done (8700800 bead evals)
[driver] ~272000 MD steps done (8704000 bead evals)
[driver] ~272100 MD steps done (8707200 bead evals)
[driver] ~272200 MD steps done (8710400 bead evals)
[driver] ~272300 MD steps done (8713600 bead evals)
[driver] ~272400 MD steps done (8716800 bead evals)
[driver] ~272500 MD steps done (8720000 bead evals)
[driver] ~272600 MD steps done (8723200 bead evals)
[driver] ~272700 MD steps done (8726400 bead evals)
[driver] ~272800 MD steps done (8729600 bead evals)
[driver] ~272900 MD steps done (8732800 bead evals)
[driver] ~273000 MD steps done (8736000 bead evals)
[driver] ~273100 MD steps done (8739200 bead evals)
[driver] ~273200 MD steps done (8742400 bead evals)
[driver] ~273300 MD steps done (8745600 bead evals)
[driver] ~273400 MD steps done (8748800 bead evals)
[driver] ~273500 MD steps done (8752000 bead evals)
[driver] ~273600 MD steps done (8755200 bead evals)
[driver] ~273700 MD steps done (8758400 bead evals)
[driver] ~273800 MD steps done (8761600 bead evals)
[driver] ~273900 MD steps done (8764800 bead evals)
[driver] ~274000 MD steps done (8768000 bead evals)
[driver] ~274100 MD steps done (8771200 bead evals)
[driver] ~274200 MD steps done (8774400 bead evals)
[driver] ~274300 MD steps done (8777600 bead evals)
[driver] ~274400 MD steps done (8780800 bead evals)
[driver] ~274500 MD steps done (8784000 bead evals)
[driver] ~274600 MD steps done (8787200 bead evals)
[driver] ~274700 MD steps done (8790400 bead evals)
[driver] ~274800 MD steps done (8793600 bead evals)
[driver] ~274900 MD steps done (8796800 bead evals)
[driver] ~275000 MD steps done (8800000 bead evals)
[driver] ~275100 MD steps done (8803200 bead evals)
[driver] ~275200 MD steps done (8806400 bead evals)
[driver] ~275300 MD steps done (8809600 bead evals)
[driver] ~275400 MD steps done (8812800 bead evals)
[driver] ~275500 MD steps done (8816000 bead evals)
[driver] ~275600 MD steps done (8819200 bead evals)
[driver] ~275700 MD steps done (8822400 bead evals)
[driver] ~275800 MD steps done (8825600 bead evals)
[driver] ~275900 MD steps done (8828800 bead evals)
[driver] ~276000 MD steps done (8832000 bead evals)
[driver] ~276100 MD steps done (8835200 bead evals)
[driver] ~276200 MD steps done (8838400 bead evals)
[driver] ~276300 MD steps done (8841600 bead evals)
[driver] ~276400 MD steps done (8844800 bead evals)
[driver] ~276500 MD steps done (8848000 bead evals)
[driver] ~276600 MD steps done (8851200 bead evals)
[driver] ~276700 MD steps done (8854400 bead evals)
[driver] ~276800 MD steps done (8857600 bead evals)
[driver] ~276900 MD steps done (8860800 bead evals)
[driver] ~277000 MD steps done (8864000 bead evals)
[driver] ~277100 MD steps done (8867200 bead evals)
[driver] ~277200 MD steps done (8870400 bead evals)
[driver] ~277300 MD steps done (8873600 bead evals)
[driver] ~277400 MD steps done (8876800 bead evals)
[driver] ~277500 MD steps done (8880000 bead evals)
[driver] ~277600 MD steps done (8883200 bead evals)
[driver] ~277700 MD steps done (8886400 bead evals)
[driver] ~277800 MD steps done (8889600 bead evals)
[driver] ~277900 MD steps done (8892800 bead evals)
[driver] ~278000 MD steps done (8896000 bead evals)
[driver] ~278100 MD steps done (8899200 bead evals)
[driver] ~278200 MD steps done (8902400 bead evals)
[driver] ~278300 MD steps done (8905600 bead evals)
[driver] ~278400 MD steps done (8908800 bead evals)
[driver] ~278500 MD steps done (8912000 bead evals)
[driver] ~278600 MD steps done (8915200 bead evals)
[driver] ~278700 MD steps done (8918400 bead evals)
[driver] ~278800 MD steps done (8921600 bead evals)
[driver] ~278900 MD steps done (8924800 bead evals)
[driver] ~279000 MD steps done (8928000 bead evals)
[driver] ~279100 MD steps done (8931200 bead evals)
[driver] ~279200 MD steps done (8934400 bead evals)
[driver] ~279300 MD steps done (8937600 bead evals)
[driver] ~279400 MD steps done (8940800 bead evals)
[driver] ~279500 MD steps done (8944000 bead evals)
[driver] ~279600 MD steps done (8947200 bead evals)
[driver] ~279700 MD steps done (8950400 bead evals)
[driver] ~279800 MD steps done (8953600 bead evals)
[driver] ~279900 MD steps done (8956800 bead evals)
[driver] ~280000 MD steps done (8960000 bead evals)
[driver] ~280100 MD steps done (8963200 bead evals)
[driver] ~280200 MD steps done (8966400 bead evals)
[driver] ~280300 MD steps done (8969600 bead evals)
[driver] ~280400 MD steps done (8972800 bead evals)
[driver] ~280500 MD steps done (8976000 bead evals)
[driver] ~280600 MD steps done (8979200 bead evals)
[driver] ~280700 MD steps done (8982400 bead evals)
[driver] ~280800 MD steps done (8985600 bead evals)
[driver] ~280900 MD steps done (8988800 bead evals)
[driver] ~281000 MD steps done (8992000 bead evals)
[driver] ~281100 MD steps done (8995200 bead evals)
[driver] ~281200 MD steps done (8998400 bead evals)
[driver] ~281300 MD steps done (9001600 bead evals)
[driver] ~281400 MD steps done (9004800 bead evals)
[driver] ~281500 MD steps done (9008000 bead evals)
[driver] ~281600 MD steps done (9011200 bead evals)
[driver] ~281700 MD steps done (9014400 bead evals)
[driver] ~281800 MD steps done (9017600 bead evals)
[driver] ~281900 MD steps done (9020800 bead evals)
[driver] ~282000 MD steps done (9024000 bead evals)
[driver] ~282100 MD steps done (9027200 bead evals)
[driver] ~282200 MD steps done (9030400 bead evals)
[driver] ~282300 MD steps done (9033600 bead evals)
[driver] ~282400 MD steps done (9036800 bead evals)
[driver] ~282500 MD steps done (9040000 bead evals)
[driver] ~282600 MD steps done (9043200 bead evals)
[driver] ~282700 MD steps done (9046400 bead evals)
[driver] ~282800 MD steps done (9049600 bead evals)
[driver] ~282900 MD steps done (9052800 bead evals)
[driver] ~283000 MD steps done (9056000 bead evals)
[driver] ~283100 MD steps done (9059200 bead evals)
[driver] ~283200 MD steps done (9062400 bead evals)
[driver] ~283300 MD steps done (9065600 bead evals)
[driver] ~283400 MD steps done (9068800 bead evals)
[driver] ~283500 MD steps done (9072000 bead evals)
[driver] ~283600 MD steps done (9075200 bead evals)
[driver] ~283700 MD steps done (9078400 bead evals)
[driver] ~283800 MD steps done (9081600 bead evals)
[driver] ~283900 MD steps done (9084800 bead evals)
[driver] ~284000 MD steps done (9088000 bead evals)
[driver] ~284100 MD steps done (9091200 bead evals)
[driver] ~284200 MD steps done (9094400 bead evals)
[driver] ~284300 MD steps done (9097600 bead evals)
[driver] ~284400 MD steps done (9100800 bead evals)
[driver] ~284500 MD steps done (9104000 bead evals)
[driver] ~284600 MD steps done (9107200 bead evals)
[driver] ~284700 MD steps done (9110400 bead evals)
[driver] ~284800 MD steps done (9113600 bead evals)
[driver] ~284900 MD steps done (9116800 bead evals)
[driver] ~285000 MD steps done (9120000 bead evals)
[driver] ~285100 MD steps done (9123200 bead evals)
[driver] ~285200 MD steps done (9126400 bead evals)
[driver] ~285300 MD steps done (9129600 bead evals)
[driver] ~285400 MD steps done (9132800 bead evals)
[driver] ~285500 MD steps done (9136000 bead evals)
[driver] ~285600 MD steps done (9139200 bead evals)
[driver] ~285700 MD steps done (9142400 bead evals)
[driver] ~285800 MD steps done (9145600 bead evals)
[driver] ~285900 MD steps done (9148800 bead evals)
[driver] ~286000 MD steps done (9152000 bead evals)
[driver] ~286100 MD steps done (9155200 bead evals)
[driver] ~286200 MD steps done (9158400 bead evals)
[driver] ~286300 MD steps done (9161600 bead evals)
[driver] ~286400 MD steps done (9164800 bead evals)
[driver] ~286500 MD steps done (9168000 bead evals)
[driver] ~286600 MD steps done (9171200 bead evals)
[driver] ~286700 MD steps done (9174400 bead evals)
[driver] ~286800 MD steps done (9177600 bead evals)
[driver] ~286900 MD steps done (9180800 bead evals)
[driver] ~287000 MD steps done (9184000 bead evals)
[driver] ~287100 MD steps done (9187200 bead evals)
[driver] ~287200 MD steps done (9190400 bead evals)
[driver] ~287300 MD steps done (9193600 bead evals)
[driver] ~287400 MD steps done (9196800 bead evals)
[driver] ~287500 MD steps done (9200000 bead evals)
[driver] ~287600 MD steps done (9203200 bead evals)
[driver] ~287700 MD steps done (9206400 bead evals)
[driver] ~287800 MD steps done (9209600 bead evals)
[driver] ~287900 MD steps done (9212800 bead evals)
[driver] ~288000 MD steps done (9216000 bead evals)
[driver] ~288100 MD steps done (9219200 bead evals)
[driver] ~288200 MD steps done (9222400 bead evals)
[driver] ~288300 MD steps done (9225600 bead evals)
[driver] ~288400 MD steps done (9228800 bead evals)
[driver] ~288500 MD steps done (9232000 bead evals)
[driver] ~288600 MD steps done (9235200 bead evals)
[driver] ~288700 MD steps done (9238400 bead evals)
[driver] ~288800 MD steps done (9241600 bead evals)
[driver] ~288900 MD steps done (9244800 bead evals)
[driver] ~289000 MD steps done (9248000 bead evals)
[driver] ~289100 MD steps done (9251200 bead evals)
[driver] ~289200 MD steps done (9254400 bead evals)
[driver] ~289300 MD steps done (9257600 bead evals)
[driver] ~289400 MD steps done (9260800 bead evals)
[driver] ~289500 MD steps done (9264000 bead evals)
[driver] ~289600 MD steps done (9267200 bead evals)
[driver] ~289700 MD steps done (9270400 bead evals)
[driver] ~289800 MD steps done (9273600 bead evals)
[driver] ~289900 MD steps done (9276800 bead evals)
[driver] ~290000 MD steps done (9280000 bead evals)
[driver] ~290100 MD steps done (9283200 bead evals)
[driver] ~290200 MD steps done (9286400 bead evals)
[driver] ~290300 MD steps done (9289600 bead evals)
[driver] ~290400 MD steps done (9292800 bead evals)
[driver] ~290500 MD steps done (9296000 bead evals)
[driver] ~290600 MD steps done (9299200 bead evals)
[driver] ~290700 MD steps done (9302400 bead evals)
[driver] ~290800 MD steps done (9305600 bead evals)
[driver] ~290900 MD steps done (9308800 bead evals)
[driver] ~291000 MD steps done (9312000 bead evals)
[driver] ~291100 MD steps done (9315200 bead evals)
[driver] ~291200 MD steps done (9318400 bead evals)
[driver] ~291300 MD steps done (9321600 bead evals)
[driver] ~291400 MD steps done (9324800 bead evals)
[driver] ~291500 MD steps done (9328000 bead evals)
[driver] ~291600 MD steps done (9331200 bead evals)
[driver] ~291700 MD steps done (9334400 bead evals)
[driver] ~291800 MD steps done (9337600 bead evals)
[driver] ~291900 MD steps done (9340800 bead evals)
[driver] ~292000 MD steps done (9344000 bead evals)
[driver] ~292100 MD steps done (9347200 bead evals)
[driver] ~292200 MD steps done (9350400 bead evals)
[driver] ~292300 MD steps done (9353600 bead evals)
[driver] ~292400 MD steps done (9356800 bead evals)
[driver] ~292500 MD steps done (9360000 bead evals)
[driver] ~292600 MD steps done (9363200 bead evals)
[driver] ~292700 MD steps done (9366400 bead evals)
[driver] ~292800 MD steps done (9369600 bead evals)
[driver] ~292900 MD steps done (9372800 bead evals)
[driver] ~293000 MD steps done (9376000 bead evals)
[driver] ~293100 MD steps done (9379200 bead evals)
[driver] ~293200 MD steps done (9382400 bead evals)
[driver] ~293300 MD steps done (9385600 bead evals)
[driver] ~293400 MD steps done (9388800 bead evals)
[driver] ~293500 MD steps done (9392000 bead evals)
[driver] ~293600 MD steps done (9395200 bead evals)
[driver] ~293700 MD steps done (9398400 bead evals)
[driver] ~293800 MD steps done (9401600 bead evals)
[driver] ~293900 MD steps done (9404800 bead evals)
[driver] ~294000 MD steps done (9408000 bead evals)
[driver] ~294100 MD steps done (9411200 bead evals)
[driver] ~294200 MD steps done (9414400 bead evals)
[driver] ~294300 MD steps done (9417600 bead evals)
[driver] ~294400 MD steps done (9420800 bead evals)
[driver] ~294500 MD steps done (9424000 bead evals)
[driver] ~294600 MD steps done (9427200 bead evals)
[driver] ~294700 MD steps done (9430400 bead evals)
[driver] ~294800 MD steps done (9433600 bead evals)
[driver] ~294900 MD steps done (9436800 bead evals)
[driver] ~295000 MD steps done (9440000 bead evals)
[driver] ~295100 MD steps done (9443200 bead evals)
[driver] ~295200 MD steps done (9446400 bead evals)
[driver] ~295300 MD steps done (9449600 bead evals)
[driver] ~295400 MD steps done (9452800 bead evals)
[driver] ~295500 MD steps done (9456000 bead evals)
[driver] ~295600 MD steps done (9459200 bead evals)
[driver] ~295700 MD steps done (9462400 bead evals)
[driver] ~295800 MD steps done (9465600 bead evals)
[driver] ~295900 MD steps done (9468800 bead evals)
[driver] ~296000 MD steps done (9472000 bead evals)
[driver] ~296100 MD steps done (9475200 bead evals)
[driver] ~296200 MD steps done (9478400 bead evals)
[driver] ~296300 MD steps done (9481600 bead evals)
[driver] ~296400 MD steps done (9484800 bead evals)
[driver] ~296500 MD steps done (9488000 bead evals)
[driver] ~296600 MD steps done (9491200 bead evals)
[driver] ~296700 MD steps done (9494400 bead evals)
[driver] ~296800 MD steps done (9497600 bead evals)
[driver] ~296900 MD steps done (9500800 bead evals)
[driver] ~297000 MD steps done (9504000 bead evals)
[driver] ~297100 MD steps done (9507200 bead evals)
[driver] ~297200 MD steps done (9510400 bead evals)
[driver] ~297300 MD steps done (9513600 bead evals)
[driver] ~297400 MD steps done (9516800 bead evals)
[driver] ~297500 MD steps done (9520000 bead evals)
[driver] ~297600 MD steps done (9523200 bead evals)
[driver] ~297700 MD steps done (9526400 bead evals)
[driver] ~297800 MD steps done (9529600 bead evals)
[driver] ~297900 MD steps done (9532800 bead evals)
[driver] ~298000 MD steps done (9536000 bead evals)
[driver] ~298100 MD steps done (9539200 bead evals)
[driver] ~298200 MD steps done (9542400 bead evals)
[driver] ~298300 MD steps done (9545600 bead evals)
[driver] ~298400 MD steps done (9548800 bead evals)
[driver] ~298500 MD steps done (9552000 bead evals)
[driver] ~298600 MD steps done (9555200 bead evals)
[driver] ~298700 MD steps done (9558400 bead evals)
[driver] ~298800 MD steps done (9561600 bead evals)
[driver] ~298900 MD steps done (9564800 bead evals)
[driver] ~299000 MD steps done (9568000 bead evals)
[driver] ~299100 MD steps done (9571200 bead evals)
[driver] ~299200 MD steps done (9574400 bead evals)
[driver] ~299300 MD steps done (9577600 bead evals)
[driver] ~299400 MD steps done (9580800 bead evals)
[driver] ~299500 MD steps done (9584000 bead evals)
[driver] ~299600 MD steps done (9587200 bead evals)
[driver] ~299700 MD steps done (9590400 bead evals)
[driver] ~299800 MD steps done (9593600 bead evals)
[driver] ~299900 MD steps done (9596800 bead evals)
[driver] ~300000 MD steps done (9600000 bead evals)
[driver] ~300100 MD steps done (9603200 bead evals)
[driver] ~300200 MD steps done (9606400 bead evals)
[driver] ~300300 MD steps done (9609600 bead evals)
[driver] ~300400 MD steps done (9612800 bead evals)
[driver] ~300500 MD steps done (9616000 bead evals)
[driver] ~300600 MD steps done (9619200 bead evals)
[driver] ~300700 MD steps done (9622400 bead evals)
[driver] ~300800 MD steps done (9625600 bead evals)
[driver] ~300900 MD steps done (9628800 bead evals)
[driver] ~301000 MD steps done (9632000 bead evals)
[driver] ~301100 MD steps done (9635200 bead evals)
[driver] ~301200 MD steps done (9638400 bead evals)
[driver] ~301300 MD steps done (9641600 bead evals)
[driver] ~301400 MD steps done (9644800 bead evals)
[driver] ~301500 MD steps done (9648000 bead evals)
[driver] ~301600 MD steps done (9651200 bead evals)
[driver] ~301700 MD steps done (9654400 bead evals)
[driver] ~301800 MD steps done (9657600 bead evals)
[driver] ~301900 MD steps done (9660800 bead evals)
[driver] ~302000 MD steps done (9664000 bead evals)
[driver] ~302100 MD steps done (9667200 bead evals)
[driver] ~302200 MD steps done (9670400 bead evals)
[driver] ~302300 MD steps done (9673600 bead evals)
[driver] ~302400 MD steps done (9676800 bead evals)
[driver] ~302500 MD steps done (9680000 bead evals)
[driver] ~302600 MD steps done (9683200 bead evals)
[driver] ~302700 MD steps done (9686400 bead evals)
[driver] ~302800 MD steps done (9689600 bead evals)
[driver] ~302900 MD steps done (9692800 bead evals)
[driver] ~303000 MD steps done (9696000 bead evals)
[driver] ~303100 MD steps done (9699200 bead evals)
[driver] ~303200 MD steps done (9702400 bead evals)
[driver] ~303300 MD steps done (9705600 bead evals)
[driver] ~303400 MD steps done (9708800 bead evals)
[driver] ~303500 MD steps done (9712000 bead evals)
[driver] ~303600 MD steps done (9715200 bead evals)
[driver] ~303700 MD steps done (9718400 bead evals)
[driver] ~303800 MD steps done (9721600 bead evals)
[driver] ~303900 MD steps done (9724800 bead evals)
[driver] ~304000 MD steps done (9728000 bead evals)
[driver] ~304100 MD steps done (9731200 bead evals)
[driver] ~304200 MD steps done (9734400 bead evals)
[driver] ~304300 MD steps done (9737600 bead evals)
[driver] ~304400 MD steps done (9740800 bead evals)
[driver] ~304500 MD steps done (9744000 bead evals)
[driver] ~304600 MD steps done (9747200 bead evals)
[driver] ~304700 MD steps done (9750400 bead evals)
[driver] ~304800 MD steps done (9753600 bead evals)
[driver] ~304900 MD steps done (9756800 bead evals)
[driver] ~305000 MD steps done (9760000 bead evals)
[driver] ~305100 MD steps done (9763200 bead evals)
[driver] ~305200 MD steps done (9766400 bead evals)
[driver] ~305300 MD steps done (9769600 bead evals)
[driver] ~305400 MD steps done (9772800 bead evals)
[driver] ~305500 MD steps done (9776000 bead evals)
[driver] ~305600 MD steps done (9779200 bead evals)
[driver] ~305700 MD steps done (9782400 bead evals)
[driver] ~305800 MD steps done (9785600 bead evals)
[driver] ~305900 MD steps done (9788800 bead evals)
[driver] ~306000 MD steps done (9792000 bead evals)
[driver] ~306100 MD steps done (9795200 bead evals)
[driver] ~306200 MD steps done (9798400 bead evals)
[driver] ~306300 MD steps done (9801600 bead evals)
[driver] ~306400 MD steps done (9804800 bead evals)
[driver] ~306500 MD steps done (9808000 bead evals)
[driver] ~306600 MD steps done (9811200 bead evals)
[driver] ~306700 MD steps done (9814400 bead evals)
[driver] ~306800 MD steps done (9817600 bead evals)
[driver] ~306900 MD steps done (9820800 bead evals)
[driver] ~307000 MD steps done (9824000 bead evals)
[driver] ~307100 MD steps done (9827200 bead evals)
[driver] ~307200 MD steps done (9830400 bead evals)
[driver] ~307300 MD steps done (9833600 bead evals)
[driver] ~307400 MD steps done (9836800 bead evals)
[driver] ~307500 MD steps done (9840000 bead evals)
[driver] ~307600 MD steps done (9843200 bead evals)
[driver] ~307700 MD steps done (9846400 bead evals)
[driver] ~307800 MD steps done (9849600 bead evals)
[driver] ~307900 MD steps done (9852800 bead evals)
[driver] ~308000 MD steps done (9856000 bead evals)
[driver] ~308100 MD steps done (9859200 bead evals)
[driver] ~308200 MD steps done (9862400 bead evals)
[driver] ~308300 MD steps done (9865600 bead evals)
[driver] ~308400 MD steps done (9868800 bead evals)
[driver] ~308500 MD steps done (9872000 bead evals)
[driver] ~308600 MD steps done (9875200 bead evals)
[driver] ~308700 MD steps done (9878400 bead evals)
[driver] ~308800 MD steps done (9881600 bead evals)
[driver] ~308900 MD steps done (9884800 bead evals)
[driver] ~309000 MD steps done (9888000 bead evals)
[driver] ~309100 MD steps done (9891200 bead evals)
[driver] ~309200 MD steps done (9894400 bead evals)
[driver] ~309300 MD steps done (9897600 bead evals)
[driver] ~309400 MD steps done (9900800 bead evals)
[driver] ~309500 MD steps done (9904000 bead evals)
[driver] ~309600 MD steps done (9907200 bead evals)
[driver] ~309700 MD steps done (9910400 bead evals)
[driver] ~309800 MD steps done (9913600 bead evals)
[driver] ~309900 MD steps done (9916800 bead evals)
[driver] ~310000 MD steps done (9920000 bead evals)
[driver] ~310100 MD steps done (9923200 bead evals)
[driver] ~310200 MD steps done (9926400 bead evals)
[driver] ~310300 MD steps done (9929600 bead evals)
[driver] ~310400 MD steps done (9932800 bead evals)
[driver] ~310500 MD steps done (9936000 bead evals)
[driver] ~310600 MD steps done (9939200 bead evals)
[driver] ~310700 MD steps done (9942400 bead evals)
[driver] ~310800 MD steps done (9945600 bead evals)
[driver] ~310900 MD steps done (9948800 bead evals)
[driver] ~311000 MD steps done (9952000 bead evals)
[driver] ~311100 MD steps done (9955200 bead evals)
[driver] ~311200 MD steps done (9958400 bead evals)
[driver] ~311300 MD steps done (9961600 bead evals)
[driver] ~311400 MD steps done (9964800 bead evals)
[driver] ~311500 MD steps done (9968000 bead evals)
[driver] ~311600 MD steps done (9971200 bead evals)
[driver] ~311700 MD steps done (9974400 bead evals)
[driver] ~311800 MD steps done (9977600 bead evals)
[driver] ~311900 MD steps done (9980800 bead evals)
[driver] ~312000 MD steps done (9984000 bead evals)
[driver] ~312100 MD steps done (9987200 bead evals)
[driver] ~312200 MD steps done (9990400 bead evals)
[driver] ~312300 MD steps done (9993600 bead evals)
[driver] ~312400 MD steps done (9996800 bead evals)
[driver] ~312500 MD steps done (10000000 bead evals)
[driver] ~312600 MD steps done (10003200 bead evals)
[driver] ~312700 MD steps done (10006400 bead evals)
[driver] ~312800 MD steps done (10009600 bead evals)
[driver] ~312900 MD steps done (10012800 bead evals)
[driver] ~313000 MD steps done (10016000 bead evals)
[driver] ~313100 MD steps done (10019200 bead evals)
[driver] ~313200 MD steps done (10022400 bead evals)
[driver] ~313300 MD steps done (10025600 bead evals)
[driver] ~313400 MD steps done (10028800 bead evals)
[driver] ~313500 MD steps done (10032000 bead evals)
[driver] ~313600 MD steps done (10035200 bead evals)
[driver] ~313700 MD steps done (10038400 bead evals)
[driver] ~313800 MD steps done (10041600 bead evals)
[driver] ~313900 MD steps done (10044800 bead evals)
[driver] ~314000 MD steps done (10048000 bead evals)
[driver] ~314100 MD steps done (10051200 bead evals)
[driver] ~314200 MD steps done (10054400 bead evals)
[driver] ~314300 MD steps done (10057600 bead evals)
[driver] ~314400 MD steps done (10060800 bead evals)
[driver] ~314500 MD steps done (10064000 bead evals)
[driver] ~314600 MD steps done (10067200 bead evals)
[driver] ~314700 MD steps done (10070400 bead evals)
[driver] ~314800 MD steps done (10073600 bead evals)
[driver] ~314900 MD steps done (10076800 bead evals)
[driver] ~315000 MD steps done (10080000 bead evals)
[driver] ~315100 MD steps done (10083200 bead evals)
[driver] ~315200 MD steps done (10086400 bead evals)
[driver] ~315300 MD steps done (10089600 bead evals)
[driver] ~315400 MD steps done (10092800 bead evals)
[driver] ~315500 MD steps done (10096000 bead evals)
[driver] ~315600 MD steps done (10099200 bead evals)
[driver] ~315700 MD steps done (10102400 bead evals)
[driver] ~315800 MD steps done (10105600 bead evals)
[driver] ~315900 MD steps done (10108800 bead evals)
[driver] ~316000 MD steps done (10112000 bead evals)
[driver] ~316100 MD steps done (10115200 bead evals)
[driver] ~316200 MD steps done (10118400 bead evals)
[driver] ~316300 MD steps done (10121600 bead evals)
[driver] ~316400 MD steps done (10124800 bead evals)
[driver] ~316500 MD steps done (10128000 bead evals)
[driver] ~316600 MD steps done (10131200 bead evals)
[driver] ~316700 MD steps done (10134400 bead evals)
[driver] ~316800 MD steps done (10137600 bead evals)
[driver] ~316900 MD steps done (10140800 bead evals)
[driver] ~317000 MD steps done (10144000 bead evals)
[driver] ~317100 MD steps done (10147200 bead evals)
[driver] ~317200 MD steps done (10150400 bead evals)
[driver] ~317300 MD steps done (10153600 bead evals)
[driver] ~317400 MD steps done (10156800 bead evals)
[driver] ~317500 MD steps done (10160000 bead evals)
[driver] ~317600 MD steps done (10163200 bead evals)
[driver] ~317700 MD steps done (10166400 bead evals)
[driver] ~317800 MD steps done (10169600 bead evals)
[driver] ~317900 MD steps done (10172800 bead evals)
[driver] ~318000 MD steps done (10176000 bead evals)
[driver] ~318100 MD steps done (10179200 bead evals)
[driver] ~318200 MD steps done (10182400 bead evals)
[driver] ~318300 MD steps done (10185600 bead evals)
[driver] ~318400 MD steps done (10188800 bead evals)
[driver] ~318500 MD steps done (10192000 bead evals)
[driver] ~318600 MD steps done (10195200 bead evals)
[driver] ~318700 MD steps done (10198400 bead evals)
[driver] ~318800 MD steps done (10201600 bead evals)
[driver] ~318900 MD steps done (10204800 bead evals)
[driver] ~319000 MD steps done (10208000 bead evals)
[driver] ~319100 MD steps done (10211200 bead evals)
[driver] ~319200 MD steps done (10214400 bead evals)
[driver] ~319300 MD steps done (10217600 bead evals)
[driver] ~319400 MD steps done (10220800 bead evals)
[driver] ~319500 MD steps done (10224000 bead evals)
[driver] ~319600 MD steps done (10227200 bead evals)
[driver] ~319700 MD steps done (10230400 bead evals)
[driver] ~319800 MD steps done (10233600 bead evals)
[driver] ~319900 MD steps done (10236800 bead evals)
[driver] ~320000 MD steps done (10240000 bead evals)
[driver] ~320100 MD steps done (10243200 bead evals)
[driver] ~320200 MD steps done (10246400 bead evals)
[driver] ~320300 MD steps done (10249600 bead evals)
[driver] ~320400 MD steps done (10252800 bead evals)
[driver] ~320500 MD steps done (10256000 bead evals)
[driver] ~320600 MD steps done (10259200 bead evals)
[driver] ~320700 MD steps done (10262400 bead evals)
[driver] ~320800 MD steps done (10265600 bead evals)
[driver] ~320900 MD steps done (10268800 bead evals)
[driver] ~321000 MD steps done (10272000 bead evals)
[driver] ~321100 MD steps done (10275200 bead evals)
[driver] ~321200 MD steps done (10278400 bead evals)
[driver] ~321300 MD steps done (10281600 bead evals)
[driver] ~321400 MD steps done (10284800 bead evals)
[driver] ~321500 MD steps done (10288000 bead evals)
[driver] ~321600 MD steps done (10291200 bead evals)
[driver] ~321700 MD steps done (10294400 bead evals)
[driver] ~321800 MD steps done (10297600 bead evals)
[driver] ~321900 MD steps done (10300800 bead evals)
[driver] ~322000 MD steps done (10304000 bead evals)
[driver] ~322100 MD steps done (10307200 bead evals)
[driver] ~322200 MD steps done (10310400 bead evals)
[driver] ~322300 MD steps done (10313600 bead evals)
[driver] ~322400 MD steps done (10316800 bead evals)
[driver] ~322500 MD steps done (10320000 bead evals)
[driver] ~322600 MD steps done (10323200 bead evals)
[driver] ~322700 MD steps done (10326400 bead evals)
[driver] ~322800 MD steps done (10329600 bead evals)
[driver] ~322900 MD steps done (10332800 bead evals)
[driver] ~323000 MD steps done (10336000 bead evals)
[driver] ~323100 MD steps done (10339200 bead evals)
[driver] ~323200 MD steps done (10342400 bead evals)
[driver] ~323300 MD steps done (10345600 bead evals)
[driver] ~323400 MD steps done (10348800 bead evals)
[driver] ~323500 MD steps done (10352000 bead evals)
[driver] ~323600 MD steps done (10355200 bead evals)
[driver] ~323700 MD steps done (10358400 bead evals)
[driver] ~323800 MD steps done (10361600 bead evals)
[driver] ~323900 MD steps done (10364800 bead evals)
[driver] ~324000 MD steps done (10368000 bead evals)
[driver] ~324100 MD steps done (10371200 bead evals)
[driver] ~324200 MD steps done (10374400 bead evals)
[driver] ~324300 MD steps done (10377600 bead evals)
[driver] ~324400 MD steps done (10380800 bead evals)
[driver] ~324500 MD steps done (10384000 bead evals)
[driver] ~324600 MD steps done (10387200 bead evals)
[driver] ~324700 MD steps done (10390400 bead evals)
[driver] ~324800 MD steps done (10393600 bead evals)
[driver] ~324900 MD steps done (10396800 bead evals)
[driver] ~325000 MD steps done (10400000 bead evals)
[driver] ~325100 MD steps done (10403200 bead evals)
[driver] ~325200 MD steps done (10406400 bead evals)
[driver] ~325300 MD steps done (10409600 bead evals)
[driver] ~325400 MD steps done (10412800 bead evals)
[driver] ~325500 MD steps done (10416000 bead evals)
[driver] ~325600 MD steps done (10419200 bead evals)
[driver] ~325700 MD steps done (10422400 bead evals)
[driver] ~325800 MD steps done (10425600 bead evals)
[driver] ~325900 MD steps done (10428800 bead evals)
[driver] ~326000 MD steps done (10432000 bead evals)
[driver] ~326100 MD steps done (10435200 bead evals)
[driver] ~326200 MD steps done (10438400 bead evals)
[driver] ~326300 MD steps done (10441600 bead evals)
[driver] ~326400 MD steps done (10444800 bead evals)
[driver] ~326500 MD steps done (10448000 bead evals)
[driver] ~326600 MD steps done (10451200 bead evals)
[driver] ~326700 MD steps done (10454400 bead evals)
[driver] ~326800 MD steps done (10457600 bead evals)
[driver] ~326900 MD steps done (10460800 bead evals)
[driver] ~327000 MD steps done (10464000 bead evals)
[driver] ~327100 MD steps done (10467200 bead evals)
[driver] ~327200 MD steps done (10470400 bead evals)
[driver] ~327300 MD steps done (10473600 bead evals)
[driver] ~327400 MD steps done (10476800 bead evals)
[driver] ~327500 MD steps done (10480000 bead evals)
[driver] ~327600 MD steps done (10483200 bead evals)
[driver] ~327700 MD steps done (10486400 bead evals)
[driver] ~327800 MD steps done (10489600 bead evals)
[driver] ~327900 MD steps done (10492800 bead evals)
[driver] ~328000 MD steps done (10496000 bead evals)
[driver] ~328100 MD steps done (10499200 bead evals)
[driver] ~328200 MD steps done (10502400 bead evals)
[driver] ~328300 MD steps done (10505600 bead evals)
[driver] ~328400 MD steps done (10508800 bead evals)
[driver] ~328500 MD steps done (10512000 bead evals)
[driver] ~328600 MD steps done (10515200 bead evals)
[driver] ~328700 MD steps done (10518400 bead evals)
[driver] ~328800 MD steps done (10521600 bead evals)
[driver] ~328900 MD steps done (10524800 bead evals)
[driver] ~329000 MD steps done (10528000 bead evals)
[driver] ~329100 MD steps done (10531200 bead evals)
[driver] ~329200 MD steps done (10534400 bead evals)
[driver] ~329300 MD steps done (10537600 bead evals)
[driver] ~329400 MD steps done (10540800 bead evals)
[driver] ~329500 MD steps done (10544000 bead evals)
[driver] ~329600 MD steps done (10547200 bead evals)
[driver] ~329700 MD steps done (10550400 bead evals)
[driver] ~329800 MD steps done (10553600 bead evals)
[driver] ~329900 MD steps done (10556800 bead evals)
[driver] ~330000 MD steps done (10560000 bead evals)
[driver] ~330100 MD steps done (10563200 bead evals)
[driver] ~330200 MD steps done (10566400 bead evals)
[driver] ~330300 MD steps done (10569600 bead evals)
[driver] ~330400 MD steps done (10572800 bead evals)
[driver] ~330500 MD steps done (10576000 bead evals)
[driver] ~330600 MD steps done (10579200 bead evals)
[driver] ~330700 MD steps done (10582400 bead evals)
[driver] ~330800 MD steps done (10585600 bead evals)
[driver] ~330900 MD steps done (10588800 bead evals)
[driver] ~331000 MD steps done (10592000 bead evals)
[driver] ~331100 MD steps done (10595200 bead evals)
[driver] ~331200 MD steps done (10598400 bead evals)
[driver] ~331300 MD steps done (10601600 bead evals)
[driver] ~331400 MD steps done (10604800 bead evals)
[driver] ~331500 MD steps done (10608000 bead evals)
[driver] ~331600 MD steps done (10611200 bead evals)
[driver] ~331700 MD steps done (10614400 bead evals)
[driver] ~331800 MD steps done (10617600 bead evals)
[driver] ~331900 MD steps done (10620800 bead evals)
[driver] ~332000 MD steps done (10624000 bead evals)
[driver] ~332100 MD steps done (10627200 bead evals)
[driver] ~332200 MD steps done (10630400 bead evals)
[driver] ~332300 MD steps done (10633600 bead evals)
[driver] ~332400 MD steps done (10636800 bead evals)
[driver] ~332500 MD steps done (10640000 bead evals)
[driver] ~332600 MD steps done (10643200 bead evals)
[driver] ~332700 MD steps done (10646400 bead evals)
[driver] ~332800 MD steps done (10649600 bead evals)
[driver] ~332900 MD steps done (10652800 bead evals)
[driver] ~333000 MD steps done (10656000 bead evals)
[driver] ~333100 MD steps done (10659200 bead evals)
[driver] ~333200 MD steps done (10662400 bead evals)
[driver] ~333300 MD steps done (10665600 bead evals)
[driver] ~333400 MD steps done (10668800 bead evals)
[driver] ~333500 MD steps done (10672000 bead evals)
[driver] ~333600 MD steps done (10675200 bead evals)
[driver] ~333700 MD steps done (10678400 bead evals)
[driver] ~333800 MD steps done (10681600 bead evals)
[driver] ~333900 MD steps done (10684800 bead evals)
[driver] ~334000 MD steps done (10688000 bead evals)
[driver] ~334100 MD steps done (10691200 bead evals)
[driver] ~334200 MD steps done (10694400 bead evals)
[driver] ~334300 MD steps done (10697600 bead evals)
[driver] ~334400 MD steps done (10700800 bead evals)
[driver] ~334500 MD steps done (10704000 bead evals)
[driver] ~334600 MD steps done (10707200 bead evals)
[driver] ~334700 MD steps done (10710400 bead evals)
[driver] ~334800 MD steps done (10713600 bead evals)
[driver] ~334900 MD steps done (10716800 bead evals)
[driver] ~335000 MD steps done (10720000 bead evals)
[driver] ~335100 MD steps done (10723200 bead evals)
[driver] ~335200 MD steps done (10726400 bead evals)
[driver] ~335300 MD steps done (10729600 bead evals)
[driver] ~335400 MD steps done (10732800 bead evals)
[driver] ~335500 MD steps done (10736000 bead evals)
[driver] ~335600 MD steps done (10739200 bead evals)
[driver] ~335700 MD steps done (10742400 bead evals)
[driver] ~335800 MD steps done (10745600 bead evals)
[driver] ~335900 MD steps done (10748800 bead evals)
[driver] ~336000 MD steps done (10752000 bead evals)
[driver] ~336100 MD steps done (10755200 bead evals)
[driver] ~336200 MD steps done (10758400 bead evals)
[driver] ~336300 MD steps done (10761600 bead evals)
[driver] ~336400 MD steps done (10764800 bead evals)
[driver] ~336500 MD steps done (10768000 bead evals)
[driver] ~336600 MD steps done (10771200 bead evals)
[driver] ~336700 MD steps done (10774400 bead evals)
[driver] ~336800 MD steps done (10777600 bead evals)
[driver] ~336900 MD steps done (10780800 bead evals)
[driver] ~337000 MD steps done (10784000 bead evals)
[driver] ~337100 MD steps done (10787200 bead evals)
[driver] ~337200 MD steps done (10790400 bead evals)
[driver] ~337300 MD steps done (10793600 bead evals)
[driver] ~337400 MD steps done (10796800 bead evals)
[driver] ~337500 MD steps done (10800000 bead evals)
[driver] ~337600 MD steps done (10803200 bead evals)
[driver] ~337700 MD steps done (10806400 bead evals)
[driver] ~337800 MD steps done (10809600 bead evals)
[driver] ~337900 MD steps done (10812800 bead evals)
[driver] ~338000 MD steps done (10816000 bead evals)
[driver] ~338100 MD steps done (10819200 bead evals)
[driver] ~338200 MD steps done (10822400 bead evals)
[driver] ~338300 MD steps done (10825600 bead evals)
[driver] ~338400 MD steps done (10828800 bead evals)
[driver] ~338500 MD steps done (10832000 bead evals)
[driver] ~338600 MD steps done (10835200 bead evals)
[driver] ~338700 MD steps done (10838400 bead evals)
[driver] ~338800 MD steps done (10841600 bead evals)
[driver] ~338900 MD steps done (10844800 bead evals)
[driver] ~339000 MD steps done (10848000 bead evals)
[driver] ~339100 MD steps done (10851200 bead evals)
[driver] ~339200 MD steps done (10854400 bead evals)
[driver] ~339300 MD steps done (10857600 bead evals)
[driver] ~339400 MD steps done (10860800 bead evals)
[driver] ~339500 MD steps done (10864000 bead evals)
[driver] ~339600 MD steps done (10867200 bead evals)
[driver] ~339700 MD steps done (10870400 bead evals)
[driver] ~339800 MD steps done (10873600 bead evals)
[driver] ~339900 MD steps done (10876800 bead evals)
[driver] ~340000 MD steps done (10880000 bead evals)
[driver] ~340100 MD steps done (10883200 bead evals)
[driver] ~340200 MD steps done (10886400 bead evals)
[driver] ~340300 MD steps done (10889600 bead evals)
[driver] ~340400 MD steps done (10892800 bead evals)
[driver] ~340500 MD steps done (10896000 bead evals)
[driver] ~340600 MD steps done (10899200 bead evals)
[driver] ~340700 MD steps done (10902400 bead evals)
[driver] ~340800 MD steps done (10905600 bead evals)
[driver] ~340900 MD steps done (10908800 bead evals)
[driver] ~341000 MD steps done (10912000 bead evals)
[driver] ~341100 MD steps done (10915200 bead evals)
[driver] ~341200 MD steps done (10918400 bead evals)
[driver] ~341300 MD steps done (10921600 bead evals)
[driver] ~341400 MD steps done (10924800 bead evals)
[driver] ~341500 MD steps done (10928000 bead evals)
[driver] ~341600 MD steps done (10931200 bead evals)
[driver] ~341700 MD steps done (10934400 bead evals)
[driver] ~341800 MD steps done (10937600 bead evals)
[driver] ~341900 MD steps done (10940800 bead evals)
[driver] ~342000 MD steps done (10944000 bead evals)
[driver] ~342100 MD steps done (10947200 bead evals)
[driver] ~342200 MD steps done (10950400 bead evals)
[driver] ~342300 MD steps done (10953600 bead evals)
[driver] ~342400 MD steps done (10956800 bead evals)
[driver] ~342500 MD steps done (10960000 bead evals)
[driver] ~342600 MD steps done (10963200 bead evals)
[driver] ~342700 MD steps done (10966400 bead evals)
[driver] ~342800 MD steps done (10969600 bead evals)
[driver] ~342900 MD steps done (10972800 bead evals)
[driver] ~343000 MD steps done (10976000 bead evals)
[driver] ~343100 MD steps done (10979200 bead evals)
[driver] ~343200 MD steps done (10982400 bead evals)
[driver] ~343300 MD steps done (10985600 bead evals)
[driver] ~343400 MD steps done (10988800 bead evals)
[driver] ~343500 MD steps done (10992000 bead evals)
[driver] ~343600 MD steps done (10995200 bead evals)
[driver] ~343700 MD steps done (10998400 bead evals)
[driver] ~343800 MD steps done (11001600 bead evals)
[driver] ~343900 MD steps done (11004800 bead evals)
[driver] ~344000 MD steps done (11008000 bead evals)
[driver] ~344100 MD steps done (11011200 bead evals)
[driver] ~344200 MD steps done (11014400 bead evals)
[driver] ~344300 MD steps done (11017600 bead evals)
[driver] ~344400 MD steps done (11020800 bead evals)
[driver] ~344500 MD steps done (11024000 bead evals)
[driver] ~344600 MD steps done (11027200 bead evals)
[driver] ~344700 MD steps done (11030400 bead evals)
[driver] ~344800 MD steps done (11033600 bead evals)
[driver] ~344900 MD steps done (11036800 bead evals)
[driver] ~345000 MD steps done (11040000 bead evals)
[driver] ~345100 MD steps done (11043200 bead evals)
[driver] ~345200 MD steps done (11046400 bead evals)
[driver] ~345300 MD steps done (11049600 bead evals)
[driver] ~345400 MD steps done (11052800 bead evals)
[driver] ~345500 MD steps done (11056000 bead evals)
[driver] ~345600 MD steps done (11059200 bead evals)
[driver] ~345700 MD steps done (11062400 bead evals)
[driver] ~345800 MD steps done (11065600 bead evals)
[driver] ~345900 MD steps done (11068800 bead evals)
[driver] ~346000 MD steps done (11072000 bead evals)
[driver] ~346100 MD steps done (11075200 bead evals)
[driver] ~346200 MD steps done (11078400 bead evals)
[driver] ~346300 MD steps done (11081600 bead evals)
[driver] ~346400 MD steps done (11084800 bead evals)
[driver] ~346500 MD steps done (11088000 bead evals)
[driver] ~346600 MD steps done (11091200 bead evals)
[driver] ~346700 MD steps done (11094400 bead evals)
[driver] ~346800 MD steps done (11097600 bead evals)
[driver] ~346900 MD steps done (11100800 bead evals)
[driver] ~347000 MD steps done (11104000 bead evals)
[driver] ~347100 MD steps done (11107200 bead evals)
[driver] ~347200 MD steps done (11110400 bead evals)
[driver] ~347300 MD steps done (11113600 bead evals)
[driver] ~347400 MD steps done (11116800 bead evals)
[driver] ~347500 MD steps done (11120000 bead evals)
[driver] ~347600 MD steps done (11123200 bead evals)
[driver] ~347700 MD steps done (11126400 bead evals)
[driver] ~347800 MD steps done (11129600 bead evals)
[driver] ~347900 MD steps done (11132800 bead evals)
[driver] ~348000 MD steps done (11136000 bead evals)
[driver] ~348100 MD steps done (11139200 bead evals)
[driver] ~348200 MD steps done (11142400 bead evals)
[driver] ~348300 MD steps done (11145600 bead evals)
[driver] ~348400 MD steps done (11148800 bead evals)
[driver] ~348500 MD steps done (11152000 bead evals)
[driver] ~348600 MD steps done (11155200 bead evals)
[driver] ~348700 MD steps done (11158400 bead evals)
[driver] ~348800 MD steps done (11161600 bead evals)
[driver] ~348900 MD steps done (11164800 bead evals)
[driver] ~349000 MD steps done (11168000 bead evals)
[driver] ~349100 MD steps done (11171200 bead evals)
[driver] ~349200 MD steps done (11174400 bead evals)
[driver] ~349300 MD steps done (11177600 bead evals)
[driver] ~349400 MD steps done (11180800 bead evals)
[driver] ~349500 MD steps done (11184000 bead evals)
[driver] ~349600 MD steps done (11187200 bead evals)
[driver] ~349700 MD steps done (11190400 bead evals)
[driver] ~349800 MD steps done (11193600 bead evals)
[driver] ~349900 MD steps done (11196800 bead evals)
[driver] ~350000 MD steps done (11200000 bead evals)
[driver] ~350100 MD steps done (11203200 bead evals)
[driver] ~350200 MD steps done (11206400 bead evals)
[driver] ~350300 MD steps done (11209600 bead evals)
[driver] ~350400 MD steps done (11212800 bead evals)
[driver] ~350500 MD steps done (11216000 bead evals)
[driver] ~350600 MD steps done (11219200 bead evals)
[driver] ~350700 MD steps done (11222400 bead evals)
[driver] ~350800 MD steps done (11225600 bead evals)
[driver] ~350900 MD steps done (11228800 bead evals)
[driver] ~351000 MD steps done (11232000 bead evals)
[driver] ~351100 MD steps done (11235200 bead evals)
[driver] ~351200 MD steps done (11238400 bead evals)
[driver] ~351300 MD steps done (11241600 bead evals)
[driver] ~351400 MD steps done (11244800 bead evals)
[driver] ~351500 MD steps done (11248000 bead evals)
[driver] ~351600 MD steps done (11251200 bead evals)
[driver] ~351700 MD steps done (11254400 bead evals)
[driver] ~351800 MD steps done (11257600 bead evals)
[driver] ~351900 MD steps done (11260800 bead evals)
[driver] ~352000 MD steps done (11264000 bead evals)
[driver] ~352100 MD steps done (11267200 bead evals)
[driver] ~352200 MD steps done (11270400 bead evals)
[driver] ~352300 MD steps done (11273600 bead evals)
[driver] ~352400 MD steps done (11276800 bead evals)
[driver] ~352500 MD steps done (11280000 bead evals)
[driver] ~352600 MD steps done (11283200 bead evals)
[driver] ~352700 MD steps done (11286400 bead evals)
[driver] ~352800 MD steps done (11289600 bead evals)
[driver] ~352900 MD steps done (11292800 bead evals)
[driver] ~353000 MD steps done (11296000 bead evals)
[driver] ~353100 MD steps done (11299200 bead evals)
[driver] ~353200 MD steps done (11302400 bead evals)
[driver] ~353300 MD steps done (11305600 bead evals)
[driver] ~353400 MD steps done (11308800 bead evals)
[driver] ~353500 MD steps done (11312000 bead evals)
[driver] ~353600 MD steps done (11315200 bead evals)
[driver] ~353700 MD steps done (11318400 bead evals)
[driver] ~353800 MD steps done (11321600 bead evals)
[driver] ~353900 MD steps done (11324800 bead evals)
[driver] ~354000 MD steps done (11328000 bead evals)
[driver] ~354100 MD steps done (11331200 bead evals)
[driver] ~354200 MD steps done (11334400 bead evals)
[driver] ~354300 MD steps done (11337600 bead evals)
[driver] ~354400 MD steps done (11340800 bead evals)
[driver] ~354500 MD steps done (11344000 bead evals)
[driver] ~354600 MD steps done (11347200 bead evals)
[driver] ~354700 MD steps done (11350400 bead evals)
[driver] ~354800 MD steps done (11353600 bead evals)
[driver] ~354900 MD steps done (11356800 bead evals)
[driver] ~355000 MD steps done (11360000 bead evals)
[driver] ~355100 MD steps done (11363200 bead evals)
[driver] ~355200 MD steps done (11366400 bead evals)
[driver] ~355300 MD steps done (11369600 bead evals)
[driver] ~355400 MD steps done (11372800 bead evals)
[driver] ~355500 MD steps done (11376000 bead evals)
[driver] ~355600 MD steps done (11379200 bead evals)
[driver] ~355700 MD steps done (11382400 bead evals)
[driver] ~355800 MD steps done (11385600 bead evals)
[driver] ~355900 MD steps done (11388800 bead evals)
[driver] ~356000 MD steps done (11392000 bead evals)
[driver] ~356100 MD steps done (11395200 bead evals)
[driver] ~356200 MD steps done (11398400 bead evals)
[driver] ~356300 MD steps done (11401600 bead evals)
[driver] ~356400 MD steps done (11404800 bead evals)
[driver] ~356500 MD steps done (11408000 bead evals)
[driver] ~356600 MD steps done (11411200 bead evals)
[driver] ~356700 MD steps done (11414400 bead evals)
[driver] ~356800 MD steps done (11417600 bead evals)
[driver] ~356900 MD steps done (11420800 bead evals)
[driver] ~357000 MD steps done (11424000 bead evals)
[driver] ~357100 MD steps done (11427200 bead evals)
[driver] ~357200 MD steps done (11430400 bead evals)
[driver] ~357300 MD steps done (11433600 bead evals)
[driver] ~357400 MD steps done (11436800 bead evals)
[driver] ~357500 MD steps done (11440000 bead evals)
[driver] ~357600 MD steps done (11443200 bead evals)
[driver] ~357700 MD steps done (11446400 bead evals)
[driver] ~357800 MD steps done (11449600 bead evals)
[driver] ~357900 MD steps done (11452800 bead evals)
[driver] ~358000 MD steps done (11456000 bead evals)
[driver] ~358100 MD steps done (11459200 bead evals)
[driver] ~358200 MD steps done (11462400 bead evals)
[driver] ~358300 MD steps done (11465600 bead evals)
[driver] ~358400 MD steps done (11468800 bead evals)
[driver] ~358500 MD steps done (11472000 bead evals)
[driver] ~358600 MD steps done (11475200 bead evals)
[driver] ~358700 MD steps done (11478400 bead evals)
[driver] ~358800 MD steps done (11481600 bead evals)
[driver] ~358900 MD steps done (11484800 bead evals)
[driver] ~359000 MD steps done (11488000 bead evals)
[driver] ~359100 MD steps done (11491200 bead evals)
[driver] ~359200 MD steps done (11494400 bead evals)
[driver] ~359300 MD steps done (11497600 bead evals)
[driver] ~359400 MD steps done (11500800 bead evals)
[driver] ~359500 MD steps done (11504000 bead evals)
[driver] ~359600 MD steps done (11507200 bead evals)
[driver] ~359700 MD steps done (11510400 bead evals)
[driver] ~359800 MD steps done (11513600 bead evals)
[driver] ~359900 MD steps done (11516800 bead evals)
[driver] ~360000 MD steps done (11520000 bead evals)
[driver] ~360100 MD steps done (11523200 bead evals)
[driver] ~360200 MD steps done (11526400 bead evals)
[driver] ~360300 MD steps done (11529600 bead evals)
[driver] ~360400 MD steps done (11532800 bead evals)
[driver] ~360500 MD steps done (11536000 bead evals)
[driver] ~360600 MD steps done (11539200 bead evals)
[driver] ~360700 MD steps done (11542400 bead evals)
[driver] ~360800 MD steps done (11545600 bead evals)
[driver] ~360900 MD steps done (11548800 bead evals)
[driver] ~361000 MD steps done (11552000 bead evals)
[driver] ~361100 MD steps done (11555200 bead evals)
[driver] ~361200 MD steps done (11558400 bead evals)
[driver] ~361300 MD steps done (11561600 bead evals)
[driver] ~361400 MD steps done (11564800 bead evals)
[driver] ~361500 MD steps done (11568000 bead evals)
[driver] ~361600 MD steps done (11571200 bead evals)
[driver] ~361700 MD steps done (11574400 bead evals)
[driver] ~361800 MD steps done (11577600 bead evals)
[driver] ~361900 MD steps done (11580800 bead evals)
[driver] ~362000 MD steps done (11584000 bead evals)
[driver] ~362100 MD steps done (11587200 bead evals)
[driver] ~362200 MD steps done (11590400 bead evals)
[driver] ~362300 MD steps done (11593600 bead evals)
[driver] ~362400 MD steps done (11596800 bead evals)
[driver] ~362500 MD steps done (11600000 bead evals)
[driver] ~362600 MD steps done (11603200 bead evals)
[driver] ~362700 MD steps done (11606400 bead evals)
[driver] ~362800 MD steps done (11609600 bead evals)
[driver] ~362900 MD steps done (11612800 bead evals)
[driver] ~363000 MD steps done (11616000 bead evals)
[driver] ~363100 MD steps done (11619200 bead evals)
[driver] ~363200 MD steps done (11622400 bead evals)
[driver] ~363300 MD steps done (11625600 bead evals)
[driver] ~363400 MD steps done (11628800 bead evals)
[driver] ~363500 MD steps done (11632000 bead evals)
[driver] ~363600 MD steps done (11635200 bead evals)
[driver] ~363700 MD steps done (11638400 bead evals)
[driver] ~363800 MD steps done (11641600 bead evals)
[driver] ~363900 MD steps done (11644800 bead evals)
[driver] ~364000 MD steps done (11648000 bead evals)
[driver] ~364100 MD steps done (11651200 bead evals)
[driver] ~364200 MD steps done (11654400 bead evals)
[driver] ~364300 MD steps done (11657600 bead evals)
[driver] ~364400 MD steps done (11660800 bead evals)
[driver] ~364500 MD steps done (11664000 bead evals)
[driver] ~364600 MD steps done (11667200 bead evals)
[driver] ~364700 MD steps done (11670400 bead evals)
[driver] ~364800 MD steps done (11673600 bead evals)
[driver] ~364900 MD steps done (11676800 bead evals)
[driver] ~365000 MD steps done (11680000 bead evals)
[driver] ~365100 MD steps done (11683200 bead evals)
[driver] ~365200 MD steps done (11686400 bead evals)
[driver] ~365300 MD steps done (11689600 bead evals)
[driver] ~365400 MD steps done (11692800 bead evals)
[driver] ~365500 MD steps done (11696000 bead evals)
[driver] ~365600 MD steps done (11699200 bead evals)
[driver] ~365700 MD steps done (11702400 bead evals)
[driver] ~365800 MD steps done (11705600 bead evals)
[driver] ~365900 MD steps done (11708800 bead evals)
[driver] ~366000 MD steps done (11712000 bead evals)
[driver] ~366100 MD steps done (11715200 bead evals)
[driver] ~366200 MD steps done (11718400 bead evals)
[driver] ~366300 MD steps done (11721600 bead evals)
[driver] ~366400 MD steps done (11724800 bead evals)
[driver] ~366500 MD steps done (11728000 bead evals)
[driver] ~366600 MD steps done (11731200 bead evals)
[driver] ~366700 MD steps done (11734400 bead evals)
[driver] ~366800 MD steps done (11737600 bead evals)
[driver] ~366900 MD steps done (11740800 bead evals)
[driver] ~367000 MD steps done (11744000 bead evals)
[driver] ~367100 MD steps done (11747200 bead evals)
[driver] ~367200 MD steps done (11750400 bead evals)
[driver] ~367300 MD steps done (11753600 bead evals)
[driver] ~367400 MD steps done (11756800 bead evals)
[driver] ~367500 MD steps done (11760000 bead evals)
[driver] ~367600 MD steps done (11763200 bead evals)
[driver] ~367700 MD steps done (11766400 bead evals)
[driver] ~367800 MD steps done (11769600 bead evals)
[driver] ~367900 MD steps done (11772800 bead evals)
[driver] ~368000 MD steps done (11776000 bead evals)
[driver] ~368100 MD steps done (11779200 bead evals)
[driver] ~368200 MD steps done (11782400 bead evals)
[driver] ~368300 MD steps done (11785600 bead evals)
[driver] ~368400 MD steps done (11788800 bead evals)
[driver] ~368500 MD steps done (11792000 bead evals)
[driver] ~368600 MD steps done (11795200 bead evals)
[driver] ~368700 MD steps done (11798400 bead evals)
[driver] ~368800 MD steps done (11801600 bead evals)
[driver] ~368900 MD steps done (11804800 bead evals)
[driver] ~369000 MD steps done (11808000 bead evals)
[driver] ~369100 MD steps done (11811200 bead evals)
[driver] ~369200 MD steps done (11814400 bead evals)
[driver] ~369300 MD steps done (11817600 bead evals)
[driver] ~369400 MD steps done (11820800 bead evals)
[driver] ~369500 MD steps done (11824000 bead evals)
[driver] ~369600 MD steps done (11827200 bead evals)
[driver] ~369700 MD steps done (11830400 bead evals)
[driver] ~369800 MD steps done (11833600 bead evals)
[driver] ~369900 MD steps done (11836800 bead evals)
[driver] ~370000 MD steps done (11840000 bead evals)
[driver] ~370100 MD steps done (11843200 bead evals)
[driver] ~370200 MD steps done (11846400 bead evals)
[driver] ~370300 MD steps done (11849600 bead evals)
[driver] ~370400 MD steps done (11852800 bead evals)
[driver] ~370500 MD steps done (11856000 bead evals)
[driver] ~370600 MD steps done (11859200 bead evals)
[driver] ~370700 MD steps done (11862400 bead evals)
[driver] ~370800 MD steps done (11865600 bead evals)
[driver] ~370900 MD steps done (11868800 bead evals)
[driver] ~371000 MD steps done (11872000 bead evals)
[driver] ~371100 MD steps done (11875200 bead evals)
[driver] ~371200 MD steps done (11878400 bead evals)
[driver] ~371300 MD steps done (11881600 bead evals)
[driver] ~371400 MD steps done (11884800 bead evals)
[driver] ~371500 MD steps done (11888000 bead evals)
[driver] ~371600 MD steps done (11891200 bead evals)
[driver] ~371700 MD steps done (11894400 bead evals)
[driver] ~371800 MD steps done (11897600 bead evals)
[driver] ~371900 MD steps done (11900800 bead evals)
[driver] ~372000 MD steps done (11904000 bead evals)
[driver] ~372100 MD steps done (11907200 bead evals)
[driver] ~372200 MD steps done (11910400 bead evals)
[driver] ~372300 MD steps done (11913600 bead evals)
[driver] ~372400 MD steps done (11916800 bead evals)
[driver] ~372500 MD steps done (11920000 bead evals)
[driver] ~372600 MD steps done (11923200 bead evals)
[driver] ~372700 MD steps done (11926400 bead evals)
[driver] ~372800 MD steps done (11929600 bead evals)
[driver] ~372900 MD steps done (11932800 bead evals)
[driver] ~373000 MD steps done (11936000 bead evals)
[driver] ~373100 MD steps done (11939200 bead evals)
[driver] ~373200 MD steps done (11942400 bead evals)
[driver] ~373300 MD steps done (11945600 bead evals)
[driver] ~373400 MD steps done (11948800 bead evals)
[driver] ~373500 MD steps done (11952000 bead evals)
[driver] ~373600 MD steps done (11955200 bead evals)
[driver] ~373700 MD steps done (11958400 bead evals)
[driver] ~373800 MD steps done (11961600 bead evals)
[driver] ~373900 MD steps done (11964800 bead evals)
[driver] ~374000 MD steps done (11968000 bead evals)
[driver] ~374100 MD steps done (11971200 bead evals)
[driver] ~374200 MD steps done (11974400 bead evals)
[driver] ~374300 MD steps done (11977600 bead evals)
[driver] ~374400 MD steps done (11980800 bead evals)
[driver] ~374500 MD steps done (11984000 bead evals)
[driver] ~374600 MD steps done (11987200 bead evals)
[driver] ~374700 MD steps done (11990400 bead evals)
[driver] ~374800 MD steps done (11993600 bead evals)
[driver] ~374900 MD steps done (11996800 bead evals)
[driver] ~375000 MD steps done (12000000 bead evals)
[driver] ~375100 MD steps done (12003200 bead evals)
[driver] ~375200 MD steps done (12006400 bead evals)
[driver] ~375300 MD steps done (12009600 bead evals)
[driver] ~375400 MD steps done (12012800 bead evals)
[driver] ~375500 MD steps done (12016000 bead evals)
[driver] ~375600 MD steps done (12019200 bead evals)
[driver] ~375700 MD steps done (12022400 bead evals)
[driver] ~375800 MD steps done (12025600 bead evals)
[driver] ~375900 MD steps done (12028800 bead evals)
[driver] ~376000 MD steps done (12032000 bead evals)
[driver] ~376100 MD steps done (12035200 bead evals)
[driver] ~376200 MD steps done (12038400 bead evals)
[driver] ~376300 MD steps done (12041600 bead evals)
[driver] ~376400 MD steps done (12044800 bead evals)
[driver] ~376500 MD steps done (12048000 bead evals)
[driver] ~376600 MD steps done (12051200 bead evals)
[driver] ~376700 MD steps done (12054400 bead evals)
[driver] ~376800 MD steps done (12057600 bead evals)
[driver] ~376900 MD steps done (12060800 bead evals)
[driver] ~377000 MD steps done (12064000 bead evals)
[driver] ~377100 MD steps done (12067200 bead evals)
[driver] ~377200 MD steps done (12070400 bead evals)
[driver] ~377300 MD steps done (12073600 bead evals)
[driver] ~377400 MD steps done (12076800 bead evals)
[driver] ~377500 MD steps done (12080000 bead evals)
[driver] ~377600 MD steps done (12083200 bead evals)
[driver] ~377700 MD steps done (12086400 bead evals)
[driver] ~377800 MD steps done (12089600 bead evals)
[driver] ~377900 MD steps done (12092800 bead evals)
[driver] ~378000 MD steps done (12096000 bead evals)
[driver] ~378100 MD steps done (12099200 bead evals)
[driver] ~378200 MD steps done (12102400 bead evals)
[driver] ~378300 MD steps done (12105600 bead evals)
[driver] ~378400 MD steps done (12108800 bead evals)
[driver] ~378500 MD steps done (12112000 bead evals)
[driver] ~378600 MD steps done (12115200 bead evals)
[driver] ~378700 MD steps done (12118400 bead evals)
[driver] ~378800 MD steps done (12121600 bead evals)
[driver] ~378900 MD steps done (12124800 bead evals)
[driver] ~379000 MD steps done (12128000 bead evals)
[driver] ~379100 MD steps done (12131200 bead evals)
[driver] ~379200 MD steps done (12134400 bead evals)
[driver] ~379300 MD steps done (12137600 bead evals)
[driver] ~379400 MD steps done (12140800 bead evals)
[driver] ~379500 MD steps done (12144000 bead evals)
[driver] ~379600 MD steps done (12147200 bead evals)
[driver] ~379700 MD steps done (12150400 bead evals)
[driver] ~379800 MD steps done (12153600 bead evals)
[driver] ~379900 MD steps done (12156800 bead evals)
[driver] ~380000 MD steps done (12160000 bead evals)
[driver] ~380100 MD steps done (12163200 bead evals)
[driver] ~380200 MD steps done (12166400 bead evals)
[driver] ~380300 MD steps done (12169600 bead evals)
[driver] ~380400 MD steps done (12172800 bead evals)
[driver] ~380500 MD steps done (12176000 bead evals)
[driver] ~380600 MD steps done (12179200 bead evals)
[driver] ~380700 MD steps done (12182400 bead evals)
[driver] ~380800 MD steps done (12185600 bead evals)
[driver] ~380900 MD steps done (12188800 bead evals)
[driver] ~381000 MD steps done (12192000 bead evals)
[driver] ~381100 MD steps done (12195200 bead evals)
[driver] ~381200 MD steps done (12198400 bead evals)
[driver] ~381300 MD steps done (12201600 bead evals)
[driver] ~381400 MD steps done (12204800 bead evals)
[driver] ~381500 MD steps done (12208000 bead evals)
[driver] ~381600 MD steps done (12211200 bead evals)
[driver] ~381700 MD steps done (12214400 bead evals)
[driver] ~381800 MD steps done (12217600 bead evals)
[driver] ~381900 MD steps done (12220800 bead evals)
[driver] ~382000 MD steps done (12224000 bead evals)
[driver] ~382100 MD steps done (12227200 bead evals)
[driver] ~382200 MD steps done (12230400 bead evals)
[driver] ~382300 MD steps done (12233600 bead evals)
[driver] ~382400 MD steps done (12236800 bead evals)
[driver] ~382500 MD steps done (12240000 bead evals)
[driver] ~382600 MD steps done (12243200 bead evals)
[driver] ~382700 MD steps done (12246400 bead evals)
[driver] ~382800 MD steps done (12249600 bead evals)
[driver] ~382900 MD steps done (12252800 bead evals)
[driver] ~383000 MD steps done (12256000 bead evals)
[driver] ~383100 MD steps done (12259200 bead evals)
[driver] ~383200 MD steps done (12262400 bead evals)
[driver] ~383300 MD steps done (12265600 bead evals)
[driver] ~383400 MD steps done (12268800 bead evals)
[driver] ~383500 MD steps done (12272000 bead evals)
[driver] ~383600 MD steps done (12275200 bead evals)
[driver] ~383700 MD steps done (12278400 bead evals)
[driver] ~383800 MD steps done (12281600 bead evals)
[driver] ~383900 MD steps done (12284800 bead evals)
[driver] ~384000 MD steps done (12288000 bead evals)
[driver] ~384100 MD steps done (12291200 bead evals)
[driver] ~384200 MD steps done (12294400 bead evals)
[driver] ~384300 MD steps done (12297600 bead evals)
[driver] ~384400 MD steps done (12300800 bead evals)
[driver] ~384500 MD steps done (12304000 bead evals)
[driver] ~384600 MD steps done (12307200 bead evals)
[driver] ~384700 MD steps done (12310400 bead evals)
[driver] ~384800 MD steps done (12313600 bead evals)
[driver] ~384900 MD steps done (12316800 bead evals)
[driver] ~385000 MD steps done (12320000 bead evals)
[driver] ~385100 MD steps done (12323200 bead evals)
[driver] ~385200 MD steps done (12326400 bead evals)
[driver] ~385300 MD steps done (12329600 bead evals)
[driver] ~385400 MD steps done (12332800 bead evals)
[driver] ~385500 MD steps done (12336000 bead evals)
[driver] ~385600 MD steps done (12339200 bead evals)
[driver] ~385700 MD steps done (12342400 bead evals)
[driver] ~385800 MD steps done (12345600 bead evals)
[driver] ~385900 MD steps done (12348800 bead evals)
[driver] ~386000 MD steps done (12352000 bead evals)
[driver] ~386100 MD steps done (12355200 bead evals)
[driver] ~386200 MD steps done (12358400 bead evals)
[driver] ~386300 MD steps done (12361600 bead evals)
[driver] ~386400 MD steps done (12364800 bead evals)
[driver] ~386500 MD steps done (12368000 bead evals)
[driver] ~386600 MD steps done (12371200 bead evals)
[driver] ~386700 MD steps done (12374400 bead evals)
[driver] ~386800 MD steps done (12377600 bead evals)
[driver] ~386900 MD steps done (12380800 bead evals)
[driver] ~387000 MD steps done (12384000 bead evals)
[driver] ~387100 MD steps done (12387200 bead evals)
[driver] ~387200 MD steps done (12390400 bead evals)
[driver] ~387300 MD steps done (12393600 bead evals)
[driver] ~387400 MD steps done (12396800 bead evals)
[driver] ~387500 MD steps done (12400000 bead evals)
[driver] ~387600 MD steps done (12403200 bead evals)
[driver] ~387700 MD steps done (12406400 bead evals)
[driver] ~387800 MD steps done (12409600 bead evals)
[driver] ~387900 MD steps done (12412800 bead evals)
[driver] ~388000 MD steps done (12416000 bead evals)
[driver] ~388100 MD steps done (12419200 bead evals)
[driver] ~388200 MD steps done (12422400 bead evals)
[driver] ~388300 MD steps done (12425600 bead evals)
[driver] ~388400 MD steps done (12428800 bead evals)
[driver] ~388500 MD steps done (12432000 bead evals)
[driver] ~388600 MD steps done (12435200 bead evals)
[driver] ~388700 MD steps done (12438400 bead evals)
[driver] ~388800 MD steps done (12441600 bead evals)
[driver] ~388900 MD steps done (12444800 bead evals)
[driver] ~389000 MD steps done (12448000 bead evals)
[driver] ~389100 MD steps done (12451200 bead evals)
[driver] ~389200 MD steps done (12454400 bead evals)
[driver] ~389300 MD steps done (12457600 bead evals)
[driver] ~389400 MD steps done (12460800 bead evals)
[driver] ~389500 MD steps done (12464000 bead evals)
[driver] ~389600 MD steps done (12467200 bead evals)
[driver] ~389700 MD steps done (12470400 bead evals)
[driver] ~389800 MD steps done (12473600 bead evals)
[driver] ~389900 MD steps done (12476800 bead evals)
[driver] ~390000 MD steps done (12480000 bead evals)
[driver] ~390100 MD steps done (12483200 bead evals)
[driver] ~390200 MD steps done (12486400 bead evals)
[driver] ~390300 MD steps done (12489600 bead evals)
[driver] ~390400 MD steps done (12492800 bead evals)
[driver] ~390500 MD steps done (12496000 bead evals)
[driver] ~390600 MD steps done (12499200 bead evals)
[driver] ~390700 MD steps done (12502400 bead evals)
[driver] ~390800 MD steps done (12505600 bead evals)
[driver] ~390900 MD steps done (12508800 bead evals)
[driver] ~391000 MD steps done (12512000 bead evals)
[driver] ~391100 MD steps done (12515200 bead evals)
[driver] ~391200 MD steps done (12518400 bead evals)
[driver] ~391300 MD steps done (12521600 bead evals)
[driver] ~391400 MD steps done (12524800 bead evals)
[driver] ~391500 MD steps done (12528000 bead evals)
[driver] ~391600 MD steps done (12531200 bead evals)
[driver] ~391700 MD steps done (12534400 bead evals)
[driver] ~391800 MD steps done (12537600 bead evals)
[driver] ~391900 MD steps done (12540800 bead evals)
[driver] ~392000 MD steps done (12544000 bead evals)
[driver] ~392100 MD steps done (12547200 bead evals)
[driver] ~392200 MD steps done (12550400 bead evals)
[driver] ~392300 MD steps done (12553600 bead evals)
[driver] ~392400 MD steps done (12556800 bead evals)
[driver] ~392500 MD steps done (12560000 bead evals)
[driver] ~392600 MD steps done (12563200 bead evals)
[driver] ~392700 MD steps done (12566400 bead evals)
[driver] ~392800 MD steps done (12569600 bead evals)
[driver] ~392900 MD steps done (12572800 bead evals)
[driver] ~393000 MD steps done (12576000 bead evals)
[driver] ~393100 MD steps done (12579200 bead evals)
[driver] ~393200 MD steps done (12582400 bead evals)
[driver] ~393300 MD steps done (12585600 bead evals)
[driver] ~393400 MD steps done (12588800 bead evals)
[driver] ~393500 MD steps done (12592000 bead evals)
[driver] ~393600 MD steps done (12595200 bead evals)
[driver] ~393700 MD steps done (12598400 bead evals)
[driver] ~393800 MD steps done (12601600 bead evals)
[driver] ~393900 MD steps done (12604800 bead evals)
[driver] ~394000 MD steps done (12608000 bead evals)
[driver] ~394100 MD steps done (12611200 bead evals)
[driver] ~394200 MD steps done (12614400 bead evals)
[driver] ~394300 MD steps done (12617600 bead evals)
[driver] ~394400 MD steps done (12620800 bead evals)
[driver] ~394500 MD steps done (12624000 bead evals)
[driver] ~394600 MD steps done (12627200 bead evals)
[driver] ~394700 MD steps done (12630400 bead evals)
[driver] ~394800 MD steps done (12633600 bead evals)
[driver] ~394900 MD steps done (12636800 bead evals)
[driver] ~395000 MD steps done (12640000 bead evals)
[driver] ~395100 MD steps done (12643200 bead evals)
[driver] ~395200 MD steps done (12646400 bead evals)
[driver] ~395300 MD steps done (12649600 bead evals)
[driver] ~395400 MD steps done (12652800 bead evals)
[driver] ~395500 MD steps done (12656000 bead evals)
[driver] ~395600 MD steps done (12659200 bead evals)
[driver] ~395700 MD steps done (12662400 bead evals)
[driver] ~395800 MD steps done (12665600 bead evals)
[driver] ~395900 MD steps done (12668800 bead evals)
[driver] ~396000 MD steps done (12672000 bead evals)
[driver] ~396100 MD steps done (12675200 bead evals)
[driver] ~396200 MD steps done (12678400 bead evals)
[driver] ~396300 MD steps done (12681600 bead evals)
[driver] ~396400 MD steps done (12684800 bead evals)
[driver] ~396500 MD steps done (12688000 bead evals)
[driver] ~396600 MD steps done (12691200 bead evals)
[driver] ~396700 MD steps done (12694400 bead evals)
[driver] ~396800 MD steps done (12697600 bead evals)
[driver] ~396900 MD steps done (12700800 bead evals)
[driver] ~397000 MD steps done (12704000 bead evals)
[driver] ~397100 MD steps done (12707200 bead evals)
[driver] ~397200 MD steps done (12710400 bead evals)
[driver] ~397300 MD steps done (12713600 bead evals)
[driver] ~397400 MD steps done (12716800 bead evals)
[driver] ~397500 MD steps done (12720000 bead evals)
[driver] ~397600 MD steps done (12723200 bead evals)
[driver] ~397700 MD steps done (12726400 bead evals)
[driver] ~397800 MD steps done (12729600 bead evals)
[driver] ~397900 MD steps done (12732800 bead evals)
[driver] ~398000 MD steps done (12736000 bead evals)
[driver] ~398100 MD steps done (12739200 bead evals)
[driver] ~398200 MD steps done (12742400 bead evals)
[driver] ~398300 MD steps done (12745600 bead evals)
[driver] ~398400 MD steps done (12748800 bead evals)
[driver] ~398500 MD steps done (12752000 bead evals)
[driver] ~398600 MD steps done (12755200 bead evals)
[driver] ~398700 MD steps done (12758400 bead evals)
[driver] ~398800 MD steps done (12761600 bead evals)
[driver] ~398900 MD steps done (12764800 bead evals)
[driver] ~399000 MD steps done (12768000 bead evals)
[driver] ~399100 MD steps done (12771200 bead evals)
[driver] ~399200 MD steps done (12774400 bead evals)
[driver] ~399300 MD steps done (12777600 bead evals)
[driver] ~399400 MD steps done (12780800 bead evals)
[driver] ~399500 MD steps done (12784000 bead evals)
[driver] ~399600 MD steps done (12787200 bead evals)
[driver] ~399700 MD steps done (12790400 bead evals)
[driver] ~399800 MD steps done (12793600 bead evals)
[driver] ~399900 MD steps done (12796800 bead evals)
[driver] ~400000 MD steps done (12800000 bead evals)
[driver] ~400100 MD steps done (12803200 bead evals)
[driver] ~400200 MD steps done (12806400 bead evals)
[driver] ~400300 MD steps done (12809600 bead evals)
[driver] ~400400 MD steps done (12812800 bead evals)
[driver] ~400500 MD steps done (12816000 bead evals)
[driver] ~400600 MD steps done (12819200 bead evals)
[driver] ~400700 MD steps done (12822400 bead evals)
[driver] ~400800 MD steps done (12825600 bead evals)
[driver] ~400900 MD steps done (12828800 bead evals)
[driver] ~401000 MD steps done (12832000 bead evals)
[driver] ~401100 MD steps done (12835200 bead evals)
[driver] ~401200 MD steps done (12838400 bead evals)
[driver] ~401300 MD steps done (12841600 bead evals)
[driver] ~401400 MD steps done (12844800 bead evals)
[driver] ~401500 MD steps done (12848000 bead evals)
[driver] ~401600 MD steps done (12851200 bead evals)
[driver] ~401700 MD steps done (12854400 bead evals)
[driver] ~401800 MD steps done (12857600 bead evals)
[driver] ~401900 MD steps done (12860800 bead evals)
[driver] ~402000 MD steps done (12864000 bead evals)
[driver] ~402100 MD steps done (12867200 bead evals)
[driver] ~402200 MD steps done (12870400 bead evals)
[driver] ~402300 MD steps done (12873600 bead evals)
[driver] ~402400 MD steps done (12876800 bead evals)
[driver] ~402500 MD steps done (12880000 bead evals)
[driver] ~402600 MD steps done (12883200 bead evals)
[driver] ~402700 MD steps done (12886400 bead evals)
[driver] ~402800 MD steps done (12889600 bead evals)
[driver] ~402900 MD steps done (12892800 bead evals)
[driver] ~403000 MD steps done (12896000 bead evals)
[driver] ~403100 MD steps done (12899200 bead evals)
[driver] ~403200 MD steps done (12902400 bead evals)
[driver] ~403300 MD steps done (12905600 bead evals)
[driver] ~403400 MD steps done (12908800 bead evals)
[driver] ~403500 MD steps done (12912000 bead evals)
[driver] ~403600 MD steps done (12915200 bead evals)
[driver] ~403700 MD steps done (12918400 bead evals)
[driver] ~403800 MD steps done (12921600 bead evals)
[driver] ~403900 MD steps done (12924800 bead evals)
[driver] ~404000 MD steps done (12928000 bead evals)
[driver] ~404100 MD steps done (12931200 bead evals)
[driver] ~404200 MD steps done (12934400 bead evals)
[driver] ~404300 MD steps done (12937600 bead evals)
[driver] ~404400 MD steps done (12940800 bead evals)
[driver] ~404500 MD steps done (12944000 bead evals)
[driver] ~404600 MD steps done (12947200 bead evals)
[driver] ~404700 MD steps done (12950400 bead evals)
[driver] ~404800 MD steps done (12953600 bead evals)
[driver] ~404900 MD steps done (12956800 bead evals)
[driver] ~405000 MD steps done (12960000 bead evals)
[driver] ~405100 MD steps done (12963200 bead evals)
[driver] ~405200 MD steps done (12966400 bead evals)
[driver] ~405300 MD steps done (12969600 bead evals)
[driver] ~405400 MD steps done (12972800 bead evals)
[driver] ~405500 MD steps done (12976000 bead evals)
[driver] ~405600 MD steps done (12979200 bead evals)
[driver] ~405700 MD steps done (12982400 bead evals)
[driver] ~405800 MD steps done (12985600 bead evals)
[driver] ~405900 MD steps done (12988800 bead evals)
[driver] ~406000 MD steps done (12992000 bead evals)
[driver] ~406100 MD steps done (12995200 bead evals)
[driver] ~406200 MD steps done (12998400 bead evals)
[driver] ~406300 MD steps done (13001600 bead evals)
[driver] ~406400 MD steps done (13004800 bead evals)
[driver] ~406500 MD steps done (13008000 bead evals)
[driver] ~406600 MD steps done (13011200 bead evals)
[driver] ~406700 MD steps done (13014400 bead evals)
[driver] ~406800 MD steps done (13017600 bead evals)
[driver] ~406900 MD steps done (13020800 bead evals)
[driver] ~407000 MD steps done (13024000 bead evals)
[driver] ~407100 MD steps done (13027200 bead evals)
[driver] ~407200 MD steps done (13030400 bead evals)
[driver] ~407300 MD steps done (13033600 bead evals)
[driver] ~407400 MD steps done (13036800 bead evals)
[driver] ~407500 MD steps done (13040000 bead evals)
[driver] ~407600 MD steps done (13043200 bead evals)
[driver] ~407700 MD steps done (13046400 bead evals)
[driver] ~407800 MD steps done (13049600 bead evals)
[driver] ~407900 MD steps done (13052800 bead evals)
[driver] ~408000 MD steps done (13056000 bead evals)
[driver] ~408100 MD steps done (13059200 bead evals)
[driver] ~408200 MD steps done (13062400 bead evals)
[driver] ~408300 MD steps done (13065600 bead evals)
[driver] ~408400 MD steps done (13068800 bead evals)
[driver] ~408500 MD steps done (13072000 bead evals)
[driver] ~408600 MD steps done (13075200 bead evals)
[driver] ~408700 MD steps done (13078400 bead evals)
[driver] ~408800 MD steps done (13081600 bead evals)
[driver] ~408900 MD steps done (13084800 bead evals)
[driver] ~409000 MD steps done (13088000 bead evals)
[driver] ~409100 MD steps done (13091200 bead evals)
[driver] ~409200 MD steps done (13094400 bead evals)
[driver] ~409300 MD steps done (13097600 bead evals)
[driver] ~409400 MD steps done (13100800 bead evals)
[driver] ~409500 MD steps done (13104000 bead evals)
[driver] ~409600 MD steps done (13107200 bead evals)
[driver] ~409700 MD steps done (13110400 bead evals)
[driver] ~409800 MD steps done (13113600 bead evals)
[driver] ~409900 MD steps done (13116800 bead evals)
[driver] ~410000 MD steps done (13120000 bead evals)
[driver] ~410100 MD steps done (13123200 bead evals)
[driver] ~410200 MD steps done (13126400 bead evals)
[driver] ~410300 MD steps done (13129600 bead evals)
[driver] ~410400 MD steps done (13132800 bead evals)
[driver] ~410500 MD steps done (13136000 bead evals)
[driver] ~410600 MD steps done (13139200 bead evals)
[driver] ~410700 MD steps done (13142400 bead evals)
[driver] ~410800 MD steps done (13145600 bead evals)
[driver] ~410900 MD steps done (13148800 bead evals)
[driver] ~411000 MD steps done (13152000 bead evals)
[driver] ~411100 MD steps done (13155200 bead evals)
[driver] ~411200 MD steps done (13158400 bead evals)
[driver] ~411300 MD steps done (13161600 bead evals)
[driver] ~411400 MD steps done (13164800 bead evals)
[driver] ~411500 MD steps done (13168000 bead evals)
[driver] ~411600 MD steps done (13171200 bead evals)
[driver] ~411700 MD steps done (13174400 bead evals)
[driver] ~411800 MD steps done (13177600 bead evals)
[driver] ~411900 MD steps done (13180800 bead evals)
[driver] ~412000 MD steps done (13184000 bead evals)
[driver] ~412100 MD steps done (13187200 bead evals)
[driver] ~412200 MD steps done (13190400 bead evals)
[driver] ~412300 MD steps done (13193600 bead evals)
[driver] ~412400 MD steps done (13196800 bead evals)
[driver] ~412500 MD steps done (13200000 bead evals)
[driver] ~412600 MD steps done (13203200 bead evals)
[driver] ~412700 MD steps done (13206400 bead evals)
[driver] ~412800 MD steps done (13209600 bead evals)
[driver] ~412900 MD steps done (13212800 bead evals)
[driver] ~413000 MD steps done (13216000 bead evals)
[driver] ~413100 MD steps done (13219200 bead evals)
[driver] ~413200 MD steps done (13222400 bead evals)
[driver] ~413300 MD steps done (13225600 bead evals)
[driver] ~413400 MD steps done (13228800 bead evals)
[driver] ~413500 MD steps done (13232000 bead evals)
[driver] ~413600 MD steps done (13235200 bead evals)
[driver] ~413700 MD steps done (13238400 bead evals)
[driver] ~413800 MD steps done (13241600 bead evals)
[driver] ~413900 MD steps done (13244800 bead evals)
[driver] ~414000 MD steps done (13248000 bead evals)
[driver] ~414100 MD steps done (13251200 bead evals)
[driver] ~414200 MD steps done (13254400 bead evals)
[driver] ~414300 MD steps done (13257600 bead evals)
[driver] ~414400 MD steps done (13260800 bead evals)
[driver] ~414500 MD steps done (13264000 bead evals)
[driver] ~414600 MD steps done (13267200 bead evals)
[driver] ~414700 MD steps done (13270400 bead evals)
[driver] ~414800 MD steps done (13273600 bead evals)
[driver] ~414900 MD steps done (13276800 bead evals)
[driver] ~415000 MD steps done (13280000 bead evals)
[driver] ~415100 MD steps done (13283200 bead evals)
[driver] ~415200 MD steps done (13286400 bead evals)
[driver] ~415300 MD steps done (13289600 bead evals)
[driver] ~415400 MD steps done (13292800 bead evals)
[driver] ~415500 MD steps done (13296000 bead evals)
[driver] ~415600 MD steps done (13299200 bead evals)
[driver] ~415700 MD steps done (13302400 bead evals)
[driver] ~415800 MD steps done (13305600 bead evals)
[driver] ~415900 MD steps done (13308800 bead evals)
[driver] ~416000 MD steps done (13312000 bead evals)
[driver] ~416100 MD steps done (13315200 bead evals)
[driver] ~416200 MD steps done (13318400 bead evals)
[driver] ~416300 MD steps done (13321600 bead evals)
[driver] ~416400 MD steps done (13324800 bead evals)
[driver] ~416500 MD steps done (13328000 bead evals)
[driver] ~416600 MD steps done (13331200 bead evals)
[driver] ~416700 MD steps done (13334400 bead evals)
[driver] ~416800 MD steps done (13337600 bead evals)
[driver] ~416900 MD steps done (13340800 bead evals)
[driver] ~417000 MD steps done (13344000 bead evals)
[driver] ~417100 MD steps done (13347200 bead evals)
[driver] ~417200 MD steps done (13350400 bead evals)
[driver] ~417300 MD steps done (13353600 bead evals)
[driver] ~417400 MD steps done (13356800 bead evals)
[driver] ~417500 MD steps done (13360000 bead evals)
[driver] ~417600 MD steps done (13363200 bead evals)
[driver] ~417700 MD steps done (13366400 bead evals)
[driver] ~417800 MD steps done (13369600 bead evals)
[driver] ~417900 MD steps done (13372800 bead evals)
[driver] ~418000 MD steps done (13376000 bead evals)
[driver] ~418100 MD steps done (13379200 bead evals)
[driver] ~418200 MD steps done (13382400 bead evals)
[driver] ~418300 MD steps done (13385600 bead evals)
[driver] ~418400 MD steps done (13388800 bead evals)
[driver] ~418500 MD steps done (13392000 bead evals)
[driver] ~418600 MD steps done (13395200 bead evals)
[driver] ~418700 MD steps done (13398400 bead evals)
[driver] ~418800 MD steps done (13401600 bead evals)
[driver] ~418900 MD steps done (13404800 bead evals)
[driver] ~419000 MD steps done (13408000 bead evals)
[driver] ~419100 MD steps done (13411200 bead evals)
[driver] ~419200 MD steps done (13414400 bead evals)
[driver] ~419300 MD steps done (13417600 bead evals)
[driver] ~419400 MD steps done (13420800 bead evals)
[driver] ~419500 MD steps done (13424000 bead evals)
[driver] ~419600 MD steps done (13427200 bead evals)
[driver] ~419700 MD steps done (13430400 bead evals)
[driver] ~419800 MD steps done (13433600 bead evals)
[driver] ~419900 MD steps done (13436800 bead evals)
[driver] ~420000 MD steps done (13440000 bead evals)
[driver] ~420100 MD steps done (13443200 bead evals)
[driver] ~420200 MD steps done (13446400 bead evals)
[driver] ~420300 MD steps done (13449600 bead evals)
[driver] ~420400 MD steps done (13452800 bead evals)
[driver] ~420500 MD steps done (13456000 bead evals)
[driver] ~420600 MD steps done (13459200 bead evals)
[driver] ~420700 MD steps done (13462400 bead evals)
[driver] ~420800 MD steps done (13465600 bead evals)
[driver] ~420900 MD steps done (13468800 bead evals)
[driver] ~421000 MD steps done (13472000 bead evals)
[driver] ~421100 MD steps done (13475200 bead evals)
[driver] ~421200 MD steps done (13478400 bead evals)
[driver] ~421300 MD steps done (13481600 bead evals)
[driver] ~421400 MD steps done (13484800 bead evals)
[driver] ~421500 MD steps done (13488000 bead evals)
[driver] ~421600 MD steps done (13491200 bead evals)
[driver] ~421700 MD steps done (13494400 bead evals)
[driver] ~421800 MD steps done (13497600 bead evals)
[driver] ~421900 MD steps done (13500800 bead evals)
[driver] ~422000 MD steps done (13504000 bead evals)
[driver] ~422100 MD steps done (13507200 bead evals)
[driver] ~422200 MD steps done (13510400 bead evals)
[driver] ~422300 MD steps done (13513600 bead evals)
[driver] ~422400 MD steps done (13516800 bead evals)
[driver] ~422500 MD steps done (13520000 bead evals)
[driver] ~422600 MD steps done (13523200 bead evals)
[driver] ~422700 MD steps done (13526400 bead evals)
[driver] ~422800 MD steps done (13529600 bead evals)
[driver] ~422900 MD steps done (13532800 bead evals)
[driver] ~423000 MD steps done (13536000 bead evals)
[driver] ~423100 MD steps done (13539200 bead evals)
[driver] ~423200 MD steps done (13542400 bead evals)
[driver] ~423300 MD steps done (13545600 bead evals)
[driver] ~423400 MD steps done (13548800 bead evals)
[driver] ~423500 MD steps done (13552000 bead evals)
[driver] ~423600 MD steps done (13555200 bead evals)
[driver] ~423700 MD steps done (13558400 bead evals)
[driver] ~423800 MD steps done (13561600 bead evals)
[driver] ~423900 MD steps done (13564800 bead evals)
[driver] ~424000 MD steps done (13568000 bead evals)
[driver] ~424100 MD steps done (13571200 bead evals)
[driver] ~424200 MD steps done (13574400 bead evals)
[driver] ~424300 MD steps done (13577600 bead evals)
[driver] ~424400 MD steps done (13580800 bead evals)
[driver] ~424500 MD steps done (13584000 bead evals)
[driver] ~424600 MD steps done (13587200 bead evals)
[driver] ~424700 MD steps done (13590400 bead evals)
[driver] ~424800 MD steps done (13593600 bead evals)
[driver] ~424900 MD steps done (13596800 bead evals)
[driver] ~425000 MD steps done (13600000 bead evals)
[driver] ~425100 MD steps done (13603200 bead evals)
[driver] ~425200 MD steps done (13606400 bead evals)
[driver] ~425300 MD steps done (13609600 bead evals)
[driver] ~425400 MD steps done (13612800 bead evals)
[driver] ~425500 MD steps done (13616000 bead evals)
[driver] ~425600 MD steps done (13619200 bead evals)
[driver] ~425700 MD steps done (13622400 bead evals)
[driver] ~425800 MD steps done (13625600 bead evals)
[driver] ~425900 MD steps done (13628800 bead evals)
[driver] ~426000 MD steps done (13632000 bead evals)
[driver] ~426100 MD steps done (13635200 bead evals)
[driver] ~426200 MD steps done (13638400 bead evals)
[driver] ~426300 MD steps done (13641600 bead evals)
[driver] ~426400 MD steps done (13644800 bead evals)
[driver] ~426500 MD steps done (13648000 bead evals)
[driver] ~426600 MD steps done (13651200 bead evals)
[driver] ~426700 MD steps done (13654400 bead evals)
[driver] ~426800 MD steps done (13657600 bead evals)
[driver] ~426900 MD steps done (13660800 bead evals)
[driver] ~427000 MD steps done (13664000 bead evals)
[driver] ~427100 MD steps done (13667200 bead evals)
[driver] ~427200 MD steps done (13670400 bead evals)
[driver] ~427300 MD steps done (13673600 bead evals)
[driver] ~427400 MD steps done (13676800 bead evals)
[driver] ~427500 MD steps done (13680000 bead evals)
[driver] ~427600 MD steps done (13683200 bead evals)
[driver] ~427700 MD steps done (13686400 bead evals)
[driver] ~427800 MD steps done (13689600 bead evals)
[driver] ~427900 MD steps done (13692800 bead evals)
[driver] ~428000 MD steps done (13696000 bead evals)
[driver] ~428100 MD steps done (13699200 bead evals)
[driver] ~428200 MD steps done (13702400 bead evals)
[driver] ~428300 MD steps done (13705600 bead evals)
[driver] ~428400 MD steps done (13708800 bead evals)
[driver] ~428500 MD steps done (13712000 bead evals)
[driver] ~428600 MD steps done (13715200 bead evals)
[driver] ~428700 MD steps done (13718400 bead evals)
[driver] ~428800 MD steps done (13721600 bead evals)
[driver] ~428900 MD steps done (13724800 bead evals)
[driver] ~429000 MD steps done (13728000 bead evals)
[driver] ~429100 MD steps done (13731200 bead evals)
[driver] ~429200 MD steps done (13734400 bead evals)
[driver] ~429300 MD steps done (13737600 bead evals)
[driver] ~429400 MD steps done (13740800 bead evals)
[driver] ~429500 MD steps done (13744000 bead evals)
[driver] ~429600 MD steps done (13747200 bead evals)
[driver] ~429700 MD steps done (13750400 bead evals)
[driver] ~429800 MD steps done (13753600 bead evals)
[driver] ~429900 MD steps done (13756800 bead evals)
[driver] ~430000 MD steps done (13760000 bead evals)
[driver] ~430100 MD steps done (13763200 bead evals)
[driver] ~430200 MD steps done (13766400 bead evals)
[driver] ~430300 MD steps done (13769600 bead evals)
[driver] ~430400 MD steps done (13772800 bead evals)
[driver] ~430500 MD steps done (13776000 bead evals)
[driver] ~430600 MD steps done (13779200 bead evals)
[driver] ~430700 MD steps done (13782400 bead evals)
[driver] ~430800 MD steps done (13785600 bead evals)
[driver] ~430900 MD steps done (13788800 bead evals)
[driver] ~431000 MD steps done (13792000 bead evals)
[driver] ~431100 MD steps done (13795200 bead evals)
[driver] ~431200 MD steps done (13798400 bead evals)
[driver] ~431300 MD steps done (13801600 bead evals)
[driver] ~431400 MD steps done (13804800 bead evals)
[driver] ~431500 MD steps done (13808000 bead evals)
[driver] ~431600 MD steps done (13811200 bead evals)
[driver] ~431700 MD steps done (13814400 bead evals)
[driver] ~431800 MD steps done (13817600 bead evals)
[driver] ~431900 MD steps done (13820800 bead evals)
[driver] ~432000 MD steps done (13824000 bead evals)
[driver] ~432100 MD steps done (13827200 bead evals)
[driver] ~432200 MD steps done (13830400 bead evals)
[driver] ~432300 MD steps done (13833600 bead evals)
[driver] ~432400 MD steps done (13836800 bead evals)
[driver] ~432500 MD steps done (13840000 bead evals)
[driver] ~432600 MD steps done (13843200 bead evals)
[driver] ~432700 MD steps done (13846400 bead evals)
[driver] ~432800 MD steps done (13849600 bead evals)
[driver] ~432900 MD steps done (13852800 bead evals)
[driver] ~433000 MD steps done (13856000 bead evals)
[driver] ~433100 MD steps done (13859200 bead evals)
[driver] ~433200 MD steps done (13862400 bead evals)
[driver] ~433300 MD steps done (13865600 bead evals)
[driver] ~433400 MD steps done (13868800 bead evals)
[driver] ~433500 MD steps done (13872000 bead evals)
[driver] ~433600 MD steps done (13875200 bead evals)
[driver] ~433700 MD steps done (13878400 bead evals)
[driver] ~433800 MD steps done (13881600 bead evals)
[driver] ~433900 MD steps done (13884800 bead evals)
[driver] ~434000 MD steps done (13888000 bead evals)
[driver] ~434100 MD steps done (13891200 bead evals)
[driver] ~434200 MD steps done (13894400 bead evals)
[driver] ~434300 MD steps done (13897600 bead evals)
[driver] ~434400 MD steps done (13900800 bead evals)
[driver] ~434500 MD steps done (13904000 bead evals)
[driver] ~434600 MD steps done (13907200 bead evals)
[driver] ~434700 MD steps done (13910400 bead evals)
[driver] ~434800 MD steps done (13913600 bead evals)
[driver] ~434900 MD steps done (13916800 bead evals)
[driver] ~435000 MD steps done (13920000 bead evals)
[driver] ~435100 MD steps done (13923200 bead evals)
[driver] ~435200 MD steps done (13926400 bead evals)
[driver] ~435300 MD steps done (13929600 bead evals)
[driver] ~435400 MD steps done (13932800 bead evals)
[driver] ~435500 MD steps done (13936000 bead evals)
[driver] ~435600 MD steps done (13939200 bead evals)
[driver] ~435700 MD steps done (13942400 bead evals)
[driver] ~435800 MD steps done (13945600 bead evals)
[driver] ~435900 MD steps done (13948800 bead evals)
[driver] ~436000 MD steps done (13952000 bead evals)
[driver] ~436100 MD steps done (13955200 bead evals)
[driver] ~436200 MD steps done (13958400 bead evals)
[driver] ~436300 MD steps done (13961600 bead evals)
[driver] ~436400 MD steps done (13964800 bead evals)
[driver] ~436500 MD steps done (13968000 bead evals)
[driver] ~436600 MD steps done (13971200 bead evals)
[driver] ~436700 MD steps done (13974400 bead evals)
[driver] ~436800 MD steps done (13977600 bead evals)
[driver] ~436900 MD steps done (13980800 bead evals)
[driver] ~437000 MD steps done (13984000 bead evals)
[driver] ~437100 MD steps done (13987200 bead evals)
[driver] ~437200 MD steps done (13990400 bead evals)
[driver] ~437300 MD steps done (13993600 bead evals)
[driver] ~437400 MD steps done (13996800 bead evals)
[driver] ~437500 MD steps done (14000000 bead evals)
[driver] ~437600 MD steps done (14003200 bead evals)
[driver] ~437700 MD steps done (14006400 bead evals)
[driver] ~437800 MD steps done (14009600 bead evals)
[driver] ~437900 MD steps done (14012800 bead evals)
[driver] ~438000 MD steps done (14016000 bead evals)
[driver] ~438100 MD steps done (14019200 bead evals)
[driver] ~438200 MD steps done (14022400 bead evals)
[driver] ~438300 MD steps done (14025600 bead evals)
[driver] ~438400 MD steps done (14028800 bead evals)
[driver] ~438500 MD steps done (14032000 bead evals)
[driver] ~438600 MD steps done (14035200 bead evals)
[driver] ~438700 MD steps done (14038400 bead evals)
[driver] ~438800 MD steps done (14041600 bead evals)
[driver] ~438900 MD steps done (14044800 bead evals)
[driver] ~439000 MD steps done (14048000 bead evals)
[driver] ~439100 MD steps done (14051200 bead evals)
[driver] ~439200 MD steps done (14054400 bead evals)
[driver] ~439300 MD steps done (14057600 bead evals)
[driver] ~439400 MD steps done (14060800 bead evals)
[driver] ~439500 MD steps done (14064000 bead evals)
[driver] ~439600 MD steps done (14067200 bead evals)
[driver] ~439700 MD steps done (14070400 bead evals)
[driver] ~439800 MD steps done (14073600 bead evals)
[driver] ~439900 MD steps done (14076800 bead evals)
[driver] ~440000 MD steps done (14080000 bead evals)
[driver] ~440100 MD steps done (14083200 bead evals)
[driver] ~440200 MD steps done (14086400 bead evals)
[driver] ~440300 MD steps done (14089600 bead evals)
[driver] ~440400 MD steps done (14092800 bead evals)
[driver] ~440500 MD steps done (14096000 bead evals)
[driver] ~440600 MD steps done (14099200 bead evals)
[driver] ~440700 MD steps done (14102400 bead evals)
[driver] ~440800 MD steps done (14105600 bead evals)
[driver] ~440900 MD steps done (14108800 bead evals)
[driver] ~441000 MD steps done (14112000 bead evals)
[driver] ~441100 MD steps done (14115200 bead evals)
[driver] ~441200 MD steps done (14118400 bead evals)
[driver] ~441300 MD steps done (14121600 bead evals)
[driver] ~441400 MD steps done (14124800 bead evals)
[driver] ~441500 MD steps done (14128000 bead evals)
[driver] ~441600 MD steps done (14131200 bead evals)
[driver] ~441700 MD steps done (14134400 bead evals)
[driver] ~441800 MD steps done (14137600 bead evals)
[driver] ~441900 MD steps done (14140800 bead evals)
[driver] ~442000 MD steps done (14144000 bead evals)
[driver] ~442100 MD steps done (14147200 bead evals)
[driver] ~442200 MD steps done (14150400 bead evals)
[driver] ~442300 MD steps done (14153600 bead evals)
[driver] ~442400 MD steps done (14156800 bead evals)
[driver] ~442500 MD steps done (14160000 bead evals)
[driver] ~442600 MD steps done (14163200 bead evals)
[driver] ~442700 MD steps done (14166400 bead evals)
[driver] ~442800 MD steps done (14169600 bead evals)
[driver] ~442900 MD steps done (14172800 bead evals)
[driver] ~443000 MD steps done (14176000 bead evals)
[driver] ~443100 MD steps done (14179200 bead evals)
[driver] ~443200 MD steps done (14182400 bead evals)
[driver] ~443300 MD steps done (14185600 bead evals)
[driver] ~443400 MD steps done (14188800 bead evals)
[driver] ~443500 MD steps done (14192000 bead evals)
[driver] ~443600 MD steps done (14195200 bead evals)
[driver] ~443700 MD steps done (14198400 bead evals)
[driver] ~443800 MD steps done (14201600 bead evals)
[driver] ~443900 MD steps done (14204800 bead evals)
[driver] ~444000 MD steps done (14208000 bead evals)
[driver] ~444100 MD steps done (14211200 bead evals)
[driver] ~444200 MD steps done (14214400 bead evals)
[driver] ~444300 MD steps done (14217600 bead evals)
[driver] ~444400 MD steps done (14220800 bead evals)
[driver] ~444500 MD steps done (14224000 bead evals)
[driver] ~444600 MD steps done (14227200 bead evals)
[driver] ~444700 MD steps done (14230400 bead evals)
[driver] ~444800 MD steps done (14233600 bead evals)
[driver] ~444900 MD steps done (14236800 bead evals)
[driver] ~445000 MD steps done (14240000 bead evals)
[driver] ~445100 MD steps done (14243200 bead evals)
[driver] ~445200 MD steps done (14246400 bead evals)
[driver] ~445300 MD steps done (14249600 bead evals)
[driver] ~445400 MD steps done (14252800 bead evals)
[driver] ~445500 MD steps done (14256000 bead evals)
[driver] ~445600 MD steps done (14259200 bead evals)
[driver] ~445700 MD steps done (14262400 bead evals)
[driver] ~445800 MD steps done (14265600 bead evals)
[driver] ~445900 MD steps done (14268800 bead evals)
[driver] ~446000 MD steps done (14272000 bead evals)
[driver] ~446100 MD steps done (14275200 bead evals)
[driver] ~446200 MD steps done (14278400 bead evals)
[driver] ~446300 MD steps done (14281600 bead evals)
[driver] ~446400 MD steps done (14284800 bead evals)
[driver] ~446500 MD steps done (14288000 bead evals)
[driver] ~446600 MD steps done (14291200 bead evals)
[driver] ~446700 MD steps done (14294400 bead evals)
[driver] ~446800 MD steps done (14297600 bead evals)
[driver] ~446900 MD steps done (14300800 bead evals)
[driver] ~447000 MD steps done (14304000 bead evals)
[driver] ~447100 MD steps done (14307200 bead evals)
[driver] ~447200 MD steps done (14310400 bead evals)
[driver] ~447300 MD steps done (14313600 bead evals)
[driver] ~447400 MD steps done (14316800 bead evals)
[driver] ~447500 MD steps done (14320000 bead evals)
[driver] ~447600 MD steps done (14323200 bead evals)
[driver] ~447700 MD steps done (14326400 bead evals)
[driver] ~447800 MD steps done (14329600 bead evals)
[driver] ~447900 MD steps done (14332800 bead evals)
[driver] ~448000 MD steps done (14336000 bead evals)
[driver] ~448100 MD steps done (14339200 bead evals)
[driver] ~448200 MD steps done (14342400 bead evals)
[driver] ~448300 MD steps done (14345600 bead evals)
[driver] ~448400 MD steps done (14348800 bead evals)
[driver] ~448500 MD steps done (14352000 bead evals)
[driver] ~448600 MD steps done (14355200 bead evals)
[driver] ~448700 MD steps done (14358400 bead evals)
[driver] ~448800 MD steps done (14361600 bead evals)
[driver] ~448900 MD steps done (14364800 bead evals)
[driver] ~449000 MD steps done (14368000 bead evals)
[driver] ~449100 MD steps done (14371200 bead evals)
[driver] ~449200 MD steps done (14374400 bead evals)
[driver] ~449300 MD steps done (14377600 bead evals)
[driver] ~449400 MD steps done (14380800 bead evals)
[driver] ~449500 MD steps done (14384000 bead evals)
[driver] ~449600 MD steps done (14387200 bead evals)
[driver] ~449700 MD steps done (14390400 bead evals)
[driver] ~449800 MD steps done (14393600 bead evals)
[driver] ~449900 MD steps done (14396800 bead evals)
[driver] ~450000 MD steps done (14400000 bead evals)
[driver] ~450100 MD steps done (14403200 bead evals)
[driver] ~450200 MD steps done (14406400 bead evals)
[driver] ~450300 MD steps done (14409600 bead evals)
[driver] ~450400 MD steps done (14412800 bead evals)
[driver] ~450500 MD steps done (14416000 bead evals)
[driver] ~450600 MD steps done (14419200 bead evals)
[driver] ~450700 MD steps done (14422400 bead evals)
[driver] ~450800 MD steps done (14425600 bead evals)
[driver] ~450900 MD steps done (14428800 bead evals)
[driver] ~451000 MD steps done (14432000 bead evals)
[driver] ~451100 MD steps done (14435200 bead evals)
[driver] ~451200 MD steps done (14438400 bead evals)
[driver] ~451300 MD steps done (14441600 bead evals)
[driver] ~451400 MD steps done (14444800 bead evals)
[driver] ~451500 MD steps done (14448000 bead evals)
[driver] ~451600 MD steps done (14451200 bead evals)
[driver] ~451700 MD steps done (14454400 bead evals)
[driver] ~451800 MD steps done (14457600 bead evals)
[driver] ~451900 MD steps done (14460800 bead evals)
[driver] ~452000 MD steps done (14464000 bead evals)
[driver] ~452100 MD steps done (14467200 bead evals)
[driver] ~452200 MD steps done (14470400 bead evals)
[driver] ~452300 MD steps done (14473600 bead evals)
[driver] ~452400 MD steps done (14476800 bead evals)
[driver] ~452500 MD steps done (14480000 bead evals)
[driver] ~452600 MD steps done (14483200 bead evals)
[driver] ~452700 MD steps done (14486400 bead evals)
[driver] ~452800 MD steps done (14489600 bead evals)
[driver] ~452900 MD steps done (14492800 bead evals)
[driver] ~453000 MD steps done (14496000 bead evals)
[driver] ~453100 MD steps done (14499200 bead evals)
[driver] ~453200 MD steps done (14502400 bead evals)
[driver] ~453300 MD steps done (14505600 bead evals)
[driver] ~453400 MD steps done (14508800 bead evals)
[driver] ~453500 MD steps done (14512000 bead evals)
[driver] ~453600 MD steps done (14515200 bead evals)
[driver] ~453700 MD steps done (14518400 bead evals)
[driver] ~453800 MD steps done (14521600 bead evals)
[driver] ~453900 MD steps done (14524800 bead evals)
[driver] ~454000 MD steps done (14528000 bead evals)
[driver] ~454100 MD steps done (14531200 bead evals)
[driver] ~454200 MD steps done (14534400 bead evals)
[driver] ~454300 MD steps done (14537600 bead evals)
[driver] ~454400 MD steps done (14540800 bead evals)
[driver] ~454500 MD steps done (14544000 bead evals)
[driver] ~454600 MD steps done (14547200 bead evals)
[driver] ~454700 MD steps done (14550400 bead evals)
[driver] ~454800 MD steps done (14553600 bead evals)
[driver] ~454900 MD steps done (14556800 bead evals)
[driver] ~455000 MD steps done (14560000 bead evals)
[driver] ~455100 MD steps done (14563200 bead evals)
[driver] ~455200 MD steps done (14566400 bead evals)
[driver] ~455300 MD steps done (14569600 bead evals)
[driver] ~455400 MD steps done (14572800 bead evals)
[driver] ~455500 MD steps done (14576000 bead evals)
[driver] ~455600 MD steps done (14579200 bead evals)
[driver] ~455700 MD steps done (14582400 bead evals)
[driver] ~455800 MD steps done (14585600 bead evals)
[driver] ~455900 MD steps done (14588800 bead evals)
[driver] ~456000 MD steps done (14592000 bead evals)
[driver] ~456100 MD steps done (14595200 bead evals)
[driver] ~456200 MD steps done (14598400 bead evals)
[driver] ~456300 MD steps done (14601600 bead evals)
[driver] ~456400 MD steps done (14604800 bead evals)
[driver] ~456500 MD steps done (14608000 bead evals)
[driver] ~456600 MD steps done (14611200 bead evals)
[driver] ~456700 MD steps done (14614400 bead evals)
[driver] ~456800 MD steps done (14617600 bead evals)
[driver] ~456900 MD steps done (14620800 bead evals)
[driver] ~457000 MD steps done (14624000 bead evals)
[driver] ~457100 MD steps done (14627200 bead evals)
[driver] ~457200 MD steps done (14630400 bead evals)
[driver] ~457300 MD steps done (14633600 bead evals)
[driver] ~457400 MD steps done (14636800 bead evals)
[driver] ~457500 MD steps done (14640000 bead evals)
[driver] ~457600 MD steps done (14643200 bead evals)
[driver] ~457700 MD steps done (14646400 bead evals)
[driver] ~457800 MD steps done (14649600 bead evals)
[driver] ~457900 MD steps done (14652800 bead evals)
[driver] ~458000 MD steps done (14656000 bead evals)
[driver] ~458100 MD steps done (14659200 bead evals)
[driver] ~458200 MD steps done (14662400 bead evals)
[driver] ~458300 MD steps done (14665600 bead evals)
[driver] ~458400 MD steps done (14668800 bead evals)
[driver] ~458500 MD steps done (14672000 bead evals)
[driver] ~458600 MD steps done (14675200 bead evals)
[driver] ~458700 MD steps done (14678400 bead evals)
[driver] ~458800 MD steps done (14681600 bead evals)
[driver] ~458900 MD steps done (14684800 bead evals)
[driver] ~459000 MD steps done (14688000 bead evals)
[driver] ~459100 MD steps done (14691200 bead evals)
[driver] ~459200 MD steps done (14694400 bead evals)
[driver] ~459300 MD steps done (14697600 bead evals)
[driver] ~459400 MD steps done (14700800 bead evals)
[driver] ~459500 MD steps done (14704000 bead evals)
[driver] ~459600 MD steps done (14707200 bead evals)
[driver] ~459700 MD steps done (14710400 bead evals)
[driver] ~459800 MD steps done (14713600 bead evals)
[driver] ~459900 MD steps done (14716800 bead evals)
[driver] ~460000 MD steps done (14720000 bead evals)
[driver] ~460100 MD steps done (14723200 bead evals)
[driver] ~460200 MD steps done (14726400 bead evals)
[driver] ~460300 MD steps done (14729600 bead evals)
[driver] ~460400 MD steps done (14732800 bead evals)
[driver] ~460500 MD steps done (14736000 bead evals)
[driver] ~460600 MD steps done (14739200 bead evals)
[driver] ~460700 MD steps done (14742400 bead evals)
[driver] ~460800 MD steps done (14745600 bead evals)
[driver] ~460900 MD steps done (14748800 bead evals)
[driver] ~461000 MD steps done (14752000 bead evals)
[driver] ~461100 MD steps done (14755200 bead evals)
[driver] ~461200 MD steps done (14758400 bead evals)
[driver] ~461300 MD steps done (14761600 bead evals)
[driver] ~461400 MD steps done (14764800 bead evals)
[driver] ~461500 MD steps done (14768000 bead evals)
[driver] ~461600 MD steps done (14771200 bead evals)
[driver] ~461700 MD steps done (14774400 bead evals)
[driver] ~461800 MD steps done (14777600 bead evals)
[driver] ~461900 MD steps done (14780800 bead evals)
[driver] ~462000 MD steps done (14784000 bead evals)
[driver] ~462100 MD steps done (14787200 bead evals)
[driver] ~462200 MD steps done (14790400 bead evals)
[driver] ~462300 MD steps done (14793600 bead evals)
[driver] ~462400 MD steps done (14796800 bead evals)
[driver] ~462500 MD steps done (14800000 bead evals)
[driver] ~462600 MD steps done (14803200 bead evals)
[driver] ~462700 MD steps done (14806400 bead evals)
[driver] ~462800 MD steps done (14809600 bead evals)
[driver] ~462900 MD steps done (14812800 bead evals)
[driver] ~463000 MD steps done (14816000 bead evals)
[driver] ~463100 MD steps done (14819200 bead evals)
[driver] ~463200 MD steps done (14822400 bead evals)
[driver] ~463300 MD steps done (14825600 bead evals)
[driver] ~463400 MD steps done (14828800 bead evals)
[driver] ~463500 MD steps done (14832000 bead evals)
[driver] ~463600 MD steps done (14835200 bead evals)
[driver] ~463700 MD steps done (14838400 bead evals)
[driver] ~463800 MD steps done (14841600 bead evals)
[driver] ~463900 MD steps done (14844800 bead evals)
[driver] ~464000 MD steps done (14848000 bead evals)
[driver] ~464100 MD steps done (14851200 bead evals)
[driver] ~464200 MD steps done (14854400 bead evals)
[driver] ~464300 MD steps done (14857600 bead evals)
[driver] ~464400 MD steps done (14860800 bead evals)
[driver] ~464500 MD steps done (14864000 bead evals)
[driver] ~464600 MD steps done (14867200 bead evals)
[driver] ~464700 MD steps done (14870400 bead evals)
[driver] ~464800 MD steps done (14873600 bead evals)
[driver] ~464900 MD steps done (14876800 bead evals)
[driver] ~465000 MD steps done (14880000 bead evals)
[driver] ~465100 MD steps done (14883200 bead evals)
[driver] ~465200 MD steps done (14886400 bead evals)
[driver] ~465300 MD steps done (14889600 bead evals)
[driver] ~465400 MD steps done (14892800 bead evals)
[driver] ~465500 MD steps done (14896000 bead evals)
[driver] ~465600 MD steps done (14899200 bead evals)
[driver] ~465700 MD steps done (14902400 bead evals)
[driver] ~465800 MD steps done (14905600 bead evals)
[driver] ~465900 MD steps done (14908800 bead evals)
[driver] ~466000 MD steps done (14912000 bead evals)
[driver] ~466100 MD steps done (14915200 bead evals)
[driver] ~466200 MD steps done (14918400 bead evals)
[driver] ~466300 MD steps done (14921600 bead evals)
[driver] ~466400 MD steps done (14924800 bead evals)
[driver] ~466500 MD steps done (14928000 bead evals)
[driver] ~466600 MD steps done (14931200 bead evals)
[driver] ~466700 MD steps done (14934400 bead evals)
[driver] ~466800 MD steps done (14937600 bead evals)
[driver] ~466900 MD steps done (14940800 bead evals)
[driver] ~467000 MD steps done (14944000 bead evals)
[driver] ~467100 MD steps done (14947200 bead evals)
[driver] ~467200 MD steps done (14950400 bead evals)
[driver] ~467300 MD steps done (14953600 bead evals)
[driver] ~467400 MD steps done (14956800 bead evals)
[driver] ~467500 MD steps done (14960000 bead evals)
[driver] ~467600 MD steps done (14963200 bead evals)
[driver] ~467700 MD steps done (14966400 bead evals)
[driver] ~467800 MD steps done (14969600 bead evals)
[driver] ~467900 MD steps done (14972800 bead evals)
[driver] ~468000 MD steps done (14976000 bead evals)
[driver] ~468100 MD steps done (14979200 bead evals)
[driver] ~468200 MD steps done (14982400 bead evals)
[driver] ~468300 MD steps done (14985600 bead evals)
[driver] ~468400 MD steps done (14988800 bead evals)
[driver] ~468500 MD steps done (14992000 bead evals)
[driver] ~468600 MD steps done (14995200 bead evals)
[driver] ~468700 MD steps done (14998400 bead evals)
[driver] ~468800 MD steps done (15001600 bead evals)
[driver] ~468900 MD steps done (15004800 bead evals)
[driver] ~469000 MD steps done (15008000 bead evals)
[driver] ~469100 MD steps done (15011200 bead evals)
[driver] ~469200 MD steps done (15014400 bead evals)
[driver] ~469300 MD steps done (15017600 bead evals)
[driver] ~469400 MD steps done (15020800 bead evals)
[driver] ~469500 MD steps done (15024000 bead evals)
[driver] ~469600 MD steps done (15027200 bead evals)
[driver] ~469700 MD steps done (15030400 bead evals)
[driver] ~469800 MD steps done (15033600 bead evals)
[driver] ~469900 MD steps done (15036800 bead evals)
[driver] ~470000 MD steps done (15040000 bead evals)
[driver] ~470100 MD steps done (15043200 bead evals)
[driver] ~470200 MD steps done (15046400 bead evals)
[driver] ~470300 MD steps done (15049600 bead evals)
[driver] ~470400 MD steps done (15052800 bead evals)
[driver] ~470500 MD steps done (15056000 bead evals)
[driver] ~470600 MD steps done (15059200 bead evals)
[driver] ~470700 MD steps done (15062400 bead evals)
[driver] ~470800 MD steps done (15065600 bead evals)
[driver] ~470900 MD steps done (15068800 bead evals)
[driver] ~471000 MD steps done (15072000 bead evals)
[driver] ~471100 MD steps done (15075200 bead evals)
[driver] ~471200 MD steps done (15078400 bead evals)
[driver] ~471300 MD steps done (15081600 bead evals)
[driver] ~471400 MD steps done (15084800 bead evals)
[driver] ~471500 MD steps done (15088000 bead evals)
[driver] ~471600 MD steps done (15091200 bead evals)
[driver] ~471700 MD steps done (15094400 bead evals)
[driver] ~471800 MD steps done (15097600 bead evals)
[driver] ~471900 MD steps done (15100800 bead evals)
[driver] ~472000 MD steps done (15104000 bead evals)
[driver] ~472100 MD steps done (15107200 bead evals)
[driver] ~472200 MD steps done (15110400 bead evals)
[driver] ~472300 MD steps done (15113600 bead evals)
[driver] ~472400 MD steps done (15116800 bead evals)
[driver] ~472500 MD steps done (15120000 bead evals)
[driver] ~472600 MD steps done (15123200 bead evals)
[driver] ~472700 MD steps done (15126400 bead evals)
[driver] ~472800 MD steps done (15129600 bead evals)
[driver] ~472900 MD steps done (15132800 bead evals)
[driver] ~473000 MD steps done (15136000 bead evals)
[driver] ~473100 MD steps done (15139200 bead evals)
[driver] ~473200 MD steps done (15142400 bead evals)
[driver] ~473300 MD steps done (15145600 bead evals)
[driver] ~473400 MD steps done (15148800 bead evals)
[driver] ~473500 MD steps done (15152000 bead evals)
[driver] ~473600 MD steps done (15155200 bead evals)
[driver] ~473700 MD steps done (15158400 bead evals)
[driver] ~473800 MD steps done (15161600 bead evals)
[driver] ~473900 MD steps done (15164800 bead evals)
[driver] ~474000 MD steps done (15168000 bead evals)
[driver] ~474100 MD steps done (15171200 bead evals)
[driver] ~474200 MD steps done (15174400 bead evals)
[driver] ~474300 MD steps done (15177600 bead evals)
[driver] ~474400 MD steps done (15180800 bead evals)
[driver] ~474500 MD steps done (15184000 bead evals)
[driver] ~474600 MD steps done (15187200 bead evals)
[driver] ~474700 MD steps done (15190400 bead evals)
[driver] ~474800 MD steps done (15193600 bead evals)
[driver] ~474900 MD steps done (15196800 bead evals)
[driver] ~475000 MD steps done (15200000 bead evals)
[driver] ~475100 MD steps done (15203200 bead evals)
[driver] ~475200 MD steps done (15206400 bead evals)
[driver] ~475300 MD steps done (15209600 bead evals)
[driver] ~475400 MD steps done (15212800 bead evals)
[driver] ~475500 MD steps done (15216000 bead evals)
[driver] ~475600 MD steps done (15219200 bead evals)
[driver] ~475700 MD steps done (15222400 bead evals)
[driver] ~475800 MD steps done (15225600 bead evals)
[driver] ~475900 MD steps done (15228800 bead evals)
[driver] ~476000 MD steps done (15232000 bead evals)
[driver] ~476100 MD steps done (15235200 bead evals)
[driver] ~476200 MD steps done (15238400 bead evals)
[driver] ~476300 MD steps done (15241600 bead evals)
[driver] ~476400 MD steps done (15244800 bead evals)
[driver] ~476500 MD steps done (15248000 bead evals)
[driver] ~476600 MD steps done (15251200 bead evals)
[driver] ~476700 MD steps done (15254400 bead evals)
[driver] ~476800 MD steps done (15257600 bead evals)
[driver] ~476900 MD steps done (15260800 bead evals)
[driver] ~477000 MD steps done (15264000 bead evals)
[driver] ~477100 MD steps done (15267200 bead evals)
[driver] ~477200 MD steps done (15270400 bead evals)
[driver] ~477300 MD steps done (15273600 bead evals)
[driver] ~477400 MD steps done (15276800 bead evals)
[driver] ~477500 MD steps done (15280000 bead evals)
[driver] ~477600 MD steps done (15283200 bead evals)
[driver] ~477700 MD steps done (15286400 bead evals)
[driver] ~477800 MD steps done (15289600 bead evals)
[driver] ~477900 MD steps done (15292800 bead evals)
[driver] ~478000 MD steps done (15296000 bead evals)
[driver] ~478100 MD steps done (15299200 bead evals)
[driver] ~478200 MD steps done (15302400 bead evals)
[driver] ~478300 MD steps done (15305600 bead evals)
[driver] ~478400 MD steps done (15308800 bead evals)
[driver] ~478500 MD steps done (15312000 bead evals)
[driver] ~478600 MD steps done (15315200 bead evals)
[driver] ~478700 MD steps done (15318400 bead evals)
[driver] ~478800 MD steps done (15321600 bead evals)
[driver] ~478900 MD steps done (15324800 bead evals)
[driver] ~479000 MD steps done (15328000 bead evals)
[driver] ~479100 MD steps done (15331200 bead evals)
[driver] ~479200 MD steps done (15334400 bead evals)
[driver] ~479300 MD steps done (15337600 bead evals)
[driver] ~479400 MD steps done (15340800 bead evals)
[driver] ~479500 MD steps done (15344000 bead evals)
[driver] ~479600 MD steps done (15347200 bead evals)
[driver] ~479700 MD steps done (15350400 bead evals)
[driver] ~479800 MD steps done (15353600 bead evals)
[driver] ~479900 MD steps done (15356800 bead evals)
[driver] ~480000 MD steps done (15360000 bead evals)
[driver] ~480100 MD steps done (15363200 bead evals)
[driver] ~480200 MD steps done (15366400 bead evals)
[driver] ~480300 MD steps done (15369600 bead evals)
[driver] ~480400 MD steps done (15372800 bead evals)
[driver] ~480500 MD steps done (15376000 bead evals)
[driver] ~480600 MD steps done (15379200 bead evals)
[driver] ~480700 MD steps done (15382400 bead evals)
[driver] ~480800 MD steps done (15385600 bead evals)
[driver] ~480900 MD steps done (15388800 bead evals)
[driver] ~481000 MD steps done (15392000 bead evals)
[driver] ~481100 MD steps done (15395200 bead evals)
[driver] ~481200 MD steps done (15398400 bead evals)
[driver] ~481300 MD steps done (15401600 bead evals)
[driver] ~481400 MD steps done (15404800 bead evals)
[driver] ~481500 MD steps done (15408000 bead evals)
[driver] ~481600 MD steps done (15411200 bead evals)
[driver] ~481700 MD steps done (15414400 bead evals)
[driver] ~481800 MD steps done (15417600 bead evals)
[driver] ~481900 MD steps done (15420800 bead evals)
[driver] ~482000 MD steps done (15424000 bead evals)
[driver] ~482100 MD steps done (15427200 bead evals)
[driver] ~482200 MD steps done (15430400 bead evals)
[driver] ~482300 MD steps done (15433600 bead evals)
[driver] ~482400 MD steps done (15436800 bead evals)
[driver] ~482500 MD steps done (15440000 bead evals)
[driver] ~482600 MD steps done (15443200 bead evals)
[driver] ~482700 MD steps done (15446400 bead evals)
[driver] ~482800 MD steps done (15449600 bead evals)
[driver] ~482900 MD steps done (15452800 bead evals)
[driver] ~483000 MD steps done (15456000 bead evals)
[driver] ~483100 MD steps done (15459200 bead evals)
[driver] ~483200 MD steps done (15462400 bead evals)
[driver] ~483300 MD steps done (15465600 bead evals)
[driver] ~483400 MD steps done (15468800 bead evals)
[driver] ~483500 MD steps done (15472000 bead evals)
[driver] ~483600 MD steps done (15475200 bead evals)
[driver] ~483700 MD steps done (15478400 bead evals)
[driver] ~483800 MD steps done (15481600 bead evals)
[driver] ~483900 MD steps done (15484800 bead evals)
[driver] ~484000 MD steps done (15488000 bead evals)
[driver] ~484100 MD steps done (15491200 bead evals)
[driver] ~484200 MD steps done (15494400 bead evals)
[driver] ~484300 MD steps done (15497600 bead evals)
[driver] ~484400 MD steps done (15500800 bead evals)
[driver] ~484500 MD steps done (15504000 bead evals)
[driver] ~484600 MD steps done (15507200 bead evals)
[driver] ~484700 MD steps done (15510400 bead evals)
[driver] ~484800 MD steps done (15513600 bead evals)
[driver] ~484900 MD steps done (15516800 bead evals)
[driver] ~485000 MD steps done (15520000 bead evals)
[driver] ~485100 MD steps done (15523200 bead evals)
[driver] ~485200 MD steps done (15526400 bead evals)
[driver] ~485300 MD steps done (15529600 bead evals)
[driver] ~485400 MD steps done (15532800 bead evals)
[driver] ~485500 MD steps done (15536000 bead evals)
[driver] ~485600 MD steps done (15539200 bead evals)
[driver] ~485700 MD steps done (15542400 bead evals)
[driver] ~485800 MD steps done (15545600 bead evals)
[driver] ~485900 MD steps done (15548800 bead evals)
[driver] ~486000 MD steps done (15552000 bead evals)
[driver] ~486100 MD steps done (15555200 bead evals)
[driver] ~486200 MD steps done (15558400 bead evals)
[driver] ~486300 MD steps done (15561600 bead evals)
[driver] ~486400 MD steps done (15564800 bead evals)
[driver] ~486500 MD steps done (15568000 bead evals)
[driver] ~486600 MD steps done (15571200 bead evals)
[driver] ~486700 MD steps done (15574400 bead evals)
[driver] ~486800 MD steps done (15577600 bead evals)
[driver] ~486900 MD steps done (15580800 bead evals)
[driver] ~487000 MD steps done (15584000 bead evals)
[driver] ~487100 MD steps done (15587200 bead evals)
[driver] ~487200 MD steps done (15590400 bead evals)
[driver] ~487300 MD steps done (15593600 bead evals)
[driver] ~487400 MD steps done (15596800 bead evals)
[driver] ~487500 MD steps done (15600000 bead evals)
[driver] ~487600 MD steps done (15603200 bead evals)
[driver] ~487700 MD steps done (15606400 bead evals)
[driver] ~487800 MD steps done (15609600 bead evals)
[driver] ~487900 MD steps done (15612800 bead evals)
[driver] ~488000 MD steps done (15616000 bead evals)
[driver] ~488100 MD steps done (15619200 bead evals)
[driver] ~488200 MD steps done (15622400 bead evals)
[driver] ~488300 MD steps done (15625600 bead evals)
[driver] ~488400 MD steps done (15628800 bead evals)
[driver] ~488500 MD steps done (15632000 bead evals)
[driver] ~488600 MD steps done (15635200 bead evals)
[driver] ~488700 MD steps done (15638400 bead evals)
[driver] ~488800 MD steps done (15641600 bead evals)
[driver] ~488900 MD steps done (15644800 bead evals)
[driver] ~489000 MD steps done (15648000 bead evals)
[driver] ~489100 MD steps done (15651200 bead evals)
[driver] ~489200 MD steps done (15654400 bead evals)
[driver] ~489300 MD steps done (15657600 bead evals)
[driver] ~489400 MD steps done (15660800 bead evals)
[driver] ~489500 MD steps done (15664000 bead evals)
[driver] ~489600 MD steps done (15667200 bead evals)
[driver] ~489700 MD steps done (15670400 bead evals)
[driver] ~489800 MD steps done (15673600 bead evals)
[driver] ~489900 MD steps done (15676800 bead evals)
[driver] ~490000 MD steps done (15680000 bead evals)
[driver] ~490100 MD steps done (15683200 bead evals)
[driver] ~490200 MD steps done (15686400 bead evals)
[driver] ~490300 MD steps done (15689600 bead evals)
[driver] ~490400 MD steps done (15692800 bead evals)
[driver] ~490500 MD steps done (15696000 bead evals)
[driver] ~490600 MD steps done (15699200 bead evals)
[driver] ~490700 MD steps done (15702400 bead evals)
[driver] ~490800 MD steps done (15705600 bead evals)
[driver] ~490900 MD steps done (15708800 bead evals)
[driver] ~491000 MD steps done (15712000 bead evals)
[driver] ~491100 MD steps done (15715200 bead evals)
[driver] ~491200 MD steps done (15718400 bead evals)
[driver] ~491300 MD steps done (15721600 bead evals)
[driver] ~491400 MD steps done (15724800 bead evals)
[driver] ~491500 MD steps done (15728000 bead evals)
[driver] ~491600 MD steps done (15731200 bead evals)
[driver] ~491700 MD steps done (15734400 bead evals)
[driver] ~491800 MD steps done (15737600 bead evals)
[driver] ~491900 MD steps done (15740800 bead evals)
[driver] ~492000 MD steps done (15744000 bead evals)
[driver] ~492100 MD steps done (15747200 bead evals)
[driver] ~492200 MD steps done (15750400 bead evals)
[driver] ~492300 MD steps done (15753600 bead evals)
[driver] ~492400 MD steps done (15756800 bead evals)
[driver] ~492500 MD steps done (15760000 bead evals)
[driver] ~492600 MD steps done (15763200 bead evals)
[driver] ~492700 MD steps done (15766400 bead evals)
[driver] ~492800 MD steps done (15769600 bead evals)
[driver] ~492900 MD steps done (15772800 bead evals)
[driver] ~493000 MD steps done (15776000 bead evals)
[driver] ~493100 MD steps done (15779200 bead evals)
[driver] ~493200 MD steps done (15782400 bead evals)
[driver] ~493300 MD steps done (15785600 bead evals)
[driver] ~493400 MD steps done (15788800 bead evals)
[driver] ~493500 MD steps done (15792000 bead evals)
[driver] ~493600 MD steps done (15795200 bead evals)
[driver] ~493700 MD steps done (15798400 bead evals)
[driver] ~493800 MD steps done (15801600 bead evals)
[driver] ~493900 MD steps done (15804800 bead evals)
[driver] ~494000 MD steps done (15808000 bead evals)
[driver] ~494100 MD steps done (15811200 bead evals)
[driver] ~494200 MD steps done (15814400 bead evals)
[driver] ~494300 MD steps done (15817600 bead evals)
[driver] ~494400 MD steps done (15820800 bead evals)
[driver] ~494500 MD steps done (15824000 bead evals)
[driver] ~494600 MD steps done (15827200 bead evals)
[driver] ~494700 MD steps done (15830400 bead evals)
[driver] ~494800 MD steps done (15833600 bead evals)
[driver] ~494900 MD steps done (15836800 bead evals)
[driver] ~495000 MD steps done (15840000 bead evals)
[driver] ~495100 MD steps done (15843200 bead evals)
[driver] ~495200 MD steps done (15846400 bead evals)
[driver] ~495300 MD steps done (15849600 bead evals)
[driver] ~495400 MD steps done (15852800 bead evals)
[driver] ~495500 MD steps done (15856000 bead evals)
[driver] ~495600 MD steps done (15859200 bead evals)
[driver] ~495700 MD steps done (15862400 bead evals)
[driver] ~495800 MD steps done (15865600 bead evals)
[driver] ~495900 MD steps done (15868800 bead evals)
[driver] ~496000 MD steps done (15872000 bead evals)
[driver] ~496100 MD steps done (15875200 bead evals)
[driver] ~496200 MD steps done (15878400 bead evals)
[driver] ~496300 MD steps done (15881600 bead evals)
[driver] ~496400 MD steps done (15884800 bead evals)
[driver] ~496500 MD steps done (15888000 bead evals)
[driver] ~496600 MD steps done (15891200 bead evals)
[driver] ~496700 MD steps done (15894400 bead evals)
[driver] ~496800 MD steps done (15897600 bead evals)
[driver] ~496900 MD steps done (15900800 bead evals)
[driver] ~497000 MD steps done (15904000 bead evals)
[driver] ~497100 MD steps done (15907200 bead evals)
[driver] ~497200 MD steps done (15910400 bead evals)
[driver] ~497300 MD steps done (15913600 bead evals)
[driver] ~497400 MD steps done (15916800 bead evals)
[driver] ~497500 MD steps done (15920000 bead evals)
[driver] ~497600 MD steps done (15923200 bead evals)
[driver] ~497700 MD steps done (15926400 bead evals)
[driver] ~497800 MD steps done (15929600 bead evals)
[driver] ~497900 MD steps done (15932800 bead evals)
[driver] ~498000 MD steps done (15936000 bead evals)
[driver] ~498100 MD steps done (15939200 bead evals)
[driver] ~498200 MD steps done (15942400 bead evals)
[driver] ~498300 MD steps done (15945600 bead evals)
[driver] ~498400 MD steps done (15948800 bead evals)
[driver] ~498500 MD steps done (15952000 bead evals)
[driver] ~498600 MD steps done (15955200 bead evals)
[driver] ~498700 MD steps done (15958400 bead evals)
[driver] ~498800 MD steps done (15961600 bead evals)
[driver] ~498900 MD steps done (15964800 bead evals)
[driver] ~499000 MD steps done (15968000 bead evals)
[driver] ~499100 MD steps done (15971200 bead evals)
[driver] ~499200 MD steps done (15974400 bead evals)
[driver] ~499300 MD steps done (15977600 bead evals)
[driver] ~499400 MD steps done (15980800 bead evals)
[driver] ~499500 MD steps done (15984000 bead evals)
[driver] ~499600 MD steps done (15987200 bead evals)
[driver] ~499700 MD steps done (15990400 bead evals)
[driver] ~499800 MD steps done (15993600 bead evals)
[driver] ~499900 MD steps done (15996800 bead evals)
[driver] ~500000 MD steps done (16000000 bead evals)
[driver] ~500100 MD steps done (16003200 bead evals)
[driver] ~500200 MD steps done (16006400 bead evals)
[driver] ~500300 MD steps done (16009600 bead evals)
[driver] ~500400 MD steps done (16012800 bead evals)
[driver] ~500500 MD steps done (16016000 bead evals)
[driver] ~500600 MD steps done (16019200 bead evals)
[driver] ~500700 MD steps done (16022400 bead evals)
[driver] ~500800 MD steps done (16025600 bead evals)
[driver] ~500900 MD steps done (16028800 bead evals)
[driver] ~501000 MD steps done (16032000 bead evals)
[driver] ~501100 MD steps done (16035200 bead evals)
[driver] ~501200 MD steps done (16038400 bead evals)
[driver] ~501300 MD steps done (16041600 bead evals)
[driver] ~501400 MD steps done (16044800 bead evals)
[driver] ~501500 MD steps done (16048000 bead evals)
[driver] ~501600 MD steps done (16051200 bead evals)
[driver] ~501700 MD steps done (16054400 bead evals)
[driver] ~501800 MD steps done (16057600 bead evals)
[driver] ~501900 MD steps done (16060800 bead evals)
[driver] ~502000 MD steps done (16064000 bead evals)
[driver] ~502100 MD steps done (16067200 bead evals)
[driver] ~502200 MD steps done (16070400 bead evals)
[driver] ~502300 MD steps done (16073600 bead evals)
[driver] ~502400 MD steps done (16076800 bead evals)
[driver] ~502500 MD steps done (16080000 bead evals)
[driver] ~502600 MD steps done (16083200 bead evals)
[driver] ~502700 MD steps done (16086400 bead evals)
[driver] ~502800 MD steps done (16089600 bead evals)
[driver] ~502900 MD steps done (16092800 bead evals)
[driver] ~503000 MD steps done (16096000 bead evals)
[driver] ~503100 MD steps done (16099200 bead evals)
[driver] ~503200 MD steps done (16102400 bead evals)
[driver] ~503300 MD steps done (16105600 bead evals)
[driver] ~503400 MD steps done (16108800 bead evals)
[driver] ~503500 MD steps done (16112000 bead evals)
[driver] ~503600 MD steps done (16115200 bead evals)
[driver] ~503700 MD steps done (16118400 bead evals)
[driver] ~503800 MD steps done (16121600 bead evals)
[driver] ~503900 MD steps done (16124800 bead evals)
[driver] ~504000 MD steps done (16128000 bead evals)
[driver] ~504100 MD steps done (16131200 bead evals)
[driver] ~504200 MD steps done (16134400 bead evals)
[driver] ~504300 MD steps done (16137600 bead evals)
[driver] ~504400 MD steps done (16140800 bead evals)
[driver] ~504500 MD steps done (16144000 bead evals)
[driver] ~504600 MD steps done (16147200 bead evals)
[driver] ~504700 MD steps done (16150400 bead evals)
[driver] ~504800 MD steps done (16153600 bead evals)
[driver] ~504900 MD steps done (16156800 bead evals)
[driver] ~505000 MD steps done (16160000 bead evals)
[driver] ~505100 MD steps done (16163200 bead evals)
[driver] ~505200 MD steps done (16166400 bead evals)
[driver] ~505300 MD steps done (16169600 bead evals)
[driver] ~505400 MD steps done (16172800 bead evals)
[driver] ~505500 MD steps done (16176000 bead evals)
[driver] ~505600 MD steps done (16179200 bead evals)
[driver] ~505700 MD steps done (16182400 bead evals)
[driver] ~505800 MD steps done (16185600 bead evals)
[driver] ~505900 MD steps done (16188800 bead evals)
[driver] ~506000 MD steps done (16192000 bead evals)
[driver] ~506100 MD steps done (16195200 bead evals)
[driver] ~506200 MD steps done (16198400 bead evals)
[driver] ~506300 MD steps done (16201600 bead evals)
[driver] ~506400 MD steps done (16204800 bead evals)
[driver] ~506500 MD steps done (16208000 bead evals)
[driver] ~506600 MD steps done (16211200 bead evals)
[driver] ~506700 MD steps done (16214400 bead evals)
[driver] ~506800 MD steps done (16217600 bead evals)
[driver] ~506900 MD steps done (16220800 bead evals)
[driver] ~507000 MD steps done (16224000 bead evals)
[driver] ~507100 MD steps done (16227200 bead evals)
[driver] ~507200 MD steps done (16230400 bead evals)
[driver] ~507300 MD steps done (16233600 bead evals)
[driver] ~507400 MD steps done (16236800 bead evals)
[driver] ~507500 MD steps done (16240000 bead evals)
[driver] ~507600 MD steps done (16243200 bead evals)
[driver] ~507700 MD steps done (16246400 bead evals)
[driver] ~507800 MD steps done (16249600 bead evals)
[driver] ~507900 MD steps done (16252800 bead evals)
[driver] ~508000 MD steps done (16256000 bead evals)
[driver] ~508100 MD steps done (16259200 bead evals)
[driver] ~508200 MD steps done (16262400 bead evals)
[driver] ~508300 MD steps done (16265600 bead evals)
[driver] ~508400 MD steps done (16268800 bead evals)
[driver] ~508500 MD steps done (16272000 bead evals)
[driver] ~508600 MD steps done (16275200 bead evals)
[driver] ~508700 MD steps done (16278400 bead evals)
[driver] ~508800 MD steps done (16281600 bead evals)
[driver] ~508900 MD steps done (16284800 bead evals)
[driver] ~509000 MD steps done (16288000 bead evals)
[driver] ~509100 MD steps done (16291200 bead evals)
[driver] ~509200 MD steps done (16294400 bead evals)
[driver] ~509300 MD steps done (16297600 bead evals)
[driver] ~509400 MD steps done (16300800 bead evals)
[driver] ~509500 MD steps done (16304000 bead evals)
[driver] ~509600 MD steps done (16307200 bead evals)
[driver] ~509700 MD steps done (16310400 bead evals)
[driver] ~509800 MD steps done (16313600 bead evals)
[driver] ~509900 MD steps done (16316800 bead evals)
[driver] ~510000 MD steps done (16320000 bead evals)
[driver] ~510100 MD steps done (16323200 bead evals)
[driver] ~510200 MD steps done (16326400 bead evals)
[driver] ~510300 MD steps done (16329600 bead evals)
[driver] ~510400 MD steps done (16332800 bead evals)
[driver] ~510500 MD steps done (16336000 bead evals)
[driver] ~510600 MD steps done (16339200 bead evals)
[driver] ~510700 MD steps done (16342400 bead evals)
[driver] ~510800 MD steps done (16345600 bead evals)
[driver] ~510900 MD steps done (16348800 bead evals)
[driver] ~511000 MD steps done (16352000 bead evals)
[driver] ~511100 MD steps done (16355200 bead evals)
[driver] ~511200 MD steps done (16358400 bead evals)
[driver] ~511300 MD steps done (16361600 bead evals)
[driver] ~511400 MD steps done (16364800 bead evals)
[driver] ~511500 MD steps done (16368000 bead evals)
[driver] ~511600 MD steps done (16371200 bead evals)
[driver] ~511700 MD steps done (16374400 bead evals)
[driver] ~511800 MD steps done (16377600 bead evals)
[driver] ~511900 MD steps done (16380800 bead evals)
[driver] ~512000 MD steps done (16384000 bead evals)
[driver] ~512100 MD steps done (16387200 bead evals)
[driver] ~512200 MD steps done (16390400 bead evals)
[driver] ~512300 MD steps done (16393600 bead evals)
[driver] ~512400 MD steps done (16396800 bead evals)
[driver] ~512500 MD steps done (16400000 bead evals)
[driver] ~512600 MD steps done (16403200 bead evals)
[driver] ~512700 MD steps done (16406400 bead evals)
[driver] ~512800 MD steps done (16409600 bead evals)
[driver] ~512900 MD steps done (16412800 bead evals)
[driver] ~513000 MD steps done (16416000 bead evals)
[driver] ~513100 MD steps done (16419200 bead evals)
[driver] ~513200 MD steps done (16422400 bead evals)
[driver] ~513300 MD steps done (16425600 bead evals)
[driver] ~513400 MD steps done (16428800 bead evals)
[driver] ~513500 MD steps done (16432000 bead evals)
[driver] ~513600 MD steps done (16435200 bead evals)
[driver] ~513700 MD steps done (16438400 bead evals)
[driver] ~513800 MD steps done (16441600 bead evals)
[driver] ~513900 MD steps done (16444800 bead evals)
[driver] ~514000 MD steps done (16448000 bead evals)
[driver] ~514100 MD steps done (16451200 bead evals)
[driver] ~514200 MD steps done (16454400 bead evals)
[driver] ~514300 MD steps done (16457600 bead evals)
[driver] ~514400 MD steps done (16460800 bead evals)
[driver] ~514500 MD steps done (16464000 bead evals)
[driver] ~514600 MD steps done (16467200 bead evals)
[driver] ~514700 MD steps done (16470400 bead evals)
[driver] ~514800 MD steps done (16473600 bead evals)
[driver] ~514900 MD steps done (16476800 bead evals)
[driver] ~515000 MD steps done (16480000 bead evals)
[driver] ~515100 MD steps done (16483200 bead evals)
[driver] ~515200 MD steps done (16486400 bead evals)
[driver] ~515300 MD steps done (16489600 bead evals)
[driver] ~515400 MD steps done (16492800 bead evals)
[driver] ~515500 MD steps done (16496000 bead evals)
[driver] ~515600 MD steps done (16499200 bead evals)
[driver] ~515700 MD steps done (16502400 bead evals)
[driver] ~515800 MD steps done (16505600 bead evals)
[driver] ~515900 MD steps done (16508800 bead evals)
[driver] ~516000 MD steps done (16512000 bead evals)
[driver] ~516100 MD steps done (16515200 bead evals)
[driver] ~516200 MD steps done (16518400 bead evals)
[driver] ~516300 MD steps done (16521600 bead evals)
[driver] ~516400 MD steps done (16524800 bead evals)
[driver] ~516500 MD steps done (16528000 bead evals)
[driver] ~516600 MD steps done (16531200 bead evals)
[driver] ~516700 MD steps done (16534400 bead evals)
[driver] ~516800 MD steps done (16537600 bead evals)
[driver] ~516900 MD steps done (16540800 bead evals)
[driver] ~517000 MD steps done (16544000 bead evals)
[driver] ~517100 MD steps done (16547200 bead evals)
[driver] ~517200 MD steps done (16550400 bead evals)
[driver] ~517300 MD steps done (16553600 bead evals)
[driver] ~517400 MD steps done (16556800 bead evals)
[driver] ~517500 MD steps done (16560000 bead evals)
[driver] ~517600 MD steps done (16563200 bead evals)
[driver] ~517700 MD steps done (16566400 bead evals)
[driver] ~517800 MD steps done (16569600 bead evals)
[driver] ~517900 MD steps done (16572800 bead evals)
[driver] ~518000 MD steps done (16576000 bead evals)
[driver] ~518100 MD steps done (16579200 bead evals)
[driver] ~518200 MD steps done (16582400 bead evals)
[driver] ~518300 MD steps done (16585600 bead evals)
[driver] ~518400 MD steps done (16588800 bead evals)
[driver] ~518500 MD steps done (16592000 bead evals)
[driver] ~518600 MD steps done (16595200 bead evals)
[driver] ~518700 MD steps done (16598400 bead evals)
[driver] ~518800 MD steps done (16601600 bead evals)
[driver] ~518900 MD steps done (16604800 bead evals)
[driver] ~519000 MD steps done (16608000 bead evals)
[driver] ~519100 MD steps done (16611200 bead evals)
[driver] ~519200 MD steps done (16614400 bead evals)
[driver] ~519300 MD steps done (16617600 bead evals)
[driver] ~519400 MD steps done (16620800 bead evals)
[driver] ~519500 MD steps done (16624000 bead evals)
[driver] ~519600 MD steps done (16627200 bead evals)
[driver] ~519700 MD steps done (16630400 bead evals)
[driver] ~519800 MD steps done (16633600 bead evals)
[driver] ~519900 MD steps done (16636800 bead evals)
[driver] ~520000 MD steps done (16640000 bead evals)
[driver] ~520100 MD steps done (16643200 bead evals)
[driver] ~520200 MD steps done (16646400 bead evals)
[driver] ~520300 MD steps done (16649600 bead evals)
[driver] ~520400 MD steps done (16652800 bead evals)
[driver] ~520500 MD steps done (16656000 bead evals)
[driver] ~520600 MD steps done (16659200 bead evals)
[driver] ~520700 MD steps done (16662400 bead evals)
[driver] ~520800 MD steps done (16665600 bead evals)
[driver] ~520900 MD steps done (16668800 bead evals)
[driver] ~521000 MD steps done (16672000 bead evals)
[driver] ~521100 MD steps done (16675200 bead evals)
[driver] ~521200 MD steps done (16678400 bead evals)
[driver] ~521300 MD steps done (16681600 bead evals)
[driver] ~521400 MD steps done (16684800 bead evals)
[driver] ~521500 MD steps done (16688000 bead evals)
[driver] ~521600 MD steps done (16691200 bead evals)
[driver] ~521700 MD steps done (16694400 bead evals)
[driver] ~521800 MD steps done (16697600 bead evals)
[driver] ~521900 MD steps done (16700800 bead evals)
[driver] ~522000 MD steps done (16704000 bead evals)
[driver] ~522100 MD steps done (16707200 bead evals)
[driver] ~522200 MD steps done (16710400 bead evals)
[driver] ~522300 MD steps done (16713600 bead evals)
[driver] ~522400 MD steps done (16716800 bead evals)
[driver] ~522500 MD steps done (16720000 bead evals)
[driver] ~522600 MD steps done (16723200 bead evals)
[driver] ~522700 MD steps done (16726400 bead evals)
[driver] ~522800 MD steps done (16729600 bead evals)
[driver] ~522900 MD steps done (16732800 bead evals)
[driver] ~523000 MD steps done (16736000 bead evals)
[driver] ~523100 MD steps done (16739200 bead evals)
[driver] ~523200 MD steps done (16742400 bead evals)
[driver] ~523300 MD steps done (16745600 bead evals)
[driver] ~523400 MD steps done (16748800 bead evals)
[driver] ~523500 MD steps done (16752000 bead evals)
[driver] ~523600 MD steps done (16755200 bead evals)
[driver] ~523700 MD steps done (16758400 bead evals)
[driver] ~523800 MD steps done (16761600 bead evals)
[driver] ~523900 MD steps done (16764800 bead evals)
[driver] ~524000 MD steps done (16768000 bead evals)
[driver] ~524100 MD steps done (16771200 bead evals)
[driver] ~524200 MD steps done (16774400 bead evals)
[driver] ~524300 MD steps done (16777600 bead evals)
[driver] ~524400 MD steps done (16780800 bead evals)
[driver] ~524500 MD steps done (16784000 bead evals)
[driver] ~524600 MD steps done (16787200 bead evals)
[driver] ~524700 MD steps done (16790400 bead evals)
[driver] ~524800 MD steps done (16793600 bead evals)
[driver] ~524900 MD steps done (16796800 bead evals)
[driver] ~525000 MD steps done (16800000 bead evals)
[driver] ~525100 MD steps done (16803200 bead evals)
[driver] ~525200 MD steps done (16806400 bead evals)
[driver] ~525300 MD steps done (16809600 bead evals)
[driver] ~525400 MD steps done (16812800 bead evals)
[driver] ~525500 MD steps done (16816000 bead evals)
[driver] ~525600 MD steps done (16819200 bead evals)
[driver] ~525700 MD steps done (16822400 bead evals)
[driver] ~525800 MD steps done (16825600 bead evals)
[driver] ~525900 MD steps done (16828800 bead evals)
[driver] ~526000 MD steps done (16832000 bead evals)
[driver] ~526100 MD steps done (16835200 bead evals)
[driver] ~526200 MD steps done (16838400 bead evals)
[driver] ~526300 MD steps done (16841600 bead evals)
[driver] ~526400 MD steps done (16844800 bead evals)
[driver] ~526500 MD steps done (16848000 bead evals)
[driver] ~526600 MD steps done (16851200 bead evals)
[driver] ~526700 MD steps done (16854400 bead evals)
[driver] ~526800 MD steps done (16857600 bead evals)
[driver] ~526900 MD steps done (16860800 bead evals)
[driver] ~527000 MD steps done (16864000 bead evals)
[driver] ~527100 MD steps done (16867200 bead evals)
[driver] ~527200 MD steps done (16870400 bead evals)
[driver] ~527300 MD steps done (16873600 bead evals)
[driver] ~527400 MD steps done (16876800 bead evals)
[driver] ~527500 MD steps done (16880000 bead evals)
[driver] ~527600 MD steps done (16883200 bead evals)
[driver] ~527700 MD steps done (16886400 bead evals)
[driver] ~527800 MD steps done (16889600 bead evals)
[driver] ~527900 MD steps done (16892800 bead evals)
[driver] ~528000 MD steps done (16896000 bead evals)
[driver] ~528100 MD steps done (16899200 bead evals)
[driver] ~528200 MD steps done (16902400 bead evals)
[driver] ~528300 MD steps done (16905600 bead evals)
[driver] ~528400 MD steps done (16908800 bead evals)
[driver] ~528500 MD steps done (16912000 bead evals)
[driver] ~528600 MD steps done (16915200 bead evals)
[driver] ~528700 MD steps done (16918400 bead evals)
[driver] ~528800 MD steps done (16921600 bead evals)
[driver] ~528900 MD steps done (16924800 bead evals)
[driver] ~529000 MD steps done (16928000 bead evals)
[driver] ~529100 MD steps done (16931200 bead evals)
[driver] ~529200 MD steps done (16934400 bead evals)
[driver] ~529300 MD steps done (16937600 bead evals)
[driver] ~529400 MD steps done (16940800 bead evals)
[driver] ~529500 MD steps done (16944000 bead evals)
[driver] ~529600 MD steps done (16947200 bead evals)
[driver] ~529700 MD steps done (16950400 bead evals)
[driver] ~529800 MD steps done (16953600 bead evals)
[driver] ~529900 MD steps done (16956800 bead evals)
[driver] ~530000 MD steps done (16960000 bead evals)
[driver] ~530100 MD steps done (16963200 bead evals)
[driver] ~530200 MD steps done (16966400 bead evals)
[driver] ~530300 MD steps done (16969600 bead evals)
[driver] ~530400 MD steps done (16972800 bead evals)
[driver] ~530500 MD steps done (16976000 bead evals)
[driver] ~530600 MD steps done (16979200 bead evals)
[driver] ~530700 MD steps done (16982400 bead evals)
[driver] ~530800 MD steps done (16985600 bead evals)
[driver] ~530900 MD steps done (16988800 bead evals)
[driver] ~531000 MD steps done (16992000 bead evals)
[driver] ~531100 MD steps done (16995200 bead evals)
[driver] ~531200 MD steps done (16998400 bead evals)
[driver] ~531300 MD steps done (17001600 bead evals)
[driver] ~531400 MD steps done (17004800 bead evals)
[driver] ~531500 MD steps done (17008000 bead evals)
[driver] ~531600 MD steps done (17011200 bead evals)
[driver] ~531700 MD steps done (17014400 bead evals)
[driver] ~531800 MD steps done (17017600 bead evals)
[driver] ~531900 MD steps done (17020800 bead evals)
[driver] ~532000 MD steps done (17024000 bead evals)
[driver] ~532100 MD steps done (17027200 bead evals)
[driver] ~532200 MD steps done (17030400 bead evals)
[driver] ~532300 MD steps done (17033600 bead evals)
[driver] ~532400 MD steps done (17036800 bead evals)
[driver] ~532500 MD steps done (17040000 bead evals)
[driver] ~532600 MD steps done (17043200 bead evals)
[driver] ~532700 MD steps done (17046400 bead evals)
[driver] ~532800 MD steps done (17049600 bead evals)
[driver] ~532900 MD steps done (17052800 bead evals)
[driver] ~533000 MD steps done (17056000 bead evals)
[driver] ~533100 MD steps done (17059200 bead evals)
[driver] ~533200 MD steps done (17062400 bead evals)
[driver] ~533300 MD steps done (17065600 bead evals)
[driver] ~533400 MD steps done (17068800 bead evals)
[driver] ~533500 MD steps done (17072000 bead evals)
[driver] ~533600 MD steps done (17075200 bead evals)
[driver] ~533700 MD steps done (17078400 bead evals)
[driver] ~533800 MD steps done (17081600 bead evals)
[driver] ~533900 MD steps done (17084800 bead evals)
[driver] ~534000 MD steps done (17088000 bead evals)
[driver] ~534100 MD steps done (17091200 bead evals)
[driver] ~534200 MD steps done (17094400 bead evals)
[driver] ~534300 MD steps done (17097600 bead evals)
[driver] ~534400 MD steps done (17100800 bead evals)
[driver] ~534500 MD steps done (17104000 bead evals)
[driver] ~534600 MD steps done (17107200 bead evals)
[driver] ~534700 MD steps done (17110400 bead evals)
[driver] ~534800 MD steps done (17113600 bead evals)
[driver] ~534900 MD steps done (17116800 bead evals)
[driver] ~535000 MD steps done (17120000 bead evals)
[driver] ~535100 MD steps done (17123200 bead evals)
[driver] ~535200 MD steps done (17126400 bead evals)
[driver] ~535300 MD steps done (17129600 bead evals)
[driver] ~535400 MD steps done (17132800 bead evals)
[driver] ~535500 MD steps done (17136000 bead evals)
[driver] ~535600 MD steps done (17139200 bead evals)
[driver] ~535700 MD steps done (17142400 bead evals)
[driver] ~535800 MD steps done (17145600 bead evals)
[driver] ~535900 MD steps done (17148800 bead evals)
[driver] ~536000 MD steps done (17152000 bead evals)
[driver] ~536100 MD steps done (17155200 bead evals)
[driver] ~536200 MD steps done (17158400 bead evals)
[driver] ~536300 MD steps done (17161600 bead evals)
[driver] ~536400 MD steps done (17164800 bead evals)
[driver] ~536500 MD steps done (17168000 bead evals)
[driver] ~536600 MD steps done (17171200 bead evals)
[driver] ~536700 MD steps done (17174400 bead evals)
[driver] ~536800 MD steps done (17177600 bead evals)
[driver] ~536900 MD steps done (17180800 bead evals)
[driver] ~537000 MD steps done (17184000 bead evals)
[driver] ~537100 MD steps done (17187200 bead evals)
[driver] ~537200 MD steps done (17190400 bead evals)
[driver] ~537300 MD steps done (17193600 bead evals)
[driver] ~537400 MD steps done (17196800 bead evals)
[driver] ~537500 MD steps done (17200000 bead evals)
[driver] ~537600 MD steps done (17203200 bead evals)
[driver] ~537700 MD steps done (17206400 bead evals)
[driver] ~537800 MD steps done (17209600 bead evals)
[driver] ~537900 MD steps done (17212800 bead evals)
[driver] ~538000 MD steps done (17216000 bead evals)
[driver] ~538100 MD steps done (17219200 bead evals)
[driver] ~538200 MD steps done (17222400 bead evals)
[driver] ~538300 MD steps done (17225600 bead evals)
[driver] ~538400 MD steps done (17228800 bead evals)
[driver] ~538500 MD steps done (17232000 bead evals)
[driver] ~538600 MD steps done (17235200 bead evals)
[driver] ~538700 MD steps done (17238400 bead evals)
[driver] ~538800 MD steps done (17241600 bead evals)
[driver] ~538900 MD steps done (17244800 bead evals)
[driver] ~539000 MD steps done (17248000 bead evals)
[driver] ~539100 MD steps done (17251200 bead evals)
[driver] ~539200 MD steps done (17254400 bead evals)
[driver] ~539300 MD steps done (17257600 bead evals)
[driver] ~539400 MD steps done (17260800 bead evals)
[driver] ~539500 MD steps done (17264000 bead evals)
[driver] ~539600 MD steps done (17267200 bead evals)
[driver] ~539700 MD steps done (17270400 bead evals)
[driver] ~539800 MD steps done (17273600 bead evals)
[driver] ~539900 MD steps done (17276800 bead evals)
[driver] ~540000 MD steps done (17280000 bead evals)
[driver] ~540100 MD steps done (17283200 bead evals)
[driver] ~540200 MD steps done (17286400 bead evals)
[driver] ~540300 MD steps done (17289600 bead evals)
[driver] ~540400 MD steps done (17292800 bead evals)
[driver] ~540500 MD steps done (17296000 bead evals)
[driver] ~540600 MD steps done (17299200 bead evals)
[driver] ~540700 MD steps done (17302400 bead evals)
[driver] ~540800 MD steps done (17305600 bead evals)
[driver] ~540900 MD steps done (17308800 bead evals)
[driver] ~541000 MD steps done (17312000 bead evals)
[driver] ~541100 MD steps done (17315200 bead evals)
[driver] ~541200 MD steps done (17318400 bead evals)
[driver] ~541300 MD steps done (17321600 bead evals)
[driver] ~541400 MD steps done (17324800 bead evals)
[driver] ~541500 MD steps done (17328000 bead evals)
[driver] ~541600 MD steps done (17331200 bead evals)
[driver] ~541700 MD steps done (17334400 bead evals)
[driver] ~541800 MD steps done (17337600 bead evals)
[driver] ~541900 MD steps done (17340800 bead evals)
[driver] ~542000 MD steps done (17344000 bead evals)
[driver] ~542100 MD steps done (17347200 bead evals)
[driver] ~542200 MD steps done (17350400 bead evals)
[driver] ~542300 MD steps done (17353600 bead evals)
[driver] ~542400 MD steps done (17356800 bead evals)
[driver] ~542500 MD steps done (17360000 bead evals)
[driver] ~542600 MD steps done (17363200 bead evals)
[driver] ~542700 MD steps done (17366400 bead evals)
[driver] ~542800 MD steps done (17369600 bead evals)
[driver] ~542900 MD steps done (17372800 bead evals)
[driver] ~543000 MD steps done (17376000 bead evals)
[driver] ~543100 MD steps done (17379200 bead evals)
[driver] ~543200 MD steps done (17382400 bead evals)
[driver] ~543300 MD steps done (17385600 bead evals)
[driver] ~543400 MD steps done (17388800 bead evals)
[driver] ~543500 MD steps done (17392000 bead evals)
[driver] ~543600 MD steps done (17395200 bead evals)
[driver] ~543700 MD steps done (17398400 bead evals)
[driver] ~543800 MD steps done (17401600 bead evals)
[driver] ~543900 MD steps done (17404800 bead evals)
[driver] ~544000 MD steps done (17408000 bead evals)
[driver] ~544100 MD steps done (17411200 bead evals)
[driver] ~544200 MD steps done (17414400 bead evals)
[driver] ~544300 MD steps done (17417600 bead evals)
[driver] ~544400 MD steps done (17420800 bead evals)
[driver] ~544500 MD steps done (17424000 bead evals)
[driver] ~544600 MD steps done (17427200 bead evals)
[driver] ~544700 MD steps done (17430400 bead evals)
[driver] ~544800 MD steps done (17433600 bead evals)
[driver] ~544900 MD steps done (17436800 bead evals)
[driver] ~545000 MD steps done (17440000 bead evals)
[driver] ~545100 MD steps done (17443200 bead evals)
[driver] ~545200 MD steps done (17446400 bead evals)
[driver] ~545300 MD steps done (17449600 bead evals)
[driver] ~545400 MD steps done (17452800 bead evals)
[driver] ~545500 MD steps done (17456000 bead evals)
[driver] ~545600 MD steps done (17459200 bead evals)
[driver] ~545700 MD steps done (17462400 bead evals)
[driver] ~545800 MD steps done (17465600 bead evals)
[driver] ~545900 MD steps done (17468800 bead evals)
[driver] ~546000 MD steps done (17472000 bead evals)
[driver] ~546100 MD steps done (17475200 bead evals)
[driver] ~546200 MD steps done (17478400 bead evals)
[driver] ~546300 MD steps done (17481600 bead evals)
[driver] ~546400 MD steps done (17484800 bead evals)
[driver] ~546500 MD steps done (17488000 bead evals)
[driver] ~546600 MD steps done (17491200 bead evals)
[driver] ~546700 MD steps done (17494400 bead evals)
[driver] ~546800 MD steps done (17497600 bead evals)
[driver] ~546900 MD steps done (17500800 bead evals)
[driver] ~547000 MD steps done (17504000 bead evals)
[driver] ~547100 MD steps done (17507200 bead evals)
[driver] ~547200 MD steps done (17510400 bead evals)
[driver] ~547300 MD steps done (17513600 bead evals)
[driver] ~547400 MD steps done (17516800 bead evals)
[driver] ~547500 MD steps done (17520000 bead evals)
[driver] ~547600 MD steps done (17523200 bead evals)
[driver] ~547700 MD steps done (17526400 bead evals)
[driver] ~547800 MD steps done (17529600 bead evals)
[driver] ~547900 MD steps done (17532800 bead evals)
[driver] ~548000 MD steps done (17536000 bead evals)
[driver] ~548100 MD steps done (17539200 bead evals)
[driver] ~548200 MD steps done (17542400 bead evals)
[driver] ~548300 MD steps done (17545600 bead evals)
[driver] ~548400 MD steps done (17548800 bead evals)
[driver] ~548500 MD steps done (17552000 bead evals)
[driver] ~548600 MD steps done (17555200 bead evals)
[driver] ~548700 MD steps done (17558400 bead evals)
[driver] ~548800 MD steps done (17561600 bead evals)
[driver] ~548900 MD steps done (17564800 bead evals)
[driver] ~549000 MD steps done (17568000 bead evals)
[driver] ~549100 MD steps done (17571200 bead evals)
[driver] ~549200 MD steps done (17574400 bead evals)
[driver] ~549300 MD steps done (17577600 bead evals)
[driver] ~549400 MD steps done (17580800 bead evals)
[driver] ~549500 MD steps done (17584000 bead evals)
[driver] ~549600 MD steps done (17587200 bead evals)
[driver] ~549700 MD steps done (17590400 bead evals)
[driver] ~549800 MD steps done (17593600 bead evals)
[driver] ~549900 MD steps done (17596800 bead evals)
[driver] ~550000 MD steps done (17600000 bead evals)
[driver] ~550100 MD steps done (17603200 bead evals)
[driver] ~550200 MD steps done (17606400 bead evals)
[driver] ~550300 MD steps done (17609600 bead evals)
[driver] ~550400 MD steps done (17612800 bead evals)
[driver] ~550500 MD steps done (17616000 bead evals)
[driver] ~550600 MD steps done (17619200 bead evals)
[driver] ~550700 MD steps done (17622400 bead evals)
[driver] ~550800 MD steps done (17625600 bead evals)
[driver] ~550900 MD steps done (17628800 bead evals)
[driver] ~551000 MD steps done (17632000 bead evals)
[driver] ~551100 MD steps done (17635200 bead evals)
[driver] ~551200 MD steps done (17638400 bead evals)
[driver] ~551300 MD steps done (17641600 bead evals)
[driver] ~551400 MD steps done (17644800 bead evals)
[driver] ~551500 MD steps done (17648000 bead evals)
[driver] ~551600 MD steps done (17651200 bead evals)
[driver] ~551700 MD steps done (17654400 bead evals)
[driver] ~551800 MD steps done (17657600 bead evals)
[driver] ~551900 MD steps done (17660800 bead evals)
[driver] ~552000 MD steps done (17664000 bead evals)
[driver] ~552100 MD steps done (17667200 bead evals)
[driver] ~552200 MD steps done (17670400 bead evals)
[driver] ~552300 MD steps done (17673600 bead evals)
[driver] ~552400 MD steps done (17676800 bead evals)
[driver] ~552500 MD steps done (17680000 bead evals)
[driver] ~552600 MD steps done (17683200 bead evals)
[driver] ~552700 MD steps done (17686400 bead evals)
[driver] ~552800 MD steps done (17689600 bead evals)
[driver] ~552900 MD steps done (17692800 bead evals)
[driver] ~553000 MD steps done (17696000 bead evals)
[driver] ~553100 MD steps done (17699200 bead evals)
[driver] ~553200 MD steps done (17702400 bead evals)
[driver] ~553300 MD steps done (17705600 bead evals)
[driver] ~553400 MD steps done (17708800 bead evals)
[driver] ~553500 MD steps done (17712000 bead evals)
[driver] ~553600 MD steps done (17715200 bead evals)
[driver] ~553700 MD steps done (17718400 bead evals)
[driver] ~553800 MD steps done (17721600 bead evals)
[driver] ~553900 MD steps done (17724800 bead evals)
[driver] ~554000 MD steps done (17728000 bead evals)
[driver] ~554100 MD steps done (17731200 bead evals)
[driver] ~554200 MD steps done (17734400 bead evals)
[driver] ~554300 MD steps done (17737600 bead evals)
[driver] ~554400 MD steps done (17740800 bead evals)
[driver] ~554500 MD steps done (17744000 bead evals)
[driver] ~554600 MD steps done (17747200 bead evals)
[driver] ~554700 MD steps done (17750400 bead evals)
[driver] ~554800 MD steps done (17753600 bead evals)
[driver] ~554900 MD steps done (17756800 bead evals)
[driver] ~555000 MD steps done (17760000 bead evals)
[driver] ~555100 MD steps done (17763200 bead evals)
[driver] ~555200 MD steps done (17766400 bead evals)
[driver] ~555300 MD steps done (17769600 bead evals)
[driver] ~555400 MD steps done (17772800 bead evals)
[driver] ~555500 MD steps done (17776000 bead evals)
[driver] ~555600 MD steps done (17779200 bead evals)
[driver] ~555700 MD steps done (17782400 bead evals)
[driver] ~555800 MD steps done (17785600 bead evals)
[driver] ~555900 MD steps done (17788800 bead evals)
[driver] ~556000 MD steps done (17792000 bead evals)
[driver] ~556100 MD steps done (17795200 bead evals)
[driver] ~556200 MD steps done (17798400 bead evals)
[driver] ~556300 MD steps done (17801600 bead evals)
[driver] ~556400 MD steps done (17804800 bead evals)
[driver] ~556500 MD steps done (17808000 bead evals)
[driver] ~556600 MD steps done (17811200 bead evals)
[driver] ~556700 MD steps done (17814400 bead evals)
[driver] ~556800 MD steps done (17817600 bead evals)
[driver] ~556900 MD steps done (17820800 bead evals)
[driver] ~557000 MD steps done (17824000 bead evals)
[driver] ~557100 MD steps done (17827200 bead evals)
[driver] ~557200 MD steps done (17830400 bead evals)
[driver] ~557300 MD steps done (17833600 bead evals)
[driver] ~557400 MD steps done (17836800 bead evals)
[driver] ~557500 MD steps done (17840000 bead evals)
[driver] ~557600 MD steps done (17843200 bead evals)
[driver] ~557700 MD steps done (17846400 bead evals)
[driver] ~557800 MD steps done (17849600 bead evals)
[driver] ~557900 MD steps done (17852800 bead evals)
[driver] ~558000 MD steps done (17856000 bead evals)
[driver] ~558100 MD steps done (17859200 bead evals)
[driver] ~558200 MD steps done (17862400 bead evals)
[driver] ~558300 MD steps done (17865600 bead evals)
[driver] ~558400 MD steps done (17868800 bead evals)
[driver] ~558500 MD steps done (17872000 bead evals)
[driver] ~558600 MD steps done (17875200 bead evals)
[driver] ~558700 MD steps done (17878400 bead evals)
[driver] ~558800 MD steps done (17881600 bead evals)
[driver] ~558900 MD steps done (17884800 bead evals)
[driver] ~559000 MD steps done (17888000 bead evals)
[driver] ~559100 MD steps done (17891200 bead evals)
[driver] ~559200 MD steps done (17894400 bead evals)
[driver] ~559300 MD steps done (17897600 bead evals)
[driver] ~559400 MD steps done (17900800 bead evals)
[driver] ~559500 MD steps done (17904000 bead evals)
[driver] ~559600 MD steps done (17907200 bead evals)
[driver] ~559700 MD steps done (17910400 bead evals)
[driver] ~559800 MD steps done (17913600 bead evals)
[driver] ~559900 MD steps done (17916800 bead evals)
[driver] ~560000 MD steps done (17920000 bead evals)
[driver] ~560100 MD steps done (17923200 bead evals)
[driver] ~560200 MD steps done (17926400 bead evals)
[driver] ~560300 MD steps done (17929600 bead evals)
[driver] ~560400 MD steps done (17932800 bead evals)
[driver] ~560500 MD steps done (17936000 bead evals)
[driver] ~560600 MD steps done (17939200 bead evals)
[driver] ~560700 MD steps done (17942400 bead evals)
[driver] ~560800 MD steps done (17945600 bead evals)
[driver] ~560900 MD steps done (17948800 bead evals)
[driver] ~561000 MD steps done (17952000 bead evals)
[driver] ~561100 MD steps done (17955200 bead evals)
[driver] ~561200 MD steps done (17958400 bead evals)
[driver] ~561300 MD steps done (17961600 bead evals)
[driver] ~561400 MD steps done (17964800 bead evals)
[driver] ~561500 MD steps done (17968000 bead evals)
[driver] ~561600 MD steps done (17971200 bead evals)
[driver] ~561700 MD steps done (17974400 bead evals)
[driver] ~561800 MD steps done (17977600 bead evals)
[driver] ~561900 MD steps done (17980800 bead evals)
[driver] ~562000 MD steps done (17984000 bead evals)
[driver] ~562100 MD steps done (17987200 bead evals)
[driver] ~562200 MD steps done (17990400 bead evals)
[driver] ~562300 MD steps done (17993600 bead evals)
[driver] ~562400 MD steps done (17996800 bead evals)
[driver] ~562500 MD steps done (18000000 bead evals)
[driver] ~562600 MD steps done (18003200 bead evals)
[driver] ~562700 MD steps done (18006400 bead evals)
[driver] ~562800 MD steps done (18009600 bead evals)
[driver] ~562900 MD steps done (18012800 bead evals)
[driver] ~563000 MD steps done (18016000 bead evals)
[driver] ~563100 MD steps done (18019200 bead evals)
[driver] ~563200 MD steps done (18022400 bead evals)
[driver] ~563300 MD steps done (18025600 bead evals)
[driver] ~563400 MD steps done (18028800 bead evals)
[driver] ~563500 MD steps done (18032000 bead evals)
[driver] ~563600 MD steps done (18035200 bead evals)
[driver] ~563700 MD steps done (18038400 bead evals)
[driver] ~563800 MD steps done (18041600 bead evals)
[driver] ~563900 MD steps done (18044800 bead evals)
[driver] ~564000 MD steps done (18048000 bead evals)
[driver] ~564100 MD steps done (18051200 bead evals)
[driver] ~564200 MD steps done (18054400 bead evals)
[driver] ~564300 MD steps done (18057600 bead evals)
[driver] ~564400 MD steps done (18060800 bead evals)
[driver] ~564500 MD steps done (18064000 bead evals)
[driver] ~564600 MD steps done (18067200 bead evals)
[driver] ~564700 MD steps done (18070400 bead evals)
[driver] ~564800 MD steps done (18073600 bead evals)
[driver] ~564900 MD steps done (18076800 bead evals)
[driver] ~565000 MD steps done (18080000 bead evals)
[driver] ~565100 MD steps done (18083200 bead evals)
[driver] ~565200 MD steps done (18086400 bead evals)
[driver] ~565300 MD steps done (18089600 bead evals)
[driver] ~565400 MD steps done (18092800 bead evals)
[driver] ~565500 MD steps done (18096000 bead evals)
[driver] ~565600 MD steps done (18099200 bead evals)
[driver] ~565700 MD steps done (18102400 bead evals)
[driver] ~565800 MD steps done (18105600 bead evals)
[driver] ~565900 MD steps done (18108800 bead evals)
[driver] ~566000 MD steps done (18112000 bead evals)
[driver] ~566100 MD steps done (18115200 bead evals)
[driver] ~566200 MD steps done (18118400 bead evals)
[driver] ~566300 MD steps done (18121600 bead evals)
[driver] ~566400 MD steps done (18124800 bead evals)
[driver] ~566500 MD steps done (18128000 bead evals)
[driver] ~566600 MD steps done (18131200 bead evals)
[driver] ~566700 MD steps done (18134400 bead evals)
[driver] ~566800 MD steps done (18137600 bead evals)
[driver] ~566900 MD steps done (18140800 bead evals)
[driver] ~567000 MD steps done (18144000 bead evals)
[driver] ~567100 MD steps done (18147200 bead evals)
[driver] ~567200 MD steps done (18150400 bead evals)
[driver] ~567300 MD steps done (18153600 bead evals)
[driver] ~567400 MD steps done (18156800 bead evals)
[driver] ~567500 MD steps done (18160000 bead evals)
[driver] ~567600 MD steps done (18163200 bead evals)
[driver] ~567700 MD steps done (18166400 bead evals)
[driver] ~567800 MD steps done (18169600 bead evals)
[driver] ~567900 MD steps done (18172800 bead evals)
[driver] ~568000 MD steps done (18176000 bead evals)
[driver] ~568100 MD steps done (18179200 bead evals)
[driver] ~568200 MD steps done (18182400 bead evals)
[driver] ~568300 MD steps done (18185600 bead evals)
[driver] ~568400 MD steps done (18188800 bead evals)
[driver] ~568500 MD steps done (18192000 bead evals)
[driver] ~568600 MD steps done (18195200 bead evals)
[driver] ~568700 MD steps done (18198400 bead evals)
[driver] ~568800 MD steps done (18201600 bead evals)
[driver] ~568900 MD steps done (18204800 bead evals)
[driver] ~569000 MD steps done (18208000 bead evals)
[driver] ~569100 MD steps done (18211200 bead evals)
[driver] ~569200 MD steps done (18214400 bead evals)
[driver] ~569300 MD steps done (18217600 bead evals)
[driver] ~569400 MD steps done (18220800 bead evals)
[driver] ~569500 MD steps done (18224000 bead evals)
[driver] ~569600 MD steps done (18227200 bead evals)
[driver] ~569700 MD steps done (18230400 bead evals)
[driver] ~569800 MD steps done (18233600 bead evals)
[driver] ~569900 MD steps done (18236800 bead evals)
[driver] ~570000 MD steps done (18240000 bead evals)
[driver] ~570100 MD steps done (18243200 bead evals)
[driver] ~570200 MD steps done (18246400 bead evals)
[driver] ~570300 MD steps done (18249600 bead evals)
[driver] ~570400 MD steps done (18252800 bead evals)
[driver] ~570500 MD steps done (18256000 bead evals)
[driver] ~570600 MD steps done (18259200 bead evals)
[driver] ~570700 MD steps done (18262400 bead evals)
[driver] ~570800 MD steps done (18265600 bead evals)
[driver] ~570900 MD steps done (18268800 bead evals)
[driver] ~571000 MD steps done (18272000 bead evals)
[driver] ~571100 MD steps done (18275200 bead evals)
[driver] ~571200 MD steps done (18278400 bead evals)
[driver] ~571300 MD steps done (18281600 bead evals)
[driver] ~571400 MD steps done (18284800 bead evals)
[driver] ~571500 MD steps done (18288000 bead evals)
[driver] ~571600 MD steps done (18291200 bead evals)
[driver] ~571700 MD steps done (18294400 bead evals)
[driver] ~571800 MD steps done (18297600 bead evals)
[driver] ~571900 MD steps done (18300800 bead evals)
[driver] ~572000 MD steps done (18304000 bead evals)
[driver] ~572100 MD steps done (18307200 bead evals)
[driver] ~572200 MD steps done (18310400 bead evals)
[driver] ~572300 MD steps done (18313600 bead evals)
[driver] ~572400 MD steps done (18316800 bead evals)
[driver] ~572500 MD steps done (18320000 bead evals)
[driver] ~572600 MD steps done (18323200 bead evals)
[driver] ~572700 MD steps done (18326400 bead evals)
[driver] ~572800 MD steps done (18329600 bead evals)
[driver] ~572900 MD steps done (18332800 bead evals)
[driver] ~573000 MD steps done (18336000 bead evals)
[driver] ~573100 MD steps done (18339200 bead evals)
[driver] ~573200 MD steps done (18342400 bead evals)
[driver] ~573300 MD steps done (18345600 bead evals)
[driver] ~573400 MD steps done (18348800 bead evals)
[driver] ~573500 MD steps done (18352000 bead evals)
[driver] ~573600 MD steps done (18355200 bead evals)
[driver] ~573700 MD steps done (18358400 bead evals)
[driver] ~573800 MD steps done (18361600 bead evals)
[driver] ~573900 MD steps done (18364800 bead evals)
[driver] ~574000 MD steps done (18368000 bead evals)
[driver] ~574100 MD steps done (18371200 bead evals)
[driver] ~574200 MD steps done (18374400 bead evals)
[driver] ~574300 MD steps done (18377600 bead evals)
[driver] ~574400 MD steps done (18380800 bead evals)
[driver] ~574500 MD steps done (18384000 bead evals)
[driver] ~574600 MD steps done (18387200 bead evals)
[driver] ~574700 MD steps done (18390400 bead evals)
[driver] ~574800 MD steps done (18393600 bead evals)
[driver] ~574900 MD steps done (18396800 bead evals)
[driver] ~575000 MD steps done (18400000 bead evals)
[driver] ~575100 MD steps done (18403200 bead evals)
[driver] ~575200 MD steps done (18406400 bead evals)
[driver] ~575300 MD steps done (18409600 bead evals)
[driver] ~575400 MD steps done (18412800 bead evals)
[driver] ~575500 MD steps done (18416000 bead evals)
[driver] ~575600 MD steps done (18419200 bead evals)
[driver] ~575700 MD steps done (18422400 bead evals)
[driver] ~575800 MD steps done (18425600 bead evals)
[driver] ~575900 MD steps done (18428800 bead evals)
[driver] ~576000 MD steps done (18432000 bead evals)
[driver] ~576100 MD steps done (18435200 bead evals)
[driver] ~576200 MD steps done (18438400 bead evals)
[driver] ~576300 MD steps done (18441600 bead evals)
[driver] ~576400 MD steps done (18444800 bead evals)
[driver] ~576500 MD steps done (18448000 bead evals)
[driver] ~576600 MD steps done (18451200 bead evals)
[driver] ~576700 MD steps done (18454400 bead evals)
[driver] ~576800 MD steps done (18457600 bead evals)
[driver] ~576900 MD steps done (18460800 bead evals)
[driver] ~577000 MD steps done (18464000 bead evals)
[driver] ~577100 MD steps done (18467200 bead evals)
[driver] ~577200 MD steps done (18470400 bead evals)
[driver] ~577300 MD steps done (18473600 bead evals)
[driver] ~577400 MD steps done (18476800 bead evals)
[driver] ~577500 MD steps done (18480000 bead evals)
[driver] ~577600 MD steps done (18483200 bead evals)
[driver] ~577700 MD steps done (18486400 bead evals)
[driver] ~577800 MD steps done (18489600 bead evals)
[driver] ~577900 MD steps done (18492800 bead evals)
[driver] ~578000 MD steps done (18496000 bead evals)
[driver] ~578100 MD steps done (18499200 bead evals)
[driver] ~578200 MD steps done (18502400 bead evals)
[driver] ~578300 MD steps done (18505600 bead evals)
[driver] ~578400 MD steps done (18508800 bead evals)
[driver] ~578500 MD steps done (18512000 bead evals)
[driver] ~578600 MD steps done (18515200 bead evals)
[driver] ~578700 MD steps done (18518400 bead evals)
[driver] ~578800 MD steps done (18521600 bead evals)
[driver] ~578900 MD steps done (18524800 bead evals)
[driver] ~579000 MD steps done (18528000 bead evals)
[driver] ~579100 MD steps done (18531200 bead evals)
[driver] ~579200 MD steps done (18534400 bead evals)
[driver] ~579300 MD steps done (18537600 bead evals)
[driver] ~579400 MD steps done (18540800 bead evals)
[driver] ~579500 MD steps done (18544000 bead evals)
[driver] ~579600 MD steps done (18547200 bead evals)
[driver] ~579700 MD steps done (18550400 bead evals)
[driver] ~579800 MD steps done (18553600 bead evals)
[driver] ~579900 MD steps done (18556800 bead evals)
[driver] ~580000 MD steps done (18560000 bead evals)
[driver] ~580100 MD steps done (18563200 bead evals)
[driver] ~580200 MD steps done (18566400 bead evals)
[driver] ~580300 MD steps done (18569600 bead evals)
[driver] ~580400 MD steps done (18572800 bead evals)
[driver] ~580500 MD steps done (18576000 bead evals)
[driver] ~580600 MD steps done (18579200 bead evals)
[driver] ~580700 MD steps done (18582400 bead evals)
[driver] ~580800 MD steps done (18585600 bead evals)
[driver] ~580900 MD steps done (18588800 bead evals)
[driver] ~581000 MD steps done (18592000 bead evals)
[driver] ~581100 MD steps done (18595200 bead evals)
[driver] ~581200 MD steps done (18598400 bead evals)
[driver] ~581300 MD steps done (18601600 bead evals)
[driver] ~581400 MD steps done (18604800 bead evals)
[driver] ~581500 MD steps done (18608000 bead evals)
[driver] ~581600 MD steps done (18611200 bead evals)
[driver] ~581700 MD steps done (18614400 bead evals)
[driver] ~581800 MD steps done (18617600 bead evals)
[driver] ~581900 MD steps done (18620800 bead evals)
[driver] ~582000 MD steps done (18624000 bead evals)
[driver] ~582100 MD steps done (18627200 bead evals)
[driver] ~582200 MD steps done (18630400 bead evals)
[driver] ~582300 MD steps done (18633600 bead evals)
[driver] ~582400 MD steps done (18636800 bead evals)
[driver] ~582500 MD steps done (18640000 bead evals)
[driver] ~582600 MD steps done (18643200 bead evals)
[driver] ~582700 MD steps done (18646400 bead evals)
[driver] ~582800 MD steps done (18649600 bead evals)
[driver] ~582900 MD steps done (18652800 bead evals)
[driver] ~583000 MD steps done (18656000 bead evals)
[driver] ~583100 MD steps done (18659200 bead evals)
[driver] ~583200 MD steps done (18662400 bead evals)
[driver] ~583300 MD steps done (18665600 bead evals)
[driver] ~583400 MD steps done (18668800 bead evals)
[driver] ~583500 MD steps done (18672000 bead evals)
[driver] ~583600 MD steps done (18675200 bead evals)
[driver] ~583700 MD steps done (18678400 bead evals)
[driver] ~583800 MD steps done (18681600 bead evals)
[driver] ~583900 MD steps done (18684800 bead evals)
[driver] ~584000 MD steps done (18688000 bead evals)
[driver] ~584100 MD steps done (18691200 bead evals)
[driver] ~584200 MD steps done (18694400 bead evals)
[driver] ~584300 MD steps done (18697600 bead evals)
[driver] ~584400 MD steps done (18700800 bead evals)
[driver] ~584500 MD steps done (18704000 bead evals)
[driver] ~584600 MD steps done (18707200 bead evals)
[driver] ~584700 MD steps done (18710400 bead evals)
[driver] ~584800 MD steps done (18713600 bead evals)
[driver] ~584900 MD steps done (18716800 bead evals)
[driver] ~585000 MD steps done (18720000 bead evals)
[driver] ~585100 MD steps done (18723200 bead evals)
[driver] ~585200 MD steps done (18726400 bead evals)
[driver] ~585300 MD steps done (18729600 bead evals)
[driver] ~585400 MD steps done (18732800 bead evals)
[driver] ~585500 MD steps done (18736000 bead evals)
[driver] ~585600 MD steps done (18739200 bead evals)
[driver] ~585700 MD steps done (18742400 bead evals)
[driver] ~585800 MD steps done (18745600 bead evals)
[driver] ~585900 MD steps done (18748800 bead evals)
[driver] ~586000 MD steps done (18752000 bead evals)
[driver] ~586100 MD steps done (18755200 bead evals)
[driver] ~586200 MD steps done (18758400 bead evals)
[driver] ~586300 MD steps done (18761600 bead evals)
[driver] ~586400 MD steps done (18764800 bead evals)
[driver] ~586500 MD steps done (18768000 bead evals)
[driver] ~586600 MD steps done (18771200 bead evals)
[driver] ~586700 MD steps done (18774400 bead evals)
[driver] ~586800 MD steps done (18777600 bead evals)
[driver] ~586900 MD steps done (18780800 bead evals)
[driver] ~587000 MD steps done (18784000 bead evals)
[driver] ~587100 MD steps done (18787200 bead evals)
[driver] ~587200 MD steps done (18790400 bead evals)
[driver] ~587300 MD steps done (18793600 bead evals)
[driver] ~587400 MD steps done (18796800 bead evals)
[driver] ~587500 MD steps done (18800000 bead evals)
[driver] ~587600 MD steps done (18803200 bead evals)
[driver] ~587700 MD steps done (18806400 bead evals)
[driver] ~587800 MD steps done (18809600 bead evals)
[driver] ~587900 MD steps done (18812800 bead evals)
[driver] ~588000 MD steps done (18816000 bead evals)
[driver] ~588100 MD steps done (18819200 bead evals)
[driver] ~588200 MD steps done (18822400 bead evals)
[driver] ~588300 MD steps done (18825600 bead evals)
[driver] ~588400 MD steps done (18828800 bead evals)
[driver] ~588500 MD steps done (18832000 bead evals)
[driver] ~588600 MD steps done (18835200 bead evals)
[driver] ~588700 MD steps done (18838400 bead evals)
[driver] ~588800 MD steps done (18841600 bead evals)
[driver] ~588900 MD steps done (18844800 bead evals)
[driver] ~589000 MD steps done (18848000 bead evals)
[driver] ~589100 MD steps done (18851200 bead evals)
[driver] ~589200 MD steps done (18854400 bead evals)
[driver] ~589300 MD steps done (18857600 bead evals)
[driver] ~589400 MD steps done (18860800 bead evals)
[driver] ~589500 MD steps done (18864000 bead evals)
[driver] ~589600 MD steps done (18867200 bead evals)
[driver] ~589700 MD steps done (18870400 bead evals)
[driver] ~589800 MD steps done (18873600 bead evals)
[driver] ~589900 MD steps done (18876800 bead evals)
[driver] ~590000 MD steps done (18880000 bead evals)
[driver] ~590100 MD steps done (18883200 bead evals)
[driver] ~590200 MD steps done (18886400 bead evals)
[driver] ~590300 MD steps done (18889600 bead evals)
[driver] ~590400 MD steps done (18892800 bead evals)
[driver] ~590500 MD steps done (18896000 bead evals)
[driver] ~590600 MD steps done (18899200 bead evals)
[driver] ~590700 MD steps done (18902400 bead evals)
[driver] ~590800 MD steps done (18905600 bead evals)
[driver] ~590900 MD steps done (18908800 bead evals)
[driver] ~591000 MD steps done (18912000 bead evals)
[driver] ~591100 MD steps done (18915200 bead evals)
[driver] ~591200 MD steps done (18918400 bead evals)
[driver] ~591300 MD steps done (18921600 bead evals)
[driver] ~591400 MD steps done (18924800 bead evals)
[driver] ~591500 MD steps done (18928000 bead evals)
[driver] ~591600 MD steps done (18931200 bead evals)
[driver] ~591700 MD steps done (18934400 bead evals)
[driver] ~591800 MD steps done (18937600 bead evals)
[driver] ~591900 MD steps done (18940800 bead evals)
[driver] ~592000 MD steps done (18944000 bead evals)
[driver] ~592100 MD steps done (18947200 bead evals)
[driver] ~592200 MD steps done (18950400 bead evals)
[driver] ~592300 MD steps done (18953600 bead evals)
[driver] ~592400 MD steps done (18956800 bead evals)
[driver] ~592500 MD steps done (18960000 bead evals)
[driver] ~592600 MD steps done (18963200 bead evals)
[driver] ~592700 MD steps done (18966400 bead evals)
[driver] ~592800 MD steps done (18969600 bead evals)
[driver] ~592900 MD steps done (18972800 bead evals)
[driver] ~593000 MD steps done (18976000 bead evals)
[driver] ~593100 MD steps done (18979200 bead evals)
[driver] ~593200 MD steps done (18982400 bead evals)
[driver] ~593300 MD steps done (18985600 bead evals)
[driver] ~593400 MD steps done (18988800 bead evals)
[driver] ~593500 MD steps done (18992000 bead evals)
[driver] ~593600 MD steps done (18995200 bead evals)
[driver] ~593700 MD steps done (18998400 bead evals)
[driver] ~593800 MD steps done (19001600 bead evals)
[driver] ~593900 MD steps done (19004800 bead evals)
[driver] ~594000 MD steps done (19008000 bead evals)
[driver] ~594100 MD steps done (19011200 bead evals)
[driver] ~594200 MD steps done (19014400 bead evals)
[driver] ~594300 MD steps done (19017600 bead evals)
[driver] ~594400 MD steps done (19020800 bead evals)
[driver] ~594500 MD steps done (19024000 bead evals)
[driver] ~594600 MD steps done (19027200 bead evals)
[driver] ~594700 MD steps done (19030400 bead evals)
[driver] ~594800 MD steps done (19033600 bead evals)
[driver] ~594900 MD steps done (19036800 bead evals)
[driver] ~595000 MD steps done (19040000 bead evals)
[driver] ~595100 MD steps done (19043200 bead evals)
[driver] ~595200 MD steps done (19046400 bead evals)
[driver] ~595300 MD steps done (19049600 bead evals)
[driver] ~595400 MD steps done (19052800 bead evals)
[driver] ~595500 MD steps done (19056000 bead evals)
[driver] ~595600 MD steps done (19059200 bead evals)
[driver] ~595700 MD steps done (19062400 bead evals)
[driver] ~595800 MD steps done (19065600 bead evals)
[driver] ~595900 MD steps done (19068800 bead evals)
[driver] ~596000 MD steps done (19072000 bead evals)
[driver] ~596100 MD steps done (19075200 bead evals)
[driver] ~596200 MD steps done (19078400 bead evals)
[driver] ~596300 MD steps done (19081600 bead evals)
[driver] ~596400 MD steps done (19084800 bead evals)
[driver] ~596500 MD steps done (19088000 bead evals)
[driver] ~596600 MD steps done (19091200 bead evals)
[driver] ~596700 MD steps done (19094400 bead evals)
[driver] ~596800 MD steps done (19097600 bead evals)
[driver] ~596900 MD steps done (19100800 bead evals)
[driver] ~597000 MD steps done (19104000 bead evals)
[driver] ~597100 MD steps done (19107200 bead evals)
[driver] ~597200 MD steps done (19110400 bead evals)
[driver] ~597300 MD steps done (19113600 bead evals)
[driver] ~597400 MD steps done (19116800 bead evals)
[driver] ~597500 MD steps done (19120000 bead evals)
[driver] ~597600 MD steps done (19123200 bead evals)
[driver] ~597700 MD steps done (19126400 bead evals)
[driver] ~597800 MD steps done (19129600 bead evals)
[driver] ~597900 MD steps done (19132800 bead evals)
[driver] ~598000 MD steps done (19136000 bead evals)
[driver] ~598100 MD steps done (19139200 bead evals)
[driver] ~598200 MD steps done (19142400 bead evals)
[driver] ~598300 MD steps done (19145600 bead evals)
[driver] ~598400 MD steps done (19148800 bead evals)
[driver] ~598500 MD steps done (19152000 bead evals)
[driver] ~598600 MD steps done (19155200 bead evals)
[driver] ~598700 MD steps done (19158400 bead evals)
[driver] ~598800 MD steps done (19161600 bead evals)
[driver] ~598900 MD steps done (19164800 bead evals)
[driver] ~599000 MD steps done (19168000 bead evals)
[driver] ~599100 MD steps done (19171200 bead evals)
[driver] ~599200 MD steps done (19174400 bead evals)
[driver] ~599300 MD steps done (19177600 bead evals)
[driver] ~599400 MD steps done (19180800 bead evals)
[driver] ~599500 MD steps done (19184000 bead evals)
[driver] ~599600 MD steps done (19187200 bead evals)
[driver] ~599700 MD steps done (19190400 bead evals)
[driver] ~599800 MD steps done (19193600 bead evals)
[driver] ~599900 MD steps done (19196800 bead evals)
[driver] ~600000 MD steps done (19200000 bead evals)
[bead 0] unknown: 'EXIT'
[bead 1] unknown: 'EXIT'
[bead 3] unknown: 'EXIT'
[bead 5] unknown: 'EXIT'
[bead 8] unknown: 'EXIT'
[bead 4] unknown: 'EXIT'
[bead 2] unknown: 'EXIT'
[bead 13] unknown: 'EXIT'
[bead 25] unknown: 'EXIT'
[bead 16] unknown: 'EXIT'
[bead 20] unknown: 'EXIT'
[bead 21] unknown: 'EXIT'
[bead 24] unknown: 'EXIT'
[bead 12] unknown: 'EXIT'
[bead 7] unknown: 'EXIT'
[bead 27] unknown: 'EXIT'
[bead 28] unknown: 'EXIT'
[bead 9] unknown: 'EXIT'
[bead 14] unknown: 'EXIT'
[bead 22] unknown: 'EXIT'
[bead 10] unknown: 'EXIT'
[bead 11] unknown: 'EXIT'
[bead 23] unknown: 'EXIT'
[bead 29] unknown: 'EXIT'
[bead 31] unknown: 'EXIT'
[bead 17] unknown: 'EXIT'
[bead 19] unknown: 'EXIT'
[bead 18] unknown: 'EXIT'
[bead 6] unknown: 'EXIT'
[bead 15] unknown: 'EXIT'
[bead 26] unknown: 'EXIT'
[bead 30] unknown: 'EXIT'
[driver] done
