#! FIELDS time cv sigma_cv height biasf
#! SET multivariate false
#! SET kerneltype stretched-gaussian
                    200   -0.08651370063376695                  0.005      5.050505050505051                    100
      399.9999999999999    -0.1250477076178564                  0.005      5.050505050505051                    100
      599.9999999999999    -0.1222521599571275                  0.005      4.921039102334791                    100
      799.9999999999999    -0.1311633966799371                  0.005      4.948795354639333                    100
      999.9999999999999    -0.1703776451308575                  0.005      5.050505050505051                    100
                   1200     -0.102733611902224                  0.005      5.050004666056568                    100
                   1400    -0.1485071854450777                  0.005      5.050428456922359                    100
                   1600    -0.1545651826386887                  0.005      4.976837489879613                    100
                   1800    -0.0887488813056166                  0.005      4.910913367612165                    100
                   2000     -0.104213136164175                  0.005      4.904887813282441                    100
                   2200    -0.2208985600700618                  0.005      5.050505050505051                    100
                   2400    -0.1945783353579964                  0.005      5.050505050505051                    100
                   2600    -0.1363467977118644                  0.005      4.942106165452439                    100
                   2800    -0.1733700760981765                  0.005      4.923926052083443                    100
                   3000   -0.06848316538541441                  0.005      5.050505050505051                    100
                   3200    -0.1737572864583821                  0.005      4.786547387738293                    100
                   3400    -0.1196303233498931                  0.005      4.828429432019808                    100
                   3600    -0.1378823076220242                  0.005      4.829255330722983                    100
                   3800    -0.1546586510523475                  0.005      4.831417391940479                    100
                   4000   -0.08603773594551906                  0.005      4.776484998231258                    100
      4199.999999999999    -0.1306442382867944                  0.005      4.656873648933035                    100
      4399.999999999999    -0.2086284876682536                  0.005      5.040576091948616                    100
      4599.999999999999    -0.1845142538478544                  0.005      5.001912327334065                    100
      4799.999999999999    -0.1019337446252895                  0.005      4.767100708763084                    100
      4999.999999999999   -0.07952374217841958                  0.005      4.893439950257144                    100
      5199.999999999999   -0.04689918102665468                  0.005      5.050505050505051                    100
      5399.999999999999    -0.1631764819465153                  0.005      4.895039085833801                    100
      5599.999999999999    -0.1802083084406509                  0.005      4.805973146235621                    100
      5799.999999999999    -0.1122564578590054                  0.005      4.895801231557524                    100
      5999.999999999999    -0.1161786149528922                  0.005      4.716834907884777                    100
      6199.999999999999   -0.03845475635675992                  0.005      5.014013626089154                    100
      6399.999999999999    -0.0904333413623568                  0.005      4.679025329433788                    100
      6599.999999999999    -0.1510129900842942                  0.005      4.685723487667105                    100
      6799.999999999999    -0.2039825899536483                  0.005      4.926615218950474                    100
      6999.999999999999    -0.2236724676719166                  0.005        4.9194017842081                    100
      7199.999999999999    -0.1237814667179963                  0.005       4.51690971192265                    100
      7399.999999999999    -0.0682357076090407                  0.005      4.888593961918031                    100
      7599.999999999999     0.1976272593341614                  0.005      5.050505050505051                    100
      7799.999999999999     0.1127523040123308                  0.005      5.050505050505051                    100
      7999.999999999999     0.1657766038822158                  0.005      5.050505050505051                    100
      8199.999999999998     0.1450348098885986                  0.005      5.050505050505051                    100
      8399.999999999998       0.12048936478199                  0.005       5.00459342076051                    100
      8599.999999999998     0.1807291939107155                  0.005      5.048833516176324                    100
      8799.999999999998     0.1155166093390157                  0.005      4.831217014331057                    100
      8999.999999999998      0.155694668424033                  0.005      5.015259731172033                    100
      9199.999999999998     0.1325788469970149                  0.005      5.035874635941895                    100
      9399.999999999998    0.01908678027844114                  0.005      5.050505050505051                    100
      9599.999999999998     0.1726811850107896                  0.005      4.950621491831942                    100
      9799.999999999998    0.07908330589431356                  0.005      5.050505050505051                    100
      9999.999999999998     0.1034449278649566                  0.005       5.01589200212563                    100
                  10200    0.08221318929147897                  0.005      4.926017191555066                    100
                  10400       0.11920890323437                  0.005      4.731089272896415                    100
                  10600    0.09059427649076873                  0.005      4.998398249464164                    100
                  10800     0.1066925166961255                  0.005       4.81889069447908                    100
                  11000     0.1294181373464436                  0.005      4.876170191246797                    100
                  11200     0.1583030765045282                  0.005      4.864736397478192                    100
                  11400     0.1115413068456667                  0.005      4.608461288819778                    100
                  11600     0.1457470160649539                  0.005      4.870213371606707                    100
                  11800     0.1363991147585984                  0.005      4.825228642700398                    100
                  12000    0.07606634306738977                  0.005      4.854536620480307                    100
                  12200     0.1539135678540404                  0.005      4.738063687898073                    100
                  12400     0.2469149015491394                  0.005      5.050505050505051                    100
                  12600     0.1658513790574476                  0.005      4.770442952734277                    100
                  12800      0.204861810655054                  0.005      4.997130222654508                    100
                  13000     0.1706803936281856                  0.005       4.70989489655939                    100
                  13200     0.2392523568417586                  0.005      5.003525696106366                    100
                  13400     0.1467595175202628                  0.005      4.665021067575164                    100
                  13600     0.1774383089830353                  0.005      4.763379986474894                    100
                  13800     0.1959742398723062                  0.005      4.876156089229688                    100
                  14000     0.2195741403796925                  0.005      5.048794669388695                    100
                  14200     0.1994193040389295                  0.005      4.717610299557674                    100
                  14400     0.1404857329643605                  0.005      4.650849351314801                    100
                  14600     0.1182578585244573                  0.005      4.510868576398115                    100
                  14800    0.09567127138631383                  0.005      4.899509103948041                    100
                  15000     0.1064091066718306                  0.005      4.589327809842099                    100
                  15200    0.06791863504148951                  0.005      4.997276862106379                    100
                  15400    0.08455733051581829                  0.005      4.723119041133945                    100
                  15600     0.2038759336651789                  0.005      4.704664839987172                    100
                  15800     0.2180005769524464                  0.005       4.89998234153387                    100
                  16000   -0.02580857563661833                  0.005      5.044574391896214                    100
                  16200    -0.1409556393300245                  0.005      4.728545341349956                    100
                  16400    -0.1870974464120295                  0.005      4.809799695107427                    100
                  16600    -0.2327754879507055                  0.005      5.013536327977453                    100
                  16800     -0.149599069361751                  0.005      4.560605994122022                    100
                  17000     -0.117514131098711                  0.005      4.503805594221761                    100
                  17200    -0.2190825635298237                  0.005       4.79419930972369                    100
                  17400    -0.1479982644883859                  0.005      4.476230047970893                    100
                  17600     -0.102119271518343                  0.005      4.601795880520565                    100
                  17800   -0.01118892228395198                  0.005      5.048665428508343                    100
                  18000    0.06825730674118544                  0.005        4.8424999323633                    100
                  18200     0.1245626123062201                  0.005        4.6317231301703                    100
                  18400     0.1498692051465642                  0.005      4.517590150889728                    100
                  18600     0.2144685021982911                  0.005      4.809504312862065                    100
                  18800     0.1922871435729017                  0.005      4.779620821255437                    100
                  19000     0.1176784973862968                  0.005      4.321296634654249                    100
                  19200    0.07822772005078277                  0.005      4.571640338780287                    100
                  19400    0.09977488962372627                  0.005      4.684950353362928                    100
                  19600    0.05660039177033854                  0.005      5.029664670891671                    100
                  19800    0.05266239686001192                  0.005      4.937829664512646                    100
                  20000     -0.033702567363543                  0.005      4.907465820239971                    100
                  20200   -0.03228539223249768                  0.005      4.776199749993673                    100
                  20400     0.1010179679612245                  0.005      4.524071392091511                    100
                  20600     0.1126871917971084                  0.005      4.261629478573894                    100
                  20800     0.1408559875816759                  0.005      4.491979204691852                    100
                  21000     0.1157019612264158                  0.005      4.121008445855815                    100
                  21200     0.1607938785522987                  0.005      4.572232185876245                    100
                  21400     0.1806178620903419                  0.005      4.715028386270444                    100
                  21600     0.2096662655426255                  0.005      4.714803457546814                    100
                  21800       0.25359680087998                  0.005      4.986097461046301                    100
                  22000     0.1778219192352221                  0.005       4.52557362797073                    100
                  22200    0.08086477073248564                  0.005       4.44400896777594                    100
                  22400   -0.09512973805776659                  0.005      4.660079279085688                    100
                  22600    -0.2089445924591676                  0.005      4.782969135208587                    100
                  22800    -0.1869868658514888                  0.005      4.670796374267333                    100
                  23000    -0.1190988791841196                  0.005      4.344206480072411                    100
                  23200    0.02054792397423998                  0.005      4.905654103462626                    100
                  23400   -0.06311503350159629                  0.005      4.878760893305667                    100
                  23600    -0.1075415995287376                  0.005       4.53736291866425                    100
                  23800   -0.09845484445390885                  0.005      4.465016362924339                    100
                  24000   -0.03458917142868648                  0.005      4.638591849845439                    100
                  24200    0.05171951195136978                  0.005      4.813340936012005                    100
                  24400   -0.08369150210653346                  0.005      4.551205011253956                    100
                  24600    0.07180159714145283                  0.005       4.58195785396446                    100
                  24800    0.04573720231484169                  0.005      4.909742617440722                    100
                  25000   -0.06175393190336383                  0.005      4.787503654702587                    100
                  25200    -0.0598915283696332                  0.005      4.728800685725263                    100
                  25400   -0.03788658515625026                  0.005      4.588209266206023                    100
                  25600    -0.1717445834191832                  0.005      4.574274339253375                    100
                  25800    -0.2492440912762859                  0.005       5.05012705423496                    100
                  26000    -0.1809340008609208                  0.005      4.536215851037943                    100
                  26200    -0.1113122693989781                  0.005      4.445213752178026                    100
                  26400    -0.2010786242344038                  0.005      4.770396308745802                    100
                  26600    -0.2417525690384817                  0.005      4.971263313682075                    100
                  26800    -0.2919931103936422                  0.005      5.050505050505051                    100
                  27000    -0.1887723154653761                  0.005      4.539443198428005                    100
                  27200    -0.1913104650814076                  0.005      4.520396866578142                    100
                  27400    -0.2309341905716247                  0.005      4.818877110071634                    100
                  27600    -0.2040314133393616                  0.005      4.579438255257394                    100
                  27800   -0.09840457609813567                  0.005      4.342958442191908                    100
                  28000   0.006849996377348386                  0.005      5.039907804509788                    100
                  28200    -0.1573763884380039                  0.005      4.575693268049815                    100
                  28400    -0.2416949996109519                  0.005      4.811535210549939                    100
                  28600    -0.2075921354663037                  0.005      4.489216008290563                    100
                  28800    -0.1796516993524747                  0.005      4.385808776192321                    100
                  29000    -0.1678702685524221                  0.005      4.546751258785243                    100
                  29200    -0.2206291624139528                  0.005      4.607722454350077                    100
                  29400    -0.2388529392431963                  0.005      4.680138139251812                    100
                  29600    -0.2525162769638217                  0.005      4.897571407606174                    100
                  29800    -0.2644964772194462                  0.005       5.04118668078705                    100
                  30000    -0.1932526320544088                  0.005      4.465767606620841                    100
                  30200    0.02757999264591954                  0.005      4.960068863541334                    100
                  30400     0.1002721413611977                  0.005      4.416336165047681                    100
                  30600     0.1906467255623558                  0.005      4.698251727867362                    100
                  30800     0.2186738308488317                  0.005      4.635151350534359                    100
                  31000     0.1978458825181431                  0.005      4.404976215521132                    100
                  31200     0.1184518876181361                  0.005      4.078497881822076                    100
                  31400     0.2619962651651214                  0.005      5.012605765023182                    100
                  31600     0.1729265733476803                  0.005      4.426106484335822                    100
                  31800     0.2287700146982649                  0.005      4.971859996582173                    100
                  32000     0.2337291642677382                  0.005      4.870189663157658                    100
                  32200     0.2109001310122868                  0.005      4.549313009077075                    100
                  32400     0.2703414893488907                  0.005       5.01279243808573                    100
                  32600     0.1672731493641635                  0.005      4.399427028361888                    100
      32799.99999999999   -0.01942612048938107                  0.005      4.936451691682896                    100
      32999.99999999999   0.004372360334975733                  0.005      4.913885658217055                    100
      33199.99999999999     0.1324085151465985                  0.005      4.551070934788469                    100
      33399.99999999999     0.1515666761813386                  0.005      4.386129170848456                    100
      33599.99999999999     0.1664481381668952                  0.005      4.296704064879173                    100
      33799.99999999999     0.1275556601637415                  0.005      4.441581077753384                    100
      33999.99999999999     0.1789486196633714                  0.005      4.347486239277287                    100
      34199.99999999999      0.224750944580415                  0.005      4.686131993896111                    100
      34399.99999999999     0.1963574818420469                  0.005      4.302160244551295                    100
      34599.99999999999     0.2403613277099597                  0.005      4.769268791957138                    100
      34799.99999999999      0.255256067695955                  0.005      4.810599317259317                    100
      34999.99999999999     0.2376907402247747                  0.005       4.62734948997223                    100
      35199.99999999999     0.1813632801051838                  0.005      4.352325580307967                    100
      35399.99999999999     0.2138718402410089                  0.005      4.395179359016316                    100
      35599.99999999999     0.2515936488233867                  0.005      4.676569677760336                    100
      35799.99999999999     0.2663603692175962                  0.005      4.821876736758013                    100
      35999.99999999999     0.1690232211685202                  0.005      4.147594164501842                    100
      36199.99999999999    0.04751900440688703                  0.005      4.703116403623292                    100
      36399.99999999999    -0.1274233410102548                  0.005      4.383024904195531                    100
      36599.99999999999    -0.2039684713982638                  0.005      4.352251149877627                    100
      36799.99999999999    -0.2332536339508578                  0.005      4.603425647341883                    100
      36999.99999999999    -0.2466160106384113                  0.005      4.627922832680535                    100
      37199.99999999999    -0.2499467654857184                  0.005      4.587755094277086                    100
      37399.99999999999    -0.2394899678219218                  0.005      4.428856755992984                    100
      37599.99999999999    -0.2441827458207401                  0.005      4.325298782248192                    100
      37799.99999999999   -0.06304549903422405                  0.005      4.503777509284995                    100
      37999.99999999999     0.1455310133410506                  0.005       4.25412420301949                    100
      38199.99999999999    0.03994504181184123                  0.005      4.909656475262222                    100
      38399.99999999999   -0.06220659899509273                  0.005      4.399596714970025                    100
      38599.99999999999    -0.1196090621899017                  0.005      4.158040416821459                    100
      38799.99999999999    0.06859765330210836                  0.005      4.559683739323174                    100
      38999.99999999999      0.122094691930403                  0.005      4.128850169984176                    100
      39199.99999999999   -0.02636651620103081                  0.005      4.678244211826295                    100
      39399.99999999999    0.08432352681859706                  0.005      4.425290843487297                    100
      39599.99999999999   -0.04520998014107304                  0.005      4.773281938051306                    100
      39799.99999999999    -0.1473123389420686                  0.005      4.362033550368193                    100
      39999.99999999999   -0.04260700072485347                  0.005      4.559687952348126                    100
      40199.99999999999   -0.07536696172559637                  0.005      4.753519887838245                    100
      40399.99999999999    0.01447584573913133                  0.005      4.813625055817125                    100
      40599.99999999999  -0.002780330042433374                  0.005       4.93718054025311                    100
      40799.99999999999    -0.1365511676565481                  0.005      4.463945339896059                    100
      40999.99999999999    -0.1526368985912669                  0.005      4.213493309464464                    100
      41199.99999999999    -0.0609654099238872                  0.005      4.327649963668983                    100
      41399.99999999999    -0.1893824303571678                  0.005      4.224720740150971                    100
      41599.99999999999   -0.09909971636293889                  0.005      4.210912239375823                    100
      41799.99999999999    0.04958433422821804                  0.005      4.503164321293366                    100
      41999.99999999999 -0.0002254681299210248                  0.005      4.758722115156583                    100
      42199.99999999999    0.06752452790795824                  0.005      4.477296923364114                    100
      42399.99999999999   -0.03940075441331096                  0.005      4.357426678782927                    100
      42599.99999999999   -0.06095155452598236                  0.005      4.217126392707814                    100
      42799.99999999999    0.05124619958025614                  0.005       4.39118670788999                    100
      42999.99999999999     0.1410063756980647                  0.005      4.253818815815886                    100
      43199.99999999999  -0.007678582372002266                  0.005      4.779128293047748                    100
      43399.99999999999    -0.1440456442287324                  0.005      4.321282243015393                    100
      43599.99999999999    -0.1931364515648784                  0.005      4.250325023930641                    100
      43799.99999999999    -0.2499334929757395                  0.005      4.390075139468192                    100
      43999.99999999999     -0.176081729241682                  0.005       4.27644102798862                    100
      44199.99999999999   -0.09518032087547035                  0.005      4.247409530639493                    100
      44399.99999999999     -0.149441903640601                  0.005      4.043527691888634                    100
      44599.99999999999    -0.1229209890801339                  0.005      4.079968515711935                    100
      44799.99999999999    0.01477915817480781                  0.005       4.67052139421189                    100
      44999.99999999999    0.04728961337762114                  0.005      4.340412412654453                    100
      45199.99999999999   -0.04744137258000261                  0.005      4.587490431697118                    100
      45399.99999999999       0.03922362388907                  0.005      4.735326652810918                    100
      45599.99999999999   -0.02697184487432591                  0.005      4.524999997899823                    100
      45799.99999999999   -0.08322177710099128                  0.005      4.404272744472955                    100
      45999.99999999999    -0.1652995664798776                  0.005      4.504227265861974                    100
      46199.99999999999    -0.0603744796577544                  0.005      4.137975737261961                    100
      46399.99999999999    -0.1666903765078506                  0.005      4.334968152714906                    100
      46599.99999999999    -0.1714992470557877                  0.005      4.116559419857611                    100
      46799.99999999999  -0.006881304161914528                  0.005      4.632363161649579                    100
      46999.99999999999      0.122524635945916                  0.005      4.050563449165746                    100
      47199.99999999999    0.03945596115725518                  0.005      4.590532812453092                    100
      47399.99999999999    0.05077798168781092                  0.005      4.168519555400468                    100
      47599.99999999999     0.2093176413222318                  0.005       4.35118222428664                    100
      47799.99999999999    0.05909737870565826                  0.005      4.590284780287535                    100
      47999.99999999999     0.1191945883179127                  0.005      3.825630202312166                    100
      48199.99999999999   0.009826822649762118                  0.005      4.611635902586919                    100
      48399.99999999999   -0.05199833029768421                  0.005      4.609572185055116                    100
      48599.99999999999   -0.04889511306917027                  0.005      4.426460909055352                    100
      48799.99999999999   -0.05220819105871823                  0.005      4.387941807931018                    100
      48999.99999999999   -0.07587112602874313                  0.005      4.573808488940975                    100
      49199.99999999999    -0.1213914462831187                  0.005      3.961197086253036                    100
      49399.99999999999    -0.1656231805183984                  0.005      4.210648530163583                    100
      49599.99999999999    -0.1763913081519133                  0.005      4.068560605336099                    100
      49799.99999999999    -0.1421566541095527                  0.005       4.22926669547241                    100
      49999.99999999999    -0.1164699079787595                  0.005      4.027785541464263                    100
      50199.99999999999    -0.1033457861730456                  0.005      4.076546368049908                    100
      50399.99999999999   -0.05038802252338093                  0.005      4.248587861864724                    100
      50599.99999999999    -0.1563859223800797                  0.005      4.188461278665989                    100
      50799.99999999999    -0.2017605611510321                  0.005      4.269614539878824                    100
      50999.99999999999    -0.2796240453392806                  0.005      5.042319372326543                    100
      51199.99999999999    -0.2202739115275252                  0.005      4.480419779400282                    100
      51399.99999999999    -0.2068363413921602                  0.005       4.18338956814467                    100
      51599.99999999999    -0.2491612916595039                  0.005      4.241163994375472                    100
      51799.99999999999    -0.2382264920821702                  0.005      4.253030988149861                    100
      51999.99999999999    -0.1830796297666055                  0.005      4.067896327100832                    100
      52199.99999999999    -0.1341849567148466                  0.005      4.266731007888557                    100
      52399.99999999999    -0.1277104516212621                  0.005      4.061124545137171                    100
      52599.99999999999      -0.02011716406548                  0.005       4.66522618375958                    100
      52799.99999999999    0.04899537307850395                  0.005      4.033870969310024                    100
      52999.99999999999    0.02660638539379939                  0.005      4.760123820265459                    100
      53199.99999999999     0.1547500842622511                  0.005      4.284644365391982                    100
      53399.99999999999     0.1716417365702884                  0.005      4.043365003568811                    100
      53599.99999999999     0.2426052147146322                  0.005        4.5519933504693                    100
      53799.99999999999     0.2200227946380171                  0.005      4.352993244161331                    100
      53999.99999999999     0.2505897788753041                  0.005      4.519428317873727                    100
      54199.99999999999     0.2531000658158308                  0.005       4.42192561747083                    100
      54399.99999999999     0.2561261166661462                  0.005      4.409236596690463                    100
      54599.99999999999     0.2311738269181052                  0.005      4.577964023078517                    100
      54799.99999999999   0.003969460003589165                  0.005      4.515899139495808                    100
      54999.99999999999    -0.1129237984856999                  0.005      4.124216471618426                    100
      55199.99999999999    -0.0842058454317665                  0.005      4.228392044666004                    100
      55399.99999999999     0.1761637162001971                  0.005      4.003103858895611                    100
      55599.99999999999     0.2035862178154787                  0.005      4.259521974603707                    100
      55799.99999999999     0.1213532055303717                  0.005      3.815099657617436                    100
      55999.99999999999     0.1351051342117157                  0.005      4.292564461027999                    100
      56199.99999999999    0.02718038013498991                  0.005      4.639988524712408                    100
      56399.99999999999    0.09197605207615314                  0.005      4.568380611506105                    100
      56599.99999999999     0.1016650567389941                  0.005      4.248039900510634                    100
      56799.99999999999     0.1109313681647515                  0.005      4.017383139499155                    100
      56999.99999999999     0.1519243930157634                  0.005      4.125306327351287                    100
      57199.99999999999    0.03438222397197802                  0.005      4.635953215416941                    100
      57399.99999999999    0.05436915265429701                  0.005      4.132763242657766                    100
      57599.99999999999    0.08773256117301463                  0.005      4.386750478699075                    100
      57799.99999999999    0.07005264070967374                  0.005      4.278127180618496                    100
      57999.99999999999   -0.05098988089539992                  0.005      4.152548406721946                    100
      58199.99999999999    -0.1102530714616437                  0.005      4.107770920246423                    100
      58399.99999999999    -0.1189225989691529                  0.005      3.739047792420494                    100
      58599.99999999999    -0.1652973637309337                  0.005      4.091896954635586                    100
      58799.99999999999    -0.2109386163080791                  0.005      4.322941477490045                    100
      58999.99999999999   -0.05347051742329888                  0.005      4.091302907745791                    100
      59199.99999999999   -0.09565335559732541                  0.005       4.07997683468036                    100
      59399.99999999999   -0.03667676469565442                  0.005       4.18937568869111                    100
      59599.99999999999   -0.01382038497218568                  0.005      4.635233099013445                    100
      59799.99999999999    -0.1041275498753249                  0.005      3.915632268801873                    100
      59999.99999999999   -0.07892275910857383                  0.005      4.315005992138767                    100
      60199.99999999999    -0.1351414978635083                  0.005       4.12082504551149                    100
      60399.99999999999    -0.1290721509416418                  0.005      3.955878131590539                    100
      60599.99999999999    -0.1647888744022097                  0.005      4.015112200942331                    100
      60799.99999999999    -0.1055171707926762                  0.005      3.865928604068895                    100
      60999.99999999999    0.04805249741428765                  0.005      3.910115487015287                    100
      61199.99999999999     0.1100368554504402                  0.005      3.964524435422886                    100
      61399.99999999999   -0.02941180753523404                  0.005      4.275557893378953                    100
      61599.99999999999     0.2079167035879457                  0.005       4.17685505216716                    100
      61799.99999999999     0.2717139787129212                  0.005      4.803769140063761                    100
      61999.99999999999     0.1817140476412883                  0.005      4.187546208987017                    100
      62199.99999999999   0.008736805524318381                  0.005      4.415408499442169                    100
      62399.99999999999     0.1354690186719409                  0.005       4.17978464277916                    100
      62599.99999999999    0.08817174071680414                  0.005      4.284222617827592                    100
      62799.99999999999     0.1024362806392628                  0.005      4.076691769386322                    100
      62999.99999999999   -0.01281027573685808                  0.005      4.497144151521258                    100
      63199.99999999999    0.08895804886465732                  0.005       4.19311165981014                    100
      63399.99999999999     0.1693722571458094                  0.005      3.912121955875563                    100
      63599.99999999999    0.06541049038462407                  0.005      4.323369716989604                    100
      63799.99999999999    0.09826360950712214                  0.005      4.104930999269748                    100
      63999.99999999999     0.1465353587025817                  0.005      3.986306495237824                    100
      64199.99999999999     0.2651392245961774                  0.005      4.587190964493985                    100
      64399.99999999999     0.2987914407944741                  0.005      5.050505050505051                    100
      64599.99999999999      0.162149312416691                  0.005      4.141632422991804                    100
      64799.99999999999    0.05181705365170153                  0.005         3.823578478682                    100
      64999.99999999999    0.03212168928750157                  0.005      4.524054222896961                    100
      65199.99999999999    0.03661407874426061                  0.005      4.367164645297794                    100
      65399.99999999999    0.08591171274064623                  0.005      4.034935338184177                    100
      65599.99999999999     0.1944001009864034                  0.005      4.221934185426568                    100
      65799.99999999999     0.2867130073908772                  0.005      5.040738742227638                    100
      65999.99999999999     0.2410004115318852                  0.005      4.363521588065258                    100
      66199.99999999999      0.248307974669217                  0.005      4.260700562953513                    100
      66399.99999999999     0.1603208127999888                  0.005       4.08415471301407                    100
      66599.99999999999     0.1666348453156206                  0.005      3.815554873386081                    100
      66799.99999999999     0.1104796654674986                  0.005      3.821071138559248                    100
      66999.99999999999    0.09923812018448112                  0.005      3.962298270932849                    100
      67199.99999999999   -0.07873346904827491                  0.005      4.212439969558273                    100
      67399.99999999999    -0.1840027988524088                  0.005      3.965443563307519                    100
      67599.99999999999    -0.1431818982626424                  0.005      4.035227608547982                    100
      67799.99999999999    -0.1792501369072997                  0.005      3.901752314480904                    100
      67999.99999999999     -0.152659106462874                  0.005      3.885028639056219                    100
      68199.99999999999     -0.203383993952981                  0.005        4.0197206852972                    100
      68399.99999999999    -0.2668601844373186                  0.005      4.907549869765771                    100
      68599.99999999999    -0.2550162110353684                  0.005      4.549877524043215                    100
      68799.99999999999    -0.2685622463237354                  0.005      4.790073167319315                    100
      68999.99999999999    -0.2107314787610359                  0.005       4.16493201745273                    100
      69199.99999999999    -0.1449906519192606                  0.005      3.871288424715387                    100
      69399.99999999999    -0.1108138246777114                  0.005      3.883391908642667                    100
      69599.99999999999    -0.1654749744312096                  0.005      3.885364589641347                    100
      69799.99999999999    -0.2747294958649925                  0.005      4.831149725168606                    100
      69999.99999999999    -0.2772574075056808                  0.005      4.738517942030097                    100
      70199.99999999999    -0.2788955687678578                  0.005      4.644527118504567                    100
      70399.99999999999    -0.2193277436502057                  0.005      4.320443047796724                    100
      70599.99999999999    -0.2917652810447913                  0.005      4.885384184900905                    100
      70799.99999999999    -0.2285687275772171                  0.005      4.443609967675934                    100
      70999.99999999999    -0.2934220388225959                  0.005       4.76575665290966                    100
      71199.99999999999    -0.2838026591920987                  0.005      4.675934696163931                    100
      71399.99999999999    -0.2092959323753453                  0.005      3.952233499690921                    100
      71599.99999999999    -0.1910856741815214                  0.005      3.984677697440313                    100
      71799.99999999999    -0.2639848775014734                  0.005       4.62868663316605                    100
      71999.99999999999     -0.204805229716237                  0.005      3.786569521568245                    100
      72199.99999999999    -0.2574037906592272                  0.005      4.531298645856791                    100
      72399.99999999999    -0.2573229454171649                  0.005      4.406377142195711                    100
      72599.99999999999    -0.2309169053882646                  0.005      4.308479862991303                    100
      72799.99999999999    -0.1969490252766023                  0.005      4.072779370723352                    100
      72999.99999999999    -0.2480676431568712                  0.005      4.004184223481574                    100
      73199.99999999999    -0.2291404985492356                  0.005      4.221902877720473                    100
      73399.99999999999    -0.2597231710708698                  0.005      4.356260033235466                    100
      73599.99999999999    -0.1883492806143577                  0.005      3.785873119450566                    100
      73799.99999999999    0.04237674990000787                  0.005      4.085800684349929                    100
      73999.99999999999    0.01278490240504218                  0.005      4.354371913043136                    100
      74199.99999999999     0.0155914497037917                  0.005      4.297338394761334                    100
      74399.99999999999    0.04189548826131755                  0.005       4.00939585303762                    100
      74599.99999999999   -0.08763920222629028                  0.005      4.046665622823764                    100
      74799.99999999999    -0.1611240452136439                  0.005      3.984622700959581                    100
      74999.99999999999    0.04728555933040816                  0.005      3.676573599633434                    100
      75199.99999999999   -0.02659206269737749                  0.005      4.247465055230042                    100
      75399.99999999999    0.03728892978205195                  0.005      4.101971434619046                    100
      75599.99999999999    -0.1066439298207117                  0.005      3.750322396102587                    100
      75799.99999999999   -0.08893543420739163                  0.005      3.974586008336734                    100
      75999.99999999999     0.1843881909176721                  0.005      4.276392236956541                    100
      76199.99999999999      0.201177254020648                  0.005      4.038783471175639                    100
      76399.99999999999      0.223429403807255                  0.005      4.364373412791713                    100
      76599.99999999999      0.144337532843799                  0.005      3.909524493577453                    100
      76799.99999999999      0.116964159399315                  0.005      3.571122443582721                    100
      76999.99999999999     0.0951951698133631                  0.005      4.012565300330865                    100
      77199.99999999999 -0.0001959990554119273                  0.005      4.390448087587164                    100
      77399.99999999999   -0.09996653873022984                  0.005      3.697127459188222                    100
      77599.99999999999   0.004023838390273329                  0.005      4.210373023606761                    100
      77799.99999999999   -0.06947998296086087                  0.005      4.292372439793664                    100
      77999.99999999999   -0.05341764864576558                  0.005      3.990773273687244                    100
      78199.99999999999     0.1386468846969307                  0.005      3.972374629454279                    100
      78399.99999999999    0.07936652129141741                  0.005      4.067769748407925                    100
      78599.99999999999     0.1513080173562635                  0.005      3.886977667023149                    100
      78799.99999999999     0.2247377736886225                  0.005      4.299095779741712                    100
      78999.99999999999     0.2694591399097672                  0.005      4.524783135412625                    100
      79199.99999999999     0.2014618493948269                  0.005      3.945139454680818                    100
      79399.99999999999     0.1466556826900328                  0.005      3.725949552193835                    100
      79599.99999999999     0.1055681395313231                  0.005      3.789485023026132                    100
      79799.99999999999     0.2080002017209085                  0.005      3.990856712250011                    100
      79999.99999999999     0.2826769666950297                  0.005      4.917014429539403                    100
      80199.99999999999     0.2438991779439655                  0.005      4.204415968704756                    100
      80399.99999999999     0.2357812652809002                  0.005      4.273103216160612                    100
      80599.99999999999     0.2473306912863821                  0.005      4.080454620488862                    100
      80799.99999999999     0.2264508257540714                  0.005      4.229288243394693                    100
      80999.99999999999     0.2018532691408667                  0.005      3.814627372879017                    100
      81199.99999999999     0.3074921751355459                  0.005      5.017098547982595                    100
      81399.99999999999     0.2629665685990886                  0.005      4.401390068585306                    100
      81599.99999999999      0.277690617866887                  0.005      4.761565839053544                    100
      81799.99999999999     0.2784969994592524                  0.005      4.643525845903167                    100
      81999.99999999999      0.222082802821345                  0.005      4.034253145402559                    100
      82199.99999999999     0.2443269599007619                  0.005      3.991399022302544                    100
      82399.99999999999     0.2837332807085585                  0.005       4.62879693863347                    100
      82599.99999999999     0.2389973829903164                  0.005      3.998584569270101                    100
      82799.99999999999     0.1549232673170936                  0.005      3.869297588709115                    100
      82999.99999999999     0.1092752331697413                  0.005      3.670542789830367                    100
      83199.99999999999     0.1468522466705574                  0.005      3.621217088993773                    100
      83399.99999999999     0.2291874242814948                  0.005      4.133682167891137                    100
      83599.99999999999     0.2097650607851113                  0.005      3.902754845692532                    100
      83799.99999999999    0.09684419768923559                  0.005      3.846017389861241                    100
      83999.99999999999    -0.0532349061352799                  0.005      3.894339793365118                    100
      84199.99999999999   -0.08673823383476564                  0.005      3.847526505929503                    100
      84399.99999999999    0.08189768135816204                  0.005       3.90120735704748                    100
      84599.99999999999     0.1076881741574339                  0.005      3.610826073738875                    100
      84799.99999999999     0.1896355419642125                  0.005      4.288250367051891                    100
      84999.99999999999     0.2520265488605773                  0.005      3.984984619168022                    100
      85199.99999999999     0.1058243986979638                  0.005      3.551047852836106                    100
      85399.99999999999   -0.08049802240664089                  0.005      3.935869866076909                    100
      85599.99999999999    -0.1360712966983793                  0.005      3.936538715836096                    100
      85799.99999999999    -0.0714637116524527                  0.005      4.219315165664832                    100
      85999.99999999999    0.08488731542419099                  0.005       3.79400267395404                    100
      86199.99999999999    -0.0804195715646078                  0.005      3.828372679002086                    100
      86399.99999999999    0.07560044607633284                  0.005      4.014558110917578                    100
      86599.99999999999  -0.008267431819409893                  0.005       4.33396074302369                    100
      86799.99999999999     0.1909825246141973                  0.005      4.124669901850582                    100
      86999.99999999999     0.2789309450525982                  0.005      4.444619440310849                    100
      87199.99999999999     0.1555178000969616                  0.005      3.779960501092018                    100
      87399.99999999999     0.1811756483389418                  0.005      3.913155604756478                    100
      87599.99999999999     0.2377315239701804                  0.005      3.926702186220695                    100
      87799.99999999999     0.2578053257640052                  0.005      4.173984908529835                    100
      87999.99999999999     0.2362290868143914                  0.005      3.889315095288338                    100
      88199.99999999999     0.2395847802955084                  0.005      3.716254590806382                    100
      88399.99999999999     0.2663077402280429                  0.005      4.231831782384338                    100
      88599.99999999999     0.2979501921164297                  0.005      4.863119919829045                    100
      88799.99999999999     0.3027577677515975                  0.005      4.756748387690076                    100
      88999.99999999999     0.2433470634777529                  0.005      3.674746591941573                    100
      89199.99999999999    0.09669645269974678                  0.005      3.735614724434951                    100
      89399.99999999999    0.04841421734125581                  0.005      3.565323529506868                    100
      89599.99999999999   -0.07969098182919576                  0.005      3.774520740267811                    100
      89799.99999999999    -0.1596048249617187                  0.005      3.922351221728749                    100
      89999.99999999999    -0.2608102732532373                  0.005      4.266948156142263                    100
      90199.99999999999    -0.2146416513513862                  0.005      4.142073460033194                    100
      90399.99999999999   -0.07370567834720093                  0.005      4.016984627255109                    100
      90599.99999999999    -0.2123452301005085                  0.005      3.931202818592389                    100
      90799.99999999999    -0.1303036255078625                  0.005      3.841588228414407                    100
      90999.99999999999    -0.1865842462033703                  0.005      3.694054454086191                    100
      91199.99999999999     -0.232563466534927                  0.005      4.089813210600695                    100
      91399.99999999999    -0.2451947487338767                  0.005      3.926623033131237                    100
      91599.99999999999    -0.2961804346064907                  0.005      4.722272495566246                    100
      91799.99999999999    -0.2208823386891416                  0.005      4.061888036988727                    100
      91999.99999999999    -0.1330737078584107                  0.005      3.772490950463073                    100
      92199.99999999999    -0.0786094806177037                  0.005      3.690194759935712                    100
      92399.99999999999    0.07808669461977215                  0.005      3.822788110340348                    100
      92599.99999999999     0.1074290379969779                  0.005      3.457459650584366                    100
      92799.99999999999     0.2084144635189065                  0.005      3.778399393607088                    100
      92999.99999999999     0.1096723026386587                  0.005      3.385986198624234                    100
      93199.99999999999    0.06949975506190369                  0.005      4.012533481322489                    100
      93399.99999999999   -0.04748714435996204                  0.005      3.877138981486424                    100
      93599.99999999999   -0.02979426066666599                  0.005      4.071194279526166                    100
      93799.99999999999     0.1095706158480664                  0.005      3.317579231284742                    100
      93999.99999999999     0.1626429028172455                  0.005       3.80390152662613                    100
      94199.99999999999     0.1714929293231409                  0.005      3.678832693951867                    100
      94399.99999999999     0.1410050665832145                  0.005      3.719485682625268                    100
      94599.99999999999      0.195767676024562                  0.005      3.790289510004364                    100
      94799.99999999999     0.1465053401687171                  0.005      3.486143067559756                    100
      94999.99999999999     0.1699654603710284                  0.005      3.582829027017979                    100
      95199.99999999999     0.1507147677982421                  0.005      3.484412063814938                    100
      95399.99999999999     0.1545293991980165                  0.005       3.55880120696426                    100
      95599.99999999999    0.05443396583611948                  0.005      3.824990401448669                    100
      95799.99999999999     0.2091689971846178                  0.005      3.710326319547658                    100
      95999.99999999999     0.1719634263576974                  0.005      3.533940815979485                    100
      96199.99999999999     0.1702114330174026                  0.005      3.438367654196758                    100
      96399.99999999999   -0.02758622950401564                  0.005      4.023092601418905                    100
      96599.99999999999    -0.1630608556600829                  0.005      3.749112860682964                    100
      96799.99999999999    -0.1353191050151218                  0.005      3.714361929631004                    100
      96999.99999999999    -0.1209491953290632                  0.005      3.597580376996704                    100
      97199.99999999999    -0.1503486489744499                  0.005       3.67425329140142                    100
      97399.99999999999    -0.1777598358756121                  0.005      3.778112323707763                    100
      97599.99999999999    -0.1489621936738055                  0.005      3.600814394921525                    100
      97799.99999999999   -0.05402250296070274                  0.005      3.774842515966999                    100
      97999.99999999999    0.07599367035351899                  0.005      3.784614874002715                    100
      98199.99999999999    0.01844160815264362                  0.005       4.26646712143316                    100
      98399.99999999999    0.05044587129128861                  0.005      3.460817692150128                    100
      98599.99999999999   0.008431419505160326                  0.005      4.072756001407971                    100
      98799.99999999999     -0.131473623588289                  0.005      3.612873517393549                    100
      98999.99999999999    -0.2065144333391908                  0.005      3.605673364385765                    100
      99199.99999999999    -0.2670789574030656                  0.005      4.336450192056022                    100
      99399.99999999999    -0.2495081287325429                  0.005       3.84010643623823                    100
      99599.99999999999    -0.2328005955582444                  0.005      3.979809696850502                    100
      99799.99999999999    -0.2445227057452264                  0.005      3.787113149666349                    100
      99999.99999999999    -0.2868682359809136                  0.005       4.56642021926108                    100
                 100200      -0.27671098242229                  0.005      4.395741141835298                    100
                 100400    -0.2386384369398068                  0.005      3.865702094451264                    100
                 100600    -0.2901012025452926                  0.005      4.412914674765698                    100
                 100800    -0.2591906678824051                  0.005      4.080803923319025                    100
                 101000    -0.2234481625182808                  0.005      3.982312752053445                    100
                 101200    -0.1178156327998491                  0.005      3.558909633026039                    100
                 101400    -0.1780498301101578                  0.005      3.690740317369496                    100
                 101600    -0.2959602811855125                  0.005      4.495418110137839                    100
                 101800    -0.2956517054949446                  0.005      4.355539913788592                    100
                 102000     -0.206991812232712                  0.005      3.529664989541316                    100
                 102200    -0.2287347306854083                  0.005      3.879691840437431                    100
                 102400    -0.1967058869236302                  0.005      3.918896052089368                    100
                 102600    -0.0795622080295792                  0.005      3.572636298948757                    100
                 102800    -0.2066050724988331                  0.005      3.442942380999312                    100
                 103000   -0.07529452755507385                  0.005      3.727311826316476                    100
                 103200    0.03560051057046576                  0.005      4.078912446656342                    100
                 103400   -0.06442033072990389                  0.005      3.838539384306826                    100
                 103600    0.03575495456537869                  0.005      3.972499473231184                    100
                 103800  -0.003272659124436278                  0.005      4.205693066682606                    100
                 104000   -0.01629249293352572                  0.005      4.360587486948147                    100
                 104200    -0.1797016403732588                  0.005      3.596043680872528                    100
                 104400    -0.2792812956040897                  0.005      4.280268458867214                    100
                 104600    -0.2174674245201069                  0.005      3.873389743656561                    100
                 104800    -0.1643609599195502                  0.005      3.626729233135681                    100
                 105000   -0.05592910211264265                  0.005      3.707081967000777                    100
                 105200    0.03875110780617139                  0.005      3.763619538274863                    100
                 105400     0.0115887687117589                  0.005      3.986024262417956                    100
                 105600     0.1621640300000356                  0.005      3.625037491532263                    100
                 105800      0.145270663775994                  0.005      3.374558037340785                    100
                 106000     0.2066900495639652                  0.005      3.583663990725418                    100
                 106200     0.2130978673822065                  0.005      3.740477449910053                    100
                 106400     0.2305983565468136                  0.005      3.951090641944282                    100
                 106600      0.294136674625281                  0.005      4.735292669171292                    100
                 106800     0.2356928193806448                  0.005      3.679542339665356                    100
                 107000     0.3142203458201845                  0.005      4.977933749125344                    100
                 107200     0.2678314842361438                  0.005      4.143273506563785                    100
                 107400     0.2672716822804235                  0.005      4.033684644306486                    100
                 107600     0.2476130610867046                  0.005      3.704526003663471                    100
                 107800     0.3013609372116183                  0.005      4.556817793447771                    100
                 108000      0.283762986415507                  0.005      4.410579974933137                    100
                 108200      0.278105345858133                  0.005      4.237873518986518                    100
                 108400       0.28985931474407                  0.005      4.546698869373754                    100
                 108600     0.1710691986922973                  0.005      3.360795339316894                    100
                 108800     0.1013441592402051                  0.005      3.428784193061842                    100
                 109000    0.02311443381782063                  0.005      4.279856624927254                    100
                 109200    0.08887151206465355                  0.005      3.753067637649265                    100
                 109400     0.1081035062738671                  0.005      3.230605886657732                    100
                 109600    0.01787968301668021                  0.005      4.020122274505803                    100
                 109800    -0.0288826196579533                  0.005      3.892481555611824                    100
                 110000    -0.2006700921030865                  0.005      3.661035399175884                    100
                 110200    -0.1043853858069837                  0.005      3.576056138987727                    100
                 110400  0.0007289292852521306                  0.005      4.039207123849843                    100
                 110600    -0.1736175417500472                  0.005      3.589728874670444                    100
                 110800    -0.1002192699912405                  0.005      3.550930156278925                    100
                 111000   -0.02464385952723841                  0.005      3.972042550535124                    100
                 111200    -0.1767478952491724                  0.005      3.490349368626726                    100
                 111400    -0.1276025628760448                  0.005      3.549870095887124                    100
                 111600    -0.1422861882940292                  0.005      3.705675173820803                    100
                 111800    -0.1827766308789393                  0.005      3.462283859472829                    100
                 112000   0.003111494749356819                  0.005      3.900559739857256                    100
                 112200    0.02842858081300073                  0.005      4.160414404311103                    100
                 112400     0.1315720545765298                  0.005      4.053074450883595                    100
                 112600    0.06454681605315807                  0.005      4.154342421316151                    100
                 112800   -0.05432078278125664                  0.005      3.608002267867555                    100
                 113000   -0.02379605650975494                  0.005      3.929562366490652                    100
                 113200     0.1244779044025408                  0.005      3.841342325649604                    100
                 113400     0.1766121847178792                  0.005      3.518931385977592                    100
                 113600     0.1683087448341232                  0.005      3.276866480225914                    100
                 113800     0.2244203679196591                  0.005      3.855836800059169                    100
                 114000     0.1356773438871789                  0.005       3.80422520385775                    100
                 114200    -0.0403907271758762                  0.005      3.996383990396655                    100
                 114400    -0.1393192021484586                  0.005      3.612933348184229                    100
                 114600    0.01369875262507145                  0.005      3.830496699346445                    100
                 114800   -0.08467579931508611                  0.005      3.495126469436691                    100
                 115000    -0.1968791715615552                  0.005      3.751949575349944                    100
                 115200    -0.0747617268122626                  0.005      3.658247257832398                    100
                 115400   -0.04630154294925395                  0.005      3.728893493441645                    100
                 115600    0.06910440569886203                  0.005      3.830001700902743                    100
                 115800     0.1179352403959725                  0.005       3.38166260721679                    100
                 116000  0.0001130732550704006                  0.005      3.875702591041803                    100
                 116200    -0.1346018272832719                  0.005      3.454428078960482                    100
                 116400    -0.1613268592370354                  0.005      3.636785539634109                    100
                 116600    -0.0703338799769455                  0.005      3.796801082101734                    100
                 116800   -0.06999677080200953                  0.005      3.718148968671565                    100
                 117000   -0.02269030102970335                  0.005      3.908378789154733                    100
                 117200   -0.03915394436631604                  0.005      3.865881189376549                    100
                 117400    0.06392594006543453                  0.005      4.031478527318328                    100
                 117600    0.03579780833445295                  0.005      3.768141000089072                    100
                 117800     0.1103052058486922                  0.005      3.163441071941431                    100
                 118000   -0.05596117896993062                  0.005       3.53655754519356                    100
                 118200    0.02227394148824234                  0.005      4.014992932358055                    100
                 118400     0.1384206575095386                  0.005      3.601873485718415                    100
                 118600     0.1935459539999306                  0.005      3.806873696864018                    100
                 118800     0.2228156133239324                  0.005      3.767738948958921                    100
                 119000     0.1332517934081596                  0.005      3.758690654013022                    100
                 119200    0.01437221423545333                  0.005      3.725121149423412                    100
                 119400    0.07470340942094025                  0.005      3.669921911444611                    100
                 119600   -0.02020634439909759                  0.005      3.979276497558782                    100
                 119800    -0.1572814686580832                  0.005      3.641330493410142                    100
                 120000    0.02299481406777344                  0.005      3.918455649335227                    100
                 120200    0.03190721264151558                  0.005      3.852066520517253                    100
                 120400    -0.1267289678782826                  0.005      3.447283218225518                    100
                 120600    -0.1289074966046561                  0.005      3.363800356523043                    100
                 120800    -0.1694823229695656                  0.005      3.455337454824742                    100
                 121000    -0.2734021116774736                  0.005      4.253918041408422                    100
                 121200    -0.2013108418076557                  0.005      3.484812346503865                    100
                 121400    -0.2424877170942489                  0.005      3.696875276719792                    100
                 121600    -0.2731944528640154                  0.005      4.150022838977697                    100
                 121800    -0.2258362625651792                  0.005      3.805284729400047                    100
                 122000    -0.3222967148403389                  0.005      5.050505050505051                    100
                 122200    -0.2490423497996087                  0.005      3.633008356883153                    100
                 122400     -0.265629067290033                  0.005      4.059211727221677                    100
                 122600    -0.2590587389165734                  0.005       3.92446110000522                    100
                 122800     -0.229627682652997                  0.005      3.705511433940201                    100
                 123000    -0.2021655804744005                  0.005      3.366291269953995                    100
                 123200    -0.2830974436897775                  0.005      4.214200429075333                    100
                 123400    -0.2626415942320383                  0.005       3.86561214416612                    100
                 123600    -0.2318101272902648                  0.005      3.631247547206507                    100
                 123800    -0.1851335531390367                  0.005       3.42844089235951                    100
                 124000    -0.1863091942791352                  0.005      3.383346538060716                    100
                 124200  -0.003766316737880471                  0.005       3.92919180601131                    100
                 124400    -0.1667616644092781                  0.005      3.373283115045874                    100
                 124600    0.03558354675397145                  0.005      3.622495465418158                    100
                 124800     0.1115680158924138                  0.005      3.119586087476322                    100
                 125000    -0.1043442221079733                  0.005      3.446620656954378                    100
                 125200    -0.1450902158635594                  0.005      3.514317497735637                    100
                 125400    0.09974780907628618                  0.005      3.392515338066612                    100
                 125600   -0.00436916680104911                  0.005      3.860635628034858                    100
                 125800    -0.1101562576925055                  0.005      3.597459153363906                    100
                 126000   -0.09039500702614305                  0.005      3.723534397073164                    100
                 126200    -0.1248250968642623                  0.005      3.327770166344065                    100
                 126400     -0.117641801645076                  0.005      3.406523810448399                    100
                 126600    0.01501233054576895                  0.005      3.625381892580651                    100
                 126800   0.003381350620734261                  0.005      3.655887798114178                    100
                 127000  -0.007033508978575742                  0.005      3.875158738602431                    100
                 127200     0.0595422587917392                  0.005      4.050940999028054                    100
                 127400    -0.1070423773134063                  0.005      3.407396158761455                    100
                 127600   -0.08245378579770847                  0.005      3.317690650706024                    100
                 127800    0.07136528675859773                  0.005      3.606204694325671                    100
                 128000     0.1012062697432565                  0.005      3.251997831912665                    100
                 128200     0.1649227819587974                  0.005      3.361098408940796                    100
                 128400     0.1833288084697398                  0.005      3.862935951240166                    100
                 128600     0.2328529901649136                  0.005      3.695131416625739                    100
                 128800    0.07621014474162111                  0.005      3.524612902230344                    100
                 129000    0.05431957502977555                  0.005      3.591985435414963                    100
                 129200     0.1997305727787891                  0.005      3.536514860476265                    100
                 129400     0.3069910246133449                  0.005       4.61794703981112                    100
                 129600     0.1185810363584563                  0.005      3.298443699588331                    100
                 129800     0.1317705287156106                  0.005      3.733866601842649                    100
                 130000     0.2415237612228077                  0.005      3.463487044646481                    100
                 130200     0.2892239535033462                  0.005      4.404359991233321                    100
                 130400     0.2662369951219581                  0.005       3.92819274402084                    100
                 130600     0.2157416726773846                  0.005      3.716552143306263                    100
                 130800      0.212032116850373                  0.005        3.5319092478751                    100
                 131000     0.2687505551149871                  0.005      3.868134832928727                    100
                 131200     0.2188235589040032                  0.005      3.623744750568372                    100
                 131400     0.1636488974521876                  0.005      3.363768537179567                    100
                 131600     0.2047227189892125                  0.005      3.403347325463586                    100
                 131800     0.2043313927974183                  0.005      3.339183421526187                    100
                 132000     0.2082203746887853                  0.005       3.27459437394013                    100
                 132200      0.185144992480762                  0.005      3.876988991221243                    100
                 132400     0.1578682935115458                  0.005      3.481681699061508                    100
                 132600     0.1992090871970386                  0.005      3.372677402556597                    100
                 132800     0.1409025568445082                  0.005      3.374132636760912                    100
                 133000   -0.03532779939436657                  0.005      3.756507019507567                    100
                 133200    -0.0589930508763194                  0.005       3.51309932886392                    100
                 133400   -0.05333105049510707                  0.005      3.388041042847055                    100
                 133600    0.01793053081356541                  0.005      3.601640357809291                    100
                 133800    0.09651192505329352                  0.005      3.468258348614866                    100
                 134000   -0.03937001003446336                  0.005      3.714139237535493                    100
                 134200     0.0120236277488093                  0.005       3.51439028674616                    100
                 134400   -0.07901371594201968                  0.005      3.277612168260306                    100
                 134600     -0.164790792467539                  0.005      3.327402187467536                    100
                 134800   -0.05858070448361488                  0.005      3.393657912214494                    100
                 135000   -0.09740160693702075                  0.005      3.548909062684824                    100
                 135200   -0.08442918994812533                  0.005      3.262841023924616                    100
                 135400    -0.1706288739473084                  0.005      3.305097193169644                    100
                 135600    -0.1349090179304144                  0.005      3.318207281285207                    100
                 135800      -0.19214065648433                  0.005      3.522627618738351                    100
                 136000   -0.04629740719807533                  0.005      3.533569634711048                    100
                 136200     0.1323676982503805                  0.005      3.611428113066089                    100
                 136400     0.1603145481673291                  0.005      3.382974912375036                    100
                 136600      0.154150713344374                  0.005       3.32586760165458                    100
                 136800     0.2645442706854963                  0.005      3.805094777794399                    100
                 137000      0.286207761000657                  0.005      4.187119728053375                    100
                 137200     0.2246832656569767                  0.005      3.608625463527262                    100
                 137400     0.2419178654899404                  0.005      3.399252669709557                    100
                 137600      0.267425648471343                  0.005      3.681935687571396                    100
                 137800     0.3022121178713135                  0.005      4.363112740225657                    100
                 138000     0.2183515700551152                  0.005      3.496761059267028                    100
                 138200     0.2253544801349598                  0.005      3.516396561223145                    100
                 138400     0.2939306034169994                  0.005      4.319828077757208                    100
                 138600     0.2020392121593378                  0.005      3.226158485374856                    100
                 138800     0.1811693600071268                  0.005      3.572306109084119                    100
                 139000     0.2825191789600179                  0.005      4.015428008030571                    100
                 139200     0.1770043265655482                  0.005      3.336321643210908                    100
                 139400     0.2928075888932283                  0.005      4.188595718158139                    100
                 139600     0.1734350811131566                  0.005      3.160314078281903                    100
                 139800     0.2135257862411215                  0.005      3.338746617642978                    100
                 140000     0.3046914952557124                  0.005      4.297052682185986                    100
                 140200     0.1620911159769651                  0.005      3.240527693243224                    100
                 140400    0.08622633566315893                  0.005      3.576065064720713                    100
                 140600     0.0957328645329712                  0.005      3.434749549772503                    100
                 140800   -0.05170579928277763                  0.005      3.267988295043152                    100
                 141000    -0.2469785188132742                  0.005      3.509941156873719                    100
                 141200    -0.2901331896704309                  0.005      4.129726945457176                    100
                 141400    -0.3118924510703587                  0.005      5.031436115482972                    100
                 141600    -0.2501454827423391                  0.005      3.513000139326031                    100
                 141800    -0.2410234664370666                  0.005      3.555000356043677                    100
                 142000    -0.2795650138120948                  0.005      3.987325890862145                    100
                 142200    -0.2955890199304354                  0.005      4.176002892847309                    100
                 142400    -0.1921730998543167                  0.005      3.449909301858855                    100
                 142600    -0.2682961312230519                  0.005      3.926861269219044                    100
                 142800    -0.2848385858303243                  0.005      4.028295675935236                    100
                 143000    -0.2598891875796676                  0.005      3.727337698986323                    100
                 143200    -0.1756262563850781                  0.005      3.289656808161182                    100
                 143400   -0.05849404623622814                  0.005      3.293974312583394                    100
                 143600    0.01469338683584893                  0.005      3.415393724395986                    100
                 143800   -0.02106100364023779                  0.005      3.830362608686825                    100
                 144000    0.02788717667834353                  0.005      3.819631532018033                    100
                 144200    0.09379038499432804                  0.005      3.466251379199655                    100
                 144400    0.03130971843743946                  0.005      3.659769815640407                    100
                 144600    0.06433202635938552                  0.005      3.793808838522533                    100
                 144800    0.06936039679162885                  0.005      3.477782623770464                    100
                 145000     0.1339333292097889                  0.005      3.472074890798523                    100
                 145200     0.1735515523865319                  0.005      3.100029566109776                    100
                 145400    0.08085616799054464                  0.005      3.416158631899109                    100
                 145600    0.05173181102028014                  0.005      3.342972345036014                    100
                 145800   -0.04278999732374895                  0.005      3.559780864944556                    100
                 146000    -0.1481102695203626                  0.005      3.401771890798183                    100
                 146200    -0.1841664027386203                  0.005      3.226654844530155                    100
                 146400    -0.2077076390214637                  0.005       3.27672810155316                    100
                 146600    -0.2208138794263138                  0.005      3.697381893949917                    100
                 146800    -0.1607073940819148                  0.005      3.405848174929937                    100
                 147000    -0.1270435943240283                  0.005      3.222900150735367                    100
                 147200    -0.1544444161604744                  0.005      3.435027302599336                    100
                 147400    -0.1764892366135376                  0.005       3.20475106906847                    100
                 147600    -0.1387807605986973                  0.005      3.360214234377062                    100
                 147800    -0.1175024808773288                  0.005      3.324538277460829                    100
                 148000    -0.1418647854690506                  0.005      3.351737597967084                    100
                 148200   -0.08230831111673095                  0.005      3.141834255831051                    100
                 148400    0.07280416265430824                  0.005      3.371719653779705                    100
                 148600     0.1265048140288231                  0.005      3.654382752682102                    100
                 148800       0.13859411891456                  0.005       3.29689796033674                    100
                 149000    0.06116144028423075                  0.005      3.807535472008473                    100
                 149200     -0.107463740776841                  0.005      3.334522108511424                    100
                 149400   -0.06867361588293022                  0.005      3.607380782346577                    100
                 149600    0.07445065063379014                  0.005      3.304068824937239                    100
                 149800     0.1900678541504227                  0.005      3.779218422665839                    100
                 150000     0.1220594131800567                  0.005      3.392245403256234                    100
                 150200    -0.1055864279860107                  0.005      3.213769026137408                    100
                 150400    -0.2354030060293046                  0.005      3.570271423756366                    100
                 150600    -0.3116475772024537                  0.005      4.882442300598397                    100
                 150800    -0.2696918306675208                  0.005      3.854969298308581                    100
                 151000    -0.1811478167653397                  0.005      3.131013679506797                    100
                 151200    -0.2491907781395432                  0.005      3.378476651310551                    100
                 151400    -0.2725739228996958                  0.005      3.811049104123903                    100
                 151600    -0.2492959237451133                  0.005      3.313931923348121                    100
                 151800    -0.2481550137702732                  0.005      3.221744580835647                    100
                 152000    -0.2933525702493539                  0.005       3.93856071129647                    100
                 152200    -0.2467997123943004                  0.005      3.157799646924209                    100
                 152400     -0.211194467474674                  0.005      3.457748500800424                    100
                 152600   -0.08994228105809345                  0.005       3.50704931068697                    100
                 152800   -0.06328180265861842                  0.005      3.388281389448662                    100
                 153000    -0.2113402556390918                  0.005      3.397972016374172                    100
                 153200    -0.1846020351055264                  0.005      3.103745059464418                    100
                 153400    -0.2333362248042607                  0.005      3.474875874496949                    100
                 153600    -0.1868717129543649                  0.005      3.100626221488312                    100
                 153800    -0.2348131344439785                  0.005      3.413491645750621                    100
                 154000    -0.3083035713475942                  0.005      4.791231166123046                    100
                 154200    -0.2489148627121955                  0.005      3.119761453036249                    100
                 154400      -0.24224710178219                  0.005      3.222118767452891                    100
                 154600    -0.2375281353104924                  0.005      3.314645505396079                    100
                 154800    -0.2787593250563056                  0.005      3.767781024829058                    100
                 155000    -0.2944484221439138                  0.005       3.89365800262165                    100
                 155200    -0.2335483781064202                  0.005      3.274645327983387                    100
                 155400    0.01378417004421716                  0.005      3.346978628923525                    100
                 155600    -0.1095714080475375                  0.005      3.291203012485874                    100
                 155800    -0.1243819870782979                  0.005       3.15072691935389                    100
                 156000    0.07742260021362278                  0.005      3.256818103037028                    100
                 156200    -0.0812227256032825                  0.005      3.062964477381749                    100
                 156400    -0.1350893633266091                  0.005      3.157171780206949                    100
                 156600   -0.09986175805830812                  0.005      3.258609487432349                    100
                 156800    -0.1160629697551741                  0.005      3.248436412842804                    100
                 157000    -0.1027428882567914                  0.005       3.07135054849561                    100
                 157200   -0.01539319918700061                  0.005      4.007896902752578                    100
                 157400   -0.04447781665570553                  0.005      3.434503984112318                    100
                 157600     0.1405788990410514                  0.005      3.207518268003462                    100
                 157800     0.1567073981649606                  0.005      3.254979642588979                    100
                 158000     0.1347434332557489                  0.005      3.271821305866335                    100
                 158200     0.1418362156641836                  0.005      3.110252961833239                    100
                 158400   -0.06449367379944053                  0.005      3.368571063908152                    100
                 158600   -0.01418209484114015                  0.005      3.926550454459433                    100
                 158800    0.03172328300699499                  0.005      3.566595768827556                    100
                 159000    0.03474670382252065                  0.005      3.418439403795522                    100
                 159200    0.05078234979779096                  0.005      3.239936637553764                    100
                 159400     0.1257764525889025                  0.005      3.491098176464205                    100
                 159600    0.09250686807346067                  0.005      3.438550024268759                    100
                 159800      0.168822446853767                  0.005      2.975621025624257                    100
                 160000     0.1878870488088601                  0.005       3.72952658088231                    100
                 160200    0.01645549759019765                  0.005      3.309267849828099                    100
                 160400      -0.13913287905668                  0.005      3.201184463371599                    100
                 160600    -0.3126624433343108                  0.005      4.647226713140444                    100
                 160800    -0.2968188061454612                  0.005      3.997956679346482                    100
                 161000    -0.2137070155810865                  0.005      3.497379380663288                    100
                 161200    -0.1272663982931503                  0.005      3.070267461561444                    100
                 161400   -0.06473987295831579                  0.005      3.310723759491528                    100
                 161600   -0.08810686555772175                  0.005      3.285650375475162                    100
                 161800    -0.1625809656009466                  0.005      3.231674403804278                    100
                 162000    -0.2078494324272411                  0.005      3.081679803617315                    100
                 162200   -0.08419723193794902                  0.005      3.008362231551399                    100
                 162400    -0.2070029803557314                  0.005      3.009762113495906                    100
                 162600    -0.1353298364986359                  0.005      3.042612130815499                    100
                 162800    -0.1375551684042929                  0.005      3.041452091099346                    100
                 163000   -0.04814277022338219                  0.005      3.227562107270554                    100
                 163200     0.1481830093650089                  0.005      3.115420838118703                    100
                 163400     0.1919870044700424                  0.005       3.54937833162761                    100
                 163600     0.2272599813402107                  0.005      3.497637214430744                    100
                 163800     0.1443362851443501                  0.005      3.017726341786882                    100
                 164000     0.2238222480161898                  0.005      3.343260119032386                    100
                 164200     0.2677861497234311                  0.005       3.60718284445332                    100
                 164400     0.2537691134376759                  0.005      3.806163823226946                    100
                 164600     0.2265939906721035                  0.005      3.347019320504001                    100
                 164800    0.09618133856761446                  0.005      3.225405245791956                    100
                 165000   -0.02001755970988599                  0.005      3.701577894222736                    100
                 165200    0.05949922777950764                  0.005      3.708152366186326                    100
                 165400    0.07770510964752478                  0.005      3.195486873818114                    100
                 165600    0.03914978265725057                  0.005      3.395384201145774                    100
                 165800     0.1001519857846756                  0.005      3.051217186186024                    100
                 166000     0.1227470341847268                  0.005      3.301654731050223                    100
                 166200     0.0427900327726117                  0.005      3.381204987481797                    100
                 166400    -0.1083466448593809                  0.005      3.118226076407034                    100
                 166600    -0.1900334912505351                  0.005      3.181073575815654                    100
                 166800    -0.1402521544162228                  0.005      3.083515910285708                    100
                 167000    -0.1920382914334998                  0.005      3.233883483809991                    100
                 167200     -0.257834333714086                  0.005      3.579283280721201                    100
                 167400    -0.2799651072449222                  0.005      3.710695934748598                    100
                 167600    -0.2542278900842527                  0.005      3.353179256125199                    100
                 167800    -0.2179093664876746                  0.005      3.542498803559174                    100
                 168000    -0.1090089758587169                  0.005      3.087132685719347                    100
                 168200    -0.1155534440686745                  0.005      3.147511784751948                    100
                 168400     -0.171173033816494                  0.005      3.139064134689343                    100
                 168600    -0.2263082209678487                  0.005      3.454566671039811                    100
                 168800    -0.2815193797444361                  0.005      3.680094807580764                    100
                 169000    -0.2124184754309335                  0.005      3.229335217989931                    100
                 169200     -0.273963793180004                  0.005      3.611611932006225                    100
                 169400     -0.235594453868525                  0.005      3.191401620304275                    100
                 169600   -0.05440984336261187                  0.005      3.086135798238113                    100
                 169800   0.002739097823668116                  0.005      3.537482992307915                    100
                 170000    -0.1156114231832682                  0.005      3.087720288067485                    100
                 170200   -0.09008205049909025                  0.005      3.324864380941885                    100
                 170400     0.1093255178822913                  0.005       2.99101326254861                    100
                 170600     0.2430816146758874                  0.005       3.35240101836327                    100
                 170800     0.2026449836796929                  0.005      3.135863236765331                    100
                 171000    0.05935200691755474                  0.005      3.622725121736141                    100
                 171200    0.05251041467773088                  0.005      3.171574699963862                    100
                 171400     0.1024126496131799                  0.005      2.960663043785418                    100
                 171600     0.1974020010858923                  0.005      3.223077325772401                    100
                 171800     0.1517830801832969                  0.005      3.101486146275371                    100
                 172000   -0.03951265056181931                  0.005      3.477350205887295                    100
                 172200    0.05252781733248894                  0.005      3.112377265492814                    100
                 172400   -0.08747043842246527                  0.005      3.077712047017399                    100
                 172600   0.005146428391665195                  0.005      3.450752322546029                    100
                 172800    0.01838657309305662                  0.005      3.325069068607176                    100
                 173000    0.01790816778747634                  0.005      3.234702102113042                    100
                 173200    -0.1367821005779386                  0.005      2.922294654366034                    100
                 173400     -0.205127646872706                  0.005      2.954960665435356                    100
                 173600    -0.1537849470609639                  0.005       3.33062876020092                    100
                 173800    -0.0911964233038193                  0.005      3.281689687422183                    100
                 174000    0.06472181731398602                  0.005      3.438603695437246                    100
                 174200    0.01834333620272809                  0.005      3.194419030018902                    100
                 174400    0.01883562306178434                  0.005      3.161085154279499                    100
                 174600   -0.04215932738543697                  0.005      3.337424924945789                    100
                 174800   -0.05447424892227061                  0.005      3.026296946309259                    100
                 175000    -0.1025044722485419                  0.005      2.956999385526637                    100
                 175200   -0.09075650807194915                  0.005      3.186726857234777                    100
                 175400    0.08338969446750497                  0.005        3.2701673223413                    100
                 175600      0.160446863494178                  0.005      3.140908665937153                    100
                 175800     0.2598022892192251                  0.005      3.829267889006738                    100
                 176000     0.2728975090872922                  0.005      3.839026670534567                    100
                 176200     0.2678324692547676                  0.005      3.459153123477198                    100
                 176400     0.2477902304606504                  0.005      3.466871929234041                    100
                 176600     0.1796172214990903                  0.005      3.271772539789339                    100
                 176800     0.1119626961487697                  0.005      2.959257608281111                    100
                 177000   -0.03828838525300642                  0.005      3.386110764218013                    100
                 177200  -0.006381307212054321                  0.005      3.689184160593709                    100
                 177400    -0.0300083482363265                  0.005      3.509907225119554                    100
                 177600    -0.1597888594271394                  0.005      3.246968966988417                    100
                 177800    -0.1441533423568797                  0.005      3.125624099385723                    100
                 178000    -0.1176053565272848                  0.005      3.003517260961131                    100
                 178200    -0.1224930247262825                  0.005      2.952533778216194                    100
                 178400    -0.1959302927416968                  0.005      3.341608157016558                    100
                 178600    -0.1939568544941767                  0.005       3.21261516260436                    100
                 178800    -0.1761268172871338                  0.005      3.052848585152371                    100
                 179000    -0.1566165695915359                  0.005      3.244945571998993                    100
                 179200    -0.1793523294625546                  0.005       2.95683749122219                    100
                 179400     -0.261725437508199                  0.005      3.521133633065747                    100
                 179600    -0.2907544710666021                  0.005      3.687002898543743                    100
                 179800    -0.1259909475592261                  0.005      2.931097913912155                    100
                 180000  -0.007797239394154304                  0.005      3.658081945562831                    100
                 180200   -0.07093086603852912                  0.005      3.409775889805863                    100
                 180400     -0.111447063527025                  0.005       2.99569657216632                    100
                 180600   -0.03636634252350432                  0.005      3.355476171394259                    100
                 180800     0.1155713525255617                  0.005      2.984790614936925                    100
                 181000      0.114074318369173                  0.005        2.9013801189256                    100
                 181200      -0.14630628351041                  0.005      3.101050843784849                    100
                 181400    -0.2355822275604146                  0.005      3.130675979085421                    100
                 181600    -0.2691229442367951                  0.005      3.579753447079567                    100
                 181800    -0.2915491501346364                  0.005      3.594212655537728                    100
                 182000    -0.2823831044685424                  0.005      3.578142674668435                    100
                 182200    -0.2685625386203375                  0.005      3.497480975559225                    100
                 182400    -0.3309410432147089                  0.005      5.016434843713825                    100
                 182600    -0.2636677007213967                  0.005      3.394912596353124                    100
                 182800    -0.1951620992134931                  0.005      3.195815513462222                    100
                 183000   -0.08192102603415549                  0.005      2.858057229621682                    100
                 183200     0.1426708571094399                  0.005      2.959209346676672                    100
                 183400     0.3292087397747253                  0.005      5.049103113015217                    100
                 183600     0.2643124021960281                  0.005      3.460166475280955                    100
                 183800     0.2774215395860719                  0.005      3.907794771801996                    100
                 184000     0.2275486565812421                  0.005      3.314975667586352                    100
                 184200      0.173391270395833                  0.005      2.972249828880942                    100
                 184400      0.175487530617425                  0.005      2.992207687280846                    100
                 184600      0.250070935122215                  0.005      3.482083271018651                    100
                 184800     0.2935803172855314                  0.005      4.086342903134065                    100
                 185000     0.1797089952834494                  0.005      3.146968834088586                    100
                 185200     0.2246195504683984                  0.005      3.175882036598588                    100
                 185400     0.2763671260264149                  0.005      3.798905537926819                    100
                 185600     0.2574048374305538                  0.005      3.685856330497797                    100
                 185800     0.2969536515481576                  0.005      4.014255527705184                    100
                 186000     0.2772515779595833                  0.005      3.729855988650859                    100
                 186200     0.2746181169855538                  0.005      3.585163449273206                    100
                 186400     0.2897100158862393                  0.005      3.902572434548834                    100
                 186600      0.273445963563505                  0.005      3.463945768661298                    100
                 186800     0.2127970290269305                  0.005       3.22912488194127                    100
                 187000     0.2440589137411238                  0.005      3.229777915791753                    100
                 187200     0.2070343425586195                  0.005      3.032060045469664                    100
                 187400     0.2096502055395439                  0.005      3.028697213169816                    100
                 187600    0.09427131177760448                  0.005      3.195874687358724                    100
                 187800     0.1158816691389016                  0.005      2.890946315176784                    100
                 188000     0.1623532042440713                  0.005      3.041437541435231                    100
                 188200     0.1606375741833085                  0.005      3.024407451790403                    100
                 188400     0.0720321138173332                  0.005      3.141145998916364                    100
                 188600    0.05346306159028981                  0.005      3.095988669843913                    100
                 188800   0.003526081184967916                  0.005      3.372912611754229                    100
                 189000    0.01252841320290811                  0.005      3.085663566966971                    100
                 189200   -0.08712726836792095                  0.005      2.885061734966359                    100
                 189400    0.09254297561979187                  0.005      3.218639311280297                    100
                 189600     0.1125232484760146                  0.005      2.788559468433391                    100
                 189800    -0.0376812185169219                  0.005      3.253160323226689                    100
                 190000     0.0696177143751255                  0.005      3.131474650666006                    100
                 190200   -0.03590955569514176                  0.005      3.241455160690371                    100
                 190400    0.05664210711333713                  0.005      3.259207245088775                    100
                 190600     0.1167416755799449                  0.005      2.831729169472168                    100
                 190800       0.19199130607923                  0.005      3.423631483216551                    100
                 191000     0.0929948578695699                  0.005      3.137375864545171                    100
                 191200    -0.1554755493681915                  0.005      3.171890101443764                    100
                 191400    -0.1427706996434764                  0.005      2.982146260080087                    100
                 191600   -0.06587406139540838                  0.005      3.241750298616612                    100
                 191800     0.1240691346915958                  0.005      3.235534480721574                    100
                 192000     0.0903072495292922                  0.005      3.180017684430003                    100
                 192200     0.1802834342612469                  0.005       3.11957090250264                    100
                 192400     0.3208995176283453                  0.005      4.944541022277043                    100
                 192600     0.2678083598981147                  0.005      3.219185536803957                    100
                 192800     0.2137224288358951                  0.005      3.127288905641413                    100
                 193000    0.05440098556170093                  0.005      3.041322013021115                    100
                 193200    0.07003881239645857                  0.005      3.060335901564688                    100
                 193400   -0.04571809588561261                  0.005      3.098201703959442                    100
                 193600    -0.0475894196950479                  0.005      3.007581887905352                    100
                 193800   -0.02352683268930898                  0.005      3.474720422089872                    100
                 194000  -0.001253700163558982                  0.005      3.369421843175162                    100
                 194200    -0.1295758776098476                  0.005       2.87709764545113                    100
                 194400    -0.2105271332150063                  0.005      3.007790347232025                    100
                 194600    -0.2439967339872178                  0.005      3.007849456638534                    100
                 194800    -0.3255266305980159                  0.005      4.834869077122923                    100
                 195000    -0.3039283739945383                  0.005      4.588609237099823                    100
                 195200    -0.3068248545239655                  0.005      4.489852873598253                    100
                 195400    -0.2199765922052087                  0.005      3.419995105306181                    100
                 195600    -0.1632159920729762                  0.005      3.028056073559664                    100
                 195800      0.122396838269539                  0.005      3.060099713213418                    100
                 196000     0.1888282728556448                  0.005      3.461826570262385                    100
                 196200     0.3046692226443033                  0.005      4.146122231914638                    100
                 196400     0.1968377324719624                  0.005      3.115346313632287                    100
                 196600     0.1091609227181158                  0.005      2.744472566937706                    100
                 196800   -0.09163983275820108                  0.005      3.132758451093017                    100
                 197000    0.05978216990261827                  0.005        3.3258335283912                    100
                 197200     0.0136742305576615                  0.005      2.985399427483488                    100
                 197400    0.04566497817524334                  0.005      3.162443787730968                    100
                 197600   -0.03743851784416752                  0.005      3.114235903104251                    100
                 197800   -0.04517789986235386                  0.005       2.98303769820884                    100
                 198000    -0.1232840137126064                  0.005      2.838787932158592                    100
                 198200   -0.00165972259518217                  0.005      3.311709568249429                    100
                 198400    0.07812946823093511                  0.005      3.041425779274305                    100
                 198600     0.1818682678488123                  0.005      3.142054455096682                    100
                 198800     0.1710098408882898                  0.005      2.791895220804715                    100
                 199000     0.2013539409555596                  0.005      2.957846796506979                    100
                 199200    0.03891310216833986                  0.005      3.242812622929578                    100
                 199400   -0.03120951243380259                  0.005      3.277889348915723                    100
                 199600    -0.0155782700074123                  0.005      3.699004521201364                    100
                 199800    -0.1525297316059906                  0.005       3.06723921446686                    100
                 200000    -0.1922194495537856                  0.005      3.024087957763295                    100
                 200200    -0.1594394203151422                  0.005      3.032855405047817                    100
                 200400   -0.04721690438756403                  0.005      2.904323176275417                    100
                 200600    0.09029783337865924                  0.005      3.117203615669942                    100
                 200800    0.08460028462673688                  0.005      3.111784928938452                    100
                 201000     0.1372081519179917                  0.005       3.04471443591078                    100
                 201200     0.1321704222428392                  0.005       3.19945897561005                    100
                 201400   -0.02349689141215865                  0.005      3.361063907909611                    100
                 201600     0.1006157678473676                  0.005      2.839499530984254                    100
                 201800     0.2293246617888129                  0.005      3.278841622305903                    100
                 202000     0.2919624217084804                  0.005      3.826193105619826                    100
                 202200     0.2252524330807121                  0.005      3.073673464038407                    100
                 202400     0.2796764883321239                  0.005      3.580072368506098                    100
                 202600     0.3082191289796675                  0.005      4.291084819809567                    100
                 202800     0.2060804273620461                  0.005      2.868846389363985                    100
                 203000     0.2472188040629021                  0.005      3.252757317628042                    100
                 203200     0.2822765607213155                  0.005      3.582584872099535                    100
                 203400     0.2768444504593258                  0.005      3.390930636609866                    100
                 203600     0.2030291404332452                  0.005       2.84224330196633                    100
                 203800     0.3198055968798415                  0.005      4.781487563395733                    100
                 204000     0.2466981745167374                  0.005      3.173640181501869                    100
                 204200     0.1319364867355138                  0.005      3.148321863539243                    100
                 204400      0.141405298063493                  0.005      2.871393892195177                    100
                 204600     0.1436180212920435                  0.005      2.823081580287142                    100
                 204800     0.1468210809613817                  0.005      2.838289367892564                    100
                 205000   -0.01245413071584013                  0.005      3.620704781226809                    100
                 205200    -0.1723887203738632                  0.005      3.005587935533442                    100
                 205400    -0.1179857831077512                  0.005      2.843742919696931                    100
                 205600    -0.0658778496504788                  0.005       3.17929740664264                    100
                 205800    0.07020289951396036                  0.005      2.978047696721694                    100
                 206000     0.1366855609331421                  0.005      2.876389029572928                    100
                 206200     0.2287959461302124                  0.005      3.145108447312926                    100
                 206400      0.122209126106943                  0.005       2.97273730903836                    100
                 206600     0.2672469094568973                  0.005      3.147497953988817                    100
                 206800     0.2513288000700792                  0.005      3.311237732317754                    100
                 207000     0.3084838371662579                  0.005      4.193210665396356                    100
                 207200     0.2588642516204032                  0.005      3.538309370162756                    100
                 207400     0.1697256304557773                  0.005      2.749980787428299                    100
                 207600     0.1340286567432157                  0.005      2.932908728455906                    100
                 207800    0.08904175174071878                  0.005      3.046807137807584                    100
                 208000     0.1943339775103177                  0.005      3.110262550097624                    100
                 208200      0.292248867187167                  0.005      3.725584934093289                    100
                 208400     0.2693472013963113                  0.005      3.085845261400086                    100
                 208600     0.1651202801043804                  0.005       2.81687692976252                    100
                 208800   -0.02630711579478356                  0.005      3.234637492674165                    100
                 209000    -0.2149264579766685                  0.005      3.233259791953534                    100
                 209200    -0.2738315021599521                  0.005      3.417273284971996                    100
                 209400   -0.02687283320214252                  0.005      3.167776592711582                    100
                 209600  -0.000415377680221693                  0.005      3.215501745582495                    100
                 209800     0.1120845593949163                  0.005      2.654877541201213                    100
                 210000    -0.1250464132197952                  0.005      2.777987923883145                    100
                 210200 -0.0003206174429644382                  0.005      3.152661486945334                    100
                 210400     0.2046825122487483                  0.005      2.771947946970001                    100
                 210600     0.1996455703621876                  0.005      2.818556243624325                    100
                 210800     0.1918717154547832                  0.005      3.166449356860732                    100
                 211000  -0.009401504618116285                  0.005      3.460278354107953                    100
                 211200    -0.0929224912211406                  0.005      3.143550245299999                    100
                 211400   -0.07934336772444482                  0.005      2.895122042112201                    100
                 211600    -0.1456582325503055                  0.005      2.959533180031904                    100
                 211800    -0.2232097793612247                  0.005      3.351318137767702                    100
                 212000    -0.1282981584295539                  0.005      2.763068764698574                    100
                 212200   -0.07727456572047996                  0.005        2.9818489192437                    100
                 212400    -0.1189217786672106                  0.005      2.748371141561477                    100
                 212600    -0.2279530570429511                  0.005      3.225780552217423                    100
                 212800    -0.3264667059849075                  0.005      4.702286667079353                    100
                 213000    -0.2468845216844714                  0.005      2.909666391626201                    100
                 213200   -0.01572697687428794                  0.005      3.484590352616312                    100
                 213400    0.07631224688141311                  0.005      2.918203734204124                    100
                 213600     0.1723819616112341                  0.005      2.698163678035551                    100
                 213800     0.2409426738224892                  0.005      3.086243810110456                    100
                 214000     0.2985135637292751                  0.005      3.766495083884022                    100
                 214200     0.2520938759761386                  0.005      3.253920994743964                    100
                 214400     0.1648615607835117                  0.005      2.763907919070267                    100
                 214600   -0.03193836471871241                  0.005       3.11051558025214                    100
                 214800     0.1870878141273812                  0.005       3.28172954766964                    100
                 215000     0.3229153368296834                  0.005      4.698103170767487                    100
                 215200     0.2874552408239665                  0.005       3.59183594101913                    100
                 215400     0.3061671795470206                  0.005      3.916897595619251                    100
                 215600     0.2782941185219379                  0.005      3.314914349851508                    100
                 215800     0.2487588692903884                  0.005      3.059029865628861                    100
                 216000     0.2145313553827822                  0.005      3.064209805653677                    100
                 216200     0.2095363828578865                  0.005      2.787633120949326                    100
                 216400   -0.04586176208102295                  0.005      2.871209826484213                    100
                 216600    0.07351907088083126                  0.005      2.854627289983087                    100
                 216800   -0.07262429690037998                  0.005      3.190672720559988                    100
                 217000     0.0781076381814237                  0.005      2.859041031140295                    100
                 217200  -0.008892198691338962                  0.005      3.342877436436642                    100
                 217400    0.05758695350417128                  0.005      3.146011222813452                    100
                 217600   -0.06342378351563031                  0.005      3.035215002731789                    100
                 217800   0.001735481593020366                  0.005      3.078858979031745                    100
                 218000   -0.04071707472857373                  0.005      2.896148605818628                    100
                 218200   -0.03678304636910991                  0.005      2.926602708571707                    100
                 218400   0.007702438592745026                  0.005      3.123290369939675                    100
                 218600    0.04174193142442348                  0.005      3.194031496444247                    100
                 218800   -0.06406965681131428                  0.005      2.993194642808433                    100
                 219000     0.1422193989494507                  0.005      2.704668065431163                    100
                 219200      0.150924650267652                  0.005      2.915760455115227                    100
                 219400     0.1026183107113357                  0.005      2.777160948901583                    100
                 219600    0.06547301888893538                  0.005      3.093280205764842                    100
                 219800   -0.07545136800253448                  0.005      2.995147603678495                    100
                 220000    0.04309099052035051                  0.005       3.11944933762923                    100
                 220200    0.06477167721044126                  0.005      3.074517464387354                    100
                 220400    0.04346702025838908                  0.005      3.054172715438374                    100
                 220600     0.1983386718868921                  0.005      2.786232590367948                    100
                 220800     0.1601359840381447                  0.005      2.892123571524273                    100
                 221000     0.1128496756272906                  0.005      2.607331979263254                    100
                 221200    -0.0987665462228572                  0.005      3.045278134212314                    100
                 221400    -0.2034287274093222                  0.005      2.922224161188324                    100
                 221600      -0.15117196199493                  0.005      2.953344368958181                    100
                 221800    -0.1598079774280411                  0.005      2.957652494841728                    100
                 222000    -0.1697611861268463                  0.005      2.943264421384246                    100
                 222200    -0.1818007596930464                  0.005      2.868210264095328                    100
                 222400    -0.1513012133991531                  0.005      2.890796821408898                    100
                 222600    -0.1036746213627867                  0.005      2.815187242809736                    100
                 222800    0.05845050712389746                  0.005      3.088351165343928                    100
                 223000   -0.01648347376126501                  0.005       3.37958189256102                    100
                 223200    0.04539240204016505                  0.005         2.941799345405                    100
                 223400   -0.08361864458358058                  0.005      2.656501980919974                    100
                 223600     0.0187230450962705                  0.005      3.030308334658772                    100
                 223800    -0.0965999908686155                  0.005      3.054507118152154                    100
                 224000    -0.2290852759757486                  0.005      3.126456496754241                    100
                 224200    -0.2876928486489846                  0.005      3.576249462705098                    100
                 224400    -0.2579345352134773                  0.005       3.34204253464982                    100
                 224600     -0.268016742725966                  0.005      3.329209425797305                    100
                 224800    -0.3077500353281351                  0.005      4.362057371603094                    100
                 225000    -0.2747957798515033                  0.005      3.313066800255965                    100
                 225200    -0.3185469521758589                  0.005      4.620819748670383                    100
                 225400    -0.2851655897101203                  0.005      3.500192721659956                    100
                 225600     -0.327789749521636                  0.005      4.568470435662436                    100
                 225800    -0.2551831329861896                  0.005      3.215455442739336                    100
                 226000    -0.2821830852707479                  0.005      3.351836789772751                    100
                 226200    -0.2890887947462341                  0.005      3.392898106353947                    100
                 226400    -0.3025270332902699                  0.005       4.24261474583668                    100
                 226600    -0.2821303760081246                  0.005      3.258070088015134                    100
                 226800    -0.2532784116359116                  0.005      3.068467532225724                    100
                 227000    -0.2289749397954622                  0.005      3.071865959726854                    100
                 227200    -0.1621642759967815                  0.005      2.859276574956409                    100
                 227400    -0.2246524661022493                  0.005      3.155185794130761                    100
                 227600    -0.3107161520246947                  0.005       4.21176166509245                    100
                 227800    -0.2806791002094876                  0.005      3.166643486413819                    100
                 228000    -0.2722014339711236                  0.005       3.21504707007903                    100
                 228200    -0.2757844342442042                  0.005      3.096074947033727                    100
                 228400    -0.3112309344692982                  0.005      4.121261312499104                    100
                 228600    -0.2818799247961067                  0.005      3.094109739611962                    100
                 228800    -0.3087831526552723                  0.005      3.993693049662048                    100
                 229000    -0.3061183214548068                  0.005       3.96770100927976                    100
                 229200    -0.1026618960090265                  0.005      2.761754273915642                    100
                 229400    -0.1506238540527073                  0.005      2.833646611483885                    100
                 229600    -0.2944429849527576                  0.005      3.438072559172238                    100
                 229800    -0.2952153837833084                  0.005      3.424599462698235                    100
                 230000    -0.2848082770222671                  0.005      3.134013932890333                    100
                 230200    -0.2168555573044187                  0.005      3.187262118999772                    100
                 230400     -0.147042950040492                  0.005      2.806670357265563                    100
                 230600    -0.2214834580178089                  0.005      3.116898086357291                    100
                 230800     -0.215884390759409                  0.005      3.079300859141077                    100
                 231000  -0.007078913858259872                  0.005       3.19682760633419                    100
                 231200    -0.1109183046730213                  0.005      2.868700587280749                    100
                 231400    -0.2102399209938566                  0.005      2.812496416859119                    100
                 231600     -0.233245598168844                  0.005      2.937261223190391                    100
                 231800    -0.1922660231220661                  0.005       2.96147677043996                    100
                 232000    -0.2515805848429551                  0.005       2.92523426900678                    100
                 232200    -0.3484092212150767                  0.005      5.050458298380248                    100
                 232400    -0.1573251824990127                  0.005      2.842904679657179                    100
                 232600   -0.02761167609799693                  0.005      3.045759878622788                    100
                 232800    0.08259589385784777                  0.005      2.932562878079879                    100
                 233000     0.1199191316624668                  0.005      2.769642261007707                    100
                 233200     0.1036497373805525                  0.005      2.716099053414547                    100
                 233400    -0.1465275338376083                  0.005      2.761350837763034                    100
                 233600    -0.2560342771230349                  0.005      3.093572971567874                    100
                 233800    -0.1552797357008835                  0.005      2.769700499234673                    100
                 234000   -0.08079932704347952                  0.005      2.652338855599301                    100
                 234200      0.067942176525102                  0.005      2.848687207613301                    100
                 234400    0.03973527730737547                  0.005      3.012817194568251                    100
                 234600     0.0474245507013939                  0.005      2.798745326061116                    100
                 234800    0.02898681825993119                  0.005      3.471836294089907                    100
                 235000   -0.01758097097126546                  0.005      3.281648943676496                    100
                 235200     0.1268887411549687                  0.005      3.104497781612311                    100
                 235400      0.136232621430616                  0.005      2.765142819907759                    100
                 235600     0.1459467021769114                  0.005      2.686009783561821                    100
                 235800     0.1037886567309508                  0.005      2.670516058845784                    100
                 236000     0.1200428961517447                  0.005      2.710077150912096                    100
                 236200     0.1291815628134941                  0.005      3.016799476730363                    100
                 236400     0.1914741319056926                  0.005      3.067822486991005                    100
                 236600     0.2040101571309962                  0.005      2.639808586046706                    100
                 236800     0.2264587797533782                  0.005      2.989502080005167                    100
                 237000     0.2527927075061558                  0.005      3.182731618376673                    100
                 237200     0.2293552922811641                  0.005      3.063606306031799                    100
                 237400     0.2706158795230081                  0.005      3.048912921049908                    100
                 237600     0.1872674995825594                  0.005      3.171571319705484                    100
                 237800     0.1970597691101464                  0.005       2.73402325538898                    100
                 238000     0.1672368196569498                  0.005      2.626146054458241                    100
                 238200     0.1813695416839535                  0.005      2.958310010099336                    100
                 238400     0.2488382775165391                  0.005      2.963909507114986                    100
                 238600     0.3188433258867638                  0.005      4.523895611156014                    100
                 238800     0.2926205105176342                  0.005      3.558516074294941                    100
                 239000     0.3269892042263384                  0.005      4.660448403453544                    100
                 239200     0.2360034863036863                  0.005       3.18094010233427                    100
                 239400     0.2420376502971556                  0.005      2.920843899849063                    100
                 239600     0.3124627923521051                  0.005      4.271280641936585                    100
                 239800     0.2727479931818368                  0.005      3.070092437697959                    100
                 240000     0.3202788208594436                  0.005      4.331488150100585                    100
                 240200      0.191062605524693                  0.005      2.957090631237337                    100
                 240400      0.118987754930589                  0.005      2.616837163473885                    100
                 240600    0.04323483214446115                  0.005      2.878010238968947                    100
                 240800   -0.01087237663491855                  0.005      3.217817911561715                    100
                 241000  -0.002849922210700961                  0.005      2.997692616176137                    100
                 241200    -0.1463002858803567                  0.005      2.710224908449796                    100
                 241400   -0.06466249310062475                  0.005      2.948552052188245                    100
                 241600    0.03104744061896672                  0.005      3.307364831262249                    100
                 241800    -0.1671292218950645                  0.005      2.821589766072591                    100
                 242000    -0.2521591289074111                  0.005      2.863549836182887                    100
                 242200   -0.04310440777710443                  0.005      2.796610057590369                    100
                 242400    -0.1317529013536922                  0.005      2.737580580847298                    100
                 242600    -0.2181160123527092                  0.005      3.021487906823667                    100
                 242800   -0.05149045866226391                  0.005      2.800603781098255                    100
                 243000    0.03856783445250811                  0.005      2.909465835212393                    100
                 243200    0.07674884050593887                  0.005      2.744743076186359                    100
                 243400     0.1609324003856388                  0.005      2.797343441427754                    100
                 243600     0.1684812193110704                  0.005      2.553425689466938                    100
                 243800    0.07253702203422854                  0.005      2.682383498483422                    100
                 244000    0.06710277308944083                  0.005      2.803678557667315                    100
                 244200    -0.1182882356795087                  0.005      2.702000737892423                    100
                 244400   -0.09091200878163853                  0.005      2.899680541352337                    100
                 244600     -0.105589065430998                  0.005      2.694106755521042                    100
                 244800    -0.1100308043634109                  0.005      2.762921137199682                    100
                 245000    -0.2136395114905013                  0.005      2.887913352439717                    100
                 245200    -0.2022978390254884                  0.005      2.910008422514594                    100
                 245400    -0.1575042653963118                  0.005      2.738524095217415                    100
                 245600    -0.1903338141802718                  0.005      2.846903699332628                    100
                 245800    -0.2109641737404088                  0.005       2.72657918208816                    100
                 246000    0.01103014173733566                  0.005      2.966248653887523                    100
                 246200    -0.0038609517624629                  0.005      2.963052415225662                    100
                 246400    -0.1172887042764587                  0.005      2.665723439529933                    100
                 246600    -0.1695126319073987                  0.005      2.821358650509255                    100
                 246800    -0.1698269976619095                  0.005      2.780153663452205                    100
                 247000    0.04678302042411989                  0.005       2.72297950077773                    100
                 247200   -0.02587495410878377                  0.005      2.998552106930871                    100
                 247400   -0.04729022178113679                  0.005      2.714847927643062                    100
                 247600    0.08171256117528669                  0.005      2.819275091010863                    100
                 247800     0.1148409867957461                  0.005      2.502766676720894                    100
                 248000     0.1406392142521737                  0.005      2.606420324969498                    100
                 248200     0.2658860632037655                  0.005      2.998301180332113                    100
                 248400     0.3138654437749686                  0.005      4.183526650009127                    100
                 248600     0.2351296014741394                  0.005      3.115829659469484                    100
                 248800     0.2733613380099482                  0.005      3.018878385336181                    100
                 249000     0.2608763284481451                  0.005      3.293003404669565                    100
                 249200      0.277869714953191                  0.005      3.143519324794504                    100
                 249400     0.2135841842740939                  0.005      2.923368124538911                    100
                 249600    0.08086307723534139                  0.005      2.742140133920539                    100
                 249800     0.1491347466026186                  0.005      2.745713736623266                    100
                 250000     0.1051880075648743                  0.005      2.603562387069525                    100
                 250200 -0.0005675256782742277                  0.005      2.878121087386901                    100
                 250400    -0.1202545848064749                  0.005      2.586191616973427                    100
                 250600    -0.1925929723653612                  0.005        2.8693014066662                    100
                 250800    -0.1787594681291743                  0.005      2.809033930827747                    100
                 251000   -0.05720416718959001                  0.005      2.858899468936056                    100
                 251200    0.00607352964653235                  0.005      2.983898434198902                    100
                 251400    -0.1491557294430496                  0.005      2.624907570113594                    100
                 251600  -0.007631133941395085                  0.005      2.999586881773138                    100
                 251800    0.06255300679595657                  0.005      3.000930814512524                    100
                 252000    0.08937995369396805                  0.005      2.928116429020511                    100
                 252200    0.07721694687094691                  0.005      2.607357245326178                    100
                 252400     0.1041055395386067                  0.005      2.579595634464027                    100
                 252600     0.2055904333729597                  0.005      2.582770851725838                    100
                 252800     0.2077280865945543                  0.005      2.583721193763071                    100
                 253000     0.2538893727167519                  0.005      3.122267568160456                    100
                 253200     0.3227584666126551                  0.005       4.25183139805776                    100
                 253400      0.200971335569236                  0.005      2.547659742935275                    100
                 253600     0.1934439857610685                  0.005      2.777878881271365                    100
                 253800    0.03512299909949208                  0.005      2.984851515214546                    100
                 254000    -0.1429183233838133                  0.005      2.705978780165155                    100
                 254200    0.01530607987001563                  0.005      2.802104838430657                    100
                 254400     0.1396249246272901                  0.005      2.573190596676022                    100
                 254600     0.1685022628782779                  0.005      2.514437871101165                    100
                 254800   -0.06060945638084039                  0.005      2.822175096138036                    100
                 255000     -0.146552788985954                  0.005      2.588787641100591                    100
                 255200    -0.2395463525040336                  0.005      2.990008684382583                    100
                 255400     -0.290796489353245                  0.005      3.160490130758238                    100
                 255600    -0.1869576640278914                  0.005      2.730865948459973                    100
                 255800  -0.003343766857526131                  0.005      2.813797387800039                    100
                 256000    -0.1463580412593375                  0.005      2.552114066446008                    100
                 256200    -0.1218909724987714                  0.005      2.552267253820036                    100
                 256400    0.03511323138967336                  0.005      2.932255085021373                    100
                 256600  -0.007142993443289669                  0.005      2.890724595549287                    100
                 256800   -0.08650884989220135                  0.005      2.623327279370478                    100
                 257000    0.05367469576972866                  0.005      2.736955203388191                    100
                 257200    -0.1056137213074842                  0.005      2.618261525918054                    100
                 257400   -0.04440324702686375                  0.005      2.689701682118049                    100
                 257600    -0.1567909199569114                  0.005      2.661826767909555                    100
                 257800    0.01080152959851996                  0.005      2.852413502153483                    100
                 258000    0.05189372062452445                  0.005       2.62871008375231                    100
                 258200     0.1420602921238092                  0.005       2.50717856122812                    100
                 258400    0.03310652386438054                  0.005      2.999978664443121                    100
                 258600    -0.1531378627758746                  0.005      2.544645280869737                    100
                 258800    -0.2664049946898364                  0.005       3.17343316562045                    100
                 259000    -0.1780378383882279                  0.005      2.755001978148871                    100
                 259200    -0.1968503237386756                  0.005      2.978015583707541                    100
                 259400    -0.2882471235011827                  0.005      3.091562182416052                    100
                 259600    -0.2102160651095603                  0.005      2.654449017913311                    100
                 259800    -0.1853516675290193                  0.005      2.677210889778958                    100
                 260000    -0.3187634415090725                  0.005       4.38893945635727                    100
                 260200    -0.1887292347804885                  0.005      2.639375652563071                    100
                 260400    -0.2370899751914602                  0.005      2.921058004044113                    100
                 260600    -0.2435429244782673                  0.005      2.818778073064114                    100
                 260800     -0.233188031459287                  0.005      2.819395979699389                    100
                 261000    -0.1888132235195984                  0.005      2.598770321255831                    100
                 261200    -0.2150811238984907                  0.005      2.819258317471275                    100
                 261400    -0.2654378857918533                  0.005       3.11598627829421                    100
                 261600    -0.2878244113683669                  0.005      3.033317163223738                    100
                 261800    -0.2454327749802135                  0.005      2.713340168483186                    100
                 262000    -0.2120526370261903                  0.005      2.648546804232042                    100
      262199.9999999999    -0.2532152159504298                  0.005      2.837533120892354                    100
      262399.9999999999    -0.3222293484292176                  0.005      4.332088789309664                    100
      262599.9999999999     -0.300161803212945                  0.005      3.793305322424237                    100
      262799.9999999999    -0.2992273725863636                  0.005      3.625549499692147                    100
      262999.9999999999     -0.301645880606818                  0.005      3.728525817823059                    100
      263199.9999999999    -0.2606260797661553                  0.005      3.048699720102666                    100
      263399.9999999999    -0.2388427641607702                  0.005       2.81291012773477                    100
      263599.9999999999    -0.1912497971216447                  0.005      2.619608468186948                    100
      263799.9999999999     -0.052603419722073                  0.005      2.697849977000454                    100
      263999.9999999999   -0.04131206624362142                  0.005      2.692964089971619                    100
      264199.9999999999   -0.04078098008535501                  0.005      2.661517751981753                    100
      264399.9999999999   -0.02274683007507243                  0.005      3.026510782421735                    100
      264599.9999999999    0.06897348804488625                  0.005      2.638362425775955                    100
      264799.9999999999     0.1845673875477388                  0.005      3.006114454901379                    100
      264999.9999999999     0.2293075269117612                  0.005      2.951420641668429                    100
      265199.9999999999     0.2811912524119248                  0.005      3.231798447750992                    100
      265399.9999999999    0.06200883014849365                  0.005      2.929070741196806                    100
      265599.9999999999     0.2992797842548849                  0.005      3.622203792720605                    100
      265799.9999999999     0.2988450745884916                  0.005      3.536639868178518                    100
      265999.9999999999     0.2492686590373589                  0.005      2.862904666567503                    100
      266199.9999999999     0.3465968861632447                  0.005      5.050438275352316                    100
      266399.9999999999     0.3291706726425332                  0.005      4.563428357593635                    100
      266599.9999999999     0.2648066262678989                  0.005      2.948633803376643                    100
      266799.9999999999     0.2950258045412152                  0.005      3.417776790821788                    100
      266999.9999999999     0.3084065422824093                  0.005      3.806330352765273                    100
      267199.9999999999     0.3193332651970469                  0.005      4.049330122281622                    100
      267399.9999999999     0.2632573099575612                  0.005      3.004277946402673                    100
      267599.9999999999     0.2203776604622277                  0.005      2.965829049688961                    100
      267799.9999999999     0.2070583127855037                  0.005      2.507206290687841                    100
      267999.9999999999     0.2848785219999194                  0.005      3.330372628245244                    100
      268199.9999999999     0.2403335227850589                  0.005      2.873965128093262                    100
      268399.9999999999     0.1775775262498498                  0.005      2.724099498882758                    100
      268599.9999999999     0.1182746988440806                  0.005      2.522195084427493                    100
      268799.9999999999     0.1817043628000791                  0.005      2.829374880067293                    100
      268999.9999999999     0.1318045657167901                  0.005      2.838192036201976                    100
      269199.9999999999     0.1295040446732887                  0.005      2.889544854316308                    100
      269399.9999999999     0.1817567319851483                  0.005      2.783753751418866                    100
      269599.9999999999     0.1799619062018631                  0.005      2.674706561581043                    100
      269799.9999999999     0.1541180139560913                  0.005      2.852488492972185                    100
      269999.9999999999     0.1748080493951443                  0.005      2.534269562767435                    100
      270199.9999999999     0.1038870697164856                  0.005      2.542587882857883                    100
      270399.9999999999    0.09073865441614952                  0.005      2.868627154747186                    100
      270599.9999999999    0.09126295813136556                  0.005       2.81452485869138                    100
      270799.9999999999     0.1038657782809691                  0.005      2.501344289892198                    100
      270999.9999999999     0.2307080968885393                  0.005      2.941460971260216                    100
      271199.9999999999     0.3164931647056867                  0.005      3.966487199918347                    100
      271399.9999999999     0.2162112351243666                  0.005      2.918062751559383                    100
      271599.9999999999     0.2428457765933005                  0.005      2.765542333964834                    100
      271799.9999999999     0.2484593366855973                  0.005      2.759295282749586                    100
      271999.9999999999     0.2903138720979519                  0.005      3.337825793833882                    100
      272199.9999999999      0.283130605745903                  0.005      3.175968001169697                    100
      272399.9999999999     0.1747551707087253                  0.005      2.495022352320918                    100
      272599.9999999999     0.1010746518945965                  0.005      2.516302280442581                    100
      272799.9999999999     0.1650138495496403                  0.005      2.533365673592033                    100
      272999.9999999999     0.2264156849101776                  0.005      2.759645004379706                    100
      273199.9999999999     0.1260734427884667                  0.005      2.850836118105648                    100
      273399.9999999999     0.1017406205955586                  0.005      2.463672908141876                    100
      273599.9999999999    0.07570828907809703                  0.005      2.536397505194295                    100
      273799.9999999999    0.03027428528394205                  0.005      3.145810570023582                    100
      273999.9999999999   -0.01530190077584129                  0.005      3.133783590769299                    100
      274199.9999999999    -0.1422888556843945                  0.005      2.611395320432192                    100
      274399.9999999999   -0.02836417170003418                  0.005      2.899245691051004                    100
      274599.9999999999   -0.07167927041835648                  0.005      3.040420700605126                    100
      274799.9999999999    -0.1739077741610764                  0.005      2.730401696056299                    100
      274999.9999999999    -0.1257607374111388                  0.005      2.583385177028685                    100
      275199.9999999999   -0.05167164520798365                  0.005      2.626453897256788                    100
      275399.9999999999    -0.1006094412918457                  0.005      2.708091787628232                    100
      275599.9999999999   -0.04970546013889511                  0.005      2.550783229822556                    100
      275799.9999999999    -0.1764511541754418                  0.005      2.668544680453708                    100
      275999.9999999999    -0.2621666639112561                  0.005      3.004139248933574                    100
      276199.9999999999    -0.1333470989855018                  0.005      2.664114426541617                    100
      276399.9999999999   -0.01600509589482196                  0.005      3.077136764654964                    100
      276599.9999999999   -0.06106949965007225                  0.005      2.749912160252691                    100
      276799.9999999999    -0.1128813254258198                  0.005      2.674777271422752                    100
      276999.9999999999   -0.08228368019223119                  0.005      2.536251020421778                    100
      277199.9999999999    0.03289226957154445                  0.005      2.912046732934576                    100
      277399.9999999999    0.03320828336597414                  0.005      2.843181257631673                    100
      277599.9999999999   -0.08863217736532164                  0.005      2.662198470804886                    100
      277799.9999999999    -0.1863613439203291                  0.005      2.525800706607813                    100
      277999.9999999999     -0.204429265521871                  0.005      2.655585977875182                    100
      278199.9999999999     -0.167737898234504                  0.005      2.652339698843624                    100
      278399.9999999999    0.03942637997059217                  0.005      2.681918172121138                    100
      278599.9999999999    -0.1679329969125392                  0.005        2.6115049630278                    100
      278799.9999999999    -0.2190900101302413                  0.005      2.865228765775956                    100
      278999.9999999999    -0.1915349824511812                  0.005      2.565366600315636                    100
      279199.9999999999    -0.2259394896547453                  0.005      2.919140340799499                    100
      279399.9999999999    -0.2637793134040879                  0.005      2.960724398021718                    100
      279599.9999999999    -0.1630864286031605                  0.005      2.583039118230546                    100
      279799.9999999999  -0.002856396992624952                  0.005      2.720509809550331                    100
      279999.9999999999   0.005265425567977267                  0.005      2.854313589356632                    100
      280199.9999999999     0.1194812438434003                  0.005      2.503803224438897                    100
      280399.9999999999     0.1259673603487927                  0.005      2.781456429888469                    100
      280599.9999999999     0.1442962224890457                  0.005      2.482391400263197                    100
      280799.9999999999     0.1512167069508669                  0.005      2.716327676838444                    100
      280999.9999999999      0.246928148076288                  0.005      2.685160497240514                    100
      281199.9999999999     0.2795945785699036                  0.005      3.011284742335002                    100
      281399.9999999999     0.2340087803473132                  0.005      2.939888371426489                    100
      281599.9999999999     0.1586985053645668                  0.005      2.739370369952048                    100
      281799.9999999999     0.1724896405806979                  0.005       2.41135409150628                    100
      281999.9999999999    -0.1134101404344968                  0.005      2.624665106998382                    100
      282199.9999999999    -0.1633897550459174                  0.005      2.540572580311539                    100
      282399.9999999999    -0.3087578549870081                  0.005      3.736863589487719                    100
      282599.9999999999    -0.2892867927401719                  0.005      2.966906840010942                    100
      282799.9999999999    -0.2847453520227117                  0.005      2.920694483179699                    100
      282999.9999999999    -0.3367502526692752                  0.005      4.905423283139451                    100
      283199.9999999999    -0.3283941789372933                  0.005      4.360884558206488                    100
      283399.9999999999    -0.2888556296700616                  0.005      2.878977555141176                    100
      283599.9999999999    -0.1262720590657356                  0.005      2.537454809355157                    100
      283799.9999999999   -0.06027519973055091                  0.005      2.697796817735978                    100
      283999.9999999999    -0.1875824419807788                  0.005      2.452499151594246                    100
      284199.9999999999    -0.2389090926896629                  0.005      2.764101150174873                    100
      284399.9999999999   -0.07894898007804248                  0.005      2.616267568548512                    100
      284599.9999999999   -0.03217365676206528                  0.005      2.868441233807117                    100
      284799.9999999999    -0.1192335642436069                  0.005      2.449641483181593                    100
      284999.9999999999   -0.03959327212489842                  0.005       2.62476129906997                    100
      285199.9999999999    -0.1028719770733069                  0.005      2.558991157382975                    100
      285399.9999999999    0.04700145891494985                  0.005      2.608030347339222                    100
      285599.9999999999    0.01514931865028109                  0.005      2.714757890389528                    100
      285799.9999999999     0.1216758412159227                  0.005      2.536271103072544                    100
      285999.9999999999     0.2169698116748785                  0.005      2.877309863154325                    100
      286199.9999999999     0.2361242557726086                  0.005       2.86569472049019                    100
      286399.9999999999     0.2218669751897153                  0.005      2.765730806835028                    100
      286599.9999999999     0.2101840034752144                  0.005      2.552437015473055                    100
      286799.9999999999       0.24467411021865                  0.005      2.622160303921043                    100
      286999.9999999999     0.1479898260103687                  0.005      2.535470074558837                    100
      287199.9999999999     0.1646378222041405                  0.005      2.478293338372415                    100
      287399.9999999999     0.1244704706065844                  0.005      2.641221116161419                    100
      287599.9999999999    0.09205131305060421                  0.005      2.741118287339234                    100
      287799.9999999999   -0.05050298606697538                  0.005      2.509816346777634                    100
      287999.9999999999    -0.1532233797984671                  0.005      2.493169260278888                    100
      288199.9999999999   -0.02792907329771389                  0.005       2.80636128462218                    100
      288399.9999999999   -0.07710481804845162                  0.005      2.691237627237464                    100
      288599.9999999999      -0.21635207757275                  0.005      2.732479067608246                    100
      288799.9999999999    -0.2499111781180434                  0.005      2.629507478763597                    100
      288999.9999999999    -0.2700705135451247                  0.005      3.006399738357747                    100
      289199.9999999999    -0.2894465622544095                  0.005      2.832550936349399                    100
      289399.9999999999     -0.333934535082889                  0.005      4.578593390254174                    100
      289599.9999999999    -0.2925426334364331                  0.005      2.864163017810741                    100
      289799.9999999999     -0.216577980849006                  0.005      2.694175327789755                    100
      289999.9999999999    -0.2077972706843463                  0.005      2.477711744304717                    100
      290199.9999999999    -0.1918712914475091                  0.005      2.515844215020659                    100
      290399.9999999999    -0.2341380659190015                  0.005      2.699280986753992                    100
      290599.9999999999    -0.2260030207371743                  0.005      2.838771992445364                    100
      290799.9999999999    -0.3034464093646073                  0.005      3.653412629846124                    100
      290999.9999999999    -0.2188718933862161                  0.005      2.692289225341881                    100
      291199.9999999999   -0.03874107604607448                  0.005      2.601655081691585                    100
      291399.9999999999    0.09828044965707471                  0.005       2.51543281413315                    100
      291599.9999999999     0.1308223503123868                  0.005      2.700784838216887                    100
      291799.9999999999     0.0963927411497891                  0.005      2.544286913312997                    100
      291999.9999999999     0.1441647796545331                  0.005      2.399501552525707                    100
      292199.9999999999     0.2095255155848555                  0.005       2.48820478660788                    100
      292399.9999999999     0.1367010146543342                  0.005      2.491163725744105                    100
      292599.9999999999     0.1500720410982738                  0.005      2.560973951206638                    100
      292799.9999999999     0.1798241220873601                  0.005      2.567338382352628                    100
      292999.9999999999     0.2008918626606573                  0.005      2.463748725029561                    100
      293199.9999999999     0.1860465813670681                  0.005       2.84166395532589                    100
      293399.9999999999     0.1899443725367605                  0.005      2.804838880570018                    100
      293599.9999999999     0.2976044389103048                  0.005      3.347811161576745                    100
      293799.9999999999      0.241622007496272                  0.005      2.623681260830197                    100
      293999.9999999999     0.1216083529630936                  0.005      2.453776448894456                    100
      294199.9999999999     0.1550914039288563                  0.005      2.683870256788691                    100
      294399.9999999999     0.2523768625209301                  0.005      2.842483268987812                    100
      294599.9999999999     0.2944753027377461                  0.005       3.22796956399083                    100
      294799.9999999999     0.2894850924176705                  0.005      3.182268862717662                    100
      294999.9999999999     0.3128913914558085                  0.005       3.85510834867906                    100
      295199.9999999999     0.3294893089912823                  0.005      4.445836509918045                    100
      295399.9999999999     0.2206773555569402                  0.005      2.747070155728789                    100
      295599.9999999999    0.01149198702259265                  0.005      2.722914845810076                    100
      295799.9999999999    0.08339750098875193                  0.005      2.692411163093486                    100
      295999.9999999999    0.08535605928789401                  0.005      2.690366995782795                    100
      296199.9999999999   -0.09266460440833303                  0.005      2.849417726511005                    100
      296399.9999999999    0.09866149082491728                  0.005      2.430007206408995                    100
      296599.9999999999    0.07081860916847657                  0.005      2.515359822225288                    100
      296799.9999999999    -0.1933476805851522                  0.005      2.567073458522569                    100
      296999.9999999999   -0.08050464473789729                  0.005       2.46550253089575                    100
      297199.9999999999   -0.09228781363774598                  0.005      2.782098855203907                    100
      297399.9999999999    0.05163125932784339                  0.005      2.548190381409315                    100
      297599.9999999999  -0.009155563177762421                  0.005      2.861881248203573                    100
      297799.9999999999      -0.15443656639701                  0.005      2.479490073898399                    100
      297999.9999999999    -0.1850894283273837                  0.005      2.431591440016639                    100
      298199.9999999999    -0.2133421145083434                  0.005      2.513321438309293                    100
      298399.9999999999    -0.2605603513409617                  0.005      2.886426285584144                    100
      298599.9999999999    -0.2300255942511694                  0.005      2.694688985708313                    100
      298799.9999999999    -0.1648382115884437                  0.005      2.488700378238249                    100
      298999.9999999999    0.03258184874043377                  0.005      2.813546647352614                    100
      299199.9999999999   -0.03298742908361636                  0.005      2.742613536485231                    100
      299399.9999999999    -0.1043154662313091                  0.005      2.487358061236392                    100
      299599.9999999999    -0.1303384666113271                  0.005      2.569579149807367                    100
      299799.9999999999    -0.1065288288363135                  0.005      2.467639427726507                    100
      299999.9999999999   -0.07228247830525021                  0.005       2.90416005649029                    100
      300199.9999999999    -0.1300894112371758                  0.005      2.526094584566671                    100
      300399.9999999999    -0.1623311768990248                  0.005      2.462358871700919                    100
      300599.9999999999    0.06272087302925443                  0.005      2.838531621738291                    100
      300799.9999999999    -0.1151002576272984                  0.005      2.503410871705213                    100
      300999.9999999999   -0.04597479758174071                  0.005      2.453445572642816                    100
      301199.9999999999     -0.011894365867198                  0.005      2.911986054374706                    100
      301399.9999999999    0.01303193657476634                  0.005      2.638262627912824                    100
      301599.9999999999    0.05669081395867021                  0.005      2.738419886514147                    100
      301799.9999999999   -0.04219927340576239                  0.005      2.454999721554384                    100
      301999.9999999999    -0.1361370720113558                  0.005      2.582120016932272                    100
      302199.9999999999     0.1048770007551299                  0.005      2.353703434194342                    100
      302399.9999999999    0.04278098563958009                  0.005       2.62283665561338                    100
      302599.9999999999     0.1542903700785068                  0.005       2.62863420611947                    100
      302799.9999999999     0.1777537839628165                  0.005      2.446653902302264                    100
      302999.9999999999     0.1660905340361511                  0.005      2.383722131002454                    100
      303199.9999999999     0.0404567762139309                  0.005      2.578969624551215                    100
      303399.9999999999   -0.09904852186952499                  0.005      2.643970196961079                    100
      303599.9999999999    -0.2005502799149487                  0.005      2.785295099054999                    100
      303799.9999999999    -0.2039877633284408                  0.005       2.55664021228222                    100
      303999.9999999999    -0.2616868561195407                  0.005      2.836260585972146                    100
      304199.9999999999    -0.2168957596444107                  0.005      2.570966594724622                    100
      304399.9999999999    -0.2286310885208799                  0.005      2.684742747828985                    100
      304599.9999999999    -0.2626254742344384                  0.005      2.790464359282768                    100
      304799.9999999999    -0.3487843466686066                  0.005      4.890747572961974                    100
      304999.9999999999    -0.2120009902779312                  0.005      2.403941678076868                    100
      305199.9999999999    -0.2294196766409527                  0.005      2.622666998634688                    100
      305399.9999999999    -0.2966014936423046                  0.005      3.115574559965499                    100
      305599.9999999999    -0.3089496788684581                  0.005      3.610201418301761                    100
      305799.9999999999    -0.2960610594415291                  0.005      3.005135932329839                    100
      305999.9999999999    -0.3190668700086399                  0.005      4.150436051792284                    100
      306199.9999999999    -0.3010521287851972                  0.005      3.391043720299989                    100
      306399.9999999999    -0.2157462431469652                  0.005      2.472213326054393                    100
      306599.9999999999    -0.1374638800615384                  0.005      2.555809376699635                    100
      306799.9999999999   -0.09902463186074362                  0.005      2.603691737126878                    100
      306999.9999999999    -0.1814614456655558                  0.005       2.50497882487063                    100
      307199.9999999999   -0.06959980325718194                  0.005      2.883021835374889                    100
      307399.9999999999      0.100820897292053                  0.005      2.327748898346485                    100
      307599.9999999999    -0.1087975061038473                  0.005      2.460210243078587                    100
      307799.9999999999    -0.1274645134229415                  0.005      2.432195119089803                    100
      307999.9999999999    0.03512489185011113                  0.005      2.604337718768613                    100
      308199.9999999999   -0.05967296100938407                  0.005      2.634158344417027                    100
      308399.9999999999   -0.00625102695744853                  0.005      2.684202040148501                    100
      308599.9999999999   -0.02576649310542752                  0.005       2.76006452299839                    100
      308799.9999999999    0.06927667270583096                  0.005      2.497177030995733                    100
      308999.9999999999    0.02868897028237218                  0.005      3.045569566350606                    100
      309199.9999999999   -0.01273480346132416                  0.005      2.865439182445491                    100
      309399.9999999999    0.04566170886543534                  0.005      2.512394752305155                    100
      309599.9999999999  -0.001489936069194897                  0.005      2.605053803283503                    100
      309799.9999999999    0.04894089208608964                  0.005      2.428249621254209                    100
      309999.9999999999     0.0289466711274825                  0.005      2.968951077951742                    100
      310199.9999999999 -0.0003096517455170589                  0.005      2.585150628820034                    100
      310399.9999999999     0.1969103126847416                  0.005      2.535274324787489                    100
      310599.9999999999     0.2896929674091263                  0.005      3.120994123351826                    100
      310799.9999999999     0.2247965065471536                  0.005      2.622891638940593                    100
      310999.9999999999     0.2245891787014315                  0.005      2.582893024586246                    100
      311199.9999999999     0.2592528451192696                  0.005       3.14427575143065                    100
      311399.9999999999     0.2740286019661282                  0.005       2.86844216544766                    100
      311599.9999999999     0.2568792320178295                  0.005      3.049562208824848                    100
      311799.9999999999     0.2421890377792007                  0.005      2.563923948036436                    100
      311999.9999999999     0.2605490003948134                  0.005      3.009044273246679                    100
      312199.9999999999     0.2834353913856428                  0.005      3.015060963299032                    100
      312399.9999999999     0.3111883898068381                  0.005      3.723239538496624                    100
      312599.9999999999     0.2203615050232756                  0.005       2.65180085531857                    100
      312799.9999999999     0.3332160105560146                  0.005      4.635630497021897                    100
      312999.9999999999      0.273065324626265                  0.005      2.789228459163665                    100
      313199.9999999999     0.2739244341549268                  0.005      2.761495078298671                    100
      313399.9999999999     0.3293044935908666                  0.005      4.226517793587818                    100
      313599.9999999999     0.3164042214046563                  0.005      3.748399665548035                    100
      313799.9999999999     0.3138183963923909                  0.005      3.636010513589644                    100
      313999.9999999999      0.305139087052597                  0.005       3.43982624533658                    100
      314199.9999999999     0.2942692887494474                  0.005      3.076667090125213                    100
      314399.9999999999     0.2410170366302462                  0.005      2.556628928985944                    100
      314599.9999999999     0.2426478379509085                  0.005      2.479001712845992                    100
      314799.9999999999     0.3246769663212953                  0.005      3.885862985784734                    100
      314999.9999999999     0.2452190226666361                  0.005      2.439306232344885                    100
      315199.9999999999     0.1137712414012746                  0.005      2.355145297576313                    100
      315399.9999999999     0.1226213233262855                  0.005      2.453156948982922                    100
      315599.9999999999     0.2353599190766162                  0.005      2.733779186728246                    100
      315799.9999999999     0.1784109793382896                  0.005      2.424771853066893                    100
      315999.9999999999    0.03984461849649978                  0.005      2.477478871650135                    100
      316199.9999999999    0.09511523567755073                  0.005      2.490341203105895                    100
      316399.9999999999     0.1481684818858561                  0.005      2.406977892210386                    100
      316599.9999999999     0.2338479363370253                  0.005      2.723438959332777                    100
      316799.9999999999     0.2727257542586675                  0.005      2.691156494775791                    100
      316999.9999999999      0.309522657610335                  0.005      3.454441569830505                    100
      317199.9999999999     0.2817160859078018                  0.005      2.881853826953208                    100
      317399.9999999999     0.2692965636965536                  0.005      2.599674098299156                    100
      317599.9999999999     0.3536694133604256                  0.005      4.994598286247345                    100
      317799.9999999999     0.1641158224928393                  0.005      2.413988402741368                    100
      317999.9999999999     0.1404100795137549                  0.005       2.35020199085416                    100
      318199.9999999999   -0.01471603355832121                  0.005      2.873654859616468                    100
      318399.9999999999    -0.0225680086539336                  0.005      2.802985789459156                    100
      318599.9999999999   -0.07731302309569529                  0.005      2.561402162191729                    100
      318799.9999999999    -0.1185728939854317                  0.005      2.375928548465166                    100
      318999.9999999999    -0.0828533961588736                  0.005      2.351810698445671                    100
      319199.9999999999    -0.1696985720861431                  0.005      2.510702341465557                    100
      319399.9999999999    -0.1499071366390924                  0.005      2.386719359364826                    100
      319599.9999999999     -0.096926704318493                  0.005      2.673936370055986                    100
      319799.9999999999    -0.0561829907050695                  0.005      2.563837388212334                    100
      319999.9999999999     -0.145546225535666                  0.005      2.420751515183324                    100
      320199.9999999999    -0.2154136725287886                  0.005       2.42646341849647                    100
      320399.9999999999    -0.2388289382961104                  0.005      2.663515647961239                    100
      320599.9999999999     -0.304581075684333                  0.005      3.441117175493143                    100
      320799.9999999999    -0.3254986438217489                  0.005       4.09336309727082                    100
      320999.9999999999    -0.3268869021317327                  0.005      4.024340863612898                    100
      321199.9999999999    -0.2425227420252761                  0.005      2.620248684354167                    100
      321399.9999999999    -0.3294657187392346                  0.005      4.048669043117658                    100
      321599.9999999999    -0.2531341677584664                  0.005      2.678921523844102                    100
      321799.9999999999    -0.2331971835965919                  0.005      2.523152807836224                    100
      321999.9999999999    0.03170980077011706                  0.005      2.685054173644261                    100
      322199.9999999999     0.1184244067311817                  0.005      2.297059337253121                    100
      322399.9999999999     0.1726022938052096                  0.005      2.295149192274995                    100
      322599.9999999999     0.1838507566570122                  0.005      2.633094504471274                    100
      322799.9999999999     0.1452914404374115                  0.005      2.289696845877941                    100
      322999.9999999999     0.1780649799872812                  0.005      2.343487597987928                    100
      323199.9999999999    0.04039588275455923                  0.005      2.435104781989459                    100
      323399.9999999999    -0.1273191010327554                  0.005       2.38802921388154                    100
      323599.9999999999    -0.1498962781512024                  0.005      2.329399190419507                    100
      323799.9999999999   -0.02699506693277456                  0.005      2.660172108829102                    100
      323999.9999999999    0.08544412585118488                  0.005      2.640452190522697                    100
      324199.9999999999    0.02970832051138357                  0.005      2.801809112968381                    100
      324399.9999999999     0.2488102466964396                  0.005      2.504251358559454                    100
      324599.9999999999     0.2997207641628749                  0.005       3.19885124810868                    100
      324799.9999999999     0.1566089554670113                  0.005      2.581548359428935                    100
      324999.9999999999   -0.07549279304403968                  0.005      2.617498409271755                    100
      325199.9999999999    -0.1142965376154416                  0.005      2.437630007027268                    100
      325399.9999999999    -0.1922241353424815                  0.005      2.430925174383834                    100
      325599.9999999999    -0.1666827665454274                  0.005      2.411084595811631                    100
      325799.9999999999   -0.03985751260355004                  0.005       2.46286266528663                    100
      325999.9999999999    -0.1113082903024132                  0.005      2.432214340185256                    100
      326199.9999999999    -0.1062769212585545                  0.005      2.323571391681974                    100
      326399.9999999999  -0.003925718811063378                  0.005      2.523823235954902                    100
      326599.9999999999   -0.09287953930854728                  0.005      2.679392976018595                    100
      326799.9999999999    -0.2772292793604495                  0.005      2.901448070724895                    100
      326999.9999999999    -0.2532582157670518                  0.005      2.640637612736736                    100
      327199.9999999999    -0.3459090035792306                  0.005      4.760923876834352                    100
      327399.9999999999    -0.2759234254339589                  0.005      2.878393592976365                    100
      327599.9999999999    -0.3350861966202889                  0.005      4.405387549384922                    100
      327799.9999999999    -0.3312597868875147                  0.005      3.999284306271583                    100
      327999.9999999999    -0.3094153629502597                  0.005       3.46920839982722                    100
      328199.9999999999    -0.2377023095214553                  0.005      2.551240217688981                    100
      328399.9999999999   -0.07088257690011754                  0.005      2.781148284579649                    100
      328599.9999999999   -0.02722782649006676                  0.005      2.615695562212427                    100
      328799.9999999999    0.05836964329336843                  0.005      2.754151041966186                    100
      328999.9999999999   -0.05510864765662132                  0.005      2.505215906794977                    100
      329199.9999999999     0.1267482438815463                  0.005      2.594319936899823                    100
      329399.9999999999      0.109990031938321                  0.005      2.323131368415515                    100
      329599.9999999999     0.1465879056966303                  0.005      2.280083460438858                    100
      329799.9999999999   0.009384735331678717                  0.005      2.703189212732527                    100
      329999.9999999999   0.007423065954879043                  0.005      2.696401652437283                    100
      330199.9999999999    -0.1127247629783104                  0.005      2.379209423271938                    100
      330399.9999999999    -0.2769790686055687                  0.005      2.808507837897595                    100
      330599.9999999999    -0.2224506412831069                  0.005      2.619257604876766                    100
      330799.9999999999    -0.3091771305233183                  0.005      3.387478272342393                    100
      330999.9999999999    -0.3219896520451969                  0.005      3.877459890327938                    100
      331199.9999999999     -0.215770259273429                  0.005      2.385786315161389                    100
      331399.9999999999    0.04697604159063767                  0.005      2.388943003287887                    100
      331599.9999999999     0.2342077248223342                  0.005      2.673989556034315                    100
      331799.9999999999     0.1735157586152576                  0.005      2.250595489649627                    100
      331999.9999999999   -0.04517052179281422                  0.005      2.364333641027089                    100
      332199.9999999999    -0.1095442347009425                  0.005        2.3253952057895                    100
      332399.9999999999    -0.1981929625546731                  0.005      2.719803104550229                    100
      332599.9999999999    -0.1240168490128239                  0.005      2.310601234400594                    100
      332799.9999999999   -0.07390327737390028                  0.005      2.632946181273305                    100
      332999.9999999999   -0.04917763670938939                  0.005       2.34522327209299                    100
      333199.9999999999   -0.04195118674743664                  0.005      2.348371745743228                    100
      333399.9999999999    0.07296324432944262                  0.005      2.418141797498676                    100
      333599.9999999999    0.09827440267641732                  0.005      2.330058044523347                    100
      333799.9999999999    -0.1273165757942554                  0.005      2.326169542709966                    100
      333999.9999999999   0.005474360122393926                  0.005      2.646497973381725                    100
      334199.9999999999     0.2202126757837762                  0.005      2.612428220586834                    100
      334399.9999999999     0.2136684085048624                  0.005      2.588605708520673                    100
      334599.9999999999      0.161274297788284                  0.005      2.456963844708818                    100
      334799.9999999999      0.132190933340996                  0.005      2.551853901028733                    100
      334999.9999999999    0.06037108143745679                  0.005      2.748503222616287                    100
      335199.9999999999  -0.001289396384656805                  0.005      2.465580815664913                    100
      335399.9999999999     -0.030589857891256                  0.005      2.600463378021924                    100
      335599.9999999999    -0.1884021895407815                  0.005      2.291302533084645                    100
      335799.9999999999    -0.1766370159417679                  0.005      2.536694883751149                    100
      335999.9999999999   -0.06796582914335171                  0.005      2.707364107012102                    100
      336199.9999999999      -0.11726296933052                  0.005      2.265900101357103                    100
      336399.9999999999    -0.1137319248184481                  0.005      2.286323807820439                    100
      336599.9999999999   -0.01117704564366176                  0.005      2.693086788775279                    100
      336799.9999999999    0.09687052919653065                  0.005      2.347490093256471                    100
      336999.9999999999     0.1217285285267677                  0.005      2.323837421895174                    100
      337199.9999999999    0.07090725859932978                  0.005      2.390919670041423                    100
      337399.9999999999   -0.04453419625812756                  0.005      2.283424348243039                    100
      337599.9999999999    -0.2182359417692651                  0.005      2.420496559328046                    100
      337799.9999999999    -0.1411297126868179                  0.005      2.480885913012917                    100
      337999.9999999999   -0.02091112939067552                  0.005      2.752384019232385                    100
      338199.9999999999   -0.01159920374188063                  0.005      2.657378415357865                    100
      338399.9999999999     0.1198234178902502                  0.005      2.238426295295852                    100
      338599.9999999999    0.06345003429633815                  0.005      2.638553521050113                    100
      338799.9999999999    -0.1837817024528844                  0.005      2.359998263928987                    100
      338999.9999999999    -0.1497699381806538                  0.005       2.28902910502791                    100
      339199.9999999999    -0.1228377606965942                  0.005      2.223224042020663                    100
      339399.9999999999    -0.0729309947937693                  0.005      2.609080234655561                    100
      339599.9999999999    -0.1143967148452927                  0.005      2.239859775659545                    100
      339799.9999999999    -0.2281090048417438                  0.005      2.548483415530583                    100
      339999.9999999999    -0.2544548437275125                  0.005      2.639986761169456                    100
      340199.9999999999    -0.2779473773178888                  0.005       2.74618251688141                    100
      340399.9999999999    -0.2702329943498057                  0.005      2.840618785750896                    100
      340599.9999999999    -0.2713077519112135                  0.005      2.790794524055484                    100
      340799.9999999999    -0.2526538661912557                  0.005      2.538927698437059                    100
      340999.9999999999    -0.2535148264931345                  0.005      2.529179132957228                    100
      341199.9999999999    -0.2197997265347217                  0.005      2.430748151724831                    100
      341399.9999999999    -0.2748386825762593                  0.005      2.702393899382004                    100
      341599.9999999999    -0.3218902133611183                  0.005      3.791377976322402                    100
      341799.9999999999    -0.2046015037061857                  0.005      2.440245334698579                    100
      341999.9999999999    -0.1763957124124427                  0.005      2.487849237181899                    100
      342199.9999999999   -0.08317196320288291                  0.005      2.289382647906663                    100
      342399.9999999999    -0.1760647311575368                  0.005      2.453624516021229                    100
      342599.9999999999    -0.1450574295010429                  0.005      2.331051542567225                    100
      342799.9999999999    -0.1655292854650497                  0.005      2.355440078665825                    100
      342999.9999999999    -0.1862793645100398                  0.005      2.251065328975853                    100
      343199.9999999999    0.01901519643730855                  0.005      2.803541525373054                    100
      343399.9999999999     0.1633715503646847                  0.005      2.349519337196253                    100
      343599.9999999999     0.2225638625247299                  0.005      2.492924354428508                    100
      343799.9999999999     0.3186940505728686                  0.005      3.591768379561734                    100
      343999.9999999999     0.2758459849090397                  0.005      2.674480894023519                    100
      344199.9999999999     0.2903411834846353                  0.005      2.975026522114598                    100
      344399.9999999999      0.268154727400691                  0.005      2.555394166616336                    100
      344599.9999999999     0.3336986949853542                  0.005      4.446866867721604                    100
      344799.9999999999     0.2682266253093223                  0.005      2.515119285554534                    100
      344999.9999999999     0.2529032519806021                  0.005       2.70194409208952                    100
      345199.9999999999     0.2134873530910668                  0.005      2.535396977870901                    100
      345399.9999999999     0.2099719953503584                  0.005      2.387070722871152                    100
      345599.9999999999    0.09781644480464291                  0.005      2.280872829536916                    100
      345799.9999999999   -0.04911608009825476                  0.005      2.279442177736871                    100
      345999.9999999999    -0.1161386437374718                  0.005      2.183975100236743                    100
      346199.9999999999     -0.105282119015783                  0.005      2.232285176796933                    100
      346399.9999999999    -0.1112338276483466                  0.005      2.209491364398405                    100
      346599.9999999999    -0.1612801303881574                  0.005        2.3761388853419                    100
      346799.9999999999    -0.1045578895825282                  0.005      2.200676766806342                    100
      346999.9999999999     0.0403257798940692                  0.005      2.380819284988271                    100
      347199.9999999999    0.06523608224600905                  0.005      2.519851355835131                    100
      347399.9999999999    -0.1636037781460599                  0.005      2.305869979644944                    100
      347599.9999999999    -0.1589044497443133                  0.005      2.355732685615568                    100
      347799.9999999999    -0.1675664046628814                  0.005      2.292278616277199                    100
      347999.9999999999     -0.256988820440355                  0.005      2.601056128317977                    100
      348199.9999999999    -0.3060978671669355                  0.005      3.273005715230458                    100
      348399.9999999999    -0.2846947507054985                  0.005      2.716514890204292                    100
      348599.9999999999    -0.1288625544418859                  0.005      2.302111569949047                    100
      348799.9999999999   -0.07800537055945692                  0.005      2.340090473779008                    100
      348999.9999999999   -0.09324243246427942                  0.005      2.634104509166164                    100
      349199.9999999999    -0.1797335889933135                  0.005      2.364656742392084                    100
      349399.9999999999     -0.122681937382889                  0.005      2.156530580101262                    100
      349599.9999999999    -0.1241191489658097                  0.005      2.150145691527543                    100
      349799.9999999999    -0.2293932632576162                  0.005      2.472204331378861                    100
      349999.9999999999    -0.2695093660429762                  0.005      2.718226278685645                    100
      350199.9999999999    -0.2328205983394259                  0.005      2.403116987774978                    100
      350399.9999999999    -0.1455998389038425                  0.005      2.282202743853102                    100
      350599.9999999999   -0.09717344745164594                  0.005      2.530037927079829                    100
      350799.9999999999   -0.08996339730051668                  0.005      2.466067280918723                    100
      350999.9999999999   -0.06813467081193805                  0.005      2.633912658791982                    100
      351199.9999999999      0.082351601562608                  0.005      2.536150148028312                    100
      351399.9999999999     0.2178714177279662                  0.005      2.540365632772174                    100
      351599.9999999999    0.09128609744575819                  0.005      2.512347681007887                    100
      351799.9999999999    0.07627525018251885                  0.005      2.368834049789736                    100
      351999.9999999999   -0.01480000556123183                  0.005      2.711402689308805                    100
      352199.9999999999    0.08643742799108939                  0.005      2.540535915617786                    100
      352399.9999999999   -0.09990744893681047                  0.005      2.338040359481398                    100
      352599.9999999999     -0.266085479334668                  0.005      2.662818284040905                    100
      352799.9999999999    -0.3202894805653767                  0.005       3.75546404963917                    100
      352999.9999999999    -0.2635325088759845                  0.005      2.607013873312376                    100
      353199.9999999999    -0.2299249109000411                  0.005      2.395521428833115                    100
      353399.9999999999    -0.2015207397486154                  0.005      2.580841660519518                    100
      353599.9999999999   -0.05278767244456943                  0.005      2.347456833939503                    100
      353799.9999999999    0.02757203722984218                  0.005      2.926205298353129                    100
      353999.9999999999    -0.1229305441606467                  0.005      2.105458146951464                    100
      354199.9999999999    -0.1860198384441299                  0.005      2.210845149490187                    100
      354399.9999999999    -0.2582678642092864                  0.005      2.550369112142491                    100
      354599.9999999999    -0.2205103610723999                  0.005      2.405011937297751                    100
      354799.9999999999     0.0334325337276893                  0.005       2.44962344714478                    100
      354999.9999999999     0.3234623608982904                  0.005      3.682304372347102                    100
      355199.9999999999     0.2871612696977788                  0.005      2.926117513294585                    100
      355399.9999999999     0.2767161479881396                  0.005      2.625623826457932                    100
      355599.9999999999     0.2883640328017552                  0.005       2.87586180816926                    100
      355799.9999999999     0.2732676146318116                  0.005      2.502703466741946                    100
      355999.9999999999     0.2795986623251226                  0.005      2.640007584081444                    100
      356199.9999999999     0.2458894533824629                  0.005      2.360487652165652                    100
      356399.9999999999    0.06792195326694356                  0.005      2.367367124624373                    100
      356599.9999999999     0.2664311133448627                  0.005      2.513117319659126                    100
      356799.9999999999     0.3083919467252786                  0.005       3.33817446383295                    100
      356999.9999999999     0.2485242316747976                  0.005      2.397418717546458                    100
      357199.9999999999     0.1855928132367738                  0.005      2.661622485306633                    100
      357399.9999999999     0.2109360492658362                  0.005      2.367177282192508                    100
      357599.9999999999     0.3612396785589115                  0.005      5.000920751789779                    100
      357799.9999999999     0.3172849802344991                  0.005      3.435739733536758                    100
      357999.9999999999     0.1675069028262584                  0.005      2.210258826135803                    100
      358199.9999999999    0.01023956404833153                  0.005      2.559966071159772                    100
      358399.9999999999      0.146555627595378                  0.005      2.247355666975086                    100
      358599.9999999999      0.198337013068086                  0.005      2.449871932700967                    100
      358799.9999999999     0.1574502069821582                  0.005      2.483184994166574                    100
      358999.9999999999     0.1491013052464852                  0.005      2.292184039435582                    100
      359199.9999999999      0.184298800746875                  0.005      2.554567763370262                    100
      359399.9999999999     0.2835147822338739                  0.005      2.733471246234835                    100
      359599.9999999999     0.3154981171351948                  0.005      3.347032457192338                    100
      359799.9999999999     0.2840156879519823                  0.005      2.703716340357551                    100
      359999.9999999999     0.3471252528888547                  0.005      4.830046258601577                    100
      360199.9999999999      0.294957489009766                  0.005      2.916262997083793                    100
      360399.9999999999     0.3054127399054907                  0.005      3.210861043844293                    100
      360599.9999999999     0.2127099521896988                  0.005      2.387676941607674                    100
      360799.9999999999     0.1951998101907436                  0.005      2.508676674167867                    100
      360999.9999999999     0.2972672509594692                  0.005      2.947895318073859                    100
      361199.9999999999     0.2613082584240855                  0.005      2.828408271898901                    100
      361399.9999999999     0.2511454647264233                  0.005       2.49179825755455                    100
      361599.9999999999     0.2266161505124618                  0.005      2.448936644722668                    100
      361799.9999999999     0.3363179154904705                  0.005      4.558964413084807                    100
      361999.9999999999     0.2005102847255363                  0.005      2.338259269257166                    100
      362199.9999999999     0.1593718463093378                  0.005       2.40286067365895                    100
      362399.9999999999     0.2393965384058103                  0.005      2.423080617563665                    100
      362599.9999999999     0.2551118575554931                  0.005      2.723520411887803                    100
      362799.9999999999     0.2081395053379727                  0.005      2.247305884182556                    100
      362999.9999999999     0.1913494054606775                  0.005      2.592249388961788                    100
      363199.9999999999     0.2214319407554507                  0.005      2.409221439862383                    100
      363399.9999999999     0.2388749011801257                  0.005      2.411480686631768                    100
      363599.9999999999     0.1628510275398151                  0.005      2.268674136157881                    100
      363799.9999999999     0.1650600537931992                  0.005      2.182285692853078                    100
      363999.9999999999     0.1353003885942993                  0.005      2.419353896059501                    100
      364199.9999999999     0.1417703062319874                  0.005      2.198058046554264                    100
      364399.9999999999  -0.003073763308175159                  0.005      2.408845114676406                    100
      364599.9999999999      0.109804438145015                  0.005      2.280244340314454                    100
      364799.9999999999     0.1202385952926474                  0.005      2.213163491945142                    100
      364999.9999999999     0.1146674599953164                  0.005      2.196925706616746                    100
      365199.9999999999   -0.04492451535332662                  0.005      2.219742718761918                    100
      365399.9999999999     0.1332775275235754                  0.005      2.437299645256537                    100
      365599.9999999999     0.1063865239505315                  0.005       2.22354811329356                    100
      365799.9999999999    0.08549511612458453                  0.005      2.495581479544552                    100
      365999.9999999999    0.07469191316749574                  0.005       2.29581064214249                    100
      366199.9999999999     0.1637584000639529                  0.005      2.184998087465706                    100
      366399.9999999999     0.2101507333836805                  0.005      2.247122209757783                    100
      366599.9999999999     0.1816606921776275                  0.005      2.371091327003106                    100
      366799.9999999999     0.1031139389073981                  0.005      2.166005707696081                    100
      366999.9999999999   -0.05344035744273118                  0.005       2.32909541414676                    100
      367199.9999999999      0.019201406396817                  0.005      2.751528850975681                    100
      367399.9999999999   -0.06776321985626424                  0.005      2.589722772290518                    100
      367599.9999999999   -0.08914359662894365                  0.005      2.392666706921827                    100
      367799.9999999999    -0.1132610498838681                  0.005      2.147522339150358                    100
      367999.9999999999    0.01529067056921304                  0.005      2.472696167563354                    100
      368199.9999999999     0.1808409688941703                  0.005      2.304173605059856                    100
      368399.9999999999    0.05590220363120772                  0.005      2.534121539791166                    100
      368599.9999999999    0.02050391594744407                  0.005       2.78942472561379                    100
      368799.9999999999      0.193213834177965                  0.005      2.485807283359406                    100
      368999.9999999999     0.1805029191621551                  0.005      2.259297075589031                    100
      369199.9999999999     0.2566201681694267                  0.005      2.763282883601842                    100
      369399.9999999999     0.3220875379309429                  0.005      3.469736594797357                    100
      369599.9999999999     0.3642875086143878                  0.005      4.910622989454539                    100
      369799.9999999999     0.2536680598773929                  0.005      2.546920770706014                    100
      369999.9999999999     0.1728066900296504                  0.005      2.144639452056846                    100
      370199.9999999999     0.1504623421543736                  0.005      2.295295675839164                    100
      370399.9999999999     0.1389825334487524                  0.005       2.22912881469699                    100
      370599.9999999999     0.1389760610408577                  0.005      2.199632352454115                    100
      370799.9999999999    -0.1459933690984168                  0.005      2.240853817981321                    100
      370999.9999999999    -0.2175007455097785                  0.005      2.295988142182279                    100
      371199.9999999999    -0.3477578051251463                  0.005      4.616357117146593                    100
      371399.9999999999    -0.2961381760328113                  0.005      2.892148000557654                    100
      371599.9999999999    -0.3108396762546412                  0.005      3.341672928152258                    100
      371799.9999999999    -0.3070553241333583                  0.005      3.154799189799733                    100
      371999.9999999999    -0.3103878779459865                  0.005      3.198709040456748                    100
      372199.9999999999    -0.3040113039662264                  0.005      3.108341758775625                    100
      372399.9999999999    -0.2937102983884388                  0.005      2.696277042602286                    100
      372599.9999999999    -0.1939588694924591                  0.005      2.415769194995027                    100
      372799.9999999999   -0.02888341063315933                  0.005      2.530972704508556                    100
      372999.9999999999   -0.07612596491916827                  0.005      2.370115057344917                    100
      373199.9999999999    -0.1317219670906802                  0.005      2.321166685074567                    100
      373399.9999999999    -0.1540236135286783                  0.005      2.278349687525266                    100
      373599.9999999999    -0.1850002474819993                  0.005      2.193476076792712                    100
      373799.9999999999    -0.1364824348016378                  0.005      2.398138222805531                    100
      373999.9999999999    -0.1883586780616219                  0.005       2.13258931206793                    100
      374199.9999999999    -0.1165394638620866                  0.005       2.07383566807558                    100
      374399.9999999999    -0.0817221655615461                  0.005      2.189449207745302                    100
      374599.9999999999   -0.09789238350857878                  0.005      2.406721151720979                    100
      374799.9999999999   -0.02885541213282004                  0.005      2.492440038968147                    100
      374999.9999999999   0.009477870473719244                  0.005      2.507629151525361                    100
      375199.9999999999  -0.008564280841124941                  0.005      2.480623025298598                    100
      375399.9999999999   -0.08393859359181204                  0.005      2.175814317284254                    100
      375599.9999999999    0.06443869960081422                  0.005      2.475011796703939                    100
      375799.9999999999     0.1633835775484913                  0.005       2.16121842518845                    100
      375999.9999999999     0.0431935635095201                  0.005      2.355151453531331                    100
      376199.9999999999     -0.114705991190407                  0.005      2.075799531228349                    100
      376399.9999999999    -0.2676850246341045                  0.005      2.595325733993261                    100
      376599.9999999999    -0.2594741352354883                  0.005      2.510416472010397                    100
      376799.9999999999    -0.2362772531474164                  0.005      2.418761357488617                    100
      376999.9999999999    -0.2709202046766971                  0.005      2.591607329297288                    100
      377199.9999999999    -0.3563524106416516                  0.005      4.914244009777637                    100
      377399.9999999999    -0.3060400504027576                  0.005       3.00708707679422                    100
      377599.9999999999    -0.3585820884666293                  0.005      4.859696015569966                    100
      377799.9999999999    -0.3333835739411323                  0.005       4.04728415637597                    100
      377999.9999999999     -0.239444234410456                  0.005      2.476787618499342                    100
      378199.9999999999     -0.162541648837291                  0.005      2.238268811939201                    100
      378399.9999999999    -0.1852715761502859                  0.005      2.136082545017871                    100
      378599.9999999999    -0.1605679107461859                  0.005      2.243295978057875                    100
      378799.9999999999    -0.1264762326484958                  0.005      2.122253579441673                    100
      378999.9999999999    -0.1884449046807223                  0.005      2.084135547611538                    100
      379199.9999999999    -0.2166251184599656                  0.005      2.250559326736919                    100
      379399.9999999999     -0.151380144649839                  0.005      2.178131457660707                    100
      379599.9999999999    -0.2403329661455999                  0.005      2.457169212564668                    100
      379799.9999999999    -0.1352931253182934                  0.005      2.341422186855402                    100
      379999.9999999999    -0.1829974720230155                  0.005      2.159810856479521                    100
      380199.9999999999    0.05244508464812511                  0.005      2.351726384510043                    100
      380399.9999999999      0.130826979822635                  0.005      2.453610470849771                    100
      380599.9999999999     0.0358448768365329                  0.005      2.322194788798755                    100
      380799.9999999999     0.1720906854317995                  0.005      2.103727837149018                    100
      380999.9999999999      0.090827549368759                  0.005      2.439221052805544                    100
      381199.9999999999   -0.06678220392663949                  0.005      2.534688718179152                    100
      381399.9999999999    0.08936415507931837                  0.005      2.425558007168717                    100
      381599.9999999999    0.05758790621392128                  0.005      2.523601206690029                    100
      381799.9999999999    0.08388021353765039                  0.005      2.400512373819728                    100
      381999.9999999999     0.1347913929614709                  0.005      2.285714200328261                    100
      382199.9999999999    0.06776814038126548                  0.005      2.292479798132842                    100
      382399.9999999999    0.02384723424363897                  0.005      2.932315407268746                    100
      382599.9999999999   -0.02145741185063559                  0.005      2.635041502621543                    100
      382799.9999999999   -0.07702781949404122                  0.005       2.26434832712285                    100
      382999.9999999999   -0.02825504186723506                  0.005       2.43511428543422                    100
      383199.9999999999     0.1103166134025534                  0.005      2.192171998093251                    100
      383399.9999999999     0.1165572639640474                  0.005      2.126059114687227                    100
      383599.9999999999     0.1337161435796087                  0.005      2.291557125766479                    100
      383799.9999999999     0.3551503583797626                  0.005      4.739724378053788                    100
      383999.9999999999     0.2830900010426713                  0.005      2.629935080555805                    100
      384199.9999999999     0.3637489930370851                  0.005      4.726544510721354                    100
      384399.9999999999     0.2994595605510181                  0.005      2.984654041465074                    100
      384599.9999999999     0.3352480793013058                  0.005      4.343395441480824                    100
      384799.9999999999     0.2909070244720418                  0.005      2.720026205231822                    100
      384999.9999999999     0.3009765618022611                  0.005      2.981584517476785                    100
      385199.9999999999     0.2997339797226709                  0.005      2.881528367392875                    100
      385399.9999999999     0.3035186744954811                  0.005      2.975795037562197                    100
      385599.9999999999     0.2737811501300265                  0.005      2.424930071943165                    100
      385799.9999999999      0.145607393810051                  0.005      2.100592358064071                    100
      385999.9999999999     0.1385980913499842                  0.005      2.121568472009819                    100
      386199.9999999999     0.3309889900289616                  0.005      3.908552213005465                    100
      386399.9999999999     0.3429063339451032                  0.005      4.660927555388557                    100
      386599.9999999999      0.352138130251508                  0.005      4.566951186779216                    100
      386799.9999999999     0.2842265701793193                  0.005      2.596866163383718                    100
      386999.9999999999     0.2480393006789875                  0.005      2.261335359244081                    100
      387199.9999999999     0.1832718433237954                  0.005      2.347265371187593                    100
      387399.9999999999     0.2429284242853467                  0.005      2.226916383293057                    100
      387599.9999999999     0.1714810887324952                  0.005      2.068019088932709                    100
      387799.9999999999      0.221634087326105                  0.005      2.368678927072948                    100
      387999.9999999999     0.2858479651338468                  0.005      2.589870359615472                    100
      388199.9999999999     0.2091456761379872                  0.005      2.197115025134778                    100
      388399.9999999999     0.2391636900525695                  0.005      2.333078500872301                    100
      388599.9999999999     0.2659098822089048                  0.005      2.452730481705666                    100
      388799.9999999999     0.2418260246661729                  0.005      2.197539253818904                    100
      388999.9999999999     0.1531914512638459                  0.005      2.332275618696622                    100
      389199.9999999999    0.03877908091899235                  0.005      2.268436309621794                    100
      389399.9999999999    0.03398672934573445                  0.005      2.325349054900572                    100
      389599.9999999999     0.1144031477525152                  0.005      2.116816841913238                    100
      389799.9999999999      0.240015760338691                  0.005      2.233272461346697                    100
      389999.9999999999     0.2139141707745259                  0.005        2.3096287890934                    100
      390199.9999999999     0.1064608955410581                  0.005      2.139301223492242                    100
      390399.9999999999     0.0417758959550885                  0.005      2.260243458563099                    100
      390599.9999999999     0.1066002627365053                  0.005       2.11244104600654                    100
      390799.9999999999     0.1905791405835374                  0.005      2.511286347631438                    100
      390999.9999999999     0.2152434841549027                  0.005      2.319807140591391                    100
      391199.9999999999    0.08180094596536831                  0.005      2.345043393731633                    100
      391399.9999999999   -0.08768420822756505                  0.005      2.257096526999033                    100
      391599.9999999999     0.1109145642877222                  0.005      2.089789930049283                    100
      391799.9999999999     0.0419871268395107                  0.005      2.232803379604081                    100
      391999.9999999999   -0.05892706113969998                  0.005      2.441518260333664                    100
      392199.9999999999    0.05951154460336303                  0.005      2.517085544296518                    100
      392399.9999999999    0.07642199302665227                  0.005       2.24949704587807                    100
      392599.9999999999  -0.001554119853654029                  0.005      2.363758975145641                    100
      392799.9999999999    0.02680523003699468                  0.005      2.804763228037347                    100
      392999.9999999999  -0.006112931487950612                  0.005       2.36102169828418                    100
      393199.9999999999  -0.008436981868510343                  0.005      2.394931815966111                    100
      393399.9999999999   -0.01881429132358937                  0.005      2.650491050178524                    100
      393599.9999999999   -0.02532952683869211                  0.005      2.408083381507653                    100
      393799.9999999999    0.08680834846555671                  0.005      2.355323920693329                    100
      393999.9999999999   -0.01860063760730199                  0.005      2.595668213573063                    100
      394199.9999999999     0.1009028784928934                  0.005      2.095770905690029                    100
      394399.9999999999    -0.1197534446274975                  0.005      2.004291782370076                    100
      394599.9999999999    -0.1348488279102389                  0.005      2.300089147824036                    100
      394799.9999999999    -0.1700112272663971                  0.005      2.304663551481173                    100
      394999.9999999999    -0.2142852440541917                  0.005      2.202919782249617                    100
      395199.9999999999   -0.09431972862044959                  0.005      2.455106024715542                    100
      395399.9999999999    0.04335697279920275                  0.005      2.220825418485785                    100
      395599.9999999999     0.0678996831688749                  0.005      2.241250053484637                    100
      395799.9999999999    0.05186023534613375                  0.005      2.257352764647214                    100
      395999.9999999999     -0.056256914587362                  0.005      2.358068107156679                    100
      396199.9999999999     -0.171179444698901                  0.005      2.303986289115546                    100
      396399.9999999999    -0.1397949941676201                  0.005      2.318489261503662                    100
      396599.9999999999    -0.2128331766337014                  0.005      2.173647184587176                    100
      396799.9999999999    0.04323928785818748                  0.005       2.18334463672584                    100
      396999.9999999999    0.05349388069370531                  0.005      2.270167867331364                    100
      397199.9999999999   -0.03077782227157407                  0.005      2.421647783450207                    100
      397399.9999999999   -0.08427902012476884                  0.005      2.116357369180001                    100
      397599.9999999999     0.0136556025925471                  0.005       2.36897865714352                    100
      397799.9999999999   -0.01407514404420149                  0.005      2.522067388361555                    100
      397999.9999999999    -0.1187980469214197                  0.005       1.98053635661455                    100
      398199.9999999999    -0.1073933765038305                  0.005      2.100472893053061                    100
      398399.9999999999   -0.08552675343475445                  0.005      2.117256302667585                    100
      398599.9999999999    -0.1756212861104382                  0.005      2.311387913145182                    100
      398799.9999999999    -0.2870233452651429                  0.005      2.648419363073132                    100
      398999.9999999999    -0.2223982293001217                  0.005      2.370344844442207                    100
      399199.9999999999    -0.1115534746673283                  0.005      2.061944752881432                    100
      399399.9999999999    0.03719210272781055                  0.005      2.145010443880031                    100
      399599.9999999999     0.2243417780141307                  0.005      2.309311718891183                    100
      399799.9999999999     0.1784698350621393                  0.005      2.125493121318788                    100
      399999.9999999999   -0.06502473113965772                  0.005      2.455253065585099                    100
      400199.9999999999     0.0684614659397258                  0.005       2.19639797461382                    100
      400399.9999999999     0.1720125193640314                  0.005      2.037235288864297                    100
      400599.9999999999     0.1270869199988145                  0.005      2.406863684334751                    100
      400799.9999999999     0.1045898742526607                  0.005      2.048589137286297                    100
      400999.9999999999    0.06186320900765112                  0.005      2.416626023413957                    100
      401199.9999999999    -0.1213669518505017                  0.005      1.964444644720373                    100
      401399.9999999999    -0.1783331983953494                  0.005      2.243681422009565                    100
      401599.9999999999   -0.04612132983710361                  0.005      2.166882881182389                    100
      401799.9999999999    0.06397161308865695                  0.005       2.30998221869043                    100
      401999.9999999999    0.01233967269383621                  0.005      2.354132201528725                    100
      402199.9999999999    0.04478445628718604                  0.005      2.151342085909773                    100
      402399.9999999999    0.03900894212556533                  0.005      2.087974375414837                    100
      402599.9999999999    -0.0830409796926444                  0.005      2.052560592024865                    100
      402799.9999999999    0.02092437818061822                  0.005      2.686816436691448                    100
      402999.9999999999     0.1990904782635692                  0.005      2.285143930363702                    100
      403199.9999999999     0.2129626543558352                  0.005      2.213521740123028                    100
      403399.9999999999     0.1871702169807321                  0.005      2.460853135579954                    100
      403599.9999999999    0.08836619025330521                  0.005      2.328087749289616                    100
      403799.9999999999     0.1534578741819661                  0.005       2.30572659503863                    100
      403999.9999999999     0.2156697795934829                  0.005      2.265426625958502                    100
      404199.9999999999     0.1720277098799499                  0.005       2.01231447686366                    100
      404399.9999999999     0.2193122791443586                  0.005      2.274163243877692                    100
      404599.9999999999     0.2384326064503741                  0.005      2.283620010692109                    100
      404799.9999999999     0.2077099849694546                  0.005       2.10240299902304                    100
      404999.9999999999     0.2610069043344386                  0.005      2.696147456105737                    100
      405199.9999999999     0.2676051707725419                  0.005        2.3356449297203                    100
      405399.9999999999     0.1824417166948445                  0.005      2.210470130156618                    100
      405599.9999999999     0.1967375192715215                  0.005      2.291133250056478                    100
      405799.9999999999     0.1832868567479402                  0.005      2.223753445843686                    100
      405999.9999999999     0.1747718157605718                  0.005      2.002554270283656                    100
      406199.9999999999 -0.0003012949195331377                  0.005      2.324200560709956                    100
      406399.9999999999   -0.02271133163865335                  0.005      2.417741322771943                    100
      406599.9999999999   -0.09050493160936361                  0.005      2.285407713601626                    100
      406799.9999999999    -0.1623534087131034                  0.005      2.164260352415081                    100
      406999.9999999999    -0.1102764840269558                  0.005      2.045822311378818                    100
      407199.9999999999   -0.08636473594280758                  0.005       2.07458806799301                    100
      407399.9999999999    0.04716188484635131                  0.005      2.124491093194003                    100
      407599.9999999999    -0.0808087753516413                  0.005        2.0314532085546                    100
      407799.9999999999   -0.02785663339936001                  0.005      2.303374313819423                    100
      407999.9999999999   -0.03128562284122681                  0.005      2.365745279332121                    100
      408199.9999999999    -0.2428281579436966                  0.005      2.439215726318559                    100
      408399.9999999999    -0.3262534058331558                  0.005      3.569743571732482                    100
      408599.9999999999    -0.1945433967125862                  0.005      2.378145087269294                    100
      408799.9999999999  -0.004693225240992541                  0.005      2.249075149444244                    100
      408999.9999999999     0.1302447157412081                  0.005      2.347660276561089                    100
      409199.9999999999     0.1043614468312622                  0.005      2.023108653002014                    100
      409399.9999999999    0.05053295536243704                  0.005      2.127370264784201                    100
      409599.9999999999   -0.03728702235196849                  0.005      2.357158714226739                    100
      409799.9999999999  -0.003717582478860892                  0.005      2.214517914167773                    100
      409999.9999999999     0.1240497726739479                  0.005      2.254583943360159                    100
      410199.9999999999      0.144824731174098                  0.005       2.03675183836882                    100
      410399.9999999999   -0.01999816652826789                  0.005      2.460798136045744                    100
      410599.9999999999    -0.1115988143336404                  0.005      2.008488898316834                    100
      410799.9999999999   -0.08985768472895907                  0.005      2.196342047334671                    100
      410999.9999999999   -0.01373448635901267                  0.005      2.440144056725781                    100
      411199.9999999999   -0.02085916207019681                  0.005      2.383786856388272                    100
      411399.9999999999    0.03395222560722498                  0.005        2.2082349671086                    100
      411599.9999999999   -0.06508993296923175                  0.005      2.420025910603246                    100
      411799.9999999999     0.0145033494750547                  0.005      2.290612300662478                    100
      411999.9999999999  -0.002214592143574251                  0.005      2.195387526368452                    100
      412199.9999999999     0.1337220275181477                  0.005      2.195839765836418                    100
      412399.9999999999     0.1874882690071838                  0.005      2.382931504515978                    100
      412599.9999999999   -0.05693513058254507                  0.005       2.31944419426255                    100
      412799.9999999999     0.2208357571600993                  0.005      2.235436263483237                    100
      412999.9999999999     0.2755405413779029                  0.005      2.388275671578392                    100
      413199.9999999999     0.3005636363427218                  0.005       2.82047981570536                    100
      413399.9999999999     0.1557091075249321                  0.005      2.297055284314258                    100
      413599.9999999999     0.1071239942019402                  0.005      2.012552710139519                    100
      413799.9999999999     0.2321036541220806                  0.005       2.50775247620512                    100
      413999.9999999999     0.2627789695296751                  0.005      2.541261837036857                    100
      414199.9999999999     0.2071620125197095                  0.005      2.078825936793999                    100
      414399.9999999999     0.2435899453654755                  0.005      2.097746248050087                    100
      414599.9999999999     0.3316608603159852                  0.005        3.8536639190063                    100
      414799.9999999999     0.3101350726003095                  0.005      3.145550384227362                    100
      414999.9999999999     0.2295238870871243                  0.005      2.406506889735735                    100
      415199.9999999999     0.2564040630983928                  0.005      2.605693872656031                    100
      415399.9999999999     0.2028178289465237                  0.005      2.138750954780778                    100
      415599.9999999999     0.2979492268081703                  0.005       2.69615928491226                    100
      415799.9999999999     0.3147254122573171                  0.005      3.192544624229859                    100
      415999.9999999999     0.2133561706723881                  0.005      2.116313617719385                    100
      416199.9999999999    0.03231354698787293                  0.005      2.284599293622837                    100
      416399.9999999999   -0.01662235816386655                  0.005      2.419391029252086                    100
      416599.9999999999    -0.1450184073109502                  0.005      2.184477755969087                    100
      416799.9999999999    0.02233817192719417                  0.005      2.715847730418553                    100
      416999.9999999999    -0.0258281106248477                  0.005      2.207409480155214                    100
      417199.9999999999      -0.10278112971846                  0.005      2.104061213717207                    100
      417399.9999999999   -0.03807165698596418                  0.005      2.300817749856559                    100
      417599.9999999999   -0.08365703126596029                  0.005      1.966036764535537                    100
      417799.9999999999    -0.2937902156457558                  0.005      2.636807239173485                    100
      417999.9999999999    -0.3054254283319773                  0.005      2.960312736568288                    100
      418199.9999999999    -0.3011399880317933                  0.005      2.963496760773623                    100
      418399.9999999999    -0.3394118738452399                  0.005      4.455643833747362                    100
      418599.9999999999    -0.2531586927571656                  0.005      2.399506557767144                    100
      418799.9999999999    -0.2821320913913708                  0.005      2.606440833077882                    100
      418999.9999999999    -0.1776771006400842                  0.005      2.225089370031768                    100
      419199.9999999999    -0.2729896216780657                  0.005      2.557938488829413                    100
      419399.9999999999    -0.2427780904125314                  0.005      2.399817190045161                    100
      419599.9999999999    -0.2271745275791239                  0.005      2.379767449081561                    100
      419799.9999999999    -0.2531592609260727                  0.005      2.361248369244716                    100
      419999.9999999999    -0.1078275892587506                  0.005       1.99874733100263                    100
      420199.9999999999    -0.1895419965873459                  0.005      2.046451513382332                    100
      420399.9999999999    -0.3290863810417516                  0.005      3.575442385782361                    100
      420599.9999999999    -0.2498934074374561                  0.005      2.290105727423739                    100
      420799.9999999999    -0.1935619119400556                  0.005      2.249969422142236                    100
      420999.9999999999    -0.1003001106851475                  0.005      2.173897423026701                    100
      421199.9999999999    -0.1459369321909625                  0.005      2.134447866641381                    100
      421399.9999999999    -0.2116553888912427                  0.005      2.147539179081563                    100
      421599.9999999999   -0.08393731221933619                  0.005      1.944303428267509                    100
      421799.9999999999    0.09569211213548791                  0.005      2.193775049868809                    100
      421999.9999999999    0.07308296004121807                  0.005       2.14593331545797                    100
      422199.9999999999    -0.1790807063237474                  0.005      2.167121545789768                    100
      422399.9999999999    -0.2586340376143852                  0.005      2.421790603295252                    100
      422599.9999999999    -0.2414391087727819                  0.005       2.35484569099822                    100
      422799.9999999999   -0.09737394679334199                  0.005      2.281118591114529                    100
      422999.9999999999    0.07893102640239118                  0.005      2.216104067954292                    100
      423199.9999999999     0.1580155731872442                  0.005      2.247811812795669                    100
      423399.9999999999    0.06788068904313826                  0.005      2.126626075737498                    100
      423599.9999999999   -0.02019021004174276                  0.005      2.326610084081591                    100
      423799.9999999999   -0.08037028068895713                  0.005      1.977735997687176                    100
      423999.9999999999     0.1194907979340133                  0.005      2.062450626678897                    100
      424199.9999999999     0.1583331042965602                  0.005      2.211980188442898                    100
      424399.9999999999     0.1592714776431367                  0.005      2.163367441028957                    100
      424599.9999999999    0.03285914058142082                  0.005      2.212076780834515                    100
      424799.9999999999    -0.2154429747724841                  0.005      2.121329000110708                    100
      424999.9999999999    -0.2987203589959906                  0.005      2.834141279481816                    100
      425199.9999999999    -0.3384543166678353                  0.005      4.264801418728208                    100
      425399.9999999999    -0.2681746901262447                  0.005      2.487808748182891                    100
      425599.9999999999    -0.1731676675810655                  0.005      2.223345679419745                    100
      425799.9999999999    -0.1154368750934928                  0.005      1.923998794677195                    100
      425999.9999999999    -0.1297830300810141                  0.005      2.139213332602723                    100
      426199.9999999999    -0.1520807361234243                  0.005      2.134105702494857                    100
      426399.9999999999    -0.1629899505782285                  0.005      2.119989199769492                    100
      426599.9999999999    -0.1464299817400661                  0.005       2.08357571781641                    100
      426799.9999999999     -0.150009656017754                  0.005      2.047091488155243                    100
      426999.9999999999    -0.2252027070731797                  0.005       2.35823966890575                    100
      427199.9999999999    -0.1472953109012635                  0.005      2.022127432420667                    100
      427399.9999999999    -0.2185358618638467                  0.005      2.145451232126798                    100
      427599.9999999999    -0.1357217783116439                  0.005      2.233352516007683                    100
      427799.9999999999   -0.07176800357405164                  0.005      2.401470793596489                    100
      427999.9999999999     0.1487395019923718                  0.005      2.084974735111656                    100
      428199.9999999999    0.05013151572819892                  0.005      2.093930420816059                    100
      428399.9999999999   -0.09745441220757999                  0.005        2.2470810100022                    100
      428599.9999999999    0.08941774577155058                  0.005      2.279441659547455                    100
      428799.9999999999    0.09137549725299737                  0.005      2.238032693730879                    100
      428999.9999999999    0.08305057583079155                  0.005      2.222586053090787                    100
      429199.9999999999   -0.07288828812087854                  0.005        2.3312360613867                    100
      429399.9999999999   -0.06933851436528983                  0.005       2.37322100073125                    100
      429599.9999999999    -0.1195589841498007                  0.005      1.896304532767101                    100
      429799.9999999999   -0.08266880832495233                  0.005       1.89533260317853                    100
      429999.9999999999   0.002275885607238376                  0.005      2.329426323679209                    100
      430199.9999999999   -0.05672332358524125                  0.005      2.281974785051076                    100
      430399.9999999999    -0.1351594597703203                  0.005      2.196715416795259                    100
      430599.9999999999    -0.2638018892496483                  0.005      2.416730233414327                    100
      430799.9999999999    -0.2370865935219556                  0.005      2.283759000501068                    100
      430999.9999999999    -0.3176344443556934                  0.005      3.617897976333565                    100
      431199.9999999999    -0.3186095959134542                  0.005      3.546600885721525                    100
      431399.9999999999    -0.2913986597730793                  0.005      2.512019425172369                    100
      431599.9999999999    -0.2921817919382472                  0.005      2.478552185856356                    100
      431799.9999999999    -0.2170837652772568                  0.005      2.085416495315176                    100
      431999.9999999999    -0.1661638391095123                  0.005      2.089680591259749                    100
      432199.9999999999    -0.2762209558057943                  0.005      2.506704434690456                    100
      432399.9999999999    -0.3320033551617141                  0.005      3.647624083168513                    100
      432599.9999999999    -0.2317190600584143                  0.005      2.224139759977919                    100
      432799.9999999999    -0.2548972182317087                  0.005      2.310934353115739                    100
      432999.9999999999    -0.1914472744494694                  0.005      2.077080278033687                    100
      433199.9999999999    -0.3143112840129056                  0.005      3.313721388397963                    100
      433399.9999999999     -0.298134924894479                  0.005      2.719824476752124                    100
      433599.9999999999    -0.3213676668459124                  0.005      3.395572900045028                    100
      433799.9999999999    -0.2797043289077319                  0.005      2.497296782079316                    100
      433999.9999999999    -0.2647646975383219                  0.005      2.380799854210462                    100
      434199.9999999999    -0.2606604894500786                  0.005      2.329439401836185                    100
      434399.9999999999    -0.1821294036313586                  0.005      2.060648950792741                    100
      434599.9999999999    -0.2163732628233686                  0.005      2.049598243908372                    100
      434799.9999999999    -0.2769798891833717                  0.005      2.439298873095734                    100
      434999.9999999999    -0.2016012106956677                  0.005      2.485801238426864                    100
      435199.9999999999    -0.1664054785057195                  0.005      2.066511205107409                    100
      435399.9999999999    -0.2281607894914986                  0.005      2.257894356652472                    100
      435599.9999999999    -0.2559222197593141                  0.005      2.270458055886811                    100
      435799.9999999999    -0.2205537715941842                  0.005      2.133496680934377                    100
      435999.9999999999    -0.2179162357441147                  0.005        2.0253178646855                    100
      436199.9999999999    -0.1401301129755332                  0.005       2.18221958706058                    100
      436399.9999999999    -0.2510901989986087                  0.005      2.201163387632948                    100
      436599.9999999999    -0.1972189575647525                  0.005      2.438959672634337                    100
      436799.9999999999    -0.1474145253284537                  0.005       1.98414004237787                    100
      436999.9999999999     -0.224892808336266                  0.005      2.226590058418296                    100
      437199.9999999999    -0.1695804081242859                  0.005       2.10894097818826                    100
      437399.9999999999    -0.1568848433174012                  0.005      2.155408741747853                    100
      437599.9999999999     0.1381812179400747                  0.005      2.060388871245473                    100
      437799.9999999999     0.2164014306716081                  0.005      2.169111170713523                    100
      437999.9999999999     0.2002980007245576                  0.005      2.161304461111558                    100
      438199.9999999999     0.2450537985884511                  0.005      2.079921207462334                    100
      438399.9999999999     0.2679910156542736                  0.005      2.262674450927314                    100
      438599.9999999999     0.2078781534456612                  0.005      2.001494869232732                    100
      438799.9999999999     0.1622105446666728                  0.005      2.065181018895894                    100
      438999.9999999999     0.1034389267771282                  0.005      1.971610469802713                    100
      439199.9999999999     0.1227390077778483                  0.005      2.143779055568936                    100
      439399.9999999999    0.04996206808900394                  0.005      2.065438850943961                    100
      439599.9999999999     0.1461788511518007                  0.005      1.994392086668892                    100
      439799.9999999999      0.154768966618347                  0.005      2.165020446576599                    100
      439999.9999999999    0.03740072523167759                  0.005      2.016833180869397                    100
      440199.9999999999     0.1668383452520443                  0.005      1.959557350002357                    100
      440399.9999999999     0.2255659354086792                  0.005      2.215432831351828                    100
      440599.9999999999     0.2312150615014457                  0.005      2.406600741997141                    100
      440799.9999999999     0.3463101815609733                  0.005      4.480164231065672                    100
      440999.9999999999     0.2670271369105435                  0.005      2.252094773632584                    100
      441199.9999999999     0.1977488944430375                  0.005      2.185488927338008                    100
      441399.9999999999    0.05942261976976115                  0.005      2.357903701181407                    100
      441599.9999999999     0.1153057527482423                  0.005      2.005543096520775                    100
      441799.9999999999     0.1617592355432738                  0.005      2.025784718005915                    100
      441999.9999999999   -0.02177599976894037                  0.005      2.248011630408833                    100
      442199.9999999999     0.1098736937194522                  0.005      1.982302870143347                    100
      442399.9999999999     0.1969783363829472                  0.005      2.176830300497705                    100
      442599.9999999999   -0.07601553099042221                  0.005      2.125209826168228                    100
      442799.9999999999    0.02801251294701412                  0.005      2.559350659434125                    100
      442999.9999999999     0.1637921654474521                  0.005      1.959364354084687                    100
      443199.9999999999    0.01393605993182728                  0.005      2.246353863696905                    100
      443399.9999999999   -0.02976391850386965                  0.005      2.219550619974301                    100
      443599.9999999999    0.09310131643312539                  0.005      2.180612769230887                    100
      443799.9999999999     0.1993448700829721                  0.005      2.095756449451297                    100
      443999.9999999999     0.1958604115550828                  0.005      2.158972654170114                    100
      444199.9999999999    0.08796168788389645                  0.005      2.190372782677599                    100
      444399.9999999999     0.1579454424577361                  0.005      2.078043633926701                    100
      444599.9999999999     0.2124838748890155                  0.005      2.025907586524367                    100
      444799.9999999999      0.335977180034609                  0.005      4.108101437377171                    100
      444999.9999999999     0.2804683907949355                  0.005      2.427942020109588                    100
      445199.9999999999     0.2440546221115908                  0.005      2.044563345810109                    100
      445399.9999999999     0.3315902772424041                  0.005      3.697080939142859                    100
      445599.9999999999     0.2266634130583664                  0.005      2.201476796012302                    100
      445799.9999999999      0.327829297277514                  0.005      3.500797998673621                    100
      445999.9999999999     0.2297353362561976                  0.005      2.298428508095325                    100
      446199.9999999999     0.3032091878934694                  0.005      2.818635431480233                    100
      446399.9999999999     0.3149143174517857                  0.005      3.128970602426325                    100
      446599.9999999999     0.2867123861513017                  0.005      2.540479699923679                    100
      446799.9999999999     0.3140274270774059                  0.005      3.057906683750705                    100
      446999.9999999999     0.3284618857294279                  0.005      3.439070698433737                    100
      447199.9999999999     0.3240736694446853                  0.005      3.283417865270802                    100
      447399.9999999999       0.32708806158731                  0.005      3.286756581099128                    100
      447599.9999999999      0.285148428374303                  0.005      2.469597359413375                    100
      447799.9999999999     0.2582317289122202                  0.005       2.59989021292338                    100
      447999.9999999999     0.2568732181604571                  0.005      2.533903778735071                    100
      448199.9999999999     0.2505522011995603                  0.005      2.202136653062315                    100
      448399.9999999999     0.1693442766520584                  0.005        1.9063088666136                    100
      448599.9999999999    0.08558066826837706                  0.005      2.168663763891148                    100
      448799.9999999999   -0.05787721795367352                  0.005      2.267544033672515                    100
      448999.9999999999   -0.05934890680525036                  0.005      2.252898592160644                    100
      449199.9999999999    0.08459347057255462                  0.005      2.143064506043723                    100
      449399.9999999999      0.168226916468576                  0.005      1.879092430149353                    100
      449599.9999999999    0.05280757818003644                  0.005      2.100984383674192                    100
      449799.9999999999    0.09324805075730906                  0.005      2.119229942178241                    100
      449999.9999999999    0.03971256804738384                  0.005      1.985913082207184                    100
      450199.9999999999    0.02259747166044471                  0.005      2.649116460574553                    100
      450399.9999999999   -0.03556724265675298                  0.005      2.308006050037316                    100
      450599.9999999999    0.04324782332843007                  0.005      1.998637863986886                    100
      450799.9999999999    -0.2030998336276131                  0.005      2.361692508168517                    100
      450999.9999999999    -0.1946102232751096                  0.005      2.227708435140462                    100
      451199.9999999999    -0.1501838642587755                  0.005      1.968908734031521                    100
      451399.9999999999    -0.1595079365867818                  0.005      2.101195646064726                    100
      451599.9999999999   -0.01222053741541608                  0.005      2.318334031653126                    100
      451799.9999999999    0.08805749433282595                  0.005       2.09946158929665                    100
      451999.9999999999   -0.06420740454356352                  0.005      2.279227736282732                    100
      452199.9999999999     0.1085223856697889                  0.005      1.949693897689334                    100
      452399.9999999999     0.1037906637767115                  0.005      1.915299933715377                    100
      452599.9999999999     0.1088323601391488                  0.005      1.915843005057105                    100
      452799.9999999999       0.18176130223334                  0.005      2.094069348222272                    100
      452999.9999999999    0.07863844819472646                  0.005      2.121807019289347                    100
      453199.9999999999     0.1190561919022273                  0.005      1.981577102906072                    100
      453399.9999999999     0.1437108979047181                  0.005      1.948460744616929                    100
      453599.9999999999     0.2244783014188633                  0.005       2.10432554973022                    100
      453799.9999999999     0.2549316957705323                  0.005      2.397325727423875                    100
      453999.9999999999     0.2883662946580082                  0.005      2.500256896435677                    100
      454199.9999999999     0.2979438089147306                  0.005      2.615908161076206                    100
      454399.9999999999     0.3402278161562041                  0.005       4.27129738309086                    100
      454599.9999999999     0.2388352301171544                  0.005      2.145950840641754                    100
      454799.9999999999     0.1618538590978627                  0.005        1.9422411169755                    100
      454999.9999999999     0.1342476881297283                  0.005      2.123793090332929                    100
      455199.9999999999    0.06550777184201691                  0.005      2.165175510816812                    100
      455399.9999999999  -0.009816664861555274                  0.005      2.239573935519485                    100
      455599.9999999999   -0.01626897127787393                  0.005      2.299687539062819                    100
      455799.9999999999    0.05409030384111103                  0.005      2.120262577520555                    100
      455999.9999999999   -0.08610000819130156                  0.005       1.92619172685136                    100
      456199.9999999999   0.008876365942123626                  0.005      2.366531349209621                    100
      456399.9999999999     0.1059098411751487                  0.005      1.874652616997537                    100
      456599.9999999999    -0.1191042646954217                  0.005      1.871492669110243                    100
      456799.9999999999    -0.1774385489470424                  0.005      2.120852981790655                    100
      456999.9999999999    -0.1832590374809076                  0.005      1.992426135366878                    100
      457199.9999999999    0.07261583557147104                  0.005      2.053297616459147                    100
      457399.9999999999   -0.05845703883905423                  0.005      2.198322245387101                    100
      457599.9999999999   -0.04221242079438485                  0.005      2.151225874011604                    100
      457799.9999999999    0.01518079711722124                  0.005      2.197882029337433                    100
      457999.9999999999     0.1305416149279652                  0.005      2.223749000454053                    100
      458199.9999999999     0.2476779822123761                  0.005      2.048847874661928                    100
      458399.9999999999     0.2033994602630561                  0.005      1.998684569639128                    100
      458599.9999999999    0.08865007896647713                  0.005      2.069324908389584                    100
      458799.9999999999   -0.05648641971753708                  0.005      2.156266674719317                    100
      458999.9999999999   -0.03096072968325789                  0.005      2.209768643831114                    100
      459199.9999999999     0.1350269220295908                  0.005      2.054458947658182                    100
      459399.9999999999     0.1986654138884176                  0.005      2.043643064008695                    100
      459599.9999999999      0.259701869847052                  0.005      2.486496006746376                    100
      459799.9999999999     0.3014520627151976                  0.005      2.673504805672439                    100
      459999.9999999999     0.2289894898491609                  0.005      2.213076580594495                    100
      460199.9999999999     0.2294541767657788                  0.005      2.203715377044383                    100
      460399.9999999999     0.1381566545292514                  0.005       1.96852802649277                    100
      460599.9999999999     0.1703575513931042                  0.005      1.867454720479743                    100
      460799.9999999999   -0.04851542991048542                  0.005      2.085004335785862                    100
      460999.9999999999    -0.1668400667961493                  0.005      2.010281877965156                    100
      461199.9999999999     -0.318263431262061                  0.005      3.362858692109756                    100
      461399.9999999999     -0.312992363611505                  0.005      3.091532510244695                    100
      461599.9999999999    -0.3232564205844874                  0.005      3.250363638330805                    100
      461799.9999999999    -0.3157852258783895                  0.005      3.176693351001061                    100
      461999.9999999999    -0.2531133299517532                  0.005      2.182985290631391                    100
      462199.9999999999    -0.1566099162331349                  0.005      2.089452617994389                    100
      462399.9999999999   -0.05401513785494876                  0.005      2.096400352512673                    100
      462599.9999999999     0.1230529579125829                  0.005      2.089632928544374                    100
      462799.9999999999       0.22868736825779                  0.005      2.142716248735153                    100
      462999.9999999999     0.1716574459445608                  0.005      1.866464754339531                    100
      463199.9999999999   -0.04255507474459673                  0.005         2.101480132202                    100
      463399.9999999999    -0.1089373306576955                  0.005      1.947659602946234                    100
      463599.9999999999    -0.1518491832262902                  0.005      1.963680086616064                    100
      463799.9999999999    -0.2800540556134489                  0.005      2.434366506782923                    100
      463999.9999999999    -0.3089102017846189                  0.005      2.792346122721657                    100
      464199.9999999999    -0.2439777373749119                  0.005      2.272067682944336                    100
      464399.9999999999    -0.2087575036746855                  0.005      2.099564452757053                    100
      464599.9999999999   -0.09302622821811814                  0.005      2.236013680411634                    100
      464799.9999999999    -0.1377489791791959                  0.005      2.160806837092368                    100
      464999.9999999999    -0.2805114288304976                  0.005      2.406835056888113                    100
      465199.9999999999    -0.3442913148123446                  0.005       4.37041672618515                    100
      465399.9999999999    -0.2964183926673353                  0.005      2.569154616769129                    100
      465599.9999999999    -0.3061625382968626                  0.005      2.737021006833908                    100
      465799.9999999999    -0.3360434775101213                  0.005      3.879074246743445                    100
      465999.9999999999    -0.3131544449526096                  0.005      2.934796270542062                    100
      466199.9999999999    -0.1066692702212388                  0.005      1.932382600454517                    100
      466399.9999999999    -0.1375210437567419                  0.005      2.133000767070177                    100
      466599.9999999999    -0.2145952432781328                  0.005      1.968267080593156                    100
      466799.9999999999    -0.2103522864962352                  0.005      2.017153831535451                    100
      466999.9999999999     -0.220915039597943                  0.005      2.063378461560108                    100
      467199.9999999999    -0.2774329321499105                  0.005      2.346847364111163                    100
      467399.9999999999    -0.1755596626883146                  0.005      2.102308416721969                    100
      467599.9999999999   -0.07064731062828217                  0.005      2.288799009010544                    100
      467799.9999999999    -0.1520896053275639                  0.005      1.945920500571488                    100
      467999.9999999999    -0.2754932734639097                  0.005      2.328523015388818                    100
      468199.9999999999     -0.331109814381535                  0.005      3.423640414118483                    100
      468399.9999999999    -0.1583012824882076                  0.005      2.039283197845809                    100
      468599.9999999999   -0.04600162265903521                  0.005      2.037901034932539                    100
      468799.9999999999    -0.2507696431987387                  0.005      2.135777155217597                    100
      468999.9999999999    -0.2053694477443653                  0.005       2.17606766791027                    100
      469199.9999999999    -0.2637804011125591                  0.005      2.295206400424783                    100
      469399.9999999999    -0.1566820586620056                  0.005      2.009428492095545                    100
      469599.9999999999    -0.1590660387164262                  0.005      1.988047027707101                    100
      469799.9999999999  0.0006913178246034241                  0.005      2.214740154098191                    100
      469999.9999999999   -0.05973802050361013                  0.005      2.135829040422044                    100
      470199.9999999999   -0.09083881069358271                  0.005      2.116414906147933                    100
      470399.9999999999    -0.1066042371840108                  0.005      1.910277689450319                    100
      470599.9999999999     0.1420927676635579                  0.005      1.904247145636446                    100
      470799.9999999999     0.2418642325737164                  0.005      1.993057498397372                    100
      470999.9999999999     0.2877423795397216                  0.005      2.445739473907138                    100
      471199.9999999999     0.1994268583846946                  0.005      2.004181645411811                    100
      471399.9999999999     0.1596380191066136                  0.005      1.978421045095917                    100
      471599.9999999999    0.04898432702913437                  0.005      1.975919722025945                    100
      471799.9999999999    0.06735911954976227                  0.005      2.061909612585104                    100
      471999.9999999999     0.1130353168441075                  0.005      1.913341487524558                    100
      472199.9999999999     0.2273900588247121                  0.005      2.068164743361934                    100
      472399.9999999999     0.3233133820575321                  0.005      3.152579797394106                    100
      472599.9999999999     0.3010972679445061                  0.005      2.617973007231193                    100
      472799.9999999999     0.2796398435490796                  0.005      2.328266506994314                    100
      472999.9999999999     0.3118138361686441                  0.005        2.9561881631132                    100
      473199.9999999999     0.2796100702817321                  0.005      2.295791355530501                    100
      473399.9999999999     0.1985881346516057                  0.005      1.996455652755875                    100
      473599.9999999999     0.1285501169324966                  0.005       2.20248992791355                    100
      473799.9999999999    0.02766992579302846                  0.005      2.518023452495794                    100
      473999.9999999999      0.125904136332239                  0.005      2.150789222513581                    100
      474199.9999999999     0.2593954983498845                  0.005      2.451423408049443                    100
      474399.9999999999     0.2519209856199259                  0.005      2.168899774984054                    100
      474599.9999999999     0.2392370928640984                  0.005      2.058797662919342                    100
      474799.9999999999     0.2245117156928351                  0.005      2.002728638058032                    100
      474999.9999999999     0.2482309622994395                  0.005      1.999910522156054                    100
      475199.9999999999     0.2585265607954456                  0.005      2.396516841745655                    100
      475399.9999999999     0.2995794341598641                  0.005      2.532588927222225                    100
      475599.9999999999     0.3770715575708024                  0.005      5.040543200786796                    100
      475799.9999999999     0.3425530989548732                  0.005      4.251933040618491                    100
      475999.9999999999     0.3185207778193625                  0.005      2.994019150600409                    100
      476199.9999999999     0.3207097770113806                  0.005      2.987123618958331                    100
      476399.9999999999     0.2909250205303975                  0.005      2.440703689401865                    100
      476599.9999999999     0.3327119648309825                  0.005       3.46924522124573                    100
      476799.9999999999     0.1880745960299559                  0.005        2.3165353374201                    100
      476999.9999999999     0.1270526861059273                  0.005      2.145496316431672                    100
      477199.9999999999     0.2441782727334774                  0.005      1.908392255178552                    100
      477399.9999999999     0.2965645996831442                  0.005      2.441538046658601                    100
      477599.9999999999     0.3407101298972326                  0.005      4.065336871960198                    100
      477799.9999999999      0.236003415863082                  0.005      2.171463812138358                    100
      477999.9999999999    0.05695686839617195                  0.005      2.208221714181231                    100
      478199.9999999999    0.02328942210995563                  0.005      2.593762969089971                    100
      478399.9999999999     0.1971942438095805                  0.005      2.004858188948559                    100
      478599.9999999999     0.2044815778636114                  0.005      1.916161476264554                    100
      478799.9999999999     0.1018722946537855                  0.005      1.885309893367375                    100
      478999.9999999999     0.1434704287427221                  0.005      1.881513546645984                    100
      479199.9999999999     0.1398504661656048                  0.005      1.883455723457221                    100
      479399.9999999999     0.1958687069534724                  0.005      2.021571723806521                    100
      479599.9999999999     0.1099985182317914                  0.005      1.861777420268351                    100
      479799.9999999999     0.1017477708109256                  0.005       1.86116063263404                    100
      479999.9999999999   -0.06613449879070028                  0.005       2.22717165659351                    100
      480199.9999999999     0.0892972802054479                  0.005      2.043525130582717                    100
      480399.9999999999     0.1544276300320118                  0.005       2.07164195258325                    100
      480599.9999999999     0.3184286802233519                  0.005      2.890887899856731                    100
      480799.9999999999     0.3157243155722944                  0.005      2.831189545160146                    100
      480999.9999999999     0.2827573528059623                  0.005      2.282924233115673                    100
      481199.9999999999     0.3335786675189745                  0.005      3.441864657306554                    100
      481399.9999999999      0.213762607977094                  0.005      2.023369079971984                    100
      481599.9999999999   -0.07174311384751174                  0.005      2.221963493566809                    100
      481799.9999999999    -0.2622298752865676                  0.005       2.24725239226672                    100
      481999.9999999999    -0.2809030140853227                  0.005      2.334829731889962                    100
      482199.9999999999    -0.1679000319081619                  0.005      1.986473216491176                    100
      482399.9999999999    -0.1204530692356084                  0.005      1.861237030890288                    100
      482599.9999999999    0.03363261657093529                  0.005      2.062729513853694                    100
      482799.9999999999     0.1828199498254432                  0.005      2.093412143092051                    100
      482999.9999999999     0.1988415235149542                  0.005      1.910732505255816                    100
      483199.9999999999    0.03723490666218826                  0.005      1.930940035990407                    100
      483399.9999999999   -0.05677713220843415                  0.005      2.070014744244173                    100
      483599.9999999999      0.109118898726256                  0.005      1.825517470343755                    100
      483799.9999999999     0.1092589640982098                  0.005      1.807163942323141                    100
      483999.9999999999     0.1369857949951895                  0.005      1.911693848802576                    100
      484199.9999999999     0.2275743195559571                  0.005      2.019508278934489                    100
      484399.9999999999     0.2648255720504732                  0.005       2.23139964581873                    100
      484599.9999999999     0.2686670598561334                  0.005      2.145485378786681                    100
      484799.9999999999     0.1493513701423859                  0.005      1.973337621157214                    100
      484999.9999999999   -0.04420125775471732                  0.005      2.027910676861425                    100
      485199.9999999999    -0.1662002584901301                  0.005      1.927240981676554                    100
      485399.9999999999    -0.2689979833634469                  0.005      2.317582530499948                    100
      485599.9999999999    -0.2371773259136835                  0.005      2.216541217040807                    100
      485799.9999999999    -0.1781907552399161                  0.005      2.039988571573428                    100
      485999.9999999999    -0.1040167567641533                  0.005      1.922760256718583                    100
      486199.9999999999    -0.1171246685651799                  0.005      1.824400345161618                    100
      486399.9999999999    -0.2252626372571376                  0.005      2.178073434526431                    100
      486599.9999999999     -0.198619398305583                  0.005      2.387121100341393                    100
      486799.9999999999    -0.1740039230135037                  0.005      2.048265961284041                    100
      486999.9999999999    -0.1921076081015098                  0.005      2.017695716474621                    100
      487199.9999999999    -0.1000712630970113                  0.005      2.048021170754596                    100
      487399.9999999999    0.05065027454680236                  0.005      1.955273770289922                    100
      487599.9999999999     0.1194886121825674                  0.005      1.903027071112231                    100
      487799.9999999999     0.1353128719483436                  0.005      1.928257521212138                    100
      487999.9999999999     0.1003850457816665                  0.005      1.863614558650656                    100
      488199.9999999999     0.1223894496340677                  0.005      1.959239575550332                    100
      488399.9999999999     0.1205266866286664                  0.005       1.88181706489013                    100
      488599.9999999999     0.1790710479089275                  0.005      1.953127260598436                    100
      488799.9999999999     0.1738994770235153                  0.005      1.868461072047279                    100
      488999.9999999999     0.0582298551380136                  0.005      2.212941252055951                    100
      489199.9999999999   -0.07776507918810813                  0.005      1.974739937242982                    100
      489399.9999999999   -0.03814164198847646                  0.005      2.159094338392042                    100
      489599.9999999999   -0.03075331202643784                  0.005      2.162437097310042                    100
      489799.9999999999    0.02135828464072395                  0.005      2.471293489794581                    100
      489999.9999999999   -0.02995273933505954                  0.005      2.114209839662907                    100
      490199.9999999999     0.1457420399530597                  0.005      1.848559189702613                    100
      490399.9999999999     0.2736175534026498                  0.005      2.210217532248323                    100
      490599.9999999999     0.2549190964965412                  0.005      2.237614956049708                    100
      490799.9999999999     0.1635493775760148                  0.005       1.84447309107965                    100
      490999.9999999999   -0.03832747523562308                  0.005      2.110095664439078                    100
      491199.9999999999    -0.1205276286742206                  0.005      1.825603584439447                    100
      491399.9999999999    -0.1620464277066824                  0.005      1.906484564116932                    100
      491599.9999999999    -0.1410963753563436                  0.005      2.073719693453711                    100
      491799.9999999999    -0.2050680792198629                  0.005      2.148574789823768                    100
      491999.9999999999    -0.2263184938755449                  0.005      2.158162666053529                    100
      492199.9999999999    -0.2252280869908956                  0.005      2.122205043303167                    100
      492399.9999999999    -0.2743636927589392                  0.005      2.274868608387649                    100
      492599.9999999999     -0.193471921498243                  0.005      2.070818598398379                    100
      492799.9999999999   -0.09299977668615576                  0.005      2.166644039812261                    100
      492999.9999999999     0.1167943967018471                  0.005      1.827529489920758                    100
      493199.9999999999   -0.02190216121281734                  0.005      2.163500691233277                    100
      493399.9999999999    0.06878193822631508                  0.005      2.002654221848509                    100
      493599.9999999999    0.02724237939920841                  0.005      2.443513496328486                    100
      493799.9999999999   -0.03182857245905803                  0.005       2.11978321782916                    100
      493999.9999999999    -0.1986282378256694                  0.005      2.311005739291333                    100
      494199.9999999999    -0.2035965508774957                  0.005       2.17013021453085                    100
      494399.9999999999     -0.287496919714253                  0.005      2.425750698762935                    100
      494599.9999999999    -0.3185812283675519                  0.005      3.126256531556503                    100
      494799.9999999999    -0.3327064942737644                  0.005      3.460033553187574                    100
      494999.9999999999    -0.3082004502428382                  0.005      2.656433812191019                    100
      495199.9999999999     -0.319799550871161                  0.005      3.074583320434397                    100
      495399.9999999999    -0.2548511303906875                  0.005      2.139586090939697                    100
      495599.9999999999     -0.262254753379853                  0.005      2.193979382048329                    100
      495799.9999999999    -0.2306716886828181                  0.005      2.095606371295364                    100
      495999.9999999999    -0.1845930189559648                  0.005      1.910429874629582                    100
      496199.9999999999    -0.2418054661684041                  0.005      2.230222513367313                    100
      496399.9999999999     -0.220374190341797                  0.005      1.967936110571764                    100
      496599.9999999999    -0.1754592072643235                  0.005      2.013942830366231                    100
      496799.9999999999    -0.1048977160463886                  0.005      1.867165626322032                    100
      496999.9999999999    -0.2527267605877693                  0.005      2.080225232431215                    100
      497199.9999999999    -0.2682038671678517                  0.005      2.245798874261697                    100
      497399.9999999999     -0.256409537356421                  0.005      2.099555278189693                    100
      497599.9999999999    -0.2109606373773796                  0.005      1.933325542086603                    100
      497799.9999999999    -0.3332925283945201                  0.005      3.431862095319638                    100
      497999.9999999999    -0.3446060487255237                  0.005      4.223543774720302                    100
      498199.9999999999     -0.341267687183805                  0.005       4.00899122043274                    100
      498399.9999999999    -0.3356950231554247                  0.005      3.515779311748471                    100
      498599.9999999999    -0.3578483856959983                  0.005      4.688235244718028                    100
      498799.9999999999    -0.2405957928322192                  0.005      2.194566174658746                    100
      498999.9999999999   -0.05678533461549282                  0.005       2.04346906865703                    100
      499199.9999999999    -0.0961209910016667                  0.005      2.149133100907626                    100
      499399.9999999999    -0.1381420364463766                  0.005       2.08288766191141                    100
      499599.9999999999    -0.3113285125727557                  0.005      2.702589635841171                    100
      499799.9999999999    -0.2773084730794766                  0.005      2.214946216499212                    100
      499999.9999999999    -0.2944295413873592                  0.005      2.417235178097562                    100
      500199.9999999999    -0.2469783228551234                  0.005      2.104039727737599                    100
      500399.9999999999    -0.2589105442515805                  0.005      2.101580825079899                    100
      500599.9999999999    -0.3100969515097822                  0.005      2.607653707218593                    100
      500799.9999999999    -0.3305024713966188                  0.005      3.142991984032974                    100
      500999.9999999999    -0.2432293312154881                  0.005      2.144306836031272                    100
      501199.9999999999      -0.23078326775439                  0.005       2.05912940223032                    100
      501399.9999999999        -0.167282696868                  0.005      1.896005690739221                    100
      501599.9999999999     -0.254220040851468                  0.005      2.016978923272949                    100
      501799.9999999999    -0.2999773608168748                  0.005      2.663869467633964                    100
      501999.9999999999    -0.3308841432564639                  0.005      3.097019146443577                    100
      502199.9999999999    -0.2818861891456472                  0.005      2.278852878367955                    100
      502399.9999999999    -0.2852144154515412                  0.005      2.340590705560874                    100
      502599.9999999999     -0.160345752007408                  0.005      1.904329851380208                    100
      502799.9999999999     -0.151355847118882                  0.005      1.867195620088808                    100
      502999.9999999999    -0.2334015957568051                  0.005      2.047404367036859                    100
      503199.9999999999    -0.3332616965697739                  0.005      3.163150044977366                    100
      503399.9999999999    -0.3377073302682633                  0.005      3.514457234293903                    100
      503599.9999999999    -0.2521252862254033                  0.005      1.979239114873215                    100
      503799.9999999999    -0.1672500359447655                  0.005      1.865548419035185                    100
      503999.9999999999    0.06392781713012799                  0.005      2.125871569069903                    100
      504199.9999999999    0.05672702882873107                  0.005       2.11961188740539                    100
      504399.9999999999    0.03319400580019405                  0.005      2.026027538708278                    100
      504599.9999999999    -0.1781102374353763                  0.005      1.962918468004461                    100
      504799.9999999999    -0.1360915606538997                  0.005      2.063183921456633                    100
      504999.9999999999    0.01811640755992366                  0.005      2.234582594923055                    100
      505199.9999999999     0.1208204245708531                  0.005      1.852801826603714                    100
      505399.9999999999   -0.06109364275384135                  0.005      2.072946655548414                    100
      505599.9999999999    -0.1375630185691527                  0.005      2.034540211976723                    100
      505799.9999999999   -0.08782834857597127                  0.005      1.917892146752404                    100
      505999.9999999999    -0.1066928595895946                  0.005      1.834100077011952                    100
      506199.9999999999   -0.05612086727415178                  0.005      1.997997047340008                    100
      506399.9999999999   -0.06498597532436122                  0.005      2.124816964402506                    100
      506599.9999999999  -0.009697489308105753                  0.005      2.189419474247175                    100
      506799.9999999999     0.1067204993224302                  0.005      1.757327126671003                    100
      506999.9999999999     0.2276175702789798                  0.005      1.996480838440362                    100
      507199.9999999999     0.2786953366569289                  0.005       2.21649611775723                    100
      507399.9999999999     0.3216819071234515                  0.005      2.884770763793439                    100
      507599.9999999999     0.3025906190478226                  0.005      2.568128512263078                    100
      507799.9999999999     0.3288576944743433                  0.005       3.09003986486892                    100
      507999.9999999999     0.2835389019686996                  0.005      2.238488542463289                    100
      508199.9999999999     0.2845847870541344                  0.005      2.230175257597915                    100
      508399.9999999999       0.16831582163231                  0.005      1.781999245619798                    100
      508599.9999999999    0.01651268967741268                  0.005      2.140784207674106                    100
      508799.9999999999   -0.05886978828366977                  0.005      1.984256607061268                    100
      508999.9999999999    -0.1392689032977941                  0.005      2.004812145340498                    100
      509199.9999999999    -0.1576938245179287                  0.005      1.909172601216652                    100
      509399.9999999999   -0.06284172795108436                  0.005      2.029766835774105                    100
      509599.9999999999    -0.1106336862868328                  0.005      1.832997780048932                    100
      509799.9999999999    0.09144057238232015                  0.005      2.021371856939021                    100
      509999.9999999999    -0.1179333013230544                  0.005      1.776641005205238                    100
      510199.9999999999    -0.2056123521687013                  0.005      2.045888297676207                    100
      510399.9999999999    -0.3583196089748634                  0.005      4.575548976089348                    100
      510599.9999999999    -0.3384975317787784                  0.005      3.520702880251769                    100
      510799.9999999999    -0.3241821817523544                  0.005      2.976222390537444                    100
      510999.9999999999     -0.325214481676203                  0.005      2.914775133012415                    100
      511199.9999999999    -0.1336922627486188                  0.005      2.012626053911757                    100
      511399.9999999999    -0.1709744001090669                  0.005      1.929649729108521                    100
      511599.9999999999    -0.2183203500730246                  0.005      1.889363615624928                    100
      511799.9999999999    -0.2754432974858824                  0.005       2.17434632106694                    100
      511999.9999999999    -0.2468704582306875                  0.005      2.035010701096305                    100
      512199.9999999999    -0.3043276857179831                  0.005      2.610665638325275                    100
      512399.9999999999    -0.3586680011437385                  0.005      4.465151714280411                    100
      512599.9999999999     -0.330507142468496                  0.005      2.886522806361441                    100
      512799.9999999999    -0.2787132553096668                  0.005      2.137650160385521                    100
      512999.9999999999    -0.3640204348390547                  0.005      4.717056266756012                    100
      513199.9999999999    -0.3092453879922701                  0.005      2.513793439680342                    100
      513399.9999999999    -0.1868362787623999                  0.005      1.850456073717884                    100
      513599.9999999999    -0.1908639469217782                  0.005      1.881805825648208                    100
      513799.9999999999    -0.2437767174436644                  0.005      2.076721873916871                    100
      513999.9999999999    -0.2933127758321926                  0.005      2.318770651731835                    100
      514199.9999999999    -0.3077084044304653                  0.005      2.461638594334528                    100
      514399.9999999999    -0.2594902119475321                  0.005      2.057340906184403                    100
      514599.9999999999    -0.1868314726842535                  0.005      1.815119637883295                    100
      514799.9999999999   -0.04718955528931992                  0.005      1.962869113483729                    100
      514999.9999999999     -0.179988351634641                  0.005      1.903135389698118                    100
      515199.9999999999    -0.2041260434594906                  0.005      2.083742906314604                    100
      515399.9999999999    -0.2344641948774593                  0.005      2.030562638651667                    100
      515599.9999999999    -0.3077676668274962                  0.005      2.425244312352899                    100
      515799.9999999999    -0.2746624869190661                  0.005      2.137302274101313                    100
      515999.9999999999    -0.2901712636469769                  0.005      2.277902523673629                    100
      516199.9999999999    -0.3218322215645619                  0.005      2.887192645957645                    100
      516399.9999999999    -0.2633075576956176                  0.005      2.094647365969995                    100
      516599.9999999999  -0.002182276055732596                  0.005      2.097554768310006                    100
      516799.9999999999     0.1081031302959953                  0.005      1.745099742419872                    100
      516999.9999999999     0.1704481305488569                  0.005      1.778574612379909                    100
      517199.9999999999     0.1303201026129343                  0.005      2.051437929812599                    100
      517399.9999999999     0.2031688951010779                  0.005      1.870520909467063                    100
      517599.9999999999     0.1371582222707889                  0.005      1.850934103454116                    100
      517799.9999999999     0.2111256337493903                  0.005      1.920388422671628                    100
      517999.9999999999     0.1870310680489592                  0.005      2.228259954513739                    100
      518199.9999999999     0.2305595973936035                  0.005      2.091706061919503                    100
      518399.9999999999     0.2564199778539393                  0.005       2.26763872913956                    100
      518599.9999999999     0.3032291873979538                  0.005       2.55784051828966                    100
      518799.9999999999    0.09612063099306987                  0.005      1.955845018038588                    100
      518999.9999999999     0.1800592860355723                  0.005      1.926142809094368                    100
      519199.9999999999     0.2742292318053849                  0.005      2.162584045167705                    100
      519399.9999999999     0.3006551358380478                  0.005      2.421138654243201                    100
      519599.9999999999     0.1206880033444716                  0.005      1.824151891088288                    100
      519799.9999999999    0.05601679760437898                  0.005       2.06547409891688                    100
      519999.9999999999     0.1037809985457181                  0.005      1.734954397611669                    100
      520199.9999999999   -0.03093278499515795                  0.005      2.072089002373883                    100
      520399.9999999999    0.05564931073679727                  0.005      2.025608943213982                    100
      520599.9999999999      0.104053811838236                  0.005       1.71360794569505                    100
      520799.9999999999    0.01178350074032335                  0.005      2.165211634796174                    100
      520999.9999999999   -0.07788759964037215                  0.005       1.94168378622325                    100
      521199.9999999999   -0.09555523358507388                  0.005      2.120697239587468                    100
      521399.9999999999    -0.1324106629633343                  0.005      1.997625921485655                    100
      521599.9999999999   -0.01164801318571254                  0.005      2.191747017313198                    100
      521799.9999999999     0.1137897828039557                  0.005      1.769878951884456                    100
      521999.9999999999   -0.01666752620892188                  0.005      2.219115537538985                    100
      522199.9999999999     0.1960219590290547                  0.005      1.957475596755487                    100
      522399.9999999999     0.1258232091941968                  0.005      1.994545775067222                    100
      522599.9999999999     0.1694027035959082                  0.005      1.747757350599022                    100
      522799.9999999999    0.05425789977267108                  0.005      1.950395544894729                    100
      522999.9999999999     0.2563727884166532                  0.005      2.235280420416474                    100
      523199.9999999999     0.2503320214237015                  0.005      1.987161356632737                    100
      523399.9999999999      0.144387703382012                  0.005      1.798768066302699                    100
      523599.9999999999     0.0516260413639183                  0.005       1.87159188654655                    100
      523799.9999999999    0.06848023312576988                  0.005      1.962158548880321                    100
      523999.9999999999    0.06150546325463049                  0.005      2.106377680822144                    100
      524199.9999999999    0.07225613990395344                  0.005       1.96326445157882                    100
      524399.9999999999  -0.003489646313756922                  0.005      2.049960443334713                    100
      524599.9999999999    0.03632055982305502                  0.005       1.89803308674995                    100
      524799.9999999999     0.1057561315199318                  0.005      1.681370947529077                    100
      524999.9999999999     0.1117913580598921                  0.005      1.725677782606613                    100
      525199.9999999999    0.01596222277053418                  0.005      2.081387727516038                    100
      525399.9999999999     0.1430186397377512                  0.005      1.767558037018012                    100
      525599.9999999999      0.295925221139016                  0.005      2.347686630287644                    100
      525799.9999999999     0.2766013146943406                  0.005      2.140289314087387                    100
      525999.9999999999     0.1902234089282646                  0.005      2.186157359903249                    100
      526199.9999999999     0.2580223141778462                  0.005      2.244708090898725                    100
      526399.9999999999     0.2360750010765902                  0.005       2.11346631975056                    100
      526599.9999999999     0.1733249977110508                  0.005      1.785415539407596                    100
      526799.9999999999       0.18562708090853                  0.005      2.115666774554551                    100
      526999.9999999999     0.1856685905397589                  0.005      2.090515274464946                    100
      527199.9999999999     0.3072761693841602                  0.005      2.687835503179958                    100
      527399.9999999999     0.2647147650930171                  0.005      2.141042172544669                    100
      527599.9999999999    0.07510674140687794                  0.005      2.002590801527479                    100
      527799.9999999999     0.1736455234613942                  0.005      1.769836234370864                    100
      527999.9999999999      0.165232483184486                  0.005      1.747893774102711                    100
      528199.9999999999     0.1060080025381841                  0.005       1.65535415726923                    100
      528399.9999999999     0.1812334537055513                  0.005      1.887705794676059                    100
      528599.9999999999    0.09760119149556545                  0.005      1.866312173554044                    100
      528799.9999999999     0.2072546493383779                  0.005      1.847290643649858                    100
      528999.9999999999     0.1999628855896755                  0.005      1.827890144866941                    100
      529199.9999999999       0.14759927486372                  0.005      1.845139728868714                    100
      529399.9999999999     0.2221221519401291                  0.005      1.973107164722806                    100
      529599.9999999999     0.2722358854050713                  0.005      2.085500336474117                    100
      529799.9999999999     0.3569518424009646                  0.005      4.472072745873524                    100
      529999.9999999999     0.2340538360229094                  0.005      2.122207576095919                    100
      530199.9999999999      0.270045887449833                  0.005       2.03410923907704                    100
      530399.9999999999     0.2149125276317609                  0.005        1.9946488923897                    100
      530599.9999999999   -0.01922613912381758                  0.005      2.169696588254348                    100
      530799.9999999999   -0.07707012145084186                  0.005      1.955863988281153                    100
      530999.9999999999    0.02387087955702849                  0.005       2.45090507199847                    100
      531199.9999999999   -0.06137419219208853                  0.005      1.973244233967619                    100
      531399.9999999999    0.09833366602847753                  0.005      1.818336846673941                    100
      531599.9999999999   -0.08571871977021023                  0.005      1.816217952186556                    100
      531799.9999999999    -0.1290841654224505                  0.005      1.974737851005162                    100
      531999.9999999999    -0.1038407877603391                  0.005      1.824815458284158                    100
      532199.9999999999   -0.00213774180837456                  0.005      2.042283299937127                    100
      532399.9999999999    0.06981729840982971                  0.005      1.896109120222716                    100
      532599.9999999999    0.04338563350484131                  0.005      1.916403546189683                    100
      532799.9999999999    -0.1701155206327357                  0.005      1.885935274880489                    100
      532999.9999999999   -0.08127860784146533                  0.005      1.779815373098023                    100
      533199.9999999999    -0.1152393436167163                  0.005      1.771214082491428                    100
      533399.9999999999   -0.06269428613994102                  0.005      1.978131703690689                    100
      533599.9999999999    0.03247714913409741                  0.005      2.013436076541187                    100
      533799.9999999999  -0.007400404747104794                  0.005      2.042280789434372                    100
      533999.9999999999    -0.1065946237904302                  0.005      1.775071539393619                    100
      534199.9999999999     0.0591569233447231                  0.005      2.062239043732913                    100
      534399.9999999999   -0.09399673298127771                  0.005      2.082440397158744                    100
      534599.9999999999    -0.1106424720923663                  0.005       1.77204134968289                    100
      534799.9999999999    -0.1159722891210094                  0.005      1.732046088024138                    100
      534999.9999999999    -0.1257535548794209                  0.005      1.895184603740124                    100
      535199.9999999999   -0.01249603707345645                  0.005      2.122354906299286                    100
      535399.9999999999    -0.1285080297319151                  0.005       1.92586816159117                    100
      535599.9999999999    -0.2411524799741938                  0.005      2.068908604813464                    100
      535799.9999999999    -0.2334647701616605                  0.005      1.987665729774471                    100
      535999.9999999999     -0.131064389693672                  0.005      1.925421039872896                    100
      536199.9999999999    -0.1546722440822936                  0.005      1.878661451469893                    100
      536399.9999999999   -0.06676238394535051                  0.005       2.07503659218508                    100
      536599.9999999999    0.01416128858040899                  0.005      2.042744112583127                    100
      536799.9999999999   -0.02496347684739013                  0.005      2.003998161454865                    100
      536999.9999999999    0.05132719209960813                  0.005      1.832813039776855                    100
      537199.9999999999    0.06044228794140513                  0.005      2.047173846472917                    100
      537399.9999999999    0.04336073251889347                  0.005      1.886255819132793                    100
      537599.9999999999   0.003754793272301452                  0.005      2.250857852732166                    100
      537799.9999999999   -0.08924393161512714                  0.005       1.90257695811338                    100
      537999.9999999999   -0.01420909856565687                  0.005      2.117283395743847                    100
      538199.9999999999    -0.0284719756961189                  0.005      1.974451452622596                    100
      538399.9999999999    -0.1674179081484233                  0.005      1.807155865854659                    100
      538599.9999999999    -0.2581714401459409                  0.005      1.995440953197077                    100
      538799.9999999999    -0.2066621093828513                  0.005      1.960309831949829                    100
      538999.9999999999    -0.1453789817835846                  0.005      1.876794868155087                    100
      539199.9999999999    -0.1328713429567271                  0.005      1.908278571493636                    100
      539399.9999999999    -0.2098360725165354                  0.005      1.876915964104853                    100
      539599.9999999999    -0.1645978834204767                  0.005      1.765436009548195                    100
      539799.9999999999     -0.146958646230262                  0.005      1.822262911023255                    100
      539999.9999999999    -0.2380185620997732                  0.005      2.017229236761465                    100
      540199.9999999999    -0.3032191280903205                  0.005      2.523908376204048                    100
      540399.9999999999    -0.2114121873373547                  0.005      1.842387809708338                    100
      540599.9999999999    -0.1249395495684494                  0.005      1.821078064580397                    100
      540799.9999999999    -0.2102024425445745                  0.005      1.832219269336281                    100
      540999.9999999999    -0.2488298774561042                  0.005      1.935889477390534                    100
      541199.9999999999    -0.1371926245978435                  0.005      1.906795098838929                    100
      541399.9999999999    -0.1376786662189556                  0.005      1.888986471522197                    100
      541599.9999999999    -0.3657206973230703                  0.005      4.711024924709611                    100
      541799.9999999999    -0.2269846226939535                  0.005      2.017326270944047                    100
      541999.9999999999    -0.1815478075768828                  0.005      1.859913936448868                    100
      542199.9999999999    -0.3592374709369633                  0.005      4.242484118468155                    100
      542399.9999999999    -0.2649791907220734                  0.005      2.089513852207003                    100
      542599.9999999999    -0.2778857814647968                  0.005      2.080310539736351                    100
      542799.9999999999    -0.2371626033838779                  0.005      1.978673321414949                    100
      542999.9999999999    -0.2695858277872227                  0.005      2.138636052390637                    100
      543199.9999999999    -0.2288666887164204                  0.005        1.9611204529603                    100
      543399.9999999999    -0.1747415234816314                  0.005       1.89610585328217                    100
      543599.9999999999     -0.180301831415355                  0.005      1.842832054080428                    100
      543799.9999999999    -0.1607305266750854                  0.005      1.805680689483603                    100
      543999.9999999999   -0.09110221175106142                  0.005      1.957793332522875                    100
      544199.9999999999     0.1322010858840829                  0.005      1.946631635850079                    100
      544399.9999999999      0.242073125537543                  0.005      1.869586860037676                    100
      544599.9999999999      0.295437359686229                  0.005      2.315083770992855                    100
      544799.9999999999     0.2152818692203074                  0.005      1.980572080264915                    100
      544999.9999999999    0.09886450440237338                  0.005      1.778757211751145                    100
      545199.9999999999     0.1219594100501637                  0.005      1.815868979386369                    100
      545399.9999999999   -0.04897120040702595                  0.005      1.938027289337956                    100
      545599.9999999999    -0.2266916193923765                  0.005      1.971942787205589                    100
      545799.9999999999    -0.1314182788584002                  0.005      1.853879619054172                    100
      545999.9999999999     0.1742327937535694                  0.005      1.750115342596762                    100
      546199.9999999999     0.1972396705962258                  0.005      1.858120476193647                    100
      546399.9999999999     0.2498112112903894                  0.005       1.93437680521937                    100
      546599.9999999999      0.080249230687747                  0.005      2.043693623891205                    100
      546799.9999999999   -0.06475798179142085                  0.005      1.990001739331376                    100
      546999.9999999999   0.006503683707663771                  0.005       2.27322446404981                    100
      547199.9999999999    0.08810897187974766                  0.005      1.974253631145371                    100
      547399.9999999999   -0.01072690986104866                  0.005       2.04345561501951                    100
      547599.9999999999    -0.0562513071485507                  0.005      1.895610304400126                    100
      547799.9999999999   -0.03486572210186492                  0.005      2.090232238978271                    100
      547999.9999999999     0.1369207157724722                  0.005      1.801352235795502                    100
      548199.9999999999    0.09964525633020301                  0.005      1.730407650227173                    100
      548399.9999999999     0.1615354320475876                  0.005      1.833893870901879                    100
      548599.9999999999     0.1435218666405075                  0.005      1.728528348710456                    100
      548799.9999999999   -0.06030435465096058                  0.005      1.870831033193693                    100
      548999.9999999999    -0.1099411731009275                  0.005      1.741932764861993                    100
      549199.9999999999    -0.1394083352799581                  0.005      1.874862936737096                    100
      549399.9999999999    -0.1409401363733316                  0.005      1.860646360312441                    100
      549599.9999999999    0.01109160880098095                  0.005      2.098184191869772                    100
      549799.9999999999    0.01487842883989558                  0.005      1.984992323003903                    100
      549999.9999999999   -0.09526492678299438                  0.005      2.031366894232917                    100
      550199.9999999999    0.08530568038770336                  0.005      1.977599608770322                    100
      550399.9999999999    0.07508130155639793                  0.005      1.947156112838442                    100
      550599.9999999999    0.04027405201634406                  0.005      1.838264575740396                    100
      550799.9999999999    0.06431155218301256                  0.005       1.96386309634636                    100
      550999.9999999999   -0.06501697190035381                  0.005      1.954943682590571                    100
      551199.9999999999   -0.06130572798545611                  0.005      1.844373226676841                    100
      551399.9999999999   -0.04423089615022067                  0.005      1.933148775516961                    100
      551599.9999999999    0.08572572901113608                  0.005      1.947314304744083                    100
      551799.9999999999  -0.009226168357635914                  0.005      1.995707386788729                    100
      551999.9999999999     0.1211976098034739                  0.005      1.772738940961322                    100
      552199.9999999999     0.1480889019076256                  0.005      1.827609331193675                    100
      552399.9999999999     0.2135872784617447                  0.005      1.910067915347623                    100
      552599.9999999999     0.3077917589276477                  0.005      2.664480317620744                    100
      552799.9999999999     0.3449241371470386                  0.005      4.100455155548562                    100
      552999.9999999999     0.3624618898330721                  0.005      4.483603276517041                    100
      553199.9999999999     0.2407609339130092                  0.005        1.8731959863671                    100
      553399.9999999999     0.1847101822466055                  0.005      2.002791252084295                    100
      553599.9999999999     0.1432881407406084                  0.005      1.697209084342707                    100
      553799.9999999999     0.1275772825018499                  0.005      1.971396811449088                    100
      553999.9999999999     0.2152458964292967                  0.005      1.935073998104464                    100
      554199.9999999999     0.3492232894827475                  0.005      4.144419961159732                    100
      554399.9999999999     0.2038299015288689                  0.005      1.789907723008347                    100
      554599.9999999999     0.1382058948803246                  0.005      1.734137423405804                    100
      554799.9999999999     0.1847928050986542                  0.005      1.982479091900599                    100
      554999.9999999999     0.2521053889745198                  0.005      1.981945988749369                    100
      555199.9999999999     0.3620896877707557                  0.005       4.34849512039587                    100
      555399.9999999999     0.3244389081004826                  0.005      2.898018170928875                    100
      555599.9999999999     0.2839492544244633                  0.005      2.167561949039007                    100
      555799.9999999999     0.2660894330350515                  0.005      2.045643010955098                    100
      555999.9999999999     0.3063404786945313                  0.005      2.558705034012017                    100
      556199.9999999999     0.3467244721715316                  0.005      3.968872737581506                    100
      556399.9999999999     0.2060436564646408                  0.005      1.773265064755449                    100
      556599.9999999999     0.1858995331207088                  0.005      2.005904321057291                    100
      556799.9999999999     0.2093484236726833                  0.005      1.767575279407568                    100
      556999.9999999999     0.3073953413452969                  0.005      2.566895120519511                    100
      557199.9999999999     0.3263653633662039                  0.005      2.906153668549616                    100
      557399.9999999999     0.3218425074206447                  0.005      2.744148436410883                    100
      557599.9999999999      0.343094615435185                  0.005      3.830793356847387                    100
      557799.9999999999     0.3204468770349687                  0.005      2.678858807408437                    100
      557999.9999999999     0.3518219825639782                  0.005       4.03874700846907                    100
      558199.9999999999     0.3765358975317176                  0.005      4.883544206344199                    100
      558399.9999999999     0.2983945633465782                  0.005      2.260333055141828                    100
      558599.9999999999     0.3453213009463735                  0.005      3.731457176189194                    100
      558799.9999999999     0.2956651118849132                  0.005      2.245774470368172                    100
      558999.9999999999     0.3186408789155666                  0.005      2.628563694194979                    100
      559199.9999999999     0.2259529314314441                  0.005      1.886974247914114                    100
      559399.9999999999     0.1468211009608137                  0.005      1.743987704163054                    100
      559599.9999999999      0.134735730433593                  0.005      1.798953770849958                    100
      559799.9999999999     0.1347697471446814                  0.005      1.778598887545384                    100
      559999.9999999999      0.115071799112716                  0.005      1.714576315630125                    100
      560199.9999999999   -0.05295346061256877                  0.005      1.876709190498593                    100
      560399.9999999999   -0.09973120752154628                  0.005      1.901619226962008                    100
      560599.9999999999   -0.07013627336334737                  0.005      2.074822936124733                    100
      560799.9999999999     0.0427827142235068                  0.005      1.843890132831867                    100
      560999.9999999999      0.119234115048469                  0.005      1.700613144783272                    100
      561199.9999999999    -0.1110235291384762                  0.005      1.722895570404861                    100
      561399.9999999999    -0.1522702076690841                  0.005      1.800235764884046                    100
      561599.9999999999    -0.2364855695847677                  0.005      1.936558026799628                    100
      561799.9999999999    -0.1599966944615212                  0.005      1.795775681031645                    100
      561999.9999999999    -0.2309274932734398                  0.005      1.882033797181754                    100
      562199.9999999999    -0.2306418536397326                  0.005      1.863618126195067                    100
      562399.9999999999    -0.2321348875828814                  0.005      1.835400898204885                    100
      562599.9999999999    -0.2411913557578176                  0.005      1.965543092910232                    100
      562799.9999999999    -0.3516964188493529                  0.005      4.203463557205352                    100
      562999.9999999999    -0.2043165787456055                  0.005      1.996190672818922                    100
      563199.9999999999    -0.1445550789632833                  0.005      1.805589863552321                    100
      563399.9999999999     -0.177408451261558                  0.005       1.84648497850879                    100
      563599.9999999999    -0.1472507277410803                  0.005      1.747576847840431                    100
      563799.9999999999    -0.1231296751089445                  0.005      1.759074804933295                    100
      563999.9999999999    -0.1550292725562045                  0.005      1.800842896903444                    100
      564199.9999999999    -0.2621187051829399                  0.005      2.000337077144672                    100
      564399.9999999999    -0.3491795767612401                  0.005      4.054376617581127                    100
      564599.9999999999    -0.2875497038021914                  0.005      2.267692460450442                    100
      564799.9999999999     -0.299160199790027                  0.005      2.489344007961385                    100
      564999.9999999999    -0.3384726729077785                  0.005       3.41438502716666                    100
      565199.9999999999    -0.3303137457778147                  0.005      2.805779935607211                    100
      565399.9999999999    -0.2422281627451752                  0.005      1.950680579700062                    100
      565599.9999999999   -0.05099168730723777                  0.005      1.867697994811003                    100
      565799.9999999999     0.1422915743882354                  0.005      1.644441218148672                    100
      565999.9999999999     0.2688200248871476                  0.005      1.983777707538033                    100
      566199.9999999999      0.357879022064268                  0.005      4.127008131667199                    100
      566399.9999999999     0.2797814367974564                  0.005      2.078531701887253                    100
      566599.9999999999     0.2884422308181216                  0.005      2.230388164143132                    100
      566799.9999999999     0.3195402753934281                  0.005      2.588859526595256                    100
      566999.9999999999     0.2238550768469423                  0.005      1.869689729560123                    100
      567199.9999999999     0.2423295533186799                  0.005      1.815132078884153                    100
      567399.9999999999     0.2526391688924465                  0.005      1.974681604714279                    100
      567599.9999999999     0.2742203903933172                  0.005      2.025152529814191                    100
      567799.9999999999     0.1982602963803335                  0.005      1.792677096816499                    100
      567999.9999999999      0.249413860383072                  0.005      1.851782427551526                    100
      568199.9999999999     0.1257523922020801                  0.005      1.886408688279626                    100
      568399.9999999999     0.1937653831498165                  0.005      1.941722062769587                    100
      568599.9999999999     0.2782958387262136                  0.005      2.025292622198435                    100
      568799.9999999999     0.3553713041375526                  0.005      3.975926483248972                    100
      568999.9999999999     0.2957062863685431                  0.005      2.204778636022618                    100
      569199.9999999999     0.2914637659196028                  0.005      2.210558971095317                    100
      569399.9999999999     0.2566715455573487                  0.005      2.107278160710239                    100
      569599.9999999999     0.1981999090603767                  0.005      1.760964225245194                    100
      569799.9999999999     0.1598920243817048                  0.005      1.868920266306545                    100
      569999.9999999999    0.06948165657989487                  0.005      1.840995990391183                    100
      570199.9999999999    -0.1573517267950005                  0.005      1.791031546013252                    100
      570399.9999999999    -0.2884543504090009                  0.005      2.228392621330265                    100
      570599.9999999999    -0.2569558235376959                  0.005      1.928065303299872                    100
      570799.9999999999     -0.203314703107223                  0.005      2.026908877797423                    100
      570999.9999999999    0.04634734355737247                  0.005      1.825664640430736                    100
      571199.9999999999   -0.09050244695564473                  0.005      1.892338639193335                    100
      571399.9999999999     -0.205890824553054                  0.005      1.878173596996895                    100
      571599.9999999999     -0.288947022836376                  0.005      2.194105946913012                    100
      571799.9999999999    -0.3188622856876012                  0.005      2.859867296401456                    100
      571999.9999999999    -0.2490436366695214                  0.005      1.886015623854362                    100
      572199.9999999999    -0.2642966467663212                  0.005      2.003180640800702                    100
      572399.9999999999    -0.3100337799517394                  0.005      2.405847939569213                    100
      572599.9999999999    -0.2767890341939746                  0.005      2.038435239768728                    100
      572799.9999999999    -0.2925725607950355                  0.005      2.167990173762635                    100
      572999.9999999999     -0.226949412370462                  0.005      1.896904508372052                    100
      573199.9999999999    -0.1681936848614232                  0.005      1.760742615778047                    100
      573399.9999999999    -0.1873325576036207                  0.005        1.7641853233887                    100
      573599.9999999999    -0.1419398669308603                  0.005      1.807062972073502                    100
      573799.9999999999    -0.1902539050604654                  0.005      1.797363747031663                    100
      573999.9999999999    -0.2143144209709649                  0.005      1.786161700941908                    100
      574199.9999999999    -0.2261976248806322                  0.005      1.888982010800399                    100
      574399.9999999999   -0.02560799548804102                  0.005      1.943833122287018                    100
      574599.9999999999    0.06148784192426826                  0.005      1.993897007082544                    100
      574799.9999999999   -0.00498945213249366                  0.005      1.933453813368986                    100
      574999.9999999999   0.007586472076484635                  0.005      2.197258396088109                    100
      575199.9999999999    0.05447706554923282                  0.005      1.841426853471443                    100
      575399.9999999999    -0.1331480183594091                  0.005      1.808722468336631                    100
      575599.9999999999   -0.02918398307980494                  0.005      1.933987386109806                    100
      575799.9999999999   -0.02904877304879075                  0.005      1.908892594290288                    100
      575999.9999999999    -0.0786733852151154                  0.005      1.828231183785008                    100
      576199.9999999999   -0.00918709866952247                  0.005      1.955183525053521                    100
      576399.9999999999     0.0665570917074714                  0.005      1.846959703266515                    100
      576599.9999999999    0.07543074119092316                  0.005      1.911153062736272                    100
      576799.9999999999    0.08935927554144292                  0.005      1.906693689986089                    100
      576999.9999999999     0.1631825119697413                  0.005      1.746156646931124                    100
      577199.9999999999     0.2216734025643903                  0.005      1.890515075103062                    100
      577399.9999999999    0.05308069323407227                  0.005      1.786575947974128                    100
      577599.9999999999   -0.07146415765400156                  0.005       2.04965543567709                    100
      577799.9999999999    0.08121977909980595                  0.005      1.949083828055337                    100
      577999.9999999999   -0.05625270265939049                  0.005      1.811940131534644                    100
      578199.9999999999   -0.04232422911042573                  0.005        1.9279222090403                    100
      578399.9999999999      -0.05548397344889                  0.005      1.797919895980309                    100
      578599.9999999999  -0.003386869767722456                  0.005      1.907904791270634                    100
      578799.9999999999    0.03168833490745726                  0.005      2.027826701194648                    100
      578999.9999999999    -0.1039093530005022                  0.005      1.737934664210135                    100
      579199.9999999999    0.03036223695374871                  0.005       2.09557513216214                    100
      579399.9999999999      0.188376539258629                  0.005       2.03490395146123                    100
      579599.9999999999     0.2394693322521763                  0.005      1.873888466764261                    100
      579799.9999999999     0.2848465480064486                  0.005      2.091577958649558                    100
      579999.9999999999      0.250561199457097                  0.005      1.849197607227741                    100
      580199.9999999999     0.2448819342521802                  0.005      1.744641416502379                    100
      580399.9999999999     0.2058656041558296                  0.005      1.727169438937668                    100
      580599.9999999999     0.2229649186592594                  0.005      1.842443684214208                    100
      580799.9999999999     0.1995941646752917                  0.005      1.711418230268902                    100
      580999.9999999999   -0.01848585467331726                  0.005      2.071987039891673                    100
      581199.9999999999    -0.1345888744655418                  0.005      1.782831867559519                    100
      581399.9999999999   -0.03349744059809906                  0.005      2.004710781477848                    100
      581599.9999999999   0.005787767517858866                  0.005      2.184664061094979                    100
      581799.9999999999     0.0903385261777335                  0.005       1.88125082068161                    100
      581999.9999999999     0.1619245067717212                  0.005      1.763804067938036                    100
      582199.9999999999     0.1080553372347009                  0.005      1.626117514752119                    100
      582399.9999999999    -0.1029752251751227                  0.005       1.74339980473615                    100
      582599.9999999999    0.06816383476622365                  0.005       1.79335954805554                    100
      582799.9999999999    0.03439987561675756                  0.005      1.841822175779874                    100
      582999.9999999999    -0.1592594136916768                  0.005       1.75325306093149                    100
      583199.9999999999    -0.2156189807571583                  0.005      1.773602875417531                    100
      583399.9999999999    -0.1269148478229034                  0.005      1.785215885951212                    100
      583599.9999999999    0.02888746190042536                  0.005      2.163697043532606                    100
      583799.9999999999   -0.03478777772397022                  0.005      1.999514157280053                    100
      583999.9999999999     0.1414725309496916                  0.005      1.630459278474948                    100
      584199.9999999999     0.1291760367010801                  0.005      1.903915744476069                    100
      584399.9999999999    0.03993581642353881                  0.005      1.766849268444528                    100
      584599.9999999999    0.02524441385450613                  0.005      2.340482426106778                    100
      584799.9999999999   -0.05369930889065479                  0.005      1.794278658481732                    100
      584999.9999999999    -0.1119193632038639                  0.005      1.694497151183771                    100
      585199.9999999999    0.04781869849769703                  0.005      1.767158534286384                    100
      585399.9999999999   0.007195448990500508                  0.005      2.147119565787354                    100
      585599.9999999999    0.06156905297551457                  0.005      1.933551757776006                    100
      585799.9999999999    0.09612880248219743                  0.005      1.813081295522965                    100
      585999.9999999999     0.2271612195753284                  0.005      1.842042687038104                    100
      586199.9999999999     0.2419580635925103                  0.005      1.754756576365431                    100
      586399.9999999999     0.2349892005981786                  0.005      2.016350532965494                    100
      586599.9999999999     0.0933317759715083                  0.005      1.841578312967705                    100
      586799.9999999999    -0.1431003642275303                  0.005      1.766403303077061                    100
      586999.9999999999     -0.155292344949396                  0.005      1.750950793976048                    100
      587199.9999999999   -0.09368989468697182                  0.005      1.956945136665238                    100
      587399.9999999999    0.09901428776577133                  0.005      1.697083726822186                    100
      587599.9999999999    -0.1082963002571223                  0.005      1.664989560969317                    100
      587799.9999999999   -0.03754120566914307                  0.005      1.969553094209693                    100
      587999.9999999999    -0.1866351640818718                  0.005      1.730412019430644                    100
      588199.9999999999    -0.2347762696047639                  0.005       1.81432774906421                    100
      588399.9999999999    -0.1806697967735127                  0.005      1.782314126185729                    100
      588599.9999999999    -0.1631153358651148                  0.005      1.680739219358983                    100
      588799.9999999999    -0.1242583335658342                  0.005      1.737559867637683                    100
      588999.9999999999   -0.09433600470392377                  0.005      1.941112727137186                    100
      589199.9999999999   -0.06311292595557243                  0.005      1.822186639811171                    100
      589399.9999999999   -0.01576699432723101                  0.005      2.037241886316358                    100
      589599.9999999999    0.01562637835785634                  0.005      1.948708786331925                    100
      589799.9999999999    0.01242666440239826                  0.005      1.937600823156242                    100
      589999.9999999999   -0.04114010915791558                  0.005      1.893611395601666                    100
      590199.9999999999    -0.2051768118057416                  0.005      1.880303285351925                    100
      590399.9999999999     -0.220784385674522                  0.005      1.841658089410767                    100
      590599.9999999999   -0.09463112635441691                  0.005       1.92045250612737                    100
      590799.9999999999    0.06217497609552811                  0.005      1.901830324074939                    100
      590999.9999999999     0.2041022511057126                  0.005      1.693742676953349                    100
      591199.9999999999     0.3526956165913077                  0.005        3.8131831931788                    100
      591399.9999999999      0.289602058245432                  0.005      2.158341063075857                    100
      591599.9999999999     0.3058421804541021                  0.005      2.437547567572493                    100
      591799.9999999999      0.233000796884331                  0.005      2.007176735725613                    100
      591999.9999999999     0.1530832329305659                  0.005      1.943695857054973                    100
      592199.9999999999   -0.07131143075965539                  0.005       2.01889670821015                    100
      592399.9999999999    -0.1250291488528799                  0.005      1.729565490522566                    100
      592599.9999999999    -0.1397340231692554                  0.005      1.763098444367449                    100
      592799.9999999999   -0.06935243019165445                  0.005      1.975243360388383                    100
      592999.9999999999    0.04159851139544248                  0.005      1.758654503741822                    100
      593199.9999999999   -0.08859818662036638                  0.005      1.769037210212884                    100
      593399.9999999999    -0.1648037599522992                  0.005      1.665062236018611                    100
      593599.9999999999    -0.2143216642309033                  0.005       1.73582579657199                    100
      593799.9999999999    -0.2161468818213333                  0.005       1.72793488883374                    100
      593999.9999999999    0.01388284695853459                  0.005      1.891266226560723                    100
      594199.9999999999     0.1214961874713041                  0.005      1.707560157236129                    100
      594399.9999999999     0.1970706921525184                  0.005      1.740497951938285                    100
      594599.9999999999     0.2345614437414027                  0.005      1.977909849826477                    100
      594799.9999999999     0.2535991651665188                  0.005      1.928844544544486                    100
      594999.9999999999    0.08874117253567171                  0.005      1.835959221624049                    100
      595199.9999999999    0.07064195205569225                  0.005      1.766046292423685                    100
      595399.9999999999    -0.1872701460993446                  0.005      1.704249853393963                    100
      595599.9999999999    -0.1811751598455473                  0.005      1.748932505159867                    100
      595799.9999999999    -0.2504761761004098                  0.005       1.85432641159141                    100
      595999.9999999999    -0.2192567829327152                  0.005      1.762806133799315                    100
      596199.9999999999    -0.3329978139626004                  0.005      2.857578531255469                    100
      596399.9999999999     -0.278541033116455                  0.005       2.01811704698854                    100
      596599.9999999999    -0.3403351825902803                  0.005      3.491148337976597                    100
      596799.9999999999      -0.29089646547873                  0.005      2.126099934201264                    100
      596999.9999999999    -0.3577229077295992                  0.005      4.052488476989982                    100
      597199.9999999999    -0.2822588926656779                  0.005      2.076068812407742                    100
      597399.9999999999    -0.2732849784950143                  0.005       2.04075907264569                    100
      597599.9999999999     -0.338374904312356                  0.005      3.225153275605405                    100
      597799.9999999999    -0.2712066755043101                  0.005      2.048191709139124                    100
      597999.9999999999    -0.3255959735635834                  0.005      2.724487330233395                    100
      598199.9999999999    -0.2531021780363302                  0.005      1.839746382632368                    100
      598399.9999999999    -0.1237386981631708                  0.005      1.695105012247383                    100
      598599.9999999999    -0.1558173663747531                  0.005      1.725697386385392                    100
      598799.9999999999    -0.2472889560915099                  0.005      1.856827885431088                    100
      598999.9999999999     -0.355203711696492                  0.005      3.950153527411311                    100
      599199.9999999999    -0.3317821157647844                  0.005      2.697202595029283                    100
      599399.9999999999    -0.3347888277719598                  0.005      2.809619300014151                    100
      599599.9999999999    -0.2444801513831137                  0.005      1.878747288349441                    100
      599799.9999999999    -0.1944159130082557                  0.005      1.985206892517615                    100
      599999.9999999999    -0.1320471072267553                  0.005      1.743053793253488                    100
