+++ Loading the PLUMED kernel runtime +++
+++ PLUMED_KERNEL="/usr/local/lib/libplumedKernel.so" +++
PLUMED: PLUMED is starting
PLUMED: Version: 2.9.2 (git: 0a31160) compiled on May 31 2026 at 12:49:29
PLUMED: Please cite these papers when using PLUMED [1][2]
PLUMED: For further information see the PLUMED web page at http://www.plumed.org
PLUMED: Root: /usr/local/lib/plumed
PLUMED: For installed feature, see /usr/local/lib/plumed/src/config/config.txt
PLUMED: Molecular dynamics engine: i-pi
PLUMED: Precision of reals: 8
PLUMED: Running over 1 node
PLUMED: Number of threads: 1
PLUMED: Cache line size: 512
PLUMED: Number of atoms: 10
PLUMED: File suffix: 
PLUMED: FILE: plumed_fad_wtmetad.dat
PLUMED: Action DISTANCE
PLUMED:   with label d_H1_O2
PLUMED:   between atoms 1 4
PLUMED:   using periodic boundary conditions
PLUMED: Action DISTANCE
PLUMED:   with label d_H1_O3
PLUMED:   between atoms 1 8
PLUMED:   using periodic boundary conditions
PLUMED: Action DISTANCE
PLUMED:   with label d_H3_O4
PLUMED:   between atoms 6 9
PLUMED:   using periodic boundary conditions
PLUMED: Action DISTANCE
PLUMED:   with label d_H3_O1
PLUMED:   between atoms 6 3
PLUMED:   using periodic boundary conditions
PLUMED: Action COMBINE
PLUMED:   with label cv
PLUMED:   with arguments d_H1_O2 d_H1_O3 d_H3_O4 d_H3_O1
PLUMED:   with coefficients: 1.000000 -1.000000 1.000000 -1.000000
PLUMED:   with parameters: 0.000000 0.000000 0.000000 0.000000
PLUMED:   and powers: 1.000000 1.000000 1.000000 1.000000
PLUMED: Action UPPER_WALLS
PLUMED:   with label uwall
PLUMED:   with arguments cv
PLUMED:   added component to this action:  uwall.bias 
PLUMED:   at 0.250000
PLUMED:   with an offset 0.000000
PLUMED:   with force constant 10000.000000
PLUMED:   and exponent 2.000000
PLUMED:   rescaled 1.000000
PLUMED:   added component to this action:  uwall.force2 
PLUMED: Action LOWER_WALLS
PLUMED:   with label lwall
PLUMED:   with arguments cv
PLUMED:   added component to this action:  lwall.bias 
PLUMED:   at -0.250000
PLUMED:   with an offset 0.000000
PLUMED:   with force constant 10000.000000
PLUMED:   and exponent 2.000000
PLUMED:   rescaled 1.000000
PLUMED:   added component to this action:  lwall.force2 
PLUMED: Action METAD
PLUMED:   with label metad
PLUMED:   with arguments cv
PLUMED:   added component to this action:  metad.bias 
PLUMED:   Gaussian width  0.005000  Gaussian height 5.000000
PLUMED:   Gaussian deposition pace 200
PLUMED:   Gaussian file /tmp/HILLS
PLUMED:   Well-Tempered Bias Factor 100.000000
PLUMED:   Hills relaxation time (tau) 6585.053983
PLUMED:   KbT 1.662892
PLUMED:   Bibliography [3][4]
PLUMED: Action PRINT
PLUMED:   with label @8
PLUMED:   with stride 10
PLUMED:   with arguments cv metad.bias uwall.bias lwall.bias
PLUMED:   on file /tmp/COLVAR
PLUMED:   with format  %12.6f
PLUMED: END FILE: plumed_fad_wtmetad.dat

 ____       ____       ____       ____
/    \     /    \     /    \     /    \
|  #################################  |
\__#_/     \____/     \____/     \_#__/
   #    _        _______  _____    #
   #   (_)      |_   __ \|_   _|   #      -*-   v 3.2.0  -*-
   #   __  ______ | |__) | | |     #
   Y  [  ||______||  ___/  | |     #      A Universal Force Engine
  0 0  | |       _| |_    _| |_    #
   #  [___]     |_____|  |_____|   #
 __#_       ____       ____       _#__
/  # \     /    \     /    \     / #  \
|  #################################  |
\____/     \____/     \____/     \____/

    
# Unable to retrieve Git information.
#
# Simulation information:
#           Machine Name: 59e431e8636b
#      Working Directory: /workspace
#          Date and Time: 2026-06-02 13:05:08

 @system: Initializing system object 
 @simulation: Initializing simulation object 
@ RANDOM SEED: The seed used in this calculation was 1780405508108
 @init_file: Initializing from file init_fad.xyz. Dimension: length, units: angstrom, cell_units: automatic
 @set_vector: Initialize is rescaling from     1 beads to    32 beads
 @init_file: Initializing from file init_fad.xyz. Dimension: length, units: automatic, cell_units: automatic
 @init_file: Initializing from file init_fad.xyz. Dimension: length, units: automatic, cell_units: automatic
 @init_file: Initializing from file init_fad.xyz. Dimension: length, units: automatic, cell_units: automatic
 @initializer: Resampling velocities at temperature 200.0 kelvin
Import of PyFFTW unsuccessful, using NumPy library instead. 
 !W! Install PyFFTW to avoid slow normal-modes integration
 --- begin input file content ---

  <simulation verbosity='medium'>
    <total_steps>600000</total_steps>
    <output prefix='ipi_out'>
      <properties stride='10' filename='md'>[ step, time{picosecond}, potential{electronvolt}, temperature{kelvin} ]</properties>
      <trajectory stride='100' filename='pos' format='xyz' cell_units='angstrom' bead='0'>positions{angstrom}</trajectory>
    </output>
    <system>
      <initialize nbeads='32'>
        <file mode='xyz' units='angstrom'>init_fad.xyz</file>
        <velocities mode='thermal' units='kelvin'>200</velocities>
      </initialize>
      <forces>
        <force name='physnet-ff' forcefield='physnet-ff'>
        </force>
        <force name='plumed-bias' forcefield='plumed-bias'>
        </force>
      </forces>
      <motion mode='dynamics'>
        <dynamics mode='nvt'>
          <timestep units='femtosecond'>0.5</timestep>
          <thermostat mode='pile_l'>
            <tau units='femtosecond'>500</tau>
          </thermostat>
        </dynamics>
      </motion>
      <ensemble>
        <temperature units='kelvin'>200</temperature>
      </ensemble>
      <cell units='angstrom'>[30.0, 0.0, 0.0, 0.0, 30.0, 0.0, 0.0, 0.0, 30.0]</cell>
    </system>
    <smotion mode='metad'>
      <metad>
        <metaff>[ plumed-bias ]</metaff>
      </metad>
    </smotion>
    <ffsocket mode='unix' name='physnet-ff' pbc='false'>
      <address>physnet</address>
      <slots>32</slots>
      <timeout>5.0</timeout>
    </ffsocket>
    <ffplumed name='plumed-bias' pbc='false'>
      <file mode='xyz' units='angstrom'>init_fad.xyz</file>
      <plumed_dat>plumed_fad_wtmetad.dat</plumed_dat>
    </ffplumed>
  </simulation>
 ---  end input file content  ---
 @system.bind: Binding the forces 
Import of PyFFTW unsuccessful, using NumPy library instead. 
 !W! Install PyFFTW to avoid slow normal-modes integration
 @interfacesocket.open: Created unix socket with address physnet
 @ForceField (physnet-ff): Starting the polling thread main loop.
 @interfacesocket.pool_update:   Client asked for connection from . Now hand-shaking.
 @interfacesocket.pool_update:   Handshaking was successful. Added to the client list.
 @interfacesocket.pool_update:   Client asked for connection from . Now hand-shaking.
 @interfacesocket.pool_update:   Handshaking was successful. Added to the client list.
 @interfacesocket.pool_update:   Client asked for connection from . Now hand-shaking.
 @interfacesocket.pool_update:   Handshaking was successful. Added to the client list.
 @interfacesocket.pool_update:   Client asked for connection from . Now hand-shaking.
 @interfacesocket.pool_update:   Handshaking was successful. Added to the client list.
 @interfacesocket.pool_update:   Client asked for connection from . Now hand-shaking.
 @interfacesocket.pool_update:   Handshaking was successful. Added to the client list.
 @interfacesocket.pool_update:   Client asked for connection from . Now hand-shaking.
 @interfacesocket.pool_update:   Handshaking was successful. Added to the client list.
 @interfacesocket.pool_update:   Client asked for connection from . Now hand-shaking.
 @interfacesocket.pool_update:   Handshaking was successful. Added to the client list.
 @interfacesocket.pool_update:   Client asked for connection from . Now hand-shaking.
 @interfacesocket.pool_update:   Handshaking was successful. Added to the client list.
 @interfacesocket.pool_update:   Client asked for connection from . Now hand-shaking.
 @interfacesocket.pool_update:   Handshaking was successful. Added to the client list.
 @interfacesocket.pool_update:   Client asked for connection from . Now hand-shaking.
 @interfacesocket.pool_update:   Handshaking was successful. Added to the client list.
 @interfacesocket.pool_update:   Client asked for connection from . Now hand-shaking.
 @interfacesocket.pool_update:   Handshaking was successful. Added to the client list.
 @interfacesocket.pool_update:   Client asked for connection from . Now hand-shaking.
 @interfacesocket.pool_update:   Handshaking was successful. Added to the client list.
 @interfacesocket.pool_update:   Client asked for connection from . Now hand-shaking.
 @interfacesocket.pool_update:   Handshaking was successful. Added to the client list.
 @interfacesocket.pool_update:   Client asked for connection from . Now hand-shaking.
 @interfacesocket.pool_update:   Handshaking was successful. Added to the client list.
 @interfacesocket.pool_update:   Client asked for connection from . Now hand-shaking.
 @interfacesocket.pool_update:   Handshaking was successful. Added to the client list.
 @interfacesocket.pool_update:   Client asked for connection from . Now hand-shaking.
 @interfacesocket.pool_update:   Handshaking was successful. Added to the client list.
 @interfacesocket.pool_update:   Client asked for connection from . Now hand-shaking.
 @interfacesocket.pool_update:   Handshaking was successful. Added to the client list.
 @interfacesocket.pool_update:   Client asked for connection from . Now hand-shaking.
 @interfacesocket.pool_update:   Handshaking was successful. Added to the client list.
 @interfacesocket.pool_update:   Client asked for connection from . Now hand-shaking.
 @interfacesocket.pool_update:   Handshaking was successful. Added to the client list.
 @interfacesocket.pool_update:   Client asked for connection from . Now hand-shaking.
 @interfacesocket.pool_update:   Handshaking was successful. Added to the client list.
 @interfacesocket.pool_update:   Client asked for connection from . Now hand-shaking.
 @interfacesocket.pool_update:   Handshaking was successful. Added to the client list.
 @interfacesocket.pool_update:   Client asked for connection from . Now hand-shaking.
 @interfacesocket.pool_update:   Handshaking was successful. Added to the client list.
 @interfacesocket.pool_update:   Client asked for connection from . Now hand-shaking.
 @interfacesocket.pool_update:   Handshaking was successful. Added to the client list.
 @interfacesocket.pool_update:   Client asked for connection from . Now hand-shaking.
 @interfacesocket.pool_update:   Handshaking was successful. Added to the client list.
 @interfacesocket.pool_update:   Client asked for connection from . Now hand-shaking.
 @interfacesocket.pool_update:   Handshaking was successful. Added to the client list.
 @interfacesocket.pool_update:   Client asked for connection from . Now hand-shaking.
 @interfacesocket.pool_update:   Handshaking was successful. Added to the client list.
 @interfacesocket.pool_update:   Client asked for connection from . Now hand-shaking.
 @interfacesocket.pool_update:   Handshaking was successful. Added to the client list.
 @interfacesocket.pool_update:   Client asked for connection from . Now hand-shaking.
 @interfacesocket.pool_update:   Handshaking was successful. Added to the client list.
 @interfacesocket.pool_update:   Client asked for connection from . Now hand-shaking.
 @interfacesocket.pool_update:   Handshaking was successful. Added to the client list.
 @interfacesocket.pool_update:   Client asked for connection from . Now hand-shaking.
 @interfacesocket.pool_update:   Handshaking was successful. Added to the client list.
 @interfacesocket.pool_update:   Client asked for connection from . Now hand-shaking.
 @interfacesocket.pool_update:   Handshaking was successful. Added to the client list.
 @interfacesocket.pool_update:   Client asked for connection from . Now hand-shaking.
 @interfacesocket.pool_update:   Handshaking was successful. Added to the client list.
 @simulation.run: Average timings at MD step       0. t/step: 1.75750e-01
 @simulation.run: Average timings at MD step     100. t/step: 1.39658e-01
 @simulation.run: Average timings at MD step     200. t/step: 1.46731e-01
 @simulation.run: Average timings at MD step     300. t/step: 1.30800e-01
 @simulation.run: Average timings at MD step     400. t/step: 1.31468e-01
 @simulation.run: Average timings at MD step     500. t/step: 1.26614e-01
 @simulation.run: Average timings at MD step     600. t/step: 1.39075e-01
 @simulation.run: Average timings at MD step     700. t/step: 1.32111e-01
 @simulation.run: Average timings at MD step     800. t/step: 1.25213e-01
 @simulation.run: Average timings at MD step     900. t/step: 1.27825e-01
 @simulation.run: Average timings at MD step    1000. t/step: 1.25987e-01
 @simulation.run: Average timings at MD step    1100. t/step: 1.26490e-01
 @simulation.run: Average timings at MD step    1200. t/step: 1.29319e-01
 @simulation.run: Average timings at MD step    1300. t/step: 1.22052e-01
 @simulation.run: Average timings at MD step    1400. t/step: 1.23675e-01
 @simulation.run: Average timings at MD step    1500. t/step: 1.23726e-01
 @simulation.run: Average timings at MD step    1600. t/step: 1.23589e-01
 @simulation.run: Average timings at MD step    1700. t/step: 1.21138e-01
 @simulation.run: Average timings at MD step    1800. t/step: 1.21191e-01
 @simulation.run: Average timings at MD step    1900. t/step: 1.24290e-01
 @simulation.run: Average timings at MD step    2000. t/step: 1.27260e-01
 @simulation.run: Average timings at MD step    2100. t/step: 1.23258e-01
 @simulation.run: Average timings at MD step    2200. t/step: 1.20395e-01
 @simulation.run: Average timings at MD step    2300. t/step: 1.21661e-01
 @simulation.run: Average timings at MD step    2400. t/step: 1.22428e-01
 @simulation.run: Average timings at MD step    2500. t/step: 1.21014e-01
 @simulation.run: Average timings at MD step    2600. t/step: 1.23115e-01
 @simulation.run: Average timings at MD step    2700. t/step: 1.37158e-01
 @simulation.run: Average timings at MD step    2800. t/step: 1.32658e-01
 @simulation.run: Average timings at MD step    2900. t/step: 1.23693e-01
 @simulation.run: Average timings at MD step    3000. t/step: 1.26944e-01
 @simulation.run: Average timings at MD step    3100. t/step: 1.20518e-01
 @simulation.run: Average timings at MD step    3200. t/step: 1.18563e-01
 @simulation.run: Average timings at MD step    3300. t/step: 1.27553e-01
 @simulation.run: Average timings at MD step    3400. t/step: 1.25890e-01
 @simulation.run: Average timings at MD step    3500. t/step: 1.25656e-01
 @simulation.run: Average timings at MD step    3600. t/step: 1.23968e-01
 @simulation.run: Average timings at MD step    3700. t/step: 1.24632e-01
 @simulation.run: Average timings at MD step    3800. t/step: 1.26263e-01
 @simulation.run: Average timings at MD step    3900. t/step: 1.21831e-01
 @simulation.run: Average timings at MD step    4000. t/step: 1.25736e-01
 @simulation.run: Average timings at MD step    4100. t/step: 1.19625e-01
 @simulation.run: Average timings at MD step    4200. t/step: 1.32656e-01
 @simulation.run: Average timings at MD step    4300. t/step: 1.22151e-01
 @simulation.run: Average timings at MD step    4400. t/step: 1.34820e-01
 @simulation.run: Average timings at MD step    4500. t/step: 1.53114e-01
 @simulation.run: Average timings at MD step    4600. t/step: 1.27988e-01
 @simulation.run: Average timings at MD step    4700. t/step: 1.32532e-01
 @simulation.run: Average timings at MD step    4800. t/step: 1.27030e-01
 @simulation.run: Average timings at MD step    4900. t/step: 1.26715e-01
 @simulation.run: Average timings at MD step    5000. t/step: 1.24013e-01
 @simulation.run: Average timings at MD step    5100. t/step: 1.21922e-01
 @simulation.run: Average timings at MD step    5200. t/step: 1.22241e-01
 @simulation.run: Average timings at MD step    5300. t/step: 1.36087e-01
 @simulation.run: Average timings at MD step    5400. t/step: 1.28996e-01
 @simulation.run: Average timings at MD step    5500. t/step: 1.28012e-01
 @simulation.run: Average timings at MD step    5600. t/step: 1.29935e-01
 @simulation.run: Average timings at MD step    5700. t/step: 1.20848e-01
 @simulation.run: Average timings at MD step    5800. t/step: 1.22945e-01
 @simulation.run: Average timings at MD step    5900. t/step: 1.29027e-01
 @simulation.run: Average timings at MD step    6000. t/step: 1.21793e-01
 @simulation.run: Average timings at MD step    6100. t/step: 1.21105e-01
 @simulation.run: Average timings at MD step    6200. t/step: 1.23571e-01
 @simulation.run: Average timings at MD step    6300. t/step: 1.25782e-01
 @simulation.run: Average timings at MD step    6400. t/step: 1.31155e-01
 @simulation.run: Average timings at MD step    6500. t/step: 1.23897e-01
 @simulation.run: Average timings at MD step    6600. t/step: 1.21545e-01
 @simulation.run: Average timings at MD step    6700. t/step: 1.20983e-01
 @simulation.run: Average timings at MD step    6800. t/step: 1.25271e-01
 @simulation.run: Average timings at MD step    6900. t/step: 1.20841e-01
 @simulation.run: Average timings at MD step    7000. t/step: 1.20054e-01
 @simulation.run: Average timings at MD step    7100. t/step: 1.20435e-01
 @simulation.run: Average timings at MD step    7200. t/step: 1.24551e-01
 @simulation.run: Average timings at MD step    7300. t/step: 1.22488e-01
 @simulation.run: Average timings at MD step    7400. t/step: 1.28259e-01
 @simulation.run: Average timings at MD step    7500. t/step: 1.19414e-01
 @simulation.run: Average timings at MD step    7600. t/step: 1.19260e-01
 @simulation.run: Average timings at MD step    7700. t/step: 1.16474e-01
 @simulation.run: Average timings at MD step    7800. t/step: 1.16759e-01
 @simulation.run: Average timings at MD step    7900. t/step: 1.18286e-01
 @simulation.run: Average timings at MD step    8000. t/step: 1.19404e-01
 @simulation.run: Average timings at MD step    8100. t/step: 1.18958e-01
 @simulation.run: Average timings at MD step    8200. t/step: 1.17365e-01
 @simulation.run: Average timings at MD step    8300. t/step: 1.17575e-01
 @simulation.run: Average timings at MD step    8400. t/step: 1.19264e-01
 @simulation.run: Average timings at MD step    8500. t/step: 1.19631e-01
 @simulation.run: Average timings at MD step    8600. t/step: 1.17721e-01
 @simulation.run: Average timings at MD step    8700. t/step: 1.25302e-01
 @simulation.run: Average timings at MD step    8800. t/step: 1.15992e-01
 @simulation.run: Average timings at MD step    8900. t/step: 1.21042e-01
 @simulation.run: Average timings at MD step    9000. t/step: 1.26998e-01
 @simulation.run: Average timings at MD step    9100. t/step: 1.42337e-01
 @simulation.run: Average timings at MD step    9200. t/step: 1.33847e-01
 @simulation.run: Average timings at MD step    9300. t/step: 1.31821e-01
 @simulation.run: Average timings at MD step    9400. t/step: 1.38631e-01
 @simulation.run: Average timings at MD step    9500. t/step: 1.33257e-01
PLUMED: Timestep: 1.000000
PLUMED: KbT has not been set by the MD engine
PLUMED: It should be set by hand where needed
PLUMED: Relevant bibliography:
PLUMED:   [1] The PLUMED consortium, Nat. Methods 16, 670 (2019)
PLUMED:   [2] Tribello, Bonomi, Branduardi, Camilloni, and Bussi, Comput. Phys. Commun. 185, 604 (2014)
PLUMED:   [3] Laio and Parrinello, PNAS 99, 12562 (2002)
PLUMED:   [4] Barducci, Bussi, and Parrinello, Phys. Rev. Lett. 100, 020603 (2008)
PLUMED: Please read and cite where appropriate!
PLUMED: Finished setup
 @simulation.run: Average timings at MD step    9600. t/step: 1.25117e-01
 @simulation.run: Average timings at MD step    9700. t/step: 1.25051e-01
 @simulation.run: Average timings at MD step    9800. t/step: 1.28121e-01
 @simulation.run: Average timings at MD step    9900. t/step: 1.30056e-01
 @simulation.run: Average timings at MD step   10000. t/step: 1.38539e-01
 @simulation.run: Average timings at MD step   10100. t/step: 1.24288e-01
 @simulation.run: Average timings at MD step   10200. t/step: 1.28830e-01
 @simulation.run: Average timings at MD step   10300. t/step: 1.29461e-01
 @simulation.run: Average timings at MD step   10400. t/step: 1.22959e-01
 @simulation.run: Average timings at MD step   10500. t/step: 1.28553e-01
 @simulation.run: Average timings at MD step   10600. t/step: 1.19284e-01
 @simulation.run: Average timings at MD step   10700. t/step: 1.22592e-01
 @simulation.run: Average timings at MD step   10800. t/step: 1.22455e-01
 @simulation.run: Average timings at MD step   10900. t/step: 1.23177e-01
 @simulation.run: Average timings at MD step   11000. t/step: 1.21819e-01
 @simulation.run: Average timings at MD step   11100. t/step: 1.23809e-01
 @simulation.run: Average timings at MD step   11200. t/step: 1.21438e-01
 @simulation.run: Average timings at MD step   11300. t/step: 1.21923e-01
 @simulation.run: Average timings at MD step   11400. t/step: 1.20782e-01
 @simulation.run: Average timings at MD step   11500. t/step: 1.28887e-01
 @simulation.run: Average timings at MD step   11600. t/step: 1.21295e-01
 @simulation.run: Average timings at MD step   11700. t/step: 1.21798e-01
 @simulation.run: Average timings at MD step   11800. t/step: 1.40118e-01
 @simulation.run: Average timings at MD step   11900. t/step: 1.29703e-01
 @simulation.run: Average timings at MD step   12000. t/step: 1.33025e-01
 @simulation.run: Average timings at MD step   12100. t/step: 1.44527e-01
 @simulation.run: Average timings at MD step   12200. t/step: 1.30169e-01
 @simulation.run: Average timings at MD step   12300. t/step: 1.27409e-01
 @simulation.run: Average timings at MD step   12400. t/step: 1.32555e-01
 @simulation.run: Average timings at MD step   12500. t/step: 1.25131e-01
 @simulation.run: Average timings at MD step   12600. t/step: 1.24419e-01
 @simulation.run: Average timings at MD step   12700. t/step: 1.26610e-01
 @simulation.run: Average timings at MD step   12800. t/step: 1.26708e-01
 @simulation.run: Average timings at MD step   12900. t/step: 1.22466e-01
 @simulation.run: Average timings at MD step   13000. t/step: 1.23347e-01
 @simulation.run: Average timings at MD step   13100. t/step: 1.25722e-01
 @simulation.run: Average timings at MD step   13200. t/step: 1.26656e-01
 @simulation.run: Average timings at MD step   13300. t/step: 1.33162e-01
 @simulation.run: Average timings at MD step   13400. t/step: 1.27898e-01
 @simulation.run: Average timings at MD step   13500. t/step: 1.32017e-01
 @simulation.run: Average timings at MD step   13600. t/step: 1.39614e-01
 @simulation.run: Average timings at MD step   13700. t/step: 1.42682e-01
 @simulation.run: Average timings at MD step   13800. t/step: 1.49995e-01
 @simulation.run: Average timings at MD step   13900. t/step: 1.39277e-01
 @simulation.run: Average timings at MD step   14000. t/step: 1.41371e-01
 @simulation.run: Average timings at MD step   14100. t/step: 1.46785e-01
 @simulation.run: Average timings at MD step   14200. t/step: 1.42979e-01
 @simulation.run: Average timings at MD step   14300. t/step: 1.35530e-01
 @simulation.run: Average timings at MD step   14400. t/step: 1.25522e-01
 @simulation.run: Average timings at MD step   14500. t/step: 1.25134e-01
 @simulation.run: Average timings at MD step   14600. t/step: 1.22765e-01
 @simulation.run: Average timings at MD step   14700. t/step: 1.32468e-01
 @simulation.run: Average timings at MD step   14800. t/step: 1.33276e-01
 @simulation.run: Average timings at MD step   14900. t/step: 1.24889e-01
 @simulation.run: Average timings at MD step   15000. t/step: 1.25540e-01
 @simulation.run: Average timings at MD step   15100. t/step: 1.24502e-01
 @simulation.run: Average timings at MD step   15200. t/step: 1.24580e-01
 @simulation.run: Average timings at MD step   15300. t/step: 1.24710e-01
 @simulation.run: Average timings at MD step   15400. t/step: 1.23639e-01
 @simulation.run: Average timings at MD step   15500. t/step: 1.23171e-01
 @simulation.run: Average timings at MD step   15600. t/step: 1.24506e-01
 @simulation.run: Average timings at MD step   15700. t/step: 1.37357e-01
 @simulation.run: Average timings at MD step   15800. t/step: 1.28607e-01
 @simulation.run: Average timings at MD step   15900. t/step: 1.23242e-01
 @simulation.run: Average timings at MD step   16000. t/step: 1.19979e-01
 @simulation.run: Average timings at MD step   16100. t/step: 1.21741e-01
 @simulation.run: Average timings at MD step   16200. t/step: 1.23933e-01
 @simulation.run: Average timings at MD step   16300. t/step: 1.13644e-01
 @simulation.run: Average timings at MD step   16400. t/step: 1.27265e-01
 @simulation.run: Average timings at MD step   16500. t/step: 1.27093e-01
 @simulation.run: Average timings at MD step   16600. t/step: 1.24357e-01
 @simulation.run: Average timings at MD step   16700. t/step: 1.24044e-01
 @simulation.run: Average timings at MD step   16800. t/step: 1.21820e-01
 @simulation.run: Average timings at MD step   16900. t/step: 1.22194e-01
 @simulation.run: Average timings at MD step   17000. t/step: 1.21842e-01
 @simulation.run: Average timings at MD step   17100. t/step: 1.21798e-01
 @simulation.run: Average timings at MD step   17200. t/step: 1.22193e-01
 @simulation.run: Average timings at MD step   17300. t/step: 1.20715e-01
 @simulation.run: Average timings at MD step   17400. t/step: 1.20759e-01
 @simulation.run: Average timings at MD step   17500. t/step: 1.26337e-01
 @simulation.run: Average timings at MD step   17600. t/step: 1.27424e-01
 @simulation.run: Average timings at MD step   17700. t/step: 1.27417e-01
 @simulation.run: Average timings at MD step   17800. t/step: 1.23763e-01
 @simulation.run: Average timings at MD step   17900. t/step: 1.27660e-01
 @simulation.run: Average timings at MD step   18000. t/step: 1.32275e-01
 @simulation.run: Average timings at MD step   18100. t/step: 1.24168e-01
 @simulation.run: Average timings at MD step   18200. t/step: 1.26213e-01
 @simulation.run: Average timings at MD step   18300. t/step: 1.31103e-01
 @simulation.run: Average timings at MD step   18400. t/step: 1.23452e-01
 @simulation.run: Average timings at MD step   18500. t/step: 1.24066e-01
 @simulation.run: Average timings at MD step   18600. t/step: 1.22765e-01
 @simulation.run: Average timings at MD step   18700. t/step: 1.21429e-01
 @simulation.run: Average timings at MD step   18800. t/step: 1.20404e-01
 @simulation.run: Average timings at MD step   18900. t/step: 1.21118e-01
 @simulation.run: Average timings at MD step   19000. t/step: 1.21852e-01
 @simulation.run: Average timings at MD step   19100. t/step: 1.23684e-01
 @simulation.run: Average timings at MD step   19200. t/step: 1.22548e-01
 @simulation.run: Average timings at MD step   19300. t/step: 1.22002e-01
 @simulation.run: Average timings at MD step   19400. t/step: 1.21632e-01
 @simulation.run: Average timings at MD step   19500. t/step: 1.22323e-01
 @simulation.run: Average timings at MD step   19600. t/step: 1.24382e-01
 @simulation.run: Average timings at MD step   19700. t/step: 1.22206e-01
 @simulation.run: Average timings at MD step   19800. t/step: 1.23929e-01
 @simulation.run: Average timings at MD step   19900. t/step: 1.29802e-01
 @simulation.run: Average timings at MD step   20000. t/step: 1.27462e-01
 @simulation.run: Average timings at MD step   20100. t/step: 1.21682e-01
 @simulation.run: Average timings at MD step   20200. t/step: 1.19794e-01
 @simulation.run: Average timings at MD step   20300. t/step: 1.20210e-01
 @simulation.run: Average timings at MD step   20400. t/step: 1.21443e-01
 @simulation.run: Average timings at MD step   20500. t/step: 1.26699e-01
 @simulation.run: Average timings at MD step   20600. t/step: 1.25717e-01
 @simulation.run: Average timings at MD step   20700. t/step: 1.23538e-01
 @simulation.run: Average timings at MD step   20800. t/step: 1.23937e-01
 @simulation.run: Average timings at MD step   20900. t/step: 1.25925e-01
 @simulation.run: Average timings at MD step   21000. t/step: 1.25385e-01
 @simulation.run: Average timings at MD step   21100. t/step: 1.15922e-01
 @simulation.run: Average timings at MD step   21200. t/step: 1.22258e-01
 @simulation.run: Average timings at MD step   21300. t/step: 1.30702e-01
 @simulation.run: Average timings at MD step   21400. t/step: 1.25041e-01
 @simulation.run: Average timings at MD step   21500. t/step: 1.32168e-01
 @simulation.run: Average timings at MD step   21600. t/step: 1.24481e-01
 @simulation.run: Average timings at MD step   21700. t/step: 1.28476e-01
 @simulation.run: Average timings at MD step   21800. t/step: 1.28210e-01
 @simulation.run: Average timings at MD step   21900. t/step: 1.23068e-01
 @simulation.run: Average timings at MD step   22000. t/step: 1.23411e-01
 @simulation.run: Average timings at MD step   22100. t/step: 1.23868e-01
 @simulation.run: Average timings at MD step   22200. t/step: 1.23109e-01
 @simulation.run: Average timings at MD step   22300. t/step: 1.23061e-01
 @simulation.run: Average timings at MD step   22400. t/step: 1.24255e-01
 @simulation.run: Average timings at MD step   22500. t/step: 1.21857e-01
 @simulation.run: Average timings at MD step   22600. t/step: 1.28035e-01
 @simulation.run: Average timings at MD step   22700. t/step: 1.23493e-01
 @simulation.run: Average timings at MD step   22800. t/step: 1.23566e-01
 @simulation.run: Average timings at MD step   22900. t/step: 1.21254e-01
 @simulation.run: Average timings at MD step   23000. t/step: 1.22009e-01
 @simulation.run: Average timings at MD step   23100. t/step: 1.21338e-01
 @simulation.run: Average timings at MD step   23200. t/step: 1.23552e-01
 @simulation.run: Average timings at MD step   23300. t/step: 1.23321e-01
 @simulation.run: Average timings at MD step   23400. t/step: 1.25502e-01
 @simulation.run: Average timings at MD step   23500. t/step: 1.26327e-01
 @simulation.run: Average timings at MD step   23600. t/step: 1.31897e-01
 @simulation.run: Average timings at MD step   23700. t/step: 1.23864e-01
 @simulation.run: Average timings at MD step   23800. t/step: 1.24815e-01
 @simulation.run: Average timings at MD step   23900. t/step: 1.31642e-01
 @simulation.run: Average timings at MD step   24000. t/step: 1.31824e-01
 @simulation.run: Average timings at MD step   24100. t/step: 1.21685e-01
 @simulation.run: Average timings at MD step   24200. t/step: 1.26616e-01
 @simulation.run: Average timings at MD step   24300. t/step: 1.31066e-01
 @simulation.run: Average timings at MD step   24400. t/step: 1.36381e-01
 @simulation.run: Average timings at MD step   24500. t/step: 1.19525e-01
 @simulation.run: Average timings at MD step   24600. t/step: 1.22065e-01
 @simulation.run: Average timings at MD step   24700. t/step: 1.21706e-01
 @simulation.run: Average timings at MD step   24800. t/step: 1.21256e-01
 @simulation.run: Average timings at MD step   24900. t/step: 1.20887e-01
 @simulation.run: Average timings at MD step   25000. t/step: 1.25954e-01
 @simulation.run: Average timings at MD step   25100. t/step: 1.19422e-01
 @simulation.run: Average timings at MD step   25200. t/step: 1.21332e-01
 @simulation.run: Average timings at MD step   25300. t/step: 1.27212e-01
 @simulation.run: Average timings at MD step   25400. t/step: 1.22034e-01
 @simulation.run: Average timings at MD step   25500. t/step: 1.20002e-01
 @simulation.run: Average timings at MD step   25600. t/step: 1.21034e-01
 @simulation.run: Average timings at MD step   25700. t/step: 1.21921e-01
 @simulation.run: Average timings at MD step   25800. t/step: 1.20216e-01
 @simulation.run: Average timings at MD step   25900. t/step: 1.22208e-01
 @simulation.run: Average timings at MD step   26000. t/step: 1.20204e-01
 @simulation.run: Average timings at MD step   26100. t/step: 1.22066e-01
 @simulation.run: Average timings at MD step   26200. t/step: 1.23805e-01
 @simulation.run: Average timings at MD step   26300. t/step: 1.25795e-01
 @simulation.run: Average timings at MD step   26400. t/step: 1.30917e-01
 @simulation.run: Average timings at MD step   26500. t/step: 1.23720e-01
 @simulation.run: Average timings at MD step   26600. t/step: 1.29781e-01
 @simulation.run: Average timings at MD step   26700. t/step: 1.25428e-01
 @simulation.run: Average timings at MD step   26800. t/step: 1.25245e-01
 @simulation.run: Average timings at MD step   26900. t/step: 1.24227e-01
 @simulation.run: Average timings at MD step   27000. t/step: 1.21710e-01
 @simulation.run: Average timings at MD step   27100. t/step: 1.30118e-01
 @simulation.run: Average timings at MD step   27200. t/step: 1.23967e-01
 @simulation.run: Average timings at MD step   27300. t/step: 1.23210e-01
 @simulation.run: Average timings at MD step   27400. t/step: 1.20789e-01
 @simulation.run: Average timings at MD step   27500. t/step: 1.34274e-01
 @simulation.run: Average timings at MD step   27600. t/step: 1.21476e-01
 @simulation.run: Average timings at MD step   27700. t/step: 1.19084e-01
 @simulation.run: Average timings at MD step   27800. t/step: 1.20356e-01
 @simulation.run: Average timings at MD step   27900. t/step: 1.27942e-01
 @simulation.run: Average timings at MD step   28000. t/step: 1.19026e-01
 @simulation.run: Average timings at MD step   28100. t/step: 1.19621e-01
 @simulation.run: Average timings at MD step   28200. t/step: 1.29535e-01
 @simulation.run: Average timings at MD step   28300. t/step: 1.19620e-01
 @simulation.run: Average timings at MD step   28400. t/step: 1.21469e-01
 @simulation.run: Average timings at MD step   28500. t/step: 1.20397e-01
 @simulation.run: Average timings at MD step   28600. t/step: 1.21915e-01
 @simulation.run: Average timings at MD step   28700. t/step: 1.28331e-01
 @simulation.run: Average timings at MD step   28800. t/step: 1.22478e-01
 @simulation.run: Average timings at MD step   28900. t/step: 1.22075e-01
 @simulation.run: Average timings at MD step   29000. t/step: 1.20620e-01
 @simulation.run: Average timings at MD step   29100. t/step: 1.24838e-01
 @simulation.run: Average timings at MD step   29200. t/step: 1.26010e-01
 @simulation.run: Average timings at MD step   29300. t/step: 1.24061e-01
 @simulation.run: Average timings at MD step   29400. t/step: 1.23233e-01
 @simulation.run: Average timings at MD step   29500. t/step: 1.23197e-01
 @simulation.run: Average timings at MD step   29600. t/step: 1.24903e-01
 @simulation.run: Average timings at MD step   29700. t/step: 1.26694e-01
 @simulation.run: Average timings at MD step   29800. t/step: 1.24489e-01
 @simulation.run: Average timings at MD step   29900. t/step: 1.23644e-01
 @simulation.run: Average timings at MD step   30000. t/step: 1.24667e-01
 @simulation.run: Average timings at MD step   30100. t/step: 1.30728e-01
 @simulation.run: Average timings at MD step   30200. t/step: 1.30668e-01
 @simulation.run: Average timings at MD step   30300. t/step: 1.20142e-01
 @simulation.run: Average timings at MD step   30400. t/step: 1.20601e-01
 @simulation.run: Average timings at MD step   30500. t/step: 1.21076e-01
 @simulation.run: Average timings at MD step   30600. t/step: 1.21971e-01
 @simulation.run: Average timings at MD step   30700. t/step: 1.28838e-01
 @simulation.run: Average timings at MD step   30800. t/step: 1.21613e-01
 @simulation.run: Average timings at MD step   30900. t/step: 1.28726e-01
 @simulation.run: Average timings at MD step   31000. t/step: 1.18803e-01
 @simulation.run: Average timings at MD step   31100. t/step: 1.21720e-01
 @simulation.run: Average timings at MD step   31200. t/step: 1.22534e-01
 @simulation.run: Average timings at MD step   31300. t/step: 1.22236e-01
 @simulation.run: Average timings at MD step   31400. t/step: 1.27436e-01
 @simulation.run: Average timings at MD step   31500. t/step: 1.26670e-01
 @simulation.run: Average timings at MD step   31600. t/step: 1.21655e-01
 @simulation.run: Average timings at MD step   31700. t/step: 1.20405e-01
 @simulation.run: Average timings at MD step   31800. t/step: 1.19441e-01
 @simulation.run: Average timings at MD step   31900. t/step: 1.20662e-01
 @simulation.run: Average timings at MD step   32000. t/step: 1.24994e-01
 @simulation.run: Average timings at MD step   32100. t/step: 1.26356e-01
 @simulation.run: Average timings at MD step   32200. t/step: 1.31104e-01
 @simulation.run: Average timings at MD step   32300. t/step: 1.25451e-01
 @simulation.run: Average timings at MD step   32400. t/step: 1.24283e-01
 @simulation.run: Average timings at MD step   32500. t/step: 1.24664e-01
 @simulation.run: Average timings at MD step   32600. t/step: 1.24132e-01
 @simulation.run: Average timings at MD step   32700. t/step: 1.23360e-01
 @simulation.run: Average timings at MD step   32800. t/step: 1.23210e-01
 @simulation.run: Average timings at MD step   32900. t/step: 1.24392e-01
 @simulation.run: Average timings at MD step   33000. t/step: 1.23871e-01
 @simulation.run: Average timings at MD step   33100. t/step: 1.24993e-01
 @simulation.run: Average timings at MD step   33200. t/step: 1.20201e-01
 @simulation.run: Average timings at MD step   33300. t/step: 1.20487e-01
 @simulation.run: Average timings at MD step   33400. t/step: 1.20996e-01
 @simulation.run: Average timings at MD step   33500. t/step: 1.29315e-01
 @simulation.run: Average timings at MD step   33600. t/step: 1.21246e-01
 @simulation.run: Average timings at MD step   33700. t/step: 1.20658e-01
 @simulation.run: Average timings at MD step   33800. t/step: 1.20191e-01
 @simulation.run: Average timings at MD step   33900. t/step: 1.26376e-01
 @simulation.run: Average timings at MD step   34000. t/step: 1.21562e-01
 @simulation.run: Average timings at MD step   34100. t/step: 1.27683e-01
 @simulation.run: Average timings at MD step   34200. t/step: 1.21106e-01
 @simulation.run: Average timings at MD step   34300. t/step: 1.20352e-01
 @simulation.run: Average timings at MD step   34400. t/step: 1.21318e-01
 @simulation.run: Average timings at MD step   34500. t/step: 1.21807e-01
 @simulation.run: Average timings at MD step   34600. t/step: 1.20323e-01
 @simulation.run: Average timings at MD step   34700. t/step: 1.19986e-01
 @simulation.run: Average timings at MD step   34800. t/step: 1.20087e-01
 @simulation.run: Average timings at MD step   34900. t/step: 1.23685e-01
 @simulation.run: Average timings at MD step   35000. t/step: 1.26372e-01
 @simulation.run: Average timings at MD step   35100. t/step: 1.23600e-01
 @simulation.run: Average timings at MD step   35200. t/step: 1.23352e-01
 @simulation.run: Average timings at MD step   35300. t/step: 1.38769e-01
 @simulation.run: Average timings at MD step   35400. t/step: 1.30082e-01
 @simulation.run: Average timings at MD step   35500. t/step: 1.30407e-01
 @simulation.run: Average timings at MD step   35600. t/step: 1.30204e-01
 @simulation.run: Average timings at MD step   35700. t/step: 1.28877e-01
 @simulation.run: Average timings at MD step   35800. t/step: 1.22881e-01
 @simulation.run: Average timings at MD step   35900. t/step: 1.24627e-01
 @simulation.run: Average timings at MD step   36000. t/step: 1.25374e-01
 @simulation.run: Average timings at MD step   36100. t/step: 1.22005e-01
 @simulation.run: Average timings at MD step   36200. t/step: 1.22196e-01
 @simulation.run: Average timings at MD step   36300. t/step: 1.19741e-01
 @simulation.run: Average timings at MD step   36400. t/step: 1.19872e-01
 @simulation.run: Average timings at MD step   36500. t/step: 1.22031e-01
 @simulation.run: Average timings at MD step   36600. t/step: 1.21722e-01
 @simulation.run: Average timings at MD step   36700. t/step: 1.26971e-01
 @simulation.run: Average timings at MD step   36800. t/step: 1.20067e-01
 @simulation.run: Average timings at MD step   36900. t/step: 1.22631e-01
 @simulation.run: Average timings at MD step   37000. t/step: 1.19104e-01
 @simulation.run: Average timings at MD step   37100. t/step: 1.21503e-01
 @simulation.run: Average timings at MD step   37200. t/step: 1.29132e-01
 @simulation.run: Average timings at MD step   37300. t/step: 1.21980e-01
 @simulation.run: Average timings at MD step   37400. t/step: 1.19351e-01
 @simulation.run: Average timings at MD step   37500. t/step: 1.19312e-01
 @simulation.run: Average timings at MD step   37600. t/step: 1.28604e-01
 @simulation.run: Average timings at MD step   37700. t/step: 1.21142e-01
 @simulation.run: Average timings at MD step   37800. t/step: 1.25441e-01
 @simulation.run: Average timings at MD step   37900. t/step: 1.26066e-01
 @simulation.run: Average timings at MD step   38000. t/step: 1.26507e-01
 @simulation.run: Average timings at MD step   38100. t/step: 1.24755e-01
 @simulation.run: Average timings at MD step   38200. t/step: 1.24406e-01
 @simulation.run: Average timings at MD step   38300. t/step: 1.25048e-01
 @simulation.run: Average timings at MD step   38400. t/step: 1.39254e-01
 @simulation.run: Average timings at MD step   38500. t/step: 1.23656e-01
 @simulation.run: Average timings at MD step   38600. t/step: 1.23667e-01
 @simulation.run: Average timings at MD step   38700. t/step: 1.22861e-01
 @simulation.run: Average timings at MD step   38800. t/step: 1.21904e-01
 @simulation.run: Average timings at MD step   38900. t/step: 1.24353e-01
 @simulation.run: Average timings at MD step   39000. t/step: 1.20458e-01
 @simulation.run: Average timings at MD step   39100. t/step: 1.22848e-01
 @simulation.run: Average timings at MD step   39200. t/step: 1.22205e-01
 @simulation.run: Average timings at MD step   39300. t/step: 1.19912e-01
 @simulation.run: Average timings at MD step   39400. t/step: 1.22249e-01
 @simulation.run: Average timings at MD step   39500. t/step: 1.25914e-01
 @simulation.run: Average timings at MD step   39600. t/step: 1.22947e-01
 @simulation.run: Average timings at MD step   39700. t/step: 1.20487e-01
 @simulation.run: Average timings at MD step   39800. t/step: 1.20827e-01
 @simulation.run: Average timings at MD step   39900. t/step: 1.21062e-01
 @simulation.run: Average timings at MD step   40000. t/step: 1.19653e-01
 @simulation.run: Average timings at MD step   40100. t/step: 1.21834e-01
 @simulation.run: Average timings at MD step   40200. t/step: 1.21601e-01
 @simulation.run: Average timings at MD step   40300. t/step: 1.21446e-01
 @simulation.run: Average timings at MD step   40400. t/step: 1.22348e-01
 @simulation.run: Average timings at MD step   40500. t/step: 1.20908e-01
 @simulation.run: Average timings at MD step   40600. t/step: 1.20405e-01
 @simulation.run: Average timings at MD step   40700. t/step: 1.26166e-01
 @simulation.run: Average timings at MD step   40800. t/step: 1.25191e-01
 @simulation.run: Average timings at MD step   40900. t/step: 1.25983e-01
 @simulation.run: Average timings at MD step   41000. t/step: 1.25221e-01
 @simulation.run: Average timings at MD step   41100. t/step: 1.32104e-01
 @simulation.run: Average timings at MD step   41200. t/step: 1.25633e-01
 @simulation.run: Average timings at MD step   41300. t/step: 1.25356e-01
 @simulation.run: Average timings at MD step   41400. t/step: 1.31010e-01
 @simulation.run: Average timings at MD step   41500. t/step: 1.24021e-01
 @simulation.run: Average timings at MD step   41600. t/step: 1.22682e-01
 @simulation.run: Average timings at MD step   41700. t/step: 1.23126e-01
 @simulation.run: Average timings at MD step   41800. t/step: 1.25539e-01
 @simulation.run: Average timings at MD step   41900. t/step: 1.20716e-01
 @simulation.run: Average timings at MD step   42000. t/step: 1.19980e-01
 @simulation.run: Average timings at MD step   42100. t/step: 1.21640e-01
 @simulation.run: Average timings at MD step   42200. t/step: 1.21818e-01
 @simulation.run: Average timings at MD step   42300. t/step: 1.21155e-01
 @simulation.run: Average timings at MD step   42400. t/step: 1.18619e-01
 @simulation.run: Average timings at MD step   42500. t/step: 1.19423e-01
 @simulation.run: Average timings at MD step   42600. t/step: 1.22296e-01
 @simulation.run: Average timings at MD step   42700. t/step: 1.22847e-01
 @simulation.run: Average timings at MD step   42800. t/step: 1.22881e-01
 @simulation.run: Average timings at MD step   42900. t/step: 1.19163e-01
 @simulation.run: Average timings at MD step   43000. t/step: 1.20939e-01
 @simulation.run: Average timings at MD step   43100. t/step: 1.22050e-01
 @simulation.run: Average timings at MD step   43200. t/step: 1.20788e-01
 @simulation.run: Average timings at MD step   43300. t/step: 1.20899e-01
 @simulation.run: Average timings at MD step   43400. t/step: 1.20594e-01
 @simulation.run: Average timings at MD step   43500. t/step: 1.21539e-01
 @simulation.run: Average timings at MD step   43600. t/step: 1.24961e-01
 @simulation.run: Average timings at MD step   43700. t/step: 1.24308e-01
 @simulation.run: Average timings at MD step   43800. t/step: 1.25440e-01
 @simulation.run: Average timings at MD step   43900. t/step: 1.24410e-01
 @simulation.run: Average timings at MD step   44000. t/step: 1.25010e-01
 @simulation.run: Average timings at MD step   44100. t/step: 1.25583e-01
 @simulation.run: Average timings at MD step   44200. t/step: 1.24108e-01
 @simulation.run: Average timings at MD step   44300. t/step: 1.30890e-01
 @simulation.run: Average timings at MD step   44400. t/step: 1.29670e-01
 @simulation.run: Average timings at MD step   44500. t/step: 1.23361e-01
 @simulation.run: Average timings at MD step   44600. t/step: 1.29976e-01
 @simulation.run: Average timings at MD step   44700. t/step: 1.24290e-01
 @simulation.run: Average timings at MD step   44800. t/step: 1.22617e-01
 @simulation.run: Average timings at MD step   44900. t/step: 1.28744e-01
 @simulation.run: Average timings at MD step   45000. t/step: 1.22042e-01
 @simulation.run: Average timings at MD step   45100. t/step: 1.22357e-01
 @simulation.run: Average timings at MD step   45200. t/step: 1.20346e-01
 @simulation.run: Average timings at MD step   45300. t/step: 1.21618e-01
 @simulation.run: Average timings at MD step   45400. t/step: 1.20037e-01
 @simulation.run: Average timings at MD step   45500. t/step: 1.19956e-01
 @simulation.run: Average timings at MD step   45600. t/step: 1.21780e-01
 @simulation.run: Average timings at MD step   45700. t/step: 1.20634e-01
 @simulation.run: Average timings at MD step   45800. t/step: 1.21372e-01
 @simulation.run: Average timings at MD step   45900. t/step: 1.22052e-01
 @simulation.run: Average timings at MD step   46000. t/step: 1.22673e-01
 @simulation.run: Average timings at MD step   46100. t/step: 1.28435e-01
 @simulation.run: Average timings at MD step   46200. t/step: 1.27635e-01
 @simulation.run: Average timings at MD step   46300. t/step: 1.21394e-01
 @simulation.run: Average timings at MD step   46400. t/step: 1.20210e-01
 @simulation.run: Average timings at MD step   46500. t/step: 1.24159e-01
 @simulation.run: Average timings at MD step   46600. t/step: 1.25150e-01
 @simulation.run: Average timings at MD step   46700. t/step: 1.26425e-01
 @simulation.run: Average timings at MD step   46800. t/step: 1.31893e-01
 @simulation.run: Average timings at MD step   46900. t/step: 1.30674e-01
 @simulation.run: Average timings at MD step   47000. t/step: 1.24498e-01
 @simulation.run: Average timings at MD step   47100. t/step: 1.40689e-01
 @simulation.run: Average timings at MD step   47200. t/step: 1.38734e-01
 @simulation.run: Average timings at MD step   47300. t/step: 1.30107e-01
 @simulation.run: Average timings at MD step   47400. t/step: 1.24856e-01
 @simulation.run: Average timings at MD step   47500. t/step: 1.27088e-01
 @simulation.run: Average timings at MD step   47600. t/step: 1.24819e-01
 @simulation.run: Average timings at MD step   47700. t/step: 1.20224e-01
 @simulation.run: Average timings at MD step   47800. t/step: 1.21598e-01
 @simulation.run: Average timings at MD step   47900. t/step: 1.21517e-01
 @simulation.run: Average timings at MD step   48000. t/step: 1.21178e-01
 @simulation.run: Average timings at MD step   48100. t/step: 1.21221e-01
 @simulation.run: Average timings at MD step   48200. t/step: 1.26409e-01
 @simulation.run: Average timings at MD step   48300. t/step: 1.18740e-01
 @simulation.run: Average timings at MD step   48400. t/step: 1.20496e-01
 @simulation.run: Average timings at MD step   48500. t/step: 1.28333e-01
 @simulation.run: Average timings at MD step   48600. t/step: 1.19086e-01
 @simulation.run: Average timings at MD step   48700. t/step: 1.26522e-01
 @simulation.run: Average timings at MD step   48800. t/step: 1.19841e-01
 @simulation.run: Average timings at MD step   48900. t/step: 1.28708e-01
 @simulation.run: Average timings at MD step   49000. t/step: 1.20897e-01
 @simulation.run: Average timings at MD step   49100. t/step: 1.26270e-01
 @simulation.run: Average timings at MD step   49200. t/step: 1.20840e-01
 @simulation.run: Average timings at MD step   49300. t/step: 1.27507e-01
 @simulation.run: Average timings at MD step   49400. t/step: 1.32031e-01
 @simulation.run: Average timings at MD step   49500. t/step: 1.25916e-01
 @simulation.run: Average timings at MD step   49600. t/step: 1.26346e-01
 @simulation.run: Average timings at MD step   49700. t/step: 1.25738e-01
 @simulation.run: Average timings at MD step   49800. t/step: 1.25936e-01
 @simulation.run: Average timings at MD step   49900. t/step: 1.25792e-01
 @simulation.run: Average timings at MD step   50000. t/step: 1.24814e-01
 @simulation.run: Average timings at MD step   50100. t/step: 1.22684e-01
 @simulation.run: Average timings at MD step   50200. t/step: 1.23698e-01
 @simulation.run: Average timings at MD step   50300. t/step: 1.30868e-01
 @simulation.run: Average timings at MD step   50400. t/step: 1.24662e-01
 @simulation.run: Average timings at MD step   50500. t/step: 1.30809e-01
 @simulation.run: Average timings at MD step   50600. t/step: 1.19307e-01
 @simulation.run: Average timings at MD step   50700. t/step: 1.29535e-01
 @simulation.run: Average timings at MD step   50800. t/step: 1.19941e-01
 @simulation.run: Average timings at MD step   50900. t/step: 1.20622e-01
 @simulation.run: Average timings at MD step   51000. t/step: 1.20710e-01
 @simulation.run: Average timings at MD step   51100. t/step: 1.19097e-01
 @simulation.run: Average timings at MD step   51200. t/step: 1.20615e-01
 @simulation.run: Average timings at MD step   51300. t/step: 1.19597e-01
 @simulation.run: Average timings at MD step   51400. t/step: 1.20699e-01
 @simulation.run: Average timings at MD step   51500. t/step: 1.20256e-01
 @simulation.run: Average timings at MD step   51600. t/step: 1.21961e-01
 @simulation.run: Average timings at MD step   51700. t/step: 1.24382e-01
 @simulation.run: Average timings at MD step   51800. t/step: 1.21501e-01
 @simulation.run: Average timings at MD step   51900. t/step: 1.20576e-01
 @simulation.run: Average timings at MD step   52000. t/step: 1.23550e-01
 @simulation.run: Average timings at MD step   52100. t/step: 1.21225e-01
 @simulation.run: Average timings at MD step   52200. t/step: 1.21850e-01
 @simulation.run: Average timings at MD step   52300. t/step: 1.39360e-01
 @simulation.run: Average timings at MD step   52400. t/step: 1.27892e-01
 @simulation.run: Average timings at MD step   52500. t/step: 1.24732e-01
 @simulation.run: Average timings at MD step   52600. t/step: 1.24442e-01
 @simulation.run: Average timings at MD step   52700. t/step: 1.29851e-01
 @simulation.run: Average timings at MD step   52800. t/step: 1.26612e-01
 @simulation.run: Average timings at MD step   52900. t/step: 1.32106e-01
 @simulation.run: Average timings at MD step   53000. t/step: 1.22080e-01
 @simulation.run: Average timings at MD step   53100. t/step: 1.24410e-01
 @simulation.run: Average timings at MD step   53200. t/step: 1.24426e-01
 @simulation.run: Average timings at MD step   53300. t/step: 1.23548e-01
 @simulation.run: Average timings at MD step   53400. t/step: 1.21164e-01
 @simulation.run: Average timings at MD step   53500. t/step: 1.22072e-01
 @simulation.run: Average timings at MD step   53600. t/step: 1.31828e-01
 @simulation.run: Average timings at MD step   53700. t/step: 1.22941e-01
 @simulation.run: Average timings at MD step   53800. t/step: 1.28866e-01
 @simulation.run: Average timings at MD step   53900. t/step: 1.22088e-01
 @simulation.run: Average timings at MD step   54000. t/step: 1.25619e-01
 @simulation.run: Average timings at MD step   54100. t/step: 1.22986e-01
 @simulation.run: Average timings at MD step   54200. t/step: 1.27427e-01
 @simulation.run: Average timings at MD step   54300. t/step: 1.21205e-01
 @simulation.run: Average timings at MD step   54400. t/step: 1.26550e-01
 @simulation.run: Average timings at MD step   54500. t/step: 1.23932e-01
 @simulation.run: Average timings at MD step   54600. t/step: 1.20739e-01
 @simulation.run: Average timings at MD step   54700. t/step: 1.21656e-01
 @simulation.run: Average timings at MD step   54800. t/step: 1.21435e-01
 @simulation.run: Average timings at MD step   54900. t/step: 1.19808e-01
 @simulation.run: Average timings at MD step   55000. t/step: 1.21772e-01
 @simulation.run: Average timings at MD step   55100. t/step: 1.23720e-01
 @simulation.run: Average timings at MD step   55200. t/step: 1.32148e-01
 @simulation.run: Average timings at MD step   55300. t/step: 1.32206e-01
 @simulation.run: Average timings at MD step   55400. t/step: 1.24169e-01
 @simulation.run: Average timings at MD step   55500. t/step: 1.25248e-01
 @simulation.run: Average timings at MD step   55600. t/step: 1.31715e-01
 @simulation.run: Average timings at MD step   55700. t/step: 1.24688e-01
 @simulation.run: Average timings at MD step   55800. t/step: 1.25347e-01
 @simulation.run: Average timings at MD step   55900. t/step: 1.23679e-01
 @simulation.run: Average timings at MD step   56000. t/step: 1.31131e-01
 @simulation.run: Average timings at MD step   56100. t/step: 1.25810e-01
 @simulation.run: Average timings at MD step   56200. t/step: 1.24806e-01
 @simulation.run: Average timings at MD step   56300. t/step: 1.21956e-01
 @simulation.run: Average timings at MD step   56400. t/step: 1.19434e-01
 @simulation.run: Average timings at MD step   56500. t/step: 1.20959e-01
 @simulation.run: Average timings at MD step   56600. t/step: 1.22343e-01
 @simulation.run: Average timings at MD step   56700. t/step: 1.21033e-01
 @simulation.run: Average timings at MD step   56800. t/step: 1.21118e-01
 @simulation.run: Average timings at MD step   56900. t/step: 1.20061e-01
 @simulation.run: Average timings at MD step   57000. t/step: 1.20152e-01
 @simulation.run: Average timings at MD step   57100. t/step: 1.22857e-01
 @simulation.run: Average timings at MD step   57200. t/step: 1.26404e-01
 @simulation.run: Average timings at MD step   57300. t/step: 1.20450e-01
 @simulation.run: Average timings at MD step   57400. t/step: 1.19501e-01
 @simulation.run: Average timings at MD step   57500. t/step: 1.25292e-01
 @simulation.run: Average timings at MD step   57600. t/step: 1.22292e-01
 @simulation.run: Average timings at MD step   57700. t/step: 1.21632e-01
 @simulation.run: Average timings at MD step   57800. t/step: 1.20557e-01
 @simulation.run: Average timings at MD step   57900. t/step: 1.20901e-01
 @simulation.run: Average timings at MD step   58000. t/step: 1.22574e-01
 @simulation.run: Average timings at MD step   58100. t/step: 1.27104e-01
 @simulation.run: Average timings at MD step   58200. t/step: 1.28083e-01
 @simulation.run: Average timings at MD step   58300. t/step: 1.24380e-01
 @simulation.run: Average timings at MD step   58400. t/step: 1.23953e-01
 @simulation.run: Average timings at MD step   58500. t/step: 1.26322e-01
 @simulation.run: Average timings at MD step   58600. t/step: 1.24292e-01
 @simulation.run: Average timings at MD step   58700. t/step: 1.23349e-01
 @simulation.run: Average timings at MD step   58800. t/step: 1.29928e-01
 @simulation.run: Average timings at MD step   58900. t/step: 1.23251e-01
 @simulation.run: Average timings at MD step   59000. t/step: 1.22822e-01
 @simulation.run: Average timings at MD step   59100. t/step: 1.25902e-01
 @simulation.run: Average timings at MD step   59200. t/step: 1.35625e-01
 @simulation.run: Average timings at MD step   59300. t/step: 1.21279e-01
 @simulation.run: Average timings at MD step   59400. t/step: 1.22562e-01
 @simulation.run: Average timings at MD step   59500. t/step: 1.19652e-01
 @simulation.run: Average timings at MD step   59600. t/step: 1.22528e-01
 @simulation.run: Average timings at MD step   59700. t/step: 1.20819e-01
 @simulation.run: Average timings at MD step   59800. t/step: 1.20250e-01
 @simulation.run: Average timings at MD step   59900. t/step: 1.20580e-01
 @simulation.run: Average timings at MD step   60000. t/step: 1.26120e-01
 @simulation.run: Average timings at MD step   60100. t/step: 1.21904e-01
 @simulation.run: Average timings at MD step   60200. t/step: 1.22263e-01
 @simulation.run: Average timings at MD step   60300. t/step: 1.20581e-01
 @simulation.run: Average timings at MD step   60400. t/step: 1.19654e-01
 @simulation.run: Average timings at MD step   60500. t/step: 1.28663e-01
 @simulation.run: Average timings at MD step   60600. t/step: 1.23096e-01
 @simulation.run: Average timings at MD step   60700. t/step: 1.19982e-01
 @simulation.run: Average timings at MD step   60800. t/step: 1.20695e-01
 @simulation.run: Average timings at MD step   60900. t/step: 1.24415e-01
 @simulation.run: Average timings at MD step   61000. t/step: 1.24887e-01
 @simulation.run: Average timings at MD step   61100. t/step: 1.24012e-01
 @simulation.run: Average timings at MD step   61200. t/step: 1.30661e-01
 @simulation.run: Average timings at MD step   61300. t/step: 1.24701e-01
 @simulation.run: Average timings at MD step   61400. t/step: 1.25386e-01
 @simulation.run: Average timings at MD step   61500. t/step: 1.25126e-01
 @simulation.run: Average timings at MD step   61600. t/step: 1.25524e-01
 @simulation.run: Average timings at MD step   61700. t/step: 1.29840e-01
 @simulation.run: Average timings at MD step   61800. t/step: 1.25080e-01
 @simulation.run: Average timings at MD step   61900. t/step: 1.23244e-01
 @simulation.run: Average timings at MD step   62000. t/step: 1.24001e-01
 @simulation.run: Average timings at MD step   62100. t/step: 1.23701e-01
 @simulation.run: Average timings at MD step   62200. t/step: 1.29853e-01
 @simulation.run: Average timings at MD step   62300. t/step: 1.20537e-01
 @simulation.run: Average timings at MD step   62400. t/step: 1.21132e-01
 @simulation.run: Average timings at MD step   62500. t/step: 1.20906e-01
 @simulation.run: Average timings at MD step   62600. t/step: 1.22824e-01
 @simulation.run: Average timings at MD step   62700. t/step: 1.22728e-01
 @simulation.run: Average timings at MD step   62800. t/step: 1.18590e-01
 @simulation.run: Average timings at MD step   62900. t/step: 1.19867e-01
 @simulation.run: Average timings at MD step   63000. t/step: 1.27696e-01
 @simulation.run: Average timings at MD step   63100. t/step: 1.21663e-01
 @simulation.run: Average timings at MD step   63200. t/step: 1.22376e-01
 @simulation.run: Average timings at MD step   63300. t/step: 1.21741e-01
 @simulation.run: Average timings at MD step   63400. t/step: 1.20607e-01
 @simulation.run: Average timings at MD step   63500. t/step: 1.21908e-01
 @simulation.run: Average timings at MD step   63600. t/step: 1.21908e-01
 @simulation.run: Average timings at MD step   63700. t/step: 1.34920e-01
 @simulation.run: Average timings at MD step   63800. t/step: 1.24358e-01
 @simulation.run: Average timings at MD step   63900. t/step: 1.26710e-01
 @simulation.run: Average timings at MD step   64000. t/step: 1.25731e-01
 @simulation.run: Average timings at MD step   64100. t/step: 1.24294e-01
 @simulation.run: Average timings at MD step   64200. t/step: 1.31312e-01
 @simulation.run: Average timings at MD step   64300. t/step: 1.25664e-01
 @simulation.run: Average timings at MD step   64400. t/step: 1.25128e-01
 @simulation.run: Average timings at MD step   64500. t/step: 1.23512e-01
 @simulation.run: Average timings at MD step   64600. t/step: 1.22910e-01
 @simulation.run: Average timings at MD step   64700. t/step: 1.23703e-01
 @simulation.run: Average timings at MD step   64800. t/step: 1.24302e-01
 @simulation.run: Average timings at MD step   64900. t/step: 1.24995e-01
 @simulation.run: Average timings at MD step   65000. t/step: 1.22693e-01
 @simulation.run: Average timings at MD step   65100. t/step: 1.34702e-01
 @simulation.run: Average timings at MD step   65200. t/step: 1.22519e-01
 @simulation.run: Average timings at MD step   65300. t/step: 1.21830e-01
 @simulation.run: Average timings at MD step   65400. t/step: 1.21501e-01
 @simulation.run: Average timings at MD step   65500. t/step: 1.20500e-01
 @simulation.run: Average timings at MD step   65600. t/step: 1.18762e-01
 @simulation.run: Average timings at MD step   65700. t/step: 1.21309e-01
 @simulation.run: Average timings at MD step   65800. t/step: 1.28584e-01
 @simulation.run: Average timings at MD step   65900. t/step: 1.21268e-01
 @simulation.run: Average timings at MD step   66000. t/step: 1.27312e-01
 @simulation.run: Average timings at MD step   66100. t/step: 1.21815e-01
 @simulation.run: Average timings at MD step   66200. t/step: 1.22467e-01
 @simulation.run: Average timings at MD step   66300. t/step: 1.22127e-01
 @simulation.run: Average timings at MD step   66400. t/step: 1.20302e-01
 @simulation.run: Average timings at MD step   66500. t/step: 1.20099e-01
 @simulation.run: Average timings at MD step   66600. t/step: 1.21757e-01
 @simulation.run: Average timings at MD step   66700. t/step: 1.23495e-01
 @simulation.run: Average timings at MD step   66800. t/step: 1.29056e-01
 @simulation.run: Average timings at MD step   66900. t/step: 1.26554e-01
 @simulation.run: Average timings at MD step   67000. t/step: 1.24019e-01
 @simulation.run: Average timings at MD step   67100. t/step: 1.25496e-01
 @simulation.run: Average timings at MD step   67200. t/step: 1.24609e-01
 @simulation.run: Average timings at MD step   67300. t/step: 1.24738e-01
 @simulation.run: Average timings at MD step   67400. t/step: 1.23600e-01
 @simulation.run: Average timings at MD step   67500. t/step: 1.30168e-01
 @simulation.run: Average timings at MD step   67600. t/step: 1.24146e-01
 @simulation.run: Average timings at MD step   67700. t/step: 1.25297e-01
 @simulation.run: Average timings at MD step   67800. t/step: 1.26927e-01
 @simulation.run: Average timings at MD step   67900. t/step: 1.22911e-01
 @simulation.run: Average timings at MD step   68000. t/step: 1.21239e-01
 @simulation.run: Average timings at MD step   68100. t/step: 1.21301e-01
 @simulation.run: Average timings at MD step   68200. t/step: 1.28175e-01
 @simulation.run: Average timings at MD step   68300. t/step: 1.21639e-01
 @simulation.run: Average timings at MD step   68400. t/step: 1.20784e-01
 @simulation.run: Average timings at MD step   68500. t/step: 1.28885e-01
 @simulation.run: Average timings at MD step   68600. t/step: 1.22142e-01
 @simulation.run: Average timings at MD step   68700. t/step: 1.21826e-01
 @simulation.run: Average timings at MD step   68800. t/step: 1.27759e-01
 @simulation.run: Average timings at MD step   68900. t/step: 1.21481e-01
 @simulation.run: Average timings at MD step   69000. t/step: 1.20368e-01
 @simulation.run: Average timings at MD step   69100. t/step: 1.20876e-01
 @simulation.run: Average timings at MD step   69200. t/step: 1.21446e-01
 @simulation.run: Average timings at MD step   69300. t/step: 1.20607e-01
 @simulation.run: Average timings at MD step   69400. t/step: 1.27321e-01
 @simulation.run: Average timings at MD step   69500. t/step: 1.28441e-01
 @simulation.run: Average timings at MD step   69600. t/step: 1.26705e-01
 @simulation.run: Average timings at MD step   69700. t/step: 1.25182e-01
 @simulation.run: Average timings at MD step   69800. t/step: 1.24897e-01
 @simulation.run: Average timings at MD step   69900. t/step: 1.25887e-01
 @simulation.run: Average timings at MD step   70000. t/step: 1.23399e-01
 @simulation.run: Average timings at MD step   70100. t/step: 1.26049e-01
 @simulation.run: Average timings at MD step   70200. t/step: 1.25325e-01
 @simulation.run: Average timings at MD step   70300. t/step: 1.30113e-01
 @simulation.run: Average timings at MD step   70400. t/step: 1.23435e-01
 @simulation.run: Average timings at MD step   70500. t/step: 1.23855e-01
 @simulation.run: Average timings at MD step   70600. t/step: 1.31899e-01
 @simulation.run: Average timings at MD step   70700. t/step: 1.32329e-01
 @simulation.run: Average timings at MD step   70800. t/step: 1.21298e-01
 @simulation.run: Average timings at MD step   70900. t/step: 1.23579e-01
 @simulation.run: Average timings at MD step   71000. t/step: 1.20188e-01
 @simulation.run: Average timings at MD step   71100. t/step: 1.20816e-01
 @simulation.run: Average timings at MD step   71200. t/step: 1.20189e-01
 @simulation.run: Average timings at MD step   71300. t/step: 1.20259e-01
 @simulation.run: Average timings at MD step   71400. t/step: 1.28386e-01
 @simulation.run: Average timings at MD step   71500. t/step: 1.27620e-01
 @simulation.run: Average timings at MD step   71600. t/step: 1.21493e-01
 @simulation.run: Average timings at MD step   71700. t/step: 1.21575e-01
 @simulation.run: Average timings at MD step   71800. t/step: 1.25198e-01
 @simulation.run: Average timings at MD step   71900. t/step: 1.18777e-01
 @simulation.run: Average timings at MD step   72000. t/step: 1.20575e-01
 @simulation.run: Average timings at MD step   72100. t/step: 1.21641e-01
 @simulation.run: Average timings at MD step   72200. t/step: 1.22360e-01
 @simulation.run: Average timings at MD step   72300. t/step: 1.20545e-01
 @simulation.run: Average timings at MD step   72400. t/step: 1.18550e-01
 @simulation.run: Average timings at MD step   72500. t/step: 1.25662e-01
 @simulation.run: Average timings at MD step   72600. t/step: 1.26276e-01
 @simulation.run: Average timings at MD step   72700. t/step: 1.26705e-01
 @simulation.run: Average timings at MD step   72800. t/step: 1.24197e-01
 @simulation.run: Average timings at MD step   72900. t/step: 1.25532e-01
 @simulation.run: Average timings at MD step   73000. t/step: 1.25525e-01
 @simulation.run: Average timings at MD step   73100. t/step: 1.24021e-01
 @simulation.run: Average timings at MD step   73200. t/step: 1.24814e-01
 @simulation.run: Average timings at MD step   73300. t/step: 1.23406e-01
 @simulation.run: Average timings at MD step   73400. t/step: 1.24365e-01
 @simulation.run: Average timings at MD step   73500. t/step: 1.23715e-01
 @simulation.run: Average timings at MD step   73600. t/step: 1.25298e-01
 @simulation.run: Average timings at MD step   73700. t/step: 1.20811e-01
 @simulation.run: Average timings at MD step   73800. t/step: 1.27391e-01
 @simulation.run: Average timings at MD step   73900. t/step: 1.22976e-01
 @simulation.run: Average timings at MD step   74000. t/step: 1.29280e-01
 @simulation.run: Average timings at MD step   74100. t/step: 1.20844e-01
 @simulation.run: Average timings at MD step   74200. t/step: 1.21690e-01
 @simulation.run: Average timings at MD step   74300. t/step: 1.20103e-01
 @simulation.run: Average timings at MD step   74400. t/step: 1.20135e-01
 @simulation.run: Average timings at MD step   74500. t/step: 1.22909e-01
 @simulation.run: Average timings at MD step   74600. t/step: 1.20416e-01
 @simulation.run: Average timings at MD step   74700. t/step: 1.21131e-01
 @simulation.run: Average timings at MD step   74800. t/step: 1.19618e-01
 @simulation.run: Average timings at MD step   74900. t/step: 1.20770e-01
 @simulation.run: Average timings at MD step   75000. t/step: 1.21380e-01
 @simulation.run: Average timings at MD step   75100. t/step: 1.21009e-01
 @simulation.run: Average timings at MD step   75200. t/step: 1.18978e-01
 @simulation.run: Average timings at MD step   75300. t/step: 1.21220e-01
 @simulation.run: Average timings at MD step   75400. t/step: 1.23267e-01
 @simulation.run: Average timings at MD step   75500. t/step: 1.32285e-01
 @simulation.run: Average timings at MD step   75600. t/step: 1.32696e-01
 @simulation.run: Average timings at MD step   75700. t/step: 1.24831e-01
 @simulation.run: Average timings at MD step   75800. t/step: 1.32130e-01
 @simulation.run: Average timings at MD step   75900. t/step: 1.24636e-01
 @simulation.run: Average timings at MD step   76000. t/step: 1.32488e-01
 @simulation.run: Average timings at MD step   76100. t/step: 1.23846e-01
 @simulation.run: Average timings at MD step   76200. t/step: 1.22689e-01
 @simulation.run: Average timings at MD step   76300. t/step: 1.22370e-01
 @simulation.run: Average timings at MD step   76400. t/step: 1.24085e-01
 @simulation.run: Average timings at MD step   76500. t/step: 1.31458e-01
 @simulation.run: Average timings at MD step   76600. t/step: 1.22179e-01
 @simulation.run: Average timings at MD step   76700. t/step: 1.28169e-01
 @simulation.run: Average timings at MD step   76800. t/step: 1.22299e-01
 @simulation.run: Average timings at MD step   76900. t/step: 1.22095e-01
 @simulation.run: Average timings at MD step   77000. t/step: 1.21308e-01
 @simulation.run: Average timings at MD step   77100. t/step: 1.30967e-01
 @simulation.run: Average timings at MD step   77200. t/step: 1.21575e-01
 @simulation.run: Average timings at MD step   77300. t/step: 1.19203e-01
 @simulation.run: Average timings at MD step   77400. t/step: 1.19381e-01
 @simulation.run: Average timings at MD step   77500. t/step: 1.22249e-01
 @simulation.run: Average timings at MD step   77600. t/step: 1.20660e-01
 @simulation.run: Average timings at MD step   77700. t/step: 1.19925e-01
 @simulation.run: Average timings at MD step   77800. t/step: 1.22127e-01
 @simulation.run: Average timings at MD step   77900. t/step: 1.22384e-01
 @simulation.run: Average timings at MD step   78000. t/step: 1.21216e-01
 @simulation.run: Average timings at MD step   78100. t/step: 1.27420e-01
 @simulation.run: Average timings at MD step   78200. t/step: 1.28466e-01
 @simulation.run: Average timings at MD step   78300. t/step: 1.32401e-01
 @simulation.run: Average timings at MD step   78400. t/step: 1.26980e-01
 @simulation.run: Average timings at MD step   78500. t/step: 1.25605e-01
 @simulation.run: Average timings at MD step   78600. t/step: 1.24025e-01
 @simulation.run: Average timings at MD step   78700. t/step: 1.25551e-01
 @simulation.run: Average timings at MD step   78800. t/step: 1.32204e-01
 @simulation.run: Average timings at MD step   78900. t/step: 1.25317e-01
 @simulation.run: Average timings at MD step   79000. t/step: 1.36238e-01
 @simulation.run: Average timings at MD step   79100. t/step: 1.22822e-01
 @simulation.run: Average timings at MD step   79200. t/step: 1.24499e-01
 @simulation.run: Average timings at MD step   79300. t/step: 1.25396e-01
 @simulation.run: Average timings at MD step   79400. t/step: 1.30020e-01
 @simulation.run: Average timings at MD step   79500. t/step: 1.27014e-01
 @simulation.run: Average timings at MD step   79600. t/step: 1.22113e-01
 @simulation.run: Average timings at MD step   79700. t/step: 1.21378e-01
 @simulation.run: Average timings at MD step   79800. t/step: 1.21130e-01
 @simulation.run: Average timings at MD step   79900. t/step: 1.21881e-01
 @simulation.run: Average timings at MD step   80000. t/step: 1.19605e-01
 @simulation.run: Average timings at MD step   80100. t/step: 1.22085e-01
 @simulation.run: Average timings at MD step   80200. t/step: 1.23950e-01
 @simulation.run: Average timings at MD step   80300. t/step: 1.21962e-01
 @simulation.run: Average timings at MD step   80400. t/step: 1.20535e-01
 @simulation.run: Average timings at MD step   80500. t/step: 1.20644e-01
 @simulation.run: Average timings at MD step   80600. t/step: 1.20435e-01
 @simulation.run: Average timings at MD step   80700. t/step: 1.27664e-01
 @simulation.run: Average timings at MD step   80800. t/step: 1.22900e-01
 @simulation.run: Average timings at MD step   80900. t/step: 1.20569e-01
 @simulation.run: Average timings at MD step   81000. t/step: 1.20738e-01
 @simulation.run: Average timings at MD step   81100. t/step: 1.35136e-01
 @simulation.run: Average timings at MD step   81200. t/step: 1.27614e-01
 @simulation.run: Average timings at MD step   81300. t/step: 1.27214e-01
 @simulation.run: Average timings at MD step   81400. t/step: 1.30518e-01
 @simulation.run: Average timings at MD step   81500. t/step: 1.23972e-01
 @simulation.run: Average timings at MD step   81600. t/step: 1.23250e-01
 @simulation.run: Average timings at MD step   81700. t/step: 1.26106e-01
 @simulation.run: Average timings at MD step   81800. t/step: 1.24551e-01
 @simulation.run: Average timings at MD step   81900. t/step: 1.23240e-01
 @simulation.run: Average timings at MD step   82000. t/step: 1.22929e-01
 @simulation.run: Average timings at MD step   82100. t/step: 1.24881e-01
 @simulation.run: Average timings at MD step   82200. t/step: 1.30359e-01
 @simulation.run: Average timings at MD step   82300. t/step: 1.23458e-01
 @simulation.run: Average timings at MD step   82400. t/step: 1.21907e-01
 @simulation.run: Average timings at MD step   82500. t/step: 1.21123e-01
 @simulation.run: Average timings at MD step   82600. t/step: 1.24793e-01
 @simulation.run: Average timings at MD step   82700. t/step: 1.29996e-01
 @simulation.run: Average timings at MD step   82800. t/step: 1.22410e-01
 @simulation.run: Average timings at MD step   82900. t/step: 1.27176e-01
 @simulation.run: Average timings at MD step   83000. t/step: 1.19811e-01
 @simulation.run: Average timings at MD step   83100. t/step: 1.21564e-01
 @simulation.run: Average timings at MD step   83200. t/step: 1.21449e-01
 @simulation.run: Average timings at MD step   83300. t/step: 1.21585e-01
 @simulation.run: Average timings at MD step   83400. t/step: 1.22235e-01
 @simulation.run: Average timings at MD step   83500. t/step: 1.28006e-01
 @simulation.run: Average timings at MD step   83600. t/step: 1.21199e-01
 @simulation.run: Average timings at MD step   83700. t/step: 1.20536e-01
 @simulation.run: Average timings at MD step   83800. t/step: 1.19079e-01
 @simulation.run: Average timings at MD step   83900. t/step: 1.22034e-01
 @simulation.run: Average timings at MD step   84000. t/step: 1.22057e-01
 @simulation.run: Average timings at MD step   84100. t/step: 1.26120e-01
 @simulation.run: Average timings at MD step   84200. t/step: 1.32821e-01
 @simulation.run: Average timings at MD step   84300. t/step: 1.24094e-01
 @simulation.run: Average timings at MD step   84400. t/step: 1.24168e-01
 @simulation.run: Average timings at MD step   84500. t/step: 1.25786e-01
 @simulation.run: Average timings at MD step   84600. t/step: 1.24610e-01
 @simulation.run: Average timings at MD step   84700. t/step: 1.25530e-01
 @simulation.run: Average timings at MD step   84800. t/step: 1.23712e-01
 @simulation.run: Average timings at MD step   84900. t/step: 1.23679e-01
 @simulation.run: Average timings at MD step   85000. t/step: 1.23676e-01
 @simulation.run: Average timings at MD step   85100. t/step: 1.36127e-01
 @simulation.run: Average timings at MD step   85200. t/step: 1.23939e-01
 @simulation.run: Average timings at MD step   85300. t/step: 1.19950e-01
 @simulation.run: Average timings at MD step   85400. t/step: 1.21819e-01
 @simulation.run: Average timings at MD step   85500. t/step: 1.22061e-01
 @simulation.run: Average timings at MD step   85600. t/step: 1.21352e-01
 @simulation.run: Average timings at MD step   85700. t/step: 1.20295e-01
 @simulation.run: Average timings at MD step   85800. t/step: 1.22968e-01
 @simulation.run: Average timings at MD step   85900. t/step: 1.27343e-01
 @simulation.run: Average timings at MD step   86000. t/step: 1.21936e-01
 @simulation.run: Average timings at MD step   86100. t/step: 1.28664e-01
 @simulation.run: Average timings at MD step   86200. t/step: 1.22815e-01
 @simulation.run: Average timings at MD step   86300. t/step: 1.24158e-01
 @simulation.run: Average timings at MD step   86400. t/step: 1.21623e-01
 @simulation.run: Average timings at MD step   86500. t/step: 1.22832e-01
 @simulation.run: Average timings at MD step   86600. t/step: 1.22694e-01
 @simulation.run: Average timings at MD step   86700. t/step: 1.26478e-01
 @simulation.run: Average timings at MD step   86800. t/step: 1.20809e-01
 @simulation.run: Average timings at MD step   86900. t/step: 1.23755e-01
 @simulation.run: Average timings at MD step   87000. t/step: 1.25925e-01
 @simulation.run: Average timings at MD step   87100. t/step: 1.26819e-01
 @simulation.run: Average timings at MD step   87200. t/step: 1.25394e-01
 @simulation.run: Average timings at MD step   87300. t/step: 1.24013e-01
 @simulation.run: Average timings at MD step   87400. t/step: 1.23952e-01
 @simulation.run: Average timings at MD step   87500. t/step: 1.25509e-01
 @simulation.run: Average timings at MD step   87600. t/step: 1.23276e-01
 @simulation.run: Average timings at MD step   87700. t/step: 1.22906e-01
 @simulation.run: Average timings at MD step   87800. t/step: 1.23682e-01
 @simulation.run: Average timings at MD step   87900. t/step: 1.26600e-01
 @simulation.run: Average timings at MD step   88000. t/step: 1.26261e-01
 @simulation.run: Average timings at MD step   88100. t/step: 1.25469e-01
 @simulation.run: Average timings at MD step   88200. t/step: 1.25566e-01
 @simulation.run: Average timings at MD step   88300. t/step: 1.31802e-01
 @simulation.run: Average timings at MD step   88400. t/step: 1.32138e-01
 @simulation.run: Average timings at MD step   88500. t/step: 1.22393e-01
 @simulation.run: Average timings at MD step   88600. t/step: 1.20904e-01
 @simulation.run: Average timings at MD step   88700. t/step: 1.23470e-01
 @simulation.run: Average timings at MD step   88800. t/step: 1.30676e-01
 @simulation.run: Average timings at MD step   88900. t/step: 1.24772e-01
 @simulation.run: Average timings at MD step   89000. t/step: 1.21728e-01
 @simulation.run: Average timings at MD step   89100. t/step: 1.18267e-01
 @simulation.run: Average timings at MD step   89200. t/step: 1.21727e-01
 @simulation.run: Average timings at MD step   89300. t/step: 1.20264e-01
 @simulation.run: Average timings at MD step   89400. t/step: 1.20477e-01
 @simulation.run: Average timings at MD step   89500. t/step: 1.18143e-01
 @simulation.run: Average timings at MD step   89600. t/step: 1.23128e-01
 @simulation.run: Average timings at MD step   89700. t/step: 1.17789e-01
 @simulation.run: Average timings at MD step   89800. t/step: 1.21110e-01
 @simulation.run: Average timings at MD step   89900. t/step: 1.31554e-01
 @simulation.run: Average timings at MD step   90000. t/step: 1.25458e-01
 @simulation.run: Average timings at MD step   90100. t/step: 1.22933e-01
 @simulation.run: Average timings at MD step   90200. t/step: 1.23681e-01
 @simulation.run: Average timings at MD step   90300. t/step: 1.21788e-01
 @simulation.run: Average timings at MD step   90400. t/step: 1.22497e-01
 @simulation.run: Average timings at MD step   90500. t/step: 1.23341e-01
 @simulation.run: Average timings at MD step   90600. t/step: 1.22042e-01
 @simulation.run: Average timings at MD step   90700. t/step: 1.26384e-01
 @simulation.run: Average timings at MD step   90800. t/step: 1.24342e-01
 @simulation.run: Average timings at MD step   90900. t/step: 1.27235e-01
 @simulation.run: Average timings at MD step   91000. t/step: 1.36961e-01
 @simulation.run: Average timings at MD step   91100. t/step: 1.34894e-01
 @simulation.run: Average timings at MD step   91200. t/step: 1.35031e-01
 @simulation.run: Average timings at MD step   91300. t/step: 1.27360e-01
 @simulation.run: Average timings at MD step   91400. t/step: 1.30775e-01
 @simulation.run: Average timings at MD step   91500. t/step: 1.31395e-01
 @simulation.run: Average timings at MD step   91600. t/step: 1.23636e-01
 @simulation.run: Average timings at MD step   91700. t/step: 1.33355e-01
 @simulation.run: Average timings at MD step   91800. t/step: 1.31031e-01
 @simulation.run: Average timings at MD step   91900. t/step: 1.20800e-01
 @simulation.run: Average timings at MD step   92000. t/step: 1.21136e-01
 @simulation.run: Average timings at MD step   92100. t/step: 1.21723e-01
 @simulation.run: Average timings at MD step   92200. t/step: 1.20871e-01
 @simulation.run: Average timings at MD step   92300. t/step: 1.21278e-01
 @simulation.run: Average timings at MD step   92400. t/step: 1.23442e-01
 @simulation.run: Average timings at MD step   92500. t/step: 1.28110e-01
 @simulation.run: Average timings at MD step   92600. t/step: 1.29092e-01
 @simulation.run: Average timings at MD step   92700. t/step: 1.26672e-01
 @simulation.run: Average timings at MD step   92800. t/step: 1.26651e-01
 @simulation.run: Average timings at MD step   92900. t/step: 1.26218e-01
 @simulation.run: Average timings at MD step   93000. t/step: 1.25478e-01
 @simulation.run: Average timings at MD step   93100. t/step: 1.23280e-01
 @simulation.run: Average timings at MD step   93200. t/step: 1.32897e-01
 @simulation.run: Average timings at MD step   93300. t/step: 1.25759e-01
 @simulation.run: Average timings at MD step   93400. t/step: 1.23918e-01
 @simulation.run: Average timings at MD step   93500. t/step: 1.22451e-01
 @simulation.run: Average timings at MD step   93600. t/step: 1.24340e-01
 @simulation.run: Average timings at MD step   93700. t/step: 1.23927e-01
 @simulation.run: Average timings at MD step   93800. t/step: 1.29697e-01
 @simulation.run: Average timings at MD step   93900. t/step: 1.28915e-01
 @simulation.run: Average timings at MD step   94000. t/step: 1.22966e-01
 @simulation.run: Average timings at MD step   94100. t/step: 1.23415e-01
 @simulation.run: Average timings at MD step   94200. t/step: 1.22094e-01
 @simulation.run: Average timings at MD step   94300. t/step: 1.20366e-01
 @simulation.run: Average timings at MD step   94400. t/step: 1.28396e-01
 @simulation.run: Average timings at MD step   94500. t/step: 1.23579e-01
 @simulation.run: Average timings at MD step   94600. t/step: 1.21881e-01
 @simulation.run: Average timings at MD step   94700. t/step: 1.21326e-01
 @simulation.run: Average timings at MD step   94800. t/step: 1.23011e-01
 @simulation.run: Average timings at MD step   94900. t/step: 1.21047e-01
 @simulation.run: Average timings at MD step   95000. t/step: 1.23645e-01
 @simulation.run: Average timings at MD step   95100. t/step: 1.19520e-01
 @simulation.run: Average timings at MD step   95200. t/step: 1.21109e-01
 @simulation.run: Average timings at MD step   95300. t/step: 1.21835e-01
 @simulation.run: Average timings at MD step   95400. t/step: 1.28627e-01
 @simulation.run: Average timings at MD step   95500. t/step: 1.30976e-01
 @simulation.run: Average timings at MD step   95600. t/step: 1.33841e-01
 @simulation.run: Average timings at MD step   95700. t/step: 1.33793e-01
 @simulation.run: Average timings at MD step   95800. t/step: 1.24959e-01
 @simulation.run: Average timings at MD step   95900. t/step: 1.25948e-01
 @simulation.run: Average timings at MD step   96000. t/step: 1.27069e-01
 @simulation.run: Average timings at MD step   96100. t/step: 1.24703e-01
 @simulation.run: Average timings at MD step   96200. t/step: 1.38699e-01
 @simulation.run: Average timings at MD step   96300. t/step: 1.24346e-01
 @simulation.run: Average timings at MD step   96400. t/step: 1.23422e-01
 @simulation.run: Average timings at MD step   96500. t/step: 1.25096e-01
 @simulation.run: Average timings at MD step   96600. t/step: 1.27484e-01
 @simulation.run: Average timings at MD step   96700. t/step: 1.21913e-01
 @simulation.run: Average timings at MD step   96800. t/step: 1.21675e-01
 @simulation.run: Average timings at MD step   96900. t/step: 1.20929e-01
 @simulation.run: Average timings at MD step   97000. t/step: 1.30916e-01
 @simulation.run: Average timings at MD step   97100. t/step: 1.20620e-01
 @simulation.run: Average timings at MD step   97200. t/step: 1.22263e-01
 @simulation.run: Average timings at MD step   97300. t/step: 1.29539e-01
 @simulation.run: Average timings at MD step   97400. t/step: 1.23886e-01
 @simulation.run: Average timings at MD step   97500. t/step: 1.30019e-01
 @simulation.run: Average timings at MD step   97600. t/step: 1.21365e-01
 @simulation.run: Average timings at MD step   97700. t/step: 1.26069e-01
 @simulation.run: Average timings at MD step   97800. t/step: 1.24684e-01
 @simulation.run: Average timings at MD step   97900. t/step: 1.24875e-01
 @simulation.run: Average timings at MD step   98000. t/step: 1.33849e-01
 @simulation.run: Average timings at MD step   98100. t/step: 1.24517e-01
 @simulation.run: Average timings at MD step   98200. t/step: 1.24961e-01
 @simulation.run: Average timings at MD step   98300. t/step: 1.34125e-01
 @simulation.run: Average timings at MD step   98400. t/step: 1.26344e-01
 @simulation.run: Average timings at MD step   98500. t/step: 1.37420e-01
 @simulation.run: Average timings at MD step   98600. t/step: 1.25801e-01
 @simulation.run: Average timings at MD step   98700. t/step: 1.26980e-01
 @simulation.run: Average timings at MD step   98800. t/step: 1.27692e-01
 @simulation.run: Average timings at MD step   98900. t/step: 1.34783e-01
 @simulation.run: Average timings at MD step   99000. t/step: 1.25917e-01
 @simulation.run: Average timings at MD step   99100. t/step: 1.29375e-01
 @simulation.run: Average timings at MD step   99200. t/step: 1.26123e-01
 @simulation.run: Average timings at MD step   99300. t/step: 1.32063e-01
 @simulation.run: Average timings at MD step   99400. t/step: 1.26131e-01
 @simulation.run: Average timings at MD step   99500. t/step: 1.35416e-01
 @simulation.run: Average timings at MD step   99600. t/step: 1.29289e-01
 @simulation.run: Average timings at MD step   99700. t/step: 1.17717e-01
 @simulation.run: Average timings at MD step   99800. t/step: 1.26236e-01
 @simulation.run: Average timings at MD step   99900. t/step: 1.25213e-01
 @simulation.run: Average timings at MD step  100000. t/step: 1.29352e-01
 @simulation.run: Average timings at MD step  100100. t/step: 1.44110e-01
 @simulation.run: Average timings at MD step  100200. t/step: 1.30361e-01
 @simulation.run: Average timings at MD step  100300. t/step: 1.32050e-01
 @simulation.run: Average timings at MD step  100400. t/step: 1.28121e-01
 @simulation.run: Average timings at MD step  100500. t/step: 1.28136e-01
 @simulation.run: Average timings at MD step  100600. t/step: 1.35430e-01
 @simulation.run: Average timings at MD step  100700. t/step: 1.26654e-01
 @simulation.run: Average timings at MD step  100800. t/step: 1.25107e-01
 @simulation.run: Average timings at MD step  100900. t/step: 1.28889e-01
 @simulation.run: Average timings at MD step  101000. t/step: 1.33619e-01
 @simulation.run: Average timings at MD step  101100. t/step: 1.27133e-01
 @simulation.run: Average timings at MD step  101200. t/step: 1.31076e-01
 @simulation.run: Average timings at MD step  101300. t/step: 1.38089e-01
 @simulation.run: Average timings at MD step  101400. t/step: 1.29368e-01
 @simulation.run: Average timings at MD step  101500. t/step: 1.31904e-01
 @simulation.run: Average timings at MD step  101600. t/step: 1.28460e-01
 @simulation.run: Average timings at MD step  101700. t/step: 1.28308e-01
 @simulation.run: Average timings at MD step  101800. t/step: 1.26417e-01
 @simulation.run: Average timings at MD step  101900. t/step: 1.34818e-01
 @simulation.run: Average timings at MD step  102000. t/step: 1.25795e-01
 @simulation.run: Average timings at MD step  102100. t/step: 1.32164e-01
 @simulation.run: Average timings at MD step  102200. t/step: 1.27065e-01
 @simulation.run: Average timings at MD step  102300. t/step: 1.22109e-01
 @simulation.run: Average timings at MD step  102400. t/step: 1.32037e-01
 @simulation.run: Average timings at MD step  102500. t/step: 1.30927e-01
 @simulation.run: Average timings at MD step  102600. t/step: 1.41103e-01
 @simulation.run: Average timings at MD step  102700. t/step: 1.43424e-01
 @simulation.run: Average timings at MD step  102800. t/step: 1.43837e-01
 @simulation.run: Average timings at MD step  102900. t/step: 1.43207e-01
 @simulation.run: Average timings at MD step  103000. t/step: 1.45812e-01
 @simulation.run: Average timings at MD step  103100. t/step: 1.31621e-01
 @simulation.run: Average timings at MD step  103200. t/step: 1.28298e-01
 @simulation.run: Average timings at MD step  103300. t/step: 1.38893e-01
 @simulation.run: Average timings at MD step  103400. t/step: 1.23335e-01
 @simulation.run: Average timings at MD step  103500. t/step: 1.19692e-01
 @simulation.run: Average timings at MD step  103600. t/step: 1.20462e-01
 @simulation.run: Average timings at MD step  103700. t/step: 1.21789e-01
 @simulation.run: Average timings at MD step  103800. t/step: 1.21285e-01
 @simulation.run: Average timings at MD step  103900. t/step: 1.28085e-01
 @simulation.run: Average timings at MD step  104000. t/step: 1.25815e-01
 @simulation.run: Average timings at MD step  104100. t/step: 1.26697e-01
 @simulation.run: Average timings at MD step  104200. t/step: 1.25926e-01
 @simulation.run: Average timings at MD step  104300. t/step: 1.25734e-01
 @simulation.run: Average timings at MD step  104400. t/step: 1.25231e-01
 @simulation.run: Average timings at MD step  104500. t/step: 1.24656e-01
 @simulation.run: Average timings at MD step  104600. t/step: 1.22357e-01
 @simulation.run: Average timings at MD step  104700. t/step: 1.26862e-01
 @simulation.run: Average timings at MD step  104800. t/step: 1.25254e-01
 @simulation.run: Average timings at MD step  104900. t/step: 1.41112e-01
 @simulation.run: Average timings at MD step  105000. t/step: 1.22517e-01
 @simulation.run: Average timings at MD step  105100. t/step: 1.27744e-01
 @simulation.run: Average timings at MD step  105200. t/step: 1.24940e-01
 @simulation.run: Average timings at MD step  105300. t/step: 1.25814e-01
 @simulation.run: Average timings at MD step  105400. t/step: 1.23315e-01
 @simulation.run: Average timings at MD step  105500. t/step: 1.25235e-01
 @simulation.run: Average timings at MD step  105600. t/step: 1.23285e-01
 @simulation.run: Average timings at MD step  105700. t/step: 1.22378e-01
 @simulation.run: Average timings at MD step  105800. t/step: 1.22226e-01
 @simulation.run: Average timings at MD step  105900. t/step: 1.21741e-01
 @simulation.run: Average timings at MD step  106000. t/step: 1.23406e-01
 @simulation.run: Average timings at MD step  106100. t/step: 1.29390e-01
 @simulation.run: Average timings at MD step  106200. t/step: 1.23908e-01
 @simulation.run: Average timings at MD step  106300. t/step: 1.21322e-01
 @simulation.run: Average timings at MD step  106400. t/step: 1.23189e-01
 @simulation.run: Average timings at MD step  106500. t/step: 1.23734e-01
 @simulation.run: Average timings at MD step  106600. t/step: 1.23952e-01
 @simulation.run: Average timings at MD step  106700. t/step: 1.30103e-01
 @simulation.run: Average timings at MD step  106800. t/step: 1.28759e-01
 @simulation.run: Average timings at MD step  106900. t/step: 1.27721e-01
 @simulation.run: Average timings at MD step  107000. t/step: 1.25897e-01
 @simulation.run: Average timings at MD step  107100. t/step: 1.33838e-01
 @simulation.run: Average timings at MD step  107200. t/step: 1.26780e-01
 @simulation.run: Average timings at MD step  107300. t/step: 1.26038e-01
 @simulation.run: Average timings at MD step  107400. t/step: 1.33055e-01
 @simulation.run: Average timings at MD step  107500. t/step: 1.26280e-01
 @simulation.run: Average timings at MD step  107600. t/step: 1.30957e-01
 @simulation.run: Average timings at MD step  107700. t/step: 1.25246e-01
 @simulation.run: Average timings at MD step  107800. t/step: 1.23403e-01
 @simulation.run: Average timings at MD step  107900. t/step: 1.24372e-01
 @simulation.run: Average timings at MD step  108000. t/step: 1.23985e-01
 @simulation.run: Average timings at MD step  108100. t/step: 1.22258e-01
 @simulation.run: Average timings at MD step  108200. t/step: 1.22162e-01
 @simulation.run: Average timings at MD step  108300. t/step: 1.37875e-01
 @simulation.run: Average timings at MD step  108400. t/step: 1.21794e-01
 @simulation.run: Average timings at MD step  108500. t/step: 1.24694e-01
 @simulation.run: Average timings at MD step  108600. t/step: 1.30135e-01
 @simulation.run: Average timings at MD step  108700. t/step: 1.22095e-01
 @simulation.run: Average timings at MD step  108800. t/step: 1.21596e-01
 @simulation.run: Average timings at MD step  108900. t/step: 1.21564e-01
 @simulation.run: Average timings at MD step  109000. t/step: 1.22536e-01
 @simulation.run: Average timings at MD step  109100. t/step: 1.24048e-01
 @simulation.run: Average timings at MD step  109200. t/step: 1.23622e-01
 @simulation.run: Average timings at MD step  109300. t/step: 1.21950e-01
 @simulation.run: Average timings at MD step  109400. t/step: 1.21284e-01
 @simulation.run: Average timings at MD step  109500. t/step: 1.32491e-01
 @simulation.run: Average timings at MD step  109600. t/step: 1.38320e-01
 @simulation.run: Average timings at MD step  109700. t/step: 1.36012e-01
 @simulation.run: Average timings at MD step  109800. t/step: 1.29045e-01
 @simulation.run: Average timings at MD step  109900. t/step: 1.26273e-01
 @simulation.run: Average timings at MD step  110000. t/step: 1.27232e-01
 @simulation.run: Average timings at MD step  110100. t/step: 1.26587e-01
 @simulation.run: Average timings at MD step  110200. t/step: 1.27475e-01
 @simulation.run: Average timings at MD step  110300. t/step: 1.24849e-01
 @simulation.run: Average timings at MD step  110400. t/step: 1.22780e-01
 @simulation.run: Average timings at MD step  110500. t/step: 1.36298e-01
 @simulation.run: Average timings at MD step  110600. t/step: 1.38147e-01
 @simulation.run: Average timings at MD step  110700. t/step: 1.43180e-01
 @simulation.run: Average timings at MD step  110800. t/step: 1.34385e-01
 @simulation.run: Average timings at MD step  110900. t/step: 1.28147e-01
 @simulation.run: Average timings at MD step  111000. t/step: 1.34212e-01
 @simulation.run: Average timings at MD step  111100. t/step: 1.27421e-01
 @simulation.run: Average timings at MD step  111200. t/step: 1.24709e-01
 @simulation.run: Average timings at MD step  111300. t/step: 1.29764e-01
 @simulation.run: Average timings at MD step  111400. t/step: 1.25463e-01
 @simulation.run: Average timings at MD step  111500. t/step: 1.23944e-01
 @simulation.run: Average timings at MD step  111600. t/step: 1.29973e-01
 @simulation.run: Average timings at MD step  111700. t/step: 1.25575e-01
 @simulation.run: Average timings at MD step  111800. t/step: 1.32695e-01
 @simulation.run: Average timings at MD step  111900. t/step: 1.25135e-01
 @simulation.run: Average timings at MD step  112000. t/step: 1.27328e-01
 @simulation.run: Average timings at MD step  112100. t/step: 1.28087e-01
 @simulation.run: Average timings at MD step  112200. t/step: 1.32865e-01
 @simulation.run: Average timings at MD step  112300. t/step: 1.31906e-01
 @simulation.run: Average timings at MD step  112400. t/step: 1.29875e-01
 @simulation.run: Average timings at MD step  112500. t/step: 1.34242e-01
 @simulation.run: Average timings at MD step  112600. t/step: 1.29899e-01
 @simulation.run: Average timings at MD step  112700. t/step: 1.39313e-01
 @simulation.run: Average timings at MD step  112800. t/step: 1.35557e-01
 @simulation.run: Average timings at MD step  112900. t/step: 1.30689e-01
 @simulation.run: Average timings at MD step  113000. t/step: 1.36074e-01
 @simulation.run: Average timings at MD step  113100. t/step: 1.29565e-01
 @simulation.run: Average timings at MD step  113200. t/step: 1.27295e-01
 @simulation.run: Average timings at MD step  113300. t/step: 1.35306e-01
 @simulation.run: Average timings at MD step  113400. t/step: 1.26179e-01
 @simulation.run: Average timings at MD step  113500. t/step: 1.30688e-01
 @simulation.run: Average timings at MD step  113600. t/step: 1.23269e-01
 @simulation.run: Average timings at MD step  113700. t/step: 1.24939e-01
 @simulation.run: Average timings at MD step  113800. t/step: 1.26663e-01
 @simulation.run: Average timings at MD step  113900. t/step: 1.40151e-01
 @simulation.run: Average timings at MD step  114000. t/step: 1.25938e-01
 @simulation.run: Average timings at MD step  114100. t/step: 1.27690e-01
 @simulation.run: Average timings at MD step  114200. t/step: 1.34018e-01
 @simulation.run: Average timings at MD step  114300. t/step: 1.32938e-01
 @simulation.run: Average timings at MD step  114400. t/step: 1.28455e-01
 @simulation.run: Average timings at MD step  114500. t/step: 1.26980e-01
 @simulation.run: Average timings at MD step  114600. t/step: 1.23427e-01
 @simulation.run: Average timings at MD step  114700. t/step: 1.26078e-01
 @simulation.run: Average timings at MD step  114800. t/step: 1.26155e-01
 @simulation.run: Average timings at MD step  114900. t/step: 1.34864e-01
 @simulation.run: Average timings at MD step  115000. t/step: 1.25118e-01
 @simulation.run: Average timings at MD step  115100. t/step: 1.35403e-01
 @simulation.run: Average timings at MD step  115200. t/step: 1.31452e-01
 @simulation.run: Average timings at MD step  115300. t/step: 1.30081e-01
 @simulation.run: Average timings at MD step  115400. t/step: 1.29733e-01
 @simulation.run: Average timings at MD step  115500. t/step: 1.29501e-01
 @simulation.run: Average timings at MD step  115600. t/step: 1.27093e-01
 @simulation.run: Average timings at MD step  115700. t/step: 1.29435e-01
 @simulation.run: Average timings at MD step  115800. t/step: 1.24573e-01
 @simulation.run: Average timings at MD step  115900. t/step: 1.26052e-01
 @simulation.run: Average timings at MD step  116000. t/step: 1.29894e-01
 @simulation.run: Average timings at MD step  116100. t/step: 1.25773e-01
 @simulation.run: Average timings at MD step  116200. t/step: 1.29839e-01
 @simulation.run: Average timings at MD step  116300. t/step: 1.39440e-01
 @simulation.run: Average timings at MD step  116400. t/step: 1.27702e-01
 @simulation.run: Average timings at MD step  116500. t/step: 1.35122e-01
 @simulation.run: Average timings at MD step  116600. t/step: 1.32304e-01
 @simulation.run: Average timings at MD step  116700. t/step: 1.35452e-01
 @simulation.run: Average timings at MD step  116800. t/step: 1.20947e-01
 @simulation.run: Average timings at MD step  116900. t/step: 1.23095e-01
 @simulation.run: Average timings at MD step  117000. t/step: 1.25373e-01
 @simulation.run: Average timings at MD step  117100. t/step: 1.22131e-01
 @simulation.run: Average timings at MD step  117200. t/step: 1.22982e-01
 @simulation.run: Average timings at MD step  117300. t/step: 1.23594e-01
 @simulation.run: Average timings at MD step  117400. t/step: 1.23021e-01
 @simulation.run: Average timings at MD step  117500. t/step: 1.24781e-01
 @simulation.run: Average timings at MD step  117600. t/step: 1.20313e-01
 @simulation.run: Average timings at MD step  117700. t/step: 1.27044e-01
 @simulation.run: Average timings at MD step  117800. t/step: 1.26051e-01
 @simulation.run: Average timings at MD step  117900. t/step: 1.23543e-01
 @simulation.run: Average timings at MD step  118000. t/step: 1.26647e-01
 @simulation.run: Average timings at MD step  118100. t/step: 1.26250e-01
 @simulation.run: Average timings at MD step  118200. t/step: 1.25872e-01
 @simulation.run: Average timings at MD step  118300. t/step: 1.25118e-01
 @simulation.run: Average timings at MD step  118400. t/step: 1.27072e-01
 @simulation.run: Average timings at MD step  118500. t/step: 1.26812e-01
 @simulation.run: Average timings at MD step  118600. t/step: 1.25458e-01
 @simulation.run: Average timings at MD step  118700. t/step: 1.23517e-01
 @simulation.run: Average timings at MD step  118800. t/step: 1.29034e-01
 @simulation.run: Average timings at MD step  118900. t/step: 1.30043e-01
 @simulation.run: Average timings at MD step  119000. t/step: 1.22582e-01
 @simulation.run: Average timings at MD step  119100. t/step: 1.23842e-01
 @simulation.run: Average timings at MD step  119200. t/step: 1.20358e-01
 @simulation.run: Average timings at MD step  119300. t/step: 1.19013e-01
 @simulation.run: Average timings at MD step  119400. t/step: 1.22574e-01
 @simulation.run: Average timings at MD step  119500. t/step: 1.22674e-01
 @simulation.run: Average timings at MD step  119600. t/step: 1.21974e-01
 @simulation.run: Average timings at MD step  119700. t/step: 1.22464e-01
 @simulation.run: Average timings at MD step  119800. t/step: 1.21428e-01
 @simulation.run: Average timings at MD step  119900. t/step: 1.18432e-01
 @simulation.run: Average timings at MD step  120000. t/step: 1.20447e-01
 @simulation.run: Average timings at MD step  120100. t/step: 1.22053e-01
 @simulation.run: Average timings at MD step  120200. t/step: 1.21296e-01
 @simulation.run: Average timings at MD step  120300. t/step: 1.21781e-01
 @simulation.run: Average timings at MD step  120400. t/step: 1.21954e-01
 @simulation.run: Average timings at MD step  120500. t/step: 1.22788e-01
 @simulation.run: Average timings at MD step  120600. t/step: 1.22557e-01
 @simulation.run: Average timings at MD step  120700. t/step: 1.23730e-01
 @simulation.run: Average timings at MD step  120800. t/step: 1.25756e-01
 @simulation.run: Average timings at MD step  120900. t/step: 1.28311e-01
 @simulation.run: Average timings at MD step  121000. t/step: 1.27250e-01
 @simulation.run: Average timings at MD step  121100. t/step: 1.25667e-01
 @simulation.run: Average timings at MD step  121200. t/step: 1.24516e-01
 @simulation.run: Average timings at MD step  121300. t/step: 1.26516e-01
 @simulation.run: Average timings at MD step  121400. t/step: 1.25570e-01
 @simulation.run: Average timings at MD step  121500. t/step: 1.24617e-01
 @simulation.run: Average timings at MD step  121600. t/step: 1.25281e-01
 @simulation.run: Average timings at MD step  121700. t/step: 1.30627e-01
 @simulation.run: Average timings at MD step  121800. t/step: 1.25216e-01
 @simulation.run: Average timings at MD step  121900. t/step: 1.26699e-01
 @simulation.run: Average timings at MD step  122000. t/step: 1.21182e-01
 @simulation.run: Average timings at MD step  122100. t/step: 1.22361e-01
 @simulation.run: Average timings at MD step  122200. t/step: 1.23817e-01
 @simulation.run: Average timings at MD step  122300. t/step: 1.22832e-01
 @simulation.run: Average timings at MD step  122400. t/step: 1.22685e-01
 @simulation.run: Average timings at MD step  122500. t/step: 1.21017e-01
 @simulation.run: Average timings at MD step  122600. t/step: 1.21118e-01
 @simulation.run: Average timings at MD step  122700. t/step: 1.27246e-01
 @simulation.run: Average timings at MD step  122800. t/step: 1.21291e-01
 @simulation.run: Average timings at MD step  122900. t/step: 1.21361e-01
 @simulation.run: Average timings at MD step  123000. t/step: 1.26490e-01
 @simulation.run: Average timings at MD step  123100. t/step: 1.23462e-01
 @simulation.run: Average timings at MD step  123200. t/step: 1.21925e-01
 @simulation.run: Average timings at MD step  123300. t/step: 1.21991e-01
 @simulation.run: Average timings at MD step  123400. t/step: 1.21142e-01
 @simulation.run: Average timings at MD step  123500. t/step: 1.20286e-01
 @simulation.run: Average timings at MD step  123600. t/step: 1.21067e-01
 @simulation.run: Average timings at MD step  123700. t/step: 1.24219e-01
 @simulation.run: Average timings at MD step  123800. t/step: 1.33937e-01
 @simulation.run: Average timings at MD step  123900. t/step: 1.27107e-01
 @simulation.run: Average timings at MD step  124000. t/step: 1.31814e-01
 @simulation.run: Average timings at MD step  124100. t/step: 1.25382e-01
 @simulation.run: Average timings at MD step  124200. t/step: 1.25187e-01
 @simulation.run: Average timings at MD step  124300. t/step: 1.24241e-01
 @simulation.run: Average timings at MD step  124400. t/step: 1.30321e-01
 @simulation.run: Average timings at MD step  124500. t/step: 1.24411e-01
 @simulation.run: Average timings at MD step  124600. t/step: 1.31718e-01
 @simulation.run: Average timings at MD step  124700. t/step: 1.24475e-01
 @simulation.run: Average timings at MD step  124800. t/step: 1.24352e-01
 @simulation.run: Average timings at MD step  124900. t/step: 1.21555e-01
 @simulation.run: Average timings at MD step  125000. t/step: 1.21673e-01
 @simulation.run: Average timings at MD step  125100. t/step: 1.21084e-01
 @simulation.run: Average timings at MD step  125200. t/step: 1.22521e-01
 @simulation.run: Average timings at MD step  125300. t/step: 1.23118e-01
 @simulation.run: Average timings at MD step  125400. t/step: 1.35460e-01
 @simulation.run: Average timings at MD step  125500. t/step: 1.21328e-01
 @simulation.run: Average timings at MD step  125600. t/step: 1.29243e-01
 @simulation.run: Average timings at MD step  125700. t/step: 1.21522e-01
 @simulation.run: Average timings at MD step  125800. t/step: 1.20411e-01
 @simulation.run: Average timings at MD step  125900. t/step: 1.19808e-01
 @simulation.run: Average timings at MD step  126000. t/step: 1.36401e-01
 @simulation.run: Average timings at MD step  126100. t/step: 1.21190e-01
 @simulation.run: Average timings at MD step  126200. t/step: 1.29436e-01
 @simulation.run: Average timings at MD step  126300. t/step: 1.23983e-01
 @simulation.run: Average timings at MD step  126400. t/step: 1.22379e-01
 @simulation.run: Average timings at MD step  126500. t/step: 1.27820e-01
 @simulation.run: Average timings at MD step  126600. t/step: 1.32038e-01
 @simulation.run: Average timings at MD step  126700. t/step: 1.26707e-01
 @simulation.run: Average timings at MD step  126800. t/step: 1.26537e-01
 @simulation.run: Average timings at MD step  126900. t/step: 1.23239e-01
 @simulation.run: Average timings at MD step  127000. t/step: 1.23225e-01
 @simulation.run: Average timings at MD step  127100. t/step: 1.26064e-01
 @simulation.run: Average timings at MD step  127200. t/step: 1.25329e-01
 @simulation.run: Average timings at MD step  127300. t/step: 1.37031e-01
 @simulation.run: Average timings at MD step  127400. t/step: 1.23766e-01
 @simulation.run: Average timings at MD step  127500. t/step: 1.24198e-01
 @simulation.run: Average timings at MD step  127600. t/step: 1.24373e-01
 @simulation.run: Average timings at MD step  127700. t/step: 1.24389e-01
 @simulation.run: Average timings at MD step  127800. t/step: 1.21678e-01
 @simulation.run: Average timings at MD step  127900. t/step: 1.22576e-01
 @simulation.run: Average timings at MD step  128000. t/step: 1.20440e-01
 @simulation.run: Average timings at MD step  128100. t/step: 1.22195e-01
 @simulation.run: Average timings at MD step  128200. t/step: 1.23183e-01
 @simulation.run: Average timings at MD step  128300. t/step: 1.21742e-01
 @simulation.run: Average timings at MD step  128400. t/step: 1.19736e-01
 @simulation.run: Average timings at MD step  128500. t/step: 1.21709e-01
 @simulation.run: Average timings at MD step  128600. t/step: 1.22243e-01
 @simulation.run: Average timings at MD step  128700. t/step: 1.21444e-01
 @simulation.run: Average timings at MD step  128800. t/step: 1.29777e-01
 @simulation.run: Average timings at MD step  128900. t/step: 1.20211e-01
 @simulation.run: Average timings at MD step  129000. t/step: 1.20725e-01
 @simulation.run: Average timings at MD step  129100. t/step: 1.22069e-01
 @simulation.run: Average timings at MD step  129200. t/step: 1.23114e-01
 @simulation.run: Average timings at MD step  129300. t/step: 1.21175e-01
 @simulation.run: Average timings at MD step  129400. t/step: 1.21771e-01
 @simulation.run: Average timings at MD step  129500. t/step: 1.33477e-01
 @simulation.run: Average timings at MD step  129600. t/step: 1.26154e-01
 @simulation.run: Average timings at MD step  129700. t/step: 1.25648e-01
 @simulation.run: Average timings at MD step  129800. t/step: 1.25477e-01
 @simulation.run: Average timings at MD step  129900. t/step: 1.31636e-01
 @simulation.run: Average timings at MD step  130000. t/step: 1.26181e-01
 @simulation.run: Average timings at MD step  130100. t/step: 1.26139e-01
 @simulation.run: Average timings at MD step  130200. t/step: 1.24086e-01
 @simulation.run: Average timings at MD step  130300. t/step: 1.23659e-01
 @simulation.run: Average timings at MD step  130400. t/step: 1.24873e-01
 @simulation.run: Average timings at MD step  130500. t/step: 1.24038e-01
 @simulation.run: Average timings at MD step  130600. t/step: 1.24923e-01
 @simulation.run: Average timings at MD step  130700. t/step: 1.23611e-01
 @simulation.run: Average timings at MD step  130800. t/step: 1.21587e-01
 @simulation.run: Average timings at MD step  130900. t/step: 1.21885e-01
 @simulation.run: Average timings at MD step  131000. t/step: 1.22737e-01
 @simulation.run: Average timings at MD step  131100. t/step: 1.22472e-01
 @simulation.run: Average timings at MD step  131200. t/step: 1.22513e-01
 @simulation.run: Average timings at MD step  131300. t/step: 1.28344e-01
 @simulation.run: Average timings at MD step  131400. t/step: 1.19712e-01
 @simulation.run: Average timings at MD step  131500. t/step: 1.21565e-01
 @simulation.run: Average timings at MD step  131600. t/step: 1.23087e-01
 @simulation.run: Average timings at MD step  131700. t/step: 1.21422e-01
 @simulation.run: Average timings at MD step  131800. t/step: 1.22282e-01
 @simulation.run: Average timings at MD step  131900. t/step: 1.22753e-01
 @simulation.run: Average timings at MD step  132000. t/step: 1.20234e-01
 @simulation.run: Average timings at MD step  132100. t/step: 1.20776e-01
 @simulation.run: Average timings at MD step  132200. t/step: 1.20938e-01
 @simulation.run: Average timings at MD step  132300. t/step: 1.20844e-01
 @simulation.run: Average timings at MD step  132400. t/step: 1.26378e-01
 @simulation.run: Average timings at MD step  132500. t/step: 1.25683e-01
 @simulation.run: Average timings at MD step  132600. t/step: 1.25797e-01
 @simulation.run: Average timings at MD step  132700. t/step: 1.25554e-01
 @simulation.run: Average timings at MD step  132800. t/step: 1.31704e-01
 @simulation.run: Average timings at MD step  132900. t/step: 1.27514e-01
 @simulation.run: Average timings at MD step  133000. t/step: 1.25357e-01
 @simulation.run: Average timings at MD step  133100. t/step: 1.24417e-01
 @simulation.run: Average timings at MD step  133200. t/step: 1.30444e-01
 @simulation.run: Average timings at MD step  133300. t/step: 1.22961e-01
 @simulation.run: Average timings at MD step  133400. t/step: 1.24990e-01
 @simulation.run: Average timings at MD step  133500. t/step: 1.23075e-01
 @simulation.run: Average timings at MD step  133600. t/step: 1.21133e-01
 @simulation.run: Average timings at MD step  133700. t/step: 1.28486e-01
 @simulation.run: Average timings at MD step  133800. t/step: 1.22306e-01
 @simulation.run: Average timings at MD step  133900. t/step: 1.22413e-01
 @simulation.run: Average timings at MD step  134000. t/step: 1.21697e-01
 @simulation.run: Average timings at MD step  134100. t/step: 1.20508e-01
 @simulation.run: Average timings at MD step  134200. t/step: 1.21501e-01
 @simulation.run: Average timings at MD step  134300. t/step: 1.22052e-01
 @simulation.run: Average timings at MD step  134400. t/step: 1.27853e-01
 @simulation.run: Average timings at MD step  134500. t/step: 1.23529e-01
 @simulation.run: Average timings at MD step  134600. t/step: 1.21014e-01
 @simulation.run: Average timings at MD step  134700. t/step: 1.20938e-01
 @simulation.run: Average timings at MD step  134800. t/step: 1.21532e-01
 @simulation.run: Average timings at MD step  134900. t/step: 1.23796e-01
 @simulation.run: Average timings at MD step  135000. t/step: 1.20246e-01
 @simulation.run: Average timings at MD step  135100. t/step: 1.22150e-01
 @simulation.run: Average timings at MD step  135200. t/step: 1.22681e-01
 @simulation.run: Average timings at MD step  135300. t/step: 1.26377e-01
 @simulation.run: Average timings at MD step  135400. t/step: 1.26865e-01
 @simulation.run: Average timings at MD step  135500. t/step: 1.25023e-01
 @simulation.run: Average timings at MD step  135600. t/step: 1.24806e-01
 @simulation.run: Average timings at MD step  135700. t/step: 1.22976e-01
 @simulation.run: Average timings at MD step  135800. t/step: 1.24840e-01
 @simulation.run: Average timings at MD step  135900. t/step: 1.26974e-01
 @simulation.run: Average timings at MD step  136000. t/step: 1.25576e-01
 @simulation.run: Average timings at MD step  136100. t/step: 1.23608e-01
 @simulation.run: Average timings at MD step  136200. t/step: 1.23791e-01
 @simulation.run: Average timings at MD step  136300. t/step: 1.24097e-01
 @simulation.run: Average timings at MD step  136400. t/step: 1.25715e-01
 @simulation.run: Average timings at MD step  136500. t/step: 1.22321e-01
 @simulation.run: Average timings at MD step  136600. t/step: 1.20771e-01
 @simulation.run: Average timings at MD step  136700. t/step: 1.20797e-01
 @simulation.run: Average timings at MD step  136800. t/step: 1.20669e-01
 @simulation.run: Average timings at MD step  136900. t/step: 1.21680e-01
 @simulation.run: Average timings at MD step  137000. t/step: 1.20320e-01
 @simulation.run: Average timings at MD step  137100. t/step: 1.19495e-01
 @simulation.run: Average timings at MD step  137200. t/step: 1.24947e-01
 @simulation.run: Average timings at MD step  137300. t/step: 1.19419e-01
 @simulation.run: Average timings at MD step  137400. t/step: 1.20582e-01
 @simulation.run: Average timings at MD step  137500. t/step: 1.23031e-01
 @simulation.run: Average timings at MD step  137600. t/step: 1.21498e-01
 @simulation.run: Average timings at MD step  137700. t/step: 1.22125e-01
 @simulation.run: Average timings at MD step  137800. t/step: 1.19775e-01
 @simulation.run: Average timings at MD step  137900. t/step: 1.20865e-01
 @simulation.run: Average timings at MD step  138000. t/step: 1.20978e-01
 @simulation.run: Average timings at MD step  138100. t/step: 1.20588e-01
 @simulation.run: Average timings at MD step  138200. t/step: 1.25519e-01
 @simulation.run: Average timings at MD step  138300. t/step: 1.26278e-01
 @simulation.run: Average timings at MD step  138400. t/step: 1.25541e-01
 @simulation.run: Average timings at MD step  138500. t/step: 1.33635e-01
 @simulation.run: Average timings at MD step  138600. t/step: 1.26099e-01
 @simulation.run: Average timings at MD step  138700. t/step: 1.26843e-01
 @simulation.run: Average timings at MD step  138800. t/step: 1.26312e-01
 @simulation.run: Average timings at MD step  138900. t/step: 1.23281e-01
 @simulation.run: Average timings at MD step  139000. t/step: 1.25255e-01
 @simulation.run: Average timings at MD step  139100. t/step: 1.26136e-01
 @simulation.run: Average timings at MD step  139200. t/step: 1.25717e-01
 @simulation.run: Average timings at MD step  139300. t/step: 1.23288e-01
 @simulation.run: Average timings at MD step  139400. t/step: 1.21477e-01
 @simulation.run: Average timings at MD step  139500. t/step: 1.21435e-01
 @simulation.run: Average timings at MD step  139600. t/step: 1.21260e-01
 @simulation.run: Average timings at MD step  139700. t/step: 1.22838e-01
 @simulation.run: Average timings at MD step  139800. t/step: 1.21574e-01
 @simulation.run: Average timings at MD step  139900. t/step: 1.28510e-01
 @simulation.run: Average timings at MD step  140000. t/step: 1.22557e-01
 @simulation.run: Average timings at MD step  140100. t/step: 1.21317e-01
 @simulation.run: Average timings at MD step  140200. t/step: 1.20039e-01
 @simulation.run: Average timings at MD step  140300. t/step: 1.21715e-01
 @simulation.run: Average timings at MD step  140400. t/step: 1.20624e-01
 @simulation.run: Average timings at MD step  140500. t/step: 1.21007e-01
 @simulation.run: Average timings at MD step  140600. t/step: 1.23085e-01
 @simulation.run: Average timings at MD step  140700. t/step: 1.21531e-01
 @simulation.run: Average timings at MD step  140800. t/step: 1.20280e-01
 @simulation.run: Average timings at MD step  140900. t/step: 1.22519e-01
 @simulation.run: Average timings at MD step  141000. t/step: 1.20794e-01
 @simulation.run: Average timings at MD step  141100. t/step: 1.26341e-01
 @simulation.run: Average timings at MD step  141200. t/step: 1.26332e-01
 @simulation.run: Average timings at MD step  141300. t/step: 1.25856e-01
 @simulation.run: Average timings at MD step  141400. t/step: 1.24143e-01
 @simulation.run: Average timings at MD step  141500. t/step: 1.26288e-01
 @simulation.run: Average timings at MD step  141600. t/step: 1.25239e-01
 @simulation.run: Average timings at MD step  141700. t/step: 1.30880e-01
 @simulation.run: Average timings at MD step  141800. t/step: 1.24050e-01
 @simulation.run: Average timings at MD step  141900. t/step: 1.23919e-01
 @simulation.run: Average timings at MD step  142000. t/step: 1.24451e-01
 @simulation.run: Average timings at MD step  142100. t/step: 1.31996e-01
 @simulation.run: Average timings at MD step  142200. t/step: 1.25500e-01
 @simulation.run: Average timings at MD step  142300. t/step: 1.21985e-01
 @simulation.run: Average timings at MD step  142400. t/step: 1.20410e-01
 @simulation.run: Average timings at MD step  142500. t/step: 1.22293e-01
 @simulation.run: Average timings at MD step  142600. t/step: 1.21280e-01
 @simulation.run: Average timings at MD step  142700. t/step: 1.20999e-01
 @simulation.run: Average timings at MD step  142800. t/step: 1.20326e-01
 @simulation.run: Average timings at MD step  142900. t/step: 1.21398e-01
 @simulation.run: Average timings at MD step  143000. t/step: 1.21454e-01
 @simulation.run: Average timings at MD step  143100. t/step: 1.22488e-01
 @simulation.run: Average timings at MD step  143200. t/step: 1.20691e-01
 @simulation.run: Average timings at MD step  143300. t/step: 1.21324e-01
 @simulation.run: Average timings at MD step  143400. t/step: 1.20565e-01
 @simulation.run: Average timings at MD step  143500. t/step: 1.28189e-01
 @simulation.run: Average timings at MD step  143600. t/step: 1.22801e-01
 @simulation.run: Average timings at MD step  143700. t/step: 1.22592e-01
 @simulation.run: Average timings at MD step  143800. t/step: 1.20946e-01
 @simulation.run: Average timings at MD step  143900. t/step: 1.20540e-01
 @simulation.run: Average timings at MD step  144000. t/step: 1.26676e-01
 @simulation.run: Average timings at MD step  144100. t/step: 1.25822e-01
 @simulation.run: Average timings at MD step  144200. t/step: 1.27067e-01
 @simulation.run: Average timings at MD step  144300. t/step: 1.24168e-01
 @simulation.run: Average timings at MD step  144400. t/step: 1.25022e-01
 @simulation.run: Average timings at MD step  144500. t/step: 1.32363e-01
 @simulation.run: Average timings at MD step  144600. t/step: 1.25532e-01
 @simulation.run: Average timings at MD step  144700. t/step: 1.25466e-01
 @simulation.run: Average timings at MD step  144800. t/step: 1.23677e-01
 @simulation.run: Average timings at MD step  144900. t/step: 1.24311e-01
 @simulation.run: Average timings at MD step  145000. t/step: 1.22893e-01
 @simulation.run: Average timings at MD step  145100. t/step: 1.30581e-01
 @simulation.run: Average timings at MD step  145200. t/step: 1.22936e-01
 @simulation.run: Average timings at MD step  145300. t/step: 1.26857e-01
 @simulation.run: Average timings at MD step  145400. t/step: 1.21308e-01
 @simulation.run: Average timings at MD step  145500. t/step: 1.21804e-01
 @simulation.run: Average timings at MD step  145600. t/step: 1.21889e-01
 @simulation.run: Average timings at MD step  145700. t/step: 1.29495e-01
 @simulation.run: Average timings at MD step  145800. t/step: 1.22318e-01
 @simulation.run: Average timings at MD step  145900. t/step: 1.22701e-01
 @simulation.run: Average timings at MD step  146000. t/step: 1.20461e-01
 @simulation.run: Average timings at MD step  146100. t/step: 1.21033e-01
 @simulation.run: Average timings at MD step  146200. t/step: 1.21316e-01
 @simulation.run: Average timings at MD step  146300. t/step: 1.19865e-01
 @simulation.run: Average timings at MD step  146400. t/step: 1.20669e-01
 @simulation.run: Average timings at MD step  146500. t/step: 1.21991e-01
 @simulation.run: Average timings at MD step  146600. t/step: 1.21182e-01
 @simulation.run: Average timings at MD step  146700. t/step: 1.23199e-01
 @simulation.run: Average timings at MD step  146800. t/step: 1.22465e-01
 @simulation.run: Average timings at MD step  146900. t/step: 1.26849e-01
 @simulation.run: Average timings at MD step  147000. t/step: 1.33786e-01
 @simulation.run: Average timings at MD step  147100. t/step: 1.25466e-01
 @simulation.run: Average timings at MD step  147200. t/step: 1.24967e-01
 @simulation.run: Average timings at MD step  147300. t/step: 1.26521e-01
 @simulation.run: Average timings at MD step  147400. t/step: 1.25194e-01
 @simulation.run: Average timings at MD step  147500. t/step: 1.27709e-01
 @simulation.run: Average timings at MD step  147600. t/step: 1.30266e-01
 @simulation.run: Average timings at MD step  147700. t/step: 1.23757e-01
 @simulation.run: Average timings at MD step  147800. t/step: 1.24510e-01
 @simulation.run: Average timings at MD step  147900. t/step: 1.30875e-01
 @simulation.run: Average timings at MD step  148000. t/step: 1.24342e-01
 @simulation.run: Average timings at MD step  148100. t/step: 1.35091e-01
 @simulation.run: Average timings at MD step  148200. t/step: 1.23380e-01
 @simulation.run: Average timings at MD step  148300. t/step: 1.22088e-01
 @simulation.run: Average timings at MD step  148400. t/step: 1.22069e-01
 @simulation.run: Average timings at MD step  148500. t/step: 1.23022e-01
 @simulation.run: Average timings at MD step  148600. t/step: 1.20945e-01
 @simulation.run: Average timings at MD step  148700. t/step: 1.20813e-01
 @simulation.run: Average timings at MD step  148800. t/step: 1.21706e-01
 @simulation.run: Average timings at MD step  148900. t/step: 1.21567e-01
 @simulation.run: Average timings at MD step  149000. t/step: 1.22220e-01
 @simulation.run: Average timings at MD step  149100. t/step: 1.22432e-01
 @simulation.run: Average timings at MD step  149200. t/step: 1.21513e-01
 @simulation.run: Average timings at MD step  149300. t/step: 1.27601e-01
 @simulation.run: Average timings at MD step  149400. t/step: 1.21308e-01
 @simulation.run: Average timings at MD step  149500. t/step: 1.22900e-01
 @simulation.run: Average timings at MD step  149600. t/step: 1.20627e-01
 @simulation.run: Average timings at MD step  149700. t/step: 1.29951e-01
 @simulation.run: Average timings at MD step  149800. t/step: 1.26768e-01
 @simulation.run: Average timings at MD step  149900. t/step: 1.26784e-01
 @simulation.run: Average timings at MD step  150000. t/step: 1.24389e-01
 @simulation.run: Average timings at MD step  150100. t/step: 1.24593e-01
 @simulation.run: Average timings at MD step  150200. t/step: 1.27257e-01
 @simulation.run: Average timings at MD step  150300. t/step: 1.25451e-01
 @simulation.run: Average timings at MD step  150400. t/step: 1.24770e-01
 @simulation.run: Average timings at MD step  150500. t/step: 1.23859e-01
 @simulation.run: Average timings at MD step  150600. t/step: 1.30198e-01
 @simulation.run: Average timings at MD step  150700. t/step: 1.25398e-01
 @simulation.run: Average timings at MD step  150800. t/step: 1.28575e-01
 @simulation.run: Average timings at MD step  150900. t/step: 1.25034e-01
 @simulation.run: Average timings at MD step  151000. t/step: 1.21809e-01
 @simulation.run: Average timings at MD step  151100. t/step: 1.21128e-01
 @simulation.run: Average timings at MD step  151200. t/step: 1.21940e-01
 @simulation.run: Average timings at MD step  151300. t/step: 1.33004e-01
 @simulation.run: Average timings at MD step  151400. t/step: 1.22177e-01
 @simulation.run: Average timings at MD step  151500. t/step: 1.25424e-01
 @simulation.run: Average timings at MD step  151600. t/step: 1.36332e-01
 @simulation.run: Average timings at MD step  151700. t/step: 1.22644e-01
 @simulation.run: Average timings at MD step  151800. t/step: 1.23321e-01
 @simulation.run: Average timings at MD step  151900. t/step: 1.22792e-01
 @simulation.run: Average timings at MD step  152000. t/step: 1.21757e-01
 @simulation.run: Average timings at MD step  152100. t/step: 1.19907e-01
 @simulation.run: Average timings at MD step  152200. t/step: 1.22312e-01
 @simulation.run: Average timings at MD step  152300. t/step: 1.23953e-01
 @simulation.run: Average timings at MD step  152400. t/step: 1.29275e-01
 @simulation.run: Average timings at MD step  152500. t/step: 1.23538e-01
 @simulation.run: Average timings at MD step  152600. t/step: 1.26917e-01
 @simulation.run: Average timings at MD step  152700. t/step: 1.35157e-01
 @simulation.run: Average timings at MD step  152800. t/step: 1.29932e-01
 @simulation.run: Average timings at MD step  152900. t/step: 1.25889e-01
 @simulation.run: Average timings at MD step  153000. t/step: 1.27001e-01
 @simulation.run: Average timings at MD step  153100. t/step: 1.26100e-01
 @simulation.run: Average timings at MD step  153200. t/step: 1.27324e-01
 @simulation.run: Average timings at MD step  153300. t/step: 1.25990e-01
 @simulation.run: Average timings at MD step  153400. t/step: 1.31946e-01
 @simulation.run: Average timings at MD step  153500. t/step: 1.23197e-01
 @simulation.run: Average timings at MD step  153600. t/step: 1.26073e-01
 @simulation.run: Average timings at MD step  153700. t/step: 1.27797e-01
 @simulation.run: Average timings at MD step  153800. t/step: 1.23097e-01
 @simulation.run: Average timings at MD step  153900. t/step: 1.21425e-01
 @simulation.run: Average timings at MD step  154000. t/step: 1.23120e-01
 @simulation.run: Average timings at MD step  154100. t/step: 1.22337e-01
 @simulation.run: Average timings at MD step  154200. t/step: 1.21022e-01
 @simulation.run: Average timings at MD step  154300. t/step: 1.21790e-01
 @simulation.run: Average timings at MD step  154400. t/step: 1.21243e-01
 @simulation.run: Average timings at MD step  154500. t/step: 1.20381e-01
 @simulation.run: Average timings at MD step  154600. t/step: 1.21121e-01
 @simulation.run: Average timings at MD step  154700. t/step: 1.28184e-01
 @simulation.run: Average timings at MD step  154800. t/step: 1.35506e-01
 @simulation.run: Average timings at MD step  154900. t/step: 1.21570e-01
 @simulation.run: Average timings at MD step  155000. t/step: 1.24201e-01
 @simulation.run: Average timings at MD step  155100. t/step: 1.23634e-01
 @simulation.run: Average timings at MD step  155200. t/step: 1.23636e-01
 @simulation.run: Average timings at MD step  155300. t/step: 1.21513e-01
 @simulation.run: Average timings at MD step  155400. t/step: 1.24365e-01
 @simulation.run: Average timings at MD step  155500. t/step: 1.25792e-01
 @simulation.run: Average timings at MD step  155600. t/step: 1.25620e-01
 @simulation.run: Average timings at MD step  155700. t/step: 1.32122e-01
 @simulation.run: Average timings at MD step  155800. t/step: 1.26035e-01
 @simulation.run: Average timings at MD step  155900. t/step: 1.25231e-01
 @simulation.run: Average timings at MD step  156000. t/step: 1.25511e-01
 @simulation.run: Average timings at MD step  156100. t/step: 1.33912e-01
 @simulation.run: Average timings at MD step  156200. t/step: 1.24750e-01
 @simulation.run: Average timings at MD step  156300. t/step: 1.23913e-01
 @simulation.run: Average timings at MD step  156400. t/step: 1.26768e-01
 @simulation.run: Average timings at MD step  156500. t/step: 1.25544e-01
 @simulation.run: Average timings at MD step  156600. t/step: 1.23162e-01
 @simulation.run: Average timings at MD step  156700. t/step: 1.20539e-01
 @simulation.run: Average timings at MD step  156800. t/step: 1.21689e-01
 @simulation.run: Average timings at MD step  156900. t/step: 1.25206e-01
 @simulation.run: Average timings at MD step  157000. t/step: 1.22231e-01
 @simulation.run: Average timings at MD step  157100. t/step: 1.22133e-01
 @simulation.run: Average timings at MD step  157200. t/step: 1.22271e-01
 @simulation.run: Average timings at MD step  157300. t/step: 1.21695e-01
 @simulation.run: Average timings at MD step  157400. t/step: 1.22717e-01
 @simulation.run: Average timings at MD step  157500. t/step: 1.23946e-01
 @simulation.run: Average timings at MD step  157600. t/step: 1.30590e-01
 @simulation.run: Average timings at MD step  157700. t/step: 1.22074e-01
 @simulation.run: Average timings at MD step  157800. t/step: 1.21080e-01
 @simulation.run: Average timings at MD step  157900. t/step: 1.23050e-01
 @simulation.run: Average timings at MD step  158000. t/step: 1.22781e-01
 @simulation.run: Average timings at MD step  158100. t/step: 1.22311e-01
 @simulation.run: Average timings at MD step  158200. t/step: 1.22801e-01
 @simulation.run: Average timings at MD step  158300. t/step: 1.26031e-01
 @simulation.run: Average timings at MD step  158400. t/step: 1.30657e-01
 @simulation.run: Average timings at MD step  158500. t/step: 1.27251e-01
 @simulation.run: Average timings at MD step  158600. t/step: 1.25432e-01
 @simulation.run: Average timings at MD step  158700. t/step: 1.33594e-01
 @simulation.run: Average timings at MD step  158800. t/step: 1.26781e-01
 @simulation.run: Average timings at MD step  158900. t/step: 1.27861e-01
 @simulation.run: Average timings at MD step  159000. t/step: 1.25733e-01
 @simulation.run: Average timings at MD step  159100. t/step: 1.23020e-01
 @simulation.run: Average timings at MD step  159200. t/step: 1.24109e-01
 @simulation.run: Average timings at MD step  159300. t/step: 1.28008e-01
 @simulation.run: Average timings at MD step  159400. t/step: 1.26528e-01
 @simulation.run: Average timings at MD step  159500. t/step: 1.24871e-01
 @simulation.run: Average timings at MD step  159600. t/step: 1.21935e-01
 @simulation.run: Average timings at MD step  159700. t/step: 1.21715e-01
 @simulation.run: Average timings at MD step  159800. t/step: 1.22064e-01
 @simulation.run: Average timings at MD step  159900. t/step: 1.23979e-01
 @simulation.run: Average timings at MD step  160000. t/step: 1.23478e-01
 @simulation.run: Average timings at MD step  160100. t/step: 1.21657e-01
 @simulation.run: Average timings at MD step  160200. t/step: 1.22869e-01
 @simulation.run: Average timings at MD step  160300. t/step: 1.22712e-01
 @simulation.run: Average timings at MD step  160400. t/step: 1.20894e-01
 @simulation.run: Average timings at MD step  160500. t/step: 1.23545e-01
 @simulation.run: Average timings at MD step  160600. t/step: 1.22064e-01
 @simulation.run: Average timings at MD step  160700. t/step: 1.19854e-01
 @simulation.run: Average timings at MD step  160800. t/step: 1.23450e-01
 @simulation.run: Average timings at MD step  160900. t/step: 1.27330e-01
 @simulation.run: Average timings at MD step  161000. t/step: 1.29193e-01
 @simulation.run: Average timings at MD step  161100. t/step: 1.20250e-01
 @simulation.run: Average timings at MD step  161200. t/step: 1.24198e-01
 @simulation.run: Average timings at MD step  161300. t/step: 1.27604e-01
 @simulation.run: Average timings at MD step  161400. t/step: 1.27965e-01
 @simulation.run: Average timings at MD step  161500. t/step: 1.25943e-01
 @simulation.run: Average timings at MD step  161600. t/step: 1.41054e-01
 @simulation.run: Average timings at MD step  161700. t/step: 1.25692e-01
 @simulation.run: Average timings at MD step  161800. t/step: 1.32579e-01
 @simulation.run: Average timings at MD step  161900. t/step: 1.24151e-01
 @simulation.run: Average timings at MD step  162000. t/step: 1.24413e-01
 @simulation.run: Average timings at MD step  162100. t/step: 1.25646e-01
 @simulation.run: Average timings at MD step  162200. t/step: 1.24752e-01
 @simulation.run: Average timings at MD step  162300. t/step: 1.23166e-01
 @simulation.run: Average timings at MD step  162400. t/step: 1.24932e-01
 @simulation.run: Average timings at MD step  162500. t/step: 1.24209e-01
 @simulation.run: Average timings at MD step  162600. t/step: 1.37179e-01
 @simulation.run: Average timings at MD step  162700. t/step: 1.24201e-01
 @simulation.run: Average timings at MD step  162800. t/step: 1.23105e-01
 @simulation.run: Average timings at MD step  162900. t/step: 1.22618e-01
 @simulation.run: Average timings at MD step  163000. t/step: 1.24224e-01
 @simulation.run: Average timings at MD step  163100. t/step: 1.21229e-01
 @simulation.run: Average timings at MD step  163200. t/step: 1.22363e-01
 @simulation.run: Average timings at MD step  163300. t/step: 1.22366e-01
 @simulation.run: Average timings at MD step  163400. t/step: 1.22032e-01
 @simulation.run: Average timings at MD step  163500. t/step: 1.22567e-01
 @simulation.run: Average timings at MD step  163600. t/step: 1.21831e-01
 @simulation.run: Average timings at MD step  163700. t/step: 1.21319e-01
 @simulation.run: Average timings at MD step  163800. t/step: 1.21590e-01
 @simulation.run: Average timings at MD step  163900. t/step: 1.20882e-01
 @simulation.run: Average timings at MD step  164000. t/step: 1.21164e-01
 @simulation.run: Average timings at MD step  164100. t/step: 1.27089e-01
 @simulation.run: Average timings at MD step  164200. t/step: 1.26926e-01
 @simulation.run: Average timings at MD step  164300. t/step: 1.26837e-01
 @simulation.run: Average timings at MD step  164400. t/step: 1.25709e-01
 @simulation.run: Average timings at MD step  164500. t/step: 1.25468e-01
 @simulation.run: Average timings at MD step  164600. t/step: 1.27705e-01
 @simulation.run: Average timings at MD step  164700. t/step: 1.25100e-01
 @simulation.run: Average timings at MD step  164800. t/step: 1.25518e-01
 @simulation.run: Average timings at MD step  164900. t/step: 1.31894e-01
 @simulation.run: Average timings at MD step  165000. t/step: 1.23648e-01
 @simulation.run: Average timings at MD step  165100. t/step: 1.24126e-01
 @simulation.run: Average timings at MD step  165200. t/step: 1.26189e-01
 @simulation.run: Average timings at MD step  165300. t/step: 1.22571e-01
 @simulation.run: Average timings at MD step  165400. t/step: 1.31131e-01
 @simulation.run: Average timings at MD step  165500. t/step: 1.22875e-01
 @simulation.run: Average timings at MD step  165600. t/step: 1.21271e-01
 @simulation.run: Average timings at MD step  165700. t/step: 1.19432e-01
 @simulation.run: Average timings at MD step  165800. t/step: 1.21543e-01
 @simulation.run: Average timings at MD step  165900. t/step: 1.22316e-01
 @simulation.run: Average timings at MD step  166000. t/step: 1.22154e-01
 @simulation.run: Average timings at MD step  166100. t/step: 1.24714e-01
 @simulation.run: Average timings at MD step  166200. t/step: 1.22888e-01
 @simulation.run: Average timings at MD step  166300. t/step: 1.22787e-01
 @simulation.run: Average timings at MD step  166400. t/step: 1.23032e-01
 @simulation.run: Average timings at MD step  166500. t/step: 1.27922e-01
 @simulation.run: Average timings at MD step  166600. t/step: 1.23263e-01
 @simulation.run: Average timings at MD step  166700. t/step: 1.20293e-01
 @simulation.run: Average timings at MD step  166800. t/step: 1.20296e-01
 @simulation.run: Average timings at MD step  166900. t/step: 1.21114e-01
 @simulation.run: Average timings at MD step  167000. t/step: 1.29273e-01
 @simulation.run: Average timings at MD step  167100. t/step: 1.27748e-01
 @simulation.run: Average timings at MD step  167200. t/step: 1.27033e-01
 @simulation.run: Average timings at MD step  167300. t/step: 1.25239e-01
 @simulation.run: Average timings at MD step  167400. t/step: 1.27411e-01
 @simulation.run: Average timings at MD step  167500. t/step: 1.26755e-01
 @simulation.run: Average timings at MD step  167600. t/step: 1.26575e-01
 @simulation.run: Average timings at MD step  167700. t/step: 1.23984e-01
 @simulation.run: Average timings at MD step  167800. t/step: 1.24251e-01
 @simulation.run: Average timings at MD step  167900. t/step: 1.26261e-01
 @simulation.run: Average timings at MD step  168000. t/step: 1.25970e-01
 @simulation.run: Average timings at MD step  168100. t/step: 1.26787e-01
 @simulation.run: Average timings at MD step  168200. t/step: 1.30456e-01
 @simulation.run: Average timings at MD step  168300. t/step: 1.22193e-01
 @simulation.run: Average timings at MD step  168400. t/step: 1.23213e-01
 @simulation.run: Average timings at MD step  168500. t/step: 1.21440e-01
 @simulation.run: Average timings at MD step  168600. t/step: 1.21670e-01
 @simulation.run: Average timings at MD step  168700. t/step: 1.22317e-01
 @simulation.run: Average timings at MD step  168800. t/step: 1.21904e-01
 @simulation.run: Average timings at MD step  168900. t/step: 1.21744e-01
 @simulation.run: Average timings at MD step  169000. t/step: 1.28312e-01
 @simulation.run: Average timings at MD step  169100. t/step: 1.21664e-01
 @simulation.run: Average timings at MD step  169200. t/step: 1.23318e-01
 @simulation.run: Average timings at MD step  169300. t/step: 1.20336e-01
 @simulation.run: Average timings at MD step  169400. t/step: 1.21723e-01
 @simulation.run: Average timings at MD step  169500. t/step: 1.21937e-01
 @simulation.run: Average timings at MD step  169600. t/step: 1.21434e-01
 @simulation.run: Average timings at MD step  169700. t/step: 1.22850e-01
 @simulation.run: Average timings at MD step  169800. t/step: 1.22911e-01
 @simulation.run: Average timings at MD step  169900. t/step: 1.31960e-01
 @simulation.run: Average timings at MD step  170000. t/step: 1.33980e-01
 @simulation.run: Average timings at MD step  170100. t/step: 1.25283e-01
 @simulation.run: Average timings at MD step  170200. t/step: 1.25859e-01
 @simulation.run: Average timings at MD step  170300. t/step: 1.28767e-01
 @simulation.run: Average timings at MD step  170400. t/step: 1.27847e-01
 @simulation.run: Average timings at MD step  170500. t/step: 1.33594e-01
 @simulation.run: Average timings at MD step  170600. t/step: 1.26171e-01
 @simulation.run: Average timings at MD step  170700. t/step: 1.23500e-01
 @simulation.run: Average timings at MD step  170800. t/step: 1.25022e-01
 @simulation.run: Average timings at MD step  170900. t/step: 1.24439e-01
 @simulation.run: Average timings at MD step  171000. t/step: 1.32029e-01
 @simulation.run: Average timings at MD step  171100. t/step: 1.21029e-01
 @simulation.run: Average timings at MD step  171200. t/step: 1.22348e-01
 @simulation.run: Average timings at MD step  171300. t/step: 1.21506e-01
 @simulation.run: Average timings at MD step  171400. t/step: 1.22066e-01
 @simulation.run: Average timings at MD step  171500. t/step: 1.28622e-01
 @simulation.run: Average timings at MD step  171600. t/step: 1.21724e-01
 @simulation.run: Average timings at MD step  171700. t/step: 1.21727e-01
 @simulation.run: Average timings at MD step  171800. t/step: 1.22096e-01
 @simulation.run: Average timings at MD step  171900. t/step: 1.30277e-01
 @simulation.run: Average timings at MD step  172000. t/step: 1.20835e-01
 @simulation.run: Average timings at MD step  172100. t/step: 1.21255e-01
 @simulation.run: Average timings at MD step  172200. t/step: 1.20051e-01
 @simulation.run: Average timings at MD step  172300. t/step: 1.22225e-01
 @simulation.run: Average timings at MD step  172400. t/step: 1.22463e-01
 @simulation.run: Average timings at MD step  172500. t/step: 1.19249e-01
 @simulation.run: Average timings at MD step  172600. t/step: 1.29546e-01
 @simulation.run: Average timings at MD step  172700. t/step: 1.24201e-01
 @simulation.run: Average timings at MD step  172800. t/step: 1.26948e-01
 @simulation.run: Average timings at MD step  172900. t/step: 1.25913e-01
 @simulation.run: Average timings at MD step  173000. t/step: 1.30982e-01
 @simulation.run: Average timings at MD step  173100. t/step: 1.24687e-01
 @simulation.run: Average timings at MD step  173200. t/step: 1.27464e-01
 @simulation.run: Average timings at MD step  173300. t/step: 1.33126e-01
 @simulation.run: Average timings at MD step  173400. t/step: 1.25104e-01
 @simulation.run: Average timings at MD step  173500. t/step: 1.31807e-01
 @simulation.run: Average timings at MD step  173600. t/step: 1.24522e-01
 @simulation.run: Average timings at MD step  173700. t/step: 1.25501e-01
 @simulation.run: Average timings at MD step  173800. t/step: 1.24165e-01
 @simulation.run: Average timings at MD step  173900. t/step: 1.22346e-01
 @simulation.run: Average timings at MD step  174000. t/step: 1.22341e-01
 @simulation.run: Average timings at MD step  174100. t/step: 1.23203e-01
 @simulation.run: Average timings at MD step  174200. t/step: 1.22104e-01
 @simulation.run: Average timings at MD step  174300. t/step: 1.22346e-01
 @simulation.run: Average timings at MD step  174400. t/step: 1.20395e-01
 @simulation.run: Average timings at MD step  174500. t/step: 1.19784e-01
 @simulation.run: Average timings at MD step  174600. t/step: 1.23220e-01
 @simulation.run: Average timings at MD step  174700. t/step: 1.28997e-01
 @simulation.run: Average timings at MD step  174800. t/step: 1.24092e-01
 @simulation.run: Average timings at MD step  174900. t/step: 1.29483e-01
 @simulation.run: Average timings at MD step  175000. t/step: 1.21770e-01
 @simulation.run: Average timings at MD step  175100. t/step: 1.20725e-01
 @simulation.run: Average timings at MD step  175200. t/step: 1.27506e-01
 @simulation.run: Average timings at MD step  175300. t/step: 1.21111e-01
 @simulation.run: Average timings at MD step  175400. t/step: 1.27813e-01
 @simulation.run: Average timings at MD step  175500. t/step: 1.22003e-01
 @simulation.run: Average timings at MD step  175600. t/step: 1.25738e-01
 @simulation.run: Average timings at MD step  175700. t/step: 1.27481e-01
 @simulation.run: Average timings at MD step  175800. t/step: 1.26326e-01
 @simulation.run: Average timings at MD step  175900. t/step: 1.27827e-01
 @simulation.run: Average timings at MD step  176000. t/step: 1.25118e-01
 @simulation.run: Average timings at MD step  176100. t/step: 1.26491e-01
 @simulation.run: Average timings at MD step  176200. t/step: 1.26417e-01
 @simulation.run: Average timings at MD step  176300. t/step: 1.25930e-01
 @simulation.run: Average timings at MD step  176400. t/step: 1.32550e-01
 @simulation.run: Average timings at MD step  176500. t/step: 1.25014e-01
 @simulation.run: Average timings at MD step  176600. t/step: 1.26712e-01
 @simulation.run: Average timings at MD step  176700. t/step: 1.38204e-01
 @simulation.run: Average timings at MD step  176800. t/step: 1.20595e-01
 @simulation.run: Average timings at MD step  176900. t/step: 1.21721e-01
 @simulation.run: Average timings at MD step  177000. t/step: 1.21843e-01
 @simulation.run: Average timings at MD step  177100. t/step: 1.22523e-01
 @simulation.run: Average timings at MD step  177200. t/step: 1.22872e-01
 @simulation.run: Average timings at MD step  177300. t/step: 1.24938e-01
 @simulation.run: Average timings at MD step  177400. t/step: 1.21733e-01
 @simulation.run: Average timings at MD step  177500. t/step: 1.21619e-01
 @simulation.run: Average timings at MD step  177600. t/step: 1.22465e-01
 @simulation.run: Average timings at MD step  177700. t/step: 1.20680e-01
 @simulation.run: Average timings at MD step  177800. t/step: 1.24816e-01
 @simulation.run: Average timings at MD step  177900. t/step: 1.22764e-01
 @simulation.run: Average timings at MD step  178000. t/step: 1.20591e-01
 @simulation.run: Average timings at MD step  178100. t/step: 1.21622e-01
 @simulation.run: Average timings at MD step  178200. t/step: 1.22071e-01
 @simulation.run: Average timings at MD step  178300. t/step: 1.26491e-01
 @simulation.run: Average timings at MD step  178400. t/step: 1.20636e-01
 @simulation.run: Average timings at MD step  178500. t/step: 1.26950e-01
 @simulation.run: Average timings at MD step  178600. t/step: 1.27581e-01
 @simulation.run: Average timings at MD step  178700. t/step: 1.27073e-01
 @simulation.run: Average timings at MD step  178800. t/step: 1.27910e-01
 @simulation.run: Average timings at MD step  178900. t/step: 1.25721e-01
 @simulation.run: Average timings at MD step  179000. t/step: 1.25597e-01
 @simulation.run: Average timings at MD step  179100. t/step: 1.27595e-01
 @simulation.run: Average timings at MD step  179200. t/step: 1.23986e-01
 @simulation.run: Average timings at MD step  179300. t/step: 1.31350e-01
 @simulation.run: Average timings at MD step  179400. t/step: 1.23874e-01
 @simulation.run: Average timings at MD step  179500. t/step: 1.25625e-01
 @simulation.run: Average timings at MD step  179600. t/step: 1.25879e-01
 @simulation.run: Average timings at MD step  179700. t/step: 1.23513e-01
 @simulation.run: Average timings at MD step  179800. t/step: 1.22864e-01
 @simulation.run: Average timings at MD step  179900. t/step: 1.22517e-01
 @simulation.run: Average timings at MD step  180000. t/step: 1.21386e-01
 @simulation.run: Average timings at MD step  180100. t/step: 1.21805e-01
 @simulation.run: Average timings at MD step  180200. t/step: 1.20640e-01
 @simulation.run: Average timings at MD step  180300. t/step: 1.22396e-01
 @simulation.run: Average timings at MD step  180400. t/step: 1.23656e-01
 @simulation.run: Average timings at MD step  180500. t/step: 1.21354e-01
 @simulation.run: Average timings at MD step  180600. t/step: 1.22199e-01
 @simulation.run: Average timings at MD step  180700. t/step: 1.29582e-01
 @simulation.run: Average timings at MD step  180800. t/step: 1.34999e-01
 @simulation.run: Average timings at MD step  180900. t/step: 1.27659e-01
 @simulation.run: Average timings at MD step  181000. t/step: 1.22785e-01
 @simulation.run: Average timings at MD step  181100. t/step: 1.21979e-01
 @simulation.run: Average timings at MD step  181200. t/step: 1.23469e-01
 @simulation.run: Average timings at MD step  181300. t/step: 1.23734e-01
 @simulation.run: Average timings at MD step  181400. t/step: 1.29185e-01
 @simulation.run: Average timings at MD step  181500. t/step: 1.33971e-01
 @simulation.run: Average timings at MD step  181600. t/step: 1.24841e-01
 @simulation.run: Average timings at MD step  181700. t/step: 1.25931e-01
 @simulation.run: Average timings at MD step  181800. t/step: 1.27322e-01
 @simulation.run: Average timings at MD step  181900. t/step: 1.33096e-01
 @simulation.run: Average timings at MD step  182000. t/step: 1.26458e-01
 @simulation.run: Average timings at MD step  182100. t/step: 1.25521e-01
 @simulation.run: Average timings at MD step  182200. t/step: 1.24766e-01
 @simulation.run: Average timings at MD step  182300. t/step: 1.25501e-01
 @simulation.run: Average timings at MD step  182400. t/step: 1.25585e-01
 @simulation.run: Average timings at MD step  182500. t/step: 1.23918e-01
 @simulation.run: Average timings at MD step  182600. t/step: 1.22425e-01
 @simulation.run: Average timings at MD step  182700. t/step: 1.23044e-01
 @simulation.run: Average timings at MD step  182800. t/step: 1.29878e-01
 @simulation.run: Average timings at MD step  182900. t/step: 1.22352e-01
 @simulation.run: Average timings at MD step  183000. t/step: 1.22876e-01
 @simulation.run: Average timings at MD step  183100. t/step: 1.21199e-01
 @simulation.run: Average timings at MD step  183200. t/step: 1.22538e-01
 @simulation.run: Average timings at MD step  183300. t/step: 1.22641e-01
 @simulation.run: Average timings at MD step  183400. t/step: 1.22122e-01
 @simulation.run: Average timings at MD step  183500. t/step: 1.30861e-01
 @simulation.run: Average timings at MD step  183600. t/step: 1.23004e-01
 @simulation.run: Average timings at MD step  183700. t/step: 1.23784e-01
 @simulation.run: Average timings at MD step  183800. t/step: 1.21592e-01
 @simulation.run: Average timings at MD step  183900. t/step: 1.25249e-01
 @simulation.run: Average timings at MD step  184000. t/step: 1.21840e-01
 @simulation.run: Average timings at MD step  184100. t/step: 1.23051e-01
 @simulation.run: Average timings at MD step  184200. t/step: 1.25952e-01
 @simulation.run: Average timings at MD step  184300. t/step: 1.26165e-01
 @simulation.run: Average timings at MD step  184400. t/step: 1.28389e-01
 @simulation.run: Average timings at MD step  184500. t/step: 1.25893e-01
 @simulation.run: Average timings at MD step  184600. t/step: 1.40165e-01
 @simulation.run: Average timings at MD step  184700. t/step: 1.32953e-01
 @simulation.run: Average timings at MD step  184800. t/step: 1.32937e-01
 @simulation.run: Average timings at MD step  184900. t/step: 1.25978e-01
 @simulation.run: Average timings at MD step  185000. t/step: 1.25373e-01
 @simulation.run: Average timings at MD step  185100. t/step: 1.23863e-01
 @simulation.run: Average timings at MD step  185200. t/step: 1.23011e-01
 @simulation.run: Average timings at MD step  185300. t/step: 1.24660e-01
 @simulation.run: Average timings at MD step  185400. t/step: 1.23379e-01
 @simulation.run: Average timings at MD step  185500. t/step: 1.22100e-01
 @simulation.run: Average timings at MD step  185600. t/step: 1.21021e-01
 @simulation.run: Average timings at MD step  185700. t/step: 1.22665e-01
 @simulation.run: Average timings at MD step  185800. t/step: 1.23102e-01
 @simulation.run: Average timings at MD step  185900. t/step: 1.21356e-01
 @simulation.run: Average timings at MD step  186000. t/step: 1.21564e-01
 @simulation.run: Average timings at MD step  186100. t/step: 1.28501e-01
 @simulation.run: Average timings at MD step  186200. t/step: 1.28718e-01
 @simulation.run: Average timings at MD step  186300. t/step: 1.22460e-01
 @simulation.run: Average timings at MD step  186400. t/step: 1.21890e-01
 @simulation.run: Average timings at MD step  186500. t/step: 1.20546e-01
 @simulation.run: Average timings at MD step  186600. t/step: 1.22394e-01
 @simulation.run: Average timings at MD step  186700. t/step: 1.22435e-01
 @simulation.run: Average timings at MD step  186800. t/step: 1.21072e-01
 @simulation.run: Average timings at MD step  186900. t/step: 1.27383e-01
 @simulation.run: Average timings at MD step  187000. t/step: 1.23751e-01
 @simulation.run: Average timings at MD step  187100. t/step: 1.33639e-01
 @simulation.run: Average timings at MD step  187200. t/step: 1.26121e-01
 @simulation.run: Average timings at MD step  187300. t/step: 1.26169e-01
 @simulation.run: Average timings at MD step  187400. t/step: 1.26279e-01
 @simulation.run: Average timings at MD step  187500. t/step: 1.33110e-01
 @simulation.run: Average timings at MD step  187600. t/step: 1.28202e-01
 @simulation.run: Average timings at MD step  187700. t/step: 1.32858e-01
 @simulation.run: Average timings at MD step  187800. t/step: 1.32496e-01
 @simulation.run: Average timings at MD step  187900. t/step: 1.24305e-01
 @simulation.run: Average timings at MD step  188000. t/step: 1.24959e-01
 @simulation.run: Average timings at MD step  188100. t/step: 1.26402e-01
 @simulation.run: Average timings at MD step  188200. t/step: 1.24727e-01
 @simulation.run: Average timings at MD step  188300. t/step: 1.24793e-01
 @simulation.run: Average timings at MD step  188400. t/step: 1.21388e-01
 @simulation.run: Average timings at MD step  188500. t/step: 1.24106e-01
 @simulation.run: Average timings at MD step  188600. t/step: 1.22767e-01
 @simulation.run: Average timings at MD step  188700. t/step: 1.24373e-01
 @simulation.run: Average timings at MD step  188800. t/step: 1.19009e-01
 @simulation.run: Average timings at MD step  188900. t/step: 1.22540e-01
 @simulation.run: Average timings at MD step  189000. t/step: 1.21748e-01
 @simulation.run: Average timings at MD step  189100. t/step: 1.20905e-01
 @simulation.run: Average timings at MD step  189200. t/step: 1.21741e-01
 @simulation.run: Average timings at MD step  189300. t/step: 1.21565e-01
 @simulation.run: Average timings at MD step  189400. t/step: 1.22291e-01
 @simulation.run: Average timings at MD step  189500. t/step: 1.23106e-01
 @simulation.run: Average timings at MD step  189600. t/step: 1.21581e-01
 @simulation.run: Average timings at MD step  189700. t/step: 1.22843e-01
 @simulation.run: Average timings at MD step  189800. t/step: 1.29756e-01
 @simulation.run: Average timings at MD step  189900. t/step: 1.31386e-01
 @simulation.run: Average timings at MD step  190000. t/step: 1.29039e-01
 @simulation.run: Average timings at MD step  190100. t/step: 1.27880e-01
 @simulation.run: Average timings at MD step  190200. t/step: 1.25813e-01
 @simulation.run: Average timings at MD step  190300. t/step: 1.34153e-01
 @simulation.run: Average timings at MD step  190400. t/step: 1.25168e-01
 @simulation.run: Average timings at MD step  190500. t/step: 1.31451e-01
 @simulation.run: Average timings at MD step  190600. t/step: 1.26792e-01
 @simulation.run: Average timings at MD step  190700. t/step: 1.26649e-01
 @simulation.run: Average timings at MD step  190800. t/step: 1.25626e-01
 @simulation.run: Average timings at MD step  190900. t/step: 1.23944e-01
 @simulation.run: Average timings at MD step  191000. t/step: 1.24480e-01
 @simulation.run: Average timings at MD step  191100. t/step: 1.23440e-01
 @simulation.run: Average timings at MD step  191200. t/step: 1.21263e-01
 @simulation.run: Average timings at MD step  191300. t/step: 1.23837e-01
 @simulation.run: Average timings at MD step  191400. t/step: 1.22136e-01
 @simulation.run: Average timings at MD step  191500. t/step: 1.20788e-01
 @simulation.run: Average timings at MD step  191600. t/step: 1.29897e-01
 @simulation.run: Average timings at MD step  191700. t/step: 1.20680e-01
 @simulation.run: Average timings at MD step  191800. t/step: 1.22599e-01
 @simulation.run: Average timings at MD step  191900. t/step: 1.21678e-01
 @simulation.run: Average timings at MD step  192000. t/step: 1.21704e-01
 @simulation.run: Average timings at MD step  192100. t/step: 1.22294e-01
 @simulation.run: Average timings at MD step  192200. t/step: 1.21261e-01
 @simulation.run: Average timings at MD step  192300. t/step: 1.20043e-01
 @simulation.run: Average timings at MD step  192400. t/step: 1.22889e-01
 @simulation.run: Average timings at MD step  192500. t/step: 1.22608e-01
 @simulation.run: Average timings at MD step  192600. t/step: 1.34666e-01
 @simulation.run: Average timings at MD step  192700. t/step: 1.27389e-01
 @simulation.run: Average timings at MD step  192800. t/step: 1.25265e-01
 @simulation.run: Average timings at MD step  192900. t/step: 1.26566e-01
 @simulation.run: Average timings at MD step  193000. t/step: 1.26667e-01
 @simulation.run: Average timings at MD step  193100. t/step: 1.34677e-01
 @simulation.run: Average timings at MD step  193200. t/step: 1.26358e-01
 @simulation.run: Average timings at MD step  193300. t/step: 1.25085e-01
 @simulation.run: Average timings at MD step  193400. t/step: 1.26783e-01
 @simulation.run: Average timings at MD step  193500. t/step: 1.24846e-01
 @simulation.run: Average timings at MD step  193600. t/step: 1.31181e-01
 @simulation.run: Average timings at MD step  193700. t/step: 1.24598e-01
 @simulation.run: Average timings at MD step  193800. t/step: 1.31192e-01
 @simulation.run: Average timings at MD step  193900. t/step: 1.26146e-01
 @simulation.run: Average timings at MD step  194000. t/step: 1.23894e-01
 @simulation.run: Average timings at MD step  194100. t/step: 1.30703e-01
 @simulation.run: Average timings at MD step  194200. t/step: 1.23189e-01
 @simulation.run: Average timings at MD step  194300. t/step: 1.29034e-01
 @simulation.run: Average timings at MD step  194400. t/step: 1.22463e-01
 @simulation.run: Average timings at MD step  194500. t/step: 1.21922e-01
 @simulation.run: Average timings at MD step  194600. t/step: 1.23382e-01
 @simulation.run: Average timings at MD step  194700. t/step: 1.23172e-01
 @simulation.run: Average timings at MD step  194800. t/step: 1.30096e-01
 @simulation.run: Average timings at MD step  194900. t/step: 1.21947e-01
 @simulation.run: Average timings at MD step  195000. t/step: 1.19462e-01
 @simulation.run: Average timings at MD step  195100. t/step: 1.21688e-01
 @simulation.run: Average timings at MD step  195200. t/step: 1.27963e-01
 @simulation.run: Average timings at MD step  195300. t/step: 1.21250e-01
 @simulation.run: Average timings at MD step  195400. t/step: 1.20435e-01
 @simulation.run: Average timings at MD step  195500. t/step: 1.28762e-01
 @simulation.run: Average timings at MD step  195600. t/step: 1.22970e-01
 @simulation.run: Average timings at MD step  195700. t/step: 1.27273e-01
 @simulation.run: Average timings at MD step  195800. t/step: 1.28368e-01
 @simulation.run: Average timings at MD step  195900. t/step: 1.25577e-01
 @simulation.run: Average timings at MD step  196000. t/step: 1.27626e-01
 @simulation.run: Average timings at MD step  196100. t/step: 1.26785e-01
 @simulation.run: Average timings at MD step  196200. t/step: 1.33031e-01
 @simulation.run: Average timings at MD step  196300. t/step: 1.32929e-01
 @simulation.run: Average timings at MD step  196400. t/step: 1.39959e-01
 @simulation.run: Average timings at MD step  196500. t/step: 1.30394e-01
 @simulation.run: Average timings at MD step  196600. t/step: 1.33035e-01
 @simulation.run: Average timings at MD step  196700. t/step: 1.26585e-01
 @simulation.run: Average timings at MD step  196800. t/step: 1.23851e-01
 @simulation.run: Average timings at MD step  196900. t/step: 1.21026e-01
 @simulation.run: Average timings at MD step  197000. t/step: 1.27710e-01
 @simulation.run: Average timings at MD step  197100. t/step: 1.30126e-01
 @simulation.run: Average timings at MD step  197200. t/step: 1.22716e-01
 @simulation.run: Average timings at MD step  197300. t/step: 1.28886e-01
 @simulation.run: Average timings at MD step  197400. t/step: 1.20824e-01
 @simulation.run: Average timings at MD step  197500. t/step: 1.21058e-01
 @simulation.run: Average timings at MD step  197600. t/step: 1.21436e-01
 @simulation.run: Average timings at MD step  197700. t/step: 1.22032e-01
 @simulation.run: Average timings at MD step  197800. t/step: 1.22412e-01
 @simulation.run: Average timings at MD step  197900. t/step: 1.22259e-01
 @simulation.run: Average timings at MD step  198000. t/step: 1.22524e-01
 @simulation.run: Average timings at MD step  198100. t/step: 1.22040e-01
 @simulation.run: Average timings at MD step  198200. t/step: 1.23148e-01
 @simulation.run: Average timings at MD step  198300. t/step: 1.23019e-01
 @simulation.run: Average timings at MD step  198400. t/step: 1.22033e-01
 @simulation.run: Average timings at MD step  198500. t/step: 1.25433e-01
 @simulation.run: Average timings at MD step  198600. t/step: 1.35267e-01
 @simulation.run: Average timings at MD step  198700. t/step: 1.27369e-01
 @simulation.run: Average timings at MD step  198800. t/step: 1.25631e-01
 @simulation.run: Average timings at MD step  198900. t/step: 1.26222e-01
 @simulation.run: Average timings at MD step  199000. t/step: 1.28280e-01
 @simulation.run: Average timings at MD step  199100. t/step: 1.28333e-01
 @simulation.run: Average timings at MD step  199200. t/step: 1.26019e-01
 @simulation.run: Average timings at MD step  199300. t/step: 1.24015e-01
 @simulation.run: Average timings at MD step  199400. t/step: 1.25482e-01
 @simulation.run: Average timings at MD step  199500. t/step: 1.26599e-01
 @simulation.run: Average timings at MD step  199600. t/step: 1.26226e-01
 @simulation.run: Average timings at MD step  199700. t/step: 1.24938e-01
 @simulation.run: Average timings at MD step  199800. t/step: 1.25821e-01
 @simulation.run: Average timings at MD step  199900. t/step: 1.30977e-01
 @simulation.run: Average timings at MD step  200000. t/step: 1.29330e-01
 @simulation.run: Average timings at MD step  200100. t/step: 1.23419e-01
 @simulation.run: Average timings at MD step  200200. t/step: 1.20043e-01
 @simulation.run: Average timings at MD step  200300. t/step: 1.22227e-01
 @simulation.run: Average timings at MD step  200400. t/step: 1.22504e-01
 @simulation.run: Average timings at MD step  200500. t/step: 1.21910e-01
 @simulation.run: Average timings at MD step  200600. t/step: 1.24247e-01
 @simulation.run: Average timings at MD step  200700. t/step: 1.24307e-01
 @simulation.run: Average timings at MD step  200800. t/step: 1.22352e-01
 @simulation.run: Average timings at MD step  200900. t/step: 1.30569e-01
 @simulation.run: Average timings at MD step  201000. t/step: 1.22964e-01
 @simulation.run: Average timings at MD step  201100. t/step: 1.30323e-01
 @simulation.run: Average timings at MD step  201200. t/step: 1.35652e-01
 @simulation.run: Average timings at MD step  201300. t/step: 1.20939e-01
 @simulation.run: Average timings at MD step  201400. t/step: 1.29673e-01
 @simulation.run: Average timings at MD step  201500. t/step: 1.27821e-01
 @simulation.run: Average timings at MD step  201600. t/step: 1.27578e-01
 @simulation.run: Average timings at MD step  201700. t/step: 1.25645e-01
 @simulation.run: Average timings at MD step  201800. t/step: 1.27082e-01
 @simulation.run: Average timings at MD step  201900. t/step: 1.28408e-01
 @simulation.run: Average timings at MD step  202000. t/step: 1.28194e-01
 @simulation.run: Average timings at MD step  202100. t/step: 1.26144e-01
 @simulation.run: Average timings at MD step  202200. t/step: 1.25730e-01
 @simulation.run: Average timings at MD step  202300. t/step: 1.27005e-01
 @simulation.run: Average timings at MD step  202400. t/step: 1.26502e-01
 @simulation.run: Average timings at MD step  202500. t/step: 1.24437e-01
 @simulation.run: Average timings at MD step  202600. t/step: 1.22495e-01
 @simulation.run: Average timings at MD step  202700. t/step: 1.29841e-01
 @simulation.run: Average timings at MD step  202800. t/step: 1.22526e-01
 @simulation.run: Average timings at MD step  202900. t/step: 1.22819e-01
 @simulation.run: Average timings at MD step  203000. t/step: 1.34813e-01
 @simulation.run: Average timings at MD step  203100. t/step: 1.22658e-01
 @simulation.run: Average timings at MD step  203200. t/step: 1.23142e-01
 @simulation.run: Average timings at MD step  203300. t/step: 1.22896e-01
 @simulation.run: Average timings at MD step  203400. t/step: 1.23066e-01
 @simulation.run: Average timings at MD step  203500. t/step: 1.28387e-01
 @simulation.run: Average timings at MD step  203600. t/step: 1.21676e-01
 @simulation.run: Average timings at MD step  203700. t/step: 1.21484e-01
 @simulation.run: Average timings at MD step  203800. t/step: 1.21133e-01
 @simulation.run: Average timings at MD step  203900. t/step: 1.19932e-01
 @simulation.run: Average timings at MD step  204000. t/step: 1.19526e-01
 @simulation.run: Average timings at MD step  204100. t/step: 1.19707e-01
 @simulation.run: Average timings at MD step  204200. t/step: 1.24752e-01
 @simulation.run: Average timings at MD step  204300. t/step: 1.27313e-01
 @simulation.run: Average timings at MD step  204400. t/step: 1.25824e-01
 @simulation.run: Average timings at MD step  204500. t/step: 1.25489e-01
 @simulation.run: Average timings at MD step  204600. t/step: 1.25250e-01
 @simulation.run: Average timings at MD step  204700. t/step: 1.25866e-01
 @simulation.run: Average timings at MD step  204800. t/step: 1.25236e-01
 @simulation.run: Average timings at MD step  204900. t/step: 1.25975e-01
 @simulation.run: Average timings at MD step  205000. t/step: 1.23568e-01
 @simulation.run: Average timings at MD step  205100. t/step: 1.24051e-01
 @simulation.run: Average timings at MD step  205200. t/step: 1.24719e-01
 @simulation.run: Average timings at MD step  205300. t/step: 1.25133e-01
 @simulation.run: Average timings at MD step  205400. t/step: 1.29659e-01
 @simulation.run: Average timings at MD step  205500. t/step: 1.23175e-01
 @simulation.run: Average timings at MD step  205600. t/step: 1.23006e-01
 @simulation.run: Average timings at MD step  205700. t/step: 1.22586e-01
 @simulation.run: Average timings at MD step  205800. t/step: 1.23937e-01
 @simulation.run: Average timings at MD step  205900. t/step: 1.23665e-01
 @simulation.run: Average timings at MD step  206000. t/step: 1.21322e-01
 @simulation.run: Average timings at MD step  206100. t/step: 1.23197e-01
 @simulation.run: Average timings at MD step  206200. t/step: 1.22389e-01
 @simulation.run: Average timings at MD step  206300. t/step: 1.22293e-01
 @simulation.run: Average timings at MD step  206400. t/step: 1.22515e-01
 @simulation.run: Average timings at MD step  206500. t/step: 1.28001e-01
 @simulation.run: Average timings at MD step  206600. t/step: 1.20140e-01
 @simulation.run: Average timings at MD step  206700. t/step: 1.22962e-01
 @simulation.run: Average timings at MD step  206800. t/step: 1.21329e-01
 @simulation.run: Average timings at MD step  206900. t/step: 1.29119e-01
 @simulation.run: Average timings at MD step  207000. t/step: 1.22877e-01
 @simulation.run: Average timings at MD step  207100. t/step: 1.24899e-01
 @simulation.run: Average timings at MD step  207200. t/step: 1.26580e-01
 @simulation.run: Average timings at MD step  207300. t/step: 1.27278e-01
 @simulation.run: Average timings at MD step  207400. t/step: 1.26369e-01
 @simulation.run: Average timings at MD step  207500. t/step: 1.25959e-01
 @simulation.run: Average timings at MD step  207600. t/step: 1.33534e-01
 @simulation.run: Average timings at MD step  207700. t/step: 1.26357e-01
 @simulation.run: Average timings at MD step  207800. t/step: 1.25645e-01
 @simulation.run: Average timings at MD step  207900. t/step: 1.32413e-01
 @simulation.run: Average timings at MD step  208000. t/step: 1.25418e-01
 @simulation.run: Average timings at MD step  208100. t/step: 1.26139e-01
 @simulation.run: Average timings at MD step  208200. t/step: 1.24253e-01
 @simulation.run: Average timings at MD step  208300. t/step: 1.22353e-01
 @simulation.run: Average timings at MD step  208400. t/step: 1.24286e-01
 @simulation.run: Average timings at MD step  208500. t/step: 1.22498e-01
 @simulation.run: Average timings at MD step  208600. t/step: 1.23685e-01
 @simulation.run: Average timings at MD step  208700. t/step: 1.23091e-01
 @simulation.run: Average timings at MD step  208800. t/step: 1.24447e-01
 @simulation.run: Average timings at MD step  208900. t/step: 1.20528e-01
 @simulation.run: Average timings at MD step  209000. t/step: 1.22001e-01
 @simulation.run: Average timings at MD step  209100. t/step: 1.21937e-01
 @simulation.run: Average timings at MD step  209200. t/step: 1.22455e-01
 @simulation.run: Average timings at MD step  209300. t/step: 1.28684e-01
 @simulation.run: Average timings at MD step  209400. t/step: 1.22100e-01
 @simulation.run: Average timings at MD step  209500. t/step: 1.29815e-01
 @simulation.run: Average timings at MD step  209600. t/step: 1.28037e-01
 @simulation.run: Average timings at MD step  209700. t/step: 1.20336e-01
 @simulation.run: Average timings at MD step  209800. t/step: 1.24148e-01
 @simulation.run: Average timings at MD step  209900. t/step: 1.23801e-01
 @simulation.run: Average timings at MD step  210000. t/step: 1.33975e-01
 @simulation.run: Average timings at MD step  210100. t/step: 1.27259e-01
 @simulation.run: Average timings at MD step  210200. t/step: 1.26720e-01
 @simulation.run: Average timings at MD step  210300. t/step: 1.24602e-01
 @simulation.run: Average timings at MD step  210400. t/step: 1.25900e-01
 @simulation.run: Average timings at MD step  210500. t/step: 1.26284e-01
 @simulation.run: Average timings at MD step  210600. t/step: 1.27337e-01
 @simulation.run: Average timings at MD step  210700. t/step: 1.24856e-01
 @simulation.run: Average timings at MD step  210800. t/step: 1.25718e-01
 @simulation.run: Average timings at MD step  210900. t/step: 1.27254e-01
 @simulation.run: Average timings at MD step  211000. t/step: 1.26591e-01
 @simulation.run: Average timings at MD step  211100. t/step: 1.24530e-01
 @simulation.run: Average timings at MD step  211200. t/step: 1.22064e-01
 @simulation.run: Average timings at MD step  211300. t/step: 1.23723e-01
 @simulation.run: Average timings at MD step  211400. t/step: 1.23621e-01
 @simulation.run: Average timings at MD step  211500. t/step: 1.22633e-01
 @simulation.run: Average timings at MD step  211600. t/step: 1.22762e-01
 @simulation.run: Average timings at MD step  211700. t/step: 1.21531e-01
 @simulation.run: Average timings at MD step  211800. t/step: 1.22658e-01
 @simulation.run: Average timings at MD step  211900. t/step: 1.24365e-01
 @simulation.run: Average timings at MD step  212000. t/step: 1.22451e-01
 @simulation.run: Average timings at MD step  212100. t/step: 1.23002e-01
 @simulation.run: Average timings at MD step  212200. t/step: 1.28318e-01
 @simulation.run: Average timings at MD step  212300. t/step: 1.22606e-01
 @simulation.run: Average timings at MD step  212400. t/step: 1.21561e-01
 @simulation.run: Average timings at MD step  212500. t/step: 1.22181e-01
 @simulation.run: Average timings at MD step  212600. t/step: 1.29343e-01
 @simulation.run: Average timings at MD step  212700. t/step: 1.20785e-01
 @simulation.run: Average timings at MD step  212800. t/step: 1.22845e-01
 @simulation.run: Average timings at MD step  212900. t/step: 1.35444e-01
 @simulation.run: Average timings at MD step  213000. t/step: 1.28097e-01
 @simulation.run: Average timings at MD step  213100. t/step: 1.26437e-01
 @simulation.run: Average timings at MD step  213200. t/step: 1.25631e-01
 @simulation.run: Average timings at MD step  213300. t/step: 1.26409e-01
 @simulation.run: Average timings at MD step  213400. t/step: 1.24766e-01
 @simulation.run: Average timings at MD step  213500. t/step: 1.27239e-01
 @simulation.run: Average timings at MD step  213600. t/step: 1.24845e-01
 @simulation.run: Average timings at MD step  213700. t/step: 1.24728e-01
 @simulation.run: Average timings at MD step  213800. t/step: 1.24783e-01
 @simulation.run: Average timings at MD step  213900. t/step: 1.25443e-01
 @simulation.run: Average timings at MD step  214000. t/step: 1.24601e-01
 @simulation.run: Average timings at MD step  214100. t/step: 1.22553e-01
 @simulation.run: Average timings at MD step  214200. t/step: 1.21278e-01
 @simulation.run: Average timings at MD step  214300. t/step: 1.22117e-01
 @simulation.run: Average timings at MD step  214400. t/step: 1.22790e-01
 @simulation.run: Average timings at MD step  214500. t/step: 1.22550e-01
 @simulation.run: Average timings at MD step  214600. t/step: 1.24210e-01
 @simulation.run: Average timings at MD step  214700. t/step: 1.21598e-01
 @simulation.run: Average timings at MD step  214800. t/step: 1.27888e-01
 @simulation.run: Average timings at MD step  214900. t/step: 1.22376e-01
 @simulation.run: Average timings at MD step  215000. t/step: 1.22234e-01
 @simulation.run: Average timings at MD step  215100. t/step: 1.21959e-01
 @simulation.run: Average timings at MD step  215200. t/step: 1.23805e-01
 @simulation.run: Average timings at MD step  215300. t/step: 1.20990e-01
 @simulation.run: Average timings at MD step  215400. t/step: 1.19388e-01
 @simulation.run: Average timings at MD step  215500. t/step: 1.22087e-01
 @simulation.run: Average timings at MD step  215600. t/step: 1.23478e-01
 @simulation.run: Average timings at MD step  215700. t/step: 1.23840e-01
 @simulation.run: Average timings at MD step  215800. t/step: 1.28274e-01
 @simulation.run: Average timings at MD step  215900. t/step: 1.29551e-01
 @simulation.run: Average timings at MD step  216000. t/step: 1.26568e-01
 @simulation.run: Average timings at MD step  216100. t/step: 1.32823e-01
 @simulation.run: Average timings at MD step  216200. t/step: 1.26197e-01
 @simulation.run: Average timings at MD step  216300. t/step: 1.27233e-01
 @simulation.run: Average timings at MD step  216400. t/step: 1.38731e-01
 @simulation.run: Average timings at MD step  216500. t/step: 1.30817e-01
 @simulation.run: Average timings at MD step  216600. t/step: 1.30842e-01
 @simulation.run: Average timings at MD step  216700. t/step: 1.26601e-01
 @simulation.run: Average timings at MD step  216800. t/step: 1.27643e-01
 @simulation.run: Average timings at MD step  216900. t/step: 1.23551e-01
 @simulation.run: Average timings at MD step  217000. t/step: 1.23560e-01
 @simulation.run: Average timings at MD step  217100. t/step: 1.21577e-01
 @simulation.run: Average timings at MD step  217200. t/step: 1.23453e-01
 @simulation.run: Average timings at MD step  217300. t/step: 1.30431e-01
 @simulation.run: Average timings at MD step  217400. t/step: 1.23190e-01
 @simulation.run: Average timings at MD step  217500. t/step: 1.28951e-01
 @simulation.run: Average timings at MD step  217600. t/step: 1.28174e-01
 @simulation.run: Average timings at MD step  217700. t/step: 1.23063e-01
 @simulation.run: Average timings at MD step  217800. t/step: 1.22575e-01
 @simulation.run: Average timings at MD step  217900. t/step: 1.22464e-01
 @simulation.run: Average timings at MD step  218000. t/step: 1.30464e-01
 @simulation.run: Average timings at MD step  218100. t/step: 1.27686e-01
 @simulation.run: Average timings at MD step  218200. t/step: 1.23115e-01
 @simulation.run: Average timings at MD step  218300. t/step: 1.22541e-01
 @simulation.run: Average timings at MD step  218400. t/step: 1.22321e-01
 @simulation.run: Average timings at MD step  218500. t/step: 1.19639e-01
 @simulation.run: Average timings at MD step  218600. t/step: 1.28024e-01
 @simulation.run: Average timings at MD step  218700. t/step: 1.26549e-01
 @simulation.run: Average timings at MD step  218800. t/step: 1.27355e-01
 @simulation.run: Average timings at MD step  218900. t/step: 1.33057e-01
 @simulation.run: Average timings at MD step  219000. t/step: 1.32271e-01
 @simulation.run: Average timings at MD step  219100. t/step: 1.25853e-01
 @simulation.run: Average timings at MD step  219200. t/step: 1.26725e-01
 @simulation.run: Average timings at MD step  219300. t/step: 1.25383e-01
 @simulation.run: Average timings at MD step  219400. t/step: 1.26543e-01
 @simulation.run: Average timings at MD step  219500. t/step: 1.27659e-01
 @simulation.run: Average timings at MD step  219600. t/step: 1.25481e-01
 @simulation.run: Average timings at MD step  219700. t/step: 1.26246e-01
 @simulation.run: Average timings at MD step  219800. t/step: 1.23000e-01
 @simulation.run: Average timings at MD step  219900. t/step: 1.29969e-01
 @simulation.run: Average timings at MD step  220000. t/step: 1.23355e-01
 @simulation.run: Average timings at MD step  220100. t/step: 1.21566e-01
 @simulation.run: Average timings at MD step  220200. t/step: 1.28757e-01
 @simulation.run: Average timings at MD step  220300. t/step: 1.34359e-01
 @simulation.run: Average timings at MD step  220400. t/step: 1.24598e-01
 @simulation.run: Average timings at MD step  220500. t/step: 1.22948e-01
 @simulation.run: Average timings at MD step  220600. t/step: 1.22287e-01
 @simulation.run: Average timings at MD step  220700. t/step: 1.22487e-01
 @simulation.run: Average timings at MD step  220800. t/step: 1.22027e-01
 @simulation.run: Average timings at MD step  220900. t/step: 1.22629e-01
 @simulation.run: Average timings at MD step  221000. t/step: 1.23075e-01
 @simulation.run: Average timings at MD step  221100. t/step: 1.20621e-01
 @simulation.run: Average timings at MD step  221200. t/step: 1.20304e-01
 @simulation.run: Average timings at MD step  221300. t/step: 1.22589e-01
 @simulation.run: Average timings at MD step  221400. t/step: 1.23693e-01
 @simulation.run: Average timings at MD step  221500. t/step: 1.29177e-01
 @simulation.run: Average timings at MD step  221600. t/step: 1.28252e-01
 @simulation.run: Average timings at MD step  221700. t/step: 1.24947e-01
 @simulation.run: Average timings at MD step  221800. t/step: 1.26274e-01
 @simulation.run: Average timings at MD step  221900. t/step: 1.25738e-01
 @simulation.run: Average timings at MD step  222000. t/step: 1.34138e-01
 @simulation.run: Average timings at MD step  222100. t/step: 1.24841e-01
 @simulation.run: Average timings at MD step  222200. t/step: 1.23774e-01
 @simulation.run: Average timings at MD step  222300. t/step: 1.24026e-01
 @simulation.run: Average timings at MD step  222400. t/step: 1.31557e-01
 @simulation.run: Average timings at MD step  222500. t/step: 1.31937e-01
 @simulation.run: Average timings at MD step  222600. t/step: 1.24970e-01
 @simulation.run: Average timings at MD step  222700. t/step: 1.22560e-01
 @simulation.run: Average timings at MD step  222800. t/step: 1.23142e-01
 @simulation.run: Average timings at MD step  222900. t/step: 1.22391e-01
 @simulation.run: Average timings at MD step  223000. t/step: 1.24501e-01
 @simulation.run: Average timings at MD step  223100. t/step: 1.24066e-01
 @simulation.run: Average timings at MD step  223200. t/step: 1.22107e-01
 @simulation.run: Average timings at MD step  223300. t/step: 1.20461e-01
 @simulation.run: Average timings at MD step  223400. t/step: 1.21798e-01
 @simulation.run: Average timings at MD step  223500. t/step: 1.20769e-01
 @simulation.run: Average timings at MD step  223600. t/step: 1.20431e-01
 @simulation.run: Average timings at MD step  223700. t/step: 1.23267e-01
 @simulation.run: Average timings at MD step  223800. t/step: 1.35560e-01
 @simulation.run: Average timings at MD step  223900. t/step: 1.21797e-01
 @simulation.run: Average timings at MD step  224000. t/step: 1.24845e-01
 @simulation.run: Average timings at MD step  224100. t/step: 1.30578e-01
 @simulation.run: Average timings at MD step  224200. t/step: 1.28469e-01
 @simulation.run: Average timings at MD step  224300. t/step: 1.30354e-01
 @simulation.run: Average timings at MD step  224400. t/step: 1.31990e-01
 @simulation.run: Average timings at MD step  224500. t/step: 1.36353e-01
 @simulation.run: Average timings at MD step  224600. t/step: 1.30607e-01
 @simulation.run: Average timings at MD step  224700. t/step: 1.37070e-01
 @simulation.run: Average timings at MD step  224800. t/step: 1.31707e-01
 @simulation.run: Average timings at MD step  224900. t/step: 1.30808e-01
 @simulation.run: Average timings at MD step  225000. t/step: 1.24881e-01
 @simulation.run: Average timings at MD step  225100. t/step: 1.25808e-01
 @simulation.run: Average timings at MD step  225200. t/step: 1.25557e-01
 @simulation.run: Average timings at MD step  225300. t/step: 1.25131e-01
 @simulation.run: Average timings at MD step  225400. t/step: 1.25790e-01
 @simulation.run: Average timings at MD step  225500. t/step: 1.21911e-01
 @simulation.run: Average timings at MD step  225600. t/step: 1.21492e-01
 @simulation.run: Average timings at MD step  225700. t/step: 1.22773e-01
 @simulation.run: Average timings at MD step  225800. t/step: 1.27818e-01
 @simulation.run: Average timings at MD step  225900. t/step: 1.22842e-01
 @simulation.run: Average timings at MD step  226000. t/step: 1.23263e-01
 @simulation.run: Average timings at MD step  226100. t/step: 1.21466e-01
 @simulation.run: Average timings at MD step  226200. t/step: 1.22722e-01
 @simulation.run: Average timings at MD step  226300. t/step: 1.21103e-01
 @simulation.run: Average timings at MD step  226400. t/step: 1.22364e-01
 @simulation.run: Average timings at MD step  226500. t/step: 1.28290e-01
 @simulation.run: Average timings at MD step  226600. t/step: 1.23680e-01
 @simulation.run: Average timings at MD step  226700. t/step: 1.22430e-01
 @simulation.run: Average timings at MD step  226800. t/step: 1.23656e-01
 @simulation.run: Average timings at MD step  226900. t/step: 1.30290e-01
 @simulation.run: Average timings at MD step  227000. t/step: 1.22770e-01
 @simulation.run: Average timings at MD step  227100. t/step: 1.24662e-01
 @simulation.run: Average timings at MD step  227200. t/step: 1.27769e-01
 @simulation.run: Average timings at MD step  227300. t/step: 1.27879e-01
 @simulation.run: Average timings at MD step  227400. t/step: 1.26800e-01
 @simulation.run: Average timings at MD step  227500. t/step: 1.27811e-01
 @simulation.run: Average timings at MD step  227600. t/step: 1.25211e-01
 @simulation.run: Average timings at MD step  227700. t/step: 1.26537e-01
 @simulation.run: Average timings at MD step  227800. t/step: 1.26977e-01
 @simulation.run: Average timings at MD step  227900. t/step: 1.31253e-01
 @simulation.run: Average timings at MD step  228000. t/step: 1.25912e-01
 @simulation.run: Average timings at MD step  228100. t/step: 1.26451e-01
 @simulation.run: Average timings at MD step  228200. t/step: 1.25162e-01
 @simulation.run: Average timings at MD step  228300. t/step: 1.23199e-01
 @simulation.run: Average timings at MD step  228400. t/step: 1.28640e-01
 @simulation.run: Average timings at MD step  228500. t/step: 1.21746e-01
 @simulation.run: Average timings at MD step  228600. t/step: 1.22354e-01
 @simulation.run: Average timings at MD step  228700. t/step: 1.21714e-01
 @simulation.run: Average timings at MD step  228800. t/step: 1.20554e-01
 @simulation.run: Average timings at MD step  228900. t/step: 1.23413e-01
 @simulation.run: Average timings at MD step  229000. t/step: 1.28821e-01
 @simulation.run: Average timings at MD step  229100. t/step: 1.23585e-01
 @simulation.run: Average timings at MD step  229200. t/step: 1.23467e-01
 @simulation.run: Average timings at MD step  229300. t/step: 1.21695e-01
 @simulation.run: Average timings at MD step  229400. t/step: 1.22408e-01
 @simulation.run: Average timings at MD step  229500. t/step: 1.23423e-01
 @simulation.run: Average timings at MD step  229600. t/step: 1.22646e-01
 @simulation.run: Average timings at MD step  229700. t/step: 1.28465e-01
 @simulation.run: Average timings at MD step  229800. t/step: 1.22565e-01
 @simulation.run: Average timings at MD step  229900. t/step: 1.22133e-01
 @simulation.run: Average timings at MD step  230000. t/step: 1.26515e-01
 @simulation.run: Average timings at MD step  230100. t/step: 1.35152e-01
 @simulation.run: Average timings at MD step  230200. t/step: 1.33032e-01
 @simulation.run: Average timings at MD step  230300. t/step: 1.26901e-01
 @simulation.run: Average timings at MD step  230400. t/step: 1.25861e-01
 @simulation.run: Average timings at MD step  230500. t/step: 1.28104e-01
 @simulation.run: Average timings at MD step  230600. t/step: 1.27406e-01
 @simulation.run: Average timings at MD step  230700. t/step: 1.25880e-01
 @simulation.run: Average timings at MD step  230800. t/step: 1.25415e-01
 @simulation.run: Average timings at MD step  230900. t/step: 1.24367e-01
 @simulation.run: Average timings at MD step  231000. t/step: 1.32451e-01
 @simulation.run: Average timings at MD step  231100. t/step: 1.24788e-01
 @simulation.run: Average timings at MD step  231200. t/step: 1.22913e-01
 @simulation.run: Average timings at MD step  231300. t/step: 1.22720e-01
 @simulation.run: Average timings at MD step  231400. t/step: 1.24279e-01
 @simulation.run: Average timings at MD step  231500. t/step: 1.22457e-01
 @simulation.run: Average timings at MD step  231600. t/step: 1.24609e-01
 @simulation.run: Average timings at MD step  231700. t/step: 1.21497e-01
 @simulation.run: Average timings at MD step  231800. t/step: 1.21768e-01
 @simulation.run: Average timings at MD step  231900. t/step: 1.23658e-01
 @simulation.run: Average timings at MD step  232000. t/step: 1.21323e-01
 @simulation.run: Average timings at MD step  232100. t/step: 1.25099e-01
 @simulation.run: Average timings at MD step  232200. t/step: 1.23959e-01
 @simulation.run: Average timings at MD step  232300. t/step: 1.29084e-01
 @simulation.run: Average timings at MD step  232400. t/step: 1.21897e-01
 @simulation.run: Average timings at MD step  232500. t/step: 1.21555e-01
 @simulation.run: Average timings at MD step  232600. t/step: 1.21788e-01
 @simulation.run: Average timings at MD step  232700. t/step: 1.24266e-01
 @simulation.run: Average timings at MD step  232800. t/step: 1.23877e-01
 @simulation.run: Average timings at MD step  232900. t/step: 1.26918e-01
 @simulation.run: Average timings at MD step  233000. t/step: 1.33867e-01
 @simulation.run: Average timings at MD step  233100. t/step: 1.28276e-01
 @simulation.run: Average timings at MD step  233200. t/step: 1.26133e-01
 @simulation.run: Average timings at MD step  233300. t/step: 1.34761e-01
 @simulation.run: Average timings at MD step  233400. t/step: 1.28376e-01
 @simulation.run: Average timings at MD step  233500. t/step: 1.40988e-01
 @simulation.run: Average timings at MD step  233600. t/step: 1.25465e-01
 @simulation.run: Average timings at MD step  233700. t/step: 1.25725e-01
 @simulation.run: Average timings at MD step  233800. t/step: 1.27188e-01
 @simulation.run: Average timings at MD step  233900. t/step: 1.33946e-01
 @simulation.run: Average timings at MD step  234000. t/step: 1.25623e-01
 @simulation.run: Average timings at MD step  234100. t/step: 1.29958e-01
 @simulation.run: Average timings at MD step  234200. t/step: 1.23650e-01
 @simulation.run: Average timings at MD step  234300. t/step: 1.38057e-01
 @simulation.run: Average timings at MD step  234400. t/step: 1.22543e-01
 @simulation.run: Average timings at MD step  234500. t/step: 1.30234e-01
 @simulation.run: Average timings at MD step  234600. t/step: 1.30604e-01
 @simulation.run: Average timings at MD step  234700. t/step: 1.21337e-01
 @simulation.run: Average timings at MD step  234800. t/step: 1.23419e-01
 @simulation.run: Average timings at MD step  234900. t/step: 1.30591e-01
 @simulation.run: Average timings at MD step  235000. t/step: 1.22411e-01
 @simulation.run: Average timings at MD step  235100. t/step: 1.23586e-01
 @simulation.run: Average timings at MD step  235200. t/step: 1.22843e-01
 @simulation.run: Average timings at MD step  235300. t/step: 1.21782e-01
 @simulation.run: Average timings at MD step  235400. t/step: 1.21461e-01
 @simulation.run: Average timings at MD step  235500. t/step: 1.21983e-01
 @simulation.run: Average timings at MD step  235600. t/step: 1.21438e-01
 @simulation.run: Average timings at MD step  235700. t/step: 1.34088e-01
 @simulation.run: Average timings at MD step  235800. t/step: 1.27497e-01
 @simulation.run: Average timings at MD step  235900. t/step: 1.28027e-01
 @simulation.run: Average timings at MD step  236000. t/step: 1.25553e-01
 @simulation.run: Average timings at MD step  236100. t/step: 1.25659e-01
 @simulation.run: Average timings at MD step  236200. t/step: 1.27572e-01
 @simulation.run: Average timings at MD step  236300. t/step: 1.33534e-01
 @simulation.run: Average timings at MD step  236400. t/step: 1.25521e-01
 @simulation.run: Average timings at MD step  236500. t/step: 1.24398e-01
 @simulation.run: Average timings at MD step  236600. t/step: 1.26369e-01
 @simulation.run: Average timings at MD step  236700. t/step: 1.33865e-01
 @simulation.run: Average timings at MD step  236800. t/step: 1.25299e-01
 @simulation.run: Average timings at MD step  236900. t/step: 1.28825e-01
 @simulation.run: Average timings at MD step  237000. t/step: 1.23152e-01
 @simulation.run: Average timings at MD step  237100. t/step: 1.21654e-01
 @simulation.run: Average timings at MD step  237200. t/step: 1.22538e-01
 @simulation.run: Average timings at MD step  237300. t/step: 1.29769e-01
 @simulation.run: Average timings at MD step  237400. t/step: 1.21696e-01
 @simulation.run: Average timings at MD step  237500. t/step: 1.20150e-01
 @simulation.run: Average timings at MD step  237600. t/step: 1.23001e-01
 @simulation.run: Average timings at MD step  237700. t/step: 1.22840e-01
 @simulation.run: Average timings at MD step  237800. t/step: 1.22653e-01
 @simulation.run: Average timings at MD step  237900. t/step: 1.29035e-01
 @simulation.run: Average timings at MD step  238000. t/step: 1.36937e-01
 @simulation.run: Average timings at MD step  238100. t/step: 1.22668e-01
 @simulation.run: Average timings at MD step  238200. t/step: 1.22487e-01
 @simulation.run: Average timings at MD step  238300. t/step: 1.22339e-01
 @simulation.run: Average timings at MD step  238400. t/step: 1.35170e-01
 @simulation.run: Average timings at MD step  238500. t/step: 1.26560e-01
 @simulation.run: Average timings at MD step  238600. t/step: 1.27323e-01
 @simulation.run: Average timings at MD step  238700. t/step: 1.29041e-01
 @simulation.run: Average timings at MD step  238800. t/step: 1.26845e-01
 @simulation.run: Average timings at MD step  238900. t/step: 1.33310e-01
 @simulation.run: Average timings at MD step  239000. t/step: 1.27494e-01
 @simulation.run: Average timings at MD step  239100. t/step: 1.27237e-01
 @simulation.run: Average timings at MD step  239200. t/step: 1.26670e-01
 @simulation.run: Average timings at MD step  239300. t/step: 1.25145e-01
 @simulation.run: Average timings at MD step  239400. t/step: 1.25210e-01
 @simulation.run: Average timings at MD step  239500. t/step: 1.37739e-01
 @simulation.run: Average timings at MD step  239600. t/step: 1.24376e-01
 @simulation.run: Average timings at MD step  239700. t/step: 1.30994e-01
 @simulation.run: Average timings at MD step  239800. t/step: 1.28674e-01
 @simulation.run: Average timings at MD step  239900. t/step: 1.22294e-01
 @simulation.run: Average timings at MD step  240000. t/step: 1.20463e-01
 @simulation.run: Average timings at MD step  240100. t/step: 1.24593e-01
 @simulation.run: Average timings at MD step  240200. t/step: 1.23366e-01
 @simulation.run: Average timings at MD step  240300. t/step: 1.28558e-01
 @simulation.run: Average timings at MD step  240400. t/step: 1.21889e-01
 @simulation.run: Average timings at MD step  240500. t/step: 1.23834e-01
 @simulation.run: Average timings at MD step  240600. t/step: 1.23976e-01
 @simulation.run: Average timings at MD step  240700. t/step: 1.23943e-01
 @simulation.run: Average timings at MD step  240800. t/step: 1.21950e-01
 @simulation.run: Average timings at MD step  240900. t/step: 1.22517e-01
 @simulation.run: Average timings at MD step  241000. t/step: 1.22903e-01
 @simulation.run: Average timings at MD step  241100. t/step: 1.20801e-01
 @simulation.run: Average timings at MD step  241200. t/step: 1.23511e-01
 @simulation.run: Average timings at MD step  241300. t/step: 1.22225e-01
 @simulation.run: Average timings at MD step  241400. t/step: 1.28651e-01
 @simulation.run: Average timings at MD step  241500. t/step: 1.27671e-01
 @simulation.run: Average timings at MD step  241600. t/step: 1.26635e-01
 @simulation.run: Average timings at MD step  241700. t/step: 1.26599e-01
 @simulation.run: Average timings at MD step  241800. t/step: 1.29360e-01
 @simulation.run: Average timings at MD step  241900. t/step: 1.27818e-01
 @simulation.run: Average timings at MD step  242000. t/step: 1.26625e-01
 @simulation.run: Average timings at MD step  242100. t/step: 1.31169e-01
 @simulation.run: Average timings at MD step  242200. t/step: 1.24550e-01
 @simulation.run: Average timings at MD step  242300. t/step: 1.26672e-01
 @simulation.run: Average timings at MD step  242400. t/step: 1.26894e-01
 @simulation.run: Average timings at MD step  242500. t/step: 1.47372e-01
 @simulation.run: Average timings at MD step  242600. t/step: 1.22393e-01
 @simulation.run: Average timings at MD step  242700. t/step: 1.30399e-01
 @simulation.run: Average timings at MD step  242800. t/step: 1.23216e-01
 @simulation.run: Average timings at MD step  242900. t/step: 1.29447e-01
 @simulation.run: Average timings at MD step  243000. t/step: 1.21598e-01
 @simulation.run: Average timings at MD step  243100. t/step: 1.23307e-01
 @simulation.run: Average timings at MD step  243200. t/step: 1.22259e-01
 @simulation.run: Average timings at MD step  243300. t/step: 1.23173e-01
 @simulation.run: Average timings at MD step  243400. t/step: 1.23183e-01
 @simulation.run: Average timings at MD step  243500. t/step: 1.23186e-01
 @simulation.run: Average timings at MD step  243600. t/step: 1.23791e-01
 @simulation.run: Average timings at MD step  243700. t/step: 1.30810e-01
 @simulation.run: Average timings at MD step  243800. t/step: 1.26975e-01
 @simulation.run: Average timings at MD step  243900. t/step: 1.23626e-01
 @simulation.run: Average timings at MD step  244000. t/step: 1.22972e-01
 @simulation.run: Average timings at MD step  244100. t/step: 1.21544e-01
 @simulation.run: Average timings at MD step  244200. t/step: 1.27569e-01
 @simulation.run: Average timings at MD step  244300. t/step: 1.34709e-01
 @simulation.run: Average timings at MD step  244400. t/step: 1.27102e-01
 @simulation.run: Average timings at MD step  244500. t/step: 1.26141e-01
 @simulation.run: Average timings at MD step  244600. t/step: 1.26692e-01
 @simulation.run: Average timings at MD step  244700. t/step: 1.33411e-01
 @simulation.run: Average timings at MD step  244800. t/step: 1.26874e-01
 @simulation.run: Average timings at MD step  244900. t/step: 1.32306e-01
 @simulation.run: Average timings at MD step  245000. t/step: 1.25284e-01
 @simulation.run: Average timings at MD step  245100. t/step: 1.26699e-01
 @simulation.run: Average timings at MD step  245200. t/step: 1.33627e-01
 @simulation.run: Average timings at MD step  245300. t/step: 1.25599e-01
 @simulation.run: Average timings at MD step  245400. t/step: 1.22567e-01
 @simulation.run: Average timings at MD step  245500. t/step: 1.26120e-01
 @simulation.run: Average timings at MD step  245600. t/step: 1.23061e-01
 @simulation.run: Average timings at MD step  245700. t/step: 1.23320e-01
 @simulation.run: Average timings at MD step  245800. t/step: 1.31749e-01
 @simulation.run: Average timings at MD step  245900. t/step: 1.21850e-01
 @simulation.run: Average timings at MD step  246000. t/step: 1.22652e-01
 @simulation.run: Average timings at MD step  246100. t/step: 1.23705e-01
 @simulation.run: Average timings at MD step  246200. t/step: 1.31031e-01
 @simulation.run: Average timings at MD step  246300. t/step: 1.24148e-01
 @simulation.run: Average timings at MD step  246400. t/step: 1.24040e-01
 @simulation.run: Average timings at MD step  246500. t/step: 1.22547e-01
 @simulation.run: Average timings at MD step  246600. t/step: 1.22471e-01
 @simulation.run: Average timings at MD step  246700. t/step: 1.21056e-01
 @simulation.run: Average timings at MD step  246800. t/step: 1.23627e-01
 @simulation.run: Average timings at MD step  246900. t/step: 1.20529e-01
 @simulation.run: Average timings at MD step  247000. t/step: 1.22421e-01
 @simulation.run: Average timings at MD step  247100. t/step: 1.27782e-01
 @simulation.run: Average timings at MD step  247200. t/step: 1.27995e-01
 @simulation.run: Average timings at MD step  247300. t/step: 1.26603e-01
 @simulation.run: Average timings at MD step  247400. t/step: 1.34846e-01
 @simulation.run: Average timings at MD step  247500. t/step: 1.27676e-01
 @simulation.run: Average timings at MD step  247600. t/step: 1.26748e-01
 @simulation.run: Average timings at MD step  247700. t/step: 1.25974e-01
 @simulation.run: Average timings at MD step  247800. t/step: 1.25047e-01
 @simulation.run: Average timings at MD step  247900. t/step: 1.25854e-01
 @simulation.run: Average timings at MD step  248000. t/step: 1.27443e-01
 @simulation.run: Average timings at MD step  248100. t/step: 1.28016e-01
 @simulation.run: Average timings at MD step  248200. t/step: 1.25902e-01
 @simulation.run: Average timings at MD step  248300. t/step: 1.22629e-01
 @simulation.run: Average timings at MD step  248400. t/step: 1.21964e-01
 @simulation.run: Average timings at MD step  248500. t/step: 1.22986e-01
 @simulation.run: Average timings at MD step  248600. t/step: 1.23080e-01
 @simulation.run: Average timings at MD step  248700. t/step: 1.29038e-01
 @simulation.run: Average timings at MD step  248800. t/step: 1.22595e-01
 @simulation.run: Average timings at MD step  248900. t/step: 1.21553e-01
 @simulation.run: Average timings at MD step  249000. t/step: 1.21470e-01
 @simulation.run: Average timings at MD step  249100. t/step: 1.21900e-01
 @simulation.run: Average timings at MD step  249200. t/step: 1.22512e-01
 @simulation.run: Average timings at MD step  249300. t/step: 1.21931e-01
 @simulation.run: Average timings at MD step  249400. t/step: 1.20237e-01
 @simulation.run: Average timings at MD step  249500. t/step: 1.21998e-01
 @simulation.run: Average timings at MD step  249600. t/step: 1.22120e-01
 @simulation.run: Average timings at MD step  249700. t/step: 1.28290e-01
 @simulation.run: Average timings at MD step  249800. t/step: 1.23817e-01
 @simulation.run: Average timings at MD step  249900. t/step: 1.22858e-01
 @simulation.run: Average timings at MD step  250000. t/step: 1.27414e-01
 @simulation.run: Average timings at MD step  250100. t/step: 1.35774e-01
 @simulation.run: Average timings at MD step  250200. t/step: 1.33621e-01
 @simulation.run: Average timings at MD step  250300. t/step: 1.25199e-01
 @simulation.run: Average timings at MD step  250400. t/step: 1.27632e-01
 @simulation.run: Average timings at MD step  250500. t/step: 1.26469e-01
 @simulation.run: Average timings at MD step  250600. t/step: 1.26274e-01
 @simulation.run: Average timings at MD step  250700. t/step: 1.26204e-01
 @simulation.run: Average timings at MD step  250800. t/step: 1.24811e-01
 @simulation.run: Average timings at MD step  250900. t/step: 1.45463e-01
 @simulation.run: Average timings at MD step  251000. t/step: 1.26513e-01
 @simulation.run: Average timings at MD step  251100. t/step: 1.24016e-01
 @simulation.run: Average timings at MD step  251200. t/step: 1.23701e-01
 @simulation.run: Average timings at MD step  251300. t/step: 1.24433e-01
 @simulation.run: Average timings at MD step  251400. t/step: 1.23905e-01
 @simulation.run: Average timings at MD step  251500. t/step: 1.23685e-01
 @simulation.run: Average timings at MD step  251600. t/step: 1.23594e-01
 @simulation.run: Average timings at MD step  251700. t/step: 1.19574e-01
 @simulation.run: Average timings at MD step  251800. t/step: 1.21665e-01
 @simulation.run: Average timings at MD step  251900. t/step: 1.35820e-01
 @simulation.run: Average timings at MD step  252000. t/step: 1.23142e-01
 @simulation.run: Average timings at MD step  252100. t/step: 1.30302e-01
 @simulation.run: Average timings at MD step  252200. t/step: 1.22622e-01
 @simulation.run: Average timings at MD step  252300. t/step: 1.24283e-01
 @simulation.run: Average timings at MD step  252400. t/step: 1.23449e-01
 @simulation.run: Average timings at MD step  252500. t/step: 1.23363e-01
 @simulation.run: Average timings at MD step  252600. t/step: 1.22040e-01
 @simulation.run: Average timings at MD step  252700. t/step: 1.22824e-01
 @simulation.run: Average timings at MD step  252800. t/step: 1.28197e-01
 @simulation.run: Average timings at MD step  252900. t/step: 1.28923e-01
 @simulation.run: Average timings at MD step  253000. t/step: 1.28940e-01
 @simulation.run: Average timings at MD step  253100. t/step: 1.26422e-01
 @simulation.run: Average timings at MD step  253200. t/step: 1.27294e-01
 @simulation.run: Average timings at MD step  253300. t/step: 1.27848e-01
 @simulation.run: Average timings at MD step  253400. t/step: 1.28192e-01
 @simulation.run: Average timings at MD step  253500. t/step: 1.25428e-01
 @simulation.run: Average timings at MD step  253600. t/step: 1.23383e-01
 @simulation.run: Average timings at MD step  253700. t/step: 1.27954e-01
 @simulation.run: Average timings at MD step  253800. t/step: 1.27743e-01
 @simulation.run: Average timings at MD step  253900. t/step: 1.26310e-01
 @simulation.run: Average timings at MD step  254000. t/step: 1.23441e-01
 @simulation.run: Average timings at MD step  254100. t/step: 1.21194e-01
 @simulation.run: Average timings at MD step  254200. t/step: 1.22495e-01
 @simulation.run: Average timings at MD step  254300. t/step: 1.22398e-01
 @simulation.run: Average timings at MD step  254400. t/step: 1.22918e-01
 @simulation.run: Average timings at MD step  254500. t/step: 1.27621e-01
 @simulation.run: Average timings at MD step  254600. t/step: 1.22681e-01
 @simulation.run: Average timings at MD step  254700. t/step: 1.24236e-01
 @simulation.run: Average timings at MD step  254800. t/step: 1.23756e-01
 @simulation.run: Average timings at MD step  254900. t/step: 1.23999e-01
 @simulation.run: Average timings at MD step  255000. t/step: 1.23398e-01
 @simulation.run: Average timings at MD step  255100. t/step: 1.22204e-01
 @simulation.run: Average timings at MD step  255200. t/step: 1.21769e-01
 @simulation.run: Average timings at MD step  255300. t/step: 1.21733e-01
 @simulation.run: Average timings at MD step  255400. t/step: 1.31447e-01
 @simulation.run: Average timings at MD step  255500. t/step: 1.23202e-01
 @simulation.run: Average timings at MD step  255600. t/step: 1.31744e-01
 @simulation.run: Average timings at MD step  255700. t/step: 1.28323e-01
 @simulation.run: Average timings at MD step  255800. t/step: 1.27863e-01
 @simulation.run: Average timings at MD step  255900. t/step: 1.27177e-01
 @simulation.run: Average timings at MD step  256000. t/step: 1.25902e-01
 @simulation.run: Average timings at MD step  256100. t/step: 1.26977e-01
 @simulation.run: Average timings at MD step  256200. t/step: 1.27533e-01
 @simulation.run: Average timings at MD step  256300. t/step: 1.26684e-01
 @simulation.run: Average timings at MD step  256400. t/step: 1.27403e-01
 @simulation.run: Average timings at MD step  256500. t/step: 1.25054e-01
 @simulation.run: Average timings at MD step  256600. t/step: 1.24202e-01
 @simulation.run: Average timings at MD step  256700. t/step: 1.24325e-01
 @simulation.run: Average timings at MD step  256800. t/step: 1.23822e-01
 @simulation.run: Average timings at MD step  256900. t/step: 1.22639e-01
 @simulation.run: Average timings at MD step  257000. t/step: 1.24084e-01
 @simulation.run: Average timings at MD step  257100. t/step: 1.22952e-01
 @simulation.run: Average timings at MD step  257200. t/step: 1.21470e-01
 @simulation.run: Average timings at MD step  257300. t/step: 1.21199e-01
 @simulation.run: Average timings at MD step  257400. t/step: 1.22259e-01
 @simulation.run: Average timings at MD step  257500. t/step: 1.23493e-01
 @simulation.run: Average timings at MD step  257600. t/step: 1.22446e-01
 @simulation.run: Average timings at MD step  257700. t/step: 1.28941e-01
 @simulation.run: Average timings at MD step  257800. t/step: 1.22005e-01
 @simulation.run: Average timings at MD step  257900. t/step: 1.23567e-01
 @simulation.run: Average timings at MD step  258000. t/step: 1.22124e-01
 @simulation.run: Average timings at MD step  258100. t/step: 1.23253e-01
 @simulation.run: Average timings at MD step  258200. t/step: 1.30187e-01
 @simulation.run: Average timings at MD step  258300. t/step: 1.20641e-01
 @simulation.run: Average timings at MD step  258400. t/step: 1.22014e-01
 @simulation.run: Average timings at MD step  258500. t/step: 1.25809e-01
 @simulation.run: Average timings at MD step  258600. t/step: 1.28805e-01
 @simulation.run: Average timings at MD step  258700. t/step: 1.34474e-01
 @simulation.run: Average timings at MD step  258800. t/step: 1.26725e-01
 @simulation.run: Average timings at MD step  258900. t/step: 1.32645e-01
 @simulation.run: Average timings at MD step  259000. t/step: 1.27394e-01
 @simulation.run: Average timings at MD step  259100. t/step: 1.28303e-01
 @simulation.run: Average timings at MD step  259200. t/step: 1.33114e-01
 @simulation.run: Average timings at MD step  259300. t/step: 1.24736e-01
 @simulation.run: Average timings at MD step  259400. t/step: 1.25448e-01
 @simulation.run: Average timings at MD step  259500. t/step: 1.27102e-01
 @simulation.run: Average timings at MD step  259600. t/step: 1.37802e-01
 @simulation.run: Average timings at MD step  259700. t/step: 1.23146e-01
 @simulation.run: Average timings at MD step  259800. t/step: 1.22980e-01
 @simulation.run: Average timings at MD step  259900. t/step: 1.21856e-01
 @simulation.run: Average timings at MD step  260000. t/step: 1.23669e-01
 @simulation.run: Average timings at MD step  260100. t/step: 1.23755e-01
 @simulation.run: Average timings at MD step  260200. t/step: 1.22599e-01
 @simulation.run: Average timings at MD step  260300. t/step: 1.25134e-01
 @simulation.run: Average timings at MD step  260400. t/step: 1.23847e-01
 @simulation.run: Average timings at MD step  260500. t/step: 1.24525e-01
 @simulation.run: Average timings at MD step  260600. t/step: 1.23157e-01
 @simulation.run: Average timings at MD step  260700. t/step: 1.21949e-01
 @simulation.run: Average timings at MD step  260800. t/step: 1.21773e-01
 @simulation.run: Average timings at MD step  260900. t/step: 1.21008e-01
 @simulation.run: Average timings at MD step  261000. t/step: 1.37198e-01
 @simulation.run: Average timings at MD step  261100. t/step: 1.21838e-01
 @simulation.run: Average timings at MD step  261200. t/step: 1.24170e-01
 @simulation.run: Average timings at MD step  261300. t/step: 1.24139e-01
 @simulation.run: Average timings at MD step  261400. t/step: 1.27544e-01
 @simulation.run: Average timings at MD step  261500. t/step: 1.28351e-01
 @simulation.run: Average timings at MD step  261600. t/step: 1.26724e-01
 @simulation.run: Average timings at MD step  261700. t/step: 1.25940e-01
 @simulation.run: Average timings at MD step  261800. t/step: 1.26979e-01
 @simulation.run: Average timings at MD step  261900. t/step: 1.26632e-01
 @simulation.run: Average timings at MD step  262000. t/step: 1.25546e-01
 @simulation.run: Average timings at MD step  262100. t/step: 1.24702e-01
 @simulation.run: Average timings at MD step  262200. t/step: 1.25159e-01
 @simulation.run: Average timings at MD step  262300. t/step: 1.26125e-01
 @simulation.run: Average timings at MD step  262400. t/step: 1.27994e-01
 @simulation.run: Average timings at MD step  262500. t/step: 1.26139e-01
 @simulation.run: Average timings at MD step  262600. t/step: 1.23049e-01
 @simulation.run: Average timings at MD step  262700. t/step: 1.21862e-01
 @simulation.run: Average timings at MD step  262800. t/step: 1.22623e-01
 @simulation.run: Average timings at MD step  262900. t/step: 1.30312e-01
 @simulation.run: Average timings at MD step  263000. t/step: 1.23368e-01
 @simulation.run: Average timings at MD step  263100. t/step: 1.21810e-01
 @simulation.run: Average timings at MD step  263200. t/step: 1.29533e-01
 @simulation.run: Average timings at MD step  263300. t/step: 1.23728e-01
 @simulation.run: Average timings at MD step  263400. t/step: 1.22736e-01
 @simulation.run: Average timings at MD step  263500. t/step: 1.25750e-01
 @simulation.run: Average timings at MD step  263600. t/step: 1.22116e-01
 @simulation.run: Average timings at MD step  263700. t/step: 1.29067e-01
 @simulation.run: Average timings at MD step  263800. t/step: 1.23019e-01
 @simulation.run: Average timings at MD step  263900. t/step: 1.22930e-01
 @simulation.run: Average timings at MD step  264000. t/step: 1.22897e-01
 @simulation.run: Average timings at MD step  264100. t/step: 1.23943e-01
 @simulation.run: Average timings at MD step  264200. t/step: 1.26671e-01
 @simulation.run: Average timings at MD step  264300. t/step: 1.27417e-01
 @simulation.run: Average timings at MD step  264400. t/step: 1.34698e-01
 @simulation.run: Average timings at MD step  264500. t/step: 1.26120e-01
 @simulation.run: Average timings at MD step  264600. t/step: 1.25099e-01
 @simulation.run: Average timings at MD step  264700. t/step: 1.40833e-01
 @simulation.run: Average timings at MD step  264800. t/step: 1.28265e-01
 @simulation.run: Average timings at MD step  264900. t/step: 1.24693e-01
 @simulation.run: Average timings at MD step  265000. t/step: 1.25745e-01
 @simulation.run: Average timings at MD step  265100. t/step: 1.25497e-01
 @simulation.run: Average timings at MD step  265200. t/step: 1.31917e-01
 @simulation.run: Average timings at MD step  265300. t/step: 1.26830e-01
 @simulation.run: Average timings at MD step  265400. t/step: 1.23412e-01
 @simulation.run: Average timings at MD step  265500. t/step: 1.24381e-01
 @simulation.run: Average timings at MD step  265600. t/step: 1.23401e-01
 @simulation.run: Average timings at MD step  265700. t/step: 1.22153e-01
 @simulation.run: Average timings at MD step  265800. t/step: 1.23442e-01
 @simulation.run: Average timings at MD step  265900. t/step: 1.23383e-01
 @simulation.run: Average timings at MD step  266000. t/step: 1.37210e-01
 @simulation.run: Average timings at MD step  266100. t/step: 1.22749e-01
 @simulation.run: Average timings at MD step  266200. t/step: 1.24425e-01
 @simulation.run: Average timings at MD step  266300. t/step: 1.22338e-01
 @simulation.run: Average timings at MD step  266400. t/step: 1.22492e-01
 @simulation.run: Average timings at MD step  266500. t/step: 1.21994e-01
 @simulation.run: Average timings at MD step  266600. t/step: 1.21136e-01
 @simulation.run: Average timings at MD step  266700. t/step: 1.22263e-01
 @simulation.run: Average timings at MD step  266800. t/step: 1.21835e-01
 @simulation.run: Average timings at MD step  266900. t/step: 1.21639e-01
 @simulation.run: Average timings at MD step  267000. t/step: 1.21101e-01
 @simulation.run: Average timings at MD step  267100. t/step: 1.29316e-01
 @simulation.run: Average timings at MD step  267200. t/step: 1.36056e-01
 @simulation.run: Average timings at MD step  267300. t/step: 1.26201e-01
 @simulation.run: Average timings at MD step  267400. t/step: 1.25837e-01
 @simulation.run: Average timings at MD step  267500. t/step: 1.27574e-01
 @simulation.run: Average timings at MD step  267600. t/step: 1.29052e-01
 @simulation.run: Average timings at MD step  267700. t/step: 1.28222e-01
 @simulation.run: Average timings at MD step  267800. t/step: 1.24431e-01
 @simulation.run: Average timings at MD step  267900. t/step: 1.25740e-01
 @simulation.run: Average timings at MD step  268000. t/step: 1.24178e-01
 @simulation.run: Average timings at MD step  268100. t/step: 1.25312e-01
 @simulation.run: Average timings at MD step  268200. t/step: 1.31215e-01
 @simulation.run: Average timings at MD step  268300. t/step: 1.22736e-01
 @simulation.run: Average timings at MD step  268400. t/step: 1.23083e-01
 @simulation.run: Average timings at MD step  268500. t/step: 1.24844e-01
 @simulation.run: Average timings at MD step  268600. t/step: 1.23160e-01
 @simulation.run: Average timings at MD step  268700. t/step: 1.22900e-01
 @simulation.run: Average timings at MD step  268800. t/step: 1.21331e-01
 @simulation.run: Average timings at MD step  268900. t/step: 1.29203e-01
 @simulation.run: Average timings at MD step  269000. t/step: 1.22496e-01
 @simulation.run: Average timings at MD step  269100. t/step: 1.23487e-01
 @simulation.run: Average timings at MD step  269200. t/step: 1.23037e-01
 @simulation.run: Average timings at MD step  269300. t/step: 1.23591e-01
 @simulation.run: Average timings at MD step  269400. t/step: 1.22515e-01
 @simulation.run: Average timings at MD step  269500. t/step: 1.22944e-01
 @simulation.run: Average timings at MD step  269600. t/step: 1.23354e-01
 @simulation.run: Average timings at MD step  269700. t/step: 1.23356e-01
 @simulation.run: Average timings at MD step  269800. t/step: 1.21704e-01
 @simulation.run: Average timings at MD step  269900. t/step: 1.24440e-01
 @simulation.run: Average timings at MD step  270000. t/step: 1.28132e-01
 @simulation.run: Average timings at MD step  270100. t/step: 1.34309e-01
 @simulation.run: Average timings at MD step  270200. t/step: 1.27221e-01
 @simulation.run: Average timings at MD step  270300. t/step: 1.25894e-01
 @simulation.run: Average timings at MD step  270400. t/step: 1.27261e-01
 @simulation.run: Average timings at MD step  270500. t/step: 1.27757e-01
 @simulation.run: Average timings at MD step  270600. t/step: 1.26724e-01
 @simulation.run: Average timings at MD step  270700. t/step: 1.26065e-01
 @simulation.run: Average timings at MD step  270800. t/step: 1.24002e-01
 @simulation.run: Average timings at MD step  270900. t/step: 1.25711e-01
 @simulation.run: Average timings at MD step  271000. t/step: 1.26485e-01
 @simulation.run: Average timings at MD step  271100. t/step: 1.30917e-01
 @simulation.run: Average timings at MD step  271200. t/step: 1.23241e-01
 @simulation.run: Average timings at MD step  271300. t/step: 1.23205e-01
 @simulation.run: Average timings at MD step  271400. t/step: 1.32176e-01
 @simulation.run: Average timings at MD step  271500. t/step: 1.29666e-01
 @simulation.run: Average timings at MD step  271600. t/step: 1.30802e-01
 @simulation.run: Average timings at MD step  271700. t/step: 1.21526e-01
 @simulation.run: Average timings at MD step  271800. t/step: 1.23814e-01
 @simulation.run: Average timings at MD step  271900. t/step: 1.20825e-01
 @simulation.run: Average timings at MD step  272000. t/step: 1.29993e-01
 @simulation.run: Average timings at MD step  272100. t/step: 1.22264e-01
 @simulation.run: Average timings at MD step  272200. t/step: 1.28331e-01
 @simulation.run: Average timings at MD step  272300. t/step: 1.28545e-01
 @simulation.run: Average timings at MD step  272400. t/step: 1.21167e-01
 @simulation.run: Average timings at MD step  272500. t/step: 1.22750e-01
 @simulation.run: Average timings at MD step  272600. t/step: 1.23719e-01
 @simulation.run: Average timings at MD step  272700. t/step: 1.23747e-01
 @simulation.run: Average timings at MD step  272800. t/step: 1.27840e-01
 @simulation.run: Average timings at MD step  272900. t/step: 1.27872e-01
 @simulation.run: Average timings at MD step  273000. t/step: 1.26759e-01
 @simulation.run: Average timings at MD step  273100. t/step: 1.26377e-01
 @simulation.run: Average timings at MD step  273200. t/step: 1.33244e-01
 @simulation.run: Average timings at MD step  273300. t/step: 1.26961e-01
 @simulation.run: Average timings at MD step  273400. t/step: 1.32507e-01
 @simulation.run: Average timings at MD step  273500. t/step: 1.31373e-01
 @simulation.run: Average timings at MD step  273600. t/step: 1.25126e-01
 @simulation.run: Average timings at MD step  273700. t/step: 1.31891e-01
 @simulation.run: Average timings at MD step  273800. t/step: 1.27019e-01
 @simulation.run: Average timings at MD step  273900. t/step: 1.31760e-01
 @simulation.run: Average timings at MD step  274000. t/step: 1.24589e-01
 @simulation.run: Average timings at MD step  274100. t/step: 1.25745e-01
 @simulation.run: Average timings at MD step  274200. t/step: 1.25071e-01
 @simulation.run: Average timings at MD step  274300. t/step: 1.24395e-01
 @simulation.run: Average timings at MD step  274400. t/step: 1.22952e-01
 @simulation.run: Average timings at MD step  274500. t/step: 1.20654e-01
 @simulation.run: Average timings at MD step  274600. t/step: 1.28541e-01
 @simulation.run: Average timings at MD step  274700. t/step: 1.26851e-01
 @simulation.run: Average timings at MD step  274800. t/step: 1.25385e-01
 @simulation.run: Average timings at MD step  274900. t/step: 1.23488e-01
 @simulation.run: Average timings at MD step  275000. t/step: 1.23214e-01
 @simulation.run: Average timings at MD step  275100. t/step: 1.22346e-01
 @simulation.run: Average timings at MD step  275200. t/step: 1.21785e-01
 @simulation.run: Average timings at MD step  275300. t/step: 1.21715e-01
 @simulation.run: Average timings at MD step  275400. t/step: 1.21647e-01
 @simulation.run: Average timings at MD step  275500. t/step: 1.28579e-01
 @simulation.run: Average timings at MD step  275600. t/step: 1.31866e-01
 @simulation.run: Average timings at MD step  275700. t/step: 1.30172e-01
 @simulation.run: Average timings at MD step  275800. t/step: 1.28677e-01
 @simulation.run: Average timings at MD step  275900. t/step: 1.25533e-01
 @simulation.run: Average timings at MD step  276000. t/step: 1.26825e-01
 @simulation.run: Average timings at MD step  276100. t/step: 1.27804e-01
 @simulation.run: Average timings at MD step  276200. t/step: 1.26193e-01
 @simulation.run: Average timings at MD step  276300. t/step: 1.27677e-01
 @simulation.run: Average timings at MD step  276400. t/step: 1.24748e-01
 @simulation.run: Average timings at MD step  276500. t/step: 1.24924e-01
 @simulation.run: Average timings at MD step  276600. t/step: 1.26966e-01
 @simulation.run: Average timings at MD step  276700. t/step: 1.25519e-01
 @simulation.run: Average timings at MD step  276800. t/step: 1.30211e-01
 @simulation.run: Average timings at MD step  276900. t/step: 1.22380e-01
 @simulation.run: Average timings at MD step  277000. t/step: 1.21861e-01
 @simulation.run: Average timings at MD step  277100. t/step: 1.29896e-01
 @simulation.run: Average timings at MD step  277200. t/step: 1.23767e-01
 @simulation.run: Average timings at MD step  277300. t/step: 1.21681e-01
 @simulation.run: Average timings at MD step  277400. t/step: 1.26245e-01
 @simulation.run: Average timings at MD step  277500. t/step: 1.23641e-01
 @simulation.run: Average timings at MD step  277600. t/step: 1.21991e-01
 @simulation.run: Average timings at MD step  277700. t/step: 1.26895e-01
 @simulation.run: Average timings at MD step  277800. t/step: 1.31703e-01
 @simulation.run: Average timings at MD step  277900. t/step: 1.28403e-01
 @simulation.run: Average timings at MD step  278000. t/step: 1.21787e-01
 @simulation.run: Average timings at MD step  278100. t/step: 1.21860e-01
 @simulation.run: Average timings at MD step  278200. t/step: 1.23324e-01
 @simulation.run: Average timings at MD step  278300. t/step: 1.21636e-01
 @simulation.run: Average timings at MD step  278400. t/step: 1.21530e-01
 @simulation.run: Average timings at MD step  278500. t/step: 1.27213e-01
 @simulation.run: Average timings at MD step  278600. t/step: 1.27727e-01
 @simulation.run: Average timings at MD step  278700. t/step: 1.29047e-01
 @simulation.run: Average timings at MD step  278800. t/step: 1.26361e-01
 @simulation.run: Average timings at MD step  278900. t/step: 1.26606e-01
 @simulation.run: Average timings at MD step  279000. t/step: 1.34614e-01
 @simulation.run: Average timings at MD step  279100. t/step: 1.25604e-01
 @simulation.run: Average timings at MD step  279200. t/step: 1.30486e-01
 @simulation.run: Average timings at MD step  279300. t/step: 1.25448e-01
 @simulation.run: Average timings at MD step  279400. t/step: 1.24779e-01
 @simulation.run: Average timings at MD step  279500. t/step: 1.24064e-01
 @simulation.run: Average timings at MD step  279600. t/step: 1.38228e-01
 @simulation.run: Average timings at MD step  279700. t/step: 1.24199e-01
 @simulation.run: Average timings at MD step  279800. t/step: 1.23909e-01
 @simulation.run: Average timings at MD step  279900. t/step: 1.23517e-01
 @simulation.run: Average timings at MD step  280000. t/step: 1.24051e-01
 @simulation.run: Average timings at MD step  280100. t/step: 1.24587e-01
 @simulation.run: Average timings at MD step  280200. t/step: 1.21199e-01
 @simulation.run: Average timings at MD step  280300. t/step: 1.21785e-01
 @simulation.run: Average timings at MD step  280400. t/step: 1.21048e-01
 @simulation.run: Average timings at MD step  280500. t/step: 1.29424e-01
 @simulation.run: Average timings at MD step  280600. t/step: 1.21481e-01
 @simulation.run: Average timings at MD step  280700. t/step: 1.28732e-01
 @simulation.run: Average timings at MD step  280800. t/step: 1.21998e-01
 @simulation.run: Average timings at MD step  280900. t/step: 1.21370e-01
 @simulation.run: Average timings at MD step  281000. t/step: 1.21105e-01
 @simulation.run: Average timings at MD step  281100. t/step: 1.21248e-01
 @simulation.run: Average timings at MD step  281200. t/step: 1.22079e-01
 @simulation.run: Average timings at MD step  281300. t/step: 1.24137e-01
 @simulation.run: Average timings at MD step  281400. t/step: 1.26615e-01
 @simulation.run: Average timings at MD step  281500. t/step: 1.29404e-01
 @simulation.run: Average timings at MD step  281600. t/step: 1.40117e-01
 @simulation.run: Average timings at MD step  281700. t/step: 1.27125e-01
 @simulation.run: Average timings at MD step  281800. t/step: 1.27864e-01
 @simulation.run: Average timings at MD step  281900. t/step: 1.26841e-01
 @simulation.run: Average timings at MD step  282000. t/step: 1.25624e-01
 @simulation.run: Average timings at MD step  282100. t/step: 1.23709e-01
 @simulation.run: Average timings at MD step  282200. t/step: 1.25968e-01
 @simulation.run: Average timings at MD step  282300. t/step: 1.24360e-01
 @simulation.run: Average timings at MD step  282400. t/step: 1.26212e-01
 @simulation.run: Average timings at MD step  282500. t/step: 1.24308e-01
 @simulation.run: Average timings at MD step  282600. t/step: 1.23467e-01
 @simulation.run: Average timings at MD step  282700. t/step: 1.24866e-01
 @simulation.run: Average timings at MD step  282800. t/step: 1.30972e-01
 @simulation.run: Average timings at MD step  282900. t/step: 1.36467e-01
 @simulation.run: Average timings at MD step  283000. t/step: 1.22156e-01
 @simulation.run: Average timings at MD step  283100. t/step: 1.22045e-01
 @simulation.run: Average timings at MD step  283200. t/step: 1.20926e-01
 @simulation.run: Average timings at MD step  283300. t/step: 1.23289e-01
 @simulation.run: Average timings at MD step  283400. t/step: 1.29100e-01
 @simulation.run: Average timings at MD step  283500. t/step: 1.21101e-01
 @simulation.run: Average timings at MD step  283600. t/step: 1.28608e-01
 @simulation.run: Average timings at MD step  283700. t/step: 1.20647e-01
 @simulation.run: Average timings at MD step  283800. t/step: 1.24307e-01
 @simulation.run: Average timings at MD step  283900. t/step: 1.24271e-01
 @simulation.run: Average timings at MD step  284000. t/step: 1.23973e-01
 @simulation.run: Average timings at MD step  284100. t/step: 1.23316e-01
 @simulation.run: Average timings at MD step  284200. t/step: 1.26926e-01
 @simulation.run: Average timings at MD step  284300. t/step: 1.29090e-01
 @simulation.run: Average timings at MD step  284400. t/step: 1.33078e-01
 @simulation.run: Average timings at MD step  284500. t/step: 1.27247e-01
 @simulation.run: Average timings at MD step  284600. t/step: 1.27403e-01
 @simulation.run: Average timings at MD step  284700. t/step: 1.26280e-01
 @simulation.run: Average timings at MD step  284800. t/step: 1.34063e-01
 @simulation.run: Average timings at MD step  284900. t/step: 1.24932e-01
 @simulation.run: Average timings at MD step  285000. t/step: 1.26727e-01
 @simulation.run: Average timings at MD step  285100. t/step: 1.24220e-01
 @simulation.run: Average timings at MD step  285200. t/step: 1.26838e-01
 @simulation.run: Average timings at MD step  285300. t/step: 1.27711e-01
 @simulation.run: Average timings at MD step  285400. t/step: 1.21558e-01
 @simulation.run: Average timings at MD step  285500. t/step: 1.23278e-01
 @simulation.run: Average timings at MD step  285600. t/step: 1.29287e-01
 @simulation.run: Average timings at MD step  285700. t/step: 1.21343e-01
 @simulation.run: Average timings at MD step  285800. t/step: 1.24408e-01
 @simulation.run: Average timings at MD step  285900. t/step: 1.23231e-01
 @simulation.run: Average timings at MD step  286000. t/step: 1.23588e-01
 @simulation.run: Average timings at MD step  286100. t/step: 1.22534e-01
 @simulation.run: Average timings at MD step  286200. t/step: 1.20196e-01
 @simulation.run: Average timings at MD step  286300. t/step: 1.22864e-01
 @simulation.run: Average timings at MD step  286400. t/step: 1.22697e-01
 @simulation.run: Average timings at MD step  286500. t/step: 1.20341e-01
 @simulation.run: Average timings at MD step  286600. t/step: 1.23806e-01
 @simulation.run: Average timings at MD step  286700. t/step: 1.22396e-01
 @simulation.run: Average timings at MD step  286800. t/step: 1.23979e-01
 @simulation.run: Average timings at MD step  286900. t/step: 1.29343e-01
 @simulation.run: Average timings at MD step  287000. t/step: 1.23198e-01
 @simulation.run: Average timings at MD step  287100. t/step: 1.27354e-01
 @simulation.run: Average timings at MD step  287200. t/step: 1.25280e-01
 @simulation.run: Average timings at MD step  287300. t/step: 1.27386e-01
 @simulation.run: Average timings at MD step  287400. t/step: 1.27023e-01
 @simulation.run: Average timings at MD step  287500. t/step: 1.32686e-01
 @simulation.run: Average timings at MD step  287600. t/step: 1.26808e-01
 @simulation.run: Average timings at MD step  287700. t/step: 1.26946e-01
 @simulation.run: Average timings at MD step  287800. t/step: 1.25125e-01
 @simulation.run: Average timings at MD step  287900. t/step: 1.25381e-01
 @simulation.run: Average timings at MD step  288000. t/step: 1.31983e-01
 @simulation.run: Average timings at MD step  288100. t/step: 1.31136e-01
 @simulation.run: Average timings at MD step  288200. t/step: 1.21394e-01
 @simulation.run: Average timings at MD step  288300. t/step: 1.29045e-01
 @simulation.run: Average timings at MD step  288400. t/step: 1.24807e-01
 @simulation.run: Average timings at MD step  288500. t/step: 1.23285e-01
 @simulation.run: Average timings at MD step  288600. t/step: 1.22876e-01
 @simulation.run: Average timings at MD step  288700. t/step: 1.22775e-01
 @simulation.run: Average timings at MD step  288800. t/step: 1.27566e-01
 @simulation.run: Average timings at MD step  288900. t/step: 1.25140e-01
 @simulation.run: Average timings at MD step  289000. t/step: 1.22535e-01
 @simulation.run: Average timings at MD step  289100. t/step: 1.22854e-01
 @simulation.run: Average timings at MD step  289200. t/step: 1.22821e-01
 @simulation.run: Average timings at MD step  289300. t/step: 1.22756e-01
 @simulation.run: Average timings at MD step  289400. t/step: 1.21683e-01
 @simulation.run: Average timings at MD step  289500. t/step: 1.23818e-01
 @simulation.run: Average timings at MD step  289600. t/step: 1.21383e-01
 @simulation.run: Average timings at MD step  289700. t/step: 1.22485e-01
 @simulation.run: Average timings at MD step  289800. t/step: 1.23092e-01
 @simulation.run: Average timings at MD step  289900. t/step: 1.28009e-01
 @simulation.run: Average timings at MD step  290000. t/step: 1.26303e-01
 @simulation.run: Average timings at MD step  290100. t/step: 1.28270e-01
 @simulation.run: Average timings at MD step  290200. t/step: 1.25373e-01
 @simulation.run: Average timings at MD step  290300. t/step: 1.33691e-01
 @simulation.run: Average timings at MD step  290400. t/step: 1.26598e-01
 @simulation.run: Average timings at MD step  290500. t/step: 1.26712e-01
 @simulation.run: Average timings at MD step  290600. t/step: 1.32962e-01
 @simulation.run: Average timings at MD step  290700. t/step: 1.24138e-01
 @simulation.run: Average timings at MD step  290800. t/step: 1.26096e-01
 @simulation.run: Average timings at MD step  290900. t/step: 1.25516e-01
 @simulation.run: Average timings at MD step  291000. t/step: 1.26502e-01
 @simulation.run: Average timings at MD step  291100. t/step: 1.29399e-01
 @simulation.run: Average timings at MD step  291200. t/step: 1.29170e-01
 @simulation.run: Average timings at MD step  291300. t/step: 1.22848e-01
 @simulation.run: Average timings at MD step  291400. t/step: 1.22605e-01
 @simulation.run: Average timings at MD step  291500. t/step: 1.29243e-01
 @simulation.run: Average timings at MD step  291600. t/step: 1.21984e-01
 @simulation.run: Average timings at MD step  291700. t/step: 1.23096e-01
 @simulation.run: Average timings at MD step  291800. t/step: 1.22453e-01
 @simulation.run: Average timings at MD step  291900. t/step: 1.23140e-01
 @simulation.run: Average timings at MD step  292000. t/step: 1.24068e-01
 @simulation.run: Average timings at MD step  292100. t/step: 1.28844e-01
 @simulation.run: Average timings at MD step  292200. t/step: 1.21958e-01
 @simulation.run: Average timings at MD step  292300. t/step: 1.21804e-01
 @simulation.run: Average timings at MD step  292400. t/step: 1.21801e-01
 @simulation.run: Average timings at MD step  292500. t/step: 1.20806e-01
 @simulation.run: Average timings at MD step  292600. t/step: 1.27048e-01
 @simulation.run: Average timings at MD step  292700. t/step: 1.22303e-01
 @simulation.run: Average timings at MD step  292800. t/step: 1.28017e-01
 @simulation.run: Average timings at MD step  292900. t/step: 1.29944e-01
 @simulation.run: Average timings at MD step  293000. t/step: 1.27936e-01
 @simulation.run: Average timings at MD step  293100. t/step: 1.27565e-01
 @simulation.run: Average timings at MD step  293200. t/step: 1.27073e-01
 @simulation.run: Average timings at MD step  293300. t/step: 1.26591e-01
 @simulation.run: Average timings at MD step  293400. t/step: 1.26137e-01
 @simulation.run: Average timings at MD step  293500. t/step: 1.25605e-01
 @simulation.run: Average timings at MD step  293600. t/step: 1.25191e-01
 @simulation.run: Average timings at MD step  293700. t/step: 1.33883e-01
 @simulation.run: Average timings at MD step  293800. t/step: 1.26507e-01
 @simulation.run: Average timings at MD step  293900. t/step: 1.24930e-01
 @simulation.run: Average timings at MD step  294000. t/step: 1.22243e-01
 @simulation.run: Average timings at MD step  294100. t/step: 1.30072e-01
 @simulation.run: Average timings at MD step  294200. t/step: 1.23578e-01
 @simulation.run: Average timings at MD step  294300. t/step: 1.22732e-01
 @simulation.run: Average timings at MD step  294400. t/step: 1.24500e-01
 @simulation.run: Average timings at MD step  294500. t/step: 1.29334e-01
 @simulation.run: Average timings at MD step  294600. t/step: 1.22899e-01
 @simulation.run: Average timings at MD step  294700. t/step: 1.22369e-01
 @simulation.run: Average timings at MD step  294800. t/step: 1.24867e-01
 @simulation.run: Average timings at MD step  294900. t/step: 1.21701e-01
 @simulation.run: Average timings at MD step  295000. t/step: 1.23236e-01
 @simulation.run: Average timings at MD step  295100. t/step: 1.20523e-01
 @simulation.run: Average timings at MD step  295200. t/step: 1.22395e-01
 @simulation.run: Average timings at MD step  295300. t/step: 1.21431e-01
 @simulation.run: Average timings at MD step  295400. t/step: 1.21675e-01
 @simulation.run: Average timings at MD step  295500. t/step: 1.21606e-01
 @simulation.run: Average timings at MD step  295600. t/step: 1.25044e-01
 @simulation.run: Average timings at MD step  295700. t/step: 1.33701e-01
 @simulation.run: Average timings at MD step  295800. t/step: 1.28646e-01
 @simulation.run: Average timings at MD step  295900. t/step: 1.27670e-01
 @simulation.run: Average timings at MD step  296000. t/step: 1.26487e-01
 @simulation.run: Average timings at MD step  296100. t/step: 1.27551e-01
 @simulation.run: Average timings at MD step  296200. t/step: 1.27549e-01
 @simulation.run: Average timings at MD step  296300. t/step: 1.33664e-01
 @simulation.run: Average timings at MD step  296400. t/step: 1.32281e-01
 @simulation.run: Average timings at MD step  296500. t/step: 1.25435e-01
 @simulation.run: Average timings at MD step  296600. t/step: 1.24875e-01
 @simulation.run: Average timings at MD step  296700. t/step: 1.31987e-01
 @simulation.run: Average timings at MD step  296800. t/step: 1.21947e-01
 @simulation.run: Average timings at MD step  296900. t/step: 1.23059e-01
 @simulation.run: Average timings at MD step  297000. t/step: 1.24534e-01
 @simulation.run: Average timings at MD step  297100. t/step: 1.20983e-01
 @simulation.run: Average timings at MD step  297200. t/step: 1.24113e-01
 @simulation.run: Average timings at MD step  297300. t/step: 1.23120e-01
 @simulation.run: Average timings at MD step  297400. t/step: 1.22935e-01
 @simulation.run: Average timings at MD step  297500. t/step: 1.23770e-01
 @simulation.run: Average timings at MD step  297600. t/step: 1.22452e-01
 @simulation.run: Average timings at MD step  297700. t/step: 1.23105e-01
 @simulation.run: Average timings at MD step  297800. t/step: 1.22103e-01
 @simulation.run: Average timings at MD step  297900. t/step: 1.24590e-01
 @simulation.run: Average timings at MD step  298000. t/step: 1.23865e-01
 @simulation.run: Average timings at MD step  298100. t/step: 1.22613e-01
 @simulation.run: Average timings at MD step  298200. t/step: 1.25995e-01
 @simulation.run: Average timings at MD step  298300. t/step: 1.21891e-01
 @simulation.run: Average timings at MD step  298400. t/step: 1.23996e-01
 @simulation.run: Average timings at MD step  298500. t/step: 1.27605e-01
 @simulation.run: Average timings at MD step  298600. t/step: 1.28534e-01
 @simulation.run: Average timings at MD step  298700. t/step: 1.26852e-01
 @simulation.run: Average timings at MD step  298800. t/step: 1.26464e-01
 @simulation.run: Average timings at MD step  298900. t/step: 1.27959e-01
 @simulation.run: Average timings at MD step  299000. t/step: 1.27154e-01
 @simulation.run: Average timings at MD step  299100. t/step: 1.26308e-01
 @simulation.run: Average timings at MD step  299200. t/step: 1.26843e-01
 @simulation.run: Average timings at MD step  299300. t/step: 1.31753e-01
 @simulation.run: Average timings at MD step  299400. t/step: 1.25061e-01
 @simulation.run: Average timings at MD step  299500. t/step: 1.26688e-01
 @simulation.run: Average timings at MD step  299600. t/step: 1.30361e-01
 @simulation.run: Average timings at MD step  299700. t/step: 1.22968e-01
 @simulation.run: Average timings at MD step  299800. t/step: 1.22812e-01
 @simulation.run: Average timings at MD step  299900. t/step: 1.22158e-01
 @simulation.run: Average timings at MD step  300000. t/step: 1.23736e-01
 @simulation.run: Average timings at MD step  300100. t/step: 1.25088e-01
 @simulation.run: Average timings at MD step  300200. t/step: 1.30184e-01
 @simulation.run: Average timings at MD step  300300. t/step: 1.23515e-01
 @simulation.run: Average timings at MD step  300400. t/step: 1.23392e-01
 @simulation.run: Average timings at MD step  300500. t/step: 1.24195e-01
 @simulation.run: Average timings at MD step  300600. t/step: 1.23773e-01
 @simulation.run: Average timings at MD step  300700. t/step: 1.30297e-01
 @simulation.run: Average timings at MD step  300800. t/step: 1.30657e-01
 @simulation.run: Average timings at MD step  300900. t/step: 1.25455e-01
 @simulation.run: Average timings at MD step  301000. t/step: 1.22323e-01
 @simulation.run: Average timings at MD step  301100. t/step: 1.24269e-01
 @simulation.run: Average timings at MD step  301200. t/step: 1.23614e-01
 @simulation.run: Average timings at MD step  301300. t/step: 1.24826e-01
 @simulation.run: Average timings at MD step  301400. t/step: 1.28164e-01
 @simulation.run: Average timings at MD step  301500. t/step: 1.28752e-01
 @simulation.run: Average timings at MD step  301600. t/step: 1.26639e-01
 @simulation.run: Average timings at MD step  301700. t/step: 1.26706e-01
 @simulation.run: Average timings at MD step  301800. t/step: 1.25939e-01
 @simulation.run: Average timings at MD step  301900. t/step: 1.28450e-01
 @simulation.run: Average timings at MD step  302000. t/step: 1.26816e-01
 @simulation.run: Average timings at MD step  302100. t/step: 1.25404e-01
 @simulation.run: Average timings at MD step  302200. t/step: 1.26556e-01
 @simulation.run: Average timings at MD step  302300. t/step: 1.26265e-01
 @simulation.run: Average timings at MD step  302400. t/step: 1.24005e-01
 @simulation.run: Average timings at MD step  302500. t/step: 1.24143e-01
 @simulation.run: Average timings at MD step  302600. t/step: 1.24919e-01
 @simulation.run: Average timings at MD step  302700. t/step: 1.23598e-01
 @simulation.run: Average timings at MD step  302800. t/step: 1.23171e-01
 @simulation.run: Average timings at MD step  302900. t/step: 1.23811e-01
 @simulation.run: Average timings at MD step  303000. t/step: 1.24396e-01
 @simulation.run: Average timings at MD step  303100. t/step: 1.24084e-01
 @simulation.run: Average timings at MD step  303200. t/step: 1.23071e-01
 @simulation.run: Average timings at MD step  303300. t/step: 1.22624e-01
 @simulation.run: Average timings at MD step  303400. t/step: 1.22695e-01
 @simulation.run: Average timings at MD step  303500. t/step: 1.22572e-01
 @simulation.run: Average timings at MD step  303600. t/step: 1.22231e-01
 @simulation.run: Average timings at MD step  303700. t/step: 1.22625e-01
 @simulation.run: Average timings at MD step  303800. t/step: 1.23951e-01
 @simulation.run: Average timings at MD step  303900. t/step: 1.22352e-01
 @simulation.run: Average timings at MD step  304000. t/step: 1.22983e-01
 @simulation.run: Average timings at MD step  304100. t/step: 1.23468e-01
 @simulation.run: Average timings at MD step  304200. t/step: 1.25640e-01
 @simulation.run: Average timings at MD step  304300. t/step: 1.28123e-01
 @simulation.run: Average timings at MD step  304400. t/step: 1.27888e-01
 @simulation.run: Average timings at MD step  304500. t/step: 1.26566e-01
 @simulation.run: Average timings at MD step  304600. t/step: 1.27292e-01
 @simulation.run: Average timings at MD step  304700. t/step: 1.26936e-01
 @simulation.run: Average timings at MD step  304800. t/step: 1.27676e-01
 @simulation.run: Average timings at MD step  304900. t/step: 1.25253e-01
 @simulation.run: Average timings at MD step  305000. t/step: 1.25708e-01
 @simulation.run: Average timings at MD step  305100. t/step: 1.25567e-01
 @simulation.run: Average timings at MD step  305200. t/step: 1.26927e-01
 @simulation.run: Average timings at MD step  305300. t/step: 1.27109e-01
 @simulation.run: Average timings at MD step  305400. t/step: 1.25176e-01
 @simulation.run: Average timings at MD step  305500. t/step: 1.23484e-01
 @simulation.run: Average timings at MD step  305600. t/step: 1.24057e-01
 @simulation.run: Average timings at MD step  305700. t/step: 1.23287e-01
 @simulation.run: Average timings at MD step  305800. t/step: 1.23476e-01
 @simulation.run: Average timings at MD step  305900. t/step: 1.22287e-01
 @simulation.run: Average timings at MD step  306000. t/step: 1.23660e-01
 @simulation.run: Average timings at MD step  306100. t/step: 1.21875e-01
 @simulation.run: Average timings at MD step  306200. t/step: 1.30742e-01
 @simulation.run: Average timings at MD step  306300. t/step: 1.24248e-01
 @simulation.run: Average timings at MD step  306400. t/step: 1.22841e-01
 @simulation.run: Average timings at MD step  306500. t/step: 1.22531e-01
 @simulation.run: Average timings at MD step  306600. t/step: 1.29556e-01
 @simulation.run: Average timings at MD step  306700. t/step: 1.23427e-01
 @simulation.run: Average timings at MD step  306800. t/step: 1.22987e-01
 @simulation.run: Average timings at MD step  306900. t/step: 1.22245e-01
 @simulation.run: Average timings at MD step  307000. t/step: 1.22231e-01
 @simulation.run: Average timings at MD step  307100. t/step: 1.41435e-01
 @simulation.run: Average timings at MD step  307200. t/step: 1.30560e-01
 @simulation.run: Average timings at MD step  307300. t/step: 1.27170e-01
 @simulation.run: Average timings at MD step  307400. t/step: 1.26865e-01
 @simulation.run: Average timings at MD step  307500. t/step: 1.34002e-01
 @simulation.run: Average timings at MD step  307600. t/step: 1.27355e-01
 @simulation.run: Average timings at MD step  307700. t/step: 1.28872e-01
 @simulation.run: Average timings at MD step  307800. t/step: 1.25942e-01
 @simulation.run: Average timings at MD step  307900. t/step: 1.24363e-01
 @simulation.run: Average timings at MD step  308000. t/step: 1.26625e-01
 @simulation.run: Average timings at MD step  308100. t/step: 1.24537e-01
 @simulation.run: Average timings at MD step  308200. t/step: 1.25707e-01
 @simulation.run: Average timings at MD step  308300. t/step: 1.23340e-01
 @simulation.run: Average timings at MD step  308400. t/step: 1.23770e-01
 @simulation.run: Average timings at MD step  308500. t/step: 1.22249e-01
 @simulation.run: Average timings at MD step  308600. t/step: 1.21679e-01
 @simulation.run: Average timings at MD step  308700. t/step: 1.24092e-01
 @simulation.run: Average timings at MD step  308800. t/step: 1.29887e-01
 @simulation.run: Average timings at MD step  308900. t/step: 1.30527e-01
 @simulation.run: Average timings at MD step  309000. t/step: 1.28845e-01
 @simulation.run: Average timings at MD step  309100. t/step: 1.22948e-01
 @simulation.run: Average timings at MD step  309200. t/step: 1.24477e-01
 @simulation.run: Average timings at MD step  309300. t/step: 1.24023e-01
 @simulation.run: Average timings at MD step  309400. t/step: 1.22493e-01
 @simulation.run: Average timings at MD step  309500. t/step: 1.22843e-01
 @simulation.run: Average timings at MD step  309600. t/step: 1.23004e-01
 @simulation.run: Average timings at MD step  309700. t/step: 1.22947e-01
 @simulation.run: Average timings at MD step  309800. t/step: 1.23761e-01
 @simulation.run: Average timings at MD step  309900. t/step: 1.24688e-01
 @simulation.run: Average timings at MD step  310000. t/step: 1.27450e-01
 @simulation.run: Average timings at MD step  310100. t/step: 1.27712e-01
 @simulation.run: Average timings at MD step  310200. t/step: 1.34206e-01
 @simulation.run: Average timings at MD step  310300. t/step: 1.27004e-01
 @simulation.run: Average timings at MD step  310400. t/step: 1.26479e-01
 @simulation.run: Average timings at MD step  310500. t/step: 1.34788e-01
 @simulation.run: Average timings at MD step  310600. t/step: 1.25688e-01
 @simulation.run: Average timings at MD step  310700. t/step: 1.33423e-01
 @simulation.run: Average timings at MD step  310800. t/step: 1.25073e-01
 @simulation.run: Average timings at MD step  310900. t/step: 1.25744e-01
 @simulation.run: Average timings at MD step  311000. t/step: 1.25041e-01
 @simulation.run: Average timings at MD step  311100. t/step: 1.22090e-01
 @simulation.run: Average timings at MD step  311200. t/step: 1.25557e-01
 @simulation.run: Average timings at MD step  311300. t/step: 1.30587e-01
 @simulation.run: Average timings at MD step  311400. t/step: 1.23008e-01
 @simulation.run: Average timings at MD step  311500. t/step: 1.25357e-01
 @simulation.run: Average timings at MD step  311600. t/step: 1.19630e-01
 @simulation.run: Average timings at MD step  311700. t/step: 1.29144e-01
 @simulation.run: Average timings at MD step  311800. t/step: 1.25036e-01
 @simulation.run: Average timings at MD step  311900. t/step: 1.23511e-01
 @simulation.run: Average timings at MD step  312000. t/step: 1.23109e-01
 @simulation.run: Average timings at MD step  312100. t/step: 1.23410e-01
 @simulation.run: Average timings at MD step  312200. t/step: 1.22855e-01
 @simulation.run: Average timings at MD step  312300. t/step: 1.21743e-01
 @simulation.run: Average timings at MD step  312400. t/step: 1.22952e-01
 @simulation.run: Average timings at MD step  312500. t/step: 1.21579e-01
 @simulation.run: Average timings at MD step  312600. t/step: 1.22941e-01
 @simulation.run: Average timings at MD step  312700. t/step: 1.22593e-01
 @simulation.run: Average timings at MD step  312800. t/step: 1.28529e-01
 @simulation.run: Average timings at MD step  312900. t/step: 1.27823e-01
 @simulation.run: Average timings at MD step  313000. t/step: 1.26169e-01
 @simulation.run: Average timings at MD step  313100. t/step: 1.27505e-01
 @simulation.run: Average timings at MD step  313200. t/step: 1.26923e-01
 @simulation.run: Average timings at MD step  313300. t/step: 1.25842e-01
 @simulation.run: Average timings at MD step  313400. t/step: 1.27796e-01
 @simulation.run: Average timings at MD step  313500. t/step: 1.23940e-01
 @simulation.run: Average timings at MD step  313600. t/step: 1.24363e-01
 @simulation.run: Average timings at MD step  313700. t/step: 1.24656e-01
 @simulation.run: Average timings at MD step  313800. t/step: 1.25995e-01
 @simulation.run: Average timings at MD step  313900. t/step: 1.26568e-01
 @simulation.run: Average timings at MD step  314000. t/step: 1.23498e-01
 @simulation.run: Average timings at MD step  314100. t/step: 1.21921e-01
 @simulation.run: Average timings at MD step  314200. t/step: 1.22023e-01
 @simulation.run: Average timings at MD step  314300. t/step: 1.24001e-01
 @simulation.run: Average timings at MD step  314400. t/step: 1.23391e-01
 @simulation.run: Average timings at MD step  314500. t/step: 1.21881e-01
 @simulation.run: Average timings at MD step  314600. t/step: 1.30677e-01
 @simulation.run: Average timings at MD step  314700. t/step: 1.29645e-01
 @simulation.run: Average timings at MD step  314800. t/step: 1.31691e-01
 @simulation.run: Average timings at MD step  314900. t/step: 1.25129e-01
 @simulation.run: Average timings at MD step  315000. t/step: 1.21890e-01
 @simulation.run: Average timings at MD step  315100. t/step: 1.24443e-01
 @simulation.run: Average timings at MD step  315200. t/step: 1.24551e-01
 @simulation.run: Average timings at MD step  315300. t/step: 1.24819e-01
 @simulation.run: Average timings at MD step  315400. t/step: 1.22552e-01
 @simulation.run: Average timings at MD step  315500. t/step: 1.29109e-01
 @simulation.run: Average timings at MD step  315600. t/step: 1.38275e-01
 @simulation.run: Average timings at MD step  315700. t/step: 1.27623e-01
 @simulation.run: Average timings at MD step  315800. t/step: 1.29258e-01
 @simulation.run: Average timings at MD step  315900. t/step: 1.27840e-01
 @simulation.run: Average timings at MD step  316000. t/step: 1.34666e-01
 @simulation.run: Average timings at MD step  316100. t/step: 1.27505e-01
 @simulation.run: Average timings at MD step  316200. t/step: 1.26773e-01
 @simulation.run: Average timings at MD step  316300. t/step: 1.26120e-01
 @simulation.run: Average timings at MD step  316400. t/step: 1.22812e-01
 @simulation.run: Average timings at MD step  316500. t/step: 1.24770e-01
 @simulation.run: Average timings at MD step  316600. t/step: 1.27162e-01
 @simulation.run: Average timings at MD step  316700. t/step: 1.25206e-01
 @simulation.run: Average timings at MD step  316800. t/step: 1.24877e-01
 @simulation.run: Average timings at MD step  316900. t/step: 1.29686e-01
 @simulation.run: Average timings at MD step  317000. t/step: 1.23736e-01
 @simulation.run: Average timings at MD step  317100. t/step: 1.23779e-01
 @simulation.run: Average timings at MD step  317200. t/step: 1.25234e-01
 @simulation.run: Average timings at MD step  317300. t/step: 1.29149e-01
 @simulation.run: Average timings at MD step  317400. t/step: 1.22600e-01
 @simulation.run: Average timings at MD step  317500. t/step: 1.21571e-01
 @simulation.run: Average timings at MD step  317600. t/step: 1.22291e-01
 @simulation.run: Average timings at MD step  317700. t/step: 1.22329e-01
 @simulation.run: Average timings at MD step  317800. t/step: 1.24616e-01
 @simulation.run: Average timings at MD step  317900. t/step: 1.21968e-01
 @simulation.run: Average timings at MD step  318000. t/step: 1.22086e-01
 @simulation.run: Average timings at MD step  318100. t/step: 1.20709e-01
 @simulation.run: Average timings at MD step  318200. t/step: 1.20225e-01
 @simulation.run: Average timings at MD step  318300. t/step: 1.24018e-01
 @simulation.run: Average timings at MD step  318400. t/step: 1.30942e-01
 @simulation.run: Average timings at MD step  318500. t/step: 1.28290e-01
 @simulation.run: Average timings at MD step  318600. t/step: 1.27704e-01
 @simulation.run: Average timings at MD step  318700. t/step: 1.32710e-01
 @simulation.run: Average timings at MD step  318800. t/step: 1.25538e-01
 @simulation.run: Average timings at MD step  318900. t/step: 1.26658e-01
 @simulation.run: Average timings at MD step  319000. t/step: 1.27940e-01
 @simulation.run: Average timings at MD step  319100. t/step: 1.28274e-01
 @simulation.run: Average timings at MD step  319200. t/step: 1.26256e-01
 @simulation.run: Average timings at MD step  319300. t/step: 1.24166e-01
 @simulation.run: Average timings at MD step  319400. t/step: 1.25293e-01
 @simulation.run: Average timings at MD step  319500. t/step: 1.38414e-01
 @simulation.run: Average timings at MD step  319600. t/step: 1.26419e-01
 @simulation.run: Average timings at MD step  319700. t/step: 1.22074e-01
 @simulation.run: Average timings at MD step  319800. t/step: 1.29952e-01
 @simulation.run: Average timings at MD step  319900. t/step: 1.26268e-01
 @simulation.run: Average timings at MD step  320000. t/step: 1.23023e-01
 @simulation.run: Average timings at MD step  320100. t/step: 1.23613e-01
 @simulation.run: Average timings at MD step  320200. t/step: 1.24584e-01
 @simulation.run: Average timings at MD step  320300. t/step: 1.30039e-01
 @simulation.run: Average timings at MD step  320400. t/step: 1.22587e-01
 @simulation.run: Average timings at MD step  320500. t/step: 1.22261e-01
 @simulation.run: Average timings at MD step  320600. t/step: 1.30199e-01
 @simulation.run: Average timings at MD step  320700. t/step: 1.22766e-01
 @simulation.run: Average timings at MD step  320800. t/step: 1.21136e-01
 @simulation.run: Average timings at MD step  320900. t/step: 1.24715e-01
 @simulation.run: Average timings at MD step  321000. t/step: 1.23402e-01
 @simulation.run: Average timings at MD step  321100. t/step: 1.29422e-01
 @simulation.run: Average timings at MD step  321200. t/step: 1.21792e-01
 @simulation.run: Average timings at MD step  321300. t/step: 1.33487e-01
 @simulation.run: Average timings at MD step  321400. t/step: 1.29759e-01
 @simulation.run: Average timings at MD step  321500. t/step: 1.27389e-01
 @simulation.run: Average timings at MD step  321600. t/step: 1.26394e-01
 @simulation.run: Average timings at MD step  321700. t/step: 1.26652e-01
 @simulation.run: Average timings at MD step  321800. t/step: 1.27674e-01
 @simulation.run: Average timings at MD step  321900. t/step: 1.26982e-01
 @simulation.run: Average timings at MD step  322000. t/step: 1.25712e-01
 @simulation.run: Average timings at MD step  322100. t/step: 1.24626e-01
 @simulation.run: Average timings at MD step  322200. t/step: 1.24765e-01
 @simulation.run: Average timings at MD step  322300. t/step: 1.26540e-01
 @simulation.run: Average timings at MD step  322400. t/step: 1.27498e-01
 @simulation.run: Average timings at MD step  322500. t/step: 1.22817e-01
 @simulation.run: Average timings at MD step  322600. t/step: 1.23865e-01
 @simulation.run: Average timings at MD step  322700. t/step: 1.22459e-01
 @simulation.run: Average timings at MD step  322800. t/step: 1.23425e-01
 @simulation.run: Average timings at MD step  322900. t/step: 1.32344e-01
 @simulation.run: Average timings at MD step  323000. t/step: 1.24393e-01
 @simulation.run: Average timings at MD step  323100. t/step: 1.22350e-01
 @simulation.run: Average timings at MD step  323200. t/step: 1.22435e-01
 @simulation.run: Average timings at MD step  323300. t/step: 1.25285e-01
 @simulation.run: Average timings at MD step  323400. t/step: 1.23381e-01
 @simulation.run: Average timings at MD step  323500. t/step: 1.22564e-01
 @simulation.run: Average timings at MD step  323600. t/step: 1.30639e-01
 @simulation.run: Average timings at MD step  323700. t/step: 1.25024e-01
 @simulation.run: Average timings at MD step  323800. t/step: 1.28725e-01
 @simulation.run: Average timings at MD step  323900. t/step: 1.22846e-01
 @simulation.run: Average timings at MD step  324000. t/step: 1.22175e-01
 @simulation.run: Average timings at MD step  324100. t/step: 1.21898e-01
 @simulation.run: Average timings at MD step  324200. t/step: 1.29429e-01
 @simulation.run: Average timings at MD step  324300. t/step: 1.35965e-01
 @simulation.run: Average timings at MD step  324400. t/step: 1.35232e-01
 @simulation.run: Average timings at MD step  324500. t/step: 1.27519e-01
 @simulation.run: Average timings at MD step  324600. t/step: 1.33316e-01
 @simulation.run: Average timings at MD step  324700. t/step: 1.34686e-01
 @simulation.run: Average timings at MD step  324800. t/step: 1.27269e-01
 @simulation.run: Average timings at MD step  324900. t/step: 1.26877e-01
 @simulation.run: Average timings at MD step  325000. t/step: 1.23599e-01
 @simulation.run: Average timings at MD step  325100. t/step: 1.25704e-01
 @simulation.run: Average timings at MD step  325200. t/step: 1.24887e-01
 @simulation.run: Average timings at MD step  325300. t/step: 1.26551e-01
 @simulation.run: Average timings at MD step  325400. t/step: 1.23560e-01
 @simulation.run: Average timings at MD step  325500. t/step: 1.22383e-01
 @simulation.run: Average timings at MD step  325600. t/step: 1.30908e-01
 @simulation.run: Average timings at MD step  325700. t/step: 1.23556e-01
 @simulation.run: Average timings at MD step  325800. t/step: 1.22879e-01
 @simulation.run: Average timings at MD step  325900. t/step: 1.22656e-01
 @simulation.run: Average timings at MD step  326000. t/step: 1.31858e-01
 @simulation.run: Average timings at MD step  326100. t/step: 1.22761e-01
 @simulation.run: Average timings at MD step  326200. t/step: 1.29832e-01
 @simulation.run: Average timings at MD step  326300. t/step: 1.23504e-01
 @simulation.run: Average timings at MD step  326400. t/step: 1.24384e-01
 @simulation.run: Average timings at MD step  326500. t/step: 1.24579e-01
 @simulation.run: Average timings at MD step  326600. t/step: 1.22202e-01
 @simulation.run: Average timings at MD step  326700. t/step: 1.26171e-01
 @simulation.run: Average timings at MD step  326800. t/step: 1.25807e-01
 @simulation.run: Average timings at MD step  326900. t/step: 1.23119e-01
 @simulation.run: Average timings at MD step  327000. t/step: 1.27551e-01
 @simulation.run: Average timings at MD step  327100. t/step: 1.28021e-01
 @simulation.run: Average timings at MD step  327200. t/step: 1.29070e-01
 @simulation.run: Average timings at MD step  327300. t/step: 1.26395e-01
 @simulation.run: Average timings at MD step  327400. t/step: 1.26745e-01
 @simulation.run: Average timings at MD step  327500. t/step: 1.33343e-01
 @simulation.run: Average timings at MD step  327600. t/step: 1.27663e-01
 @simulation.run: Average timings at MD step  327700. t/step: 1.26559e-01
 @simulation.run: Average timings at MD step  327800. t/step: 1.31077e-01
 @simulation.run: Average timings at MD step  327900. t/step: 1.25453e-01
 @simulation.run: Average timings at MD step  328000. t/step: 1.40260e-01
 @simulation.run: Average timings at MD step  328100. t/step: 1.27396e-01
 @simulation.run: Average timings at MD step  328200. t/step: 1.22300e-01
 @simulation.run: Average timings at MD step  328300. t/step: 1.22925e-01
 @simulation.run: Average timings at MD step  328400. t/step: 1.22552e-01
 @simulation.run: Average timings at MD step  328500. t/step: 1.30982e-01
 @simulation.run: Average timings at MD step  328600. t/step: 1.22901e-01
 @simulation.run: Average timings at MD step  328700. t/step: 1.24613e-01
 @simulation.run: Average timings at MD step  328800. t/step: 1.29590e-01
 @simulation.run: Average timings at MD step  328900. t/step: 1.23633e-01
 @simulation.run: Average timings at MD step  329000. t/step: 1.26165e-01
 @simulation.run: Average timings at MD step  329100. t/step: 1.24405e-01
 @simulation.run: Average timings at MD step  329200. t/step: 1.23167e-01
 @simulation.run: Average timings at MD step  329300. t/step: 1.22480e-01
 @simulation.run: Average timings at MD step  329400. t/step: 1.30609e-01
 @simulation.run: Average timings at MD step  329500. t/step: 1.24976e-01
 @simulation.run: Average timings at MD step  329600. t/step: 1.23714e-01
 @simulation.run: Average timings at MD step  329700. t/step: 1.23018e-01
 @simulation.run: Average timings at MD step  329800. t/step: 1.25925e-01
 @simulation.run: Average timings at MD step  329900. t/step: 1.29398e-01
 @simulation.run: Average timings at MD step  330000. t/step: 1.29945e-01
 @simulation.run: Average timings at MD step  330100. t/step: 1.25921e-01
 @simulation.run: Average timings at MD step  330200. t/step: 1.27863e-01
 @simulation.run: Average timings at MD step  330300. t/step: 1.28949e-01
 @simulation.run: Average timings at MD step  330400. t/step: 1.28740e-01
 @simulation.run: Average timings at MD step  330500. t/step: 1.27409e-01
 @simulation.run: Average timings at MD step  330600. t/step: 1.26593e-01
 @simulation.run: Average timings at MD step  330700. t/step: 1.30546e-01
 @simulation.run: Average timings at MD step  330800. t/step: 1.25090e-01
 @simulation.run: Average timings at MD step  330900. t/step: 1.23139e-01
 @simulation.run: Average timings at MD step  331000. t/step: 1.32977e-01
 @simulation.run: Average timings at MD step  331100. t/step: 1.23900e-01
 @simulation.run: Average timings at MD step  331200. t/step: 1.25620e-01
 @simulation.run: Average timings at MD step  331300. t/step: 1.23600e-01
 @simulation.run: Average timings at MD step  331400. t/step: 1.25132e-01
 @simulation.run: Average timings at MD step  331500. t/step: 1.25773e-01
 @simulation.run: Average timings at MD step  331600. t/step: 1.23288e-01
 @simulation.run: Average timings at MD step  331700. t/step: 1.23497e-01
 @simulation.run: Average timings at MD step  331800. t/step: 1.25232e-01
 @simulation.run: Average timings at MD step  331900. t/step: 1.24047e-01
 @simulation.run: Average timings at MD step  332000. t/step: 1.22756e-01
 @simulation.run: Average timings at MD step  332100. t/step: 1.21881e-01
 @simulation.run: Average timings at MD step  332200. t/step: 1.22521e-01
 @simulation.run: Average timings at MD step  332300. t/step: 1.29096e-01
 @simulation.run: Average timings at MD step  332400. t/step: 1.23499e-01
 @simulation.run: Average timings at MD step  332500. t/step: 1.29766e-01
 @simulation.run: Average timings at MD step  332600. t/step: 1.21277e-01
 @simulation.run: Average timings at MD step  332700. t/step: 1.26668e-01
 @simulation.run: Average timings at MD step  332800. t/step: 1.29137e-01
 @simulation.run: Average timings at MD step  332900. t/step: 1.28711e-01
 @simulation.run: Average timings at MD step  333000. t/step: 1.35177e-01
 @simulation.run: Average timings at MD step  333100. t/step: 1.27140e-01
 @simulation.run: Average timings at MD step  333200. t/step: 1.33474e-01
 @simulation.run: Average timings at MD step  333300. t/step: 1.34585e-01
 @simulation.run: Average timings at MD step  333400. t/step: 1.24869e-01
 @simulation.run: Average timings at MD step  333500. t/step: 1.26827e-01
 @simulation.run: Average timings at MD step  333600. t/step: 1.33024e-01
 @simulation.run: Average timings at MD step  333700. t/step: 1.25668e-01
 @simulation.run: Average timings at MD step  333800. t/step: 1.26383e-01
 @simulation.run: Average timings at MD step  333900. t/step: 1.22557e-01
 @simulation.run: Average timings at MD step  334000. t/step: 1.24853e-01
 @simulation.run: Average timings at MD step  334100. t/step: 1.24489e-01
 @simulation.run: Average timings at MD step  334200. t/step: 1.22114e-01
 @simulation.run: Average timings at MD step  334300. t/step: 1.23364e-01
 @simulation.run: Average timings at MD step  334400. t/step: 1.29860e-01
 @simulation.run: Average timings at MD step  334500. t/step: 1.26458e-01
 @simulation.run: Average timings at MD step  334600. t/step: 1.22097e-01
 @simulation.run: Average timings at MD step  334700. t/step: 1.25143e-01
 @simulation.run: Average timings at MD step  334800. t/step: 1.22386e-01
 @simulation.run: Average timings at MD step  334900. t/step: 1.21341e-01
 @simulation.run: Average timings at MD step  335000. t/step: 1.24522e-01
 @simulation.run: Average timings at MD step  335100. t/step: 1.21685e-01
 @simulation.run: Average timings at MD step  335200. t/step: 1.37364e-01
 @simulation.run: Average timings at MD step  335300. t/step: 1.48080e-01
 @simulation.run: Average timings at MD step  335400. t/step: 1.23298e-01
 @simulation.run: Average timings at MD step  335500. t/step: 1.28870e-01
 @simulation.run: Average timings at MD step  335600. t/step: 1.35028e-01
 @simulation.run: Average timings at MD step  335700. t/step: 1.28139e-01
 @simulation.run: Average timings at MD step  335800. t/step: 1.26686e-01
 @simulation.run: Average timings at MD step  335900. t/step: 1.26029e-01
 @simulation.run: Average timings at MD step  336000. t/step: 1.27025e-01
 @simulation.run: Average timings at MD step  336100. t/step: 1.28126e-01
 @simulation.run: Average timings at MD step  336200. t/step: 1.26106e-01
 @simulation.run: Average timings at MD step  336300. t/step: 1.24938e-01
 @simulation.run: Average timings at MD step  336400. t/step: 1.25396e-01
 @simulation.run: Average timings at MD step  336500. t/step: 1.32749e-01
 @simulation.run: Average timings at MD step  336600. t/step: 1.27544e-01
 @simulation.run: Average timings at MD step  336700. t/step: 1.23579e-01
 @simulation.run: Average timings at MD step  336800. t/step: 1.24323e-01
 @simulation.run: Average timings at MD step  336900. t/step: 1.22091e-01
 @simulation.run: Average timings at MD step  337000. t/step: 1.23294e-01
 @simulation.run: Average timings at MD step  337100. t/step: 1.23998e-01
 @simulation.run: Average timings at MD step  337200. t/step: 1.22533e-01
 @simulation.run: Average timings at MD step  337300. t/step: 1.19196e-01
 @simulation.run: Average timings at MD step  337400. t/step: 1.22895e-01
 @simulation.run: Average timings at MD step  337500. t/step: 1.22548e-01
 @simulation.run: Average timings at MD step  337600. t/step: 1.38422e-01
 @simulation.run: Average timings at MD step  337700. t/step: 1.20820e-01
 @simulation.run: Average timings at MD step  337800. t/step: 1.29245e-01
 @simulation.run: Average timings at MD step  337900. t/step: 1.29255e-01
 @simulation.run: Average timings at MD step  338000. t/step: 1.21656e-01
 @simulation.run: Average timings at MD step  338100. t/step: 1.22926e-01
 @simulation.run: Average timings at MD step  338200. t/step: 1.24016e-01
 @simulation.run: Average timings at MD step  338300. t/step: 1.25756e-01
 @simulation.run: Average timings at MD step  338400. t/step: 1.27608e-01
 @simulation.run: Average timings at MD step  338500. t/step: 1.27973e-01
 @simulation.run: Average timings at MD step  338600. t/step: 1.25762e-01
 @simulation.run: Average timings at MD step  338700. t/step: 1.27119e-01
 @simulation.run: Average timings at MD step  338800. t/step: 1.28246e-01
 @simulation.run: Average timings at MD step  338900. t/step: 1.26097e-01
 @simulation.run: Average timings at MD step  339000. t/step: 1.28625e-01
 @simulation.run: Average timings at MD step  339100. t/step: 1.22310e-01
 @simulation.run: Average timings at MD step  339200. t/step: 1.25335e-01
 @simulation.run: Average timings at MD step  339300. t/step: 1.25674e-01
 @simulation.run: Average timings at MD step  339400. t/step: 1.23507e-01
 @simulation.run: Average timings at MD step  339500. t/step: 1.38652e-01
 @simulation.run: Average timings at MD step  339600. t/step: 1.21821e-01
 @simulation.run: Average timings at MD step  339700. t/step: 1.22122e-01
 @simulation.run: Average timings at MD step  339800. t/step: 1.22211e-01
 @simulation.run: Average timings at MD step  339900. t/step: 1.23031e-01
 @simulation.run: Average timings at MD step  340000. t/step: 1.22584e-01
 @simulation.run: Average timings at MD step  340100. t/step: 1.22505e-01
 @simulation.run: Average timings at MD step  340200. t/step: 1.33097e-01
 @simulation.run: Average timings at MD step  340300. t/step: 1.22446e-01
 @simulation.run: Average timings at MD step  340400. t/step: 1.23964e-01
 @simulation.run: Average timings at MD step  340500. t/step: 1.23135e-01
 @simulation.run: Average timings at MD step  340600. t/step: 1.24208e-01
 @simulation.run: Average timings at MD step  340700. t/step: 1.21592e-01
 @simulation.run: Average timings at MD step  340800. t/step: 1.23116e-01
 @simulation.run: Average timings at MD step  340900. t/step: 1.23890e-01
 @simulation.run: Average timings at MD step  341000. t/step: 1.30356e-01
 @simulation.run: Average timings at MD step  341100. t/step: 1.24641e-01
 @simulation.run: Average timings at MD step  341200. t/step: 1.28458e-01
 @simulation.run: Average timings at MD step  341300. t/step: 1.28134e-01
 @simulation.run: Average timings at MD step  341400. t/step: 1.34245e-01
 @simulation.run: Average timings at MD step  341500. t/step: 1.26096e-01
 @simulation.run: Average timings at MD step  341600. t/step: 1.27344e-01
 @simulation.run: Average timings at MD step  341700. t/step: 1.26791e-01
 @simulation.run: Average timings at MD step  341800. t/step: 1.26955e-01
 @simulation.run: Average timings at MD step  341900. t/step: 1.25220e-01
 @simulation.run: Average timings at MD step  342000. t/step: 1.24691e-01
 @simulation.run: Average timings at MD step  342100. t/step: 1.25022e-01
 @simulation.run: Average timings at MD step  342200. t/step: 1.24011e-01
 @simulation.run: Average timings at MD step  342300. t/step: 1.26354e-01
 @simulation.run: Average timings at MD step  342400. t/step: 1.23009e-01
 @simulation.run: Average timings at MD step  342500. t/step: 1.24414e-01
 @simulation.run: Average timings at MD step  342600. t/step: 1.22719e-01
 @simulation.run: Average timings at MD step  342700. t/step: 1.29889e-01
 @simulation.run: Average timings at MD step  342800. t/step: 1.24884e-01
 @simulation.run: Average timings at MD step  342900. t/step: 1.29117e-01
 @simulation.run: Average timings at MD step  343000. t/step: 1.22320e-01
 @simulation.run: Average timings at MD step  343100. t/step: 1.30261e-01
 @simulation.run: Average timings at MD step  343200. t/step: 1.22992e-01
 @simulation.run: Average timings at MD step  343300. t/step: 1.30740e-01
 @simulation.run: Average timings at MD step  343400. t/step: 1.21765e-01
 @simulation.run: Average timings at MD step  343500. t/step: 1.23379e-01
 @simulation.run: Average timings at MD step  343600. t/step: 1.24249e-01
 @simulation.run: Average timings at MD step  343700. t/step: 1.24107e-01
 @simulation.run: Average timings at MD step  343800. t/step: 1.29169e-01
 @simulation.run: Average timings at MD step  343900. t/step: 1.23937e-01
 @simulation.run: Average timings at MD step  344000. t/step: 1.24132e-01
 @simulation.run: Average timings at MD step  344100. t/step: 1.27582e-01
 @simulation.run: Average timings at MD step  344200. t/step: 1.29270e-01
 @simulation.run: Average timings at MD step  344300. t/step: 1.27597e-01
 @simulation.run: Average timings at MD step  344400. t/step: 1.26049e-01
 @simulation.run: Average timings at MD step  344500. t/step: 1.26981e-01
 @simulation.run: Average timings at MD step  344600. t/step: 1.27675e-01
 @simulation.run: Average timings at MD step  344700. t/step: 1.26835e-01
 @simulation.run: Average timings at MD step  344800. t/step: 1.32737e-01
 @simulation.run: Average timings at MD step  344900. t/step: 1.25031e-01
 @simulation.run: Average timings at MD step  345000. t/step: 1.24667e-01
 @simulation.run: Average timings at MD step  345100. t/step: 1.27769e-01
 @simulation.run: Average timings at MD step  345200. t/step: 1.24385e-01
 @simulation.run: Average timings at MD step  345300. t/step: 1.30231e-01
 @simulation.run: Average timings at MD step  345400. t/step: 1.23081e-01
 @simulation.run: Average timings at MD step  345500. t/step: 1.24419e-01
 @simulation.run: Average timings at MD step  345600. t/step: 1.30020e-01
 @simulation.run: Average timings at MD step  345700. t/step: 1.25735e-01
 @simulation.run: Average timings at MD step  345800. t/step: 1.22912e-01
 @simulation.run: Average timings at MD step  345900. t/step: 1.21170e-01
 @simulation.run: Average timings at MD step  346000. t/step: 1.21974e-01
 @simulation.run: Average timings at MD step  346100. t/step: 1.22683e-01
 @simulation.run: Average timings at MD step  346200. t/step: 1.23164e-01
 @simulation.run: Average timings at MD step  346300. t/step: 1.23558e-01
 @simulation.run: Average timings at MD step  346400. t/step: 1.23356e-01
 @simulation.run: Average timings at MD step  346500. t/step: 1.22870e-01
 @simulation.run: Average timings at MD step  346600. t/step: 1.21947e-01
 @simulation.run: Average timings at MD step  346700. t/step: 1.22826e-01
 @simulation.run: Average timings at MD step  346800. t/step: 1.21383e-01
 @simulation.run: Average timings at MD step  346900. t/step: 1.33256e-01
 @simulation.run: Average timings at MD step  347000. t/step: 1.27993e-01
 @simulation.run: Average timings at MD step  347100. t/step: 1.27533e-01
 @simulation.run: Average timings at MD step  347200. t/step: 1.25994e-01
 @simulation.run: Average timings at MD step  347300. t/step: 1.26931e-01
 @simulation.run: Average timings at MD step  347400. t/step: 1.27256e-01
 @simulation.run: Average timings at MD step  347500. t/step: 1.26910e-01
 @simulation.run: Average timings at MD step  347600. t/step: 1.25038e-01
 @simulation.run: Average timings at MD step  347700. t/step: 1.24475e-01
 @simulation.run: Average timings at MD step  347800. t/step: 1.25637e-01
 @simulation.run: Average timings at MD step  347900. t/step: 1.26888e-01
 @simulation.run: Average timings at MD step  348000. t/step: 1.25978e-01
 @simulation.run: Average timings at MD step  348100. t/step: 1.29708e-01
 @simulation.run: Average timings at MD step  348200. t/step: 1.26555e-01
 @simulation.run: Average timings at MD step  348300. t/step: 1.24386e-01
 @simulation.run: Average timings at MD step  348400. t/step: 1.30660e-01
 @simulation.run: Average timings at MD step  348500. t/step: 1.23407e-01
 @simulation.run: Average timings at MD step  348600. t/step: 1.22749e-01
 @simulation.run: Average timings at MD step  348700. t/step: 1.29402e-01
 @simulation.run: Average timings at MD step  348800. t/step: 1.36547e-01
 @simulation.run: Average timings at MD step  348900. t/step: 1.24560e-01
 @simulation.run: Average timings at MD step  349000. t/step: 1.23197e-01
 @simulation.run: Average timings at MD step  349100. t/step: 1.25451e-01
 @simulation.run: Average timings at MD step  349200. t/step: 1.25191e-01
 @simulation.run: Average timings at MD step  349300. t/step: 1.23879e-01
 @simulation.run: Average timings at MD step  349400. t/step: 1.22442e-01
 @simulation.run: Average timings at MD step  349500. t/step: 1.21387e-01
 @simulation.run: Average timings at MD step  349600. t/step: 1.22124e-01
 @simulation.run: Average timings at MD step  349700. t/step: 1.32041e-01
 @simulation.run: Average timings at MD step  349800. t/step: 1.34574e-01
 @simulation.run: Average timings at MD step  349900. t/step: 1.29283e-01
 @simulation.run: Average timings at MD step  350000. t/step: 1.26925e-01
 @simulation.run: Average timings at MD step  350100. t/step: 1.26638e-01
 @simulation.run: Average timings at MD step  350200. t/step: 1.26564e-01
 @simulation.run: Average timings at MD step  350300. t/step: 1.28033e-01
 @simulation.run: Average timings at MD step  350400. t/step: 1.26832e-01
 @simulation.run: Average timings at MD step  350500. t/step: 1.25000e-01
 @simulation.run: Average timings at MD step  350600. t/step: 1.30145e-01
 @simulation.run: Average timings at MD step  350700. t/step: 1.25921e-01
 @simulation.run: Average timings at MD step  350800. t/step: 1.24283e-01
 @simulation.run: Average timings at MD step  350900. t/step: 1.23765e-01
 @simulation.run: Average timings at MD step  351000. t/step: 1.24219e-01
 @simulation.run: Average timings at MD step  351100. t/step: 1.23671e-01
 @simulation.run: Average timings at MD step  351200. t/step: 1.36141e-01
 @simulation.run: Average timings at MD step  351300. t/step: 1.24294e-01
 @simulation.run: Average timings at MD step  351400. t/step: 1.23009e-01
 @simulation.run: Average timings at MD step  351500. t/step: 1.29184e-01
 @simulation.run: Average timings at MD step  351600. t/step: 1.22553e-01
 @simulation.run: Average timings at MD step  351700. t/step: 1.21549e-01
 @simulation.run: Average timings at MD step  351800. t/step: 1.22784e-01
 @simulation.run: Average timings at MD step  351900. t/step: 1.23165e-01
 @simulation.run: Average timings at MD step  352000. t/step: 1.22356e-01
 @simulation.run: Average timings at MD step  352100. t/step: 1.23750e-01
 @simulation.run: Average timings at MD step  352200. t/step: 1.20770e-01
 @simulation.run: Average timings at MD step  352300. t/step: 1.24152e-01
 @simulation.run: Average timings at MD step  352400. t/step: 1.23849e-01
 @simulation.run: Average timings at MD step  352500. t/step: 1.23419e-01
 @simulation.run: Average timings at MD step  352600. t/step: 1.26383e-01
 @simulation.run: Average timings at MD step  352700. t/step: 1.34778e-01
 @simulation.run: Average timings at MD step  352800. t/step: 1.28671e-01
 @simulation.run: Average timings at MD step  352900. t/step: 1.27175e-01
 @simulation.run: Average timings at MD step  353000. t/step: 1.28071e-01
 @simulation.run: Average timings at MD step  353100. t/step: 1.27051e-01
 @simulation.run: Average timings at MD step  353200. t/step: 1.28371e-01
 @simulation.run: Average timings at MD step  353300. t/step: 1.26135e-01
 @simulation.run: Average timings at MD step  353400. t/step: 1.26495e-01
 @simulation.run: Average timings at MD step  353500. t/step: 1.24503e-01
 @simulation.run: Average timings at MD step  353600. t/step: 1.25947e-01
 @simulation.run: Average timings at MD step  353700. t/step: 1.26854e-01
 @simulation.run: Average timings at MD step  353800. t/step: 1.23340e-01
 @simulation.run: Average timings at MD step  353900. t/step: 1.21881e-01
 @simulation.run: Average timings at MD step  354000. t/step: 1.29505e-01
 @simulation.run: Average timings at MD step  354100. t/step: 1.22304e-01
 @simulation.run: Average timings at MD step  354200. t/step: 1.30853e-01
 @simulation.run: Average timings at MD step  354300. t/step: 1.25400e-01
 @simulation.run: Average timings at MD step  354400. t/step: 1.22563e-01
 @simulation.run: Average timings at MD step  354500. t/step: 1.23423e-01
 @simulation.run: Average timings at MD step  354600. t/step: 1.28982e-01
 @simulation.run: Average timings at MD step  354700. t/step: 1.23185e-01
 @simulation.run: Average timings at MD step  354800. t/step: 1.32169e-01
 @simulation.run: Average timings at MD step  354900. t/step: 1.24842e-01
 @simulation.run: Average timings at MD step  355000. t/step: 1.23730e-01
 @simulation.run: Average timings at MD step  355100. t/step: 1.23974e-01
 @simulation.run: Average timings at MD step  355200. t/step: 1.24893e-01
 @simulation.run: Average timings at MD step  355300. t/step: 1.24095e-01
 @simulation.run: Average timings at MD step  355400. t/step: 1.24320e-01
 @simulation.run: Average timings at MD step  355500. t/step: 1.28023e-01
 @simulation.run: Average timings at MD step  355600. t/step: 1.27945e-01
 @simulation.run: Average timings at MD step  355700. t/step: 1.28639e-01
 @simulation.run: Average timings at MD step  355800. t/step: 1.27356e-01
 @simulation.run: Average timings at MD step  355900. t/step: 1.26269e-01
 @simulation.run: Average timings at MD step  356000. t/step: 1.26768e-01
 @simulation.run: Average timings at MD step  356100. t/step: 1.26633e-01
 @simulation.run: Average timings at MD step  356200. t/step: 1.25206e-01
 @simulation.run: Average timings at MD step  356300. t/step: 1.32026e-01
 @simulation.run: Average timings at MD step  356400. t/step: 1.25676e-01
 @simulation.run: Average timings at MD step  356500. t/step: 1.24431e-01
 @simulation.run: Average timings at MD step  356600. t/step: 1.22906e-01
 @simulation.run: Average timings at MD step  356700. t/step: 1.21907e-01
 @simulation.run: Average timings at MD step  356800. t/step: 1.22926e-01
 @simulation.run: Average timings at MD step  356900. t/step: 1.23673e-01
 @simulation.run: Average timings at MD step  357000. t/step: 1.23407e-01
 @simulation.run: Average timings at MD step  357100. t/step: 1.22910e-01
 @simulation.run: Average timings at MD step  357200. t/step: 1.27989e-01
 @simulation.run: Average timings at MD step  357300. t/step: 1.28112e-01
 @simulation.run: Average timings at MD step  357400. t/step: 1.29040e-01
 @simulation.run: Average timings at MD step  357500. t/step: 1.24411e-01
 @simulation.run: Average timings at MD step  357600. t/step: 1.22892e-01
 @simulation.run: Average timings at MD step  357700. t/step: 1.25419e-01
 @simulation.run: Average timings at MD step  357800. t/step: 1.22942e-01
 @simulation.run: Average timings at MD step  357900. t/step: 1.32058e-01
 @simulation.run: Average timings at MD step  358000. t/step: 1.29475e-01
 @simulation.run: Average timings at MD step  358100. t/step: 1.22343e-01
 @simulation.run: Average timings at MD step  358200. t/step: 1.22662e-01
 @simulation.run: Average timings at MD step  358300. t/step: 1.26576e-01
 @simulation.run: Average timings at MD step  358400. t/step: 1.36397e-01
 @simulation.run: Average timings at MD step  358500. t/step: 1.42499e-01
 @simulation.run: Average timings at MD step  358600. t/step: 1.27332e-01
 @simulation.run: Average timings at MD step  358700. t/step: 1.26710e-01
 @simulation.run: Average timings at MD step  358800. t/step: 1.26142e-01
 @simulation.run: Average timings at MD step  358900. t/step: 1.27080e-01
 @simulation.run: Average timings at MD step  359000. t/step: 1.24229e-01
 @simulation.run: Average timings at MD step  359100. t/step: 1.23395e-01
 @simulation.run: Average timings at MD step  359200. t/step: 1.31952e-01
 @simulation.run: Average timings at MD step  359300. t/step: 1.23498e-01
 @simulation.run: Average timings at MD step  359400. t/step: 1.26991e-01
 @simulation.run: Average timings at MD step  359500. t/step: 1.22565e-01
 @simulation.run: Average timings at MD step  359600. t/step: 1.23581e-01
 @simulation.run: Average timings at MD step  359700. t/step: 1.21724e-01
 @simulation.run: Average timings at MD step  359800. t/step: 1.29869e-01
 @simulation.run: Average timings at MD step  359900. t/step: 1.32055e-01
 @simulation.run: Average timings at MD step  360000. t/step: 1.22539e-01
 @simulation.run: Average timings at MD step  360100. t/step: 1.29402e-01
 @simulation.run: Average timings at MD step  360200. t/step: 1.21396e-01
 @simulation.run: Average timings at MD step  360300. t/step: 1.22511e-01
 @simulation.run: Average timings at MD step  360400. t/step: 1.24014e-01
 @simulation.run: Average timings at MD step  360500. t/step: 1.29324e-01
 @simulation.run: Average timings at MD step  360600. t/step: 1.29068e-01
 @simulation.run: Average timings at MD step  360700. t/step: 1.23447e-01
 @simulation.run: Average timings at MD step  360800. t/step: 1.28461e-01
 @simulation.run: Average timings at MD step  360900. t/step: 1.23898e-01
 @simulation.run: Average timings at MD step  361000. t/step: 1.22307e-01
 @simulation.run: Average timings at MD step  361100. t/step: 1.24810e-01
 @simulation.run: Average timings at MD step  361200. t/step: 1.28306e-01
 @simulation.run: Average timings at MD step  361300. t/step: 1.28576e-01
 @simulation.run: Average timings at MD step  361400. t/step: 1.25418e-01
 @simulation.run: Average timings at MD step  361500. t/step: 1.26068e-01
 @simulation.run: Average timings at MD step  361600. t/step: 1.27679e-01
 @simulation.run: Average timings at MD step  361700. t/step: 1.28072e-01
 @simulation.run: Average timings at MD step  361800. t/step: 1.26959e-01
 @simulation.run: Average timings at MD step  361900. t/step: 1.26164e-01
 @simulation.run: Average timings at MD step  362000. t/step: 1.25573e-01
 @simulation.run: Average timings at MD step  362100. t/step: 1.25898e-01
 @simulation.run: Average timings at MD step  362200. t/step: 1.32683e-01
 @simulation.run: Average timings at MD step  362300. t/step: 1.23971e-01
 @simulation.run: Average timings at MD step  362400. t/step: 1.22416e-01
 @simulation.run: Average timings at MD step  362500. t/step: 1.23358e-01
 @simulation.run: Average timings at MD step  362600. t/step: 1.25494e-01
 @simulation.run: Average timings at MD step  362700. t/step: 1.22993e-01
 @simulation.run: Average timings at MD step  362800. t/step: 1.24196e-01
 @simulation.run: Average timings at MD step  362900. t/step: 1.30097e-01
 @simulation.run: Average timings at MD step  363000. t/step: 1.24063e-01
 @simulation.run: Average timings at MD step  363100. t/step: 1.24977e-01
 @simulation.run: Average timings at MD step  363200. t/step: 1.30564e-01
 @simulation.run: Average timings at MD step  363300. t/step: 1.30137e-01
 @simulation.run: Average timings at MD step  363400. t/step: 1.23421e-01
 @simulation.run: Average timings at MD step  363500. t/step: 1.21043e-01
 @simulation.run: Average timings at MD step  363600. t/step: 1.21505e-01
 @simulation.run: Average timings at MD step  363700. t/step: 1.22564e-01
 @simulation.run: Average timings at MD step  363800. t/step: 1.23545e-01
 @simulation.run: Average timings at MD step  363900. t/step: 1.21681e-01
 @simulation.run: Average timings at MD step  364000. t/step: 1.27217e-01
 @simulation.run: Average timings at MD step  364100. t/step: 1.29183e-01
 @simulation.run: Average timings at MD step  364200. t/step: 1.27475e-01
 @simulation.run: Average timings at MD step  364300. t/step: 1.26750e-01
 @simulation.run: Average timings at MD step  364400. t/step: 1.27927e-01
 @simulation.run: Average timings at MD step  364500. t/step: 1.34064e-01
 @simulation.run: Average timings at MD step  364600. t/step: 1.28566e-01
 @simulation.run: Average timings at MD step  364700. t/step: 1.24975e-01
 @simulation.run: Average timings at MD step  364800. t/step: 1.24780e-01
 @simulation.run: Average timings at MD step  364900. t/step: 1.27411e-01
 @simulation.run: Average timings at MD step  365000. t/step: 1.27212e-01
 @simulation.run: Average timings at MD step  365100. t/step: 1.27565e-01
 @simulation.run: Average timings at MD step  365200. t/step: 1.24653e-01
 @simulation.run: Average timings at MD step  365300. t/step: 1.30525e-01
 @simulation.run: Average timings at MD step  365400. t/step: 1.32369e-01
 @simulation.run: Average timings at MD step  365500. t/step: 1.25704e-01
 @simulation.run: Average timings at MD step  365600. t/step: 1.23009e-01
 @simulation.run: Average timings at MD step  365700. t/step: 1.23407e-01
 @simulation.run: Average timings at MD step  365800. t/step: 1.21936e-01
 @simulation.run: Average timings at MD step  365900. t/step: 1.23347e-01
 @simulation.run: Average timings at MD step  366000. t/step: 1.30392e-01
 @simulation.run: Average timings at MD step  366100. t/step: 1.21421e-01
 @simulation.run: Average timings at MD step  366200. t/step: 1.22247e-01
 @simulation.run: Average timings at MD step  366300. t/step: 1.23676e-01
 @simulation.run: Average timings at MD step  366400. t/step: 1.23222e-01
 @simulation.run: Average timings at MD step  366500. t/step: 1.25011e-01
 @simulation.run: Average timings at MD step  366600. t/step: 1.24512e-01
 @simulation.run: Average timings at MD step  366700. t/step: 1.30219e-01
 @simulation.run: Average timings at MD step  366800. t/step: 1.25023e-01
 @simulation.run: Average timings at MD step  366900. t/step: 1.35088e-01
 @simulation.run: Average timings at MD step  367000. t/step: 1.34802e-01
 @simulation.run: Average timings at MD step  367100. t/step: 1.40943e-01
 @simulation.run: Average timings at MD step  367200. t/step: 1.27028e-01
 @simulation.run: Average timings at MD step  367300. t/step: 1.27795e-01
 @simulation.run: Average timings at MD step  367400. t/step: 1.27241e-01
 @simulation.run: Average timings at MD step  367500. t/step: 1.25614e-01
 @simulation.run: Average timings at MD step  367600. t/step: 1.23752e-01
 @simulation.run: Average timings at MD step  367700. t/step: 1.32441e-01
 @simulation.run: Average timings at MD step  367800. t/step: 1.25363e-01
 @simulation.run: Average timings at MD step  367900. t/step: 1.23423e-01
 @simulation.run: Average timings at MD step  368000. t/step: 1.23059e-01
 @simulation.run: Average timings at MD step  368100. t/step: 1.22908e-01
 @simulation.run: Average timings at MD step  368200. t/step: 1.22357e-01
 @simulation.run: Average timings at MD step  368300. t/step: 1.22888e-01
 @simulation.run: Average timings at MD step  368400. t/step: 1.25728e-01
 @simulation.run: Average timings at MD step  368500. t/step: 1.23942e-01
 @simulation.run: Average timings at MD step  368600. t/step: 1.22970e-01
 @simulation.run: Average timings at MD step  368700. t/step: 1.23980e-01
 @simulation.run: Average timings at MD step  368800. t/step: 1.35123e-01
 @simulation.run: Average timings at MD step  368900. t/step: 1.37255e-01
 @simulation.run: Average timings at MD step  369000. t/step: 1.22377e-01
 @simulation.run: Average timings at MD step  369100. t/step: 1.24200e-01
 @simulation.run: Average timings at MD step  369200. t/step: 1.31057e-01
 @simulation.run: Average timings at MD step  369300. t/step: 1.24164e-01
 @simulation.run: Average timings at MD step  369400. t/step: 1.24526e-01
 @simulation.run: Average timings at MD step  369500. t/step: 1.22981e-01
 @simulation.run: Average timings at MD step  369600. t/step: 1.26571e-01
 @simulation.run: Average timings at MD step  369700. t/step: 1.30849e-01
 @simulation.run: Average timings at MD step  369800. t/step: 1.27429e-01
 @simulation.run: Average timings at MD step  369900. t/step: 1.26513e-01
 @simulation.run: Average timings at MD step  370000. t/step: 1.27520e-01
 @simulation.run: Average timings at MD step  370100. t/step: 1.26473e-01
 @simulation.run: Average timings at MD step  370200. t/step: 1.30068e-01
 @simulation.run: Average timings at MD step  370300. t/step: 1.27555e-01
 @simulation.run: Average timings at MD step  370400. t/step: 1.24500e-01
 @simulation.run: Average timings at MD step  370500. t/step: 1.27949e-01
 @simulation.run: Average timings at MD step  370600. t/step: 1.26159e-01
 @simulation.run: Average timings at MD step  370700. t/step: 1.28201e-01
 @simulation.run: Average timings at MD step  370800. t/step: 1.28626e-01
 @simulation.run: Average timings at MD step  370900. t/step: 1.27361e-01
 @simulation.run: Average timings at MD step  371000. t/step: 1.25056e-01
 @simulation.run: Average timings at MD step  371100. t/step: 1.23650e-01
 @simulation.run: Average timings at MD step  371200. t/step: 1.24861e-01
 @simulation.run: Average timings at MD step  371300. t/step: 1.30497e-01
 @simulation.run: Average timings at MD step  371400. t/step: 1.23520e-01
 @simulation.run: Average timings at MD step  371500. t/step: 1.24041e-01
 @simulation.run: Average timings at MD step  371600. t/step: 1.24495e-01
 @simulation.run: Average timings at MD step  371700. t/step: 1.24290e-01
 @simulation.run: Average timings at MD step  371800. t/step: 1.24843e-01
 @simulation.run: Average timings at MD step  371900. t/step: 1.28896e-01
 @simulation.run: Average timings at MD step  372000. t/step: 1.29943e-01
 @simulation.run: Average timings at MD step  372100. t/step: 1.34773e-01
 @simulation.run: Average timings at MD step  372200. t/step: 1.35191e-01
 @simulation.run: Average timings at MD step  372300. t/step: 1.25041e-01
 @simulation.run: Average timings at MD step  372400. t/step: 1.34376e-01
 @simulation.run: Average timings at MD step  372500. t/step: 1.31298e-01
 @simulation.run: Average timings at MD step  372600. t/step: 1.31550e-01
 @simulation.run: Average timings at MD step  372700. t/step: 1.28207e-01
 @simulation.run: Average timings at MD step  372800. t/step: 1.27954e-01
 @simulation.run: Average timings at MD step  372900. t/step: 1.28516e-01
 @simulation.run: Average timings at MD step  373000. t/step: 1.35245e-01
 @simulation.run: Average timings at MD step  373100. t/step: 1.30788e-01
 @simulation.run: Average timings at MD step  373200. t/step: 1.27059e-01
 @simulation.run: Average timings at MD step  373300. t/step: 1.25605e-01
 @simulation.run: Average timings at MD step  373400. t/step: 1.25698e-01
 @simulation.run: Average timings at MD step  373500. t/step: 1.38157e-01
 @simulation.run: Average timings at MD step  373600. t/step: 1.27089e-01
 @simulation.run: Average timings at MD step  373700. t/step: 1.32003e-01
 @simulation.run: Average timings at MD step  373800. t/step: 1.26138e-01
 @simulation.run: Average timings at MD step  373900. t/step: 1.24532e-01
 @simulation.run: Average timings at MD step  374000. t/step: 1.23402e-01
 @simulation.run: Average timings at MD step  374100. t/step: 1.22573e-01
 @simulation.run: Average timings at MD step  374200. t/step: 1.30871e-01
 @simulation.run: Average timings at MD step  374300. t/step: 1.34067e-01
 @simulation.run: Average timings at MD step  374400. t/step: 1.31730e-01
 @simulation.run: Average timings at MD step  374500. t/step: 1.24773e-01
 @simulation.run: Average timings at MD step  374600. t/step: 1.22348e-01
 @simulation.run: Average timings at MD step  374700. t/step: 1.22451e-01
 @simulation.run: Average timings at MD step  374800. t/step: 1.29038e-01
 @simulation.run: Average timings at MD step  374900. t/step: 1.24181e-01
 @simulation.run: Average timings at MD step  375000. t/step: 1.23706e-01
 @simulation.run: Average timings at MD step  375100. t/step: 1.29384e-01
 @simulation.run: Average timings at MD step  375200. t/step: 1.27334e-01
 @simulation.run: Average timings at MD step  375300. t/step: 1.27849e-01
 @simulation.run: Average timings at MD step  375400. t/step: 1.27478e-01
 @simulation.run: Average timings at MD step  375500. t/step: 1.26062e-01
 @simulation.run: Average timings at MD step  375600. t/step: 1.25640e-01
 @simulation.run: Average timings at MD step  375700. t/step: 1.23708e-01
 @simulation.run: Average timings at MD step  375800. t/step: 1.24596e-01
 @simulation.run: Average timings at MD step  375900. t/step: 1.27450e-01
 @simulation.run: Average timings at MD step  376000. t/step: 1.39969e-01
 @simulation.run: Average timings at MD step  376100. t/step: 1.34291e-01
 @simulation.run: Average timings at MD step  376200. t/step: 1.33384e-01
 @simulation.run: Average timings at MD step  376300. t/step: 1.27220e-01
 @simulation.run: Average timings at MD step  376400. t/step: 1.27860e-01
 @simulation.run: Average timings at MD step  376500. t/step: 1.28296e-01
 @simulation.run: Average timings at MD step  376600. t/step: 1.25736e-01
 @simulation.run: Average timings at MD step  376700. t/step: 1.25986e-01
 @simulation.run: Average timings at MD step  376800. t/step: 1.24773e-01
 @simulation.run: Average timings at MD step  376900. t/step: 1.25301e-01
 @simulation.run: Average timings at MD step  377000. t/step: 1.25071e-01
 @simulation.run: Average timings at MD step  377100. t/step: 1.22476e-01
 @simulation.run: Average timings at MD step  377200. t/step: 1.27963e-01
 @simulation.run: Average timings at MD step  377300. t/step: 1.21582e-01
 @simulation.run: Average timings at MD step  377400. t/step: 1.22146e-01
 @simulation.run: Average timings at MD step  377500. t/step: 1.22811e-01
 @simulation.run: Average timings at MD step  377600. t/step: 1.34662e-01
 @simulation.run: Average timings at MD step  377700. t/step: 1.22080e-01
 @simulation.run: Average timings at MD step  377800. t/step: 1.22810e-01
 @simulation.run: Average timings at MD step  377900. t/step: 1.23583e-01
 @simulation.run: Average timings at MD step  378000. t/step: 1.23046e-01
 @simulation.run: Average timings at MD step  378100. t/step: 1.38262e-01
 @simulation.run: Average timings at MD step  378200. t/step: 1.30151e-01
 @simulation.run: Average timings at MD step  378300. t/step: 1.27801e-01
 @simulation.run: Average timings at MD step  378400. t/step: 1.35815e-01
 @simulation.run: Average timings at MD step  378500. t/step: 1.33205e-01
 @simulation.run: Average timings at MD step  378600. t/step: 1.33786e-01
 @simulation.run: Average timings at MD step  378700. t/step: 1.34359e-01
 @simulation.run: Average timings at MD step  378800. t/step: 1.34362e-01
 @simulation.run: Average timings at MD step  378900. t/step: 1.36873e-01
 @simulation.run: Average timings at MD step  379000. t/step: 1.30709e-01
 @simulation.run: Average timings at MD step  379100. t/step: 1.33343e-01
 @simulation.run: Average timings at MD step  379200. t/step: 1.30555e-01
 @simulation.run: Average timings at MD step  379300. t/step: 1.25002e-01
 @simulation.run: Average timings at MD step  379400. t/step: 1.28138e-01
 @simulation.run: Average timings at MD step  379500. t/step: 1.31101e-01
 @simulation.run: Average timings at MD step  379600. t/step: 1.46717e-01
 @simulation.run: Average timings at MD step  379700. t/step: 1.49521e-01
 @simulation.run: Average timings at MD step  379800. t/step: 1.41952e-01
 @simulation.run: Average timings at MD step  379900. t/step: 1.40688e-01
 @simulation.run: Average timings at MD step  380000. t/step: 1.41467e-01
 @simulation.run: Average timings at MD step  380100. t/step: 1.39128e-01
 @simulation.run: Average timings at MD step  380200. t/step: 1.40613e-01
 @simulation.run: Average timings at MD step  380300. t/step: 1.40567e-01
 @simulation.run: Average timings at MD step  380400. t/step: 1.42841e-01
 @simulation.run: Average timings at MD step  380500. t/step: 1.41567e-01
 @simulation.run: Average timings at MD step  380600. t/step: 1.44574e-01
 @simulation.run: Average timings at MD step  380700. t/step: 1.47846e-01
 @simulation.run: Average timings at MD step  380800. t/step: 1.37823e-01
 @simulation.run: Average timings at MD step  380900. t/step: 1.40011e-01
 @simulation.run: Average timings at MD step  381000. t/step: 1.40717e-01
 @simulation.run: Average timings at MD step  381100. t/step: 1.41816e-01
 @simulation.run: Average timings at MD step  381200. t/step: 1.46589e-01
 @simulation.run: Average timings at MD step  381300. t/step: 1.26086e-01
 @simulation.run: Average timings at MD step  381400. t/step: 1.23248e-01
 @simulation.run: Average timings at MD step  381500. t/step: 1.24214e-01
 @simulation.run: Average timings at MD step  381600. t/step: 1.24861e-01
 @simulation.run: Average timings at MD step  381700. t/step: 1.41580e-01
 @simulation.run: Average timings at MD step  381800. t/step: 1.39740e-01
 @simulation.run: Average timings at MD step  381900. t/step: 1.41742e-01
 @simulation.run: Average timings at MD step  382000. t/step: 1.37110e-01
 @simulation.run: Average timings at MD step  382100. t/step: 1.33248e-01
 @simulation.run: Average timings at MD step  382200. t/step: 1.38078e-01
 @simulation.run: Average timings at MD step  382300. t/step: 1.28647e-01
 @simulation.run: Average timings at MD step  382400. t/step: 1.34719e-01
 @simulation.run: Average timings at MD step  382500. t/step: 1.34749e-01
 @simulation.run: Average timings at MD step  382600. t/step: 1.32178e-01
 @simulation.run: Average timings at MD step  382700. t/step: 1.40388e-01
 @simulation.run: Average timings at MD step  382800. t/step: 1.34765e-01
 @simulation.run: Average timings at MD step  382900. t/step: 1.32486e-01
 @simulation.run: Average timings at MD step  383000. t/step: 1.37098e-01
 @simulation.run: Average timings at MD step  383100. t/step: 1.32374e-01
 @simulation.run: Average timings at MD step  383200. t/step: 1.28651e-01
 @simulation.run: Average timings at MD step  383300. t/step: 1.31024e-01
 @simulation.run: Average timings at MD step  383400. t/step: 1.38179e-01
 @simulation.run: Average timings at MD step  383500. t/step: 1.41250e-01
 @simulation.run: Average timings at MD step  383600. t/step: 1.33616e-01
 @simulation.run: Average timings at MD step  383700. t/step: 1.29144e-01
 @simulation.run: Average timings at MD step  383800. t/step: 1.25685e-01
 @simulation.run: Average timings at MD step  383900. t/step: 1.37440e-01
 @simulation.run: Average timings at MD step  384000. t/step: 1.42240e-01
 @simulation.run: Average timings at MD step  384100. t/step: 1.29786e-01
 @simulation.run: Average timings at MD step  384200. t/step: 1.36899e-01
 @simulation.run: Average timings at MD step  384300. t/step: 1.26833e-01
 @simulation.run: Average timings at MD step  384400. t/step: 1.38529e-01
 @simulation.run: Average timings at MD step  384500. t/step: 1.31836e-01
 @simulation.run: Average timings at MD step  384600. t/step: 1.26130e-01
 @simulation.run: Average timings at MD step  384700. t/step: 1.34309e-01
 @simulation.run: Average timings at MD step  384800. t/step: 1.25830e-01
 @simulation.run: Average timings at MD step  384900. t/step: 1.32745e-01
 @simulation.run: Average timings at MD step  385000. t/step: 1.20747e-01
 @simulation.run: Average timings at MD step  385100. t/step: 1.22607e-01
 @simulation.run: Average timings at MD step  385200. t/step: 1.26624e-01
 @simulation.run: Average timings at MD step  385300. t/step: 1.22236e-01
 @simulation.run: Average timings at MD step  385400. t/step: 1.25532e-01
 @simulation.run: Average timings at MD step  385500. t/step: 1.22852e-01
 @simulation.run: Average timings at MD step  385600. t/step: 1.30639e-01
 @simulation.run: Average timings at MD step  385700. t/step: 1.24703e-01
 @simulation.run: Average timings at MD step  385800. t/step: 1.21909e-01
 @simulation.run: Average timings at MD step  385900. t/step: 1.23668e-01
 @simulation.run: Average timings at MD step  386000. t/step: 1.23577e-01
 @simulation.run: Average timings at MD step  386100. t/step: 1.30720e-01
 @simulation.run: Average timings at MD step  386200. t/step: 1.27145e-01
 @simulation.run: Average timings at MD step  386300. t/step: 1.35380e-01
 @simulation.run: Average timings at MD step  386400. t/step: 1.26880e-01
 @simulation.run: Average timings at MD step  386500. t/step: 1.25863e-01
 @simulation.run: Average timings at MD step  386600. t/step: 1.26488e-01
 @simulation.run: Average timings at MD step  386700. t/step: 1.32480e-01
 @simulation.run: Average timings at MD step  386800. t/step: 1.25385e-01
 @simulation.run: Average timings at MD step  386900. t/step: 1.31041e-01
 @simulation.run: Average timings at MD step  387000. t/step: 1.24912e-01
 @simulation.run: Average timings at MD step  387100. t/step: 1.25378e-01
 @simulation.run: Average timings at MD step  387200. t/step: 1.25242e-01
 @simulation.run: Average timings at MD step  387300. t/step: 1.38723e-01
 @simulation.run: Average timings at MD step  387400. t/step: 1.24615e-01
 @simulation.run: Average timings at MD step  387500. t/step: 1.24462e-01
 @simulation.run: Average timings at MD step  387600. t/step: 1.24599e-01
 @simulation.run: Average timings at MD step  387700. t/step: 1.24773e-01
 @simulation.run: Average timings at MD step  387800. t/step: 1.24618e-01
 @simulation.run: Average timings at MD step  387900. t/step: 1.24481e-01
 @simulation.run: Average timings at MD step  388000. t/step: 1.23918e-01
 @simulation.run: Average timings at MD step  388100. t/step: 1.25222e-01
 @simulation.run: Average timings at MD step  388200. t/step: 1.33580e-01
 @simulation.run: Average timings at MD step  388300. t/step: 1.23716e-01
 @simulation.run: Average timings at MD step  388400. t/step: 1.28975e-01
 @simulation.run: Average timings at MD step  388500. t/step: 1.31530e-01
 @simulation.run: Average timings at MD step  388600. t/step: 1.22092e-01
 @simulation.run: Average timings at MD step  388700. t/step: 1.30105e-01
 @simulation.run: Average timings at MD step  388800. t/step: 1.24264e-01
 @simulation.run: Average timings at MD step  388900. t/step: 1.25869e-01
 @simulation.run: Average timings at MD step  389000. t/step: 1.36829e-01
 @simulation.run: Average timings at MD step  389100. t/step: 1.35453e-01
 @simulation.run: Average timings at MD step  389200. t/step: 1.32126e-01
 @simulation.run: Average timings at MD step  389300. t/step: 1.27492e-01
 @simulation.run: Average timings at MD step  389400. t/step: 1.27524e-01
 @simulation.run: Average timings at MD step  389500. t/step: 1.26052e-01
 @simulation.run: Average timings at MD step  389600. t/step: 1.25259e-01
 @simulation.run: Average timings at MD step  389700. t/step: 1.39052e-01
 @simulation.run: Average timings at MD step  389800. t/step: 1.35471e-01
 @simulation.run: Average timings at MD step  389900. t/step: 1.37699e-01
 @simulation.run: Average timings at MD step  390000. t/step: 1.18817e-01
 @simulation.run: Average timings at MD step  390100. t/step: 1.26288e-01
 @simulation.run: Average timings at MD step  390200. t/step: 1.26751e-01
 @simulation.run: Average timings at MD step  390300. t/step: 1.35224e-01
 @simulation.run: Average timings at MD step  390400. t/step: 1.30497e-01
 @simulation.run: Average timings at MD step  390500. t/step: 1.24254e-01
 @simulation.run: Average timings at MD step  390600. t/step: 1.21946e-01
 @simulation.run: Average timings at MD step  390700. t/step: 1.27466e-01
 @simulation.run: Average timings at MD step  390800. t/step: 1.28449e-01
 @simulation.run: Average timings at MD step  390900. t/step: 1.26117e-01
 @simulation.run: Average timings at MD step  391000. t/step: 1.27055e-01
 @simulation.run: Average timings at MD step  391100. t/step: 1.27393e-01
 @simulation.run: Average timings at MD step  391200. t/step: 1.27003e-01
 @simulation.run: Average timings at MD step  391300. t/step: 1.27005e-01
 @simulation.run: Average timings at MD step  391400. t/step: 1.29280e-01
 @simulation.run: Average timings at MD step  391500. t/step: 1.37137e-01
 @simulation.run: Average timings at MD step  391600. t/step: 1.28095e-01
 @simulation.run: Average timings at MD step  391700. t/step: 1.29770e-01
 @simulation.run: Average timings at MD step  391800. t/step: 1.43843e-01
 @simulation.run: Average timings at MD step  391900. t/step: 1.32365e-01
 @simulation.run: Average timings at MD step  392000. t/step: 1.31336e-01
 @simulation.run: Average timings at MD step  392100. t/step: 1.25718e-01
 @simulation.run: Average timings at MD step  392200. t/step: 1.38102e-01
 @simulation.run: Average timings at MD step  392300. t/step: 1.33519e-01
 @simulation.run: Average timings at MD step  392400. t/step: 1.33648e-01
 @simulation.run: Average timings at MD step  392500. t/step: 1.45994e-01
 @simulation.run: Average timings at MD step  392600. t/step: 1.45447e-01
 @simulation.run: Average timings at MD step  392700. t/step: 1.28588e-01
 @simulation.run: Average timings at MD step  392800. t/step: 1.27392e-01
 @simulation.run: Average timings at MD step  392900. t/step: 1.27296e-01
 @simulation.run: Average timings at MD step  393000. t/step: 1.28938e-01
 @simulation.run: Average timings at MD step  393100. t/step: 1.35753e-01
 @simulation.run: Average timings at MD step  393200. t/step: 1.24057e-01
 @simulation.run: Average timings at MD step  393300. t/step: 1.26129e-01
 @simulation.run: Average timings at MD step  393400. t/step: 1.37942e-01
 @simulation.run: Average timings at MD step  393500. t/step: 1.38263e-01
 @simulation.run: Average timings at MD step  393600. t/step: 1.28849e-01
 @simulation.run: Average timings at MD step  393700. t/step: 1.31014e-01
 @simulation.run: Average timings at MD step  393800. t/step: 1.22795e-01
 @simulation.run: Average timings at MD step  393900. t/step: 1.26543e-01
 @simulation.run: Average timings at MD step  394000. t/step: 1.21546e-01
 @simulation.run: Average timings at MD step  394100. t/step: 1.32308e-01
 @simulation.run: Average timings at MD step  394200. t/step: 1.25126e-01
 @simulation.run: Average timings at MD step  394300. t/step: 1.31576e-01
 @simulation.run: Average timings at MD step  394400. t/step: 1.25118e-01
 @simulation.run: Average timings at MD step  394500. t/step: 1.29313e-01
 @simulation.run: Average timings at MD step  394600. t/step: 1.30933e-01
 @simulation.run: Average timings at MD step  394700. t/step: 1.27139e-01
 @simulation.run: Average timings at MD step  394800. t/step: 1.23487e-01
 @simulation.run: Average timings at MD step  394900. t/step: 1.25464e-01
 @simulation.run: Average timings at MD step  395000. t/step: 1.25460e-01
 @simulation.run: Average timings at MD step  395100. t/step: 1.26875e-01
 @simulation.run: Average timings at MD step  395200. t/step: 1.25426e-01
 @simulation.run: Average timings at MD step  395300. t/step: 1.22519e-01
 @simulation.run: Average timings at MD step  395400. t/step: 1.21860e-01
 @simulation.run: Average timings at MD step  395500. t/step: 1.24765e-01
 @simulation.run: Average timings at MD step  395600. t/step: 1.24530e-01
 @simulation.run: Average timings at MD step  395700. t/step: 1.26090e-01
 @simulation.run: Average timings at MD step  395800. t/step: 1.23135e-01
 @simulation.run: Average timings at MD step  395900. t/step: 1.24339e-01
 @simulation.run: Average timings at MD step  396000. t/step: 1.23834e-01
 @simulation.run: Average timings at MD step  396100. t/step: 1.23995e-01
 @simulation.run: Average timings at MD step  396200. t/step: 1.30582e-01
 @simulation.run: Average timings at MD step  396300. t/step: 1.21893e-01
 @simulation.run: Average timings at MD step  396400. t/step: 1.23481e-01
 @simulation.run: Average timings at MD step  396500. t/step: 1.24132e-01
 @simulation.run: Average timings at MD step  396600. t/step: 1.24191e-01
 @simulation.run: Average timings at MD step  396700. t/step: 1.30063e-01
 @simulation.run: Average timings at MD step  396800. t/step: 1.21720e-01
 @simulation.run: Average timings at MD step  396900. t/step: 1.21774e-01
 @simulation.run: Average timings at MD step  397000. t/step: 1.29217e-01
 @simulation.run: Average timings at MD step  397100. t/step: 1.28352e-01
 @simulation.run: Average timings at MD step  397200. t/step: 1.22407e-01
 @simulation.run: Average timings at MD step  397300. t/step: 1.27104e-01
 @simulation.run: Average timings at MD step  397400. t/step: 1.28358e-01
 @simulation.run: Average timings at MD step  397500. t/step: 1.28209e-01
 @simulation.run: Average timings at MD step  397600. t/step: 1.23288e-01
 @simulation.run: Average timings at MD step  397700. t/step: 1.24616e-01
 @simulation.run: Average timings at MD step  397800. t/step: 1.25675e-01
 @simulation.run: Average timings at MD step  397900. t/step: 1.29124e-01
 @simulation.run: Average timings at MD step  398000. t/step: 1.27651e-01
 @simulation.run: Average timings at MD step  398100. t/step: 1.21820e-01
 @simulation.run: Average timings at MD step  398200. t/step: 1.20442e-01
 @simulation.run: Average timings at MD step  398300. t/step: 1.33535e-01
 @simulation.run: Average timings at MD step  398400. t/step: 1.22685e-01
 @simulation.run: Average timings at MD step  398500. t/step: 1.21529e-01
 @simulation.run: Average timings at MD step  398600. t/step: 1.23667e-01
 @simulation.run: Average timings at MD step  398700. t/step: 1.21771e-01
 @simulation.run: Average timings at MD step  398800. t/step: 1.26663e-01
 @simulation.run: Average timings at MD step  398900. t/step: 1.27497e-01
 @simulation.run: Average timings at MD step  399000. t/step: 1.24171e-01
 @simulation.run: Average timings at MD step  399100. t/step: 1.22951e-01
 @simulation.run: Average timings at MD step  399200. t/step: 1.22370e-01
 @simulation.run: Average timings at MD step  399300. t/step: 1.23734e-01
 @simulation.run: Average timings at MD step  399400. t/step: 1.31521e-01
 @simulation.run: Average timings at MD step  399500. t/step: 1.30942e-01
 @simulation.run: Average timings at MD step  399600. t/step: 1.25977e-01
 @simulation.run: Average timings at MD step  399700. t/step: 1.23536e-01
 @simulation.run: Average timings at MD step  399800. t/step: 1.31574e-01
 @simulation.run: Average timings at MD step  399900. t/step: 1.25587e-01
 @simulation.run: Average timings at MD step  400000. t/step: 1.19876e-01
 @simulation.run: Average timings at MD step  400100. t/step: 1.24344e-01
 @simulation.run: Average timings at MD step  400200. t/step: 1.36570e-01
 @simulation.run: Average timings at MD step  400300. t/step: 1.30425e-01
 @simulation.run: Average timings at MD step  400400. t/step: 1.33309e-01
 @simulation.run: Average timings at MD step  400500. t/step: 1.23870e-01
 @simulation.run: Average timings at MD step  400600. t/step: 1.23355e-01
 @simulation.run: Average timings at MD step  400700. t/step: 1.32177e-01
 @simulation.run: Average timings at MD step  400800. t/step: 1.25008e-01
 @simulation.run: Average timings at MD step  400900. t/step: 1.24106e-01
 @simulation.run: Average timings at MD step  401000. t/step: 1.22232e-01
 @simulation.run: Average timings at MD step  401100. t/step: 1.31170e-01
 @simulation.run: Average timings at MD step  401200. t/step: 1.26481e-01
 @simulation.run: Average timings at MD step  401300. t/step: 1.24055e-01
 @simulation.run: Average timings at MD step  401400. t/step: 1.22136e-01
 @simulation.run: Average timings at MD step  401500. t/step: 1.25513e-01
 @simulation.run: Average timings at MD step  401600. t/step: 1.22779e-01
 @simulation.run: Average timings at MD step  401700. t/step: 1.26345e-01
 @simulation.run: Average timings at MD step  401800. t/step: 1.32383e-01
 @simulation.run: Average timings at MD step  401900. t/step: 1.32742e-01
 @simulation.run: Average timings at MD step  402000. t/step: 1.22626e-01
 @simulation.run: Average timings at MD step  402100. t/step: 1.20562e-01
 @simulation.run: Average timings at MD step  402200. t/step: 1.23179e-01
 @simulation.run: Average timings at MD step  402300. t/step: 1.29689e-01
 @simulation.run: Average timings at MD step  402400. t/step: 1.24292e-01
 @simulation.run: Average timings at MD step  402500. t/step: 1.22520e-01
 @simulation.run: Average timings at MD step  402600. t/step: 1.36970e-01
 @simulation.run: Average timings at MD step  402700. t/step: 1.23424e-01
 @simulation.run: Average timings at MD step  402800. t/step: 1.25155e-01
 @simulation.run: Average timings at MD step  402900. t/step: 1.22543e-01
 @simulation.run: Average timings at MD step  403000. t/step: 1.28880e-01
 @simulation.run: Average timings at MD step  403100. t/step: 1.29648e-01
 @simulation.run: Average timings at MD step  403200. t/step: 1.26853e-01
 @simulation.run: Average timings at MD step  403300. t/step: 1.27400e-01
 @simulation.run: Average timings at MD step  403400. t/step: 1.23425e-01
 @simulation.run: Average timings at MD step  403500. t/step: 1.32487e-01
 @simulation.run: Average timings at MD step  403600. t/step: 1.36091e-01
 @simulation.run: Average timings at MD step  403700. t/step: 1.24557e-01
 @simulation.run: Average timings at MD step  403800. t/step: 1.31617e-01
 @simulation.run: Average timings at MD step  403900. t/step: 1.21859e-01
 @simulation.run: Average timings at MD step  404000. t/step: 1.23110e-01
 @simulation.run: Average timings at MD step  404100. t/step: 1.30232e-01
 @simulation.run: Average timings at MD step  404200. t/step: 1.30659e-01
 @simulation.run: Average timings at MD step  404300. t/step: 1.25911e-01
 @simulation.run: Average timings at MD step  404400. t/step: 1.22623e-01
 @simulation.run: Average timings at MD step  404500. t/step: 1.24271e-01
 @simulation.run: Average timings at MD step  404600. t/step: 1.24590e-01
 @simulation.run: Average timings at MD step  404700. t/step: 1.22166e-01
 @simulation.run: Average timings at MD step  404800. t/step: 1.23681e-01
 @simulation.run: Average timings at MD step  404900. t/step: 1.24625e-01
 @simulation.run: Average timings at MD step  405000. t/step: 1.23474e-01
 @simulation.run: Average timings at MD step  405100. t/step: 1.22796e-01
 @simulation.run: Average timings at MD step  405200. t/step: 1.20899e-01
 @simulation.run: Average timings at MD step  405300. t/step: 1.19801e-01
 @simulation.run: Average timings at MD step  405400. t/step: 1.24773e-01
 @simulation.run: Average timings at MD step  405500. t/step: 1.21583e-01
 @simulation.run: Average timings at MD step  405600. t/step: 1.22076e-01
 @simulation.run: Average timings at MD step  405700. t/step: 1.29038e-01
 @simulation.run: Average timings at MD step  405800. t/step: 1.21901e-01
 @simulation.run: Average timings at MD step  405900. t/step: 1.36433e-01
 @simulation.run: Average timings at MD step  406000. t/step: 1.29157e-01
 @simulation.run: Average timings at MD step  406100. t/step: 1.24229e-01
 @simulation.run: Average timings at MD step  406200. t/step: 1.24106e-01
 @simulation.run: Average timings at MD step  406300. t/step: 1.22578e-01
 @simulation.run: Average timings at MD step  406400. t/step: 1.24427e-01
 @simulation.run: Average timings at MD step  406500. t/step: 1.21846e-01
 @simulation.run: Average timings at MD step  406600. t/step: 1.28733e-01
 @simulation.run: Average timings at MD step  406700. t/step: 1.23475e-01
 @simulation.run: Average timings at MD step  406800. t/step: 1.21851e-01
 @simulation.run: Average timings at MD step  406900. t/step: 1.21164e-01
 @simulation.run: Average timings at MD step  407000. t/step: 1.22181e-01
 @simulation.run: Average timings at MD step  407100. t/step: 1.25675e-01
 @simulation.run: Average timings at MD step  407200. t/step: 1.20905e-01
 @simulation.run: Average timings at MD step  407300. t/step: 1.21557e-01
 @simulation.run: Average timings at MD step  407400. t/step: 1.22482e-01
 @simulation.run: Average timings at MD step  407500. t/step: 1.22248e-01
 @simulation.run: Average timings at MD step  407600. t/step: 1.19898e-01
 @simulation.run: Average timings at MD step  407700. t/step: 1.19309e-01
 @simulation.run: Average timings at MD step  407800. t/step: 1.24639e-01
 @simulation.run: Average timings at MD step  407900. t/step: 1.20616e-01
 @simulation.run: Average timings at MD step  408000. t/step: 1.28289e-01
 @simulation.run: Average timings at MD step  408100. t/step: 1.20356e-01
 @simulation.run: Average timings at MD step  408200. t/step: 1.19718e-01
 @simulation.run: Average timings at MD step  408300. t/step: 1.21239e-01
 @simulation.run: Average timings at MD step  408400. t/step: 1.19517e-01
 @simulation.run: Average timings at MD step  408500. t/step: 1.20755e-01
 @simulation.run: Average timings at MD step  408600. t/step: 1.21538e-01
 @simulation.run: Average timings at MD step  408700. t/step: 1.21025e-01
 @simulation.run: Average timings at MD step  408800. t/step: 1.29049e-01
 @simulation.run: Average timings at MD step  408900. t/step: 1.29221e-01
 @simulation.run: Average timings at MD step  409000. t/step: 1.24553e-01
 @simulation.run: Average timings at MD step  409100. t/step: 1.22575e-01
 @simulation.run: Average timings at MD step  409200. t/step: 1.24123e-01
 @simulation.run: Average timings at MD step  409300. t/step: 1.23920e-01
 @simulation.run: Average timings at MD step  409400. t/step: 1.24392e-01
 @simulation.run: Average timings at MD step  409500. t/step: 1.22331e-01
 @simulation.run: Average timings at MD step  409600. t/step: 1.24171e-01
 @simulation.run: Average timings at MD step  409700. t/step: 1.24175e-01
 @simulation.run: Average timings at MD step  409800. t/step: 1.20761e-01
 @simulation.run: Average timings at MD step  409900. t/step: 1.23447e-01
 @simulation.run: Average timings at MD step  410000. t/step: 1.21065e-01
 @simulation.run: Average timings at MD step  410100. t/step: 1.31274e-01
 @simulation.run: Average timings at MD step  410200. t/step: 1.22671e-01
 @simulation.run: Average timings at MD step  410300. t/step: 1.21769e-01
 @simulation.run: Average timings at MD step  410400. t/step: 1.21355e-01
 @simulation.run: Average timings at MD step  410500. t/step: 1.24388e-01
 @simulation.run: Average timings at MD step  410600. t/step: 1.20535e-01
 @simulation.run: Average timings at MD step  410700. t/step: 1.21823e-01
 @simulation.run: Average timings at MD step  410800. t/step: 1.21117e-01
 @simulation.run: Average timings at MD step  410900. t/step: 1.23030e-01
 @simulation.run: Average timings at MD step  411000. t/step: 1.23414e-01
 @simulation.run: Average timings at MD step  411100. t/step: 1.33484e-01
 @simulation.run: Average timings at MD step  411200. t/step: 1.22472e-01
 @simulation.run: Average timings at MD step  411300. t/step: 1.26637e-01
 @simulation.run: Average timings at MD step  411400. t/step: 1.18943e-01
 @simulation.run: Average timings at MD step  411500. t/step: 1.21534e-01
 @simulation.run: Average timings at MD step  411600. t/step: 1.22793e-01
 @simulation.run: Average timings at MD step  411700. t/step: 1.37824e-01
 @simulation.run: Average timings at MD step  411800. t/step: 1.29528e-01
 @simulation.run: Average timings at MD step  411900. t/step: 1.24057e-01
 @simulation.run: Average timings at MD step  412000. t/step: 1.28619e-01
 @simulation.run: Average timings at MD step  412100. t/step: 1.24968e-01
 @simulation.run: Average timings at MD step  412200. t/step: 1.37857e-01
 @simulation.run: Average timings at MD step  412300. t/step: 1.24687e-01
 @simulation.run: Average timings at MD step  412400. t/step: 1.19817e-01
 @simulation.run: Average timings at MD step  412500. t/step: 1.21765e-01
 @simulation.run: Average timings at MD step  412600. t/step: 1.29916e-01
 @simulation.run: Average timings at MD step  412700. t/step: 1.24812e-01
 @simulation.run: Average timings at MD step  412800. t/step: 1.23179e-01
 @simulation.run: Average timings at MD step  412900. t/step: 1.20955e-01
 @simulation.run: Average timings at MD step  413000. t/step: 1.25945e-01
 @simulation.run: Average timings at MD step  413100. t/step: 1.20278e-01
 @simulation.run: Average timings at MD step  413200. t/step: 1.21603e-01
 @simulation.run: Average timings at MD step  413300. t/step: 1.22666e-01
 @simulation.run: Average timings at MD step  413400. t/step: 1.22910e-01
 @simulation.run: Average timings at MD step  413500. t/step: 1.21064e-01
 @simulation.run: Average timings at MD step  413600. t/step: 1.24019e-01
 @simulation.run: Average timings at MD step  413700. t/step: 1.28453e-01
 @simulation.run: Average timings at MD step  413800. t/step: 1.21108e-01
 @simulation.run: Average timings at MD step  413900. t/step: 1.22287e-01
 @simulation.run: Average timings at MD step  414000. t/step: 1.22547e-01
 @simulation.run: Average timings at MD step  414100. t/step: 1.23623e-01
 @simulation.run: Average timings at MD step  414200. t/step: 1.21544e-01
 @simulation.run: Average timings at MD step  414300. t/step: 1.23565e-01
 @simulation.run: Average timings at MD step  414400. t/step: 1.36168e-01
 @simulation.run: Average timings at MD step  414500. t/step: 1.28832e-01
 @simulation.run: Average timings at MD step  414600. t/step: 1.28452e-01
 @simulation.run: Average timings at MD step  414700. t/step: 1.29971e-01
 @simulation.run: Average timings at MD step  414800. t/step: 1.24173e-01
 @simulation.run: Average timings at MD step  414900. t/step: 1.22823e-01
 @simulation.run: Average timings at MD step  415000. t/step: 1.24011e-01
 @simulation.run: Average timings at MD step  415100. t/step: 1.24848e-01
 @simulation.run: Average timings at MD step  415200. t/step: 1.26142e-01
 @simulation.run: Average timings at MD step  415300. t/step: 1.28817e-01
 @simulation.run: Average timings at MD step  415400. t/step: 1.29963e-01
 @simulation.run: Average timings at MD step  415500. t/step: 1.23224e-01
 @simulation.run: Average timings at MD step  415600. t/step: 1.20383e-01
 @simulation.run: Average timings at MD step  415700. t/step: 1.29581e-01
 @simulation.run: Average timings at MD step  415800. t/step: 1.29241e-01
 @simulation.run: Average timings at MD step  415900. t/step: 1.20866e-01
 @simulation.run: Average timings at MD step  416000. t/step: 1.22742e-01
 @simulation.run: Average timings at MD step  416100. t/step: 1.20825e-01
 @simulation.run: Average timings at MD step  416200. t/step: 1.21553e-01
 @simulation.run: Average timings at MD step  416300. t/step: 1.20774e-01
 @simulation.run: Average timings at MD step  416400. t/step: 1.27673e-01
 @simulation.run: Average timings at MD step  416500. t/step: 1.19680e-01
 @simulation.run: Average timings at MD step  416600. t/step: 1.19572e-01
 @simulation.run: Average timings at MD step  416700. t/step: 1.20699e-01
 @simulation.run: Average timings at MD step  416800. t/step: 1.20822e-01
 @simulation.run: Average timings at MD step  416900. t/step: 1.20991e-01
 @simulation.run: Average timings at MD step  417000. t/step: 1.20579e-01
 @simulation.run: Average timings at MD step  417100. t/step: 1.23013e-01
 @simulation.run: Average timings at MD step  417200. t/step: 1.18935e-01
 @simulation.run: Average timings at MD step  417300. t/step: 1.21483e-01
 @simulation.run: Average timings at MD step  417400. t/step: 1.26029e-01
 @simulation.run: Average timings at MD step  417500. t/step: 1.27242e-01
 @simulation.run: Average timings at MD step  417600. t/step: 1.34503e-01
 @simulation.run: Average timings at MD step  417700. t/step: 1.23132e-01
 @simulation.run: Average timings at MD step  417800. t/step: 1.24218e-01
 @simulation.run: Average timings at MD step  417900. t/step: 1.24090e-01
 @simulation.run: Average timings at MD step  418000. t/step: 1.28290e-01
 @simulation.run: Average timings at MD step  418100. t/step: 1.30487e-01
 @simulation.run: Average timings at MD step  418200. t/step: 1.20295e-01
 @simulation.run: Average timings at MD step  418300. t/step: 1.22241e-01
 @simulation.run: Average timings at MD step  418400. t/step: 1.24118e-01
 @simulation.run: Average timings at MD step  418500. t/step: 1.29069e-01
 @simulation.run: Average timings at MD step  418600. t/step: 1.21247e-01
 @simulation.run: Average timings at MD step  418700. t/step: 1.20299e-01
 @simulation.run: Average timings at MD step  418800. t/step: 1.33264e-01
 @simulation.run: Average timings at MD step  418900. t/step: 1.21929e-01
 @simulation.run: Average timings at MD step  419000. t/step: 1.20457e-01
 @simulation.run: Average timings at MD step  419100. t/step: 1.21465e-01
 @simulation.run: Average timings at MD step  419200. t/step: 1.24111e-01
 @simulation.run: Average timings at MD step  419300. t/step: 1.27643e-01
 @simulation.run: Average timings at MD step  419400. t/step: 1.22878e-01
 @simulation.run: Average timings at MD step  419500. t/step: 1.23341e-01
 @simulation.run: Average timings at MD step  419600. t/step: 1.20093e-01
 @simulation.run: Average timings at MD step  419700. t/step: 1.21793e-01
 @simulation.run: Average timings at MD step  419800. t/step: 1.21769e-01
 @simulation.run: Average timings at MD step  419900. t/step: 1.28653e-01
 @simulation.run: Average timings at MD step  420000. t/step: 1.31831e-01
 @simulation.run: Average timings at MD step  420100. t/step: 1.29105e-01
 @simulation.run: Average timings at MD step  420200. t/step: 1.22586e-01
 @simulation.run: Average timings at MD step  420300. t/step: 1.27296e-01
 @simulation.run: Average timings at MD step  420400. t/step: 1.29200e-01
 @simulation.run: Average timings at MD step  420500. t/step: 1.34922e-01
 @simulation.run: Average timings at MD step  420600. t/step: 1.30744e-01
 @simulation.run: Average timings at MD step  420700. t/step: 1.24031e-01
 @simulation.run: Average timings at MD step  420800. t/step: 1.24846e-01
 @simulation.run: Average timings at MD step  420900. t/step: 1.24235e-01
 @simulation.run: Average timings at MD step  421000. t/step: 1.27191e-01
 @simulation.run: Average timings at MD step  421100. t/step: 1.22758e-01
 @simulation.run: Average timings at MD step  421200. t/step: 1.21964e-01
 @simulation.run: Average timings at MD step  421300. t/step: 1.24351e-01
 @simulation.run: Average timings at MD step  421400. t/step: 1.20769e-01
 @simulation.run: Average timings at MD step  421500. t/step: 1.21806e-01
 @simulation.run: Average timings at MD step  421600. t/step: 1.23046e-01
 @simulation.run: Average timings at MD step  421700. t/step: 1.24954e-01
 @simulation.run: Average timings at MD step  421800. t/step: 1.45908e-01
 @simulation.run: Average timings at MD step  421900. t/step: 1.19867e-01
 @simulation.run: Average timings at MD step  422000. t/step: 1.26910e-01
 @simulation.run: Average timings at MD step  422100. t/step: 1.30204e-01
 @simulation.run: Average timings at MD step  422200. t/step: 1.22936e-01
 @simulation.run: Average timings at MD step  422300. t/step: 1.27961e-01
 @simulation.run: Average timings at MD step  422400. t/step: 1.26821e-01
 @simulation.run: Average timings at MD step  422500. t/step: 1.29051e-01
 @simulation.run: Average timings at MD step  422600. t/step: 1.32341e-01
 @simulation.run: Average timings at MD step  422700. t/step: 1.34744e-01
 @simulation.run: Average timings at MD step  422800. t/step: 1.24656e-01
 @simulation.run: Average timings at MD step  422900. t/step: 1.27383e-01
 @simulation.run: Average timings at MD step  423000. t/step: 1.40547e-01
 @simulation.run: Average timings at MD step  423100. t/step: 1.42502e-01
 @simulation.run: Average timings at MD step  423200. t/step: 1.44457e-01
 @simulation.run: Average timings at MD step  423300. t/step: 1.45240e-01
 @simulation.run: Average timings at MD step  423400. t/step: 1.42446e-01
 @simulation.run: Average timings at MD step  423500. t/step: 1.35331e-01
 @simulation.run: Average timings at MD step  423600. t/step: 1.38661e-01
 @simulation.run: Average timings at MD step  423700. t/step: 1.28577e-01
 @simulation.run: Average timings at MD step  423800. t/step: 1.52566e-01
 @simulation.run: Average timings at MD step  423900. t/step: 1.31950e-01
 @simulation.run: Average timings at MD step  424000. t/step: 1.35503e-01
 @simulation.run: Average timings at MD step  424100. t/step: 1.33125e-01
 @simulation.run: Average timings at MD step  424200. t/step: 1.38567e-01
 @simulation.run: Average timings at MD step  424300. t/step: 1.28639e-01
 @simulation.run: Average timings at MD step  424400. t/step: 1.29516e-01
 @simulation.run: Average timings at MD step  424500. t/step: 1.43902e-01
 @simulation.run: Average timings at MD step  424600. t/step: 1.30264e-01
 @simulation.run: Average timings at MD step  424700. t/step: 1.37725e-01
 @simulation.run: Average timings at MD step  424800. t/step: 1.35328e-01
 @simulation.run: Average timings at MD step  424900. t/step: 1.33783e-01
 @simulation.run: Average timings at MD step  425000. t/step: 1.38204e-01
 @simulation.run: Average timings at MD step  425100. t/step: 1.34460e-01
 @simulation.run: Average timings at MD step  425200. t/step: 1.39826e-01
 @simulation.run: Average timings at MD step  425300. t/step: 1.35174e-01
 @simulation.run: Average timings at MD step  425400. t/step: 1.43565e-01
 @simulation.run: Average timings at MD step  425500. t/step: 1.34857e-01
 @simulation.run: Average timings at MD step  425600. t/step: 1.39000e-01
 @simulation.run: Average timings at MD step  425700. t/step: 1.39451e-01
 @simulation.run: Average timings at MD step  425800. t/step: 1.31681e-01
 @simulation.run: Average timings at MD step  425900. t/step: 1.57900e-01
 @simulation.run: Average timings at MD step  426000. t/step: 1.41956e-01
 @simulation.run: Average timings at MD step  426100. t/step: 1.42655e-01
 @simulation.run: Average timings at MD step  426200. t/step: 1.38110e-01
 @simulation.run: Average timings at MD step  426300. t/step: 1.42385e-01
 @simulation.run: Average timings at MD step  426400. t/step: 1.28679e-01
 @simulation.run: Average timings at MD step  426500. t/step: 1.31357e-01
 @simulation.run: Average timings at MD step  426600. t/step: 1.24896e-01
 @simulation.run: Average timings at MD step  426700. t/step: 1.29927e-01
 @simulation.run: Average timings at MD step  426800. t/step: 1.28709e-01
 @simulation.run: Average timings at MD step  426900. t/step: 1.34097e-01
 @simulation.run: Average timings at MD step  427000. t/step: 1.30042e-01
 @simulation.run: Average timings at MD step  427100. t/step: 1.33448e-01
 @simulation.run: Average timings at MD step  427200. t/step: 1.24851e-01
 @simulation.run: Average timings at MD step  427300. t/step: 1.26751e-01
 @simulation.run: Average timings at MD step  427400. t/step: 1.28018e-01
 @simulation.run: Average timings at MD step  427500. t/step: 1.30689e-01
 @simulation.run: Average timings at MD step  427600. t/step: 1.27481e-01
 @simulation.run: Average timings at MD step  427700. t/step: 1.37600e-01
 @simulation.run: Average timings at MD step  427800. t/step: 1.34252e-01
 @simulation.run: Average timings at MD step  427900. t/step: 1.29654e-01
 @simulation.run: Average timings at MD step  428000. t/step: 1.19156e-01
 @simulation.run: Average timings at MD step  428100. t/step: 1.27210e-01
 @simulation.run: Average timings at MD step  428200. t/step: 1.30962e-01
 @simulation.run: Average timings at MD step  428300. t/step: 1.27151e-01
 @simulation.run: Average timings at MD step  428400. t/step: 1.27563e-01
 @simulation.run: Average timings at MD step  428500. t/step: 1.30760e-01
 @simulation.run: Average timings at MD step  428600. t/step: 1.28590e-01
 @simulation.run: Average timings at MD step  428700. t/step: 1.25280e-01
 @simulation.run: Average timings at MD step  428800. t/step: 1.24752e-01
 @simulation.run: Average timings at MD step  428900. t/step: 1.44020e-01
 @simulation.run: Average timings at MD step  429000. t/step: 1.33908e-01
 @simulation.run: Average timings at MD step  429100. t/step: 1.21504e-01
 @simulation.run: Average timings at MD step  429200. t/step: 1.19061e-01
 @simulation.run: Average timings at MD step  429300. t/step: 1.22317e-01
 @simulation.run: Average timings at MD step  429400. t/step: 1.32165e-01
 @simulation.run: Average timings at MD step  429500. t/step: 1.30059e-01
 @simulation.run: Average timings at MD step  429600. t/step: 1.38516e-01
 @simulation.run: Average timings at MD step  429700. t/step: 1.18399e-01
 @simulation.run: Average timings at MD step  429800. t/step: 1.21311e-01
 @simulation.run: Average timings at MD step  429900. t/step: 1.23114e-01
 @simulation.run: Average timings at MD step  430000. t/step: 1.21137e-01
 @simulation.run: Average timings at MD step  430100. t/step: 1.23500e-01
 @simulation.run: Average timings at MD step  430200. t/step: 1.31642e-01
 @simulation.run: Average timings at MD step  430300. t/step: 1.21959e-01
 @simulation.run: Average timings at MD step  430400. t/step: 1.31153e-01
 @simulation.run: Average timings at MD step  430500. t/step: 1.23223e-01
 @simulation.run: Average timings at MD step  430600. t/step: 1.31036e-01
 @simulation.run: Average timings at MD step  430700. t/step: 1.23091e-01
 @simulation.run: Average timings at MD step  430800. t/step: 1.25309e-01
 @simulation.run: Average timings at MD step  430900. t/step: 1.24671e-01
 @simulation.run: Average timings at MD step  431000. t/step: 1.44642e-01
 @simulation.run: Average timings at MD step  431100. t/step: 1.28254e-01
 @simulation.run: Average timings at MD step  431200. t/step: 1.32559e-01
 @simulation.run: Average timings at MD step  431300. t/step: 1.34932e-01
 @simulation.run: Average timings at MD step  431400. t/step: 1.34946e-01
 @simulation.run: Average timings at MD step  431500. t/step: 1.30419e-01
 @simulation.run: Average timings at MD step  431600. t/step: 1.28029e-01
 @simulation.run: Average timings at MD step  431700. t/step: 1.28393e-01
 @simulation.run: Average timings at MD step  431800. t/step: 1.28766e-01
 @simulation.run: Average timings at MD step  431900. t/step: 1.26200e-01
 @simulation.run: Average timings at MD step  432000. t/step: 1.24849e-01
 @simulation.run: Average timings at MD step  432100. t/step: 1.30973e-01
 @simulation.run: Average timings at MD step  432200. t/step: 1.37408e-01
 @simulation.run: Average timings at MD step  432300. t/step: 1.35738e-01
 @simulation.run: Average timings at MD step  432400. t/step: 1.28616e-01
 @simulation.run: Average timings at MD step  432500. t/step: 1.35363e-01
 @simulation.run: Average timings at MD step  432600. t/step: 1.28602e-01
 @simulation.run: Average timings at MD step  432700. t/step: 1.27019e-01
 @simulation.run: Average timings at MD step  432800. t/step: 1.27116e-01
 @simulation.run: Average timings at MD step  432900. t/step: 1.28820e-01
 @simulation.run: Average timings at MD step  433000. t/step: 1.25801e-01
 @simulation.run: Average timings at MD step  433100. t/step: 1.33852e-01
 @simulation.run: Average timings at MD step  433200. t/step: 1.26761e-01
 @simulation.run: Average timings at MD step  433300. t/step: 1.26707e-01
 @simulation.run: Average timings at MD step  433400. t/step: 1.28355e-01
 @simulation.run: Average timings at MD step  433500. t/step: 1.31684e-01
 @simulation.run: Average timings at MD step  433600. t/step: 1.29789e-01
 @simulation.run: Average timings at MD step  433700. t/step: 1.28317e-01
 @simulation.run: Average timings at MD step  433800. t/step: 1.27622e-01
 @simulation.run: Average timings at MD step  433900. t/step: 1.28189e-01
 @simulation.run: Average timings at MD step  434000. t/step: 1.28494e-01
 @simulation.run: Average timings at MD step  434100. t/step: 1.28830e-01
 @simulation.run: Average timings at MD step  434200. t/step: 1.28632e-01
 @simulation.run: Average timings at MD step  434300. t/step: 1.28825e-01
 @simulation.run: Average timings at MD step  434400. t/step: 1.29438e-01
 @simulation.run: Average timings at MD step  434500. t/step: 1.32102e-01
 @simulation.run: Average timings at MD step  434600. t/step: 1.29509e-01
 @simulation.run: Average timings at MD step  434700. t/step: 1.28557e-01
 @simulation.run: Average timings at MD step  434800. t/step: 1.27055e-01
 @simulation.run: Average timings at MD step  434900. t/step: 1.30796e-01
 @simulation.run: Average timings at MD step  435000. t/step: 1.57213e-01
 @simulation.run: Average timings at MD step  435100. t/step: 1.40427e-01
 @simulation.run: Average timings at MD step  435200. t/step: 1.27303e-01
 @simulation.run: Average timings at MD step  435300. t/step: 1.25954e-01
 @simulation.run: Average timings at MD step  435400. t/step: 1.24600e-01
 @simulation.run: Average timings at MD step  435500. t/step: 1.26535e-01
 @simulation.run: Average timings at MD step  435600. t/step: 1.24961e-01
 @simulation.run: Average timings at MD step  435700. t/step: 1.34676e-01
 @simulation.run: Average timings at MD step  435800. t/step: 1.29369e-01
 @simulation.run: Average timings at MD step  435900. t/step: 1.24636e-01
 @simulation.run: Average timings at MD step  436000. t/step: 1.24845e-01
 @simulation.run: Average timings at MD step  436100. t/step: 1.25477e-01
 @simulation.run: Average timings at MD step  436200. t/step: 1.27240e-01
 @simulation.run: Average timings at MD step  436300. t/step: 1.25200e-01
 @simulation.run: Average timings at MD step  436400. t/step: 1.28446e-01
 @simulation.run: Average timings at MD step  436500. t/step: 1.30152e-01
 @simulation.run: Average timings at MD step  436600. t/step: 1.26870e-01
 @simulation.run: Average timings at MD step  436700. t/step: 1.29485e-01
 @simulation.run: Average timings at MD step  436800. t/step: 1.34117e-01
 @simulation.run: Average timings at MD step  436900. t/step: 1.43927e-01
 @simulation.run: Average timings at MD step  437000. t/step: 1.33620e-01
 @simulation.run: Average timings at MD step  437100. t/step: 1.30436e-01
 @simulation.run: Average timings at MD step  437200. t/step: 1.29526e-01
 @simulation.run: Average timings at MD step  437300. t/step: 1.32468e-01
 @simulation.run: Average timings at MD step  437400. t/step: 1.27804e-01
 @simulation.run: Average timings at MD step  437500. t/step: 1.27234e-01
 @simulation.run: Average timings at MD step  437600. t/step: 1.25848e-01
 @simulation.run: Average timings at MD step  437700. t/step: 1.28740e-01
 @simulation.run: Average timings at MD step  437800. t/step: 1.30375e-01
 @simulation.run: Average timings at MD step  437900. t/step: 1.29631e-01
 @simulation.run: Average timings at MD step  438000. t/step: 1.27350e-01
 @simulation.run: Average timings at MD step  438100. t/step: 1.26099e-01
 @simulation.run: Average timings at MD step  438200. t/step: 1.26955e-01
 @simulation.run: Average timings at MD step  438300. t/step: 1.29528e-01
 @simulation.run: Average timings at MD step  438400. t/step: 1.26816e-01
 @simulation.run: Average timings at MD step  438500. t/step: 1.27595e-01
 @simulation.run: Average timings at MD step  438600. t/step: 1.27362e-01
 @simulation.run: Average timings at MD step  438700. t/step: 1.23225e-01
 @simulation.run: Average timings at MD step  438800. t/step: 1.27909e-01
 @simulation.run: Average timings at MD step  438900. t/step: 1.20995e-01
 @simulation.run: Average timings at MD step  439000. t/step: 1.23271e-01
 @simulation.run: Average timings at MD step  439100. t/step: 1.21694e-01
 @simulation.run: Average timings at MD step  439200. t/step: 1.19906e-01
 @simulation.run: Average timings at MD step  439300. t/step: 1.32351e-01
 @simulation.run: Average timings at MD step  439400. t/step: 1.30512e-01
 @simulation.run: Average timings at MD step  439500. t/step: 1.26052e-01
 @simulation.run: Average timings at MD step  439600. t/step: 1.28390e-01
 @simulation.run: Average timings at MD step  439700. t/step: 1.37375e-01
 @simulation.run: Average timings at MD step  439800. t/step: 1.34007e-01
 @simulation.run: Average timings at MD step  439900. t/step: 1.27280e-01
 @simulation.run: Average timings at MD step  440000. t/step: 1.25822e-01
 @simulation.run: Average timings at MD step  440100. t/step: 1.28783e-01
 @simulation.run: Average timings at MD step  440200. t/step: 1.25774e-01
 @simulation.run: Average timings at MD step  440300. t/step: 1.39028e-01
 @simulation.run: Average timings at MD step  440400. t/step: 1.27494e-01
 @simulation.run: Average timings at MD step  440500. t/step: 1.28956e-01
 @simulation.run: Average timings at MD step  440600. t/step: 1.24736e-01
 @simulation.run: Average timings at MD step  440700. t/step: 1.24849e-01
 @simulation.run: Average timings at MD step  440800. t/step: 1.30139e-01
 @simulation.run: Average timings at MD step  440900. t/step: 1.31009e-01
 @simulation.run: Average timings at MD step  441000. t/step: 1.28077e-01
 @simulation.run: Average timings at MD step  441100. t/step: 1.26804e-01
 @simulation.run: Average timings at MD step  441200. t/step: 1.28683e-01
 @simulation.run: Average timings at MD step  441300. t/step: 1.36559e-01
 @simulation.run: Average timings at MD step  441400. t/step: 1.28168e-01
 @simulation.run: Average timings at MD step  441500. t/step: 1.35592e-01
 @simulation.run: Average timings at MD step  441600. t/step: 1.26222e-01
 @simulation.run: Average timings at MD step  441700. t/step: 1.24838e-01
 @simulation.run: Average timings at MD step  441800. t/step: 1.24458e-01
 @simulation.run: Average timings at MD step  441900. t/step: 1.28317e-01
 @simulation.run: Average timings at MD step  442000. t/step: 1.26597e-01
 @simulation.run: Average timings at MD step  442100. t/step: 1.33032e-01
 @simulation.run: Average timings at MD step  442200. t/step: 1.21944e-01
 @simulation.run: Average timings at MD step  442300. t/step: 1.25996e-01
 @simulation.run: Average timings at MD step  442400. t/step: 1.31541e-01
 @simulation.run: Average timings at MD step  442500. t/step: 1.31615e-01
 @simulation.run: Average timings at MD step  442600. t/step: 1.25436e-01
 @simulation.run: Average timings at MD step  442700. t/step: 1.32335e-01
 @simulation.run: Average timings at MD step  442800. t/step: 1.37466e-01
 @simulation.run: Average timings at MD step  442900. t/step: 1.25174e-01
 @simulation.run: Average timings at MD step  443000. t/step: 1.25566e-01
 @simulation.run: Average timings at MD step  443100. t/step: 1.32150e-01
 @simulation.run: Average timings at MD step  443200. t/step: 1.25197e-01
 @simulation.run: Average timings at MD step  443300. t/step: 1.25253e-01
 @simulation.run: Average timings at MD step  443400. t/step: 1.28176e-01
 @simulation.run: Average timings at MD step  443500. t/step: 1.21038e-01
 @simulation.run: Average timings at MD step  443600. t/step: 1.38377e-01
 @simulation.run: Average timings at MD step  443700. t/step: 1.22445e-01
 @simulation.run: Average timings at MD step  443800. t/step: 1.20773e-01
 @simulation.run: Average timings at MD step  443900. t/step: 1.22796e-01
 @simulation.run: Average timings at MD step  444000. t/step: 1.31479e-01
 @simulation.run: Average timings at MD step  444100. t/step: 1.23772e-01
 @simulation.run: Average timings at MD step  444200. t/step: 1.25814e-01
 @simulation.run: Average timings at MD step  444300. t/step: 1.20994e-01
 @simulation.run: Average timings at MD step  444400. t/step: 1.21067e-01
 @simulation.run: Average timings at MD step  444500. t/step: 1.23360e-01
 @simulation.run: Average timings at MD step  444600. t/step: 1.21121e-01
 @simulation.run: Average timings at MD step  444700. t/step: 1.20545e-01
 @simulation.run: Average timings at MD step  444800. t/step: 1.23900e-01
 @simulation.run: Average timings at MD step  444900. t/step: 1.21637e-01
 @simulation.run: Average timings at MD step  445000. t/step: 1.23780e-01
 @simulation.run: Average timings at MD step  445100. t/step: 1.21963e-01
 @simulation.run: Average timings at MD step  445200. t/step: 1.25136e-01
 @simulation.run: Average timings at MD step  445300. t/step: 1.28457e-01
 @simulation.run: Average timings at MD step  445400. t/step: 1.31048e-01
 @simulation.run: Average timings at MD step  445500. t/step: 1.29275e-01
 @simulation.run: Average timings at MD step  445600. t/step: 1.31360e-01
 @simulation.run: Average timings at MD step  445700. t/step: 1.29150e-01
 @simulation.run: Average timings at MD step  445800. t/step: 1.27912e-01
 @simulation.run: Average timings at MD step  445900. t/step: 1.26903e-01
 @simulation.run: Average timings at MD step  446000. t/step: 1.26950e-01
 @simulation.run: Average timings at MD step  446100. t/step: 1.25388e-01
 @simulation.run: Average timings at MD step  446200. t/step: 1.35698e-01
 @simulation.run: Average timings at MD step  446300. t/step: 1.41128e-01
 @simulation.run: Average timings at MD step  446400. t/step: 1.26461e-01
 @simulation.run: Average timings at MD step  446500. t/step: 1.26691e-01
 @simulation.run: Average timings at MD step  446600. t/step: 1.24824e-01
 @simulation.run: Average timings at MD step  446700. t/step: 1.25677e-01
 @simulation.run: Average timings at MD step  446800. t/step: 1.31127e-01
 @simulation.run: Average timings at MD step  446900. t/step: 1.25882e-01
 @simulation.run: Average timings at MD step  447000. t/step: 1.26507e-01
 @simulation.run: Average timings at MD step  447100. t/step: 1.30606e-01
 @simulation.run: Average timings at MD step  447200. t/step: 1.25819e-01
 @simulation.run: Average timings at MD step  447300. t/step: 1.21536e-01
 @simulation.run: Average timings at MD step  447400. t/step: 1.31582e-01
 @simulation.run: Average timings at MD step  447500. t/step: 1.21107e-01
 @simulation.run: Average timings at MD step  447600. t/step: 1.31739e-01
 @simulation.run: Average timings at MD step  447700. t/step: 1.24641e-01
 @simulation.run: Average timings at MD step  447800. t/step: 1.31084e-01
 @simulation.run: Average timings at MD step  447900. t/step: 1.23744e-01
 @simulation.run: Average timings at MD step  448000. t/step: 1.32333e-01
 @simulation.run: Average timings at MD step  448100. t/step: 1.28553e-01
 @simulation.run: Average timings at MD step  448200. t/step: 1.27903e-01
 @simulation.run: Average timings at MD step  448300. t/step: 1.27300e-01
 @simulation.run: Average timings at MD step  448400. t/step: 1.32593e-01
 @simulation.run: Average timings at MD step  448500. t/step: 1.36354e-01
 @simulation.run: Average timings at MD step  448600. t/step: 1.34407e-01
 @simulation.run: Average timings at MD step  448700. t/step: 1.26163e-01
 @simulation.run: Average timings at MD step  448800. t/step: 1.23966e-01
 @simulation.run: Average timings at MD step  448900. t/step: 1.23858e-01
 @simulation.run: Average timings at MD step  449000. t/step: 1.25264e-01
 @simulation.run: Average timings at MD step  449100. t/step: 1.26475e-01
 @simulation.run: Average timings at MD step  449200. t/step: 1.32552e-01
 @simulation.run: Average timings at MD step  449300. t/step: 1.23698e-01
 @simulation.run: Average timings at MD step  449400. t/step: 1.33104e-01
 @simulation.run: Average timings at MD step  449500. t/step: 1.29730e-01
 @simulation.run: Average timings at MD step  449600. t/step: 1.27827e-01
 @simulation.run: Average timings at MD step  449700. t/step: 1.34859e-01
 @simulation.run: Average timings at MD step  449800. t/step: 1.25089e-01
 @simulation.run: Average timings at MD step  449900. t/step: 1.24312e-01
 @simulation.run: Average timings at MD step  450000. t/step: 1.23195e-01
 @simulation.run: Average timings at MD step  450100. t/step: 1.34940e-01
 @simulation.run: Average timings at MD step  450200. t/step: 1.34336e-01
 @simulation.run: Average timings at MD step  450300. t/step: 1.30784e-01
 @simulation.run: Average timings at MD step  450400. t/step: 1.28181e-01
 @simulation.run: Average timings at MD step  450500. t/step: 1.29844e-01
 @simulation.run: Average timings at MD step  450600. t/step: 1.25892e-01
 @simulation.run: Average timings at MD step  450700. t/step: 1.22931e-01
 @simulation.run: Average timings at MD step  450800. t/step: 1.35973e-01
 @simulation.run: Average timings at MD step  450900. t/step: 1.28576e-01
 @simulation.run: Average timings at MD step  451000. t/step: 1.39704e-01
 @simulation.run: Average timings at MD step  451100. t/step: 1.36365e-01
 @simulation.run: Average timings at MD step  451200. t/step: 1.32283e-01
 @simulation.run: Average timings at MD step  451300. t/step: 1.27144e-01
 @simulation.run: Average timings at MD step  451400. t/step: 1.26117e-01
 @simulation.run: Average timings at MD step  451500. t/step: 1.23641e-01
 @simulation.run: Average timings at MD step  451600. t/step: 1.26126e-01
 @simulation.run: Average timings at MD step  451700. t/step: 1.32130e-01
 @simulation.run: Average timings at MD step  451800. t/step: 1.27163e-01
 @simulation.run: Average timings at MD step  451900. t/step: 1.31402e-01
 @simulation.run: Average timings at MD step  452000. t/step: 1.23388e-01
 @simulation.run: Average timings at MD step  452100. t/step: 1.26681e-01
 @simulation.run: Average timings at MD step  452200. t/step: 1.26439e-01
 @simulation.run: Average timings at MD step  452300. t/step: 1.33833e-01
 @simulation.run: Average timings at MD step  452400. t/step: 1.24695e-01
 @simulation.run: Average timings at MD step  452500. t/step: 1.32169e-01
 @simulation.run: Average timings at MD step  452600. t/step: 1.24200e-01
 @simulation.run: Average timings at MD step  452700. t/step: 1.26537e-01
 @simulation.run: Average timings at MD step  452800. t/step: 1.25846e-01
 @simulation.run: Average timings at MD step  452900. t/step: 1.23742e-01
 @simulation.run: Average timings at MD step  453000. t/step: 1.33145e-01
 @simulation.run: Average timings at MD step  453100. t/step: 1.27235e-01
 @simulation.run: Average timings at MD step  453200. t/step: 1.32614e-01
 @simulation.run: Average timings at MD step  453300. t/step: 1.25836e-01
 @simulation.run: Average timings at MD step  453400. t/step: 1.25400e-01
 @simulation.run: Average timings at MD step  453500. t/step: 1.27420e-01
 @simulation.run: Average timings at MD step  453600. t/step: 1.32078e-01
 @simulation.run: Average timings at MD step  453700. t/step: 1.30034e-01
 @simulation.run: Average timings at MD step  453800. t/step: 1.23013e-01
 @simulation.run: Average timings at MD step  453900. t/step: 1.25154e-01
 @simulation.run: Average timings at MD step  454000. t/step: 1.25403e-01
 @simulation.run: Average timings at MD step  454100. t/step: 1.24593e-01
 @simulation.run: Average timings at MD step  454200. t/step: 1.30434e-01
 @simulation.run: Average timings at MD step  454300. t/step: 1.24219e-01
 @simulation.run: Average timings at MD step  454400. t/step: 1.26108e-01
 @simulation.run: Average timings at MD step  454500. t/step: 1.25705e-01
 @simulation.run: Average timings at MD step  454600. t/step: 1.25889e-01
 @simulation.run: Average timings at MD step  454700. t/step: 1.22426e-01
 @simulation.run: Average timings at MD step  454800. t/step: 1.22903e-01
 @simulation.run: Average timings at MD step  454900. t/step: 1.25241e-01
 @simulation.run: Average timings at MD step  455000. t/step: 1.30093e-01
 @simulation.run: Average timings at MD step  455100. t/step: 1.36345e-01
 @simulation.run: Average timings at MD step  455200. t/step: 1.25996e-01
 @simulation.run: Average timings at MD step  455300. t/step: 1.22216e-01
 @simulation.run: Average timings at MD step  455400. t/step: 1.24438e-01
 @simulation.run: Average timings at MD step  455500. t/step: 1.30799e-01
 @simulation.run: Average timings at MD step  455600. t/step: 1.24327e-01
 @simulation.run: Average timings at MD step  455700. t/step: 1.25560e-01
 @simulation.run: Average timings at MD step  455800. t/step: 1.26419e-01
 @simulation.run: Average timings at MD step  455900. t/step: 1.25281e-01
 @simulation.run: Average timings at MD step  456000. t/step: 1.24258e-01
 @simulation.run: Average timings at MD step  456100. t/step: 1.26987e-01
 @simulation.run: Average timings at MD step  456200. t/step: 1.25922e-01
 @simulation.run: Average timings at MD step  456300. t/step: 1.23639e-01
 @simulation.run: Average timings at MD step  456400. t/step: 1.28637e-01
 @simulation.run: Average timings at MD step  456500. t/step: 1.28419e-01
 @simulation.run: Average timings at MD step  456600. t/step: 1.28887e-01
 @simulation.run: Average timings at MD step  456700. t/step: 1.25894e-01
 @simulation.run: Average timings at MD step  456800. t/step: 1.26375e-01
 @simulation.run: Average timings at MD step  456900. t/step: 1.32710e-01
 @simulation.run: Average timings at MD step  457000. t/step: 1.27105e-01
 @simulation.run: Average timings at MD step  457100. t/step: 1.21769e-01
 @simulation.run: Average timings at MD step  457200. t/step: 1.23470e-01
 @simulation.run: Average timings at MD step  457300. t/step: 1.25859e-01
 @simulation.run: Average timings at MD step  457400. t/step: 1.27271e-01
 @simulation.run: Average timings at MD step  457500. t/step: 1.28638e-01
 @simulation.run: Average timings at MD step  457600. t/step: 1.23869e-01
 @simulation.run: Average timings at MD step  457700. t/step: 1.26783e-01
 @simulation.run: Average timings at MD step  457800. t/step: 1.37815e-01
 @simulation.run: Average timings at MD step  457900. t/step: 1.25918e-01
 @simulation.run: Average timings at MD step  458000. t/step: 1.25764e-01
 @simulation.run: Average timings at MD step  458100. t/step: 1.32781e-01
 @simulation.run: Average timings at MD step  458200. t/step: 1.26294e-01
 @simulation.run: Average timings at MD step  458300. t/step: 1.24243e-01
 @simulation.run: Average timings at MD step  458400. t/step: 1.22662e-01
 @simulation.run: Average timings at MD step  458500. t/step: 1.22563e-01
 @simulation.run: Average timings at MD step  458600. t/step: 1.23250e-01
 @simulation.run: Average timings at MD step  458700. t/step: 1.24321e-01
 @simulation.run: Average timings at MD step  458800. t/step: 1.27141e-01
 @simulation.run: Average timings at MD step  458900. t/step: 1.24266e-01
 @simulation.run: Average timings at MD step  459000. t/step: 1.25427e-01
 @simulation.run: Average timings at MD step  459100. t/step: 1.23923e-01
 @simulation.run: Average timings at MD step  459200. t/step: 1.27076e-01
 @simulation.run: Average timings at MD step  459300. t/step: 1.28425e-01
 @simulation.run: Average timings at MD step  459400. t/step: 1.27206e-01
 @simulation.run: Average timings at MD step  459500. t/step: 1.25508e-01
 @simulation.run: Average timings at MD step  459600. t/step: 1.25725e-01
 @simulation.run: Average timings at MD step  459700. t/step: 1.26975e-01
 @simulation.run: Average timings at MD step  459800. t/step: 1.28456e-01
 @simulation.run: Average timings at MD step  459900. t/step: 1.30767e-01
 @simulation.run: Average timings at MD step  460000. t/step: 1.25704e-01
 @simulation.run: Average timings at MD step  460100. t/step: 1.30032e-01
 @simulation.run: Average timings at MD step  460200. t/step: 1.29731e-01
 @simulation.run: Average timings at MD step  460300. t/step: 1.32731e-01
 @simulation.run: Average timings at MD step  460400. t/step: 1.26376e-01
 @simulation.run: Average timings at MD step  460500. t/step: 1.28999e-01
 @simulation.run: Average timings at MD step  460600. t/step: 1.34200e-01
 @simulation.run: Average timings at MD step  460700. t/step: 1.33850e-01
 @simulation.run: Average timings at MD step  460800. t/step: 1.29953e-01
 @simulation.run: Average timings at MD step  460900. t/step: 1.28892e-01
 @simulation.run: Average timings at MD step  461000. t/step: 1.29143e-01
 @simulation.run: Average timings at MD step  461100. t/step: 1.38479e-01
 @simulation.run: Average timings at MD step  461200. t/step: 1.30494e-01
 @simulation.run: Average timings at MD step  461300. t/step: 1.35910e-01
 @simulation.run: Average timings at MD step  461400. t/step: 1.27296e-01
 @simulation.run: Average timings at MD step  461500. t/step: 1.31367e-01
 @simulation.run: Average timings at MD step  461600. t/step: 1.25254e-01
 @simulation.run: Average timings at MD step  461700. t/step: 1.37195e-01
 @simulation.run: Average timings at MD step  461800. t/step: 1.31670e-01
 @simulation.run: Average timings at MD step  461900. t/step: 1.35909e-01
 @simulation.run: Average timings at MD step  462000. t/step: 1.40454e-01
 @simulation.run: Average timings at MD step  462100. t/step: 1.38590e-01
 @simulation.run: Average timings at MD step  462200. t/step: 1.44039e-01
 @simulation.run: Average timings at MD step  462300. t/step: 1.29890e-01
 @simulation.run: Average timings at MD step  462400. t/step: 1.32716e-01
 @simulation.run: Average timings at MD step  462500. t/step: 1.28627e-01
 @simulation.run: Average timings at MD step  462600. t/step: 1.28544e-01
 @simulation.run: Average timings at MD step  462700. t/step: 1.31691e-01
 @simulation.run: Average timings at MD step  462800. t/step: 1.35754e-01
 @simulation.run: Average timings at MD step  462900. t/step: 1.31986e-01
 @simulation.run: Average timings at MD step  463000. t/step: 1.29627e-01
 @simulation.run: Average timings at MD step  463100. t/step: 1.46553e-01
 @simulation.run: Average timings at MD step  463200. t/step: 1.45749e-01
 @simulation.run: Average timings at MD step  463300. t/step: 1.37367e-01
 @simulation.run: Average timings at MD step  463400. t/step: 1.39778e-01
 @simulation.run: Average timings at MD step  463500. t/step: 1.30111e-01
 @simulation.run: Average timings at MD step  463600. t/step: 1.30097e-01
 @simulation.run: Average timings at MD step  463700. t/step: 1.53294e-01
 @simulation.run: Average timings at MD step  463800. t/step: 1.27751e-01
 @simulation.run: Average timings at MD step  463900. t/step: 1.24693e-01
 @simulation.run: Average timings at MD step  464000. t/step: 1.25268e-01
 @simulation.run: Average timings at MD step  464100. t/step: 1.33794e-01
 @simulation.run: Average timings at MD step  464200. t/step: 1.25569e-01
 @simulation.run: Average timings at MD step  464300. t/step: 1.24592e-01
 @simulation.run: Average timings at MD step  464400. t/step: 1.25907e-01
 @simulation.run: Average timings at MD step  464500. t/step: 1.23981e-01
 @simulation.run: Average timings at MD step  464600. t/step: 1.34756e-01
 @simulation.run: Average timings at MD step  464700. t/step: 1.36804e-01
 @simulation.run: Average timings at MD step  464800. t/step: 1.39092e-01
 @simulation.run: Average timings at MD step  464900. t/step: 1.30413e-01
 @simulation.run: Average timings at MD step  465000. t/step: 1.29503e-01
 @simulation.run: Average timings at MD step  465100. t/step: 1.32121e-01
 @simulation.run: Average timings at MD step  465200. t/step: 1.31586e-01
 @simulation.run: Average timings at MD step  465300. t/step: 1.28950e-01
 @simulation.run: Average timings at MD step  465400. t/step: 1.27972e-01
 @simulation.run: Average timings at MD step  465500. t/step: 1.24748e-01
 @simulation.run: Average timings at MD step  465600. t/step: 1.27524e-01
 @simulation.run: Average timings at MD step  465700. t/step: 1.26704e-01
 @simulation.run: Average timings at MD step  465800. t/step: 1.34712e-01
 @simulation.run: Average timings at MD step  465900. t/step: 1.24817e-01
 @simulation.run: Average timings at MD step  466000. t/step: 1.27189e-01
 @simulation.run: Average timings at MD step  466100. t/step: 1.27792e-01
 @simulation.run: Average timings at MD step  466200. t/step: 1.27923e-01
 @simulation.run: Average timings at MD step  466300. t/step: 1.26438e-01
 @simulation.run: Average timings at MD step  466400. t/step: 1.33068e-01
 @simulation.run: Average timings at MD step  466500. t/step: 1.27916e-01
 @simulation.run: Average timings at MD step  466600. t/step: 1.39656e-01
 @simulation.run: Average timings at MD step  466700. t/step: 1.37546e-01
 @simulation.run: Average timings at MD step  466800. t/step: 1.47609e-01
 @simulation.run: Average timings at MD step  466900. t/step: 1.28771e-01
 @simulation.run: Average timings at MD step  467000. t/step: 1.26224e-01
 @simulation.run: Average timings at MD step  467100. t/step: 1.26907e-01
 @simulation.run: Average timings at MD step  467200. t/step: 1.27017e-01
 @simulation.run: Average timings at MD step  467300. t/step: 1.33007e-01
 @simulation.run: Average timings at MD step  467400. t/step: 1.28803e-01
 @simulation.run: Average timings at MD step  467500. t/step: 1.31972e-01
 @simulation.run: Average timings at MD step  467600. t/step: 1.32962e-01
 @simulation.run: Average timings at MD step  467700. t/step: 1.28397e-01
 @simulation.run: Average timings at MD step  467800. t/step: 1.29128e-01
 @simulation.run: Average timings at MD step  467900. t/step: 1.26236e-01
 @simulation.run: Average timings at MD step  468000. t/step: 1.28740e-01
 @simulation.run: Average timings at MD step  468100. t/step: 1.28210e-01
 @simulation.run: Average timings at MD step  468200. t/step: 1.27090e-01
 @simulation.run: Average timings at MD step  468300. t/step: 1.27619e-01
 @simulation.run: Average timings at MD step  468400. t/step: 1.34191e-01
 @simulation.run: Average timings at MD step  468500. t/step: 1.26096e-01
 @simulation.run: Average timings at MD step  468600. t/step: 1.36532e-01
 @simulation.run: Average timings at MD step  468700. t/step: 1.27258e-01
 @simulation.run: Average timings at MD step  468800. t/step: 1.27583e-01
 @simulation.run: Average timings at MD step  468900. t/step: 1.28038e-01
 @simulation.run: Average timings at MD step  469000. t/step: 1.39212e-01
 @simulation.run: Average timings at MD step  469100. t/step: 1.30776e-01
 @simulation.run: Average timings at MD step  469200. t/step: 1.32861e-01
 @simulation.run: Average timings at MD step  469300. t/step: 1.35774e-01
 @simulation.run: Average timings at MD step  469400. t/step: 1.41912e-01
 @simulation.run: Average timings at MD step  469500. t/step: 1.32285e-01
 @simulation.run: Average timings at MD step  469600. t/step: 1.35807e-01
 @simulation.run: Average timings at MD step  469700. t/step: 1.30972e-01
 @simulation.run: Average timings at MD step  469800. t/step: 1.26779e-01
 @simulation.run: Average timings at MD step  469900. t/step: 1.34660e-01
 @simulation.run: Average timings at MD step  470000. t/step: 1.28427e-01
 @simulation.run: Average timings at MD step  470100. t/step: 1.26977e-01
 @simulation.run: Average timings at MD step  470200. t/step: 1.30265e-01
 @simulation.run: Average timings at MD step  470300. t/step: 1.29670e-01
 @simulation.run: Average timings at MD step  470400. t/step: 1.29709e-01
 @simulation.run: Average timings at MD step  470500. t/step: 1.34147e-01
 @simulation.run: Average timings at MD step  470600. t/step: 1.27086e-01
 @simulation.run: Average timings at MD step  470700. t/step: 1.26998e-01
 @simulation.run: Average timings at MD step  470800. t/step: 1.27519e-01
 @simulation.run: Average timings at MD step  470900. t/step: 1.35436e-01
 @simulation.run: Average timings at MD step  471000. t/step: 1.35418e-01
 @simulation.run: Average timings at MD step  471100. t/step: 1.30813e-01
 @simulation.run: Average timings at MD step  471200. t/step: 1.27005e-01
 @simulation.run: Average timings at MD step  471300. t/step: 1.25451e-01
 @simulation.run: Average timings at MD step  471400. t/step: 1.30513e-01
 @simulation.run: Average timings at MD step  471500. t/step: 1.40677e-01
 @simulation.run: Average timings at MD step  471600. t/step: 1.39673e-01
 @simulation.run: Average timings at MD step  471700. t/step: 1.33247e-01
 @simulation.run: Average timings at MD step  471800. t/step: 1.43182e-01
 @simulation.run: Average timings at MD step  471900. t/step: 1.30234e-01
 @simulation.run: Average timings at MD step  472000. t/step: 1.29936e-01
 @simulation.run: Average timings at MD step  472100. t/step: 1.30374e-01
 @simulation.run: Average timings at MD step  472200. t/step: 1.38868e-01
 @simulation.run: Average timings at MD step  472300. t/step: 1.31221e-01
 @simulation.run: Average timings at MD step  472400. t/step: 1.29519e-01
 @simulation.run: Average timings at MD step  472500. t/step: 1.36540e-01
 @simulation.run: Average timings at MD step  472600. t/step: 1.35579e-01
 @simulation.run: Average timings at MD step  472700. t/step: 1.30148e-01
 @simulation.run: Average timings at MD step  472800. t/step: 1.32648e-01
 @simulation.run: Average timings at MD step  472900. t/step: 1.40572e-01
 @simulation.run: Average timings at MD step  473000. t/step: 1.39763e-01
 @simulation.run: Average timings at MD step  473100. t/step: 1.33667e-01
 @simulation.run: Average timings at MD step  473200. t/step: 1.34696e-01
 @simulation.run: Average timings at MD step  473300. t/step: 1.29056e-01
 @simulation.run: Average timings at MD step  473400. t/step: 1.28119e-01
 @simulation.run: Average timings at MD step  473500. t/step: 1.36706e-01
 @simulation.run: Average timings at MD step  473600. t/step: 1.38374e-01
 @simulation.run: Average timings at MD step  473700. t/step: 1.40074e-01
 @simulation.run: Average timings at MD step  473800. t/step: 1.58501e-01
 @simulation.run: Average timings at MD step  473900. t/step: 1.36671e-01
 @simulation.run: Average timings at MD step  474000. t/step: 1.47989e-01
 @simulation.run: Average timings at MD step  474100. t/step: 1.36327e-01
 @simulation.run: Average timings at MD step  474200. t/step: 1.39621e-01
 @simulation.run: Average timings at MD step  474300. t/step: 1.37261e-01
 @simulation.run: Average timings at MD step  474400. t/step: 1.48546e-01
 @simulation.run: Average timings at MD step  474500. t/step: 1.40812e-01
 @simulation.run: Average timings at MD step  474600. t/step: 1.37495e-01
 @simulation.run: Average timings at MD step  474700. t/step: 1.37566e-01
 @simulation.run: Average timings at MD step  474800. t/step: 1.45348e-01
 @simulation.run: Average timings at MD step  474900. t/step: 1.38918e-01
 @simulation.run: Average timings at MD step  475000. t/step: 1.39927e-01
 @simulation.run: Average timings at MD step  475100. t/step: 1.38135e-01
 @simulation.run: Average timings at MD step  475200. t/step: 1.29810e-01
 @simulation.run: Average timings at MD step  475300. t/step: 1.33012e-01
 @simulation.run: Average timings at MD step  475400. t/step: 1.39332e-01
 @simulation.run: Average timings at MD step  475500. t/step: 1.34423e-01
 @simulation.run: Average timings at MD step  475600. t/step: 1.32730e-01
 @simulation.run: Average timings at MD step  475700. t/step: 1.26467e-01
 @simulation.run: Average timings at MD step  475800. t/step: 1.28020e-01
 @simulation.run: Average timings at MD step  475900. t/step: 1.27941e-01
 @simulation.run: Average timings at MD step  476000. t/step: 1.27631e-01
 @simulation.run: Average timings at MD step  476100. t/step: 1.27905e-01
 @simulation.run: Average timings at MD step  476200. t/step: 1.28620e-01
 @simulation.run: Average timings at MD step  476300. t/step: 1.34667e-01
 @simulation.run: Average timings at MD step  476400. t/step: 1.28922e-01
 @simulation.run: Average timings at MD step  476500. t/step: 1.35359e-01
 @simulation.run: Average timings at MD step  476600. t/step: 1.27012e-01
 @simulation.run: Average timings at MD step  476700. t/step: 1.26063e-01
 @simulation.run: Average timings at MD step  476800. t/step: 1.26323e-01
 @simulation.run: Average timings at MD step  476900. t/step: 1.28016e-01
 @simulation.run: Average timings at MD step  477000. t/step: 1.27137e-01
 @simulation.run: Average timings at MD step  477100. t/step: 1.26476e-01
 @simulation.run: Average timings at MD step  477200. t/step: 1.26395e-01
 @simulation.run: Average timings at MD step  477300. t/step: 1.28518e-01
 @simulation.run: Average timings at MD step  477400. t/step: 1.32901e-01
 @simulation.run: Average timings at MD step  477500. t/step: 1.27962e-01
 @simulation.run: Average timings at MD step  477600. t/step: 1.34819e-01
 @simulation.run: Average timings at MD step  477700. t/step: 1.26862e-01
 @simulation.run: Average timings at MD step  477800. t/step: 1.29150e-01
 @simulation.run: Average timings at MD step  477900. t/step: 1.29719e-01
 @simulation.run: Average timings at MD step  478000. t/step: 1.29229e-01
 @simulation.run: Average timings at MD step  478100. t/step: 1.26811e-01
 @simulation.run: Average timings at MD step  478200. t/step: 1.36935e-01
 @simulation.run: Average timings at MD step  478300. t/step: 1.31943e-01
 @simulation.run: Average timings at MD step  478400. t/step: 1.30431e-01
 @simulation.run: Average timings at MD step  478500. t/step: 1.28995e-01
 @simulation.run: Average timings at MD step  478600. t/step: 1.33513e-01
 @simulation.run: Average timings at MD step  478700. t/step: 1.40023e-01
 @simulation.run: Average timings at MD step  478800. t/step: 1.48478e-01
 @simulation.run: Average timings at MD step  478900. t/step: 1.35058e-01
 @simulation.run: Average timings at MD step  479000. t/step: 1.38583e-01
 @simulation.run: Average timings at MD step  479100. t/step: 1.29201e-01
 @simulation.run: Average timings at MD step  479200. t/step: 1.26613e-01
 @simulation.run: Average timings at MD step  479300. t/step: 1.28118e-01
 @simulation.run: Average timings at MD step  479400. t/step: 1.51212e-01
 @simulation.run: Average timings at MD step  479500. t/step: 1.40860e-01
 @simulation.run: Average timings at MD step  479600. t/step: 1.35853e-01
 @simulation.run: Average timings at MD step  479700. t/step: 1.28590e-01
 @simulation.run: Average timings at MD step  479800. t/step: 1.40300e-01
 @simulation.run: Average timings at MD step  479900. t/step: 1.35283e-01
 @simulation.run: Average timings at MD step  480000. t/step: 1.26575e-01
 @simulation.run: Average timings at MD step  480100. t/step: 1.39122e-01
 @simulation.run: Average timings at MD step  480200. t/step: 1.30924e-01
 @simulation.run: Average timings at MD step  480300. t/step: 1.34516e-01
 @simulation.run: Average timings at MD step  480400. t/step: 1.33329e-01
 @simulation.run: Average timings at MD step  480500. t/step: 1.29565e-01
 @simulation.run: Average timings at MD step  480600. t/step: 1.32013e-01
 @simulation.run: Average timings at MD step  480700. t/step: 1.27870e-01
 @simulation.run: Average timings at MD step  480800. t/step: 1.33665e-01
 @simulation.run: Average timings at MD step  480900. t/step: 1.32637e-01
 @simulation.run: Average timings at MD step  481000. t/step: 1.45045e-01
 @simulation.run: Average timings at MD step  481100. t/step: 1.35262e-01
 @simulation.run: Average timings at MD step  481200. t/step: 1.32542e-01
 @simulation.run: Average timings at MD step  481300. t/step: 1.41301e-01
 @simulation.run: Average timings at MD step  481400. t/step: 1.32404e-01
 @simulation.run: Average timings at MD step  481500. t/step: 1.33073e-01
 @simulation.run: Average timings at MD step  481600. t/step: 1.33576e-01
 @simulation.run: Average timings at MD step  481700. t/step: 1.35458e-01
 @simulation.run: Average timings at MD step  481800. t/step: 1.33307e-01
 @simulation.run: Average timings at MD step  481900. t/step: 1.33447e-01
 @simulation.run: Average timings at MD step  482000. t/step: 1.34033e-01
 @simulation.run: Average timings at MD step  482100. t/step: 1.48759e-01
 @simulation.run: Average timings at MD step  482200. t/step: 1.50659e-01
 @simulation.run: Average timings at MD step  482300. t/step: 1.31627e-01
 @simulation.run: Average timings at MD step  482400. t/step: 1.37823e-01
 @simulation.run: Average timings at MD step  482500. t/step: 1.33294e-01
 @simulation.run: Average timings at MD step  482600. t/step: 1.33411e-01
 @simulation.run: Average timings at MD step  482700. t/step: 1.37559e-01
 @simulation.run: Average timings at MD step  482800. t/step: 1.33545e-01
 @simulation.run: Average timings at MD step  482900. t/step: 1.41164e-01
 @simulation.run: Average timings at MD step  483000. t/step: 1.31988e-01
 @simulation.run: Average timings at MD step  483100. t/step: 1.32176e-01
 @simulation.run: Average timings at MD step  483200. t/step: 1.35642e-01
 @simulation.run: Average timings at MD step  483300. t/step: 1.32609e-01
 @simulation.run: Average timings at MD step  483400. t/step: 1.33142e-01
 @simulation.run: Average timings at MD step  483500. t/step: 1.35106e-01
 @simulation.run: Average timings at MD step  483600. t/step: 1.43922e-01
 @simulation.run: Average timings at MD step  483700. t/step: 1.37370e-01
 @simulation.run: Average timings at MD step  483800. t/step: 1.33099e-01
 @simulation.run: Average timings at MD step  483900. t/step: 1.31980e-01
 @simulation.run: Average timings at MD step  484000. t/step: 1.33454e-01
 @simulation.run: Average timings at MD step  484100. t/step: 1.32939e-01
 @simulation.run: Average timings at MD step  484200. t/step: 1.42082e-01
 @simulation.run: Average timings at MD step  484300. t/step: 1.39113e-01
 @simulation.run: Average timings at MD step  484400. t/step: 1.41978e-01
 @simulation.run: Average timings at MD step  484500. t/step: 1.34906e-01
 @simulation.run: Average timings at MD step  484600. t/step: 1.35540e-01
 @simulation.run: Average timings at MD step  484700. t/step: 1.41320e-01
 @simulation.run: Average timings at MD step  484800. t/step: 1.33365e-01
 @simulation.run: Average timings at MD step  484900. t/step: 1.32547e-01
 @simulation.run: Average timings at MD step  485000. t/step: 1.33633e-01
 @simulation.run: Average timings at MD step  485100. t/step: 1.41174e-01
 @simulation.run: Average timings at MD step  485200. t/step: 1.32055e-01
 @simulation.run: Average timings at MD step  485300. t/step: 1.40113e-01
 @simulation.run: Average timings at MD step  485400. t/step: 1.33955e-01
 @simulation.run: Average timings at MD step  485500. t/step: 1.33636e-01
 @simulation.run: Average timings at MD step  485600. t/step: 1.34166e-01
 @simulation.run: Average timings at MD step  485700. t/step: 1.37278e-01
 @simulation.run: Average timings at MD step  485800. t/step: 1.37587e-01
 @simulation.run: Average timings at MD step  485900. t/step: 1.38795e-01
 @simulation.run: Average timings at MD step  486000. t/step: 1.39287e-01
 @simulation.run: Average timings at MD step  486100. t/step: 1.37692e-01
 @simulation.run: Average timings at MD step  486200. t/step: 1.38021e-01
 @simulation.run: Average timings at MD step  486300. t/step: 1.36355e-01
 @simulation.run: Average timings at MD step  486400. t/step: 1.38917e-01
 @simulation.run: Average timings at MD step  486500. t/step: 1.39736e-01
 @simulation.run: Average timings at MD step  486600. t/step: 1.39024e-01
 @simulation.run: Average timings at MD step  486700. t/step: 1.40061e-01
 @simulation.run: Average timings at MD step  486800. t/step: 1.40566e-01
 @simulation.run: Average timings at MD step  486900. t/step: 1.35569e-01
 @simulation.run: Average timings at MD step  487000. t/step: 1.38985e-01
 @simulation.run: Average timings at MD step  487100. t/step: 1.32728e-01
 @simulation.run: Average timings at MD step  487200. t/step: 1.35517e-01
 @simulation.run: Average timings at MD step  487300. t/step: 1.35670e-01
 @simulation.run: Average timings at MD step  487400. t/step: 1.33820e-01
 @simulation.run: Average timings at MD step  487500. t/step: 1.33619e-01
 @simulation.run: Average timings at MD step  487600. t/step: 1.33566e-01
 @simulation.run: Average timings at MD step  487700. t/step: 1.40040e-01
 @simulation.run: Average timings at MD step  487800. t/step: 1.32909e-01
 @simulation.run: Average timings at MD step  487900. t/step: 1.40860e-01
 @simulation.run: Average timings at MD step  488000. t/step: 1.31331e-01
 @simulation.run: Average timings at MD step  488100. t/step: 1.32889e-01
 @simulation.run: Average timings at MD step  488200. t/step: 1.31412e-01
 @simulation.run: Average timings at MD step  488300. t/step: 1.31712e-01
 @simulation.run: Average timings at MD step  488400. t/step: 1.33061e-01
 @simulation.run: Average timings at MD step  488500. t/step: 1.31985e-01
 @simulation.run: Average timings at MD step  488600. t/step: 1.32700e-01
 @simulation.run: Average timings at MD step  488700. t/step: 1.32804e-01
 @simulation.run: Average timings at MD step  488800. t/step: 1.35786e-01
 @simulation.run: Average timings at MD step  488900. t/step: 1.37578e-01
 @simulation.run: Average timings at MD step  489000. t/step: 1.33238e-01
 @simulation.run: Average timings at MD step  489100. t/step: 1.32303e-01
 @simulation.run: Average timings at MD step  489200. t/step: 1.39843e-01
 @simulation.run: Average timings at MD step  489300. t/step: 1.32537e-01
 @simulation.run: Average timings at MD step  489400. t/step: 1.35326e-01
 @simulation.run: Average timings at MD step  489500. t/step: 1.33674e-01
 @simulation.run: Average timings at MD step  489600. t/step: 1.40542e-01
 @simulation.run: Average timings at MD step  489700. t/step: 1.38034e-01
 @simulation.run: Average timings at MD step  489800. t/step: 1.33427e-01
 @simulation.run: Average timings at MD step  489900. t/step: 1.38406e-01
 @simulation.run: Average timings at MD step  490000. t/step: 1.32050e-01
 @simulation.run: Average timings at MD step  490100. t/step: 1.32310e-01
 @simulation.run: Average timings at MD step  490200. t/step: 1.32337e-01
 @simulation.run: Average timings at MD step  490300. t/step: 1.35169e-01
 @simulation.run: Average timings at MD step  490400. t/step: 1.32200e-01
 @simulation.run: Average timings at MD step  490500. t/step: 1.40029e-01
 @simulation.run: Average timings at MD step  490600. t/step: 1.32733e-01
 @simulation.run: Average timings at MD step  490700. t/step: 1.32295e-01
 @simulation.run: Average timings at MD step  490800. t/step: 1.39764e-01
 @simulation.run: Average timings at MD step  490900. t/step: 1.38090e-01
 @simulation.run: Average timings at MD step  491000. t/step: 1.40949e-01
 @simulation.run: Average timings at MD step  491100. t/step: 1.32490e-01
 @simulation.run: Average timings at MD step  491200. t/step: 1.32156e-01
 @simulation.run: Average timings at MD step  491300. t/step: 1.32487e-01
 @simulation.run: Average timings at MD step  491400. t/step: 1.34227e-01
 @simulation.run: Average timings at MD step  491500. t/step: 1.36675e-01
 @simulation.run: Average timings at MD step  491600. t/step: 1.37505e-01
 @simulation.run: Average timings at MD step  491700. t/step: 1.35562e-01
 @simulation.run: Average timings at MD step  491800. t/step: 1.40424e-01
 @simulation.run: Average timings at MD step  491900. t/step: 1.40780e-01
 @simulation.run: Average timings at MD step  492000. t/step: 1.34679e-01
 @simulation.run: Average timings at MD step  492100. t/step: 1.32681e-01
 @simulation.run: Average timings at MD step  492200. t/step: 1.34735e-01
 @simulation.run: Average timings at MD step  492300. t/step: 1.33341e-01
 @simulation.run: Average timings at MD step  492400. t/step: 1.39222e-01
 @simulation.run: Average timings at MD step  492500. t/step: 1.34055e-01
 @simulation.run: Average timings at MD step  492600. t/step: 1.51600e-01
 @simulation.run: Average timings at MD step  492700. t/step: 1.34792e-01
 @simulation.run: Average timings at MD step  492800. t/step: 1.39420e-01
 @simulation.run: Average timings at MD step  492900. t/step: 1.46403e-01
 @simulation.run: Average timings at MD step  493000. t/step: 1.39385e-01
 @simulation.run: Average timings at MD step  493100. t/step: 1.39786e-01
 @simulation.run: Average timings at MD step  493200. t/step: 1.37808e-01
 @simulation.run: Average timings at MD step  493300. t/step: 1.41362e-01
 @simulation.run: Average timings at MD step  493400. t/step: 1.39302e-01
 @simulation.run: Average timings at MD step  493500. t/step: 1.32746e-01
 @simulation.run: Average timings at MD step  493600. t/step: 1.33861e-01
 @simulation.run: Average timings at MD step  493700. t/step: 1.32615e-01
 @simulation.run: Average timings at MD step  493800. t/step: 1.33175e-01
 @simulation.run: Average timings at MD step  493900. t/step: 1.33020e-01
 @simulation.run: Average timings at MD step  494000. t/step: 1.32579e-01
 @simulation.run: Average timings at MD step  494100. t/step: 1.38807e-01
 @simulation.run: Average timings at MD step  494200. t/step: 1.38060e-01
 @simulation.run: Average timings at MD step  494300. t/step: 1.42493e-01
 @simulation.run: Average timings at MD step  494400. t/step: 1.35856e-01
 @simulation.run: Average timings at MD step  494500. t/step: 1.33425e-01
 @simulation.run: Average timings at MD step  494600. t/step: 1.40030e-01
 @simulation.run: Average timings at MD step  494700. t/step: 1.33702e-01
 @simulation.run: Average timings at MD step  494800. t/step: 1.31366e-01
 @simulation.run: Average timings at MD step  494900. t/step: 1.33409e-01
 @simulation.run: Average timings at MD step  495000. t/step: 1.33402e-01
 @simulation.run: Average timings at MD step  495100. t/step: 1.34984e-01
 @simulation.run: Average timings at MD step  495200. t/step: 1.32389e-01
 @simulation.run: Average timings at MD step  495300. t/step: 1.34596e-01
 @simulation.run: Average timings at MD step  495400. t/step: 1.32430e-01
 @simulation.run: Average timings at MD step  495500. t/step: 1.34812e-01
 @simulation.run: Average timings at MD step  495600. t/step: 1.41116e-01
 @simulation.run: Average timings at MD step  495700. t/step: 1.32737e-01
 @simulation.run: Average timings at MD step  495800. t/step: 1.31951e-01
 @simulation.run: Average timings at MD step  495900. t/step: 1.39988e-01
 @simulation.run: Average timings at MD step  496000. t/step: 1.36327e-01
 @simulation.run: Average timings at MD step  496100. t/step: 1.40021e-01
 @simulation.run: Average timings at MD step  496200. t/step: 1.33751e-01
 @simulation.run: Average timings at MD step  496300. t/step: 1.33960e-01
 @simulation.run: Average timings at MD step  496400. t/step: 1.33993e-01
 @simulation.run: Average timings at MD step  496500. t/step: 1.34677e-01
 @simulation.run: Average timings at MD step  496600. t/step: 1.32564e-01
 @simulation.run: Average timings at MD step  496700. t/step: 1.43473e-01
 @simulation.run: Average timings at MD step  496800. t/step: 1.37234e-01
 @simulation.run: Average timings at MD step  496900. t/step: 1.43033e-01
 @simulation.run: Average timings at MD step  497000. t/step: 1.35789e-01
 @simulation.run: Average timings at MD step  497100. t/step: 1.33295e-01
 @simulation.run: Average timings at MD step  497200. t/step: 1.33562e-01
 @simulation.run: Average timings at MD step  497300. t/step: 1.33696e-01
 @simulation.run: Average timings at MD step  497400. t/step: 1.32863e-01
 @simulation.run: Average timings at MD step  497500. t/step: 1.33434e-01
 @simulation.run: Average timings at MD step  497600. t/step: 1.33012e-01
 @simulation.run: Average timings at MD step  497700. t/step: 1.32422e-01
 @simulation.run: Average timings at MD step  497800. t/step: 1.33733e-01
 @simulation.run: Average timings at MD step  497900. t/step: 1.40063e-01
 @simulation.run: Average timings at MD step  498000. t/step: 1.36631e-01
 @simulation.run: Average timings at MD step  498100. t/step: 1.33699e-01
 @simulation.run: Average timings at MD step  498200. t/step: 1.33741e-01
 @simulation.run: Average timings at MD step  498300. t/step: 1.32686e-01
 @simulation.run: Average timings at MD step  498400. t/step: 1.35858e-01
 @simulation.run: Average timings at MD step  498500. t/step: 1.45356e-01
 @simulation.run: Average timings at MD step  498600. t/step: 1.34665e-01
 @simulation.run: Average timings at MD step  498700. t/step: 1.34817e-01
 @simulation.run: Average timings at MD step  498800. t/step: 1.48398e-01
 @simulation.run: Average timings at MD step  498900. t/step: 1.34276e-01
 @simulation.run: Average timings at MD step  499000. t/step: 1.44862e-01
 @simulation.run: Average timings at MD step  499100. t/step: 1.33060e-01
 @simulation.run: Average timings at MD step  499200. t/step: 1.32885e-01
 @simulation.run: Average timings at MD step  499300. t/step: 1.37264e-01
 @simulation.run: Average timings at MD step  499400. t/step: 1.36170e-01
 @simulation.run: Average timings at MD step  499500. t/step: 1.37230e-01
 @simulation.run: Average timings at MD step  499600. t/step: 1.34346e-01
 @simulation.run: Average timings at MD step  499700. t/step: 1.38417e-01
 @simulation.run: Average timings at MD step  499800. t/step: 1.34875e-01
 @simulation.run: Average timings at MD step  499900. t/step: 1.33728e-01
 @simulation.run: Average timings at MD step  500000. t/step: 1.43440e-01
 @simulation.run: Average timings at MD step  500100. t/step: 1.39021e-01
 @simulation.run: Average timings at MD step  500200. t/step: 1.33835e-01
 @simulation.run: Average timings at MD step  500300. t/step: 1.37061e-01
 @simulation.run: Average timings at MD step  500400. t/step: 1.34694e-01
 @simulation.run: Average timings at MD step  500500. t/step: 1.34105e-01
 @simulation.run: Average timings at MD step  500600. t/step: 1.31864e-01
 @simulation.run: Average timings at MD step  500700. t/step: 1.32682e-01
 @simulation.run: Average timings at MD step  500800. t/step: 1.36384e-01
 @simulation.run: Average timings at MD step  500900. t/step: 1.34018e-01
 @simulation.run: Average timings at MD step  501000. t/step: 1.33906e-01
 @simulation.run: Average timings at MD step  501100. t/step: 1.33570e-01
 @simulation.run: Average timings at MD step  501200. t/step: 1.33906e-01
 @simulation.run: Average timings at MD step  501300. t/step: 1.35526e-01
 @simulation.run: Average timings at MD step  501400. t/step: 1.36579e-01
 @simulation.run: Average timings at MD step  501500. t/step: 1.38170e-01
 @simulation.run: Average timings at MD step  501600. t/step: 1.36643e-01
 @simulation.run: Average timings at MD step  501700. t/step: 1.44211e-01
 @simulation.run: Average timings at MD step  501800. t/step: 1.37064e-01
 @simulation.run: Average timings at MD step  501900. t/step: 1.32541e-01
 @simulation.run: Average timings at MD step  502000. t/step: 1.42167e-01
 @simulation.run: Average timings at MD step  502100. t/step: 1.36342e-01
 @simulation.run: Average timings at MD step  502200. t/step: 1.42751e-01
 @simulation.run: Average timings at MD step  502300. t/step: 1.33805e-01
 @simulation.run: Average timings at MD step  502400. t/step: 1.33994e-01
 @simulation.run: Average timings at MD step  502500. t/step: 1.40792e-01
 @simulation.run: Average timings at MD step  502600. t/step: 1.39323e-01
 @simulation.run: Average timings at MD step  502700. t/step: 1.45222e-01
 @simulation.run: Average timings at MD step  502800. t/step: 1.48587e-01
 @simulation.run: Average timings at MD step  502900. t/step: 1.31625e-01
 @simulation.run: Average timings at MD step  503000. t/step: 1.31829e-01
 @simulation.run: Average timings at MD step  503100. t/step: 1.38029e-01
 @simulation.run: Average timings at MD step  503200. t/step: 1.35663e-01
 @simulation.run: Average timings at MD step  503300. t/step: 1.32895e-01
 @simulation.run: Average timings at MD step  503400. t/step: 1.33757e-01
 @simulation.run: Average timings at MD step  503500. t/step: 1.41891e-01
 @simulation.run: Average timings at MD step  503600. t/step: 1.35332e-01
 @simulation.run: Average timings at MD step  503700. t/step: 1.34804e-01
 @simulation.run: Average timings at MD step  503800. t/step: 1.40495e-01
 @simulation.run: Average timings at MD step  503900. t/step: 1.35787e-01
 @simulation.run: Average timings at MD step  504000. t/step: 1.33098e-01
 @simulation.run: Average timings at MD step  504100. t/step: 1.33918e-01
 @simulation.run: Average timings at MD step  504200. t/step: 1.32406e-01
 @simulation.run: Average timings at MD step  504300. t/step: 1.34461e-01
 @simulation.run: Average timings at MD step  504400. t/step: 1.33676e-01
 @simulation.run: Average timings at MD step  504500. t/step: 1.33850e-01
 @simulation.run: Average timings at MD step  504600. t/step: 1.37301e-01
 @simulation.run: Average timings at MD step  504700. t/step: 1.39082e-01
 @simulation.run: Average timings at MD step  504800. t/step: 1.41358e-01
 @simulation.run: Average timings at MD step  504900. t/step: 1.34558e-01
 @simulation.run: Average timings at MD step  505000. t/step: 1.44703e-01
 @simulation.run: Average timings at MD step  505100. t/step: 1.32864e-01
 @simulation.run: Average timings at MD step  505200. t/step: 1.40138e-01
 @simulation.run: Average timings at MD step  505300. t/step: 1.38256e-01
 @simulation.run: Average timings at MD step  505400. t/step: 1.35995e-01
 @simulation.run: Average timings at MD step  505500. t/step: 1.35187e-01
 @simulation.run: Average timings at MD step  505600. t/step: 1.38419e-01
 @simulation.run: Average timings at MD step  505700. t/step: 1.31094e-01
 @simulation.run: Average timings at MD step  505800. t/step: 1.40044e-01
 @simulation.run: Average timings at MD step  505900. t/step: 1.33056e-01
 @simulation.run: Average timings at MD step  506000. t/step: 1.34907e-01
 @simulation.run: Average timings at MD step  506100. t/step: 1.32452e-01
 @simulation.run: Average timings at MD step  506200. t/step: 1.33051e-01
 @simulation.run: Average timings at MD step  506300. t/step: 1.32462e-01
 @simulation.run: Average timings at MD step  506400. t/step: 1.33904e-01
 @simulation.run: Average timings at MD step  506500. t/step: 1.35141e-01
 @simulation.run: Average timings at MD step  506600. t/step: 1.32657e-01
 @simulation.run: Average timings at MD step  506700. t/step: 1.34927e-01
 @simulation.run: Average timings at MD step  506800. t/step: 1.32615e-01
 @simulation.run: Average timings at MD step  506900. t/step: 1.33154e-01
 @simulation.run: Average timings at MD step  507000. t/step: 1.33693e-01
 @simulation.run: Average timings at MD step  507100. t/step: 1.48710e-01
 @simulation.run: Average timings at MD step  507200. t/step: 1.37489e-01
 @simulation.run: Average timings at MD step  507300. t/step: 1.45085e-01
 @simulation.run: Average timings at MD step  507400. t/step: 1.36585e-01
 @simulation.run: Average timings at MD step  507500. t/step: 1.41196e-01
 @simulation.run: Average timings at MD step  507600. t/step: 1.33698e-01
 @simulation.run: Average timings at MD step  507700. t/step: 1.33781e-01
 @simulation.run: Average timings at MD step  507800. t/step: 1.42653e-01
 @simulation.run: Average timings at MD step  507900. t/step: 1.36997e-01
 @simulation.run: Average timings at MD step  508000. t/step: 1.31706e-01
 @simulation.run: Average timings at MD step  508100. t/step: 1.34668e-01
 @simulation.run: Average timings at MD step  508200. t/step: 1.34110e-01
 @simulation.run: Average timings at MD step  508300. t/step: 1.47078e-01
 @simulation.run: Average timings at MD step  508400. t/step: 1.39790e-01
 @simulation.run: Average timings at MD step  508500. t/step: 1.33074e-01
 @simulation.run: Average timings at MD step  508600. t/step: 1.45948e-01
 @simulation.run: Average timings at MD step  508700. t/step: 1.34736e-01
 @simulation.run: Average timings at MD step  508800. t/step: 1.34283e-01
 @simulation.run: Average timings at MD step  508900. t/step: 1.34696e-01
 @simulation.run: Average timings at MD step  509000. t/step: 1.40677e-01
 @simulation.run: Average timings at MD step  509100. t/step: 1.35147e-01
 @simulation.run: Average timings at MD step  509200. t/step: 1.48402e-01
 @simulation.run: Average timings at MD step  509300. t/step: 1.35247e-01
 @simulation.run: Average timings at MD step  509400. t/step: 1.41072e-01
 @simulation.run: Average timings at MD step  509500. t/step: 1.32478e-01
 @simulation.run: Average timings at MD step  509600. t/step: 1.41174e-01
 @simulation.run: Average timings at MD step  509700. t/step: 1.36459e-01
 @simulation.run: Average timings at MD step  509800. t/step: 1.37507e-01
 @simulation.run: Average timings at MD step  509900. t/step: 1.37365e-01
 @simulation.run: Average timings at MD step  510000. t/step: 1.35822e-01
 @simulation.run: Average timings at MD step  510100. t/step: 1.34321e-01
 @simulation.run: Average timings at MD step  510200. t/step: 1.35515e-01
 @simulation.run: Average timings at MD step  510300. t/step: 1.32426e-01
 @simulation.run: Average timings at MD step  510400. t/step: 1.31807e-01
 @simulation.run: Average timings at MD step  510500. t/step: 1.39403e-01
 @simulation.run: Average timings at MD step  510600. t/step: 1.35360e-01
 @simulation.run: Average timings at MD step  510700. t/step: 1.34673e-01
 @simulation.run: Average timings at MD step  510800. t/step: 1.34578e-01
 @simulation.run: Average timings at MD step  510900. t/step: 1.34625e-01
 @simulation.run: Average timings at MD step  511000. t/step: 1.31675e-01
 @simulation.run: Average timings at MD step  511100. t/step: 1.36388e-01
 @simulation.run: Average timings at MD step  511200. t/step: 1.42546e-01
 @simulation.run: Average timings at MD step  511300. t/step: 1.35451e-01
 @simulation.run: Average timings at MD step  511400. t/step: 1.40259e-01
 @simulation.run: Average timings at MD step  511500. t/step: 1.35579e-01
 @simulation.run: Average timings at MD step  511600. t/step: 1.36058e-01
 @simulation.run: Average timings at MD step  511700. t/step: 1.32945e-01
 @simulation.run: Average timings at MD step  511800. t/step: 1.33162e-01
 @simulation.run: Average timings at MD step  511900. t/step: 1.46231e-01
 @simulation.run: Average timings at MD step  512000. t/step: 1.40305e-01
 @simulation.run: Average timings at MD step  512100. t/step: 1.42894e-01
 @simulation.run: Average timings at MD step  512200. t/step: 1.48085e-01
 @simulation.run: Average timings at MD step  512300. t/step: 1.33395e-01
 @simulation.run: Average timings at MD step  512400. t/step: 1.34715e-01
 @simulation.run: Average timings at MD step  512500. t/step: 1.37347e-01
 @simulation.run: Average timings at MD step  512600. t/step: 1.36388e-01
 @simulation.run: Average timings at MD step  512700. t/step: 1.36789e-01
 @simulation.run: Average timings at MD step  512800. t/step: 1.38861e-01
 @simulation.run: Average timings at MD step  512900. t/step: 1.33783e-01
 @simulation.run: Average timings at MD step  513000. t/step: 1.34873e-01
 @simulation.run: Average timings at MD step  513100. t/step: 1.36930e-01
 @simulation.run: Average timings at MD step  513200. t/step: 1.32512e-01
 @simulation.run: Average timings at MD step  513300. t/step: 1.32589e-01
 @simulation.run: Average timings at MD step  513400. t/step: 1.32972e-01
 @simulation.run: Average timings at MD step  513500. t/step: 1.34006e-01
 @simulation.run: Average timings at MD step  513600. t/step: 1.40188e-01
 @simulation.run: Average timings at MD step  513700. t/step: 1.33258e-01
 @simulation.run: Average timings at MD step  513800. t/step: 1.32251e-01
 @simulation.run: Average timings at MD step  513900. t/step: 1.40097e-01
 @simulation.run: Average timings at MD step  514000. t/step: 1.35702e-01
 @simulation.run: Average timings at MD step  514100. t/step: 1.34514e-01
 @simulation.run: Average timings at MD step  514200. t/step: 1.34588e-01
 @simulation.run: Average timings at MD step  514300. t/step: 1.39640e-01
 @simulation.run: Average timings at MD step  514400. t/step: 1.40407e-01
 @simulation.run: Average timings at MD step  514500. t/step: 1.45022e-01
 @simulation.run: Average timings at MD step  514600. t/step: 1.39241e-01
 @simulation.run: Average timings at MD step  514700. t/step: 1.38215e-01
 @simulation.run: Average timings at MD step  514800. t/step: 1.34028e-01
 @simulation.run: Average timings at MD step  514900. t/step: 1.34036e-01
 @simulation.run: Average timings at MD step  515000. t/step: 1.33151e-01
 @simulation.run: Average timings at MD step  515100. t/step: 1.37597e-01
 @simulation.run: Average timings at MD step  515200. t/step: 1.39462e-01
 @simulation.run: Average timings at MD step  515300. t/step: 1.32194e-01
 @simulation.run: Average timings at MD step  515400. t/step: 1.35264e-01
 @simulation.run: Average timings at MD step  515500. t/step: 1.33242e-01
 @simulation.run: Average timings at MD step  515600. t/step: 1.32104e-01
 @simulation.run: Average timings at MD step  515700. t/step: 1.40238e-01
 @simulation.run: Average timings at MD step  515800. t/step: 1.41018e-01
 @simulation.run: Average timings at MD step  515900. t/step: 1.31877e-01
 @simulation.run: Average timings at MD step  516000. t/step: 1.45884e-01
 @simulation.run: Average timings at MD step  516100. t/step: 1.35271e-01
 @simulation.run: Average timings at MD step  516200. t/step: 1.40571e-01
 @simulation.run: Average timings at MD step  516300. t/step: 1.34685e-01
 @simulation.run: Average timings at MD step  516400. t/step: 1.48192e-01
 @simulation.run: Average timings at MD step  516500. t/step: 1.32401e-01
 @simulation.run: Average timings at MD step  516600. t/step: 1.32695e-01
 @simulation.run: Average timings at MD step  516700. t/step: 1.38386e-01
 @simulation.run: Average timings at MD step  516800. t/step: 1.31734e-01
 @simulation.run: Average timings at MD step  516900. t/step: 1.33130e-01
 @simulation.run: Average timings at MD step  517000. t/step: 1.34773e-01
 @simulation.run: Average timings at MD step  517100. t/step: 1.33109e-01
 @simulation.run: Average timings at MD step  517200. t/step: 1.33629e-01
 @simulation.run: Average timings at MD step  517300. t/step: 1.43687e-01
 @simulation.run: Average timings at MD step  517400. t/step: 1.31377e-01
 @simulation.run: Average timings at MD step  517500. t/step: 1.24855e-01
 @simulation.run: Average timings at MD step  517600. t/step: 1.30403e-01
 @simulation.run: Average timings at MD step  517700. t/step: 1.32233e-01
 @simulation.run: Average timings at MD step  517800. t/step: 1.32975e-01
 @simulation.run: Average timings at MD step  517900. t/step: 1.36735e-01
 @simulation.run: Average timings at MD step  518000. t/step: 1.30975e-01
 @simulation.run: Average timings at MD step  518100. t/step: 1.31513e-01
 @simulation.run: Average timings at MD step  518200. t/step: 1.30792e-01
 @simulation.run: Average timings at MD step  518300. t/step: 1.31898e-01
 @simulation.run: Average timings at MD step  518400. t/step: 1.35868e-01
 @simulation.run: Average timings at MD step  518500. t/step: 1.27553e-01
 @simulation.run: Average timings at MD step  518600. t/step: 1.35338e-01
 @simulation.run: Average timings at MD step  518700. t/step: 1.30941e-01
 @simulation.run: Average timings at MD step  518800. t/step: 1.31653e-01
 @simulation.run: Average timings at MD step  518900. t/step: 1.24789e-01
 @simulation.run: Average timings at MD step  519000. t/step: 1.25207e-01
 @simulation.run: Average timings at MD step  519100. t/step: 1.27303e-01
 @simulation.run: Average timings at MD step  519200. t/step: 1.26929e-01
 @simulation.run: Average timings at MD step  519300. t/step: 1.42633e-01
 @simulation.run: Average timings at MD step  519400. t/step: 1.24545e-01
 @simulation.run: Average timings at MD step  519500. t/step: 1.32372e-01
 @simulation.run: Average timings at MD step  519600. t/step: 1.27704e-01
 @simulation.run: Average timings at MD step  519700. t/step: 1.26219e-01
 @simulation.run: Average timings at MD step  519800. t/step: 1.24581e-01
 @simulation.run: Average timings at MD step  519900. t/step: 1.38222e-01
 @simulation.run: Average timings at MD step  520000. t/step: 1.26684e-01
 @simulation.run: Average timings at MD step  520100. t/step: 1.34109e-01
 @simulation.run: Average timings at MD step  520200. t/step: 1.35916e-01
 @simulation.run: Average timings at MD step  520300. t/step: 1.30152e-01
 @simulation.run: Average timings at MD step  520400. t/step: 1.26289e-01
 @simulation.run: Average timings at MD step  520500. t/step: 1.33092e-01
 @simulation.run: Average timings at MD step  520600. t/step: 1.33989e-01
 @simulation.run: Average timings at MD step  520700. t/step: 1.36654e-01
 @simulation.run: Average timings at MD step  520800. t/step: 1.29946e-01
 @simulation.run: Average timings at MD step  520900. t/step: 1.34310e-01
 @simulation.run: Average timings at MD step  521000. t/step: 1.35943e-01
 @simulation.run: Average timings at MD step  521100. t/step: 1.40667e-01
 @simulation.run: Average timings at MD step  521200. t/step: 1.38788e-01
 @simulation.run: Average timings at MD step  521300. t/step: 1.34457e-01
 @simulation.run: Average timings at MD step  521400. t/step: 1.33626e-01
 @simulation.run: Average timings at MD step  521500. t/step: 1.39443e-01
 @simulation.run: Average timings at MD step  521600. t/step: 1.46656e-01
 @simulation.run: Average timings at MD step  521700. t/step: 1.38565e-01
 @simulation.run: Average timings at MD step  521800. t/step: 1.27764e-01
 @simulation.run: Average timings at MD step  521900. t/step: 1.25200e-01
 @simulation.run: Average timings at MD step  522000. t/step: 1.29468e-01
 @simulation.run: Average timings at MD step  522100. t/step: 1.31503e-01
 @simulation.run: Average timings at MD step  522200. t/step: 1.35705e-01
 @simulation.run: Average timings at MD step  522300. t/step: 1.32537e-01
 @simulation.run: Average timings at MD step  522400. t/step: 1.39075e-01
 @simulation.run: Average timings at MD step  522500. t/step: 1.26322e-01
 @simulation.run: Average timings at MD step  522600. t/step: 1.32101e-01
 @simulation.run: Average timings at MD step  522700. t/step: 1.35532e-01
 @simulation.run: Average timings at MD step  522800. t/step: 1.30554e-01
 @simulation.run: Average timings at MD step  522900. t/step: 1.33804e-01
 @simulation.run: Average timings at MD step  523000. t/step: 1.30977e-01
 @simulation.run: Average timings at MD step  523100. t/step: 1.37035e-01
 @simulation.run: Average timings at MD step  523200. t/step: 1.52803e-01
 @simulation.run: Average timings at MD step  523300. t/step: 1.33232e-01
 @simulation.run: Average timings at MD step  523400. t/step: 1.42067e-01
 @simulation.run: Average timings at MD step  523500. t/step: 1.36057e-01
 @simulation.run: Average timings at MD step  523600. t/step: 1.35206e-01
 @simulation.run: Average timings at MD step  523700. t/step: 1.44041e-01
 @simulation.run: Average timings at MD step  523800. t/step: 1.37727e-01
 @simulation.run: Average timings at MD step  523900. t/step: 1.28368e-01
 @simulation.run: Average timings at MD step  524000. t/step: 1.29701e-01
 @simulation.run: Average timings at MD step  524100. t/step: 1.25644e-01
 @simulation.run: Average timings at MD step  524200. t/step: 1.27083e-01
 @simulation.run: Average timings at MD step  524300. t/step: 1.32052e-01
 @simulation.run: Average timings at MD step  524400. t/step: 1.23690e-01
 @simulation.run: Average timings at MD step  524500. t/step: 1.31366e-01
 @simulation.run: Average timings at MD step  524600. t/step: 1.25481e-01
 @simulation.run: Average timings at MD step  524700. t/step: 1.25817e-01
 @simulation.run: Average timings at MD step  524800. t/step: 1.31669e-01
 @simulation.run: Average timings at MD step  524900. t/step: 1.24891e-01
 @simulation.run: Average timings at MD step  525000. t/step: 1.24208e-01
 @simulation.run: Average timings at MD step  525100. t/step: 1.22715e-01
 @simulation.run: Average timings at MD step  525200. t/step: 1.25990e-01
 @simulation.run: Average timings at MD step  525300. t/step: 1.25157e-01
 @simulation.run: Average timings at MD step  525400. t/step: 1.23054e-01
 @simulation.run: Average timings at MD step  525500. t/step: 1.24317e-01
 @simulation.run: Average timings at MD step  525600. t/step: 1.25849e-01
 @simulation.run: Average timings at MD step  525700. t/step: 1.26367e-01
 @simulation.run: Average timings at MD step  525800. t/step: 1.26052e-01
 @simulation.run: Average timings at MD step  525900. t/step: 1.36969e-01
 @simulation.run: Average timings at MD step  526000. t/step: 1.30438e-01
 @simulation.run: Average timings at MD step  526100. t/step: 1.28668e-01
 @simulation.run: Average timings at MD step  526200. t/step: 1.35378e-01
 @simulation.run: Average timings at MD step  526300. t/step: 1.25677e-01
 @simulation.run: Average timings at MD step  526400. t/step: 1.26382e-01
 @simulation.run: Average timings at MD step  526500. t/step: 1.29007e-01
 @simulation.run: Average timings at MD step  526600. t/step: 1.24482e-01
 @simulation.run: Average timings at MD step  526700. t/step: 1.24632e-01
 @simulation.run: Average timings at MD step  526800. t/step: 1.24559e-01
 @simulation.run: Average timings at MD step  526900. t/step: 1.26159e-01
 @simulation.run: Average timings at MD step  527000. t/step: 1.26002e-01
 @simulation.run: Average timings at MD step  527100. t/step: 1.26954e-01
 @simulation.run: Average timings at MD step  527200. t/step: 1.29852e-01
 @simulation.run: Average timings at MD step  527300. t/step: 1.26677e-01
 @simulation.run: Average timings at MD step  527400. t/step: 1.25252e-01
 @simulation.run: Average timings at MD step  527500. t/step: 1.26272e-01
 @simulation.run: Average timings at MD step  527600. t/step: 1.33278e-01
 @simulation.run: Average timings at MD step  527700. t/step: 1.26176e-01
 @simulation.run: Average timings at MD step  527800. t/step: 1.26843e-01
 @simulation.run: Average timings at MD step  527900. t/step: 1.25681e-01
 @simulation.run: Average timings at MD step  528000. t/step: 1.25923e-01
 @simulation.run: Average timings at MD step  528100. t/step: 1.28103e-01
 @simulation.run: Average timings at MD step  528200. t/step: 1.26637e-01
 @simulation.run: Average timings at MD step  528300. t/step: 1.26426e-01
 @simulation.run: Average timings at MD step  528400. t/step: 1.25332e-01
 @simulation.run: Average timings at MD step  528500. t/step: 1.24813e-01
 @simulation.run: Average timings at MD step  528600. t/step: 1.23909e-01
 @simulation.run: Average timings at MD step  528700. t/step: 1.29652e-01
 @simulation.run: Average timings at MD step  528800. t/step: 1.37781e-01
 @simulation.run: Average timings at MD step  528900. t/step: 1.36640e-01
 @simulation.run: Average timings at MD step  529000. t/step: 1.28650e-01
 @simulation.run: Average timings at MD step  529100. t/step: 1.28062e-01
 @simulation.run: Average timings at MD step  529200. t/step: 1.28889e-01
 @simulation.run: Average timings at MD step  529300. t/step: 1.28067e-01
 @simulation.run: Average timings at MD step  529400. t/step: 1.33077e-01
 @simulation.run: Average timings at MD step  529500. t/step: 1.26886e-01
 @simulation.run: Average timings at MD step  529600. t/step: 1.26930e-01
 @simulation.run: Average timings at MD step  529700. t/step: 1.26184e-01
 @simulation.run: Average timings at MD step  529800. t/step: 1.32736e-01
 @simulation.run: Average timings at MD step  529900. t/step: 1.24871e-01
 @simulation.run: Average timings at MD step  530000. t/step: 1.22916e-01
 @simulation.run: Average timings at MD step  530100. t/step: 1.24979e-01
 @simulation.run: Average timings at MD step  530200. t/step: 1.27114e-01
 @simulation.run: Average timings at MD step  530300. t/step: 1.33205e-01
 @simulation.run: Average timings at MD step  530400. t/step: 1.25057e-01
 @simulation.run: Average timings at MD step  530500. t/step: 1.25773e-01
 @simulation.run: Average timings at MD step  530600. t/step: 1.25867e-01
 @simulation.run: Average timings at MD step  530700. t/step: 1.33883e-01
 @simulation.run: Average timings at MD step  530800. t/step: 1.25528e-01
 @simulation.run: Average timings at MD step  530900. t/step: 1.26721e-01
 @simulation.run: Average timings at MD step  531000. t/step: 1.26058e-01
 @simulation.run: Average timings at MD step  531100. t/step: 1.25211e-01
 @simulation.run: Average timings at MD step  531200. t/step: 1.26523e-01
 @simulation.run: Average timings at MD step  531300. t/step: 1.32007e-01
 @simulation.run: Average timings at MD step  531400. t/step: 1.35155e-01
 @simulation.run: Average timings at MD step  531500. t/step: 1.52191e-01
 @simulation.run: Average timings at MD step  531600. t/step: 1.32813e-01
 @simulation.run: Average timings at MD step  531700. t/step: 1.36528e-01
 @simulation.run: Average timings at MD step  531800. t/step: 1.45646e-01
 @simulation.run: Average timings at MD step  531900. t/step: 1.37528e-01
 @simulation.run: Average timings at MD step  532000. t/step: 1.29349e-01
 @simulation.run: Average timings at MD step  532100. t/step: 1.32538e-01
 @simulation.run: Average timings at MD step  532200. t/step: 1.28671e-01
 @simulation.run: Average timings at MD step  532300. t/step: 1.38653e-01
 @simulation.run: Average timings at MD step  532400. t/step: 1.30185e-01
 @simulation.run: Average timings at MD step  532500. t/step: 1.29165e-01
 @simulation.run: Average timings at MD step  532600. t/step: 1.25464e-01
 @simulation.run: Average timings at MD step  532700. t/step: 1.33839e-01
 @simulation.run: Average timings at MD step  532800. t/step: 1.30910e-01
 @simulation.run: Average timings at MD step  532900. t/step: 1.26229e-01
 @simulation.run: Average timings at MD step  533000. t/step: 1.25291e-01
 @simulation.run: Average timings at MD step  533100. t/step: 1.26793e-01
 @simulation.run: Average timings at MD step  533200. t/step: 1.31584e-01
 @simulation.run: Average timings at MD step  533300. t/step: 1.27447e-01
 @simulation.run: Average timings at MD step  533400. t/step: 1.34928e-01
 @simulation.run: Average timings at MD step  533500. t/step: 1.27971e-01
 @simulation.run: Average timings at MD step  533600. t/step: 1.33940e-01
 @simulation.run: Average timings at MD step  533700. t/step: 1.27014e-01
 @simulation.run: Average timings at MD step  533800. t/step: 1.35503e-01
 @simulation.run: Average timings at MD step  533900. t/step: 1.36409e-01
 @simulation.run: Average timings at MD step  534000. t/step: 1.39411e-01
 @simulation.run: Average timings at MD step  534100. t/step: 1.36639e-01
 @simulation.run: Average timings at MD step  534200. t/step: 1.43424e-01
 @simulation.run: Average timings at MD step  534300. t/step: 1.56251e-01
 @simulation.run: Average timings at MD step  534400. t/step: 1.39305e-01
 @simulation.run: Average timings at MD step  534500. t/step: 1.43369e-01
 @simulation.run: Average timings at MD step  534600. t/step: 1.45453e-01
 @simulation.run: Average timings at MD step  534700. t/step: 1.43321e-01
 @simulation.run: Average timings at MD step  534800. t/step: 1.48812e-01
 @simulation.run: Average timings at MD step  534900. t/step: 1.39052e-01
 @simulation.run: Average timings at MD step  535000. t/step: 1.53307e-01
 @simulation.run: Average timings at MD step  535100. t/step: 1.43404e-01
 @simulation.run: Average timings at MD step  535200. t/step: 1.46483e-01
 @simulation.run: Average timings at MD step  535300. t/step: 1.50436e-01
 @simulation.run: Average timings at MD step  535400. t/step: 1.48092e-01
 @simulation.run: Average timings at MD step  535500. t/step: 1.47456e-01
 @simulation.run: Average timings at MD step  535600. t/step: 1.48103e-01
 @simulation.run: Average timings at MD step  535700. t/step: 1.47830e-01
 @simulation.run: Average timings at MD step  535800. t/step: 1.48736e-01
 @simulation.run: Average timings at MD step  535900. t/step: 1.46620e-01
 @simulation.run: Average timings at MD step  536000. t/step: 1.49223e-01
 @simulation.run: Average timings at MD step  536100. t/step: 1.55748e-01
 @simulation.run: Average timings at MD step  536200. t/step: 1.50592e-01
 @simulation.run: Average timings at MD step  536300. t/step: 1.53726e-01
 @simulation.run: Average timings at MD step  536400. t/step: 1.54026e-01
 @simulation.run: Average timings at MD step  536500. t/step: 1.55514e-01
 @simulation.run: Average timings at MD step  536600. t/step: 1.56441e-01
 @simulation.run: Average timings at MD step  536700. t/step: 1.60500e-01
 @simulation.run: Average timings at MD step  536800. t/step: 1.53112e-01
 @simulation.run: Average timings at MD step  536900. t/step: 1.51450e-01
 @simulation.run: Average timings at MD step  537000. t/step: 1.53291e-01
 @simulation.run: Average timings at MD step  537100. t/step: 1.48500e-01
 @simulation.run: Average timings at MD step  537200. t/step: 1.51205e-01
 @simulation.run: Average timings at MD step  537300. t/step: 1.56869e-01
 @simulation.run: Average timings at MD step  537400. t/step: 1.55724e-01
 @simulation.run: Average timings at MD step  537500. t/step: 1.45767e-01
 @simulation.run: Average timings at MD step  537600. t/step: 1.47023e-01
 @simulation.run: Average timings at MD step  537700. t/step: 1.52645e-01
 @simulation.run: Average timings at MD step  537800. t/step: 1.47509e-01
 @simulation.run: Average timings at MD step  537900. t/step: 1.47225e-01
 @simulation.run: Average timings at MD step  538000. t/step: 1.61397e-01
 @simulation.run: Average timings at MD step  538100. t/step: 1.50623e-01
 @simulation.run: Average timings at MD step  538200. t/step: 1.57216e-01
 @simulation.run: Average timings at MD step  538300. t/step: 1.52131e-01
 @simulation.run: Average timings at MD step  538400. t/step: 1.56820e-01
 @simulation.run: Average timings at MD step  538500. t/step: 1.61974e-01
 @simulation.run: Average timings at MD step  538600. t/step: 1.53408e-01
 @simulation.run: Average timings at MD step  538700. t/step: 1.55524e-01
 @simulation.run: Average timings at MD step  538800. t/step: 1.54617e-01
 @simulation.run: Average timings at MD step  538900. t/step: 1.56049e-01
 @simulation.run: Average timings at MD step  539000. t/step: 1.55105e-01
 @simulation.run: Average timings at MD step  539100. t/step: 1.53170e-01
 @simulation.run: Average timings at MD step  539200. t/step: 1.55446e-01
 @simulation.run: Average timings at MD step  539300. t/step: 1.46214e-01
 @simulation.run: Average timings at MD step  539400. t/step: 1.46076e-01
 @simulation.run: Average timings at MD step  539500. t/step: 1.48084e-01
 @simulation.run: Average timings at MD step  539600. t/step: 1.47307e-01
 @simulation.run: Average timings at MD step  539700. t/step: 1.57163e-01
 @simulation.run: Average timings at MD step  539800. t/step: 1.49798e-01
 @simulation.run: Average timings at MD step  539900. t/step: 1.51759e-01
 @simulation.run: Average timings at MD step  540000. t/step: 1.54327e-01
 @simulation.run: Average timings at MD step  540100. t/step: 1.52165e-01
 @simulation.run: Average timings at MD step  540200. t/step: 1.50535e-01
 @simulation.run: Average timings at MD step  540300. t/step: 1.51308e-01
 @simulation.run: Average timings at MD step  540400. t/step: 1.48225e-01
 @simulation.run: Average timings at MD step  540500. t/step: 1.47668e-01
 @simulation.run: Average timings at MD step  540600. t/step: 1.47727e-01
 @simulation.run: Average timings at MD step  540700. t/step: 1.46231e-01
 @simulation.run: Average timings at MD step  540800. t/step: 1.47189e-01
 @simulation.run: Average timings at MD step  540900. t/step: 1.49432e-01
 @simulation.run: Average timings at MD step  541000. t/step: 1.50335e-01
 @simulation.run: Average timings at MD step  541100. t/step: 1.50564e-01
 @simulation.run: Average timings at MD step  541200. t/step: 1.47418e-01
 @simulation.run: Average timings at MD step  541300. t/step: 1.48614e-01
 @simulation.run: Average timings at MD step  541400. t/step: 1.61977e-01
 @simulation.run: Average timings at MD step  541500. t/step: 1.50331e-01
 @simulation.run: Average timings at MD step  541600. t/step: 1.46209e-01
 @simulation.run: Average timings at MD step  541700. t/step: 1.49898e-01
 @simulation.run: Average timings at MD step  541800. t/step: 1.49151e-01
 @simulation.run: Average timings at MD step  541900. t/step: 1.50542e-01
 @simulation.run: Average timings at MD step  542000. t/step: 1.52772e-01
 @simulation.run: Average timings at MD step  542100. t/step: 1.53735e-01
 @simulation.run: Average timings at MD step  542200. t/step: 1.69265e-01
 @simulation.run: Average timings at MD step  542300. t/step: 1.60167e-01
 @simulation.run: Average timings at MD step  542400. t/step: 1.52699e-01
 @simulation.run: Average timings at MD step  542500. t/step: 1.49311e-01
 @simulation.run: Average timings at MD step  542600. t/step: 1.48908e-01
 @simulation.run: Average timings at MD step  542700. t/step: 1.49819e-01
 @simulation.run: Average timings at MD step  542800. t/step: 1.46268e-01
 @simulation.run: Average timings at MD step  542900. t/step: 1.60696e-01
 @simulation.run: Average timings at MD step  543000. t/step: 1.45986e-01
 @simulation.run: Average timings at MD step  543100. t/step: 1.50792e-01
 @simulation.run: Average timings at MD step  543200. t/step: 1.57151e-01
 @simulation.run: Average timings at MD step  543300. t/step: 1.59339e-01
 @simulation.run: Average timings at MD step  543400. t/step: 1.54391e-01
 @simulation.run: Average timings at MD step  543500. t/step: 1.62272e-01
 @simulation.run: Average timings at MD step  543600. t/step: 1.54295e-01
 @simulation.run: Average timings at MD step  543700. t/step: 1.56307e-01
 @simulation.run: Average timings at MD step  543800. t/step: 1.69474e-01
 @simulation.run: Average timings at MD step  543900. t/step: 1.52896e-01
 @simulation.run: Average timings at MD step  544000. t/step: 1.52300e-01
 @simulation.run: Average timings at MD step  544100. t/step: 1.52606e-01
 @simulation.run: Average timings at MD step  544200. t/step: 1.50327e-01
 @simulation.run: Average timings at MD step  544300. t/step: 1.52464e-01
 @simulation.run: Average timings at MD step  544400. t/step: 1.56476e-01
 @simulation.run: Average timings at MD step  544500. t/step: 1.46450e-01
 @simulation.run: Average timings at MD step  544600. t/step: 1.51692e-01
 @simulation.run: Average timings at MD step  544700. t/step: 1.58713e-01
 @simulation.run: Average timings at MD step  544800. t/step: 1.54137e-01
 @simulation.run: Average timings at MD step  544900. t/step: 1.49074e-01
 @simulation.run: Average timings at MD step  545000. t/step: 1.51602e-01
 @simulation.run: Average timings at MD step  545100. t/step: 1.57096e-01
 @simulation.run: Average timings at MD step  545200. t/step: 1.57874e-01
 @simulation.run: Average timings at MD step  545300. t/step: 1.50635e-01
 @simulation.run: Average timings at MD step  545400. t/step: 1.61530e-01
 @simulation.run: Average timings at MD step  545500. t/step: 1.49982e-01
 @simulation.run: Average timings at MD step  545600. t/step: 1.47866e-01
 @simulation.run: Average timings at MD step  545700. t/step: 1.46193e-01
 @simulation.run: Average timings at MD step  545800. t/step: 1.48137e-01
 @simulation.run: Average timings at MD step  545900. t/step: 1.49795e-01
 @simulation.run: Average timings at MD step  546000. t/step: 1.54890e-01
 @simulation.run: Average timings at MD step  546100. t/step: 1.55561e-01
 @simulation.run: Average timings at MD step  546200. t/step: 1.52838e-01
 @simulation.run: Average timings at MD step  546300. t/step: 1.52773e-01
 @simulation.run: Average timings at MD step  546400. t/step: 1.58296e-01
 @simulation.run: Average timings at MD step  546500. t/step: 1.53639e-01
 @simulation.run: Average timings at MD step  546600. t/step: 1.61582e-01
 @simulation.run: Average timings at MD step  546700. t/step: 1.56168e-01
 @simulation.run: Average timings at MD step  546800. t/step: 1.55838e-01
 @simulation.run: Average timings at MD step  546900. t/step: 1.69786e-01
 @simulation.run: Average timings at MD step  547000. t/step: 1.58382e-01
 @simulation.run: Average timings at MD step  547100. t/step: 1.67728e-01
 @simulation.run: Average timings at MD step  547200. t/step: 1.41807e-01
 @simulation.run: Average timings at MD step  547300. t/step: 1.36851e-01
 @simulation.run: Average timings at MD step  547400. t/step: 1.27950e-01
 @simulation.run: Average timings at MD step  547500. t/step: 1.24812e-01
 @simulation.run: Average timings at MD step  547600. t/step: 1.26469e-01
 @simulation.run: Average timings at MD step  547700. t/step: 1.23115e-01
 @simulation.run: Average timings at MD step  547800. t/step: 1.28114e-01
 @simulation.run: Average timings at MD step  547900. t/step: 1.26893e-01
 @simulation.run: Average timings at MD step  548000. t/step: 1.24671e-01
 @simulation.run: Average timings at MD step  548100. t/step: 1.37237e-01
 @simulation.run: Average timings at MD step  548200. t/step: 1.28406e-01
 @simulation.run: Average timings at MD step  548300. t/step: 1.27368e-01
 @simulation.run: Average timings at MD step  548400. t/step: 1.28921e-01
 @simulation.run: Average timings at MD step  548500. t/step: 1.31842e-01
 @simulation.run: Average timings at MD step  548600. t/step: 1.32092e-01
 @simulation.run: Average timings at MD step  548700. t/step: 1.29146e-01
 @simulation.run: Average timings at MD step  548800. t/step: 1.29093e-01
 @simulation.run: Average timings at MD step  548900. t/step: 1.27655e-01
 @simulation.run: Average timings at MD step  549000. t/step: 1.28984e-01
 @simulation.run: Average timings at MD step  549100. t/step: 1.35301e-01
 @simulation.run: Average timings at MD step  549200. t/step: 1.26646e-01
 @simulation.run: Average timings at MD step  549300. t/step: 1.27662e-01
 @simulation.run: Average timings at MD step  549400. t/step: 1.25866e-01
 @simulation.run: Average timings at MD step  549500. t/step: 1.26670e-01
 @simulation.run: Average timings at MD step  549600. t/step: 1.33321e-01
 @simulation.run: Average timings at MD step  549700. t/step: 1.25250e-01
 @simulation.run: Average timings at MD step  549800. t/step: 1.25822e-01
 @simulation.run: Average timings at MD step  549900. t/step: 1.24696e-01
 @simulation.run: Average timings at MD step  550000. t/step: 1.25250e-01
 @simulation.run: Average timings at MD step  550100. t/step: 1.26061e-01
 @simulation.run: Average timings at MD step  550200. t/step: 1.24539e-01
 @simulation.run: Average timings at MD step  550300. t/step: 1.26707e-01
 @simulation.run: Average timings at MD step  550400. t/step: 1.25239e-01
 @simulation.run: Average timings at MD step  550500. t/step: 1.25316e-01
 @simulation.run: Average timings at MD step  550600. t/step: 1.24496e-01
 @simulation.run: Average timings at MD step  550700. t/step: 1.24548e-01
 @simulation.run: Average timings at MD step  550800. t/step: 1.27323e-01
 @simulation.run: Average timings at MD step  550900. t/step: 1.26451e-01
 @simulation.run: Average timings at MD step  551000. t/step: 1.25969e-01
 @simulation.run: Average timings at MD step  551100. t/step: 1.24297e-01
 @simulation.run: Average timings at MD step  551200. t/step: 1.24343e-01
 @simulation.run: Average timings at MD step  551300. t/step: 1.29101e-01
 @simulation.run: Average timings at MD step  551400. t/step: 1.30136e-01
 @simulation.run: Average timings at MD step  551500. t/step: 1.28944e-01
 @simulation.run: Average timings at MD step  551600. t/step: 1.26403e-01
 @simulation.run: Average timings at MD step  551700. t/step: 1.28189e-01
 @simulation.run: Average timings at MD step  551800. t/step: 1.28989e-01
 @simulation.run: Average timings at MD step  551900. t/step: 1.28973e-01
 @simulation.run: Average timings at MD step  552000. t/step: 1.26426e-01
 @simulation.run: Average timings at MD step  552100. t/step: 1.26104e-01
 @simulation.run: Average timings at MD step  552200. t/step: 1.24808e-01
 @simulation.run: Average timings at MD step  552300. t/step: 1.25097e-01
 @simulation.run: Average timings at MD step  552400. t/step: 1.31467e-01
 @simulation.run: Average timings at MD step  552500. t/step: 1.25328e-01
 @simulation.run: Average timings at MD step  552600. t/step: 1.25048e-01
 @simulation.run: Average timings at MD step  552700. t/step: 1.23591e-01
 @simulation.run: Average timings at MD step  552800. t/step: 1.25688e-01
 @simulation.run: Average timings at MD step  552900. t/step: 1.31554e-01
 @simulation.run: Average timings at MD step  553000. t/step: 1.24169e-01
 @simulation.run: Average timings at MD step  553100. t/step: 1.22755e-01
 @simulation.run: Average timings at MD step  553200. t/step: 1.25596e-01
 @simulation.run: Average timings at MD step  553300. t/step: 1.39294e-01
 @simulation.run: Average timings at MD step  553400. t/step: 1.25330e-01
 @simulation.run: Average timings at MD step  553500. t/step: 1.23685e-01
 @simulation.run: Average timings at MD step  553600. t/step: 1.23380e-01
 @simulation.run: Average timings at MD step  553700. t/step: 1.26208e-01
 @simulation.run: Average timings at MD step  553800. t/step: 1.28183e-01
 @simulation.run: Average timings at MD step  553900. t/step: 1.27464e-01
 @simulation.run: Average timings at MD step  554000. t/step: 1.27181e-01
 @simulation.run: Average timings at MD step  554100. t/step: 1.25253e-01
 @simulation.run: Average timings at MD step  554200. t/step: 1.30906e-01
 @simulation.run: Average timings at MD step  554300. t/step: 1.30068e-01
 @simulation.run: Average timings at MD step  554400. t/step: 1.30677e-01
 @simulation.run: Average timings at MD step  554500. t/step: 1.28094e-01
 @simulation.run: Average timings at MD step  554600. t/step: 1.30498e-01
 @simulation.run: Average timings at MD step  554700. t/step: 1.27991e-01
 @simulation.run: Average timings at MD step  554800. t/step: 1.27323e-01
 @simulation.run: Average timings at MD step  554900. t/step: 1.26422e-01
 @simulation.run: Average timings at MD step  555000. t/step: 1.26058e-01
 @simulation.run: Average timings at MD step  555100. t/step: 1.26564e-01
 @simulation.run: Average timings at MD step  555200. t/step: 1.25773e-01
 @simulation.run: Average timings at MD step  555300. t/step: 1.25249e-01
 @simulation.run: Average timings at MD step  555400. t/step: 1.35854e-01
 @simulation.run: Average timings at MD step  555500. t/step: 1.27534e-01
 @simulation.run: Average timings at MD step  555600. t/step: 1.25314e-01
 @simulation.run: Average timings at MD step  555700. t/step: 1.24538e-01
 @simulation.run: Average timings at MD step  555800. t/step: 1.25143e-01
 @simulation.run: Average timings at MD step  555900. t/step: 1.26291e-01
 @simulation.run: Average timings at MD step  556000. t/step: 1.25436e-01
 @simulation.run: Average timings at MD step  556100. t/step: 1.24201e-01
 @simulation.run: Average timings at MD step  556200. t/step: 1.31358e-01
 @simulation.run: Average timings at MD step  556300. t/step: 1.31176e-01
 @simulation.run: Average timings at MD step  556400. t/step: 1.32740e-01
 @simulation.run: Average timings at MD step  556500. t/step: 1.25078e-01
 @simulation.run: Average timings at MD step  556600. t/step: 1.25394e-01
 @simulation.run: Average timings at MD step  556700. t/step: 1.25640e-01
 @simulation.run: Average timings at MD step  556800. t/step: 1.31308e-01
 @simulation.run: Average timings at MD step  556900. t/step: 1.34349e-01
 @simulation.run: Average timings at MD step  557000. t/step: 1.28759e-01
 @simulation.run: Average timings at MD step  557100. t/step: 1.29619e-01
 @simulation.run: Average timings at MD step  557200. t/step: 1.36169e-01
 @simulation.run: Average timings at MD step  557300. t/step: 1.26532e-01
 @simulation.run: Average timings at MD step  557400. t/step: 1.26130e-01
 @simulation.run: Average timings at MD step  557500. t/step: 1.28179e-01
 @simulation.run: Average timings at MD step  557600. t/step: 1.35572e-01
 @simulation.run: Average timings at MD step  557700. t/step: 1.25428e-01
 @simulation.run: Average timings at MD step  557800. t/step: 1.27704e-01
 @simulation.run: Average timings at MD step  557900. t/step: 1.28165e-01
 @simulation.run: Average timings at MD step  558000. t/step: 1.26140e-01
 @simulation.run: Average timings at MD step  558100. t/step: 1.27074e-01
 @simulation.run: Average timings at MD step  558200. t/step: 1.25697e-01
 @simulation.run: Average timings at MD step  558300. t/step: 1.24742e-01
 @simulation.run: Average timings at MD step  558400. t/step: 1.25698e-01
 @simulation.run: Average timings at MD step  558500. t/step: 1.26049e-01
 @simulation.run: Average timings at MD step  558600. t/step: 1.24480e-01
 @simulation.run: Average timings at MD step  558700. t/step: 1.24797e-01
 @simulation.run: Average timings at MD step  558800. t/step: 1.32763e-01
 @simulation.run: Average timings at MD step  558900. t/step: 1.25532e-01
 @simulation.run: Average timings at MD step  559000. t/step: 1.25938e-01
 @simulation.run: Average timings at MD step  559100. t/step: 1.26848e-01
 @simulation.run: Average timings at MD step  559200. t/step: 1.24301e-01
 @simulation.run: Average timings at MD step  559300. t/step: 1.24579e-01
 @simulation.run: Average timings at MD step  559400. t/step: 1.25954e-01
 @simulation.run: Average timings at MD step  559500. t/step: 1.26488e-01
 @simulation.run: Average timings at MD step  559600. t/step: 1.25014e-01
 @simulation.run: Average timings at MD step  559700. t/step: 1.24872e-01
 @simulation.run: Average timings at MD step  559800. t/step: 1.35693e-01
 @simulation.run: Average timings at MD step  559900. t/step: 1.33148e-01
 @simulation.run: Average timings at MD step  560000. t/step: 1.28613e-01
 @simulation.run: Average timings at MD step  560100. t/step: 1.27055e-01
 @simulation.run: Average timings at MD step  560200. t/step: 1.28757e-01
 @simulation.run: Average timings at MD step  560300. t/step: 1.29456e-01
 @simulation.run: Average timings at MD step  560400. t/step: 1.35985e-01
 @simulation.run: Average timings at MD step  560500. t/step: 1.25747e-01
 @simulation.run: Average timings at MD step  560600. t/step: 1.25557e-01
 @simulation.run: Average timings at MD step  560700. t/step: 1.24691e-01
 @simulation.run: Average timings at MD step  560800. t/step: 1.25754e-01
 @simulation.run: Average timings at MD step  560900. t/step: 1.27529e-01
 @simulation.run: Average timings at MD step  561000. t/step: 1.44824e-01
 @simulation.run: Average timings at MD step  561100. t/step: 1.26135e-01
 @simulation.run: Average timings at MD step  561200. t/step: 1.31145e-01
 @simulation.run: Average timings at MD step  561300. t/step: 1.32911e-01
 @simulation.run: Average timings at MD step  561400. t/step: 1.25986e-01
 @simulation.run: Average timings at MD step  561500. t/step: 1.23424e-01
 @simulation.run: Average timings at MD step  561600. t/step: 1.24303e-01
 @simulation.run: Average timings at MD step  561700. t/step: 1.25913e-01
 @simulation.run: Average timings at MD step  561800. t/step: 1.25084e-01
 @simulation.run: Average timings at MD step  561900. t/step: 1.24421e-01
 @simulation.run: Average timings at MD step  562000. t/step: 1.24002e-01
 @simulation.run: Average timings at MD step  562100. t/step: 1.30229e-01
 @simulation.run: Average timings at MD step  562200. t/step: 1.26123e-01
 @simulation.run: Average timings at MD step  562300. t/step: 1.25213e-01
 @simulation.run: Average timings at MD step  562400. t/step: 1.32626e-01
 @simulation.run: Average timings at MD step  562500. t/step: 1.32975e-01
 @simulation.run: Average timings at MD step  562600. t/step: 1.36892e-01
 @simulation.run: Average timings at MD step  562700. t/step: 1.45169e-01
 @simulation.run: Average timings at MD step  562800. t/step: 1.27178e-01
 @simulation.run: Average timings at MD step  562900. t/step: 1.27901e-01
 @simulation.run: Average timings at MD step  563000. t/step: 1.28517e-01
 @simulation.run: Average timings at MD step  563100. t/step: 1.29582e-01
 @simulation.run: Average timings at MD step  563200. t/step: 1.27680e-01
 @simulation.run: Average timings at MD step  563300. t/step: 1.27541e-01
 @simulation.run: Average timings at MD step  563400. t/step: 1.35220e-01
 @simulation.run: Average timings at MD step  563500. t/step: 1.27962e-01
 @simulation.run: Average timings at MD step  563600. t/step: 1.26419e-01
 @simulation.run: Average timings at MD step  563700. t/step: 1.25084e-01
 @simulation.run: Average timings at MD step  563800. t/step: 1.24320e-01
 @simulation.run: Average timings at MD step  563900. t/step: 1.24476e-01
 @simulation.run: Average timings at MD step  564000. t/step: 1.23516e-01
 @simulation.run: Average timings at MD step  564100. t/step: 1.26053e-01
 @simulation.run: Average timings at MD step  564200. t/step: 1.25739e-01
 @simulation.run: Average timings at MD step  564300. t/step: 1.25687e-01
 @simulation.run: Average timings at MD step  564400. t/step: 1.27238e-01
 @simulation.run: Average timings at MD step  564500. t/step: 1.32651e-01
 @simulation.run: Average timings at MD step  564600. t/step: 1.24241e-01
 @simulation.run: Average timings at MD step  564700. t/step: 1.23927e-01
 @simulation.run: Average timings at MD step  564800. t/step: 1.24859e-01
 @simulation.run: Average timings at MD step  564900. t/step: 1.25632e-01
 @simulation.run: Average timings at MD step  565000. t/step: 1.24224e-01
 @simulation.run: Average timings at MD step  565100. t/step: 1.24898e-01
 @simulation.run: Average timings at MD step  565200. t/step: 1.22822e-01
 @simulation.run: Average timings at MD step  565300. t/step: 1.25664e-01
 @simulation.run: Average timings at MD step  565400. t/step: 1.31146e-01
 @simulation.run: Average timings at MD step  565500. t/step: 1.32587e-01
 @simulation.run: Average timings at MD step  565600. t/step: 1.29254e-01
 @simulation.run: Average timings at MD step  565700. t/step: 1.29236e-01
 @simulation.run: Average timings at MD step  565800. t/step: 1.27244e-01
 @simulation.run: Average timings at MD step  565900. t/step: 1.28808e-01
 @simulation.run: Average timings at MD step  566000. t/step: 1.28826e-01
 @simulation.run: Average timings at MD step  566100. t/step: 1.24545e-01
 @simulation.run: Average timings at MD step  566200. t/step: 1.23670e-01
 @simulation.run: Average timings at MD step  566300. t/step: 1.32687e-01
 @simulation.run: Average timings at MD step  566400. t/step: 1.34502e-01
 @simulation.run: Average timings at MD step  566500. t/step: 1.34082e-01
 @simulation.run: Average timings at MD step  566600. t/step: 1.25817e-01
 @simulation.run: Average timings at MD step  566700. t/step: 1.32124e-01
 @simulation.run: Average timings at MD step  566800. t/step: 1.24915e-01
 @simulation.run: Average timings at MD step  566900. t/step: 1.26239e-01
 @simulation.run: Average timings at MD step  567000. t/step: 1.31684e-01
 @simulation.run: Average timings at MD step  567100. t/step: 1.32447e-01
 @simulation.run: Average timings at MD step  567200. t/step: 1.30023e-01
 @simulation.run: Average timings at MD step  567300. t/step: 1.22976e-01
 @simulation.run: Average timings at MD step  567400. t/step: 1.24934e-01
 @simulation.run: Average timings at MD step  567500. t/step: 1.24840e-01
 @simulation.run: Average timings at MD step  567600. t/step: 1.25515e-01
 @simulation.run: Average timings at MD step  567700. t/step: 1.24933e-01
 @simulation.run: Average timings at MD step  567800. t/step: 1.22171e-01
 @simulation.run: Average timings at MD step  567900. t/step: 1.25200e-01
 @simulation.run: Average timings at MD step  568000. t/step: 1.32580e-01
 @simulation.run: Average timings at MD step  568100. t/step: 1.39169e-01
 @simulation.run: Average timings at MD step  568200. t/step: 1.29267e-01
 @simulation.run: Average timings at MD step  568300. t/step: 1.38264e-01
 @simulation.run: Average timings at MD step  568400. t/step: 1.27978e-01
 @simulation.run: Average timings at MD step  568500. t/step: 1.33999e-01
 @simulation.run: Average timings at MD step  568600. t/step: 1.27745e-01
 @simulation.run: Average timings at MD step  568700. t/step: 1.27699e-01
 @simulation.run: Average timings at MD step  568800. t/step: 1.27404e-01
 @simulation.run: Average timings at MD step  568900. t/step: 1.25978e-01
 @simulation.run: Average timings at MD step  569000. t/step: 1.26400e-01
 @simulation.run: Average timings at MD step  569100. t/step: 1.25646e-01
 @simulation.run: Average timings at MD step  569200. t/step: 1.32778e-01
 @simulation.run: Average timings at MD step  569300. t/step: 1.26832e-01
 @simulation.run: Average timings at MD step  569400. t/step: 1.24931e-01
 @simulation.run: Average timings at MD step  569500. t/step: 1.26230e-01
 @simulation.run: Average timings at MD step  569600. t/step: 1.26450e-01
 @simulation.run: Average timings at MD step  569700. t/step: 1.26432e-01
 @simulation.run: Average timings at MD step  569800. t/step: 1.25393e-01
 @simulation.run: Average timings at MD step  569900. t/step: 1.25652e-01
 @simulation.run: Average timings at MD step  570000. t/step: 1.27470e-01
 @simulation.run: Average timings at MD step  570100. t/step: 1.25157e-01
 @simulation.run: Average timings at MD step  570200. t/step: 1.31779e-01
 @simulation.run: Average timings at MD step  570300. t/step: 1.24697e-01
 @simulation.run: Average timings at MD step  570400. t/step: 1.24744e-01
 @simulation.run: Average timings at MD step  570500. t/step: 1.28097e-01
 @simulation.run: Average timings at MD step  570600. t/step: 1.25990e-01
 @simulation.run: Average timings at MD step  570700. t/step: 1.23893e-01
 @simulation.run: Average timings at MD step  570800. t/step: 1.39003e-01
 @simulation.run: Average timings at MD step  570900. t/step: 1.23116e-01
 @simulation.run: Average timings at MD step  571000. t/step: 1.30666e-01
 @simulation.run: Average timings at MD step  571100. t/step: 1.30246e-01
 @simulation.run: Average timings at MD step  571200. t/step: 1.28381e-01
 @simulation.run: Average timings at MD step  571300. t/step: 1.26427e-01
 @simulation.run: Average timings at MD step  571400. t/step: 1.27471e-01
 @simulation.run: Average timings at MD step  571500. t/step: 1.28938e-01
 @simulation.run: Average timings at MD step  571600. t/step: 1.28611e-01
 @simulation.run: Average timings at MD step  571700. t/step: 1.24937e-01
 @simulation.run: Average timings at MD step  571800. t/step: 1.26683e-01
 @simulation.run: Average timings at MD step  571900. t/step: 1.26496e-01
 @simulation.run: Average timings at MD step  572000. t/step: 1.26299e-01
 @simulation.run: Average timings at MD step  572100. t/step: 1.25762e-01
 @simulation.run: Average timings at MD step  572200. t/step: 1.23399e-01
 @simulation.run: Average timings at MD step  572300. t/step: 1.24544e-01
 @simulation.run: Average timings at MD step  572400. t/step: 1.25200e-01
 @simulation.run: Average timings at MD step  572500. t/step: 1.25123e-01
 @simulation.run: Average timings at MD step  572600. t/step: 1.32828e-01
 @simulation.run: Average timings at MD step  572700. t/step: 1.38394e-01
 @simulation.run: Average timings at MD step  572800. t/step: 1.25226e-01
 @simulation.run: Average timings at MD step  572900. t/step: 1.24129e-01
 @simulation.run: Average timings at MD step  573000. t/step: 1.26490e-01
 @simulation.run: Average timings at MD step  573100. t/step: 1.22627e-01
 @simulation.run: Average timings at MD step  573200. t/step: 1.28506e-01
 @simulation.run: Average timings at MD step  573300. t/step: 1.24823e-01
 @simulation.run: Average timings at MD step  573400. t/step: 1.25013e-01
 @simulation.run: Average timings at MD step  573500. t/step: 1.28446e-01
 @simulation.run: Average timings at MD step  573600. t/step: 1.24499e-01
 @simulation.run: Average timings at MD step  573700. t/step: 1.23514e-01
 @simulation.run: Average timings at MD step  573800. t/step: 1.28652e-01
 @simulation.run: Average timings at MD step  573900. t/step: 1.31115e-01
 @simulation.run: Average timings at MD step  574000. t/step: 1.28103e-01
 @simulation.run: Average timings at MD step  574100. t/step: 1.28908e-01
 @simulation.run: Average timings at MD step  574200. t/step: 1.27355e-01
 @simulation.run: Average timings at MD step  574300. t/step: 1.28357e-01
 @simulation.run: Average timings at MD step  574400. t/step: 1.27817e-01
 @simulation.run: Average timings at MD step  574500. t/step: 1.27171e-01
 @simulation.run: Average timings at MD step  574600. t/step: 1.27053e-01
 @simulation.run: Average timings at MD step  574700. t/step: 1.33187e-01
 @simulation.run: Average timings at MD step  574800. t/step: 1.25998e-01
 @simulation.run: Average timings at MD step  574900. t/step: 1.25777e-01
 @simulation.run: Average timings at MD step  575000. t/step: 1.25453e-01
 @simulation.run: Average timings at MD step  575100. t/step: 1.24955e-01
 @simulation.run: Average timings at MD step  575200. t/step: 1.24609e-01
 @simulation.run: Average timings at MD step  575300. t/step: 1.23983e-01
 @simulation.run: Average timings at MD step  575400. t/step: 1.31358e-01
 @simulation.run: Average timings at MD step  575500. t/step: 1.26338e-01
 @simulation.run: Average timings at MD step  575600. t/step: 1.25359e-01
 @simulation.run: Average timings at MD step  575700. t/step: 1.25629e-01
 @simulation.run: Average timings at MD step  575800. t/step: 1.24389e-01
 @simulation.run: Average timings at MD step  575900. t/step: 1.26938e-01
 @simulation.run: Average timings at MD step  576000. t/step: 1.38655e-01
 @simulation.run: Average timings at MD step  576100. t/step: 1.25772e-01
 @simulation.run: Average timings at MD step  576200. t/step: 1.22895e-01
 @simulation.run: Average timings at MD step  576300. t/step: 1.30180e-01
 @simulation.run: Average timings at MD step  576400. t/step: 1.29879e-01
 @simulation.run: Average timings at MD step  576500. t/step: 1.37437e-01
 @simulation.run: Average timings at MD step  576600. t/step: 1.28368e-01
 @simulation.run: Average timings at MD step  576700. t/step: 1.29697e-01
 @simulation.run: Average timings at MD step  576800. t/step: 1.29420e-01
 @simulation.run: Average timings at MD step  576900. t/step: 1.29255e-01
 @simulation.run: Average timings at MD step  577000. t/step: 1.35557e-01
 @simulation.run: Average timings at MD step  577100. t/step: 1.27940e-01
 @simulation.run: Average timings at MD step  577200. t/step: 1.28643e-01
 @simulation.run: Average timings at MD step  577300. t/step: 1.25788e-01
 @simulation.run: Average timings at MD step  577400. t/step: 1.25179e-01
 @simulation.run: Average timings at MD step  577500. t/step: 1.26196e-01
 @simulation.run: Average timings at MD step  577600. t/step: 1.32789e-01
 @simulation.run: Average timings at MD step  577700. t/step: 1.23709e-01
 @simulation.run: Average timings at MD step  577800. t/step: 1.22778e-01
 @simulation.run: Average timings at MD step  577900. t/step: 1.32767e-01
 @simulation.run: Average timings at MD step  578000. t/step: 1.27459e-01
 @simulation.run: Average timings at MD step  578100. t/step: 1.26460e-01
 @simulation.run: Average timings at MD step  578200. t/step: 1.33599e-01
 @simulation.run: Average timings at MD step  578300. t/step: 1.25819e-01
 @simulation.run: Average timings at MD step  578400. t/step: 1.24782e-01
 @simulation.run: Average timings at MD step  578500. t/step: 1.32036e-01
 @simulation.run: Average timings at MD step  578600. t/step: 1.25697e-01
 @simulation.run: Average timings at MD step  578700. t/step: 1.23464e-01
 @simulation.run: Average timings at MD step  578800. t/step: 1.24896e-01
 @simulation.run: Average timings at MD step  578900. t/step: 1.25147e-01
 @simulation.run: Average timings at MD step  579000. t/step: 1.30925e-01
 @simulation.run: Average timings at MD step  579100. t/step: 1.26961e-01
 @simulation.run: Average timings at MD step  579200. t/step: 1.24435e-01
 @simulation.run: Average timings at MD step  579300. t/step: 1.24637e-01
 @simulation.run: Average timings at MD step  579400. t/step: 1.29273e-01
 @simulation.run: Average timings at MD step  579500. t/step: 1.30660e-01
 @simulation.run: Average timings at MD step  579600. t/step: 1.36427e-01
 @simulation.run: Average timings at MD step  579700. t/step: 1.27840e-01
 @simulation.run: Average timings at MD step  579800. t/step: 1.35506e-01
 @simulation.run: Average timings at MD step  579900. t/step: 1.28735e-01
 @simulation.run: Average timings at MD step  580000. t/step: 1.29231e-01
 @simulation.run: Average timings at MD step  580100. t/step: 1.27849e-01
 @simulation.run: Average timings at MD step  580200. t/step: 1.25617e-01
 @simulation.run: Average timings at MD step  580300. t/step: 1.26704e-01
 @simulation.run: Average timings at MD step  580400. t/step: 1.26457e-01
 @simulation.run: Average timings at MD step  580500. t/step: 1.25054e-01
 @simulation.run: Average timings at MD step  580600. t/step: 1.25190e-01
 @simulation.run: Average timings at MD step  580700. t/step: 1.26827e-01
 @simulation.run: Average timings at MD step  580800. t/step: 1.31833e-01
 @simulation.run: Average timings at MD step  580900. t/step: 1.32651e-01
 @simulation.run: Average timings at MD step  581000. t/step: 1.26022e-01
 @simulation.run: Average timings at MD step  581100. t/step: 1.25605e-01
 @simulation.run: Average timings at MD step  581200. t/step: 1.24722e-01
 @simulation.run: Average timings at MD step  581300. t/step: 1.23893e-01
 @simulation.run: Average timings at MD step  581400. t/step: 1.23538e-01
 @simulation.run: Average timings at MD step  581500. t/step: 1.25050e-01
 @simulation.run: Average timings at MD step  581600. t/step: 1.28019e-01
 @simulation.run: Average timings at MD step  581700. t/step: 1.24762e-01
 @simulation.run: Average timings at MD step  581800. t/step: 1.24541e-01
 @simulation.run: Average timings at MD step  581900. t/step: 1.24926e-01
 @simulation.run: Average timings at MD step  582000. t/step: 1.25053e-01
 @simulation.run: Average timings at MD step  582100. t/step: 1.25502e-01
 @simulation.run: Average timings at MD step  582200. t/step: 1.28551e-01
 @simulation.run: Average timings at MD step  582300. t/step: 1.37083e-01
 @simulation.run: Average timings at MD step  582400. t/step: 1.31004e-01
 @simulation.run: Average timings at MD step  582500. t/step: 1.27144e-01
 @simulation.run: Average timings at MD step  582600. t/step: 1.29637e-01
 @simulation.run: Average timings at MD step  582700. t/step: 1.28985e-01
 @simulation.run: Average timings at MD step  582800. t/step: 1.29643e-01
 @simulation.run: Average timings at MD step  582900. t/step: 1.39941e-01
 @simulation.run: Average timings at MD step  583000. t/step: 1.24689e-01
 @simulation.run: Average timings at MD step  583100. t/step: 1.29876e-01
 @simulation.run: Average timings at MD step  583200. t/step: 1.27821e-01
 @simulation.run: Average timings at MD step  583300. t/step: 1.27869e-01
 @simulation.run: Average timings at MD step  583400. t/step: 1.24657e-01
 @simulation.run: Average timings at MD step  583500. t/step: 1.25434e-01
 @simulation.run: Average timings at MD step  583600. t/step: 1.26406e-01
 @simulation.run: Average timings at MD step  583700. t/step: 1.32598e-01
 @simulation.run: Average timings at MD step  583800. t/step: 1.27161e-01
 @simulation.run: Average timings at MD step  583900. t/step: 1.25222e-01
 @simulation.run: Average timings at MD step  584000. t/step: 1.24551e-01
 @simulation.run: Average timings at MD step  584100. t/step: 1.27722e-01
 @simulation.run: Average timings at MD step  584200. t/step: 1.24458e-01
 @simulation.run: Average timings at MD step  584300. t/step: 1.25511e-01
 @simulation.run: Average timings at MD step  584400. t/step: 1.23627e-01
 @simulation.run: Average timings at MD step  584500. t/step: 1.33321e-01
 @simulation.run: Average timings at MD step  584600. t/step: 1.29009e-01
 @simulation.run: Average timings at MD step  584700. t/step: 1.32266e-01
 @simulation.run: Average timings at MD step  584800. t/step: 1.31726e-01
 @simulation.run: Average timings at MD step  584900. t/step: 1.26010e-01
 @simulation.run: Average timings at MD step  585000. t/step: 1.28448e-01
 @simulation.run: Average timings at MD step  585100. t/step: 1.30685e-01
 @simulation.run: Average timings at MD step  585200. t/step: 1.28274e-01
 @simulation.run: Average timings at MD step  585300. t/step: 1.29167e-01
 @simulation.run: Average timings at MD step  585400. t/step: 1.34733e-01
 @simulation.run: Average timings at MD step  585500. t/step: 1.29785e-01
 @simulation.run: Average timings at MD step  585600. t/step: 1.30203e-01
 @simulation.run: Average timings at MD step  585700. t/step: 1.26769e-01
 @simulation.run: Average timings at MD step  585800. t/step: 1.31975e-01
 @simulation.run: Average timings at MD step  585900. t/step: 1.33564e-01
 @simulation.run: Average timings at MD step  586000. t/step: 1.26007e-01
 @simulation.run: Average timings at MD step  586100. t/step: 1.30488e-01
 @simulation.run: Average timings at MD step  586200. t/step: 1.28897e-01
 @simulation.run: Average timings at MD step  586300. t/step: 1.24144e-01
 @simulation.run: Average timings at MD step  586400. t/step: 1.35465e-01
 @simulation.run: Average timings at MD step  586500. t/step: 1.27891e-01
 @simulation.run: Average timings at MD step  586600. t/step: 1.29435e-01
 @simulation.run: Average timings at MD step  586700. t/step: 1.50630e-01
 @simulation.run: Average timings at MD step  586800. t/step: 1.45642e-01
 @simulation.run: Average timings at MD step  586900. t/step: 1.43045e-01
 @simulation.run: Average timings at MD step  587000. t/step: 1.53006e-01
 @simulation.run: Average timings at MD step  587100. t/step: 1.30720e-01
 @simulation.run: Average timings at MD step  587200. t/step: 1.36244e-01
 @simulation.run: Average timings at MD step  587300. t/step: 1.32888e-01
 @simulation.run: Average timings at MD step  587400. t/step: 1.51581e-01
 @simulation.run: Average timings at MD step  587500. t/step: 1.49273e-01
 @simulation.run: Average timings at MD step  587600. t/step: 1.55351e-01
 @simulation.run: Average timings at MD step  587700. t/step: 1.63673e-01
 @simulation.run: Average timings at MD step  587800. t/step: 1.49855e-01
 @simulation.run: Average timings at MD step  587900. t/step: 1.63139e-01
 @simulation.run: Average timings at MD step  588000. t/step: 1.68201e-01
 @simulation.run: Average timings at MD step  588100. t/step: 1.67071e-01
 @simulation.run: Average timings at MD step  588200. t/step: 1.51070e-01
 @simulation.run: Average timings at MD step  588300. t/step: 1.51454e-01
 @simulation.run: Average timings at MD step  588400. t/step: 1.48911e-01
 @simulation.run: Average timings at MD step  588500. t/step: 1.49353e-01
 @simulation.run: Average timings at MD step  588600. t/step: 1.48102e-01
 @simulation.run: Average timings at MD step  588700. t/step: 1.49634e-01
 @simulation.run: Average timings at MD step  588800. t/step: 1.58821e-01
 @simulation.run: Average timings at MD step  588900. t/step: 1.50461e-01
 @simulation.run: Average timings at MD step  589000. t/step: 1.55747e-01
 @simulation.run: Average timings at MD step  589100. t/step: 1.50364e-01
 @simulation.run: Average timings at MD step  589200. t/step: 1.55460e-01
 @simulation.run: Average timings at MD step  589300. t/step: 1.48689e-01
 @simulation.run: Average timings at MD step  589400. t/step: 1.47352e-01
 @simulation.run: Average timings at MD step  589500. t/step: 1.51565e-01
 @simulation.run: Average timings at MD step  589600. t/step: 1.51236e-01
 @simulation.run: Average timings at MD step  589700. t/step: 1.49072e-01
 @simulation.run: Average timings at MD step  589800. t/step: 1.52107e-01
 @simulation.run: Average timings at MD step  589900. t/step: 1.52025e-01
 @simulation.run: Average timings at MD step  590000. t/step: 1.62465e-01
 @simulation.run: Average timings at MD step  590100. t/step: 1.52821e-01
 @simulation.run: Average timings at MD step  590200. t/step: 1.64224e-01
 @simulation.run: Average timings at MD step  590300. t/step: 1.34088e-01
 @simulation.run: Average timings at MD step  590400. t/step: 1.25481e-01
 @simulation.run: Average timings at MD step  590500. t/step: 1.24850e-01
 @simulation.run: Average timings at MD step  590600. t/step: 1.25782e-01
 @simulation.run: Average timings at MD step  590700. t/step: 1.24740e-01
 @simulation.run: Average timings at MD step  590800. t/step: 1.22561e-01
 @simulation.run: Average timings at MD step  590900. t/step: 1.25243e-01
 @simulation.run: Average timings at MD step  591000. t/step: 1.27823e-01
 @simulation.run: Average timings at MD step  591100. t/step: 1.29068e-01
 @simulation.run: Average timings at MD step  591200. t/step: 1.22077e-01
 @simulation.run: Average timings at MD step  591300. t/step: 1.32205e-01
 @simulation.run: Average timings at MD step  591400. t/step: 1.28060e-01
 @simulation.run: Average timings at MD step  591500. t/step: 1.28794e-01
 @simulation.run: Average timings at MD step  591600. t/step: 1.26836e-01
 @simulation.run: Average timings at MD step  591700. t/step: 1.38164e-01
 @simulation.run: Average timings at MD step  591800. t/step: 1.25517e-01
 @simulation.run: Average timings at MD step  591900. t/step: 1.29005e-01
 @simulation.run: Average timings at MD step  592000. t/step: 1.31156e-01
 @simulation.run: Average timings at MD step  592100. t/step: 1.40172e-01
 @simulation.run: Average timings at MD step  592200. t/step: 1.30270e-01
 @simulation.run: Average timings at MD step  592300. t/step: 1.27675e-01
 @simulation.run: Average timings at MD step  592400. t/step: 1.26509e-01
 @simulation.run: Average timings at MD step  592500. t/step: 1.29901e-01
 @simulation.run: Average timings at MD step  592600. t/step: 1.35679e-01
 @simulation.run: Average timings at MD step  592700. t/step: 1.26226e-01
 @simulation.run: Average timings at MD step  592800. t/step: 1.29560e-01
 @simulation.run: Average timings at MD step  592900. t/step: 1.29352e-01
 @simulation.run: Average timings at MD step  593000. t/step: 1.28404e-01
 @simulation.run: Average timings at MD step  593100. t/step: 1.30336e-01
 @simulation.run: Average timings at MD step  593200. t/step: 1.30738e-01
 @simulation.run: Average timings at MD step  593300. t/step: 1.30376e-01
 @simulation.run: Average timings at MD step  593400. t/step: 1.32803e-01
 @simulation.run: Average timings at MD step  593500. t/step: 1.30802e-01
 @simulation.run: Average timings at MD step  593600. t/step: 1.27784e-01
 @simulation.run: Average timings at MD step  593700. t/step: 1.29410e-01
 @simulation.run: Average timings at MD step  593800. t/step: 1.47003e-01
 @simulation.run: Average timings at MD step  593900. t/step: 1.35424e-01
 @simulation.run: Average timings at MD step  594000. t/step: 1.25890e-01
 @simulation.run: Average timings at MD step  594100. t/step: 1.24488e-01
 @simulation.run: Average timings at MD step  594200. t/step: 1.24693e-01
 @simulation.run: Average timings at MD step  594300. t/step: 1.24503e-01
 @simulation.run: Average timings at MD step  594400. t/step: 1.23933e-01
 @simulation.run: Average timings at MD step  594500. t/step: 1.23507e-01
 @simulation.run: Average timings at MD step  594600. t/step: 1.31339e-01
 @simulation.run: Average timings at MD step  594700. t/step: 1.38391e-01
 @simulation.run: Average timings at MD step  594800. t/step: 1.30099e-01
 @simulation.run: Average timings at MD step  594900. t/step: 1.27317e-01
 @simulation.run: Average timings at MD step  595000. t/step: 1.30016e-01
 @simulation.run: Average timings at MD step  595100. t/step: 1.28782e-01
 @simulation.run: Average timings at MD step  595200. t/step: 1.26120e-01
 @simulation.run: Average timings at MD step  595300. t/step: 1.27507e-01
 @simulation.run: Average timings at MD step  595400. t/step: 1.28013e-01
 @simulation.run: Average timings at MD step  595500. t/step: 1.40978e-01
 @simulation.run: Average timings at MD step  595600. t/step: 1.33241e-01
 @simulation.run: Average timings at MD step  595700. t/step: 1.33918e-01
 @simulation.run: Average timings at MD step  595800. t/step: 1.28145e-01
 @simulation.run: Average timings at MD step  595900. t/step: 1.35183e-01
 @simulation.run: Average timings at MD step  596000. t/step: 1.29538e-01
 @simulation.run: Average timings at MD step  596100. t/step: 1.32054e-01
 @simulation.run: Average timings at MD step  596200. t/step: 1.34981e-01
 @simulation.run: Average timings at MD step  596300. t/step: 1.29961e-01
 @simulation.run: Average timings at MD step  596400. t/step: 1.28298e-01
 @simulation.run: Average timings at MD step  596500. t/step: 1.40835e-01
 @simulation.run: Average timings at MD step  596600. t/step: 1.26130e-01
 @simulation.run: Average timings at MD step  596700. t/step: 1.26216e-01
 @simulation.run: Average timings at MD step  596800. t/step: 1.24232e-01
 @simulation.run: Average timings at MD step  596900. t/step: 1.25581e-01
 @simulation.run: Average timings at MD step  597000. t/step: 1.27314e-01
 @simulation.run: Average timings at MD step  597100. t/step: 1.32206e-01
 @simulation.run: Average timings at MD step  597200. t/step: 1.21271e-01
 @simulation.run: Average timings at MD step  597300. t/step: 1.22651e-01
 @simulation.run: Average timings at MD step  597400. t/step: 1.22321e-01
 @simulation.run: Average timings at MD step  597500. t/step: 1.22772e-01
 @simulation.run: Average timings at MD step  597600. t/step: 1.25711e-01
 @simulation.run: Average timings at MD step  597700. t/step: 1.29825e-01
 @simulation.run: Average timings at MD step  597800. t/step: 1.28797e-01
 @simulation.run: Average timings at MD step  597900. t/step: 1.24573e-01
 @simulation.run: Average timings at MD step  598000. t/step: 1.26917e-01
 @simulation.run: Average timings at MD step  598100. t/step: 1.21861e-01
 @simulation.run: Average timings at MD step  598200. t/step: 1.28018e-01
 @simulation.run: Average timings at MD step  598300. t/step: 1.30341e-01
 @simulation.run: Average timings at MD step  598400. t/step: 1.31214e-01
 @simulation.run: Average timings at MD step  598500. t/step: 1.38488e-01
 @simulation.run: Average timings at MD step  598600. t/step: 1.23354e-01
 @simulation.run: Average timings at MD step  598700. t/step: 1.41490e-01
 @simulation.run: Average timings at MD step  598800. t/step: 1.24965e-01
 @simulation.run: Average timings at MD step  598900. t/step: 1.24257e-01
 @simulation.run: Average timings at MD step  599000. t/step: 1.22306e-01
 @simulation.run: Average timings at MD step  599100. t/step: 1.27781e-01
 @simulation.run: Average timings at MD step  599200. t/step: 1.28725e-01
 @simulation.run: Average timings at MD step  599300. t/step: 1.20733e-01
 @simulation.run: Average timings at MD step  599400. t/step: 1.20765e-01
 @simulation.run: Average timings at MD step  599500. t/step: 1.20667e-01
 @simulation.run: Average timings at MD step  599600. t/step: 1.21302e-01
 @simulation.run: Average timings at MD step  599700. t/step: 1.22187e-01
 @simulation.run: Average timings at MD step  599800. t/step: 1.21218e-01
 @simulation.run: Average timings at MD step  599900. t/step: 1.22281e-01
 @softexit.trigger:  SOFTEXIT CALLED FROM THREAD <_MainThread(MainThread, started 140648032428032)>  @ SIMULATION: Exiting cleanly.
 !W! Soft exit has been requested with message: ' @ SIMULATION: Exiting cleanly. I-PI reports success. Restartable as is: NO.'. Cleaning up.
 @interfacesocket.close: Shutting down the driver interface.
 @simulation.softexit: Saving the latest status at the end of the step
 @open_backup: Backup performed: RESTART -> #RESTART#4#
PLUMED:                                               Cycles        Total      Average      Minimum      Maximum
PLUMED:                                                    1  1013.880123  1013.880123  1013.880123  1013.880123
PLUMED: 1 Prepare dependencies                      19200032    25.090724     0.000001    -0.001279     0.000630
PLUMED: 2 Sharing data                              19200032    20.826712     0.000001    -0.001658     0.002386
PLUMED: 3 Waiting for data                          19200032     4.921568     0.000000     0.000000     0.000426
PLUMED: 4 Calculating (forward loop)                19200032   694.534030     0.000036    -0.003470     0.003903
PLUMED: 5 Applying (backward loop)                  19200032   126.052910     0.000007    -0.002069     0.000926
PLUMED: 6 Update                                      600001     2.173351     0.000004    -0.001429     0.000933
