# step t_ps cv bias_e
0 0.0000 -1.483269 0.000000
10 0.0050 -1.482728 0.238992
20 0.0100 -1.482183 0.238950
30 0.0150 -1.481694 0.238887
40 0.0200 -1.481258 0.238813
50 0.0250 -1.480793 0.238713
60 0.0300 -1.480421 0.238619
70 0.0350 -1.479797 0.238430
80 0.0400 -1.479221 0.238224
90 0.0450 -1.478719 0.238019
100 0.0500 -1.478126 0.237745
110 0.0550 -1.477558 0.461074
120 0.0600 -1.476947 0.460678
130 0.0650 -1.476111 0.460024
140 0.0700 -1.475015 0.458976
150 0.0750 -1.473854 0.457628
160 0.0800 -1.472647 0.455971
170 0.0850 -1.471404 0.453995
180 0.0900 -1.470305 0.452023
190 0.0950 -1.469088 0.449596
200 0.1000 -1.467969 0.447143
210 0.1050 -1.466927 0.655547
220 0.1100 -1.465992 0.653059
230 0.1150 -1.465131 0.650577
240 0.1200 -1.464222 0.647761
250 0.1250 -1.462991 0.643638
260 0.1300 -1.461338 0.637540
270 0.1350 -1.459554 0.630261
280 0.1400 -1.457857 0.622695
290 0.1450 -1.456144 0.614440
300 0.1500 -1.454277 0.604772
310 0.1550 -1.452349 0.795770
320 0.1600 -1.450277 0.783057
330 0.1650 -1.448147 0.768890
340 0.1700 -1.445976 0.753378
350 0.1750 -1.443895 0.737563
360 0.1800 -1.441929 0.721832
370 0.1850 -1.439952 0.705306
380 0.1900 -1.437893 0.687410
390 0.1950 -1.435781 0.668408
400 0.2000 -1.433709 0.649205
410 0.2050 -1.431812 0.830400
420 0.2100 -1.429978 0.812264
430 0.2150 -1.428050 0.792635
440 0.2200 -1.426391 0.775317
450 0.2250 -1.424831 0.758725
460 0.2300 -1.423174 0.740800
470 0.2350 -1.421624 0.723804
480 0.2400 -1.420220 0.708228
490 0.2450 -1.418887 0.693324
500 0.2500 -1.417671 0.679632
510 0.2550 -1.416592 0.865027
520 0.2600 -1.415672 0.854473
530 0.2650 -1.414976 0.846431
540 0.2700 -1.414396 0.839686
550 0.2750 -1.414005 0.835112
560 0.2800 -1.413761 0.832255
570 0.2850 -1.413706 0.831619
580 0.2900 -1.413734 0.831949
590 0.2950 -1.413940 0.834351
600 0.3000 -1.414430 0.840081
610 0.3050 -1.414977 1.035405
620 0.3100 -1.415721 1.043952
630 0.3150 -1.416604 1.053964
640 0.3200 -1.417758 1.066824
650 0.3250 -1.419029 1.080669
660 0.3300 -1.420224 1.093386
670 0.3350 -1.421340 1.104966
680 0.3400 -1.422336 1.115062
690 0.3450 -1.423476 1.126326
700 0.3500 -1.424654 1.137617
710 0.3550 -1.425887 1.322906
720 0.3600 -1.427271 1.335088
730 0.3650 -1.428715 1.347090
740 0.3700 -1.430334 1.359671
750 0.3750 -1.431956 1.371312
760 0.3800 -1.433646 1.382391
770 0.3850 -1.435723 1.394510
780 0.3900 -1.437784 1.404857
790 0.3950 -1.440088 1.414403
800 0.4000 -1.442673 1.422522
810 0.4050 -1.445264 1.588233
820 0.4100 -1.447870 1.590112
830 0.4150 -1.450439 1.588733
840 0.4200 -1.453071 1.584006
850 0.4250 -1.455722 1.575881
860 0.4300 -1.458382 1.564394
870 0.4350 -1.460958 1.550149
880 0.4400 -1.463367 1.534125
890 0.4450 -1.465744 1.515834
900 0.4500 -1.468251 1.493968
910 0.4550 -1.470853 1.625807
920 0.4600 -1.473480 1.596956
930 0.4650 -1.476240 1.563547
940 0.4700 -1.479220 1.524127
950 0.4750 -1.482491 1.477235
960 0.4800 -1.485965 1.423698
970 0.4850 -1.489278 1.369519
980 0.4900 -1.492511 1.314181
990 0.4950 -1.495668 1.258203
1000 0.5000 -1.498649 1.203970
1010 0.5050 -1.501686 1.318097
1020 0.5100 -1.504683 1.260990
1030 0.5150 -1.507432 1.207811
1040 0.5200 -1.510193 1.153902
1050 0.5250 -1.512904 1.100736
1060 0.5300 -1.515516 1.049515
1070 0.5350 -1.518032 1.000362
1080 0.5400 -1.520519 0.952156
1090 0.5450 -1.522889 0.906689
1100 0.5500 -1.525238 0.862228
1110 0.5550 -1.527497 1.007763
1120 0.5600 -1.529791 0.965242
1130 0.5650 -1.532016 0.924443
1140 0.5700 -1.534150 0.885828
1150 0.5750 -1.536236 0.848619
1160 0.5800 -1.538229 0.813651
1170 0.5850 -1.540151 0.780498
1180 0.5900 -1.541981 0.749481
1190 0.5950 -1.543606 0.722417
1200 0.6000 -1.545172 0.696785
1210 0.6050 -1.546503 0.871992
1220 0.6100 -1.547548 0.855269
1230 0.6150 -1.548273 0.843739
1240 0.6200 -1.548658 0.837638
1250 0.6250 -1.548920 0.833491
1260 0.6300 -1.549098 0.830686
1270 0.6350 -1.548944 0.833118
1280 0.6400 -1.548661 0.837586
1290 0.6450 -1.548095 0.846560
1300 0.6500 -1.547238 0.860215
1310 0.6550 -1.546159 1.065413
1320 0.6600 -1.544915 1.085382
1330 0.6650 -1.543531 1.107646
1340 0.6700 -1.541884 1.134226
1350 0.6750 -1.540048 1.163911
1360 0.6800 -1.538007 1.196947
1370 0.6850 -1.535896 1.231140
1380 0.6900 -1.533646 1.267537
1390 0.6950 -1.531346 1.304650
1400 0.7000 -1.528764 1.346131
1410 0.7050 -1.526141 1.551791
1420 0.7100 -1.523364 1.594944
1430 0.7150 -1.520493 1.638451
1440 0.7200 -1.517437 1.683379
1450 0.7250 -1.514247 1.728595
1460 0.7300 -1.511098 1.771399
1470 0.7350 -1.507825 1.813751
1480 0.7400 -1.504366 1.855958
1490 0.7450 -1.500580 1.898869
1500 0.7500 -1.496785 1.938141
1510 0.7550 -1.492876 2.112971
1520 0.7600 -1.488882 2.143916
1530 0.7650 -1.484849 2.169075
1540 0.7700 -1.480896 2.187505
1550 0.7750 -1.476823 2.199801
1560 0.7800 -1.472691 2.205108
1570 0.7850 -1.468511 2.202951
1580 0.7900 -1.464479 2.193593
1590 0.7950 -1.460356 2.176581
1600 0.8000 -1.456243 2.152139
1610 0.8050 -1.452166 2.251143
1620 0.8100 -1.448163 2.212065
1630 0.8150 -1.444163 2.165609
1640 0.8200 -1.440154 2.111985
1650 0.8250 -1.435946 2.048542
1660 0.8300 -1.431753 1.978596
1670 0.8350 -1.427459 1.900707
1680 0.8400 -1.423285 1.819662
1690 0.8450 -1.419099 1.733893
1700 0.8500 -1.414994 1.646244
1710 0.8550 -1.410958 1.707791
1720 0.8600 -1.407078 1.619295
1730 0.8650 -1.403103 1.526769
1740 0.8700 -1.399178 1.434254
1750 0.8750 -1.395258 1.341513
1760 0.8800 -1.391262 1.247371
1770 0.8850 -1.387091 1.150287
1780 0.8900 -1.382788 1.052261
1790 0.8950 -1.378456 0.956495
1800 0.9000 -1.374244 0.866902
1810 0.9050 -1.370168 0.970955
1820 0.9100 -1.366241 0.893289
1830 0.9150 -1.362586 0.823741
1840 0.9200 -1.359263 0.762999
1850 0.9250 -1.356008 0.705937
1860 0.9300 -1.353171 0.658251
1870 0.9350 -1.350399 0.613566
1880 0.9400 -1.347797 0.573355
1890 0.9450 -1.345663 0.541651
1900 0.9500 -1.343803 0.514967
1910 0.9550 -1.342083 0.697898
1920 0.9600 -1.340519 0.676495
1930 0.9650 -1.339164 0.658288
1940 0.9700 -1.337973 0.642545
1950 0.9750 -1.336956 0.629281
1960 0.9800 -1.336119 0.618511
1970 0.9850 -1.335318 0.608305
1980 0.9900 -1.334429 0.597122
1990 0.9950 -1.333607 0.586881
2000 1.0000 -1.333229 0.582221
2010 1.0050 -1.333225 0.785268
2020 1.0100 -1.333239 0.785444
2030 1.0150 -1.333482 0.788444
2040 1.0200 -1.333968 0.794445
2050 1.0250 -1.334619 0.802528
2060 1.0300 -1.335345 0.811581
2070 1.0350 -1.336310 0.823681
2080 1.0400 -1.337341 0.836697
2090 1.0450 -1.338596 0.852687
2100 1.0500 -1.340144 0.872599
2110 1.0550 -1.341831 1.081708
2120 1.0600 -1.343759 1.106735
2130 1.0650 -1.345960 1.135394
2140 1.0700 -1.348409 1.167431
2150 1.0750 -1.351028 1.201864
2160 1.0800 -1.353637 1.236400
2170 1.0850 -1.356167 1.270111
2180 1.0900 -1.358584 1.302558
2190 1.0950 -1.360934 1.334358
2200 1.1000 -1.363220 1.365535
2210 1.1050 -1.365577 1.560953
2220 1.1100 -1.368022 1.594349
2230 1.1150 -1.370589 1.629362
2240 1.1200 -1.373274 1.665945
2250 1.1250 -1.375904 1.701744
2260 1.1300 -1.378442 1.736288
2270 1.1350 -1.381129 1.772840
2280 1.1400 -1.384015 1.812071
2290 1.1450 -1.387006 1.852681
2300 1.1500 -1.390148 1.895246
2310 1.1550 -1.393082 2.075303
2320 1.1600 -1.395766 2.110696
2330 1.1650 -1.398267 2.143106
2340 1.1700 -1.400611 2.172936
2350 1.1750 -1.403113 2.204112
2360 1.1800 -1.405669 2.235217
2370 1.1850 -1.408355 2.266999
2380 1.1900 -1.411089 2.298304
2390 1.1950 -1.413850 2.328736
2400 1.2000 -1.416784 2.359653
2410 1.2050 -1.419749 2.512627
2420 1.2100 -1.422795 2.540528
2430 1.2150 -1.425772 2.565393
2440 1.2200 -1.428673 2.587214
2450 1.2250 -1.431462 2.605824
2460 1.2300 -1.434007 2.620703
2470 1.2350 -1.436407 2.632829
2480 1.2400 -1.438725 2.642729
2490 1.2450 -1.440981 2.650613
2500 1.2500 -1.443095 2.656406
2510 1.2550 -1.445151 2.774168
2520 1.2600 -1.447335 2.776587
2530 1.2650 -1.449387 2.777096
2540 1.2700 -1.451173 2.776140
2550 1.2750 -1.452957 2.773881
2560 1.2800 -1.454925 2.769876
2570 1.2850 -1.456871 2.764356
2580 1.2900 -1.458451 2.758737
2590 1.2950 -1.459659 2.753753
2600 1.3000 -1.460698 2.748997
2610 1.3050 -1.461526 2.855707
2620 1.3100 -1.462145 2.852428
2630 1.3150 -1.462830 2.848602
2640 1.3200 -1.463553 2.844340
2650 1.3250 -1.464081 2.841081
2660 1.3300 -1.464353 2.839353
2670 1.3350 -1.464787 2.836534
2680 1.3400 -1.465307 2.833043
2690 1.3450 -1.465841 2.829336
2700 1.3500 -1.466435 2.825068
2710 1.3550 -1.466881 2.930250
2720 1.3600 -1.467063 2.928872
2730 1.3650 -1.467290 2.927132
2740 1.3700 -1.467477 2.925684
2750 1.3750 -1.467385 2.926402
2760 1.3800 -1.467167 2.928083
2770 1.3850 -1.467106 2.928548
2780 1.3900 -1.466929 2.929893
2790 1.3950 -1.466711 2.931522
2800 1.4000 -1.466686 2.931710
2810 1.4050 -1.466564 3.037923
2820 1.4100 -1.466548 3.038037
2830 1.4150 -1.466706 3.036866
2840 1.4200 -1.466718 3.036781
2850 1.4250 -1.466623 3.037485
2860 1.4300 -1.466702 3.036898
2870 1.4350 -1.466744 3.036584
2880 1.4400 -1.466952 3.035024
2890 1.4450 -1.467002 3.034644
2900 1.4500 -1.466983 3.034790
2910 1.4550 -1.466746 3.138884
2920 1.4600 -1.466370 3.141652
2930 1.4650 -1.465858 3.145288
2940 1.4700 -1.465352 3.148731
2950 1.4750 -1.464569 3.153786
2960 1.4800 -1.463532 3.159947
2970 1.4850 -1.462235 3.166795
2980 1.4900 -1.460738 3.173509
2990 1.4950 -1.459191 3.179105
3000 1.5000 -1.457448 3.183766
3010 1.5050 -1.455798 3.284669
3020 1.5100 -1.454190 3.285762
3030 1.5150 -1.452515 3.285232
3040 1.5200 -1.450873 3.283070
3050 1.5250 -1.449543 3.280139
3060 1.5300 -1.448386 3.276734
3070 1.5350 -1.447107 3.272055
3080 1.5400 -1.445464 3.264656
3090 1.5450 -1.443638 3.254620
3100 1.5500 -1.441653 3.241598
3110 1.5550 -1.439858 3.324465
3120 1.5600 -1.438050 3.308820
3130 1.5650 -1.436167 3.290586
3140 1.5700 -1.434233 3.269887
3150 1.5750 -1.432091 3.244706
3160 1.5800 -1.429819 3.215515
3170 1.5850 -1.427377 3.181436
3180 1.5900 -1.424985 3.145495
3190 1.5950 -1.422481 3.105366
3200 1.6000 -1.419987 3.063040
3210 1.6050 -1.417437 3.118892
3220 1.6100 -1.415015 3.073396
3230 1.6150 -1.412657 3.027264
3240 1.6200 -1.410043 2.974235
3250 1.6250 -1.407394 2.918704
3260 1.6300 -1.404696 2.860502
3270 1.6350 -1.402132 2.803913
3280 1.6400 -1.399716 2.749637
3290 1.6450 -1.397439 2.697736
3300 1.6500 -1.395060 2.642925
3310 1.6550 -1.392565 2.698963
3320 1.6600 -1.390141 2.641851
3330 1.6650 -1.387509 2.579272
3340 1.6700 -1.384530 2.507951
3350 1.6750 -1.381337 2.431107
3360 1.6800 -1.378242 2.356468
3370 1.6850 -1.375155 2.282013
3380 1.6900 -1.372178 2.210378
3390 1.6950 -1.369126 2.137190
3400 1.7000 -1.366004 2.062754
3410 1.7050 -1.362727 2.119144
3420 1.7100 -1.359274 2.037202
3430 1.7150 -1.355776 1.954363
3440 1.7200 -1.352270 1.871665
3450 1.7250 -1.348720 1.788342
3460 1.7300 -1.345319 1.709005
3470 1.7350 -1.341872 1.629183
3480 1.7400 -1.338474 1.551204
3490 1.7450 -1.335242 1.477736
3500 1.7500 -1.332164 1.408539
3510 1.7550 -1.329299 1.505820
3520 1.7600 -1.326474 1.443068
3530 1.7650 -1.323950 1.387284
3540 1.7700 -1.321631 1.336343
3550 1.7750 -1.319280 1.285072
3560 1.7800 -1.316983 1.235383
3570 1.7850 -1.314916 1.191061
3580 1.7900 -1.313047 1.151371
3590 1.7950 -1.311287 1.114312
3600 1.8000 -1.309674 1.080689
3610 1.8050 -1.308204 1.226930
3620 1.8100 -1.306810 1.198186
3630 1.8150 -1.305450 1.170292
3640 1.8200 -1.304280 1.146384
3650 1.8250 -1.303412 1.128733
3660 1.8300 -1.302772 1.115757
3670 1.8350 -1.302279 1.105808
3680 1.8400 -1.301994 1.100055
3690 1.8450 -1.301902 1.098201
3700 1.8500 -1.302074 1.101673
3710 1.8550 -1.302589 1.287715
3720 1.8600 -1.303231 1.300677
3730 1.8650 -1.304003 1.316275
3740 1.8700 -1.305122 1.338897
3750 1.8750 -1.306478 1.366338
3760 1.8800 -1.308220 1.401593
3770 1.8850 -1.310088 1.439376
3780 1.8900 -1.311947 1.476927
3790 1.8950 -1.313900 1.516310
3800 1.9000 -1.315998 1.558474
3810 1.9050 -1.318197 1.756914
3820 1.9100 -1.320379 1.799939
3830 1.9150 -1.322733 1.845750
3840 1.9200 -1.325156 1.892227
3850 1.9250 -1.327569 1.937826
3860 1.9300 -1.329921 1.981597
3870 1.9350 -1.332271 2.024651
3880 1.9400 -1.334659 2.067769
3890 1.9450 -1.337292 2.114540
3900 1.9500 -1.339992 2.161742
3910 1.9550 -1.342656 2.338022
3920 1.9600 -1.345394 2.383890
3930 1.9650 -1.348107 2.428368
3940 1.9700 -1.351088 2.476242
3950 1.9750 -1.354276 2.526378
3960 1.9800 -1.357584 2.577455
3970 1.9850 -1.360648 2.624047
3980 1.9900 -1.363408 2.665564
3990 1.9950 -1.366306 2.708787
4000 2.0000 -1.369390 2.754504
4010 2.0050 -1.372468 2.910380
4020 2.0100 -1.375559 2.955279
4030 2.0150 -1.378440 2.996716
4040 2.0200 -1.381446 3.039558
4050 2.0250 -1.384591 3.083977
4060 2.0300 -1.387385 3.123076
4070 2.0350 -1.390282 3.163222
4080 2.0400 -1.393168 3.202732
4090 2.0450 -1.396169 3.243217
4100 2.0500 -1.398931 3.279827
4110 2.0550 -1.401695 3.411096
4120 2.0600 -1.404351 3.444306
4130 2.0650 -1.406635 3.471870
4140 2.0700 -1.408751 3.496497
4150 2.0750 -1.410752 3.518901
4160 2.0800 -1.412746 3.540304
4170 2.0850 -1.414779 3.561092
4180 2.0900 -1.416578 3.578556
4190 2.0950 -1.418351 3.594849
4200 2.1000 -1.420060 3.609648
4210 2.1050 -1.421608 3.709321
4220 2.1100 -1.423194 3.721243
4230 2.1150 -1.424619 3.731125
4240 2.1200 -1.425887 3.739224
4250 2.1250 -1.427148 3.746624
4260 2.1300 -1.428028 3.751384
4270 2.1350 -1.428679 3.754689
4280 2.1400 -1.429404 3.758148
4290 2.1450 -1.429972 3.760696
4300 2.1500 -1.430397 3.762505
4310 2.1550 -1.430802 3.847632
4320 2.1600 -1.431178 3.849088
4330 2.1650 -1.431574 3.850548
4340 2.1700 -1.432233 3.852798
4350 2.1750 -1.432895 3.854842
4360 2.1800 -1.433169 3.855620
4370 2.1850 -1.433150 3.855567
4380 2.1900 -1.433085 3.855386
4390 2.1950 -1.432870 3.854769
4400 2.2000 -1.432444 3.853474
4410 2.2050 -1.431904 3.933083
4420 2.2100 -1.431299 3.930908
4430 2.2150 -1.430658 3.928391
4440 2.2200 -1.429883 3.925060
4450 2.2250 -1.428981 3.920793
4460 2.2300 -1.428044 3.915923
4470 2.2350 -1.427025 3.910131
4480 2.2400 -1.426135 3.904651
4490 2.2450 -1.425446 3.900145
4500 2.2500 -1.424763 3.895459
4510 2.2550 -1.424043 3.970704
4520 2.2600 -1.423163 3.964021
4530 2.2650 -1.422179 3.956099
4540 2.2700 -1.421167 3.947471
4550 2.2750 -1.419996 3.936901
4560 2.2800 -1.418683 3.924317
4570 2.2850 -1.417238 3.909593
4580 2.2900 -1.415611 3.891971
4590 2.2950 -1.413946 3.872838
4600 2.3000 -1.412358 3.853608
4610 2.3050 -1.410776 3.914872
4620 2.3100 -1.409149 3.893200
4630 2.3150 -1.407273 3.867041
4640 2.3200 -1.405427 3.840159
4650 2.3250 -1.403483 3.810670
4660 2.3300 -1.401582 3.780765
4670 2.3350 -1.399604 3.748607
4680 2.3400 -1.397525 3.713746
4690 2.3450 -1.395302 3.675367
4700 2.3500 -1.393051 3.635458
4710 2.3550 -1.390639 3.678059
4720 2.3600 -1.388072 3.630028
4730 2.3650 -1.385559 3.581872
4740 2.3700 -1.383178 3.535276
4750 2.3750 -1.380820 3.488312
4760 2.3800 -1.378482 3.441003
4770 2.3850 -1.376405 3.398405
4780 2.3900 -1.374384 3.356501
4790 2.3950 -1.372344 3.313747
4800 2.4000 -1.370280 3.270043
4810 2.4050 -1.368445 3.326601
4820 2.4100 -1.366718 3.289274
4830 2.4150 -1.364926 3.250123
4840 2.4200 -1.363253 3.213213
4850 2.4250 -1.361586 3.176102
4860 2.4300 -1.360107 3.142877
4870 2.4350 -1.358696 3.110939
4880 2.4400 -1.357260 3.078194
4890 2.4450 -1.355935 3.047740
4900 2.4500 -1.354712 3.019464
4910 2.4550 -1.353301 3.089314
4920 2.4600 -1.351954 3.057613
4930 2.4650 -1.350451 3.021902
4940 2.4700 -1.349056 2.988415
4950 2.4750 -1.347966 2.962056
4960 2.4800 -1.346969 2.937755
4970 2.4850 -1.346008 2.914181
4980 2.4900 -1.345094 2.891651
4990 2.4950 -1.344199 2.869428
5000 2.5000 -1.343203 2.844573
5010 2.5050 -1.342479 2.934291
5020 2.5100 -1.341989 2.921933
5030 2.5150 -1.341581 2.911609
5040 2.5200 -1.341304 2.904575
5050 2.5250 -1.340990 2.896567
5060 2.5300 -1.340461 2.883082
5070 2.5350 -1.339854 2.867499
5080 2.5400 -1.339076 2.847450
5090 2.5450 -1.338187 2.824396
5100 2.5500 -1.337265 2.800328
5110 2.5550 -1.336476 2.888836
5120 2.5600 -1.335962 2.875237
5130 2.5650 -1.335590 2.865372
5140 2.5700 -1.335253 2.856394
5150 2.5750 -1.335025 2.850327
5160 2.5800 -1.334766 2.843392
5170 2.5850 -1.334456 2.835083
5180 2.5900 -1.334189 2.827897
5190 2.5950 -1.334042 2.823952
5200 2.6000 -1.334082 2.825037
5210 2.6050 -1.334221 2.937266
5220 2.6100 -1.334489 2.944459
5230 2.6150 -1.334948 2.956742
5240 2.6200 -1.335644 2.975239
5250 2.6250 -1.336250 2.991254
5260 2.6300 -1.336936 3.009256
5270 2.6350 -1.337655 3.027984
5280 2.6400 -1.338463 3.048869
5290 2.6450 -1.339290 3.070063
5300 2.6500 -1.340162 3.092182
5310 2.6550 -1.341165 3.218038
5320 2.6600 -1.342164 3.242777
5330 2.6650 -1.343109 3.265874
5340 2.6700 -1.344015 3.287760
5350 2.6750 -1.344659 3.303150
5360 2.6800 -1.345200 3.315974
5370 2.6850 -1.345809 3.330313
5380 2.6900 -1.346617 3.349128
5390 2.6950 -1.347510 3.369691
5400 2.7000 -1.348693 3.396527
5410 2.7050 -1.350082 3.519923
5420 2.7100 -1.351553 3.551915
5430 2.7150 -1.353285 3.588599
5440 2.7200 -1.355162 3.627198
5450 2.7250 -1.357211 3.667962
5460 2.7300 -1.359280 3.707701
5470 2.7350 -1.361509 3.748972
5480 2.7400 -1.363815 3.789991
5490 2.7450 -1.366217 3.831005
5500 2.7500 -1.368400 3.866786
5510 2.7550 -1.370548 3.981654
5520 2.7600 -1.372882 4.016741
5530 2.7650 -1.375389 4.052606
5540 2.7700 -1.378140 4.089826
5550 2.7750 -1.380741 4.123030
5560 2.7800 -1.383411 4.155157
5570 2.7850 -1.386126 4.185832
5580 2.7900 -1.388750 4.213577
5590 2.7950 -1.391498 4.240649
5600 2.8000 -1.394314 4.266266
5610 2.8050 -1.397202 4.362673
5620 2.8100 -1.400197 4.384719
5630 2.8150 -1.403216 4.404046
5640 2.8200 -1.406178 4.420088
5650 2.8250 -1.409220 4.433425
5660 2.8300 -1.412069 4.442909
5670 2.8350 -1.414954 4.449422
5680 2.8400 -1.417921 4.452727
5690 2.8450 -1.420891 4.452438
5700 2.8500 -1.423741 4.448628
5710 2.8550 -1.426821 4.509248
5720 2.8600 -1.429848 4.496594
5730 2.8650 -1.432622 4.480962
5740 2.8700 -1.435464 4.460845
5750 2.8750 -1.438337 4.436202
5760 2.8800 -1.441189 4.407395
5770 2.8850 -1.443921 4.375707
5780 2.8900 -1.446523 4.341791
5790 2.8950 -1.448894 4.307718
5800 2.9000 -1.451115 4.273055
5810 2.9050 -1.453183 4.310763
5820 2.9100 -1.455248 4.273769
5830 2.9150 -1.457361 4.233520
5840 2.9200 -1.459461 4.191173
5850 2.9250 -1.461438 4.149190
5860 2.9300 -1.463385 4.105890
5870 2.9350 -1.465409 4.058924
5880 2.9400 -1.467421 4.010275
5890 2.9450 -1.469090 3.968509
5900 2.9500 -1.470678 3.927608
5910 2.9550 -1.471973 3.973176
5920 2.9600 -1.473220 3.939555
5930 2.9650 -1.474347 3.908602
5940 2.9700 -1.475725 3.870016
5950 2.9750 -1.477078 3.831387
5960 2.9800 -1.478238 3.797704
5970 2.9850 -1.479133 3.771352
5980 2.9900 -1.479981 3.746149
5990 2.9950 -1.480852 3.719962
6000 3.0000 -1.481674 3.695030
6010 3.0050 -1.482522 3.754128
6020 3.0100 -1.483068 3.737257
6030 3.0150 -1.483582 3.721294
6040 3.0200 -1.484341 3.697560
6050 3.0250 -1.485054 3.675062
6060 3.0300 -1.485973 3.645858
6070 3.0350 -1.486940 3.614817
6080 3.0400 -1.487925 3.582934
6090 3.0450 -1.489116 3.544003
6100 3.0500 -1.490460 3.499612
6110 3.0550 -1.491900 3.541387
6120 3.0600 -1.493490 3.487632
6130 3.0650 -1.495305 3.425545
6140 3.0700 -1.497091 3.363705
6150 3.0750 -1.498877 3.301277
6160 3.0800 -1.500715 3.236443
6170 3.0850 -1.502719 3.165194
6180 3.0900 -1.504585 3.098458
6190 3.0950 -1.506383 3.033780
6200 3.1000 -1.508051 2.973633
6210 3.1050 -1.509650 3.019820
6220 3.1100 -1.511241 2.962064
6230 3.1150 -1.513001 2.898001
6240 3.1200 -1.514777 2.833287
6250 3.1250 -1.516693 2.763443
6260 3.1300 -1.518672 2.691320
6270 3.1350 -1.520715 2.617059
6280 3.1400 -1.522672 2.546105
6290 3.1450 -1.524421 2.482968
6300 3.1500 -1.525924 2.428928
6310 3.1550 -1.527446 2.495606
6320 3.1600 -1.528888 2.444094
6330 3.1650 -1.530134 2.399752
6340 3.1700 -1.531266 2.359605
6350 3.1750 -1.532232 2.325446
6360 3.1800 -1.533044 2.296843
6370 3.1850 -1.533534 2.279620
6380 3.1900 -1.533900 2.266753
6390 3.1950 -1.534175 2.257121
6400 3.2000 -1.534120 2.259038
6410 3.2050 -1.533859 2.395284
6420 3.2100 -1.533403 2.411285
6430 3.2150 -1.532860 2.430354
6440 3.2200 -1.532197 2.453707
6450 3.2250 -1.531305 2.485126
6460 3.2300 -1.530076 2.528496
6470 3.2350 -1.528825 2.572753
6480 3.2400 -1.527502 2.619585
6490 3.2450 -1.526403 2.658545
6500 3.2500 -1.525324 2.696806
6510 3.2550 -1.524453 2.840148
6520 3.2600 -1.523497 2.873992
6530 3.2650 -1.522749 2.900428
6540 3.2700 -1.522033 2.925720
6550 3.2750 -1.521435 2.946803
6560 3.2800 -1.521035 2.960896
6570 3.2850 -1.520834 2.967970
6580 3.2900 -1.520692 2.972982
6590 3.2950 -1.520316 2.986215
6600 3.3000 -1.519856 3.002362
6610 3.3050 -1.519432 3.120494
6620 3.3100 -1.519070 3.133184
6630 3.3150 -1.518538 3.151807
6640 3.3200 -1.518102 3.167035
6650 3.3250 -1.517725 3.180180
6660 3.3300 -1.517459 3.189412
6670 3.3350 -1.517304 3.194823
6680 3.3400 -1.517267 3.196108
6690 3.3450 -1.517177 3.199240
6700 3.3500 -1.517147 3.200283
6710 3.3550 -1.517260 3.294045
6720 3.3600 -1.517409 3.288837
6730 3.3650 -1.517491 3.286001
6740 3.3700 -1.517373 3.290087
6750 3.3750 -1.517201 3.296079
6760 3.3800 -1.516937 3.305264
6770 3.3850 -1.516435 3.322646
6780 3.3900 -1.515931 3.340039
6790 3.3950 -1.515559 3.352864
6800 3.4000 -1.515166 3.366369
6810 3.4050 -1.514723 3.474842
6820 3.4100 -1.514276 3.490090
6830 3.4150 -1.513783 3.506871
6840 3.4200 -1.513252 3.524903
6850 3.4250 -1.512518 3.549662
6860 3.4300 -1.511736 3.575888
6870 3.4350 -1.510982 3.601028
6880 3.4400 -1.510115 3.629703
6890 3.4450 -1.509222 3.659031
6900 3.4500 -1.508272 3.689947
6910 3.4550 -1.507445 3.801827
6920 3.4600 -1.506603 3.828720
6930 3.4650 -1.505809 3.853900
6940 3.4700 -1.505084 3.876649
6950 3.4750 -1.504470 3.895776
6960 3.4800 -1.504027 3.909487
6970 3.4850 -1.503672 3.920430
6980 3.4900 -1.503287 3.932239
6990 3.4950 -1.502973 3.941807
7000 3.5000 -1.502494 3.956358
7010 3.5050 -1.502085 4.047808
7020 3.5100 -1.501899 4.053407
7030 3.5150 -1.501775 4.057124
7040 3.5200 -1.501508 4.065093
7050 3.5250 -1.501661 4.060525
7060 3.5300 -1.501954 4.051737
7070 3.5350 -1.502131 4.046409
7080 3.5400 -1.502335 4.040246
7090 3.5450 -1.502640 4.031026
7100 3.5500 -1.502597 4.032321
7110 3.5550 -1.502445 4.114357
7120 3.5600 -1.502261 4.119915
7130 3.5650 -1.502208 4.121491
7140 3.5700 -1.502214 4.121322
7150 3.5750 -1.502269 4.119680
7160 3.5800 -1.502224 4.121019
7170 3.5850 -1.502148 4.123320
7180 3.5900 -1.502168 4.122713
7190 3.5950 -1.502386 4.116140
7200 3.6000 -1.502739 4.105418
7210 3.6050 -1.503206 4.167051
7220 3.6100 -1.503921 4.145027
7230 3.6150 -1.504719 4.120177
7240 3.6200 -1.505642 4.091047
7250 3.6250 -1.506532 4.062632
7260 3.6300 -1.507616 4.027484
7270 3.6350 -1.508805 3.988364
7280 3.6400 -1.509844 3.953708
7290 3.6450 -1.510932 3.916903
7300 3.6500 -1.512235 3.872168
7310 3.6550 -1.513672 3.902988
7320 3.6600 -1.515199 3.848800
7330 3.6650 -1.516640 3.796779
7340 3.6700 -1.517808 3.754059
7350 3.6750 -1.519014 3.709386
7360 3.6800 -1.520366 3.658708
7370 3.6850 -1.521868 3.601670
7380 3.6900 -1.523348 3.544794
7390 3.6950 -1.524958 3.482137
7400 3.7000 -1.526702 3.413495
7410 3.7050 -1.528287 3.442372
7420 3.7100 -1.530037 3.371875
7430 3.7150 -1.531821 3.299246
7440 3.7200 -1.533730 3.220736
7450 3.7250 -1.535838 3.133256
7460 3.7300 -1.537968 3.044164
7470 3.7350 -1.540253 2.947938
7480 3.7400 -1.542534 2.851451
7490 3.7450 -1.544800 2.755288
7500 3.7500 -1.547036 2.660327
7510 3.7550 -1.549268 2.679154
7520 3.7600 -1.551347 2.590917
7530 3.7650 -1.553457 2.501572
7540 3.7700 -1.555453 2.417371
7550 3.7750 -1.557277 2.340809
7560 3.7800 -1.559033 2.267545
7570 3.7850 -1.560913 2.189659
7580 3.7900 -1.562782 2.112939
7590 3.7950 -1.564439 2.045572
7600 3.8000 -1.566083 1.979374
7610 3.8050 -1.567821 2.047510
7620 3.8100 -1.569276 1.990072
7630 3.8150 -1.570651 1.936277
7640 3.8200 -1.571949 1.885993
7650 3.8250 -1.573104 1.841610
7660 3.8300 -1.573987 1.807987
7670 3.8350 -1.574764 1.778583
7680 3.8400 -1.575332 1.757204
7690 3.8450 -1.575662 1.744843
7700 3.8500 -1.575666 1.744694
7710 3.8550 -1.575403 1.901289
7720 3.8600 -1.574875 1.921119
7730 3.8650 -1.574055 1.952073
7740 3.8700 -1.572942 1.994333
7750 3.8750 -1.571550 2.047639
7760 3.8800 -1.569933 2.110091
7770 3.8850 -1.568002 2.185383
7780 3.8900 -1.565987 2.264666
7790 3.8950 -1.563886 2.348006
7800 3.9000 -1.561787 2.431829
7810 3.9050 -1.559622 2.639753
7820 3.9100 -1.557349 2.730994
7830 3.9150 -1.555010 2.824887
7840 3.9200 -1.552721 2.916525
7850 3.9250 -1.550421 3.008271
7860 3.9300 -1.548260 3.093989
7870 3.9350 -1.546089 3.179502
7880 3.9400 -1.543948 3.263095
7890 3.9450 -1.541803 3.346001
7900 3.9500 -1.539597 3.430283
7910 3.9550 -1.537488 3.601343
7920 3.9600 -1.535298 3.682411
7930 3.9650 -1.532833 3.771886
7940 3.9700 -1.530465 3.855842
7950 3.9750 -1.528102 3.937609
7960 3.9800 -1.525629 4.020833
7970 3.9850 -1.523321 4.096308
7980 3.9900 -1.521028 4.169060
7990 3.9950 -1.518943 4.233231
8000 4.0000 -1.517072 4.289130
8010 4.0050 -1.515306 4.412421
8020 4.0100 -1.513559 4.461603
8030 4.0150 -1.511903 4.506785
8040 4.0200 -1.510416 4.546172
8050 4.0250 -1.508880 4.585647
8060 4.0300 -1.507358 4.623537
8070 4.0350 -1.505914 4.658386
8080 4.0400 -1.504272 4.696665
8090 4.0450 -1.502419 4.738122
8100 4.0500 -1.500787 4.773121
8110 4.0550 -1.499142 4.869855
8120 4.0600 -1.497372 4.904545
8130 4.0650 -1.495421 4.940708
8140 4.0700 -1.493451 4.975083
8150 4.0750 -1.491569 5.005866
8160 4.0800 -1.489881 5.031819
8170 4.0850 -1.488172 5.056456
8180 4.0900 -1.486584 5.077919
8190 4.0950 -1.485040 5.097458
8200 4.1000 -1.483722 5.113098
8210 4.1050 -1.482542 5.183518
8220 4.1100 -1.481182 5.197753
8230 4.1150 -1.479804 5.211129
8240 4.1200 -1.478479 5.222998
8250 4.1250 -1.477215 5.233418
8260 4.1300 -1.475957 5.242933
8270 4.1350 -1.474725 5.251424
8280 4.1400 -1.473449 5.259361
8290 4.1450 -1.472097 5.266837
8300 4.1500 -1.470858 5.272849
8310 4.1550 -1.469677 5.332558
8320 4.1600 -1.468502 5.336776
8330 4.1650 -1.467187 5.340636
8340 4.1700 -1.466068 5.343212
8350 4.1750 -1.465020 5.345045
8360 4.1800 -1.463926 5.346363
8370 4.1850 -1.462867 5.347069
8380 4.1900 -1.461556 5.347176
8390 4.1950 -1.460059 5.346279
8400 4.2000 -1.458572 5.344331
8410 4.2050 -1.457047 5.394883
8420 4.2100 -1.455484 5.390558
8430 4.2150 -1.453963 5.385257
8440 4.2200 -1.452358 5.378518
8450 4.2250 -1.450689 5.370304
8460 4.2300 -1.449131 5.361548
8470 4.2350 -1.447628 5.352140
8480 4.2400 -1.446176 5.342178
8490 4.2450 -1.444794 5.331926
8500 4.2500 -1.443528 5.321888
8510 4.2550 -1.442359 5.366052
8520 4.2600 -1.441417 5.357759
8530 4.2650 -1.440509 5.349453
8540 4.2700 -1.439816 5.342911
8550 4.2750 -1.439268 5.337608
8560 4.2800 -1.438773 5.332724
8570 4.2850 -1.438603 5.331032
8580 4.2900 -1.438576 5.330762
8590 4.2950 -1.438556 5.330560
8600 4.3000 -1.438595 5.330954
8610 4.3050 -1.438834 5.387179
8620 4.3100 -1.439018 5.388994
8630 4.3150 -1.439023 5.389045
8640 4.3200 -1.439182 5.390602
8650 4.3250 -1.439458 5.393299
8660 4.3300 -1.439852 5.397079
8670 4.3350 -1.440275 5.401079
8680 4.3400 -1.440497 5.403152
8690 4.3450 -1.440754 5.405521
8700 4.3500 -1.440868 5.406568
8710 4.3550 -1.440930 5.459846
8720 4.3600 -1.440720 5.457926
8730 4.3650 -1.440512 5.456010
8740 4.3700 -1.440428 5.455228
8750 4.3750 -1.440429 5.455232
8760 4.3800 -1.440331 5.454315
8770 4.3850 -1.440041 5.451588
8780 4.3900 -1.439580 5.447172
8790 4.3950 -1.439032 5.441817
8800 4.4000 -1.438374 5.435226
8810 4.4050 -1.437614 5.479699
8820 4.4100 -1.436902 5.472153
8830 4.4150 -1.436021 5.462529
8840 4.4200 -1.435235 5.453694
8850 4.4250 -1.434609 5.446479
8860 4.4300 -1.434085 5.440333
8870 4.4350 -1.433680 5.435515
8880 4.4400 -1.433179 5.429458
8890 4.4450 -1.432612 5.422498
8900 4.4500 -1.432065 5.415672
8910 4.4550 -1.431486 5.460918
8920 4.4600 -1.430717 5.450975
8930 4.4650 -1.429895 5.440106
8940 4.4700 -1.429027 5.428362
8950 4.4750 -1.427935 5.413220
8960 4.4800 -1.426824 5.397407
8970 4.4850 -1.425430 5.376983
8980 4.4900 -1.423958 5.354757
8990 4.4950 -1.422520 5.332419
9000 4.5000 -1.421160 5.310752
9010 4.5050 -1.420042 5.346689
9020 4.5100 -1.418971 5.328910
9030 4.5150 -1.417769 5.308580
9040 4.5200 -1.416602 5.288471
9050 4.5250 -1.415268 5.265064
9060 4.5300 -1.413847 5.239640
9070 4.5350 -1.412625 5.217409
9080 4.5400 -1.411483 5.196343
9090 4.5450 -1.410479 5.177588
9100 4.5500 -1.409320 5.155680
9110 4.5550 -1.407997 5.186885
9120 4.5600 -1.406666 5.161010
9130 4.5650 -1.405466 5.137377
9140 4.5700 -1.404270 5.113565
9150 4.5750 -1.402993 5.087830
9160 4.5800 -1.401733 5.062152
9170 4.5850 -1.400568 5.038176
9180 4.5900 -1.399146 5.008611
9190 4.5950 -1.397621 4.976559
9200 4.6000 -1.396100 4.944225
9210 4.6050 -1.394646 4.972982
9220 4.6100 -1.393289 4.943517
9230 4.6150 -1.391967 4.914521
9240 4.6200 -1.390693 4.886319
9250 4.6250 -1.389417 4.857815
9260 4.6300 -1.388111 4.828396
9270 4.6350 -1.386589 4.793768
9280 4.6400 -1.385188 4.761586
9290 4.6450 -1.383817 4.729823
9300 4.6500 -1.382534 4.699835
9310 4.6550 -1.381344 4.736022
9320 4.6600 -1.379896 4.701529
9330 4.6650 -1.378446 4.666628
9340 4.6700 -1.377011 4.631716
9350 4.6750 -1.375553 4.595850
9360 4.6800 -1.373897 4.554639
9370 4.6850 -1.372334 4.515270
9380 4.6900 -1.370814 4.476492
9390 4.6950 -1.369392 4.439834
9400 4.7000 -1.368052 4.404872
9410 4.7050 -1.366659 4.437888
9420 4.7100 -1.365216 4.399336
9430 4.7150 -1.363818 4.361502
9440 4.7200 -1.362573 4.327395
9450 4.7250 -1.361284 4.291692
9460 4.7300 -1.360053 4.257158
9470 4.7350 -1.358587 4.215545
9480 4.7400 -1.357016 4.170314
9490 4.7450 -1.355329 4.121044
9500 4.7500 -1.353632 4.070651
9510 4.7550 -1.351966 4.096994
9520 4.7600 -1.350477 4.051367
9530 4.7650 -1.349180 4.011058
9540 4.7700 -1.347857 3.969415
9550 4.7750 -1.346476 3.925363
9560 4.7800 -1.345087 3.880471
9570 4.7850 -1.343704 3.835213
9580 4.7900 -1.342311 3.789021
9590 4.7950 -1.340883 3.741057
9600 4.8000 -1.339739 3.702194
9610 4.8050 -1.338923 3.759130
9620 4.8100 -1.338012 3.727662
9630 4.8150 -1.336943 3.690410
9640 4.8200 -1.335882 3.653043
9650 4.8250 -1.334806 3.614845
9660 4.8300 -1.333741 3.576638
9670 4.8350 -1.332699 3.538978
9680 4.8400 -1.331670 3.501444
9690 4.8450 -1.330658 3.464265
9700 4.8500 -1.329769 3.431363
9710 4.8550 -1.329037 3.495668
9720 4.8600 -1.328291 3.467705
9730 4.8650 -1.327545 3.439621
9740 4.8700 -1.326747 3.409380
9750 4.8750 -1.326089 3.384278
9760 4.8800 -1.325343 3.355728
9770 4.8850 -1.324673 3.329938
9780 4.8900 -1.323965 3.302561
9790 4.8950 -1.322865 3.259821
9800 4.9000 -1.321664 3.212786
9810 4.9050 -1.320382 3.259554
9820 4.9100 -1.318973 3.203509
9830 4.9150 -1.317489 3.143989
9840 4.9200 -1.316013 3.084302
9850 4.9250 -1.314599 3.026760
9860 4.9300 -1.313268 2.972309
9870 4.9350 -1.311932 2.917374
9880 4.9400 -1.310680 2.865677
9890 4.9450 -1.309180 2.803494
9900 4.9500 -1.307439 2.731155
9910 4.9550 -1.305412 2.757969
9920 4.9600 -1.303407 2.674023
9930 4.9650 -1.301306 2.585951
9940 4.9700 -1.299126 2.494588
9950 4.9750 -1.297011 2.406105
9960 4.9800 -1.294933 2.319483
9970 4.9850 -1.293051 2.241428
9980 4.9900 -1.291319 2.170048
9990 4.9950 -1.289651 2.101810
10000 5.0000 -1.288025 2.035795
10010 5.0050 -1.286229 2.098779
10020 5.0100 -1.284523 2.030684
10030 5.0150 -1.282764 1.961154
10040 5.0200 -1.281080 1.895278
10050 5.0250 -1.279532 1.835443
10060 5.0300 -1.278193 1.784230
10070 5.0350 -1.277019 1.739770
10080 5.0400 -1.276233 1.710266
10090 5.0450 -1.275589 1.686241
10100 5.0500 -1.275027 1.665400
10110 5.0550 -1.274496 1.795834
10120 5.0600 -1.274067 1.780031
10130 5.0650 -1.273550 1.761105
10140 5.0700 -1.273133 1.745863
10150 5.0750 -1.272890 1.737029
10160 5.0800 -1.272634 1.727731
10170 5.0850 -1.272599 1.726470
10180 5.0900 -1.272504 1.723034
10190 5.0950 -1.272545 1.724521
10200 5.1000 -1.272589 1.726112
10210 5.1050 -1.272516 1.870967
10220 5.1100 -1.272717 1.878252
10230 5.1150 -1.272968 1.887369
10240 5.1200 -1.273134 1.893433
10250 5.1250 -1.273443 1.904685
10260 5.1300 -1.273834 1.918973
10270 5.1350 -1.274552 1.945271
10280 5.1400 -1.275313 1.973326
10290 5.1450 -1.275971 1.997674
10300 5.1500 -1.276580 2.020286
10310 5.1550 -1.277064 2.174176
10320 5.1600 -1.277316 2.183561
10330 5.1650 -1.277371 2.185613
10340 5.1700 -1.277438 2.188108
10350 5.1750 -1.277488 2.189992
10360 5.1800 -1.277541 2.191979
10370 5.1850 -1.277401 2.186752
10380 5.1900 -1.277313 2.183448
10390 5.1950 -1.277339 2.184425
10400 5.2000 -1.277522 2.191270
10410 5.2050 -1.277788 2.330706
10420 5.2100 -1.278023 2.339507
10430 5.2150 -1.278133 2.343634
10440 5.2200 -1.278411 2.354021
10450 5.2250 -1.278924 2.373243
10460 5.2300 -1.279687 2.401812
10470 5.2350 -1.280595 2.435932
10480 5.2400 -1.281736 2.478815
10490 5.2450 -1.283027 2.527432
10500 5.2500 -1.284195 2.571476
10510 5.2550 -1.285284 2.728959
10520 5.2600 -1.286149 2.761516
10530 5.2650 -1.286982 2.792832
10540 5.2700 -1.287787 2.823043
10550 5.2750 -1.288513 2.850256
10560 5.2800 -1.289263 2.878299
10570 5.2850 -1.289780 2.897616
10580 5.2900 -1.289914 2.902609
10590 5.2950 -1.289869 2.900927
10600 5.3000 -1.289885 2.901553
10610 5.3050 -1.289898 3.008214
10620 5.3100 -1.289994 3.011796
10630 5.3150 -1.289837 3.005941
10640 5.3200 -1.289616 2.997686
10650 5.3250 -1.289249 2.983957
10660 5.3300 -1.288926 2.971891
10670 5.3350 -1.288733 2.964664
10680 5.3400 -1.288373 2.951150
10690 5.3450 -1.287780 2.928908
10700 5.3500 -1.287091 2.902972
10710 5.3550 -1.286368 2.981835
10720 5.3600 -1.285690 2.956184
10730 5.3650 -1.285047 2.931818
10740 5.3700 -1.284598 2.914750
10750 5.3750 -1.284059 2.894241
10760 5.3800 -1.283541 2.874525
10770 5.3850 -1.283135 2.859029
10780 5.3900 -1.282665 2.841047
10790 5.3950 -1.282043 2.817266
10800 5.4000 -1.281400 2.792631
10810 5.4050 -1.280741 2.876822
10820 5.4100 -1.280175 2.855051
10830 5.4150 -1.279650 2.834834
10840 5.4200 -1.279152 2.815602
10850 5.4250 -1.278627 2.795347
10860 5.4300 -1.278164 2.777436
10870 5.4350 -1.277683 2.758849
10880 5.4400 -1.277105 2.736434
10890 5.4450 -1.276603 2.716987
10900 5.4500 -1.276058 2.695819
10910 5.4550 -1.275453 2.784792
10920 5.4600 -1.274648 2.753493
10930 5.4650 -1.273981 2.727488
10940 5.4700 -1.273278 2.700060
10950 5.4750 -1.272532 2.670920
10960 5.4800 -1.271953 2.648286
10970 5.4850 -1.271463 2.629092
10980 5.4900 -1.270785 2.602563
10990 5.4950 -1.270029 2.572979
11000 5.5000 -1.269270 2.543222
11010 5.5050 -1.268386 2.626000
11020 5.5100 -1.267363 2.585847
11030 5.5150 -1.266237 2.541673
11040 5.5200 -1.265149 2.498961
11050 5.5250 -1.264240 2.463248
11060 5.5300 -1.263424 2.431250
11070 5.5350 -1.262515 2.395608
11080 5.5400 -1.261507 2.356139
11090 5.5450 -1.260418 2.313552
11100 5.5500 -1.259344 2.271683
11110 5.5550 -1.258196 2.353612
11120 5.5600 -1.256991 2.306793
11130 5.5650 -1.255709 2.257078
11140 5.5700 -1.254673 2.216985
11150 5.5750 -1.253610 2.175995
11160 5.5800 -1.252453 2.131567
11170 5.5850 -1.251489 2.094662
11180 5.5900 -1.250501 2.056953
11190 5.5950 -1.249488 2.018510
11200 5.6000 -1.248410 1.977761
11210 5.6050 -1.247377 2.076412
11220 5.6100 -1.246553 2.045526
11230 5.6150 -1.245729 2.014767
11240 5.6200 -1.244873 1.982932
11250 5.6250 -1.243981 1.949912
11260 5.6300 -1.242936 1.911383
11270 5.6350 -1.242019 1.877796
11280 5.6400 -1.241222 1.848717
11290 5.6450 -1.240446 1.820555
11300 5.6500 -1.239772 1.796231
11310 5.6550 -1.239132 1.917865
11320 5.6600 -1.238404 1.891780
11330 5.6650 -1.237534 1.860727
11340 5.6700 -1.236473 1.823097
11350 5.6750 -1.235356 1.783733
11360 5.6800 -1.234263 1.745496
11370 5.6850 -1.233144 1.706690
11380 5.6900 -1.232063 1.669484
11390 5.6950 -1.230941 1.631203
11400 5.7000 -1.229628 1.586840
11410 5.7050 -1.228295 1.695649
11420 5.7100 -1.226978 1.652056
11430 5.7150 -1.225931 1.617686
11440 5.7200 -1.224928 1.585065
11450 5.7250 -1.223993 1.554884
11460 5.7300 -1.223281 1.532064
11470 5.7350 -1.222581 1.509805
11480 5.7400 -1.221943 1.489607
11490 5.7450 -1.221354 1.471058
11500 5.7500 -1.220722 1.451305
11510 5.7550 -1.219871 1.584152
11520 5.7600 -1.219153 1.561966
11530 5.7650 -1.218796 1.551001
11540 5.7700 -1.218493 1.541694
11550 5.7750 -1.218494 1.541741
11560 5.7800 -1.218716 1.548544
11570 5.7850 -1.218991 1.556993
11580 5.7900 -1.219305 1.566647
11590 5.7950 -1.219502 1.572740
11600 5.8000 -1.219802 1.582016
11610 5.8050 -1.220354 1.752697
11620 5.8100 -1.221064 1.774806
11630 5.8150 -1.221884 1.800428
11640 5.8200 -1.222804 1.829337
11650 5.8250 -1.223766 1.859713
11660 5.8300 -1.224863 1.894511
11670 5.8350 -1.226001 1.930801
11680 5.8400 -1.227227 1.970121
11690 5.8450 -1.228252 2.003126
11700 5.8500 -1.229445 2.041722
11710 5.8550 -1.230543 2.212398
11720 5.8600 -1.231667 2.248917
11730 5.8650 -1.232812 2.286188
11740 5.8700 -1.233970 2.323955
11750 5.8750 -1.235190 2.363746
11760 5.8800 -1.236266 2.398870
11770 5.8850 -1.237399 2.435833
11780 5.8900 -1.238285 2.464745
11790 5.8950 -1.239351 2.499532
11800 5.9000 -1.240523 2.537754
11810 5.9050 -1.241664 2.692488
11820 5.9100 -1.242699 2.726077
11830 5.9150 -1.243648 2.756787
11840 5.9200 -1.244621 2.788213
11850 5.9250 -1.245525 2.817313
11860 5.9300 -1.246291 2.841886
11870 5.9350 -1.246722 2.855702
11880 5.9400 -1.246914 2.861834
11890 5.9450 -1.246814 2.858651
11900 5.9500 -1.246647 2.853287
11910 5.9550 -1.246351 2.951461
11920 5.9600 -1.246128 2.944285
11930 5.9650 -1.246039 2.941434
11940 5.9700 -1.245761 2.932526
11950 5.9750 -1.245308 2.917922
11960 5.9800 -1.244534 2.892943
11970 5.9850 -1.243747 2.867446
11980 5.9900 -1.242757 2.835282
11990 5.9950 -1.241442 2.792309
12000 6.0000 -1.240169 2.750537
12010 6.0050 -1.238839 2.817416
12020 6.0100 -1.237359 2.768272
12030 6.0150 -1.235710 2.713159
12040 6.0200 -1.234139 2.660382
12050 6.0250 -1.232655 2.610241
12060 6.0300 -1.230927 2.551632
12070 6.0350 -1.228948 2.484251
12080 6.0400 -1.226936 2.415516
12090 6.0450 -1.224763 2.341111
12100 6.0500 -1.222517 2.264137
12110 6.0550 -1.220401 2.318502
12120 6.0600 -1.218402 2.249862
12130 6.0650 -1.216181 2.173639
12140 6.0700 -1.213975 2.098082
12150 6.0750 -1.212005 2.030795
12160 6.0800 -1.210135 1.967245
12170 6.0850 -1.208239 1.903114
12180 6.0900 -1.206122 1.832063
12190 6.0950 -1.204023 1.762202
12200 6.1000 -1.202108 1.699125
12210 6.1050 -1.200385 1.791508
12220 6.1100 -1.198794 1.739936
12230 6.1150 -1.197416 1.695604
12240 6.1200 -1.196166 1.655670
12250 6.1250 -1.195039 1.619913
12260 6.1300 -1.194081 1.589702
12270 6.1350 -1.193619 1.575201
12280 6.1400 -1.193374 1.567558
12290 6.1450 -1.193178 1.561424
12300 6.1500 -1.193053 1.557506
12310 6.1550 -1.193147 1.715081
12320 6.1600 -1.193429 1.723888
12330 6.1650 -1.193774 1.734689
12340 6.1700 -1.194171 1.747125
12350 6.1750 -1.194587 1.760206
12360 6.1800 -1.195355 1.784384
12370 6.1850 -1.196175 1.810270
12380 6.1900 -1.197101 1.839627
12390 6.1950 -1.198062 1.870210
12400 6.2000 -1.198957 1.898748
12410 6.2050 -1.200013 2.073095
12420 6.2100 -1.201261 2.113030
12430 6.2150 -1.202627 2.156802
12440 6.2200 -1.204102 2.204071
12450 6.2250 -1.205376 2.244891
12460 6.2300 -1.206490 2.280548
12470 6.2350 -1.207558 2.314705
12480 6.2400 -1.208698 2.351122
12490 6.2450 -1.209656 2.381678
12500 6.2500 -1.210574 2.410884
12510 6.2550 -1.211335 2.556881
12520 6.2600 -1.211921 2.575420
12530 6.2650 -1.212244 2.585634
12540 6.2700 -1.212163 2.583076
12550 6.2750 -1.212165 2.583143
12560 6.2800 -1.212298 2.587355
12570 6.2850 -1.212152 2.582740
12580 6.2900 -1.211871 2.573853
12590 6.2950 -1.211661 2.567191
12600 6.3000 -1.211516 2.562609
12610 6.3050 -1.211136 2.667306
12620 6.3100 -1.210603 2.650361
12630 6.3150 -1.209896 2.627800
12640 6.3200 -1.208995 2.598941
12650 6.3250 -1.207996 2.566827
12660 6.3300 -1.207048 2.536207
12670 6.3350 -1.206114 2.505906
12680 6.3400 -1.205125 2.473755
12690 6.3450 -1.204185 2.443067
12700 6.3500 -1.203181 2.410190
12710 6.3550 -1.202003 2.493296
12720 6.3600 -1.200774 2.452722
12730 6.3650 -1.199415 2.407658
12740 6.3700 -1.197973 2.359641
12750 6.3750 -1.196695 2.316925
12760 6.3800 -1.195733 2.284713
12770 6.3850 -1.194947 2.258356
12780 6.3900 -1.194300 2.236637
12790 6.3950 -1.193620 2.213785
12800 6.4000 -1.193032 2.194029
12810 6.4050 -1.192778 2.314914
12820 6.4100 -1.192895 2.318820
12830 6.4150 -1.193076 2.324915
12840 6.4200 -1.193259 2.331077
12850 6.4250 -1.193340 2.333808
12860 6.4300 -1.193305 2.332617
12870 6.4350 -1.193376 2.335009
12880 6.4400 -1.193386 2.335323
12890 6.4450 -1.193297 2.332356
12900 6.4500 -1.193301 2.332467
12910 6.4550 -1.193312 2.457379
12920 6.4600 -1.193217 2.454183
12930 6.4650 -1.193057 2.448785
12940 6.4700 -1.192733 2.437901
12950 6.4750 -1.192592 2.433124
12960 6.4800 -1.192432 2.427732
12970 6.4850 -1.192241 2.421312
12980 6.4900 -1.192492 2.429763
12990 6.4950 -1.193023 2.447641
13000 6.5000 -1.193759 2.472379
13010 6.5050 -1.194379 2.612866
13020 6.5100 -1.194984 2.633074
13030 6.5150 -1.195478 2.649489
13040 6.5200 -1.195943 2.664902
13050 6.5250 -1.196380 2.679358
13060 6.5300 -1.196990 2.699460
13070 6.5350 -1.197808 2.726323
13080 6.5400 -1.198748 2.756947
13090 6.5450 -1.199617 2.785108
13100 6.5500 -1.200545 2.814968
13110 6.5550 -1.201468 2.953230
13120 6.5600 -1.202276 2.978797
13130 6.5650 -1.202911 2.998765
13140 6.5700 -1.203269 3.009928
13150 6.5750 -1.203331 3.011864
13160 6.5800 -1.203304 3.011041
13170 6.5850 -1.203164 3.006650
13180 6.5900 -1.203105 3.004828
13190 6.5950 -1.202910 2.998704
13200 6.6000 -1.202647 2.990484
13210 6.6050 -1.202386 3.085845
13220 6.6100 -1.202112 3.077213
13230 6.6150 -1.201621 3.061644
13240 6.6200 -1.201029 3.042796
13250 6.6250 -1.200608 3.029286
13260 6.6300 -1.200201 3.016184
13270 6.6350 -1.199833 3.004283
13280 6.6400 -1.199513 2.993912
13290 6.6450 -1.199068 2.979426
13300 6.6500 -1.198506 2.961051
13310 6.6550 -1.197757 3.040801
13320 6.6600 -1.196790 3.008662
13330 6.6650 -1.195571 2.967679
13340 6.6700 -1.194235 2.922190
13350 6.6750 -1.192844 2.874254
13360 6.6800 -1.191249 2.818582
13370 6.6850 -1.189525 2.757675
13380 6.6900 -1.187832 2.697126
13390 6.6950 -1.185975 2.630000
13400 6.7000 -1.184055 2.559918
13410 6.7050 -1.181958 2.599418
13420 6.7100 -1.179734 2.516612
13430 6.7150 -1.177428 2.430036
13440 6.7200 -1.174902 2.334646
13450 6.7250 -1.172297 2.235941
13460 6.7300 -1.169607 2.134013
13470 6.7350 -1.166656 2.022589
13480 6.7400 -1.163303 1.897049
13490 6.7450 -1.159877 1.770526
13500 6.7500 -1.156415 1.645219
13510 6.7550 -1.152815 1.668761
13520 6.7600 -1.149363 1.549678
13530 6.7650 -1.146080 1.439662
13540 6.7700 -1.142652 1.328661
13550 6.7750 -1.139060 1.216955
13560 6.7800 -1.135481 1.110722
13570 6.7850 -1.132030 1.013390
13580 6.7900 -1.128620 0.922319
13590 6.7950 -1.125421 0.841622
13600 6.8000 -1.122488 0.771761
13610 6.8050 -1.119641 0.899999
13620 6.8100 -1.116768 0.838174
13630 6.8150 -1.113936 0.780267
13640 6.8200 -1.111128 0.725807
13650 6.8250 -1.108280 0.673526
13660 6.8300 -1.105655 0.627895
13670 6.8350 -1.103284 0.588755
13680 6.8400 -1.101156 0.555268
13690 6.8450 -1.099316 0.527521
13700 6.8500 -1.097850 0.506201
13710 6.8550 -1.096600 0.695956
13720 6.8600 -1.095882 0.685953
13730 6.8650 -1.095282 0.677691
13740 6.8700 -1.095104 0.675251
13750 6.8750 -1.094756 0.670511
13760 6.8800 -1.094466 0.666564
13770 6.8850 -1.094316 0.664545
13780 6.8900 -1.094284 0.664115
13790 6.8950 -1.094460 0.666495
13800 6.9000 -1.094883 0.672237
13810 6.9050 -1.095399 0.877338
13820 6.9100 -1.096178 0.888057
13830 6.9150 -1.097176 0.901921
13840 6.9200 -1.098416 0.919360
13850 6.9250 -1.099705 0.937745
13860 6.9300 -1.101286 0.960674
13870 6.9350 -1.103127 0.987935
13880 6.9400 -1.105193 1.019246
13890 6.9450 -1.107283 1.051770
13900 6.9500 -1.109460 1.086585
13910 6.9550 -1.111576 1.297649
13920 6.9600 -1.113699 1.333145
13930 6.9650 -1.115985 1.372203
13940 6.9700 -1.118274 1.412254
13950 6.9750 -1.120535 1.452824
13960 6.9800 -1.122587 1.490534
13970 6.9850 -1.124409 1.524772
13980 6.9900 -1.126090 1.557039
13990 6.9950 -1.127461 1.583822
14000 7.0000 -1.128690 1.608215
14010 7.0050 -1.129743 1.781834
14020 7.0100 -1.130810 1.803466
14030 7.0150 -1.131760 1.822917
14040 7.0200 -1.132724 1.842845
14050 7.0250 -1.133776 1.864783
14060 7.0300 -1.135089 1.892456
14070 7.0350 -1.136382 1.920064
14080 7.0400 -1.137657 1.947593
14090 7.0450 -1.139009 1.977173
14100 7.0500 -1.140406 2.008124
14110 7.0550 -1.141766 2.174909
14120 7.0600 -1.143165 2.206539
14130 7.0650 -1.144866 2.245399
14140 7.0700 -1.146669 2.287084
14150 7.0750 -1.148795 2.336826
14160 7.0800 -1.151177 2.393315
14170 7.0850 -1.153609 2.451802
14180 7.0900 -1.156058 2.511488
14190 7.0950 -1.158566 2.573307
14200 7.1000 -1.161043 2.635008
14210 7.1050 -1.163410 2.808770
14220 7.1100 -1.165804 2.868929
14230 7.1150 -1.168251 2.930472
14240 7.1200 -1.170721 2.992499
14250 7.1250 -1.173221 3.055103
14260 7.1300 -1.175590 3.114084
14270 7.1350 -1.177907 3.171344
14280 7.1400 -1.180175 3.226899
14290 7.1450 -1.182165 3.275122
14300 7.1500 -1.184058 3.320499
14310 7.1550 -1.185855 3.457456
14320 7.1600 -1.187603 3.498122
14330 7.1650 -1.189460 3.540582
14340 7.1700 -1.191453 3.585222
14350 7.1750 -1.193403 3.627900
14360 7.1800 -1.195083 3.663853
14370 7.1850 -1.196512 3.693805
14380 7.1900 -1.197833 3.720963
14390 7.1950 -1.199065 3.745809
14400 7.2000 -1.200178 3.767866
14410 7.2050 -1.201433 3.875581
14420 7.2100 -1.202479 3.895477
14430 7.2150 -1.203074 3.906622
14440 7.2200 -1.203527 3.915025
14450 7.2250 -1.203899 3.921863
14460 7.2300 -1.204098 3.925499
14470 7.2350 -1.203968 3.923120
14480 7.2400 -1.203864 3.921211
14490 7.2450 -1.203754 3.919198
14500 7.2500 -1.203482 3.914185
14510 7.2550 -1.203118 3.987448
14520 7.2600 -1.202720 3.980009
14530 7.2650 -1.202631 3.978335
14540 7.2700 -1.202519 3.976242
14550 7.2750 -1.202288 3.971867
14560 7.2800 -1.202106 3.968424
14570 7.2850 -1.201914 3.964763
14580 7.2900 -1.201841 3.963356
14590 7.2950 -1.201745 3.961519
14600 7.3000 -1.201505 3.956914
14610 7.3050 -1.201438 4.034691
14620 7.3100 -1.201461 4.035146
14630 7.3150 -1.201574 4.037306
14640 7.3200 -1.201377 4.033517
14650 7.3250 -1.201052 4.027222
14660 7.3300 -1.200599 4.018386
14670 7.3350 -1.200061 4.007768
14680 7.3400 -1.199534 3.997257
14690 7.3450 -1.199017 3.986853
14700 7.3500 -1.198690 3.980205
14710 7.3550 -1.198347 4.051733
14720 7.3600 -1.197972 4.043987
14730 7.3650 -1.197721 4.038778
14740 7.3700 -1.197439 4.032893
14750 7.3750 -1.197364 4.031341
14760 7.3800 -1.197487 4.033905
14770 7.3850 -1.197587 4.036003
14780 7.3900 -1.197677 4.037873
14790 7.3950 -1.197848 4.041421
14800 7.4000 -1.198166 4.048004
14810 7.4050 -1.198427 4.130442
14820 7.4100 -1.198578 4.133542
14830 7.4150 -1.198605 4.134097
14840 7.4200 -1.198677 4.135552
14850 7.4250 -1.198631 4.134610
14860 7.4300 -1.198801 4.138077
14870 7.4350 -1.199088 4.143890
14880 7.4400 -1.199546 4.153082
14890 7.4450 -1.199957 4.161266
14900 7.4500 -1.200328 4.168559
14910 7.4550 -1.200668 4.249733
14920 7.4600 -1.201152 4.259086
14930 7.4650 -1.201609 4.267797
14940 7.4700 -1.202002 4.275207
14950 7.4750 -1.202384 4.282338
14960 7.4800 -1.202651 4.287281
14970 7.4850 -1.202998 4.293645
14980 7.4900 -1.203291 4.298960
14990 7.4950 -1.203470 4.302197
15000 7.5000 -1.203559 4.303804
15010 7.5050 -1.203720 4.378436
15020 7.5100 -1.203884 4.381368
15030 7.5150 -1.203974 4.382969
15040 7.5200 -1.204008 4.383565
15050 7.5250 -1.204050 4.384306
15060 7.5300 -1.204131 4.385741
15070 7.5350 -1.204149 4.386070
15080 7.5400 -1.203966 4.382829
15090 7.5450 -1.203834 4.380482
15100 7.5500 -1.203598 4.376254
15110 7.5550 -1.203404 4.443078
15120 7.5600 -1.203320 4.441559
15130 7.5650 -1.203224 4.439834
15140 7.5700 -1.202944 4.434724
15150 7.5750 -1.202525 4.426994
15160 7.5800 -1.201905 4.415373
15170 7.5850 -1.201286 4.403579
15180 7.5900 -1.200766 4.393485
15190 7.5950 -1.200162 4.381579
15200 7.6000 -1.199188 4.361949
15210 7.6050 -1.198017 4.408229
15220 7.6100 -1.196864 4.383520
15230 7.6150 -1.195723 4.358334
15240 7.6200 -1.194546 4.331576
15250 7.6250 -1.193393 4.304646
15260 7.6300 -1.192194 4.275869
15270 7.6350 -1.190670 4.238234
15280 7.6400 -1.188970 4.194845
15290 7.6450 -1.187146 4.146730
15300 7.6500 -1.185004 4.088256
15310 7.6550 -1.182813 4.102523
15320 7.6600 -1.180556 4.036512
15330 7.6650 -1.178421 3.972186
15340 7.6700 -1.176322 3.907316
15350 7.6750 -1.174220 3.840864
15360 7.6800 -1.172098 3.772439
15370 7.6850 -1.170214 3.710703
15380 7.6900 -1.168250 3.645479
15390 7.6950 -1.166248 3.578220
15400 7.7000 -1.164363 3.514293
15410 7.7050 -1.162519 3.540709
15420 7.7100 -1.160861 3.483605
15430 7.7150 -1.159307 3.429821
15440 7.7200 -1.157765 3.376221
15450 7.7250 -1.156268 3.324063
15460 7.7300 -1.154974 3.278889
15470 7.7350 -1.153707 3.234663
15480 7.7400 -1.152438 3.190319
15490 7.7450 -1.151205 3.147247
15500 7.7500 -1.149937 3.103013
15510 7.7550 -1.148644 3.158327
15520 7.7600 -1.147243 3.109530
15530 7.7650 -1.145660 3.054498
15540 7.7700 -1.144138 3.001707
15550 7.7750 -1.142774 2.954541
15560 7.7800 -1.141336 2.904985
15570 7.7850 -1.139781 2.851593
15580 7.7900 -1.138116 2.794759
15590 7.7950 -1.136273 2.732205
15600 7.8000 -1.134527 2.673416
15610 7.8050 -1.132863 2.730901
15620 7.8100 -1.131208 2.675812
15630 7.8150 -1.129659 2.624570
15640 7.8200 -1.128338 2.581106
15650 7.8250 -1.127067 2.539508
15660 7.8300 -1.125831 2.499301
15670 7.8350 -1.124490 2.455901
15680 7.8400 -1.123435 2.421953
15690 7.8450 -1.122618 2.395763
15700 7.8500 -1.121791 2.369386
15710 7.8550 -1.120998 2.467416
15720 7.8600 -1.120251 2.443731
15730 7.8650 -1.119555 2.421722
15740 7.8700 -1.118746 2.396185
15750 7.8750 -1.118180 2.378401
15760 7.8800 -1.117780 2.365821
15770 7.8850 -1.117421 2.354572
15780 7.8900 -1.117119 2.345105
15790 7.8950 -1.116895 2.338123
15800 7.9000 -1.116906 2.338457
15810 7.9050 -1.116985 2.465243
15820 7.9100 -1.117038 2.466888
15830 7.9150 -1.117075 2.468039
15840 7.9200 -1.117331 2.476053
15850 7.9250 -1.117623 2.485213
15860 7.9300 -1.117976 2.496260
15870 7.9350 -1.118305 2.506562
15880 7.9400 -1.118874 2.524429
15890 7.9450 -1.119415 2.541442
15900 7.9500 -1.119700 2.550403
15910 7.9550 -1.119861 2.672624
15920 7.9600 -1.120066 2.679090
15930 7.9650 -1.120171 2.682374
15940 7.9700 -1.120260 2.685178
15950 7.9750 -1.120373 2.688740
15960 7.9800 -1.120406 2.689772
15970 7.9850 -1.120521 2.693387
15980 7.9900 -1.120297 2.686340
15990 7.9950 -1.120247 2.684758
16000 8.0000 -1.120391 2.689319
16010 8.0050 -1.120760 2.813623
16020 8.0100 -1.121364 2.832622
16030 8.0150 -1.122114 2.856190
16040 8.0200 -1.123062 2.885975
16050 8.0250 -1.124077 2.917810
16060 8.0300 -1.124916 2.944123
16070 8.0350 -1.125427 2.960122
16080 8.0400 -1.125833 2.972839
16090 8.0450 -1.126268 2.986452
16100 8.0500 -1.126481 2.993112
16110 8.0550 -1.126394 3.093905
16120 8.0600 -1.126202 3.087882
16130 8.0650 -1.126016 3.082059
16140 8.0700 -1.125794 3.075113
16150 8.0750 -1.125413 3.063170
16160 8.0800 -1.125063 3.052180
16170 8.0850 -1.124864 3.045952
16180 8.0900 -1.124524 3.035255
16190 8.0950 -1.124082 3.021380
16200 8.1000 -1.123723 3.010085
16210 8.1050 -1.123420 3.103544
16220 8.1100 -1.123029 3.091225
16230 8.1150 -1.122476 3.073733
16240 8.1200 -1.121915 3.055976
16250 8.1250 -1.121234 3.034357
16260 8.1300 -1.120767 3.019519
16270 8.1350 -1.120372 3.006947
16280 8.1400 -1.119832 2.989710
16290 8.1450 -1.119410 2.976245
16300 8.1500 -1.119027 2.963966
16310 8.1550 -1.118927 3.065151
16320 8.1600 -1.118735 3.058975
16330 8.1650 -1.118490 3.051139
16340 8.1700 -1.118200 3.041802
16350 8.1750 -1.117847 3.030479
16360 8.1800 -1.117377 3.015310
16370 8.1850 -1.116731 2.994475
16380 8.1900 -1.116044 2.972217
16390 8.1950 -1.115360 2.949999
16400 8.2000 -1.114558 2.923862
16410 8.2050 -1.113750 3.002999
16420 8.2100 -1.112939 2.976360
16430 8.2150 -1.112127 2.949585
16440 8.2200 -1.111280 2.921527
16450 8.2250 -1.110533 2.896732
16460 8.2300 -1.109669 2.867907
16470 8.2350 -1.108932 2.843237
16480 8.2400 -1.108116 2.815834
16490 8.2450 -1.107264 2.787122
16500 8.2500 -1.106641 2.766044
16510 8.2550 -1.106085 2.857491
16520 8.2600 -1.105423 2.835008
16530 8.2650 -1.104573 2.805998
16540 8.2700 -1.104020 2.787065
16550 8.2750 -1.103706 2.776277
16560 8.2800 -1.103413 2.766241
16570 8.2850 -1.103027 2.752965
16580 8.2900 -1.102693 2.741446
16590 8.2950 -1.102163 2.723155
16600 8.3000 -1.101638 2.704994
16610 8.3050 -1.101027 2.795985
16620 8.3100 -1.100502 2.777738
16630 8.3150 -1.100111 2.764118
16640 8.3200 -1.099818 2.753889
16650 8.3250 -1.099514 2.743259
16660 8.3300 -1.099221 2.732986
16670 8.3350 -1.098958 2.723749
16680 8.3400 -1.098639 2.712561
16690 8.3450 -1.098249 2.698854
16700 8.3500 -1.098084 2.693032
16710 8.3550 -1.097934 2.800340
16720 8.3600 -1.098111 2.806550
16730 8.3650 -1.098343 2.814739
16740 8.3700 -1.098728 2.828251
16750 8.3750 -1.099142 2.842776
16760 8.3800 -1.099668 2.861158
16770 8.3850 -1.100204 2.879838
16780 8.3900 -1.100861 2.902634
16790 8.3950 -1.101611 2.928548
16800 8.4000 -1.102366 2.954492
16810 8.4050 -1.103184 3.087113
16820 8.4100 -1.103872 3.110503
16830 8.4150 -1.104458 3.130274
16840 8.4200 -1.105090 3.151524
16850 8.4250 -1.105864 3.177387
16860 8.4300 -1.106657 3.203710
16870 8.4350 -1.107380 3.227514
16880 8.4400 -1.108160 3.253059
16890 8.4450 -1.108775 3.273040
16900 8.4500 -1.109278 3.289292
16910 8.4550 -1.109761 3.400118
16920 8.4600 -1.110101 3.411002
16930 8.4650 -1.110294 3.417155
16940 8.4700 -1.110354 3.419080
16950 8.4750 -1.110326 3.418174
16960 8.4800 -1.110336 3.418501
16970 8.4850 -1.110115 3.411453
16980 8.4900 -1.109781 3.400748
16990 8.4950 -1.109507 3.391948
17000 8.5000 -1.109132 3.379877
17010 8.5050 -1.108646 3.457019
17020 8.5100 -1.108177 3.441750
17030 8.5150 -1.107904 3.432830
17040 8.5200 -1.107608 3.423117
17050 8.5250 -1.107102 3.406426
17060 8.5300 -1.106503 3.386524
17070 8.5350 -1.106113 3.373505
17080 8.5400 -1.105560 3.354968
17090 8.5450 -1.104906 3.332855
17100 8.5500 -1.104294 3.312046
17110 8.5550 -1.103519 3.380165
17120 8.5600 -1.102608 3.348641
17130 8.5650 -1.101820 3.321107
17140 8.5700 -1.101319 3.303480
17150 8.5750 -1.100979 3.291443
17160 8.5800 -1.100535 3.275706
17170 8.5850 -1.100062 3.258824
17180 8.5900 -1.099641 3.243754
17190 8.5950 -1.099282 3.230845
17200 8.6000 -1.098903 3.217148
17210 8.6050 -1.098544 3.301386
17220 8.6100 -1.098333 3.293703
17230 8.6150 -1.098084 3.284631
17240 8.6200 -1.097722 3.271409
17250 8.6250 -1.097528 3.264306
17260 8.6300 -1.097288 3.255481
17270 8.6350 -1.096771 3.236421
17280 8.6400 -1.096354 3.220960
17290 8.6450 -1.096063 3.210156
17300 8.6500 -1.095769 3.199201
17310 8.6550 -1.095528 3.287892
17320 8.6600 -1.095072 3.270812
17330 8.6650 -1.094744 3.258453
17340 8.6700 -1.094441 3.246991
17350 8.6750 -1.094247 3.239649
17360 8.6800 -1.094057 3.232451
17370 8.6850 -1.093850 3.224567
17380 8.6900 -1.093624 3.215970
17390 8.6950 -1.093457 3.209588
17400 8.7000 -1.093332 3.204817
17410 8.7050 -1.093139 3.294993
17420 8.7100 -1.092784 3.281351
17430 8.7150 -1.092350 3.264647
17440 8.7200 -1.091724 3.240369
17450 8.7250 -1.091151 3.218059
17460 8.7300 -1.090394 3.188361
17470 8.7350 -1.089588 3.156516
17480 8.7400 -1.088503 3.113330
17490 8.7450 -1.087346 3.066845
17500 8.7500 -1.086202 3.020498
17510 8.7550 -1.084869 3.068691
17520 8.7600 -1.083445 3.009884
17530 8.7650 -1.082103 2.953918
17540 8.7700 -1.080736 2.896499
17550 8.7750 -1.079098 2.827148
17560 8.7800 -1.077520 2.759888
17570 8.7850 -1.075855 2.688489
17580 8.7900 -1.074228 2.618456
17590 8.7950 -1.072574 2.547031
17600 8.8000 -1.070900 2.474621
17610 8.8050 -1.068896 2.507530
17620 8.8100 -1.066805 2.416988
17630 8.8150 -1.064718 2.326762
17640 8.8200 -1.062542 2.233088
17650 8.8250 -1.060236 2.134469
17660 8.8300 -1.057953 2.037792
17670 8.8350 -1.055592 1.939033
17680 8.8400 -1.053110 1.836835
17690 8.8450 -1.050744 1.741207
17700 8.8500 -1.048478 1.651472
17710 8.8550 -1.046275 1.716610
17720 8.8600 -1.043974 1.629188
17730 8.8650 -1.041750 1.546647
17740 8.8700 -1.039507 1.465480
17750 8.8750 -1.037138 1.382147
17760 8.8800 -1.034697 1.299013
17770 8.8850 -1.032119 1.214321
17780 8.8900 -1.029662 1.136671
17790 8.8950 -1.027446 1.069296
17800 8.9000 -1.025309 1.006710
17810 8.9050 -1.023357 1.131887
17820 8.9100 -1.021568 1.082826
17830 8.9150 -1.019744 1.034291
17840 8.9200 -1.017950 0.988033
17850 8.9250 -1.016523 0.952295
17860 8.9300 -1.015263 0.921510
17870 8.9350 -1.014301 0.898492
17880 8.9400 -1.013575 0.881388
17890 8.9450 -1.012960 0.867081
17900 8.9500 -1.012214 0.849966
17910 8.9550 -1.011932 1.032008
17920 8.9600 -1.011873 1.030677
17930 8.9650 -1.011985 1.033210
17940 8.9700 -1.012243 1.039088
17950 8.9750 -1.012693 1.049366
17960 8.9800 -1.013467 1.067255
17970 8.9850 -1.014524 1.092026
17980 8.9900 -1.015966 1.126525
17990 8.9950 -1.017878 1.173457
18000 9.0000 -1.020167 1.231490
18010 9.0050 -1.022783 1.469430
18020 9.0100 -1.025660 1.547352
18030 9.0150 -1.028717 1.632989
18040 9.0200 -1.031957 1.726971
18050 9.0250 -1.035190 1.823960
18060 9.0300 -1.038580 1.928976
18070 9.0350 -1.042355 2.049743
18080 9.0400 -1.046259 2.178481
18090 9.0450 -1.050165 2.310835
18100 9.0500 -1.054315 2.454628
18110 9.0550 -1.058558 2.724193
18120 9.0600 -1.063064 2.883582
18130 9.0650 -1.067699 3.047207
18140 9.0700 -1.072276 3.207101
18150 9.0750 -1.077099 3.372197
18160 9.0800 -1.081831 3.529239
18170 9.0850 -1.086626 3.681887
18180 9.0900 -1.091402 3.826065
18190 9.0950 -1.096379 3.966758
18200 9.1000 -1.101492 4.100160
18210 9.1050 -1.106767 4.300780
18220 9.1100 -1.112029 4.411420
18230 9.1150 -1.117410 4.510712
18240 9.1200 -1.122934 4.598925
18250 9.1250 -1.128479 4.674886
18260 9.1300 -1.133847 4.738006
18270 9.1350 -1.139077 4.791338
18280 9.1400 -1.144457 4.839461
18290 9.1450 -1.149916 4.882958
18300 9.1500 -1.155379 4.922492
18310 9.1550 -1.160764 5.018552
18320 9.1600 -1.166100 5.050922
18330 9.1650 -1.171414 5.080324
18340 9.1700 -1.176543 5.105803
18350 9.1750 -1.181482 5.127196
18360 9.1800 -1.186580 5.145411
18370 9.1850 -1.191565 5.158721
18380 9.1900 -1.196369 5.166686
18390 9.1950 -1.201024 5.169332
18400 9.2000 -1.205432 5.166899
18410 9.2050 -1.209559 5.216285
18420 9.2100 -1.213484 5.205215
18430 9.2150 -1.217302 5.190411
18440 9.2200 -1.221441 5.170109
18450 9.2250 -1.225684 5.145112
18460 9.2300 -1.229936 5.116378
18470 9.2350 -1.234118 5.085204
18480 9.2400 -1.238186 5.052824
18490 9.2450 -1.242234 5.019344
18500 9.2500 -1.246282 4.985380
18510 9.2550 -1.250227 5.011686
18520 9.2600 -1.253825 4.982109
18530 9.2650 -1.257211 4.955205
18540 9.2700 -1.260287 4.931869
18550 9.2750 -1.263371 4.909830
18560 9.2800 -1.266478 4.889231
18570 9.2850 -1.269553 4.870649
18580 9.2900 -1.272763 4.853354
18590 9.2950 -1.275867 4.838816
18600 9.3000 -1.278847 4.826978
18610 9.3050 -1.281691 4.879566
18620 9.3100 -1.284338 4.872398
18630 9.3150 -1.286775 4.867161
18640 9.3200 -1.289114 4.863346
18650 9.3250 -1.291324 4.860819
18660 9.3300 -1.293211 4.859472
18670 9.3350 -1.294856 4.858894
18680 9.3400 -1.295972 4.858810
18690 9.3450 -1.296521 4.858859
18700 9.3500 -1.296563 4.858866
18710 9.3550 -1.296348 4.920280
18720 9.3600 -1.296107 4.920258
18730 9.3650 -1.295979 4.920250
18740 9.3700 -1.295535 4.920244
18750 9.3750 -1.294802 4.920309
18760 9.3800 -1.293785 4.920557
18770 9.3850 -1.292228 4.921294
18780 9.3900 -1.290337 4.922788
18790 9.3950 -1.288285 4.925170
18800 9.4000 -1.285987 4.928797
18810 9.4050 -1.283287 4.994541
18820 9.4100 -1.280332 5.001999
18830 9.4150 -1.277117 5.011832
18840 9.4200 -1.273644 5.024423
18850 9.4250 -1.270181 5.038939
18860 9.4300 -1.266580 5.055955
18870 9.4350 -1.262837 5.075505
18880 9.4400 -1.259069 5.096801
18890 9.4450 -1.255052 5.120881
18900 9.4500 -1.250899 5.146731
18910 9.4550 -1.246666 5.229927
18920 9.4600 -1.242508 5.255225
18930 9.4650 -1.238366 5.279026
18940 9.4700 -1.233951 5.302089
18950 9.4750 -1.229492 5.322215
18960 9.4800 -1.224943 5.338744
18970 9.4850 -1.220659 5.350063
18980 9.4900 -1.216591 5.356636
18990 9.4950 -1.212539 5.358924
19000 9.5000 -1.208443 5.356826
19010 9.5050 -1.204206 5.403291
19020 9.5100 -1.199993 5.391458
19030 9.5150 -1.195827 5.375273
19040 9.5200 -1.191887 5.356211
19050 9.5250 -1.187766 5.332799
19060 9.5300 -1.183533 5.305562
19070 9.5350 -1.179401 5.276355
19080 9.5400 -1.175411 5.246134
19090 9.5450 -1.171352 5.213743
19100 9.5500 -1.167489 5.181634
19110 9.5550 -1.163599 5.204170
19120 9.5600 -1.159720 5.169280
19130 9.5650 -1.155827 5.132831
19140 9.5700 -1.152148 5.096899
19150 9.5750 -1.148647 5.061155
19160 9.5800 -1.145312 5.025423
19170 9.5850 -1.142239 4.990813
19180 9.5900 -1.139308 4.956044
19190 9.5950 -1.136438 4.920083
19200 9.6000 -1.133758 4.884600
19210 9.6050 -1.131158 4.909120
19220 9.6100 -1.128689 4.872370
19230 9.6150 -1.126341 4.835377
19240 9.6200 -1.124044 4.797130
19250 9.6250 -1.122015 4.761574
19260 9.6300 -1.120146 4.727291
19270 9.6350 -1.118151 4.689003
19280 9.6400 -1.116262 4.651089
19290 9.6450 -1.114455 4.613308
19300 9.6500 -1.112814 4.577650
19310 9.6550 -1.111421 4.612845
19320 9.6600 -1.110265 4.586145
19330 9.6650 -1.109152 4.559789
19340 9.6700 -1.108031 4.532610
19350 9.6750 -1.106818 4.502465
19360 9.6800 -1.105429 4.467058
19370 9.6850 -1.104123 4.432869
19380 9.6900 -1.103124 4.406133
19390 9.6950 -1.102194 4.380804
19400 9.7000 -1.101050 4.349046
19410 9.7050 -1.099636 4.379725
19420 9.7100 -1.098187 4.337516
19430 9.7150 -1.096760 4.294897
19440 9.7200 -1.095322 4.250920
19450 9.7250 -1.093789 4.202994
19460 9.7300 -1.092063 4.147668
19470 9.7350 -1.090164 4.085300
19480 9.7400 -1.087977 4.011543
19490 9.7450 -1.085683 3.932140
19500 9.7500 -1.083313 3.848065
19510 9.7550 -1.080729 3.835671
19520 9.7600 -1.077849 3.728457
19530 9.7650 -1.074724 3.609496
19540 9.7700 -1.071576 3.487466
19550 9.7750 -1.068375 3.361587
19560 9.7800 -1.065003 3.227775
19570 9.7850 -1.061796 3.099886
19580 9.7900 -1.058650 2.974394
19590 9.7950 -1.055386 2.844730
19600 9.8000 -1.051954 2.709490
19610 9.8050 -1.048354 2.681270
19620 9.8100 -1.044668 2.539632
19630 9.8150 -1.040905 2.397698
19640 9.8200 -1.037049 2.255515
19650 9.8250 -1.033232 2.118600
19660 9.8300 -1.029333 1.982973
19670 9.8350 -1.025494 1.853961
19680 9.8400 -1.022053 1.742315
19690 9.8450 -1.018825 1.641174
19700 9.8500 -1.015926 1.553294
19710 9.8550 -1.013134 1.625973
19720 9.8600 -1.010526 1.551203
19730 9.8650 -1.007990 1.480356
19740 9.8700 -1.005793 1.420437
19750 9.8750 -1.003600 1.361996
19760 9.8800 -1.001599 1.309891
19770 9.8850 -0.999941 1.267563
19780 9.8900 -0.998399 1.228892
19790 9.8950 -0.996841 1.190533
19800 9.9000 -0.995441 1.156618
19810 9.9050 -0.994301 1.302375
19820 9.9100 -0.993340 1.279629
19830 9.9150 -0.992309 1.255454
19840 9.9200 -0.991721 1.241758
19850 9.9250 -0.991281 1.231574
19860 9.9300 -0.990890 1.222551
19870 9.9350 -0.990897 1.222720
19880 9.9400 -0.991239 1.230602
19890 9.9450 -0.991904 1.246009
19900 9.9500 -0.992788 1.266664
19910 9.9550 -0.993901 1.460558
19920 9.9600 -0.995086 1.488642
19930 9.9650 -0.996465 1.521584
19940 9.9700 -0.997924 1.556742
19950 9.9750 -0.999452 1.593890
19960 9.9800 -1.001116 1.634755
19970 9.9850 -1.002912 1.679341
19980 9.9900 -1.004751 1.725496
19990 9.9950 -1.006530 1.770665
20000 10.0000 -1.008561 1.822858
20010 10.0050 -1.011011 2.030113
20020 10.0100 -1.013472 2.094731
20030 10.0150 -1.015730 2.154672
20040 10.0200 -1.018101 2.218252
20050 10.0250 -1.020757 2.290359
20060 10.0300 -1.023745 2.372627
20070 10.0350 -1.026725 2.455931
20080 10.0400 -1.029469 2.533803
20090 10.0450 -1.032137 2.610615
20100 10.0500 -1.034889 2.690988
20110 10.0550 -1.037758 2.888499
20120 10.0600 -1.040643 2.974733
20130 10.0650 -1.043305 3.055046
20140 10.0700 -1.046118 3.140691
20150 10.0750 -1.048954 3.227693
20160 10.0800 -1.051518 3.306852
20170 10.0850 -1.054160 3.388838
20180 10.0900 -1.056792 3.470779
20190 10.0950 -1.059389 3.551752
20200 10.1000 -1.061866 3.628922
20210 10.1050 -1.064173 3.787240
20220 10.1100 -1.066328 3.853719
20230 10.1150 -1.068270 3.913199
20240 10.1200 -1.069934 3.963784
20250 10.1250 -1.071612 4.014323
20260 10.1300 -1.073191 4.061441
20270 10.1350 -1.074896 4.111787
20280 10.1400 -1.076532 4.159503
20290 10.1450 -1.077943 4.200165
20300 10.1500 -1.079466 4.243482
20310 10.1550 -1.080920 4.357189
20320 10.1600 -1.082215 4.392919
20330 10.1650 -1.083285 4.422016
20340 10.1700 -1.084168 4.445758
20350 10.1750 -1.084981 4.467360
20360 10.1800 -1.085979 4.493548
20370 10.1850 -1.087103 4.522600
20380 10.1900 -1.088195 4.550364
20390 10.1950 -1.089278 4.577450
20400 10.2000 -1.090179 4.599622
20410 10.2050 -1.090937 4.684082
20420 10.2100 -1.091481 4.697138
20430 10.2150 -1.091840 4.705673
20440 10.2200 -1.091971 4.708774
20450 10.2250 -1.092011 4.709726
20460 10.2300 -1.091893 4.706924
20470 10.2350 -1.091737 4.703236
20480 10.2400 -1.091781 4.704262
20490 10.2450 -1.091916 4.707467
20500 10.2500 -1.091769 4.703982
20510 10.2550 -1.091420 4.759835
20520 10.2600 -1.090890 4.747106
20530 10.2650 -1.090219 4.730800
20540 10.2700 -1.089385 4.710258
20550 10.2750 -1.088407 4.685751
20560 10.2800 -1.087287 4.657176
20570 10.2850 -1.085934 4.621929
20580 10.2900 -1.084501 4.583751
20590 10.2950 -1.082900 4.540111
20600 10.3000 -1.081031 4.487930
20610 10.3050 -1.078959 4.496696
20620 10.3100 -1.076827 4.433930
20630 10.3150 -1.074615 4.367200
20640 10.3200 -1.072215 4.293060
20650 10.3250 -1.069726 4.214504
20660 10.3300 -1.067022 4.127449
20670 10.3350 -1.064163 4.033735
20680 10.3400 -1.061221 3.935894
20690 10.3450 -1.057981 3.826815
20700 10.3500 -1.054575 3.711131
20710 10.3550 -1.051073 3.676019
20720 10.3600 -1.047471 3.552159
20730 10.3650 -1.043935 3.430339
20740 10.3700 -1.040233 3.302941
20750 10.3750 -1.036561 3.177034
20760 10.3800 -1.032964 3.054418
20770 10.3850 -1.029424 2.934603
20780 10.3900 -1.026106 2.823276
20790 10.3950 -1.022875 2.715834
20800 10.4000 -1.019603 2.608081
20810 10.4050 -1.016229 2.613158
20820 10.4100 -1.012786 2.501466
20830 10.4150 -1.009328 2.390137
20840 10.4200 -1.005880 2.280042
20850 10.4250 -1.002594 2.176084
20860 10.4300 -0.999559 2.080914
20870 10.4350 -0.996442 1.984221
20880 10.4400 -0.993464 1.892818
20890 10.4450 -0.990641 1.807240
20900 10.4500 -0.987985 1.727735
20910 10.4550 -0.985368 1.797643
20920 10.4600 -0.982855 1.723907
20930 10.4650 -0.980278 1.649046
20940 10.4700 -0.977794 1.577729
20950 10.4750 -0.975438 1.510932
20960 10.4800 -0.973059 1.444412
20970 10.4850 -0.970533 1.374876
20980 10.4900 -0.968049 1.307704
20990 10.4950 -0.965674 1.244724
21000 10.5000 -0.963452 1.186935
21010 10.5050 -0.961249 1.302142
21020 10.5100 -0.959335 1.253942
21030 10.5150 -0.957693 1.213178
21040 10.5200 -0.956277 1.178449
21050 10.5250 -0.955034 1.148318
21060 10.5300 -0.954225 1.128893
21070 10.5350 -0.953536 1.112460
21080 10.5400 -0.952922 1.097892
21090 10.5450 -0.952501 1.087972
21100 10.5500 -0.952316 1.083620
21110 10.5550 -0.952203 1.257512
21120 10.5600 -0.952210 1.257665
21130 10.5650 -0.952462 1.263599
21140 10.5700 -0.953211 1.281258
21150 10.5750 -0.954113 1.302629
21160 10.5800 -0.955165 1.327736
21170 10.5850 -0.956558 1.361199
21180 10.5900 -0.958285 1.403089
21190 10.5950 -0.960132 1.448335
21200 10.6000 -0.961927 1.492669
21210 10.6050 -0.963806 1.696842
21220 10.6100 -0.965717 1.744497
21230 10.6150 -0.967744 1.795163
21240 10.6200 -0.969998 1.851617
21250 10.6250 -0.972353 1.910662
21260 10.6300 -0.974886 1.974197
21270 10.6350 -0.977646 2.043389
21280 10.6400 -0.980588 2.117056
21290 10.6450 -0.983749 2.196033
21300 10.6500 -0.987044 2.278157
21310 10.6550 -0.990452 2.488996
21320 10.6600 -0.993958 2.574961
21330 10.6650 -0.997259 2.655199
21340 10.6700 -1.000719 2.738663
21350 10.6750 -1.004016 2.817682
21360 10.6800 -1.007324 2.896674
21370 10.6850 -1.010621 2.975224
21380 10.6900 -1.014216 3.060944
21390 10.6950 -1.017769 3.145936
21400 10.7000 -1.021419 3.233776
21410 10.7050 -1.024966 3.416416
21420 10.7100 -1.028652 3.506119
21430 10.7150 -1.032156 3.591987
21440 10.7200 -1.035532 3.675403
21450 10.7250 -1.038915 3.759719
21460 10.7300 -1.042270 3.844038
21470 10.7350 -1.045390 3.923055
21480 10.7400 -1.048620 4.005366
21490 10.7450 -1.051838 4.087747
21500 10.7500 -1.054864 4.165398
21510 10.7550 -1.057638 4.311007
21520 10.7600 -1.060522 4.384401
21530 10.7650 -1.063269 4.453641
21540 10.7700 -1.065761 4.515733
21550 10.7750 -1.067945 4.569451
21560 10.7800 -1.069906 4.617017
21570 10.7850 -1.071816 4.662661
21580 10.7900 -1.073800 4.709269
21590 10.7950 -1.075834 4.756092
21600 10.8000 -1.077860 4.801668
21610 10.8050 -1.079909 4.908983
21620 10.8100 -1.081894 4.951145
21630 10.8150 -1.083529 4.984857
21640 10.8200 -1.085055 5.015436
21650 10.8250 -1.086494 5.043464
21660 10.8300 -1.087759 5.067433
21670 10.8350 -1.088786 5.086404
21680 10.8400 -1.089823 5.105141
21690 10.8450 -1.090627 5.119364
21700 10.8500 -1.091100 5.127598
21710 10.8550 -1.091567 5.192617
21720 10.8600 -1.091817 5.196881
21730 10.8650 -1.091912 5.198501
21740 10.8700 -1.091929 5.198783
21750 10.8750 -1.091976 5.199575
21760 10.8800 -1.091999 5.199969
21770 10.8850 -1.091933 5.198844
21780 10.8900 -1.091735 5.195487
21790 10.8950 -1.091451 5.190633
21800 10.9000 -1.091250 5.187176
21810 10.9050 -1.090980 5.238560
21820 10.9100 -1.090488 5.229957
21830 10.9150 -1.089934 5.220133
21840 10.9200 -1.089207 5.207035
21850 10.9250 -1.088564 5.195240
21860 10.9300 -1.087700 5.179107
21870 10.9350 -1.086495 5.156030
21880 10.9400 -1.085325 5.133038
21890 10.9450 -1.083876 5.103742
21900 10.9500 -1.082349 5.071921
21910 10.9550 -1.080602 5.092250
21920 10.9600 -1.078610 5.047945
21930 10.9650 -1.076334 4.995482
21940 10.9700 -1.073860 4.936419
21950 10.9750 -1.071246 4.871909
21960 10.9800 -1.068150 4.792998
21970 10.9850 -1.064710 4.702628
21980 10.9900 -1.060924 4.600494
21990 10.9950 -1.056806 4.486942
22000 11.0000 -1.052402 4.363639
22010 11.0050 -1.047727 4.301758
22020 11.0100 -1.042923 4.164610
22030 11.0150 -1.038106 4.026752
22040 11.0200 -1.033053 3.882312
22050 11.0250 -1.027877 3.734843
22060 11.0300 -1.022638 3.586206
22070 11.0350 -1.017013 3.427209
22080 11.0400 -1.011264 3.264960
22090 11.0450 -1.005333 3.097414
22100 11.0500 -0.999154 2.922122
22110 11.0550 -0.993102 2.854138
22120 11.0600 -0.987127 2.680071
22130 11.0650 -0.981195 2.504782
22140 11.0700 -0.975407 2.331947
22150 11.0750 -0.969733 2.161595
22160 11.0800 -0.964028 1.990447
22170 11.0850 -0.958682 1.831340
22180 11.0900 -0.953559 1.681052
22190 11.0950 -0.948544 1.537066
22200 11.1000 -0.943576 1.398459
22210 11.1050 -0.938647 1.426619
22220 11.1100 -0.933958 1.303432
22230 11.1150 -0.929327 1.186068
22240 11.1200 -0.924809 1.076240
22250 11.1250 -0.920075 0.966706
22260 11.1300 -0.915523 0.867110
22270 11.1350 -0.911377 0.781611
22280 11.1400 -0.907296 0.702455
22290 11.1450 -0.903685 0.636686
22300 11.1500 -0.900457 0.581308
22310 11.1550 -0.897594 0.737722
22320 11.1600 -0.895207 0.700190
22330 11.1650 -0.893396 0.672584
22340 11.1700 -0.892012 0.651987
22350 11.1750 -0.891160 0.639530
22360 11.1800 -0.890700 0.632860
22370 11.1850 -0.890644 0.632056
22380 11.1900 -0.891119 0.638921
22390 11.1950 -0.892184 0.654524
22400 11.2000 -0.893528 0.674573
22410 11.2050 -0.895210 0.898057
22420 11.2100 -0.897323 0.930760
22430 11.2150 -0.899672 0.967894
22440 11.2200 -0.902361 1.011455
22450 11.2250 -0.905345 1.061079
22460 11.2300 -0.908379 1.112974
22470 11.2350 -0.911759 1.172490
22480 11.2400 -0.915238 1.235664
22490 11.2450 -0.918998 1.306109
22500 11.2500 -0.922941 1.382412
22510 11.2550 -0.926945 1.624300
22520 11.2600 -0.931176 1.709856
22530 11.2650 -0.935358 1.795964
22540 11.2700 -0.939520 1.883071
22550 11.2750 -0.943756 1.973097
22560 11.2800 -0.947911 2.062630
22570 11.2850 -0.951876 2.149056
22580 11.2900 -0.955714 2.233543
22590 11.2950 -0.959546 2.318595
22600 11.3000 -0.963173 2.399612
22610 11.3050 -0.966690 2.600463
22620 11.3100 -0.970309 2.681104
22630 11.3150 -0.973841 2.759428
22640 11.3200 -0.977251 2.834662
22650 11.3250 -0.980409 2.903997
22660 11.3300 -0.983407 2.969505
22670 11.3350 -0.986329 3.033098
22680 11.3400 -0.989161 3.094506
22690 11.3450 -0.992088 3.157799
22700 11.3500 -0.994717 3.214556
22710 11.3550 -0.997405 3.369659
22720 11.3600 -1.000087 3.427097
22730 11.3650 -1.002903 3.487162
22740 11.3700 -1.005830 3.549463
22750 11.3750 -1.008775 3.612135
22760 11.3800 -1.011648 3.673335
22770 11.3850 -1.014493 3.734150
22780 11.3900 -1.017299 3.794396
22790 11.3950 -1.019785 3.848085
22800 11.4000 -1.022332 3.903468
22810 11.4050 -1.024936 4.040669
22820 11.4100 -1.027408 4.095016
22830 11.4150 -1.029756 4.146895
22840 11.4200 -1.031939 4.195383
22850 11.4250 -1.033704 4.234755
22860 11.4300 -1.035069 4.265335
22870 11.4350 -1.036059 4.287582
22880 11.4400 -1.036647 4.300823
22890 11.4450 -1.037078 4.310521
22900 11.4500 -1.037255 4.314518
22910 11.4550 -1.037228 4.385458
22920 11.4600 -1.037080 4.382108
22930 11.4650 -1.036692 4.373372
22940 11.4700 -1.036093 4.359865
22950 11.4750 -1.035357 4.343304
22960 11.4800 -1.034502 4.324072
22970 11.4850 -1.033273 4.296446
22980 11.4900 -1.031908 4.265818
22990 11.4950 -1.030409 4.232245
23000 11.5000 -1.028779 4.195786
23010 11.5050 -1.027093 4.232068
23020 11.5100 -1.025199 4.189703
23030 11.5150 -1.023239 4.145809
23040 11.5200 -1.021137 4.098687
23050 11.5250 -1.019016 4.051006
23060 11.5300 -1.016905 4.003440
23070 11.5350 -1.014674 3.953009
23080 11.5400 -1.012460 3.902753
23090 11.5450 -1.010168 3.850488
23100 11.5500 -1.007668 3.793149
23110 11.5550 -1.005084 3.816140
23120 11.5600 -1.002418 3.753773
23130 11.5650 -0.999496 3.684520
23140 11.5700 -0.996581 3.614507
23150 11.5750 -0.993595 3.541799
23160 11.5800 -0.990452 3.464188
23170 11.5850 -0.987163 3.381790
23180 11.5900 -0.983828 3.297037
23190 11.5950 -0.980452 3.210118
23200 11.6000 -0.976924 3.118174
23210 11.6050 -0.973264 3.121462
23220 11.6100 -0.969383 3.017443
23230 11.6150 -0.965378 2.908785
23240 11.6200 -0.961394 2.799688
23250 11.6250 -0.957320 2.687495
23260 11.6300 -0.953171 2.572962
23270 11.6350 -0.948846 2.453746
23280 11.6400 -0.944528 2.335372
23290 11.6450 -0.940252 2.219219
23300 11.6500 -0.935725 2.097881
23310 11.6550 -0.931275 2.113060
23320 11.6600 -0.927014 2.001547
23330 11.6650 -0.923041 1.898922
23340 11.6700 -0.919248 1.802398
23350 11.6750 -0.915574 1.710438
23360 11.6800 -0.911911 1.620401
23370 11.6850 -0.908424 1.536327
23380 11.6900 -0.905254 1.461418
23390 11.6950 -0.902285 1.392634
23400 11.7000 -0.899465 1.328560
23410 11.7050 -0.896682 1.431239
23420 11.7100 -0.894188 1.376188
23430 11.7150 -0.891966 1.327727
23440 11.7200 -0.889993 1.285168
23450 11.7250 -0.888118 1.245164
23460 11.7300 -0.886347 1.207786
23470 11.7350 -0.884772 1.174894
23480 11.7400 -0.883414 1.146805
23490 11.7450 -0.882132 1.120522
23500 11.7500 -0.881031 1.098120
23510 11.7550 -0.880173 1.256598
23520 11.7600 -0.879434 1.241715
23530 11.7650 -0.878855 1.230078
23540 11.7700 -0.878614 1.225234
23550 11.7750 -0.878529 1.223526
23560 11.7800 -0.878805 1.229063
23570 11.7850 -0.879375 1.240523
23580 11.7900 -0.880124 1.255619
23590 11.7950 -0.881007 1.273468
23600 11.8000 -0.882122 1.296096
23610 11.8050 -0.883379 1.488016
23620 11.8100 -0.884693 1.514744
23630 11.8150 -0.885978 1.540875
23640 11.8200 -0.887584 1.573536
23650 11.8250 -0.889569 1.613886
23660 11.8300 -0.891694 1.657025
23670 11.8350 -0.893873 1.701233
23680 11.8400 -0.896094 1.746208
23690 11.8450 -0.898371 1.792243
23700 11.8500 -0.900454 1.834304
23710 11.8550 -0.902591 2.020368
23720 11.8600 -0.904890 2.066245
23730 11.8650 -0.907465 2.117199
23740 11.8700 -0.910139 2.169672
23750 11.8750 -0.912871 2.222885
23760 11.8800 -0.915625 2.276152
23770 11.8850 -0.918273 2.327092
23780 11.8900 -0.921067 2.380562
23790 11.8950 -0.923964 2.435803
23800 11.9000 -0.926799 2.489738
23810 11.9050 -0.929681 2.663470
23820 11.9100 -0.932626 2.718829
23830 11.9150 -0.935763 2.777437
23840 11.9200 -0.938953 2.836748
23850 11.9250 -0.941976 2.892742
23860 11.9300 -0.944983 2.948289
23870 11.9350 -0.947996 3.003847
23880 11.9400 -0.951131 3.061580
23890 11.9450 -0.954311 3.120105
23900 11.9500 -0.957466 3.178128
23910 11.9550 -0.960463 3.331345
23920 11.9600 -0.963633 3.389012
23930 11.9650 -0.966601 3.442595
23940 11.9700 -0.969266 3.490344
23950 11.9750 -0.971844 3.536221
23960 11.9800 -0.974340 3.580318
23970 11.9850 -0.976723 3.622128
23980 11.9900 -0.979020 3.662162
23990 11.9950 -0.981107 3.698302
24000 12.0000 -0.983363 3.737107
24010 12.0050 -0.985688 3.860814
24020 12.0100 -0.987873 3.897657
24030 12.0150 -0.989957 3.932429
24040 12.0200 -0.991806 3.963000
24050 12.0250 -0.993581 3.992116
24060 12.0300 -0.995329 4.020576
24070 12.0350 -0.996837 4.044950
24080 12.0400 -0.998315 4.068707
24090 12.0450 -0.999539 4.088296
24100 12.0500 -1.000608 4.105337
24110 12.0550 -1.001514 4.195559
24120 12.0600 -1.002372 4.209130
24130 12.0650 -1.002970 4.218540
24140 12.0700 -1.003201 4.222183
24150 12.0750 -1.003299 4.223716
24160 12.0800 -1.003353 4.224574
24170 12.0850 -1.003088 4.220404
24180 12.0900 -1.002689 4.214120
24190 12.0950 -1.002358 4.208913
24200 12.1000 -1.001995 4.203176
24210 12.1050 -1.001524 4.269531
24220 12.1100 -1.000770 4.257550
24230 12.1150 -0.999811 4.242214
24240 12.1200 -0.998597 4.222657
24250 12.1250 -0.997277 4.201196
24260 12.1300 -0.996018 4.180544
24270 12.1350 -0.994829 4.160845
24280 12.1400 -0.993526 4.139064
24290 12.1450 -0.992110 4.115144
24300 12.1500 -0.990603 4.089404
24310 12.1550 -0.988925 4.136535
24320 12.1600 -0.986765 4.098447
24330 12.1650 -0.984676 4.060886
24340 12.1700 -0.982652 4.023800
24350 12.1750 -0.980803 3.989356
24360 12.1800 -0.978823 3.951853
24370 12.1850 -0.976929 3.915411
24380 12.1900 -0.975126 3.880202
24390 12.1950 -0.973253 3.843133
24400 12.2000 -0.971100 3.799920
24410 12.2050 -0.968902 3.837669
24420 12.2100 -0.966514 3.788055
24430 12.2150 -0.964048 3.735908
24440 12.2200 -0.961516 3.681469
24450 12.2250 -0.959076 3.628201
24460 12.2300 -0.956609 3.573582
24470 12.2350 -0.954370 3.523422
24480 12.2400 -0.952206 3.474455
24490 12.2450 -0.949916 3.422128
24500 12.2500 -0.947437 3.364967
24510 12.2550 -0.944696 3.394350
24520 12.2600 -0.941916 3.328682
24530 12.2650 -0.939183 3.263366
24540 12.2700 -0.936693 3.203245
24550 12.2750 -0.934284 3.144556
24560 12.2800 -0.931781 3.083061
24570 12.2850 -0.929414 3.024472
24580 12.2900 -0.927169 2.968496
24590 12.2950 -0.924963 2.913130
24600 12.3000 -0.922599 2.853465
24610 12.3050 -0.920494 2.907538
24620 12.3100 -0.918630 2.859742
24630 12.3150 -0.916969 2.816824
24640 12.3200 -0.915409 2.776258
24650 12.3250 -0.913879 2.736267
24660 12.3300 -0.912357 2.696251
24670 12.3350 -0.910964 2.659428
24680 12.3400 -0.909520 2.621049
24690 12.3450 -0.908134 2.584058
24700 12.3500 -0.906772 2.547567
24710 12.3550 -0.905450 2.629178
24720 12.3600 -0.904088 2.592261
24730 12.3650 -0.902810 2.557400
24740 12.3700 -0.901684 2.526514
24750 12.3750 -0.900580 2.496115
24760 12.3800 -0.899599 2.468987
24770 12.3850 -0.898708 2.444246
24780 12.3900 -0.897652 2.414807
24790 12.3950 -0.896632 2.386288
24800 12.4000 -0.895546 2.355815
24810 12.4050 -0.894460 2.448907
24820 12.4100 -0.893178 2.412575
24830 12.4150 -0.892006 2.379190
24840 12.4200 -0.890920 2.348099
24850 12.4250 -0.890105 2.324658
24860 12.4300 -0.889396 2.304240
24870 12.4350 -0.888724 2.284834
24880 12.4400 -0.888159 2.268447
24890 12.4450 -0.887523 2.249998
24900 12.4500 -0.886840 2.230153
24910 12.4550 -0.886194 2.339444
24920 12.4600 -0.885760 2.326770
24930 12.4650 -0.885685 2.324581
24940 12.4700 -0.885772 2.327115
24950 12.4750 -0.886197 2.339537
24960 12.4800 -0.887075 2.365114
24970 12.4850 -0.888273 2.399826
24980 12.4900 -0.889854 2.445348
24990 12.4950 -0.891523 2.492937
25000 12.5000 -0.893125 2.538193
25010 12.5050 -0.894710 2.700011
25020 12.5100 -0.896316 2.744289
25030 12.5150 -0.897913 2.787693
25040 12.5200 -0.899659 2.834451
25050 12.5250 -0.901598 2.885508
25060 12.5300 -0.903684 2.939354
25070 12.5350 -0.905945 2.996471
25080 12.5400 -0.908034 3.048060
25090 12.5450 -0.909978 3.095084
25100 12.5500 -0.912053 3.144199
25110 12.5550 -0.914265 3.294507
25120 12.5600 -0.916514 3.345007
25130 12.5650 -0.918847 3.395868
25140 12.5700 -0.921549 3.452891
25150 12.5750 -0.924421 3.511403
25160 12.5800 -0.927360 3.569108
25170 12.5850 -0.930364 3.625944
25180 12.5900 -0.933489 3.682889
25190 12.5950 -0.936907 3.742819
25200 12.6000 -0.940300 3.800015
25210 12.6050 -0.943494 3.934403
25220 12.6100 -0.946824 3.986184
25230 12.6150 -0.950335 4.038520
25240 12.6200 -0.953728 4.087018
25250 12.6250 -0.957101 4.133347
25260 12.6300 -0.960543 4.178773
25270 12.6350 -0.963731 4.219281
25280 12.6400 -0.966829 4.257261
25290 12.6450 -0.969949 4.294181
25300 12.6500 -0.973148 4.330728
25310 12.6550 -0.976027 4.433619
25320 12.6600 -0.978525 4.460103
25330 12.6650 -0.980979 4.485252
25340 12.6700 -0.983444 4.509683
25350 12.6750 -0.985667 4.531033
25360 12.6800 -0.987731 4.550314
25370 12.6850 -0.989595 4.567288
25380 12.6900 -0.991359 4.583009
25390 12.6950 -0.993059 4.597860
25400 12.7000 -0.994856 4.613260
25410 12.7050 -0.996402 4.692054
25420 12.7100 -0.997744 4.703128
25430 12.7150 -0.999067 4.713865
25440 12.7200 -1.000288 4.723641
25450 12.7250 -1.001514 4.733328
25460 12.7300 -1.002846 4.743728
25470 12.7350 -1.004203 4.754194
25480 12.7400 -1.005640 4.765156
25490 12.7450 -1.006956 4.775113
25500 12.7500 -1.008310 4.785280
25510 12.7550 -1.009599 4.857612
25520 12.7600 -1.010894 4.867187
25530 12.7650 -1.012343 4.877827
25540 12.7700 -1.013742 4.888045
25550 12.7750 -1.015073 4.897740
25560 12.7800 -1.016615 4.908963
25570 12.7850 -1.018017 4.919178
25580 12.7900 -1.019347 4.928890
25590 12.7950 -1.020618 4.938224
25600 12.8000 -1.021811 4.947031
25610 12.8050 -1.022855 5.014725
25620 12.8100 -1.023666 5.020761
25630 12.8150 -1.024312 5.025589
25640 12.8200 -1.024889 5.029911
25650 12.8250 -1.025636 5.035526
25660 12.8300 -1.026313 5.040643
25670 12.8350 -1.026875 5.044897
25680 12.8400 -1.027390 5.048822
25690 12.8450 -1.027720 5.051338
25700 12.8500 -1.028048 5.053851
25710 12.8550 -1.028261 5.113670
25720 12.8600 -1.028341 5.114284
25730 12.8650 -1.028195 5.113157
25740 12.8700 -1.028049 5.112039
25750 12.8750 -1.027836 5.110410
25760 12.8800 -1.027371 5.106857
25770 12.8850 -1.026791 5.102427
25780 12.8900 -1.026438 5.099739
25790 12.8950 -1.026094 5.097120
25800 12.9000 -1.025628 5.093584
25810 12.9050 -1.024998 5.146337
25820 12.9100 -1.024306 5.141088
25830 12.9150 -1.023570 5.135492
25840 12.9200 -1.022829 5.129854
25850 12.9250 -1.022086 5.124183
25860 12.9300 -1.021158 5.117093
25870 12.9350 -1.019948 5.107800
25880 12.9400 -1.018662 5.097863
25890 12.9450 -1.017268 5.087002
25900 12.9500 -1.015647 5.074241
25910 12.9550 -1.013783 5.117150
25920 12.9600 -1.012076 5.103152
25930 12.9650 -1.010368 5.088814
25940 12.9700 -1.008587 5.073468
25950 12.9750 -1.006837 5.057986
25960 12.9800 -1.005335 5.044339
25970 12.9850 -1.003944 5.031387
25980 12.9900 -1.002459 5.017226
25990 12.9950 -1.000958 5.002549
26000 13.0000 -0.999470 4.987606
26010 13.0050 -0.998011 5.031823
26020 13.0100 -0.996704 5.017969
26030 13.0150 -0.995461 5.004456
26040 13.0200 -0.994221 4.990659
26050 13.0250 -0.993062 4.977462
26060 13.0300 -0.992103 4.966320
26070 13.0350 -0.991222 4.955904
26080 13.0400 -0.990087 4.942248
26090 13.0450 -0.988782 4.926182
26100 13.0500 -0.987382 4.908536
26110 13.0550 -0.986051 4.951941
26120 13.0600 -0.984669 4.933619
26130 13.0650 -0.983197 4.913601
26140 13.0700 -0.981782 4.893873
26150 13.0750 -0.980370 4.873708
26160 13.0800 -0.978807 4.850828
26170 13.0850 -0.977276 4.827852
26180 13.0900 -0.975623 4.802456
26190 13.0950 -0.973828 4.774161
26200 13.1000 -0.972058 4.745578
26210 13.1050 -0.970394 4.781449
26220 13.1100 -0.968835 4.755058
26230 13.1150 -0.967077 4.724595
26240 13.1200 -0.965202 4.691354
26250 13.1250 -0.963357 4.657859
26260 13.1300 -0.961705 4.627248
26270 13.1350 -0.960076 4.596503
26280 13.1400 -0.958384 4.563972
26290 13.1450 -0.956656 4.530158
26300 13.1500 -0.954877 4.494729
26310 13.1550 -0.953027 4.525188
26320 13.1600 -0.951203 4.487422
26330 13.1650 -0.949267 4.446547
26340 13.1700 -0.947368 4.405686
26350 13.1750 -0.945425 4.363080
26360 13.1800 -0.943491 4.319870
26370 13.1850 -0.941467 4.273822
26380 13.1900 -0.939305 4.223683
26390 13.1950 -0.937211 4.174204
26400 13.2000 -0.935126 4.123992
26410 13.2050 -0.933055 4.148622
26420 13.2100 -0.930986 4.096788
26430 13.2150 -0.928958 4.044977
26440 13.2200 -0.926948 3.992605
26450 13.2250 -0.924825 3.936190
26460 13.2300 -0.922802 3.881384
26470 13.2350 -0.920865 3.827945
26480 13.2400 -0.918955 3.774329
26490 13.2450 -0.917070 3.720477
26500 13.2500 -0.915186 3.665783
26510 13.2550 -0.913322 3.696457
26520 13.2600 -0.911504 3.641796
26530 13.2650 -0.909853 3.591319
26540 13.2700 -0.908331 3.544106
26550 13.2750 -0.906933 3.500164
26560 13.2800 -0.905673 3.460110
26570 13.2850 -0.904526 3.423269
26580 13.2900 -0.903632 3.394301
26590 13.2950 -0.902809 3.367467
26600 13.3000 -0.901768 3.333247
26610 13.3050 -0.900673 3.391093
26620 13.3100 -0.899466 3.350645
26630 13.3150 -0.898339 3.312537
26640 13.3200 -0.897080 3.269578
26650 13.3250 -0.895688 3.221549
26660 13.3300 -0.894224 3.170486
26670 13.3350 -0.892750 3.118578
26680 13.3400 -0.891176 3.062542
26690 13.3450 -0.889687 3.009048
26700 13.3500 -0.888160 2.953732
26710 13.3550 -0.886545 2.999323
26720 13.3600 -0.884868 2.937372
26730 13.3650 -0.883154 2.873465
26740 13.3700 -0.881391 2.807212
26750 13.3750 -0.879689 2.742779
26760 13.3800 -0.877815 2.671383
26770 13.3850 -0.875590 2.586125
26780 13.3900 -0.873369 2.500617
26790 13.3950 -0.871257 2.419072
26800 13.4000 -0.869383 2.346668
26810 13.4050 -0.867499 2.397812
26820 13.4100 -0.865497 2.320391
26830 13.4150 -0.863264 2.234118
26840 13.4200 -0.860945 2.144802
26850 13.4250 -0.858597 2.054911
26860 13.4300 -0.856108 1.960393
26870 13.4350 -0.853660 1.868386
26880 13.4400 -0.851255 1.779234
26890 13.4450 -0.848899 1.693180
26900 13.4500 -0.846530 1.608169
26910 13.4550 -0.844156 1.676930
26920 13.4600 -0.841853 1.597152
26930 13.4650 -0.839562 1.519373
26940 13.4700 -0.837292 1.443913
26950 13.4750 -0.834917 1.366853
26960 13.4800 -0.832403 1.287513
26970 13.4850 -0.829948 1.212362
26980 13.4900 -0.827673 1.144863
26990 13.4950 -0.825574 1.084476
27000 13.5000 -0.823589 1.029064
27010 13.5050 -0.821733 1.157942
27020 13.5100 -0.819797 1.106758
27030 13.5150 -0.817911 1.058215
27040 13.5200 -0.816219 1.015833
27050 13.5250 -0.814531 0.974621
27060 13.5300 -0.813009 0.938389
27070 13.5350 -0.811470 0.902669
27080 13.5400 -0.810363 0.877547
27090 13.5450 -0.809663 0.861908
27100 13.5500 -0.809144 0.850415
27110 13.5550 -0.808594 1.026800
27120 13.5600 -0.808347 1.021411
27130 13.5650 -0.808217 1.018578
27140 13.5700 -0.808204 1.018292
27150 13.5750 -0.808302 1.020429
27160 13.5800 -0.808615 1.027254
27170 13.5850 -0.809036 1.036468
27180 13.5900 -0.809649 1.050011
27190 13.5950 -0.810569 1.070542
27200 13.6000 -0.811672 1.095499
27210 13.6050 -0.812864 1.298820
27220 13.6100 -0.814199 1.329836
27230 13.6150 -0.815762 1.366724
27240 13.6200 -0.817544 1.409477
27250 13.6250 -0.819419 1.455270
27260 13.6300 -0.821332 1.502847
27270 13.6350 -0.823428 1.555969
27280 13.6400 -0.825723 1.615285
27290 13.6450 -0.827940 1.673709
27300 13.6500 -0.830293 1.736896
27310 13.6550 -0.832663 1.948658
27320 13.6600 -0.835129 2.016829
27330 13.6650 -0.837686 2.088409
27340 13.6700 -0.840168 2.158703
27350 13.6750 -0.842703 2.231233
27360 13.6800 -0.845082 2.299902
27370 13.6850 -0.847205 2.361616
27380 13.6900 -0.849252 2.421469
27390 13.6950 -0.851408 2.484782
27400 13.7000 -0.853520 2.547087
27410 13.7050 -0.855710 2.728983
27420 13.7100 -0.857765 2.789558
27430 13.7150 -0.859824 2.850089
27440 13.7200 -0.861871 2.910067
27450 13.7250 -0.863833 2.967281
27460 13.7300 -0.865781 3.023777
27470 13.7350 -0.867545 3.074645
27480 13.7400 -0.869166 3.121098
27490 13.7450 -0.870590 3.161651
27500 13.7500 -0.871739 3.194190
27510 13.7550 -0.872613 3.316671
27520 13.7600 -0.873365 3.337729
27530 13.7650 -0.873902 3.352713
27540 13.7700 -0.874116 3.358684
27550 13.7750 -0.874315 3.364201
27560 13.7800 -0.874500 3.369350
27570 13.7850 -0.874531 3.370197
27580 13.7900 -0.874341 3.364925
27590 13.7950 -0.874102 3.358279
27600 13.8000 -0.873890 3.352395
27610 13.8050 -0.873622 3.438539
27620 13.8100 -0.873490 3.434843
27630 13.8150 -0.873282 3.429030
27640 13.8200 -0.872920 3.418868
27650 13.8250 -0.872476 3.406407
27660 13.8300 -0.871740 3.385617
27670 13.8350 -0.870912 3.362071
27680 13.8400 -0.870018 3.336524
27690 13.8450 -0.869068 3.309197
27700 13.8500 -0.868073 3.280392
27710 13.8550 -0.866948 3.343089
27720 13.8600 -0.865591 3.303146
27730 13.8650 -0.864098 3.258756
27740 13.8700 -0.862592 3.213582
27750 13.8750 -0.861102 3.168442
27760 13.8800 -0.859409 3.116712
27770 13.8850 -0.857494 3.057688
27780 13.8900 -0.855311 2.989762
27790 13.8950 -0.853175 2.922793
27800 13.9000 -0.851018 2.854695
27810 13.9050 -0.848729 2.889500
27820 13.9100 -0.846308 2.811932
27830 13.9150 -0.843787 2.730682
27840 13.9200 -0.841295 2.649992
27850 13.9250 -0.838568 2.561494
27860 13.9300 -0.835798 2.471492
27870 13.9350 -0.833194 2.387003
27880 13.9400 -0.830501 2.299905
27890 13.9450 -0.827628 2.207468
27900 13.9500 -0.824674 2.113157
27910 13.9550 -0.821566 2.147035
27920 13.9600 -0.818328 2.045222
27930 13.9650 -0.815090 1.944477
27940 13.9700 -0.811612 1.837687
27950 13.9750 -0.808107 1.731850
27960 13.9800 -0.804375 1.621454
27970 13.9850 -0.800566 1.511532
27980 13.9900 -0.796575 1.399688
27990 13.9950 -0.792462 1.288332
28000 14.0000 -0.788587 1.187352
28010 14.0050 -0.784854 1.264926
28020 14.0100 -0.781265 1.177467
28030 14.0150 -0.777929 1.098812
28040 14.0200 -0.774644 1.023992
28050 14.0250 -0.771558 0.956175
28060 14.0300 -0.768486 0.891108
28070 14.0350 -0.765635 0.832972
28080 14.0400 -0.762916 0.779597
28090 14.0450 -0.760311 0.730368
28100 14.0500 -0.757831 0.685291
28110 14.0550 -0.755411 0.840085
28120 14.0600 -0.753428 0.806129
28130 14.0650 -0.751828 0.779321
28140 14.0700 -0.750344 0.754929
28150 14.0750 -0.748731 0.728954
28160 14.0800 -0.747326 0.706762
28170 14.0850 -0.746178 0.688939
28180 14.0900 -0.745137 0.673026
28190 14.0950 -0.744257 0.659750
28200 14.1000 -0.743453 0.647754
28210 14.1050 -0.742880 0.838698
28220 14.1100 -0.742449 0.832358
28230 14.1150 -0.742352 0.830931
28240 14.1200 -0.742560 0.833981
28250 14.1250 -0.742992 0.840350
28260 14.1300 -0.743605 0.849432
28270 14.1350 -0.744409 0.861407
28280 14.1400 -0.745447 0.876999
28290 14.1450 -0.746735 0.896537
28300 14.1500 -0.748152 0.918289
28310 14.1550 -0.749673 1.126744
28320 14.1600 -0.751467 1.154699
28330 14.1650 -0.753567 1.187673
28340 14.1700 -0.755609 1.219969
28350 14.1750 -0.757634 1.252263
28360 14.1800 -0.759774 1.286685
28370 14.1850 -0.762079 1.324095
28380 14.1900 -0.764411 1.362332
28390 14.1950 -0.766951 1.404454
28400 14.2000 -0.769620 1.449270
28410 14.2050 -0.772365 1.655145
28420 14.2100 -0.775306 1.705200
28430 14.2150 -0.778359 1.757503
28440 14.2200 -0.781466 1.811190
28450 14.2250 -0.784764 1.868784
28460 14.2300 -0.788202 1.929622
28470 14.2350 -0.791715 1.992775
28480 14.2400 -0.795093 2.054591
28490 14.2450 -0.798198 2.112465
28500 14.2500 -0.801495 2.175099
28510 14.2550 -0.804910 2.371213
28520 14.2600 -0.808505 2.441668
28530 14.2650 -0.812161 2.514443
28540 14.2700 -0.815975 2.591655
28550 14.2750 -0.819804 2.670540
28560 14.2800 -0.823676 2.751714
28570 14.2850 -0.827389 2.830840
28580 14.2900 -0.830881 2.906335
28590 14.2950 -0.834322 2.981641
28600 14.3000 -0.837581 3.053694
28610 14.3050 -0.840636 3.223350
28620 14.3100 -0.843586 3.288883
28630 14.3150 -0.846601 3.355718
28640 14.3200 -0.849624 3.422453
28650 14.3250 -0.852788 3.491835
28660 14.3300 -0.856099 3.563743
28670 14.3350 -0.859419 3.634911
28680 14.3400 -0.862563 3.701243
28690 14.3450 -0.865540 3.762962
28700 14.3500 -0.868305 3.819172
28710 14.3550 -0.870920 3.953340
28720 14.3600 -0.873672 4.006595
28730 14.3650 -0.876170 4.053588
28740 14.3700 -0.878478 4.095805
28750 14.3750 -0.880678 4.134934
28760 14.3800 -0.882908 4.173472
28770 14.3850 -0.884981 4.208289
28780 14.3900 -0.886790 4.237846
28790 14.3950 -0.888426 4.263924
28800 14.4000 -0.890111 4.290138
28810 14.4050 -0.891703 4.386295
28820 14.4100 -0.893248 4.409076
28830 14.4150 -0.894758 4.430779
28840 14.4200 -0.896196 4.450901
28850 14.4250 -0.897669 4.470983
28860 14.4300 -0.898815 4.486251
28870 14.4350 -0.899650 4.497178
28880 14.4400 -0.900336 4.506029
28890 14.4450 -0.900919 4.513473
28900 14.4500 -0.901403 4.519590
28910 14.4550 -0.901728 4.591219
28920 14.4600 -0.902060 4.595360
28930 14.4650 -0.902273 4.597988
28940 14.4700 -0.902132 4.596246
28950 14.4750 -0.901979 4.594344
28960 14.4800 -0.901781 4.591882
28970 14.4850 -0.901326 4.586177
28980 14.4900 -0.900682 4.578006
28990 14.4950 -0.900030 4.569620
29000 14.5000 -0.899457 4.562165
29010 14.5050 -0.898887 4.621421
29020 14.5100 -0.898282 4.613358
29030 14.5150 -0.897541 4.603326
29040 14.5200 -0.896874 4.594161
29050 14.5250 -0.896078 4.583049
29060 14.5300 -0.895322 4.572314
29070 14.5350 -0.894588 4.561733
29080 14.5400 -0.893745 4.549384
29090 14.5450 -0.892929 4.537204
29100 14.5500 -0.892072 4.524220
29110 14.5550 -0.891212 4.578402
29120 14.5600 -0.890488 4.567033
29130 14.5650 -0.889967 4.558729
29140 14.5700 -0.889744 4.555165
29150 14.5750 -0.889685 4.554210
29160 14.5800 -0.889824 4.556447
29170 14.5850 -0.890070 4.560385
29180 14.5900 -0.890208 4.562590
29190 14.5950 -0.890432 4.566146
29200 14.6000 -0.890734 4.570908
29210 14.6050 -0.891022 4.642026
29220 14.6100 -0.891232 4.645300
29230 14.6150 -0.891331 4.646847
29240 14.6200 -0.891346 4.647075
29250 14.6250 -0.891438 4.648497
29260 14.6300 -0.891653 4.651826
29270 14.6350 -0.892056 4.658007
29280 14.6400 -0.892507 4.664852
29290 14.6450 -0.892995 4.672191
29300 14.6500 -0.893439 4.678784
29310 14.6550 -0.893947 4.750854
29320 14.6600 -0.894671 4.761300
29330 14.6650 -0.895543 4.773620
29340 14.6700 -0.896388 4.785291
29350 14.6750 -0.896999 4.793548
29360 14.6800 -0.897487 4.800055
29370 14.6850 -0.897904 4.805533
29380 14.6900 -0.898280 4.810427
29390 14.6950 -0.898447 4.812583
29400 14.7000 -0.898541 4.813797
29410 14.7050 -0.898588 4.876620
29420 14.7100 -0.898333 4.873339
29430 14.7150 -0.897927 4.868062
29440 14.7200 -0.897113 4.857273
29450 14.7250 -0.896078 4.843187
29460 14.7300 -0.894835 4.825688
29470 14.7350 -0.893398 4.804684
29480 14.7400 -0.891866 4.781353
29490 14.7450 -0.890494 4.759636
29500 14.7500 -0.888970 4.734623
29510 14.7550 -0.887341 4.770392
29520 14.7600 -0.885565 4.738720
29530 14.7650 -0.883862 4.707062
29540 14.7700 -0.882162 4.674220
29550 14.7750 -0.880501 4.640974
29560 14.7800 -0.878914 4.608126
29570 14.7850 -0.877240 4.572377
29580 14.7900 -0.875646 4.537307
29590 14.7950 -0.874009 4.500296
29600 14.8000 -0.872404 4.463015
29610 14.8050 -0.870785 4.493092
29620 14.8100 -0.869383 4.458914
29630 14.8150 -0.867996 4.424411
29640 14.8200 -0.866552 4.387784
29650 14.8250 -0.865068 4.349429
29660 14.8300 -0.863520 4.308703
29670 14.8350 -0.861852 4.264007
29680 14.8400 -0.860090 4.215978
29690 14.8450 -0.858139 4.161910
29700 14.8500 -0.856175 4.106559
29710 14.8550 -0.854238 4.126964
29720 14.8600 -0.852152 4.066413
29730 14.8650 -0.849875 3.999404
29740 14.8700 -0.847411 3.925995
29750 14.8750 -0.844678 3.843679
29760 14.8800 -0.841837 3.757386
29770 14.8850 -0.839005 3.670928
29780 14.8900 -0.836251 3.586686
29790 14.8950 -0.833615 3.506054
29800 14.9000 -0.831017 3.426808
29810 14.9050 -0.828361 3.437752
29820 14.9100 -0.825576 3.353397
29830 14.9150 -0.822485 3.260353
29840 14.9200 -0.819315 3.165766
29850 14.9250 -0.816253 3.075362
29860 14.9300 -0.813336 2.990286
29870 14.9350 -0.810495 2.908475
29880 14.9400 -0.807754 2.830594
29890 14.9450 -0.805211 2.759294
29900 14.9500 -0.802490 2.684073
29910 14.9550 -0.800085 2.731261
29920 14.9600 -0.797710 2.666986
29930 14.9650 -0.795349 2.603709
29940 14.9700 -0.793216 2.547036
29950 14.9750 -0.791264 2.495609
29960 14.9800 -0.789467 2.448606
29970 14.9850 -0.787821 2.405847
29980 14.9900 -0.786204 2.364117
29990 14.9950 -0.784813 2.328430
30000 15.0000 -0.783547 2.296111
30010 15.0050 -0.782404 2.392813
30020 15.0100 -0.781379 2.366782
30030 15.0150 -0.780516 2.344915
30040 15.0200 -0.779586 2.321371
30050 15.0250 -0.778752 2.300310
30060 15.0300 -0.777931 2.279573
30070 15.0350 -0.777117 2.259072
30080 15.0400 -0.776436 2.241927
30090 15.0450 -0.775809 2.226156
30100 15.0500 -0.775227 2.211554
30110 15.0550 -0.774639 2.325579
30120 15.0600 -0.774123 2.312612
30130 15.0650 -0.773685 2.301624
30140 15.0700 -0.773387 2.294129
30150 15.0750 -0.773253 2.290772
30160 15.0800 -0.773307 2.292131
30170 15.0850 -0.773248 2.290654
30180 15.0900 -0.773083 2.286492
30190 15.0950 -0.772704 2.276969
30200 15.1000 -0.772194 2.264154
30210 15.1050 -0.771635 2.377013
30220 15.1100 -0.770972 2.360304
30230 15.1150 -0.770199 2.340800
30240 15.1200 -0.769328 2.318802
30250 15.1250 -0.768359 2.294258
30260 15.1300 -0.767349 2.268596
30270 15.1350 -0.766268 2.241095
30280 15.1400 -0.765481 2.221026
30290 15.1450 -0.764738 2.202054
30300 15.1500 -0.764072 2.184994
30310 15.1550 -0.763360 2.296508
30320 15.1600 -0.762477 2.273807
30330 15.1650 -0.761772 2.255638
30340 15.1700 -0.761081 2.237763
30350 15.1750 -0.760445 2.221264
30360 15.1800 -0.760032 2.210555
30370 15.1850 -0.759672 2.201193
30380 15.1900 -0.759405 2.194228
30390 15.1950 -0.759108 2.186493
30400 15.2000 -0.758955 2.182516
30410 15.2050 -0.759007 2.313719
30420 15.2100 -0.758963 2.312577
30430 15.2150 -0.758889 2.310643
30440 15.2200 -0.759019 2.314014
30450 15.2250 -0.759090 2.315881
30460 15.2300 -0.759062 2.315159
30470 15.2350 -0.759270 2.320557
30480 15.2400 -0.759762 2.333370
30490 15.2450 -0.760156 2.343572
30500 15.2500 -0.760560 2.354030
30510 15.2550 -0.761268 2.496047
30520 15.2600 -0.762168 2.519124
30530 15.2650 -0.763065 2.541939
30540 15.2700 -0.764062 2.567138
30550 15.2750 -0.765330 2.598862
30560 15.2800 -0.766431 2.626160
30570 15.2850 -0.767443 2.651028
30580 15.2900 -0.768547 2.677913
30590 15.2950 -0.769535 2.701765
30600 15.3000 -0.770578 2.726726
30610 15.3050 -0.771575 2.861862
30620 15.3100 -0.772452 2.882453
30630 15.3150 -0.773358 2.903508
30640 15.3200 -0.774231 2.923615
30650 15.3250 -0.775057 2.942468
30660 15.3300 -0.775825 2.959841
30670 15.3350 -0.776479 2.974526
30680 15.3400 -0.777180 2.990176
30690 15.3450 -0.777933 3.006826
30700 15.3500 -0.778728 3.024292
30710 15.3550 -0.779535 3.144459
30720 15.3600 -0.780600 3.167369
30730 15.3650 -0.781703 3.190790
30740 15.3700 -0.782766 3.213064
30750 15.3750 -0.783916 3.236835
30760 15.3800 -0.785146 3.261938
30770 15.3850 -0.786252 3.284195
30780 15.3900 -0.787432 3.307658
30790 15.3950 -0.788446 3.327575
30800 15.4000 -0.789487 3.347822
30810 15.4050 -0.790507 3.461154
30820 15.4100 -0.791831 3.486248
30830 15.4150 -0.793443 3.516281
30840 15.4200 -0.795105 3.546719
30850 15.4250 -0.796714 3.575706
30860 15.4300 -0.798252 3.602990
30870 15.4350 -0.799755 3.629322
30880 15.4400 -0.801353 3.656968
30890 15.4450 -0.802890 3.683257
30900 15.4500 -0.804372 3.708370
30910 15.4550 -0.805771 3.816611
30920 15.4600 -0.807233 3.840922
30930 15.4650 -0.808641 3.864144
30940 15.4700 -0.810121 3.888353
30950 15.4750 -0.811608 3.912526
30960 15.4800 -0.812975 3.934634
30970 15.4850 -0.814545 3.959924
30980 15.4900 -0.816037 3.983879
30990 15.4950 -0.817547 4.008078
31000 15.5000 -0.819136 4.033495
31010 15.5050 -0.820665 4.135325
31020 15.5100 -0.821991 4.156459
31030 15.5150 -0.823265 4.176751
31040 15.5200 -0.824524 4.196794
31050 15.5250 -0.825678 4.215155
31060 15.5300 -0.826556 4.229132
31070 15.5350 -0.827356 4.241870
31080 15.5400 -0.828062 4.253108
31090 15.5450 -0.828527 4.260508
31100 15.5500 -0.828897 4.266403
31110 15.5550 -0.829252 4.344572
31120 15.5600 -0.829770 4.352833
31130 15.5650 -0.830444 4.363553
31140 15.5700 -0.831239 4.376199
31150 15.5750 -0.831789 4.384952
31160 15.5800 -0.832266 4.392534
31170 15.5850 -0.832935 4.403146
31180 15.5900 -0.833592 4.413585
31190 15.5950 -0.834427 4.426843
31200 15.6000 -0.835496 4.443792
31210 15.6050 -0.836609 4.530417
31220 15.6100 -0.837831 4.549709
31230 15.6150 -0.839227 4.571684
31240 15.6200 -0.840750 4.595535
31250 15.6250 -0.842279 4.619392
31260 15.6300 -0.844019 4.646385
31270 15.6350 -0.845676 4.671943
31280 15.6400 -0.847358 4.697684
31290 15.6450 -0.848859 4.720498
31300 15.6500 -0.850115 4.739456
31310 15.6550 -0.850985 4.816013
31320 15.6600 -0.851598 4.825152
31330 15.6650 -0.851969 4.830666
31340 15.6700 -0.852211 4.834241
31350 15.6750 -0.852425 4.837407
31360 15.6800 -0.852617 4.840243
31370 15.6850 -0.852835 4.843451
31380 15.6900 -0.852882 4.844134
31390 15.6950 -0.852890 4.844251
31400 15.7000 -0.852952 4.845174
31410 15.7050 -0.853047 4.908243
31420 15.7100 -0.852996 4.907501
31430 15.7150 -0.853071 4.908595
31440 15.7200 -0.853012 4.907731
31450 15.7250 -0.852761 4.904032
31460 15.7300 -0.852428 4.899120
31470 15.7350 -0.852035 4.893304
31480 15.7400 -0.851445 4.884524
31490 15.7450 -0.850874 4.875986
31500 15.7500 -0.850299 4.867337
31510 15.7550 -0.849870 4.922145
31520 15.7600 -0.849278 4.913159
31530 15.7650 -0.848596 4.902721
31540 15.7700 -0.847833 4.890962
31550 15.7750 -0.847258 4.882058
31560 15.7800 -0.846967 4.877525
31570 15.7850 -0.846984 4.877792
31580 15.7900 -0.846928 4.876913
31590 15.7950 -0.846731 4.873841
31600 15.8000 -0.846630 4.872270
31610 15.8050 -0.846622 4.933345
31620 15.8100 -0.846776 4.935765
31630 15.8150 -0.847005 4.939333
31640 15.8200 -0.847503 4.947067
31650 15.8250 -0.848080 4.955979
31660 15.8300 -0.848924 4.968904
31670 15.8350 -0.849800 4.982181
31680 15.8400 -0.850481 4.992414
31690 15.8450 -0.851072 5.001223
31700 15.8500 -0.851677 5.010158
31710 15.8550 -0.852400 5.079656
31720 15.8600 -0.853156 5.090612
31730 15.8650 -0.853995 5.102606
31740 15.8700 -0.854789 5.113822
31750 15.8750 -0.855613 5.125292
31760 15.8800 -0.856190 5.133232
31770 15.8850 -0.856640 5.139368
31780 15.8900 -0.857021 5.144524
31790 15.8950 -0.857290 5.148138
31800 15.9000 -0.857552 5.151651
31810 15.9050 -0.857830 5.211964
31820 15.9100 -0.858302 5.218203
31830 15.9150 -0.858604 5.222152
31840 15.9200 -0.858908 5.226110
31850 15.9250 -0.859397 5.232430
31860 15.9300 -0.859945 5.239411
31870 15.9350 -0.860346 5.244479
31880 15.9400 -0.860516 5.246600
31890 15.9450 -0.860397 5.245113
31900 15.9500 -0.860283 5.243683
31910 15.9550 -0.860039 5.295781
31920 15.9600 -0.859795 5.292680
31930 15.9650 -0.859682 5.291244
31940 15.9700 -0.859587 5.290024
31950 15.9750 -0.859577 5.289896
31960 15.9800 -0.859365 5.287181
31970 15.9850 -0.858894 5.281089
31980 15.9900 -0.858379 5.274343
31990 15.9950 -0.857911 5.268160
32000 16.0000 -0.857449 5.261972
32010 16.0050 -0.857120 5.312428
32020 16.0100 -0.857077 5.311845
32030 16.0150 -0.857241 5.314064
32040 16.0200 -0.857348 5.315516
32050 16.0250 -0.857489 5.317408
32060 16.0300 -0.857718 5.320469
32070 16.0350 -0.858110 5.325685
32080 16.0400 -0.858318 5.328431
32090 16.0450 -0.858409 5.329625
32100 16.0500 -0.858532 5.331242
32110 16.0550 -0.858680 5.387021
32120 16.0600 -0.858759 5.388046
32130 16.0650 -0.858747 5.387890
32140 16.0700 -0.858854 5.389278
32150 16.0750 -0.859043 5.391728
32160 16.0800 -0.859321 5.395307
32170 16.0850 -0.859500 5.397592
32180 16.0900 -0.859713 5.400302
32190 16.0950 -0.859911 5.402809
32200 16.1000 -0.860076 5.404881
32210 16.1050 -0.860330 5.460803
32220 16.1100 -0.860560 5.463655
32230 16.1150 -0.860657 5.464860
32240 16.1200 -0.860821 5.466876
32250 16.1250 -0.861089 5.470155
32260 16.1300 -0.861396 5.473873
32270 16.1350 -0.861615 5.476504
32280 16.1400 -0.861808 5.478796
32290 16.1450 -0.862126 5.482561
32300 16.1500 -0.862731 5.489615
32310 16.1550 -0.863580 5.550768
32320 16.1600 -0.864447 5.560310
32330 16.1650 -0.865396 5.570396
32340 16.1700 -0.866423 5.580877
32350 16.1750 -0.867280 5.589281
32360 16.1800 -0.868153 5.597521
32370 16.1850 -0.869071 5.605821
32380 16.1900 -0.869957 5.613493
32390 16.1950 -0.870896 5.621243
32400 16.2000 -0.871801 5.628348
32410 16.2050 -0.872543 5.683449
32420 16.2100 -0.873268 5.688626
32430 16.2150 -0.873862 5.692687
32440 16.2200 -0.874380 5.696093
32450 16.2250 -0.874918 5.699499
32460 16.2300 -0.875509 5.703089
32470 16.2350 -0.876140 5.706738
32480 16.2400 -0.877006 5.711455
32490 16.2450 -0.877797 5.715452
32500 16.2500 -0.878477 5.718664
32510 16.2550 -0.879141 5.769902
32520 16.2600 -0.879814 5.772652
32530 16.2650 -0.880508 5.775259
32540 16.2700 -0.881130 5.777401
32550 16.2750 -0.881743 5.779334
32560 16.2800 -0.882451 5.781346
32570 16.2850 -0.883261 5.783357
32580 16.2900 -0.883962 5.784854
32590 16.2950 -0.884609 5.786032
32600 16.3000 -0.885146 5.786865
32610 16.3050 -0.885808 5.835109
32620 16.3100 -0.886526 5.835788
32630 16.3150 -0.887451 5.836308
32640 16.3200 -0.888534 5.836416
32650 16.3250 -0.889456 5.836088
32660 16.3300 -0.890405 5.835354
32670 16.3350 -0.891505 5.834009
32680 16.3400 -0.892690 5.831979
32690 16.3450 -0.894196 5.828552
32700 16.3500 -0.895944 5.823427
32710 16.3550 -0.897665 5.864123
32720 16.3600 -0.899332 5.857011
32730 16.3650 -0.901008 5.848835
32740 16.3700 -0.902648 5.839900
32750 16.3750 -0.903963 5.832111
32760 16.3800 -0.905402 5.822992
32770 16.3850 -0.906898 5.812887
32780 16.3900 -0.908287 5.802983
32790 16.3950 -0.909480 5.794105
32800 16.4000 -0.910652 5.785083
32810 16.4050 -0.912041 5.821428
32820 16.4100 -0.913373 5.810437
32830 16.4150 -0.914708 5.799107
32840 16.4200 -0.916150 5.786543
32850 16.4250 -0.917756 5.772221
32860 16.4300 -0.919428 5.757005
32870 16.4350 -0.921146 5.741112
32880 16.4400 -0.922926 5.724474
32890 16.4450 -0.924660 5.708152
32900 16.4500 -0.926320 5.692501
32910 16.4550 -0.928045 5.724931
32920 16.4600 -0.929562 5.710694
32930 16.4650 -0.931155 5.695837
32940 16.4700 -0.932755 5.681060
32950 16.4750 -0.934283 5.667136
32960 16.4800 -0.935663 5.654750
32970 16.4850 -0.936755 5.645089
32980 16.4900 -0.937752 5.636394
32990 16.4950 -0.938629 5.628856
33000 16.5000 -0.939193 5.624059
33010 16.5050 -0.939500 5.671076
33020 16.5100 -0.939673 5.669621
33030 16.5150 -0.939803 5.668529
33040 16.5200 -0.939888 5.667817
33050 16.5250 -0.939962 5.667198
33060 16.5300 -0.939730 5.669145
33070 16.5350 -0.939529 5.670831
33080 16.5400 -0.939032 5.675038
33090 16.5450 -0.938219 5.681970
33100 16.5500 -0.937319 5.689735
33110 16.5550 -0.936512 5.745464
33120 16.5600 -0.935632 5.753189
33130 16.5650 -0.934637 5.761981
33140 16.5700 -0.933426 5.772762
33150 16.5750 -0.932099 5.784654
33160 16.5800 -0.930839 5.795998
33170 16.5850 -0.929584 5.807313
33180 16.5900 -0.928293 5.818964
33190 16.5950 -0.926987 5.830727
33200 16.6000 -0.925620 5.842971
33210 16.6050 -0.924239 5.901901
33220 16.6100 -0.923004 5.912729
33230 16.6150 -0.921879 5.922456
33240 16.6200 -0.920736 5.932176
33250 16.6250 -0.919629 5.941426
33260 16.6300 -0.918527 5.950452
33270 16.6350 -0.917604 5.957851
33280 16.6400 -0.916615 5.965609
33290 16.6450 -0.915656 5.972956
33300 16.6500 -0.914781 5.979483
33310 16.6550 -0.914129 6.029156
33320 16.6600 -0.913593 6.032990
33330 16.6650 -0.912911 6.037753
33340 16.6700 -0.912202 6.042573
33350 16.6750 -0.911413 6.047780
33360 16.6800 -0.910648 6.052654
33370 16.6850 -0.910165 6.055642
33380 16.6900 -0.909987 6.056729
33390 16.6950 -0.910010 6.056586
33400 16.7000 -0.910174 6.055589
33410 16.7050 -0.910551 6.097233
33420 16.7100 -0.911070 6.093953
33430 16.7150 -0.911868 6.088743
33440 16.7200 -0.912765 6.082667
33450 16.7250 -0.913931 6.074431
33460 16.7300 -0.915103 6.065778
33470 16.7350 -0.916180 6.057517
33480 16.7400 -0.917115 6.050130
33490 16.7450 -0.918020 6.042794
33500 16.7500 -0.918892 6.035559
33510 16.7550 -0.919722 6.072749
33520 16.7600 -0.920835 6.063100
33530 16.7650 -0.921895 6.053701
33540 16.7700 -0.923019 6.043525
33550 16.7750 -0.924161 6.032986
33560 16.7800 -0.925344 6.021874
33570 16.7850 -0.926721 6.008731
33580 16.7900 -0.928325 5.993181
33590 16.7950 -0.930177 5.974970
33600 16.8000 -0.932237 5.954498
33610 16.8050 -0.934240 5.979671
33620 16.8100 -0.936228 5.959663
33630 16.8150 -0.938115 5.940676
33640 16.8200 -0.939904 5.922752
33650 16.8250 -0.941556 5.906303
33660 16.8300 -0.942990 5.892138
33670 16.8350 -0.944341 5.878930
33680 16.8400 -0.945547 5.867256
33690 16.8450 -0.946677 5.856431
33700 16.8500 -0.947899 5.844867
33710 16.8550 -0.949155 5.879761
33720 16.8600 -0.950391 5.868351
33730 16.8650 -0.951476 5.858462
33740 16.8700 -0.952520 5.849056
33750 16.8750 -0.953570 5.839723
33760 16.8800 -0.954612 5.830582
33770 16.8850 -0.955795 5.820363
33780 16.8900 -0.956891 5.811040
33790 16.8950 -0.957960 5.802095
33800 16.9000 -0.958920 5.794187
33810 16.9050 -0.959824 5.834139
33820 16.9100 -0.960648 5.827519
33830 16.9150 -0.961339 5.822028
33840 16.9200 -0.962226 5.815058
33850 16.9250 -0.963019 5.808896
33860 16.9300 -0.963544 5.804861
33870 16.9350 -0.963688 5.803758
33880 16.9400 -0.963837 5.802622
33890 16.9450 -0.963825 5.802714
33900 16.9500 -0.963620 5.804276
33910 16.9550 -0.963334 5.853647
33920 16.9600 -0.962901 5.856974
33930 16.9650 -0.962367 5.861115
33940 16.9700 -0.961859 5.865070
33950 16.9750 -0.961422 5.868501
33960 16.9800 -0.960885 5.872734
33970 16.9850 -0.960364 5.876865
33980 16.9900 -0.959689 5.882255
33990 16.9950 -0.958909 5.888540
34000 17.0000 -0.957941 5.896421
34010 17.0050 -0.956873 5.951168
34020 17.0100 -0.955843 5.959701
34030 17.0150 -0.954812 5.968320
34040 17.0200 -0.953552 5.978936
34050 17.0250 -0.952390 5.988817
34060 17.0300 -0.951100 5.999870
34070 17.0350 -0.949608 6.012756
34080 17.0400 -0.948042 6.026380
34090 17.0450 -0.946359 6.041121
34100 17.0500 -0.944616 6.056457
34110 17.0550 -0.942648 6.117750
34120 17.0600 -0.940519 6.136428
34130 17.0650 -0.938372 6.155101
34140 17.0700 -0.935969 6.175717
34150 17.0750 -0.933480 6.196609
34160 17.0800 -0.930865 6.217894
34170 17.0850 -0.928196 6.238719
34180 17.0900 -0.925425 6.259165
34190 17.0950 -0.922728 6.277678
34200 17.1000 -0.920006 6.294735
34210 17.1050 -0.917371 6.350548
34220 17.1100 -0.914592 6.363778
34230 17.1150 -0.911667 6.374928
34240 17.1200 -0.908749 6.382947
34250 17.1250 -0.905496 6.387920
34260 17.1300 -0.902105 6.388307
34270 17.1350 -0.898780 6.383623
34280 17.1400 -0.895491 6.373806
34290 17.1450 -0.891959 6.357296
34300 17.1500 -0.888334 6.333753
34310 17.1550 -0.884758 6.344472
34320 17.1600 -0.881134 6.307159
34330 17.1650 -0.877546 6.263415
34340 17.1700 -0.874033 6.214183
34350 17.1750 -0.870466 6.157955
34360 17.1800 -0.866819 6.094307
34370 17.1850 -0.863206 6.025467
34380 17.1900 -0.859622 5.951932
34390 17.1950 -0.855713 5.866321
34400 17.2000 -0.851608 5.770993
34410 17.2050 -0.847577 5.720153
34420 17.2100 -0.843603 5.618863
34430 17.2150 -0.839901 5.521328
34440 17.2200 -0.836204 5.421320
34450 17.2250 -0.832546 5.320252
34460 17.2300 -0.829109 5.223633
34470 17.2350 -0.825230 5.113011
34480 17.2400 -0.821280 4.998897
34490 17.2450 -0.817360 4.884359
34500 17.2500 -0.813427 4.768271
34510 17.2550 -0.809632 4.717959
34520 17.2600 -0.805981 4.607574
34530 17.2650 -0.802453 4.499475
34540 17.2700 -0.799037 4.393417
34550 17.2750 -0.795766 4.290489
34560 17.2800 -0.792735 4.193813
34570 17.2850 -0.789820 4.099564
34580 17.2900 -0.787170 4.012762
34590 17.2950 -0.784622 3.928238
34600 17.3000 -0.782082 3.842921
34610 17.3050 -0.779707 3.843714
34620 17.3100 -0.777475 3.766686
34630 17.3150 -0.775371 3.693167
34640 17.3200 -0.773280 3.619227
34650 17.3250 -0.771223 3.545664
34660 17.3300 -0.769085 3.468309
34670 17.3350 -0.766900 3.388396
34680 17.3400 -0.764609 3.303671
34690 17.3450 -0.762283 3.216794
34700 17.3500 -0.759988 3.130246
34710 17.3550 -0.757580 3.138199
34720 17.3600 -0.755271 3.049413
34730 17.3650 -0.752963 2.959893
34740 17.3700 -0.750887 2.878870
34750 17.3750 -0.748882 2.800218
34760 17.3800 -0.746925 2.723166
34770 17.3850 -0.745159 2.653468
34780 17.3900 -0.743392 2.583626
34790 17.3950 -0.741839 2.522183
34800 17.4000 -0.740379 2.464465
34810 17.4050 -0.738983 2.529323
34820 17.4100 -0.737863 2.485040
34830 17.4150 -0.736868 2.445722
34840 17.4200 -0.735879 2.406695
34850 17.4250 -0.735121 2.376778
34860 17.4300 -0.734667 2.358893
34870 17.4350 -0.734507 2.352581
34880 17.4400 -0.734679 2.359371
34890 17.4450 -0.735035 2.373398
34900 17.4500 -0.735568 2.394427
34910 17.4550 -0.736192 2.541403
34920 17.4600 -0.736753 2.563556
34930 17.4650 -0.737373 2.587980
34940 17.4700 -0.737960 2.611100
34950 17.4750 -0.738733 2.641566
34960 17.4800 -0.739517 2.672422
34970 17.4850 -0.740444 2.708837
34980 17.4900 -0.741659 2.756530
34990 17.4950 -0.743080 2.812107
35000 17.5000 -0.744713 2.875725
35010 17.5050 -0.746492 3.051592
35020 17.5100 -0.748492 3.128330
35030 17.5150 -0.750693 3.211874
35040 17.5200 -0.753028 3.299318
35050 17.5250 -0.755543 3.391971
35060 17.5300 -0.758425 3.496155
35070 17.5350 -0.761625 3.609127
35080 17.5400 -0.764747 3.716469
35090 17.5450 -0.767675 3.814514
35100 17.5500 -0.770889 3.919129
35110 17.5550 -0.774087 4.099908
35120 17.5600 -0.777283 4.197411
35130 17.5650 -0.780504 4.292443
35140 17.5700 -0.783858 4.388127
35150 17.5750 -0.787121 4.478217
35160 17.5800 -0.790357 4.564898
35170 17.5850 -0.793652 4.650712
35180 17.5900 -0.797100 4.738165
35190 17.5950 -0.800548 4.823564
35200 17.6000 -0.804145 4.910797
35210 17.6050 -0.807536 5.052055
35220 17.6100 -0.810975 5.132466
35230 17.6150 -0.814482 5.213243
35240 17.6200 -0.817876 5.290454
35250 17.6250 -0.821399 5.369696
35260 17.6300 -0.825153 5.453234
35270 17.6350 -0.828805 5.533623
35280 17.6400 -0.832267 5.608962
35290 17.6450 -0.835547 5.679432
35300 17.6500 -0.838881 5.749989
35310 17.6550 -0.842092 5.864514
35320 17.6600 -0.845172 5.926874
35330 17.6650 -0.848136 5.985252
35340 17.6700 -0.850965 6.039246
35350 17.6750 -0.853581 6.087492
35360 17.6800 -0.856101 6.132263
35370 17.6850 -0.858383 6.171235
35380 17.6900 -0.860800 6.210762
35390 17.6950 -0.863322 6.249929
35400 17.7000 -0.865750 6.285510
35410 17.7050 -0.868055 6.358403
35420 17.7100 -0.870232 6.386304
35430 17.7150 -0.872031 6.407824
35440 17.7200 -0.873759 6.427155
35450 17.7250 -0.875233 6.442572
35460 17.7300 -0.876749 6.457382
35470 17.7350 -0.878125 6.469892
35480 17.7400 -0.879432 6.480954
35490 17.7450 -0.880689 6.490811
35500 17.7500 -0.881896 6.499563
35510 17.7550 -0.882754 6.544193
35520 17.7600 -0.883399 6.548300
35530 17.7650 -0.884087 6.552450
35540 17.7700 -0.884672 6.555790
35550 17.7750 -0.885189 6.558600
35560 17.7800 -0.885769 6.561590
35570 17.7850 -0.886265 6.564013
35580 17.7900 -0.887029 6.567502
35590 17.7950 -0.887794 6.570699
35600 17.8000 -0.888607 6.573779
35610 17.8050 -0.889478 6.614743
35620 17.8100 -0.890342 6.617255
35630 17.8150 -0.891187 6.619341
35640 17.8200 -0.892259 6.621464
35650 17.8250 -0.893549 6.623245
35660 17.8300 -0.894826 6.624183
35670 17.8350 -0.895978 6.624335
35680 17.8400 -0.896982 6.623936
35690 17.8450 -0.897853 6.623194
35700 17.8500 -0.898532 6.622364
35710 17.8550 -0.899086 6.659050
35720 17.8600 -0.899742 6.657861
35730 17.8650 -0.900357 6.656559
35740 17.8700 -0.900657 6.655858
35750 17.8750 -0.900917 6.655215
35760 17.8800 -0.900992 6.655023
35770 17.8850 -0.900926 6.655191
35780 17.8900 -0.900815 6.655469
35790 17.8950 -0.900483 6.656269
35800 17.9000 -0.900064 6.657202
35810 17.9050 -0.899541 6.695411
35820 17.9100 -0.898954 6.696421
35830 17.9150 -0.898151 6.697521
35840 17.9200 -0.897292 6.698338
35850 17.9250 -0.896620 6.698714
35860 17.9300 -0.895737 6.698853
35870 17.9350 -0.894439 6.698317
35880 17.9400 -0.892864 6.696473
35890 17.9450 -0.891197 6.693075
35900 17.9500 -0.889331 6.687493
35910 17.9550 -0.887222 6.715724
35920 17.9600 -0.885063 6.704308
35930 17.9650 -0.882893 6.690210
35940 17.9700 -0.880733 6.673566
35950 17.9750 -0.878571 6.654346
35960 17.9800 -0.876595 6.634552
35970 17.9850 -0.874700 6.613626
35980 17.9900 -0.872699 6.589507
35990 17.9950 -0.870455 6.560058
36000 18.0000 -0.868317 6.529721
36010 18.0050 -0.865935 6.531886
36020 18.0100 -0.863535 6.492625
36030 18.0150 -0.861097 6.450180
36040 18.0200 -0.858723 6.406559
36050 18.0250 -0.856458 6.362935
36060 18.0300 -0.854208 6.317823
36070 18.0350 -0.851822 6.268210
36080 18.0400 -0.849519 6.218736
36090 18.0450 -0.847397 6.171902
36100 18.0500 -0.845205 6.122387
36110 18.0550 -0.843060 6.116056
36120 18.0600 -0.840820 6.063343
36130 18.0650 -0.838603 6.010243
36140 18.0700 -0.836524 5.959702
36150 18.0750 -0.834594 5.912237
36160 18.0800 -0.832771 5.866940
36170 18.0850 -0.831026 5.823209
36180 18.0900 -0.829408 5.782364
36190 18.0950 -0.827754 5.740360
36200 18.1000 -0.825957 5.694449
36210 18.1050 -0.824176 5.697299
36220 18.1100 -0.822388 5.651006
36230 18.1150 -0.820881 5.611768
36240 18.1200 -0.819361 5.571989
36250 18.1250 -0.817668 5.527413
36260 18.1300 -0.815984 5.482858
36270 18.1350 -0.814166 5.434457
36280 18.1400 -0.812202 5.381831
36290 18.1450 -0.810018 5.322889
36300 18.1500 -0.807614 5.257411
36310 18.1550 -0.804874 5.236905
36320 18.1600 -0.802022 5.157158
36330 18.1650 -0.798983 5.070736
36340 18.1700 -0.795844 4.979744
36350 18.1750 -0.792809 4.889929
36360 18.1800 -0.789982 4.804446
36370 18.1850 -0.787273 4.720813
36380 18.1900 -0.784827 4.643686
36390 18.1950 -0.782606 4.572348
36400 18.2000 -0.780409 4.500402
36410 18.2050 -0.778327 4.498858
36420 18.2100 -0.776253 4.428305
36430 18.2150 -0.774126 4.354512
36440 18.2200 -0.771887 4.275219
36450 18.2250 -0.769563 4.191187
36460 18.2300 -0.767238 4.105354
36470 18.2350 -0.764907 4.017554
36480 18.2400 -0.762573 3.927908
36490 18.2450 -0.760458 3.845266
36500 18.2500 -0.758262 3.758053
36510 18.2550 -0.756149 3.756320
36520 18.2600 -0.753997 3.668115
36530 18.2650 -0.751940 3.582543
36540 18.2700 -0.749806 3.492631
36550 18.2750 -0.747805 3.407347
36560 18.2800 -0.745737 3.318337
36570 18.2850 -0.743659 3.228070
36580 18.2900 -0.741649 3.140084
36590 18.2950 -0.739653 3.052224
36600 18.3000 -0.737830 2.971637
36610 18.3050 -0.735920 2.991049
36620 18.3100 -0.733872 2.899822
36630 18.3150 -0.731895 2.811565
36640 18.3200 -0.730199 2.735840
36650 18.3250 -0.728895 2.677647
36660 18.3300 -0.727449 2.613177
36670 18.3350 -0.725971 2.547389
36680 18.3400 -0.724421 2.478654
36690 18.3450 -0.723109 2.420677
36700 18.3500 -0.721820 2.363946
36710 18.3550 -0.720820 2.443521
36720 18.3600 -0.719923 2.404246
36730 18.3650 -0.719071 2.367124
36740 18.3700 -0.718198 2.329173
36750 18.3750 -0.717507 2.299201
36760 18.3800 -0.716902 2.273046
36770 18.3850 -0.716462 2.254061
36780 18.3900 -0.716222 2.243764
36790 18.3950 -0.715963 2.232630
36800 18.4000 -0.715732 2.222700
36810 18.4050 -0.715714 2.350296
36820 18.4100 -0.715881 2.357497
36830 18.4150 -0.716112 2.367396
36840 18.4200 -0.716352 2.377726
36850 18.4250 -0.716618 2.389187
36860 18.4300 -0.717017 2.406392
36870 18.4350 -0.717431 2.424223
36880 18.4400 -0.717810 2.440612
36890 18.4450 -0.718342 2.463642
36900 18.4500 -0.718805 2.483680
36910 18.4550 -0.719097 2.615700
36920 18.4600 -0.719386 2.628237
36930 18.4650 -0.719703 2.641985
36940 18.4700 -0.720077 2.658244
36950 18.4750 -0.720420 2.673122
36960 18.4800 -0.720673 2.684088
36970 18.4850 -0.721179 2.706097
36980 18.4900 -0.721730 2.730024
36990 18.4950 -0.722096 2.745962
37000 18.5000 -0.722503 2.763609
37010 18.5050 -0.723243 2.906145
37020 18.5100 -0.723872 2.933444
37030 18.5150 -0.724258 2.950230
37040 18.5200 -0.724660 2.967642
37050 18.5250 -0.725226 2.992162
37060 18.5300 -0.725824 3.018042
37070 18.5350 -0.726313 3.039169
37080 18.5400 -0.726795 3.059971
37090 18.5450 -0.727341 3.083497
37100 18.5500 -0.727837 3.104857
37110 18.5550 -0.728196 3.220592
37120 18.5600 -0.728499 3.233618
37130 18.5650 -0.728913 3.251358
37140 18.5700 -0.729484 3.275795
37150 18.5750 -0.729993 3.297505
37160 18.5800 -0.730510 3.319510
37170 18.5850 -0.730849 3.333886
37180 18.5900 -0.730754 3.329878
37190 18.5950 -0.730584 3.322644
37200 18.6000 -0.730365 3.313328
37210 18.6050 -0.730221 3.401841
37220 18.6100 -0.730194 3.400698
37230 18.6150 -0.730156 3.399106
37240 18.6200 -0.730079 3.395819
37250 18.6250 -0.729984 3.391759
37260 18.6300 -0.730050 3.394557
37270 18.6350 -0.729978 3.391491
37280 18.6400 -0.729718 3.380423
37290 18.6450 -0.729116 3.354672
37300 18.6500 -0.728086 3.310451
37310 18.6550 -0.727096 3.362439
37320 18.6600 -0.726324 3.328907
37330 18.6650 -0.725671 3.300505
37340 18.6700 -0.725239 3.281621
37350 18.6750 -0.724686 3.257439
37360 18.6800 -0.724346 3.242538
37370 18.6850 -0.723934 3.224432
37380 18.6900 -0.723725 3.215283
37390 18.6950 -0.723501 3.205403
37400 18.7000 -0.723395 3.200755
37410 18.7050 -0.723236 3.291413
37420 18.7100 -0.723082 3.284611
37430 18.7150 -0.722744 3.269695
37440 18.7200 -0.722375 3.253400
37450 18.7250 -0.721819 3.228773
37460 18.7300 -0.721057 3.194917
37470 18.7350 -0.720125 3.153400
37480 18.7400 -0.719212 3.112570
37490 18.7450 -0.718376 3.075122
37500 18.7500 -0.717370 3.029931
37510 18.7550 -0.716573 3.096490
37520 18.7600 -0.715869 3.064680
37530 18.7650 -0.714966 3.023853
37540 18.7700 -0.713890 2.975109
37550 18.7750 -0.712717 2.921839
37560 18.7800 -0.711375 2.860829
37570 18.7850 -0.709979 2.797286
37580 18.7900 -0.708406 2.725678
37590 18.7950 -0.706795 2.652429
37600 18.8000 -0.705361 2.587341
37610 18.8050 -0.703876 2.636054
37620 18.8100 -0.702636 2.579963
37630 18.8150 -0.701300 2.519745
37640 18.8200 -0.700062 2.464143
37650 18.8250 -0.698922 2.413104
37660 18.8300 -0.697836 2.364687
37670 18.8350 -0.696681 2.313418
37680 18.8400 -0.695580 2.264793
37690 18.8450 -0.694467 2.215888
37700 18.8500 -0.693384 2.168616
37710 18.8550 -0.692258 2.250115
37720 18.8600 -0.691271 2.207524
37730 18.8650 -0.690329 2.167055
37740 18.8700 -0.689499 2.131630
37750 18.8750 -0.688912 2.106659
37760 18.8800 -0.688273 2.079610
37770 18.8850 -0.687597 2.051091
37780 18.8900 -0.686793 2.017383
37790 18.8950 -0.686060 1.986808
37800 18.9000 -0.685319 1.956060
37810 18.9050 -0.684626 2.065797
37820 18.9100 -0.684171 2.047119
37830 18.9150 -0.683963 2.038565
37840 18.9200 -0.683746 2.029700
37850 18.9250 -0.683595 2.023539
37860 18.9300 -0.683741 2.029503
37870 18.9350 -0.683858 2.034282
37880 18.9400 -0.683876 2.035030
37890 18.9450 -0.683915 2.036633
37900 18.9500 -0.684132 2.045500
37910 18.9550 -0.684504 2.195695
37920 18.9600 -0.684634 2.201053
37930 18.9650 -0.684892 2.211656
37940 18.9700 -0.685045 2.217951
37950 18.9750 -0.685132 2.221566
37960 18.9800 -0.685228 2.225531
37970 18.9850 -0.685364 2.231123
37980 18.9900 -0.685395 2.232411
37990 18.9950 -0.685459 2.235059
38000 19.0000 -0.685658 2.243302
38010 19.0050 -0.685918 2.381677
38020 19.0100 -0.686150 2.391289
38030 19.0150 -0.686321 2.398380
38040 19.0200 -0.686406 2.401903
38050 19.0250 -0.686630 2.411203
38060 19.0300 -0.686993 2.426288
38070 19.0350 -0.687534 2.448812
38080 19.0400 -0.688325 2.481792
38090 19.0450 -0.689326 2.523623
38100 19.0500 -0.690423 2.569629
38110 19.0550 -0.691601 2.735622
38120 19.0600 -0.692984 2.793800
38130 19.0650 -0.694462 2.855956
38140 19.0700 -0.695856 2.914557
38150 19.0750 -0.697437 2.980949
38160 19.0800 -0.698867 3.040873
38170 19.0850 -0.700090 3.092040
38180 19.0900 -0.701379 3.145754
38190 19.0950 -0.702650 3.198583
38200 19.1000 -0.703939 3.251903
38210 19.1050 -0.705178 3.399187
38220 19.1100 -0.706507 3.453523
38230 19.1150 -0.707887 3.509550
38240 19.1200 -0.709079 3.557565
38250 19.1250 -0.710085 3.597777
38260 19.1300 -0.711028 3.635233
38270 19.1350 -0.711799 3.665674
38280 19.1400 -0.712749 3.702946
38290 19.1450 -0.713807 3.744115
38300 19.1500 -0.714957 3.788452
38310 19.1550 -0.715945 3.909061
38320 19.1600 -0.716937 3.946595
38330 19.1650 -0.717920 3.983395
38340 19.1700 -0.718718 4.012979
38350 19.1750 -0.719438 4.039446
38360 19.1800 -0.720068 4.062429
38370 19.1850 -0.720685 4.084781
38380 19.1900 -0.721304 4.107050
38390 19.1950 -0.721693 4.120943
38400 19.2000 -0.722055 4.133840
38410 19.2050 -0.722199 4.214208
38420 19.2100 -0.722234 4.215416
38430 19.2150 -0.722338 4.219111
38440 19.2200 -0.722631 4.229448
38450 19.2250 -0.722846 4.237023
38460 19.2300 -0.722952 4.240742
38470 19.2350 -0.723046 4.244039
38480 19.2400 -0.723215 4.249946
38490 19.2450 -0.723404 4.256569
38500 19.2500 -0.723775 4.269455
38510 19.2550 -0.723861 4.344873
38520 19.2600 -0.723731 4.340389
38530 19.2650 -0.723506 4.332560
38540 19.2700 -0.723302 4.325427
38550 19.2750 -0.723068 4.317247
38560 19.2800 -0.722849 4.309571
38570 19.2850 -0.722495 4.297098
38580 19.2900 -0.722275 4.289315
38590 19.2950 -0.721925 4.276880
38600 19.3000 -0.721718 4.269472
38610 19.3050 -0.721778 4.344083
38620 19.3100 -0.721865 4.347182
38630 19.3150 -0.721721 4.342048
38640 19.3200 -0.721464 4.332854
38650 19.3250 -0.721160 4.321932
38660 19.3300 -0.720759 4.307440
38670 19.3350 -0.720164 4.285793
38680 19.3400 -0.719717 4.269412
38690 19.3450 -0.719203 4.250455
38700 19.3500 -0.718664 4.230448
38710 19.3550 -0.718150 4.284460
38720 19.3600 -0.717654 4.265778
38730 19.3650 -0.717085 4.244171
38740 19.3700 -0.716286 4.213570
38750 19.3750 -0.715254 4.173587
38760 19.3800 -0.713987 4.123809
38770 19.3850 -0.712700 4.072476
38780 19.3900 -0.711244 4.013493
38790 19.3950 -0.709596 3.945625
38800 19.4000 -0.707588 3.861440
38810 19.4050 -0.705217 3.841183
38820 19.4100 -0.702422 3.718986
38830 19.4150 -0.699292 3.579115
38840 19.4200 -0.695967 3.427703
38850 19.4250 -0.692455 3.265375
38860 19.4300 -0.688716 3.090722
38870 19.4350 -0.685054 2.918870
38880 19.4400 -0.681231 2.739640
38890 19.4450 -0.677189 2.551542
38900 19.4500 -0.672839 2.352156
38910 19.4550 -0.668556 2.283620
38920 19.4600 -0.664301 2.097234
38930 19.4650 -0.659997 1.914703
38940 19.4700 -0.655773 1.742392
38950 19.4750 -0.651577 1.578879
38960 19.4800 -0.647114 1.414030
38970 19.4850 -0.642755 1.262683
38980 19.4900 -0.638544 1.126004
38990 19.4950 -0.634332 0.998858
39000 19.5000 -0.630305 0.886384
39010 19.5050 -0.626533 0.975057
39020 19.5100 -0.623034 0.890183
39030 19.5150 -0.619730 0.815166
39040 19.5200 -0.616484 0.746187
39050 19.5250 -0.613151 0.680070
39060 19.5300 -0.610200 0.625428
39070 19.5350 -0.607468 0.577953
39080 19.5400 -0.604829 0.534847
39090 19.5450 -0.602203 0.494531
39100 19.5500 -0.599816 0.460030
39110 19.5550 -0.597585 0.639537
39120 19.5600 -0.595531 0.612399
39130 19.5650 -0.593886 0.591392
39140 19.5700 -0.592588 0.575259
39150 19.5750 -0.591547 0.562587
39160 19.5800 -0.590777 0.553375
39170 19.5850 -0.590413 0.549064
39180 19.5900 -0.590188 0.546415
39190 19.5950 -0.590293 0.547648
39200 19.6000 -0.590477 0.549815
39210 19.6050 -0.590637 0.756669
39220 19.6100 -0.590988 0.760834
39230 19.6150 -0.591518 0.767153
39240 19.6200 -0.592182 0.775125
39250 19.6250 -0.592829 0.782948
39260 19.6300 -0.593614 0.792536
39270 19.6350 -0.594619 0.804925
39280 19.6400 -0.595740 0.818934
39290 19.6450 -0.596985 0.834726
39300 19.6500 -0.598319 0.851932
39310 19.6550 -0.599874 1.060642
39320 19.6600 -0.601551 1.082893
39330 19.6650 -0.603364 1.107329
39340 19.6700 -0.605245 1.133146
39350 19.6750 -0.607526 1.165168
39360 19.6800 -0.609789 1.197803
39370 19.6850 -0.612120 1.232411
39380 19.6900 -0.614468 1.268406
39390 19.6950 -0.616928 1.307479
39400 19.7000 -0.619310 1.346774
39410 19.7050 -0.621806 1.553424
39420 19.7100 -0.624436 1.599908
39430 19.7150 -0.627008 1.647074
39440 19.7200 -0.629503 1.694599
39450 19.7250 -0.632056 1.745158
39460 19.7300 -0.634429 1.794044
39470 19.7350 -0.636619 1.840880
39480 19.7400 -0.639106 1.896133
39490 19.7450 -0.641509 1.951710
39500 19.7500 -0.643652 2.003146
39510 19.7550 -0.645748 2.191606
39520 19.7600 -0.647933 2.247401
39530 19.7650 -0.650225 2.307746
39540 19.7700 -0.652649 2.373595
39550 19.7750 -0.654785 2.433372
39560 19.7800 -0.656888 2.493856
39570 19.7850 -0.658936 2.554233
39580 19.7900 -0.660868 2.612572
39590 19.7950 -0.662365 2.658631
39600 19.8000 -0.663772 2.702602
39610 19.8050 -0.665013 2.854179
39620 19.8100 -0.665909 2.882793
39630 19.8150 -0.666755 2.910028
39640 19.8200 -0.667509 2.934458
39650 19.8250 -0.668094 2.953507
39660 19.8300 -0.668517 2.967355
39670 19.8350 -0.668682 2.972746
39680 19.8400 -0.668863 2.978709
39690 19.8450 -0.668955 2.981711
39700 19.8500 -0.668918 2.980490
39710 19.8550 -0.668559 3.072602
39720 19.8600 -0.667875 3.050240
39730 19.8650 -0.667141 3.026341
39740 19.8700 -0.666030 2.990384
39750 19.8750 -0.664696 2.947597
39760 19.8800 -0.663119 2.897562
39770 19.8850 -0.661348 2.842076
39780 19.8900 -0.659303 2.779029
39790 19.8950 -0.657111 2.712669
39800 19.9000 -0.654914 2.647450
39810 19.9050 -0.652653 2.695677
39820 19.9100 -0.650543 2.635342
39830 19.9150 -0.648337 2.573429
39840 19.9200 -0.646296 2.517167
39850 19.9250 -0.644128 2.458512
39860 19.9300 -0.641963 2.401059
39870 19.9350 -0.639843 2.345875
39880 19.9400 -0.637808 2.293856
39890 19.9450 -0.635947 2.247083
39900 19.9500 -0.634027 2.199635
39910 19.9550 -0.631995 2.279388
39920 19.9600 -0.629956 2.230385
39930 19.9650 -0.628127 2.186921
39940 19.9700 -0.626548 2.149778
39950 19.9750 -0.625052 2.114883
39960 19.9800 -0.623805 2.086002
39970 19.9850 -0.622671 2.059905
39980 19.9900 -0.621672 2.037030
39990 19.9950 -0.620741 2.015827
40000 20.0000 -0.620089 2.001008
40010 20.0050 -0.619592 2.126358
40020 20.0100 -0.619162 2.116624
40030 20.0150 -0.618845 2.109455
40040 20.0200 -0.618677 2.105667
40050 20.0250 -0.618681 2.105757
40060 20.0300 -0.618787 2.108155
40070 20.0350 -0.618982 2.112565
40080 20.0400 -0.619560 2.125630
40090 20.0450 -0.620430 2.145362
40100 20.0500 -0.621172 2.162192
40110 20.0550 -0.621852 2.308235
40120 20.0600 -0.622797 2.329713
40130 20.0650 -0.623860 2.353874
40140 20.0700 -0.624958 2.378847
40150 20.0750 -0.625908 2.400475
40160 20.0800 -0.626952 2.424274
40170 20.0850 -0.627757 2.442633
40180 20.0900 -0.628625 2.462461
40190 20.0950 -0.629458 2.481514
40200 20.1000 -0.630293 2.500660
40210 20.1050 -0.631242 2.641197
40220 20.1100 -0.632040 2.659499
40230 20.1150 -0.632868 2.678476
40240 20.1200 -0.633487 2.692682
40250 20.1250 -0.634174 2.708428
40260 20.1300 -0.634769 2.722085
40270 20.1350 -0.635469 2.738164
40280 20.1400 -0.636289 2.757028
40290 20.1450 -0.637005 2.773493
40300 20.1500 -0.637716 2.789885
40310 20.1550 -0.638501 2.917539
40320 20.1600 -0.639649 2.943997
40330 20.1650 -0.640798 2.970472
40340 20.1700 -0.641930 2.996586
40350 20.1750 -0.642963 3.020438
40360 20.1800 -0.643719 3.037900
40370 20.1850 -0.644424 3.054185
40380 20.1900 -0.645231 3.072872
40390 20.1950 -0.646172 3.094686
40400 20.2000 -0.647161 3.117645
40410 20.2050 -0.648373 3.245779
40420 20.2100 -0.649550 3.273163
40430 20.2150 -0.650565 3.296780
40440 20.2200 -0.651474 3.317971
40450 20.2250 -0.652229 3.335570
40460 20.2300 -0.652935 3.352064
40470 20.2350 -0.653566 3.366798
40480 20.2400 -0.654192 3.381449
40490 20.2450 -0.654827 3.396320
40500 20.2500 -0.655473 3.411463
40510 20.2550 -0.656103 3.518342
40520 20.2600 -0.656857 3.536020
40530 20.2650 -0.657503 3.551204
40540 20.2700 -0.658239 3.568485
40550 20.2750 -0.659065 3.587891
40560 20.2800 -0.659847 3.606279
40570 20.2850 -0.660563 3.623145
40580 20.2900 -0.661327 3.641145
40590 20.2950 -0.662307 3.664255
40600 20.3000 -0.663311 3.687956
40610 20.3050 -0.664325 3.797133
40620 20.3100 -0.665580 3.826781
40630 20.3150 -0.666820 3.856090
40640 20.3200 -0.667998 3.883918
40650 20.3250 -0.669158 3.911340
40660 20.3300 -0.670397 3.940627
40670 20.3350 -0.671659 3.970488
40680 20.3400 -0.672664 3.994267
40690 20.3450 -0.673562 4.015496
40700 20.3500 -0.674403 4.035401
40710 20.3550 -0.675138 4.130140
40720 20.3600 -0.675737 4.144289
40730 20.3650 -0.676199 4.155216
40740 20.3700 -0.676613 4.164990
40750 20.3750 -0.676791 4.169185
40760 20.3800 -0.677040 4.175070
40770 20.3850 -0.677397 4.183485
40780 20.3900 -0.677691 4.190416
40790 20.3950 -0.678029 4.198377
40800 20.4000 -0.678333 4.205546
40810 20.4050 -0.678557 4.284562
40820 20.4100 -0.678890 4.292399
40830 20.4150 -0.679212 4.299975
40840 20.4200 -0.679488 4.306434
40850 20.4250 -0.679619 4.309524
40860 20.4300 -0.679895 4.315986
40870 20.4350 -0.680290 4.325257
40880 20.4400 -0.680734 4.335647
40890 20.4450 -0.681141 4.345139
40900 20.4500 -0.681444 4.352216
40910 20.4550 -0.681628 4.427302
40920 20.4600 -0.681675 4.428396
40930 20.4650 -0.681708 4.429182
40940 20.4700 -0.681717 4.429389
40950 20.4750 -0.681729 4.429666
40960 20.4800 -0.681503 4.424400
40970 20.4850 -0.681269 4.418930
40980 20.4900 -0.680831 4.408695
40990 20.4950 -0.680205 4.394039
41000 20.5000 -0.679475 4.376878
41010 20.5050 -0.678539 4.425118
41020 20.5100 -0.677568 4.402085
41030 20.5150 -0.676509 4.376868
41040 20.5200 -0.675562 4.354211
41050 20.5250 -0.674531 4.329416
41060 20.5300 -0.673209 4.297439
41070 20.5350 -0.672038 4.268954
41080 20.5400 -0.670682 4.235810
41090 20.5450 -0.669291 4.201585
41100 20.5500 -0.667820 4.165187
41110 20.5550 -0.666417 4.204809
41120 20.5600 -0.665157 4.173181
41130 20.5650 -0.663739 4.137335
41140 20.5700 -0.662019 4.093502
41150 20.5750 -0.660206 4.046848
41160 20.5800 -0.658347 3.998591
41170 20.5850 -0.656211 3.942564
41180 20.5900 -0.653902 3.881294
41190 20.5950 -0.651702 3.822236
41200 20.6000 -0.649256 3.755813
41210 20.6050 -0.646826 3.772543
41220 20.6100 -0.644484 3.707080
41230 20.6150 -0.642084 3.639020
41240 20.6200 -0.639540 3.565764
41250 20.6250 -0.636910 3.488875
41260 20.6300 -0.634429 3.415253
41270 20.6350 -0.632040 3.343363
41280 20.6400 -0.629510 3.266248
41290 20.6450 -0.626890 3.185287
41300 20.6500 -0.624264 3.103074
41310 20.6550 -0.621852 3.126994
41320 20.6600 -0.619639 3.055918
41330 20.6650 -0.617622 2.990424
41340 20.6700 -0.615781 2.930130
41350 20.6750 -0.614068 2.873567
41360 20.6800 -0.612393 2.817896
41370 20.6850 -0.610894 2.767756
41380 20.6900 -0.609758 2.729606
41390 20.6950 -0.609082 2.706866
41400 20.7000 -0.608475 2.686367
41410 20.7050 -0.608142 2.787906
41420 20.7100 -0.608073 2.785568
41430 20.7150 -0.608007 2.783350
41440 20.7200 -0.607880 2.779057
41450 20.7250 -0.607771 2.775342
41460 20.7300 -0.607765 2.775135
41470 20.7350 -0.607748 2.774577
41480 20.7400 -0.607742 2.774381
41490 20.7450 -0.607773 2.775431
41500 20.7500 -0.607775 2.775490
41510 20.7550 -0.607958 2.891696
41520 20.7600 -0.608421 2.907334
41530 20.7650 -0.608924 2.924288
41540 20.7700 -0.609571 2.946013
41550 20.7750 -0.610361 2.972449
41560 20.7800 -0.611379 3.006325
41570 20.7850 -0.612631 3.047713
41580 20.7900 -0.613860 3.088007
41590 20.7950 -0.615291 3.134501
41600 20.8000 -0.616750 3.181411
41610 20.8050 -0.618341 3.330184
41620 20.8100 -0.620136 3.386390
41630 20.8150 -0.622034 3.444791
41640 20.8200 -0.623858 3.499903
41650 20.8250 -0.625815 3.557969
41660 20.8300 -0.628113 3.624665
41670 20.8350 -0.630419 3.690022
41680 20.8400 -0.632766 3.754885
41690 20.8450 -0.635022 3.815691
41700 20.8500 -0.637243 3.874082
41710 20.8550 -0.639485 4.012423
41720 20.8600 -0.641805 4.070203
41730 20.8650 -0.644165 4.127310
41740 20.8700 -0.646622 4.185011
41750 20.8750 -0.649139 4.242376
41760 20.8800 -0.651762 4.300360
41770 20.8850 -0.654458 4.358146
41780 20.8900 -0.657071 4.412493
41790 20.8950 -0.659685 4.465337
41800 20.9000 -0.662439 4.519479
41810 20.9050 -0.665223 4.640194
41820 20.9100 -0.668182 4.694961
41830 20.9150 -0.671271 4.750343
41840 20.9200 -0.674150 4.800456
41850 20.9250 -0.677078 4.850027
41860 20.9300 -0.679995 4.898085
41870 20.9350 -0.682846 4.943838
41880 20.9400 -0.685677 4.988118
41890 20.9450 -0.688444 5.030334
41900 20.9500 -0.691040 5.068992
41910 20.9550 -0.693574 5.163693
41920 20.9600 -0.696039 5.198451
41930 20.9650 -0.698544 5.232761
41940 20.9700 -0.700998 5.265349
41950 20.9750 -0.703576 5.298461
41960 20.9800 -0.706174 5.330645
41970 20.9850 -0.708920 5.363301
41980 20.9900 -0.711608 5.393900
41990 20.9950 -0.714014 5.420073
42000 21.0000 -0.716401 5.444892
42010 21.0050 -0.718635 5.519165
42020 21.0100 -0.720808 5.539560
42030 21.0150 -0.722821 5.557469
42040 21.0200 -0.724943 5.575299
42050 21.0250 -0.727098 5.592302
42060 21.0300 -0.729159 5.607520
42070 21.0350 -0.731211 5.621660
42080 21.0400 -0.733391 5.635591
42090 21.0450 -0.735526 5.648145
42100 21.0500 -0.737647 5.659570
42110 21.0550 -0.739688 5.718691
42120 21.0600 -0.741640 5.727328
42130 21.0650 -0.743809 5.735893
42140 21.0700 -0.746296 5.744442
42150 21.0750 -0.748992 5.752273
42160 21.0800 -0.751673 5.758698
42170 21.0850 -0.754253 5.763729
42180 21.0900 -0.756754 5.767660
42190 21.0950 -0.759419 5.770984
42200 21.1000 -0.761969 5.773489
42210 21.1050 -0.764537 5.823037
42220 21.1100 -0.766956 5.824484
42230 21.1150 -0.769384 5.825701
42240 21.1200 -0.771626 5.826758
42250 21.1250 -0.773819 5.827858
42260 21.1300 -0.775916 5.829087
42270 21.1350 -0.777775 5.830410
42280 21.1400 -0.779414 5.831822
42290 21.1450 -0.780911 5.833356
42300 21.1500 -0.782106 5.834777
42310 21.1550 -0.782941 5.882648
42320 21.1600 -0.783523 5.883466
42330 21.1650 -0.783987 5.884151
42340 21.1700 -0.784546 5.885016
42350 21.1750 -0.784985 5.885726
42360 21.1800 -0.785114 5.885940
42370 21.1850 -0.784989 5.885732
42380 21.1900 -0.784725 5.885301
42390 21.1950 -0.784328 5.884674
42400 21.2000 -0.783975 5.884134
42410 21.2050 -0.783727 5.929894
42420 21.2100 -0.783397 5.929413
42430 21.2150 -0.782930 5.928754
42440 21.2200 -0.782458 5.928112
42450 21.2250 -0.781721 5.927152
42460 21.2300 -0.780945 5.926199
42470 21.2350 -0.780101 5.925221
42480 21.2400 -0.779165 5.924199
42490 21.2450 -0.777997 5.923003
42500 21.2500 -0.776590 5.921655
42510 21.2550 -0.775105 5.965939
42520 21.2600 -0.773380 5.964354
42530 21.2650 -0.771641 5.962698
42540 21.2700 -0.769702 5.960714
42550 21.2750 -0.767740 5.958478
42560 21.2800 -0.765777 5.955929
42570 21.2850 -0.763883 5.953102
42580 21.2900 -0.762052 5.949961
42590 21.2950 -0.760157 5.946224
42600 21.3000 -0.758061 5.941443
42610 21.3050 -0.755932 5.981167
42620 21.3100 -0.753652 5.974050
42630 21.3150 -0.751241 5.965258
42640 21.3200 -0.748707 5.954526
42650 21.3250 -0.746162 5.942117
42660 21.3300 -0.743619 5.928025
42670 21.3350 -0.741242 5.913264
42680 21.3400 -0.738862 5.896922
42690 21.3450 -0.736361 5.878034
42700 21.3500 -0.733810 5.856956
42710 21.3550 -0.731214 5.880039
42720 21.3600 -0.728488 5.853318
42730 21.3650 -0.725670 5.823410
42740 21.3700 -0.722886 5.791645
42750 21.3750 -0.720162 5.758498
42760 21.3800 -0.717543 5.724785
42770 21.3850 -0.714651 5.685533
42780 21.3900 -0.711449 5.639741
42790 21.3950 -0.708030 5.588325
42800 21.4000 -0.704705 5.535991
42810 21.4050 -0.701396 5.532539
42820 21.4100 -0.697965 5.473971
42830 21.4150 -0.694641 5.415180
42840 21.4200 -0.691087 5.350254
42850 21.4250 -0.687484 5.282356
42860 21.4300 -0.683924 5.213317
42870 21.4350 -0.680317 5.141473
42880 21.4400 -0.676680 5.067078
42890 21.4450 -0.672802 4.985580
42900 21.4500 -0.669108 4.905762
42910 21.4550 -0.665476 4.885580
42920 21.4600 -0.661974 4.805142
42930 21.4650 -0.658502 4.722798
42940 21.4700 -0.655132 4.640237
42950 21.4750 -0.651867 4.557629
42960 21.4800 -0.648672 4.474179
42970 21.4850 -0.645693 4.393888
42980 21.4900 -0.642821 4.314134
42990 21.4950 -0.640224 4.239985
43000 21.5000 -0.637922 4.172602
43010 21.5050 -0.635983 4.188977
43020 21.5100 -0.634238 4.135685
43030 21.5150 -0.632534 4.082634
43040 21.5200 -0.630673 4.023610
43050 21.5250 -0.629001 3.969613
43060 21.5300 -0.627234 3.911522
43070 21.5350 -0.625506 3.853765
43080 21.5400 -0.623681 3.791687
43090 21.5450 -0.622003 3.733694
43100 21.5500 -0.620417 3.678099
43110 21.5550 -0.618919 3.710299
43120 21.5600 -0.617560 3.661341
43130 21.5650 -0.616141 3.609599
43140 21.5700 -0.614834 3.561428
43150 21.5750 -0.613256 3.502553
43160 21.5800 -0.611454 3.434462
43170 21.5850 -0.609656 3.365635
43180 21.5900 -0.607934 3.299000
43190 21.5950 -0.606471 3.241822
43200 21.6000 -0.605122 3.188692
43210 21.6050 -0.603950 3.240192
43220 21.6100 -0.602709 3.190632
43230 21.6150 -0.601682 3.149364
43240 21.6200 -0.600640 3.107283
43250 21.6250 -0.599568 3.063811
43260 21.6300 -0.598384 3.015546
43270 21.6350 -0.596996 2.958688
43280 21.6400 -0.595542 2.898904
43290 21.6450 -0.594276 2.846636
43300 21.6500 -0.593154 2.800185
43310 21.6550 -0.592103 2.865780
43320 21.6600 -0.591013 2.820421
43330 21.6650 -0.589791 2.769459
43340 21.6700 -0.588603 2.719829
43350 21.6750 -0.587286 2.664710
43360 21.6800 -0.585808 2.602826
43370 21.6850 -0.584331 2.540996
43380 21.6900 -0.582959 2.483620
43390 21.6950 -0.581638 2.428425
43400 21.7000 -0.580439 2.378445
43410 21.7050 -0.579496 2.462129
43420 21.7100 -0.578711 2.429505
43430 21.7150 -0.578031 2.401275
43440 21.7200 -0.577538 2.380834
43450 21.7250 -0.577271 2.369761
43460 21.7300 -0.577159 2.365091
43470 21.7350 -0.576990 2.358127
43480 21.7400 -0.576883 2.353699
43490 21.7450 -0.576980 2.357692
43500 21.7500 -0.577083 2.361977
43510 21.7550 -0.577099 2.486108
43520 21.7600 -0.576983 2.481306
43530 21.7650 -0.576881 2.477100
43540 21.7700 -0.576566 2.464033
43550 21.7750 -0.576196 2.448763
43560 21.7800 -0.575735 2.429682
43570 21.7850 -0.575257 2.409918
43580 21.7900 -0.574927 2.396327
43590 21.7950 -0.574606 2.383079
43600 21.8000 -0.574246 2.368237
43610 21.8050 -0.573876 2.476249
43620 21.8100 -0.573359 2.454957
43630 21.8150 -0.572885 2.435478
43640 21.8200 -0.572287 2.410889
43650 21.8250 -0.571616 2.383322
43660 21.8300 -0.570798 2.349762
43670 21.8350 -0.569836 2.310426
43680 21.8400 -0.568895 2.272020
43690 21.8450 -0.567920 2.232342
43700 21.8500 -0.566992 2.194694
43710 21.8550 -0.565967 2.282657
43720 21.8600 -0.564976 2.242745
43730 21.8650 -0.564099 2.207499
43740 21.8700 -0.563409 2.179852
43750 21.8750 -0.562694 2.151313
43760 21.8800 -0.561925 2.120683
43770 21.8850 -0.561205 2.092115
43780 21.8900 -0.560573 2.067134
43790 21.8950 -0.560164 2.050989
43800 21.9000 -0.559723 2.033643
43810 21.9050 -0.559415 2.156894
43820 21.9100 -0.559155 2.146698
43830 21.9150 -0.558957 2.138944
43840 21.9200 -0.558908 2.137010
43850 21.9250 -0.558947 2.138540
43860 21.9300 -0.559089 2.144111
43870 21.9350 -0.559226 2.149506
43880 21.9400 -0.559274 2.151383
43890 21.9450 -0.559303 2.152529
43900 21.9500 -0.559362 2.154843
43910 21.9550 -0.559402 2.287243
43920 21.9600 -0.559444 2.288888
43930 21.9650 -0.559401 2.287220
43940 21.9700 -0.559205 2.279528
43950 21.9750 -0.558835 2.265024
43960 21.9800 -0.558563 2.254342
43970 21.9850 -0.558260 2.242482
43980 21.9900 -0.558009 2.232701
43990 21.9950 -0.557711 2.221027
44000 22.0000 -0.557459 2.211215
44010 22.0050 -0.557302 2.333874
44020 22.0100 -0.557056 2.324301
44030 22.0150 -0.556981 2.321374
44040 22.0200 -0.556792 2.314034
44050 22.0250 -0.556689 2.309990
44060 22.0300 -0.556697 2.310331
44070 22.0350 -0.556686 2.309898
44080 22.0400 -0.556791 2.313975
44090 22.0450 -0.557004 2.322289
44100 22.0500 -0.557147 2.327833
44110 22.0550 -0.557236 2.456008
44120 22.0600 -0.557370 2.461204
44130 22.0650 -0.557624 2.471120
44140 22.0700 -0.558004 2.485947
44150 22.0750 -0.558426 2.502413
44160 22.0800 -0.558627 2.510238
44170 22.0850 -0.558919 2.521664
44180 22.0900 -0.559314 2.537088
44190 22.0950 -0.559693 2.551870
44200 22.1000 -0.560156 2.569950
44210 22.1050 -0.560577 2.702909
44220 22.1100 -0.560968 2.718161
44230 22.1150 -0.561400 2.734996
44240 22.1200 -0.561934 2.755807
44250 22.1250 -0.562409 2.774306
44260 22.1300 -0.562621 2.782545
44270 22.1350 -0.562955 2.795513
44280 22.1400 -0.563194 2.804801
44290 22.1450 -0.563315 2.809496
44300 22.1500 -0.563442 2.814434
44310 22.1550 -0.563659 2.931668
44320 22.1600 -0.563814 2.937703
44330 22.1650 -0.563917 2.941667
44340 22.1700 -0.564060 2.947214
44350 22.1750 -0.564268 2.955286
44360 22.1800 -0.564378 2.959527
44370 22.1850 -0.564589 2.967701
44380 22.1900 -0.564757 2.974177
44390 22.1950 -0.564941 2.981272
44400 22.2000 -0.565089 2.987000
44410 22.2050 -0.565362 3.101225
44420 22.2100 -0.565665 3.112885
44430 22.2150 -0.565822 3.118930
44440 22.2200 -0.566042 3.127385
44450 22.2250 -0.566344 3.138962
44460 22.2300 -0.566618 3.149443
44470 22.2350 -0.566916 3.160828
44480 22.2400 -0.567410 3.179683
44490 22.2450 -0.567786 3.193970
44500 22.2500 -0.568143 3.207525
44510 22.2550 -0.568408 3.315052
44520 22.2600 -0.569000 3.337440
44530 22.2650 -0.569766 3.366209
44540 22.2700 -0.570631 3.398499
44550 22.2750 -0.571450 3.428853
44560 22.2800 -0.572098 3.452712
44570 22.2850 -0.572763 3.477083
44580 22.2900 -0.573469 3.502783
44590 22.2950 -0.574159 3.527735
44600 22.3000 -0.574721 3.547923
44610 22.3050 -0.575332 3.658394
44620 22.3100 -0.575919 3.679264
44630 22.3150 -0.576677 3.705953
44640 22.3200 -0.577425 3.732088
44650 22.3250 -0.578192 3.758649
44660 22.3300 -0.579140 3.791132
44670 22.3350 -0.580088 3.823211
44680 22.3400 -0.580936 3.851615
44690 22.3450 -0.581701 3.876948
44700 22.3500 -0.582249 3.894948
44710 22.3550 -0.582591 3.986537
44720 22.3600 -0.583022 4.000521
44730 22.3650 -0.583473 4.015049
44740 22.3700 -0.583800 4.025548
44750 22.3750 -0.584030 4.032889
44760 22.3800 -0.584317 4.041984
44770 22.3850 -0.584445 4.046054
44780 22.3900 -0.584511 4.048148
44790 22.3950 -0.584561 4.049706
44800 22.4000 -0.584389 4.044285
44810 22.4050 -0.584052 4.110737
44820 22.4100 -0.583631 4.097268
44830 22.4150 -0.582843 4.071859
44840 22.4200 -0.582034 4.045397
44850 22.4250 -0.581133 4.015581
44860 22.4300 -0.580169 3.983195
44870 22.4350 -0.579179 3.949479
44880 22.4400 -0.578116 3.912748
44890 22.4450 -0.576882 3.869431
44900 22.4500 -0.575718 3.827897
44910 22.4550 -0.574638 3.870761
44920 22.4600 -0.573486 3.828444
44930 22.4650 -0.572144 3.778404
44940 22.4700 -0.570757 3.725806
44950 22.4750 -0.569435 3.674891
44960 22.4800 -0.568094 3.622526
44970 22.4850 -0.566461 3.557783
44980 22.4900 -0.564777 3.489964
44990 22.4950 -0.563204 3.425750
45000 22.5000 -0.561542 3.357022
45010 22.5050 -0.559955 3.384123
45020 22.5100 -0.558150 3.307628
45030 22.5150 -0.556213 3.224592
45040 22.5200 -0.554377 3.145053
45050 22.5250 -0.552663 3.070152
45060 22.5300 -0.550943 2.994486
45070 22.5350 -0.549274 2.920691
45080 22.5400 -0.547564 2.844778
45090 22.5450 -0.545599 2.757330
45100 22.5500 -0.543439 2.661011
45110 22.5550 -0.541134 2.671793
45120 22.5600 -0.538677 2.562272
45130 22.5650 -0.536021 2.444293
45140 22.5700 -0.533485 2.332427
45150 22.5750 -0.530895 2.219187
45160 22.5800 -0.528275 2.106064
45170 22.5850 -0.525752 1.998815
45180 22.5900 -0.522947 1.881741
45190 22.5950 -0.520062 1.764118
45200 22.6000 -0.517256 1.652775
45210 22.6050 -0.514434 1.694438
45220 22.6100 -0.511562 1.586751
45230 22.6150 -0.508617 1.479934
45240 22.6200 -0.505599 1.374507
45250 22.6250 -0.502489 1.270292
45260 22.6300 -0.499387 1.171025
45270 22.6350 -0.496171 1.073221
45280 22.6400 -0.493084 0.984308
45290 22.6450 -0.490280 0.907778
45300 22.6500 -0.487633 0.839285
45310 22.6550 -0.484986 0.963166
45320 22.6600 -0.482401 0.902464
45330 22.6650 -0.480043 0.849611
45340 22.6700 -0.477826 0.802073
45350 22.6750 -0.475605 0.756484
45360 22.6800 -0.473663 0.718270
45370 22.6850 -0.471831 0.683595
45380 22.6900 -0.470455 0.658425
45390 22.6950 -0.469273 0.637393
45400 22.7000 -0.468357 0.621443
45410 22.7050 -0.467809 0.812945
45420 22.7100 -0.467601 0.809401
45430 22.7150 -0.467898 0.814454
45440 22.7200 -0.468704 0.828326
45450 22.7250 -0.469545 0.843017
45460 22.7300 -0.470587 0.861509
45470 22.7350 -0.471883 0.884965
45480 22.7400 -0.473695 0.918626
45490 22.7450 -0.475752 0.958139
45500 22.7500 -0.478132 1.005590
45510 22.7550 -0.480921 1.243816
45520 22.7600 -0.484103 1.312432
45530 22.7650 -0.487319 1.384776
45540 22.7700 -0.490537 1.460365
45550 22.7750 -0.493984 1.544973
45560 22.7800 -0.497507 1.635472
45570 22.7850 -0.501111 1.732316
45580 22.7900 -0.505027 1.842553
45590 22.7950 -0.509242 1.966956
45600 22.8000 -0.513583 2.101139
45610 22.8050 -0.518136 2.380525
45620 22.8100 -0.522759 2.534258
45630 22.8150 -0.527388 2.692462
45640 22.8200 -0.532013 2.853956
45650 22.8250 -0.536435 3.010523
45660 22.8300 -0.540880 3.169054
45670 22.8350 -0.545260 3.325219
45680 22.8400 -0.549486 3.474795
45690 22.8450 -0.553680 3.621109
45700 22.8500 -0.557778 3.761064
45710 22.8550 -0.561731 3.975554
45720 22.8600 -0.565471 4.094932
45730 22.8650 -0.569049 4.204410
45740 22.8700 -0.572684 4.310391
45750 22.8750 -0.576067 4.403957
45760 22.8800 -0.579175 4.485304
45770 22.8850 -0.581785 4.550113
45780 22.8900 -0.584103 4.604947
45790 22.8950 -0.586403 4.656734
45800 22.9000 -0.588538 4.702480
45810 22.9050 -0.590497 4.806621
45820 22.9100 -0.592308 4.841785
45830 22.9150 -0.593932 4.871898
45840 22.9200 -0.595346 4.897026
45850 22.9250 -0.596517 4.917060
45860 22.9300 -0.597597 4.934946
45870 22.9350 -0.598579 4.950695
45880 22.9400 -0.599386 4.963290
45890 22.9450 -0.600094 4.974080
45900 22.9500 -0.600650 4.982386
45910 22.9550 -0.601115 5.048576
45920 22.9600 -0.601397 5.052672
45930 22.9650 -0.601483 5.053910
45940 22.9700 -0.601187 5.049624
45950 22.9750 -0.600750 5.043228
45960 22.9800 -0.600266 5.036023
45970 22.9850 -0.599653 5.026740
45980 22.9900 -0.598691 5.011772
45990 22.9950 -0.597631 4.994748
46000 23.0000 -0.596677 4.978915
46010 23.0050 -0.595464 5.017506
46020 23.0100 -0.594294 4.996655
46030 23.0150 -0.592968 4.972114
46040 23.0200 -0.591651 4.946754
46050 23.0250 -0.590461 4.923009
46060 23.0300 -0.589341 4.899912
46070 23.0350 -0.588230 4.876336
46080 23.0400 -0.587043 4.850359
46090 23.0450 -0.586013 4.827180
46100 23.0500 -0.585006 4.803950
46110 23.0550 -0.584029 4.843248
46120 23.0600 -0.583162 4.822282
46130 23.0650 -0.581965 4.792653
46140 23.0700 -0.580620 4.758349
46150 23.0750 -0.579087 4.718021
46160 23.0800 -0.577539 4.675970
46170 23.0850 -0.576129 4.636518
46180 23.0900 -0.574470 4.588720
46190 23.0950 -0.572644 4.534488
46200 23.1000 -0.570579 4.471121
46210 23.1050 -0.568509 4.473932
46220 23.1100 -0.566551 4.409890
46230 23.1150 -0.564637 4.345611
46240 23.1200 -0.562612 4.275835
46250 23.1250 -0.560328 4.195141
46260 23.1300 -0.558107 4.114797
46270 23.1350 -0.555736 4.027215
46280 23.1400 -0.553204 3.931801
46290 23.1450 -0.550539 3.829618
46300 23.1500 -0.547758 3.721430
46310 23.1550 -0.544639 3.682893
46320 23.1600 -0.541132 3.543032
46330 23.1650 -0.537257 3.387401
46340 23.1700 -0.533211 3.224680
46350 23.1750 -0.529050 3.058298
46360 23.1800 -0.524840 2.891960
46370 23.1850 -0.520576 2.726584
46380 23.1900 -0.516295 2.564590
46390 23.1950 -0.511793 2.399457
46400 23.2000 -0.507427 2.245075
46410 23.2050 -0.502884 2.218027
46420 23.2100 -0.498369 2.070245
46430 23.2150 -0.493735 1.924897
46440 23.2200 -0.489073 1.785237
46450 23.2250 -0.484520 1.655234
46460 23.2300 -0.479752 1.525685
46470 23.2350 -0.474865 1.399791
46480 23.2400 -0.469849 1.277577
46490 23.2450 -0.464815 1.161829
46500 23.2500 -0.459843 1.054045
46510 23.2550 -0.455031 1.132902
46520 23.2600 -0.450177 1.037067
46530 23.2650 -0.445111 0.941487
46540 23.2700 -0.440138 0.852039
46550 23.2750 -0.435293 0.769187
46560 23.2800 -0.430626 0.693465
46570 23.2850 -0.426399 0.628457
46580 23.2900 -0.422441 0.570766
46590 23.2950 -0.418630 0.518177
46600 23.3000 -0.414861 0.469074
46610 23.3050 -0.411299 0.634462
46620 23.3100 -0.408154 0.596720
46630 23.3150 -0.405464 0.565443
46640 23.3200 -0.402965 0.537210
46650 23.3250 -0.400607 0.511315
46660 23.3300 -0.398484 0.488621
46670 23.3350 -0.396755 0.470577
46680 23.3400 -0.395377 0.456481
46690 23.3450 -0.394384 0.446490
46700 23.3500 -0.393738 0.440050
46710 23.3550 -0.393075 0.644822
46720 23.3600 -0.392665 0.640782
46730 23.3650 -0.392633 0.640460
46740 23.3700 -0.393033 0.644415
46750 23.3750 -0.393778 0.651792
46760 23.3800 -0.394779 0.661744
46770 23.3850 -0.395899 0.672934
46780 23.3900 -0.397394 0.687974
46790 23.3950 -0.398992 0.704170
46800 23.4000 -0.400645 0.721052
46810 23.4050 -0.402638 0.936802
46820 23.4100 -0.404961 0.960413
46830 23.4150 -0.407519 0.986256
46840 23.4200 -0.410323 1.014390
46850 23.4250 -0.413472 1.045820
46860 23.4300 -0.416659 1.077494
46870 23.4350 -0.419901 1.109666
46880 23.4400 -0.423089 1.141353
46890 23.4450 -0.426510 1.175533
46900 23.4500 -0.429980 1.210568
46910 23.4550 -0.433650 1.418137
46920 23.4600 -0.437265 1.454675
46930 23.4650 -0.440722 1.489800
46940 23.4700 -0.444318 1.526790
46950 23.4750 -0.447891 1.564286
46960 23.4800 -0.451364 1.601776
46970 23.4850 -0.454695 1.638992
46980 23.4900 -0.458120 1.678826
46990 23.4950 -0.461596 1.721238
47000 23.5000 -0.465085 1.766141
47010 23.5050 -0.468506 1.958303
47020 23.5100 -0.471866 2.005944
47030 23.5150 -0.475193 2.055548
47040 23.5200 -0.478366 2.105382
47050 23.5250 -0.481473 2.156816
47060 23.5300 -0.484551 2.210549
47070 23.5350 -0.487472 2.264285
47080 23.5400 -0.490488 2.322771
47090 23.5450 -0.493554 2.385462
47100 23.5500 -0.496696 2.453247
47110 23.5550 -0.499818 2.644384
47120 23.5600 -0.502945 2.718499
47130 23.5650 -0.505954 2.792911
47140 23.5700 -0.508888 2.868350
47150 23.5750 -0.511945 2.949977
47160 23.5800 -0.514840 3.030039
47170 23.5850 -0.517324 3.100746
47180 23.5900 -0.519588 3.166800
47190 23.5950 -0.521858 3.234395
47200 23.6000 -0.523930 3.297275
47210 23.6050 -0.525755 3.448531
47220 23.6100 -0.527591 3.505623
47230 23.6150 -0.529228 3.557002
47240 23.6200 -0.530534 3.598243
47250 23.6250 -0.531679 3.634606
47260 23.6300 -0.532754 3.668859
47270 23.6350 -0.533404 3.689621
47280 23.6400 -0.533725 3.699877
47290 23.6450 -0.533836 3.703453
47300 23.6500 -0.533742 3.700432
47310 23.6550 -0.533592 3.780585
47320 23.6600 -0.533384 3.773917
47330 23.6650 -0.533181 3.767418
47340 23.6700 -0.532732 3.753086
47350 23.6750 -0.531912 3.726895
47360 23.6800 -0.530908 3.694892
47370 23.6850 -0.529724 3.657312
47380 23.6900 -0.528293 3.612051
47390 23.6950 -0.526576 3.558069
47400 23.7000 -0.524634 3.497478
47410 23.7050 -0.522626 3.525335
47420 23.7100 -0.520504 3.460389
47430 23.7150 -0.518354 3.395302
47440 23.7200 -0.516214 3.331390
47450 23.7250 -0.514179 3.271436
47460 23.7300 -0.512197 3.213928
47470 23.7350 -0.510350 3.161079
47480 23.7400 -0.508539 3.110085
47490 23.7450 -0.506666 3.058156
47500 23.7500 -0.504818 3.007797
47510 23.7550 -0.502942 3.060595
47520 23.7600 -0.500917 3.007165
47530 23.7650 -0.498941 2.955919
47540 23.7700 -0.496960 2.905452
47550 23.7750 -0.494948 2.855095
47560 23.7800 -0.493047 2.808388
47570 23.7850 -0.491076 2.760827
47580 23.7900 -0.489151 2.715228
47590 23.7950 -0.487297 2.672122
47600 23.8000 -0.485346 2.627570
47610 23.8050 -0.483397 2.698459
47620 23.8100 -0.481402 2.654346
47630 23.8150 -0.479499 2.612890
47640 23.8200 -0.477783 2.575985
47650 23.8250 -0.476444 2.547515
47660 23.8300 -0.475165 2.520569
47670 23.8350 -0.473809 2.492280
47680 23.8400 -0.472391 2.462959
47690 23.8450 -0.471121 2.436960
47700 23.8500 -0.469914 2.412445
47710 23.8550 -0.468851 2.512748
47720 23.8600 -0.467967 2.494976
47730 23.8650 -0.467192 2.479458
47740 23.8700 -0.466483 2.465291
47750 23.8750 -0.465843 2.452532
47760 23.8800 -0.465241 2.440556
47770 23.8850 -0.464637 2.428573
47780 23.8900 -0.463843 2.412865
47790 23.8950 -0.463062 2.397449
47800 23.9000 -0.462364 2.383697
47810 23.9050 -0.461581 2.491047
47820 23.9100 -0.460666 2.473067
47830 23.9150 -0.459627 2.452651
47840 23.9200 -0.458619 2.432863
47850 23.9250 -0.457693 2.414694
47860 23.9300 -0.456719 2.395587
47870 23.9350 -0.455871 2.378945
47880 23.9400 -0.455327 2.368274
47890 23.9450 -0.455145 2.364709
47900 23.9500 -0.455278 2.367315
47910 23.9550 -0.455452 2.494019
47920 23.9600 -0.455875 2.502313
47930 23.9650 -0.456238 2.509427
47940 23.9700 -0.456677 2.518011
47950 23.9750 -0.457202 2.528262
47960 23.9800 -0.458030 2.544424
47970 23.9850 -0.458991 2.563132
47980 23.9900 -0.460245 2.587494
47990 23.9950 -0.461593 2.613601
48000 24.0000 -0.463074 2.642220
48010 24.0050 -0.464783 2.789277
48020 24.0100 -0.466531 2.822692
48030 24.0150 -0.468349 2.857242
48040 24.0200 -0.470182 2.891871
48050 24.0250 -0.471860 2.923420
48060 24.0300 -0.473571 2.955479
48070 24.0350 -0.475422 2.990064
48080 24.0400 -0.477380 3.026561
48090 24.0450 -0.479421 3.064560
48100 24.0500 -0.481589 3.104924
48110 24.0550 -0.483653 3.243661
48120 24.0600 -0.485693 3.281564
48130 24.0650 -0.487761 3.319976
48140 24.0700 -0.489985 3.361371
48150 24.0750 -0.492399 3.406458
48160 24.0800 -0.494673 3.449169
48170 24.0850 -0.496770 3.488812
48180 24.0900 -0.498740 3.526334
48190 24.0950 -0.500651 3.563044
48200 24.1000 -0.502554 3.599941
48210 24.1050 -0.504454 3.724451
48220 24.1100 -0.506166 3.758154
48230 24.1150 -0.507814 3.790810
48240 24.1200 -0.509382 3.822119
48250 24.1250 -0.510944 3.853546
48260 24.1300 -0.512480 3.884666
48270 24.1350 -0.514185 3.919485
48280 24.1400 -0.515792 3.952583
48290 24.1450 -0.517238 3.982606
48300 24.1500 -0.518847 4.016240
48310 24.1550 -0.520631 4.131581
48320 24.1600 -0.522426 4.169618
48330 24.1650 -0.524341 4.210436
48340 24.1700 -0.526232 4.250957
48350 24.1750 -0.528164 4.292573
48360 24.1800 -0.530224 4.337129
48370 24.1850 -0.532431 4.385059
48380 24.1900 -0.534539 4.430934
48390 24.1950 -0.536600 4.475845
48400 24.2000 -0.538646 4.520433
48410 24.2050 -0.540446 4.627079
48420 24.2100 -0.542065 4.662081
48430 24.2150 -0.543565 4.694352
48440 24.2200 -0.544899 4.722875
48450 24.2250 -0.546110 4.748613
48460 24.2300 -0.547163 4.770866
48470 24.2350 -0.548379 4.796381
48480 24.2400 -0.549515 4.820059
48490 24.2450 -0.550567 4.841809
48500 24.2500 -0.551602 4.863042
48510 24.2550 -0.552390 4.940441
48520 24.2600 -0.552978 4.952326
48530 24.2650 -0.553356 4.959928
48540 24.2700 -0.553951 4.971836
48550 24.2750 -0.554481 4.982388
48560 24.2800 -0.554978 4.992218
48570 24.2850 -0.555374 5.000003
48580 24.2900 -0.555648 5.005373
48590 24.2950 -0.555785 5.008057
48600 24.3000 -0.555843 5.009189
48610 24.3050 -0.555926 5.069728
48620 24.3100 -0.556219 5.075423
48630 24.3150 -0.556599 5.082792
48640 24.3200 -0.557064 5.091755
48650 24.3250 -0.557579 5.101597
48660 24.3300 -0.558341 5.116047
48670 24.3350 -0.559041 5.129187
48680 24.3400 -0.559534 5.138355
48690 24.3450 -0.559964 5.146283
48700 24.3500 -0.560163 5.149928
48710 24.3550 -0.560225 5.207711
48720 24.3600 -0.560443 5.211695
48730 24.3650 -0.560636 5.215217
48740 24.3700 -0.560632 5.215136
48750 24.3750 -0.560591 5.214387
48760 24.3800 -0.560428 5.211427
48770 24.3850 -0.560238 5.207951
48780 24.3900 -0.559854 5.200888
48790 24.3950 -0.559270 5.190075
48800 24.4000 -0.558557 5.176731
48810 24.4050 -0.557767 5.217975
48820 24.4100 -0.557044 5.204089
48830 24.4150 -0.556400 5.191593
48840 24.4200 -0.555894 5.181682
48850 24.4250 -0.555517 5.174237
48860 24.4300 -0.554980 5.163561
48870 24.4350 -0.554173 5.147384
48880 24.4400 -0.553245 5.128537
48890 24.4450 -0.552238 5.107824
48900 24.4500 -0.551050 5.083041
48910 24.4550 -0.549693 5.111993
48920 24.4600 -0.548446 5.085126
48930 24.4650 -0.547409 5.062511
48940 24.4700 -0.546605 5.044786
48950 24.4750 -0.545980 5.030915
48960 24.4800 -0.545367 5.017227
48970 24.4850 -0.544947 5.007808
48980 24.4900 -0.544507 4.997883
48990 24.4950 -0.544132 4.989409
49000 24.5000 -0.543828 4.982508
49010 24.5050 -0.543457 5.033416
49020 24.5100 -0.542821 5.018865
49030 24.5150 -0.542009 5.000171
49040 24.5200 -0.541060 4.978173
49050 24.5250 -0.540084 4.955336
49060 24.5300 -0.539153 4.933422
49070 24.5350 -0.538111 4.908688
49080 24.5400 -0.536945 4.880821
49090 24.5450 -0.535658 4.849841
49100 24.5500 -0.534290 4.816641
49110 24.5550 -0.532959 4.846292
49120 24.5600 -0.531619 4.813297
49130 24.5650 -0.530295 4.780479
49140 24.5700 -0.528962 4.747231
49150 24.5750 -0.527619 4.713564
49160 24.5800 -0.526235 4.678711
49170 24.5850 -0.524932 4.645757
49180 24.5900 -0.523796 4.616939
49190 24.5950 -0.522602 4.586569
49200 24.6000 -0.521522 4.559024
49210 24.6050 -0.520449 4.598429
49220 24.6100 -0.519266 4.568102
49230 24.6150 -0.517948 4.534225
49240 24.6200 -0.516533 4.497764
49250 24.6250 -0.515085 4.460382
49260 24.6300 -0.513642 4.423031
49270 24.6350 -0.512273 4.387553
49280 24.6400 -0.511010 4.354799
49290 24.6450 -0.509556 4.317028
49300 24.6500 -0.507952 4.275328
49310 24.6550 -0.506354 4.306071
49320 24.6600 -0.504847 4.266752
49330 24.6650 -0.503685 4.236395
49340 24.6700 -0.502380 4.202248
49350 24.6750 -0.501144 4.169837
49360 24.6800 -0.500099 4.142418
49370 24.6850 -0.499166 4.117926
49380 24.6900 -0.498321 4.095715
49390 24.6950 -0.497497 4.074030
49400 24.7000 -0.496818 4.056157
49410 24.7050 -0.496019 4.112017
49420 24.7100 -0.495225 4.091038
49430 24.7150 -0.494521 4.072431
49440 24.7200 -0.493864 4.055045
49450 24.7250 -0.493101 4.034807
49460 24.7300 -0.492385 4.015771
49470 24.7350 -0.491702 3.997611
49480 24.7400 -0.490774 3.972902
49490 24.7450 -0.489825 3.947550
49500 24.7500 -0.488806 3.920314
49510 24.7550 -0.487883 3.975442
49520 24.7600 -0.487158 3.955931
49530 24.7650 -0.486621 3.941466
49540 24.7700 -0.486163 3.929118
49550 24.7750 -0.485729 3.917379
49560 24.7800 -0.485384 3.908051
49570 24.7850 -0.484843 3.893379
49580 24.7900 -0.484216 3.876357
49590 24.7950 -0.483516 3.857300
49600 24.8000 -0.482859 3.839388
49610 24.8050 -0.482183 3.902619
49620 24.8100 -0.481570 3.885810
49630 24.8150 -0.480819 3.865139
49640 24.8200 -0.480027 3.843302
49650 24.8250 -0.479442 3.827098
49660 24.8300 -0.479060 3.816487
49670 24.8350 -0.478724 3.807166
49680 24.8400 -0.478391 3.797911
49690 24.8450 -0.478159 3.791442
49700 24.8500 -0.478040 3.788131
49710 24.8550 -0.477972 3.869111
49720 24.8600 -0.477941 3.868252
49730 24.8650 -0.478154 3.874188
49740 24.8700 -0.478525 3.884501
49750 24.8750 -0.478902 3.894996
49760 24.8800 -0.479338 3.907066
49770 24.8850 -0.479984 3.924914
49780 24.8900 -0.480640 3.942997
49790 24.8950 -0.481495 3.966435
49800 24.9000 -0.482380 3.990563
49810 24.9050 -0.483120 4.088991
49820 24.9100 -0.483951 4.111418
49830 24.9150 -0.484658 4.130416
49840 24.9200 -0.485333 4.148464
49850 24.9250 -0.485905 4.163689
49860 24.9300 -0.486522 4.180030
49870 24.9350 -0.487127 4.196019
49880 24.9400 -0.487623 4.209060
49890 24.9450 -0.488254 4.225586
49900 24.9500 -0.488841 4.240886
49910 24.9550 -0.489478 4.330471
49920 24.9600 -0.490165 4.348212
49930 24.9650 -0.490701 4.361973
49940 24.9700 -0.491371 4.379111
49950 24.9750 -0.492097 4.397562
49960 24.9800 -0.492811 4.415617
49970 24.9850 -0.493509 4.433152
49980 24.9900 -0.494108 4.448141
49990 24.9950 -0.494508 4.458099
50000 25.0000 -0.494832 4.466138
50010 25.0050 -0.495403 4.548837
50020 25.0100 -0.496102 4.566006
50030 25.0150 -0.496956 4.586865
50040 25.0200 -0.497803 4.607372
50050 25.0250 -0.498609 4.626731
50060 25.0300 -0.499412 4.645892
50070 25.0350 -0.500055 4.661142
50080 25.0400 -0.500730 4.677043
50090 25.0450 -0.501554 4.696308
50100 25.0500 -0.502392 4.715776
50110 25.0550 -0.503288 4.800334
50120 25.0600 -0.504210 4.821356
50130 25.0650 -0.505221 4.844200
50140 25.0700 -0.506304 4.868377
50150 25.0750 -0.507373 4.891999
50160 25.0800 -0.508424 4.914960
50170 25.0850 -0.509541 4.939088
50180 25.0900 -0.510620 4.962150
50190 25.0950 -0.511591 4.982665
50200 25.1000 -0.512462 5.000899
50210 25.1050 -0.513157 5.074370
50220 25.1100 -0.513693 5.085421
50230 25.1150 -0.514083 5.093430
50240 25.1200 -0.514537 5.102692
50250 25.1250 -0.514866 5.109376
50260 25.1300 -0.515050 5.113097
50270 25.1350 -0.515227 5.116663
50280 25.1400 -0.515398 5.120126
50290 25.1450 -0.515317 5.118479
50300 25.1500 -0.515050 5.113088
50310 25.1550 -0.514703 5.163282
50320 25.1600 -0.514286 5.154792
50330 25.1650 -0.513683 5.142421
50340 25.1700 -0.512871 5.125625
50350 25.1750 -0.511953 5.106434
50360 25.1800 -0.510950 5.085194
50370 25.1850 -0.509822 5.061004
50380 25.1900 -0.508621 5.034877
50390 25.1950 -0.507454 5.009109
50400 25.2000 -0.506469 4.987065
50410 25.2050 -0.505311 5.020089
50420 25.2100 -0.504103 4.992249
50430 25.2150 -0.503030 4.967159
50440 25.2200 -0.501750 4.936792
50450 25.2250 -0.500259 4.900760
50460 25.2300 -0.498918 4.867774
50470 25.2350 -0.497455 4.831170
50480 25.2400 -0.495658 4.785288
50490 25.2450 -0.493822 4.737357
50500 25.2500 -0.492170 4.693353
50510 25.2550 -0.490588 4.714718
50520 25.2600 -0.488989 4.670398
50530 25.2650 -0.487221 4.620427
50540 25.2700 -0.485395 4.567713
50550 25.2750 -0.483542 4.513065
50560 25.2800 -0.481883 4.463233
50570 25.2850 -0.480293 4.414608
50580 25.2900 -0.478884 4.370856
50590 25.2950 -0.477580 4.329826
50600 25.3000 -0.476225 4.286662
50610 25.3050 -0.475106 4.322684
50620 25.3100 -0.474088 4.289498
50630 25.3150 -0.473023 4.254448
50640 25.3200 -0.472149 4.225386
50650 25.3250 -0.471366 4.199188
50660 25.3300 -0.470405 4.166793
50670 25.3350 -0.469373 4.131684
50680 25.3400 -0.468430 4.099374
50690 25.3450 -0.467657 4.072662
50700 25.3500 -0.466757 4.041385
50710 25.3550 -0.466148 4.097342
50720 25.3600 -0.465561 4.076721
50730 25.3650 -0.464943 4.054890
50740 25.3700 -0.464160 4.027100
50750 25.3750 -0.463193 3.992574
50760 25.3800 -0.462181 3.956156
50770 25.3850 -0.461052 3.915244
50780 25.3900 -0.460017 3.877459
50790 25.3950 -0.459215 3.848013
50800 25.4000 -0.458452 3.819862
50810 25.4050 -0.457714 3.874665
50820 25.4100 -0.456985 3.847513
50830 25.4150 -0.456485 3.828843
50840 25.4200 -0.455907 3.807154
50850 25.4250 -0.455339 3.785797
50860 25.4300 -0.454874 3.768258
50870 25.4350 -0.454282 3.745861
50880 25.4400 -0.453771 3.726488
50890 25.4450 -0.453331 3.709753
50900 25.4500 -0.452933 3.694552
50910 25.4550 -0.452582 3.766268
50920 25.4600 -0.452174 3.750622
50930 25.4650 -0.451606 3.728838
50940 25.4700 -0.451008 3.705845
50950 25.4750 -0.450150 3.672681
50960 25.4800 -0.449223 3.636724
50970 25.4850 -0.448060 3.591431
50980 25.4900 -0.446731 3.539371
50990 25.4950 -0.445399 3.487000
51000 25.5000 -0.444081 3.434911
51010 25.5050 -0.443001 3.483581
51020 25.5100 -0.442099 3.447722
51030 25.5150 -0.441227 3.412928
51040 25.5200 -0.440291 3.375547
51050 25.5250 -0.439273 3.334767
51060 25.5300 -0.438215 3.292273
51070 25.5350 -0.437142 3.249150
51080 25.5400 -0.436010 3.203543
51090 25.5450 -0.434903 3.158952
51100 25.5500 -0.433675 3.109409
51110 25.5550 -0.432554 3.164391
51120 25.5600 -0.431580 3.125055
51130 25.5650 -0.430603 3.085578
51140 25.5700 -0.429675 3.048069
51150 25.5750 -0.429115 3.025464
51160 25.5800 -0.428742 3.010361
51170 25.5850 -0.428381 2.995779
51180 25.5900 -0.428250 2.990498
51190 25.5950 -0.428232 2.989774
51200 25.6000 -0.428313 2.993032
51210 25.6050 -0.428431 3.101341
51220 25.6100 -0.428387 3.099570
51230 25.6150 -0.428286 3.095488
51240 25.6200 -0.428065 3.086535
51250 25.6250 -0.427817 3.076542
51260 25.6300 -0.427468 3.062446
51270 25.6350 -0.427060 3.045946
51280 25.6400 -0.426654 3.029562
51290 25.6450 -0.426129 3.008333
51300 25.6500 -0.425614 2.987533
51310 25.6550 -0.424962 3.064882
51320 25.6600 -0.424169 3.032855
51330 25.6650 -0.423387 3.001224
51340 25.6700 -0.422794 2.977261
51350 25.6750 -0.422282 2.956600
51360 25.6800 -0.421797 2.936984
51370 25.6850 -0.421323 2.917845
51380 25.6900 -0.420792 2.896425
51390 25.6950 -0.420394 2.880368
51400 25.7000 -0.419923 2.861369
51410 25.7050 -0.419503 2.951803
51420 25.7100 -0.419216 2.940232
51430 25.7150 -0.418878 2.926603
51440 25.7200 -0.418509 2.911724
51450 25.7250 -0.418163 2.897804
51460 25.7300 -0.417833 2.884479
51470 25.7350 -0.417246 2.860850
51480 25.7400 -0.416599 2.834788
51490 25.7450 -0.416130 2.815926
51500 25.7500 -0.415880 2.805864
51510 25.7550 -0.415774 2.910655
51520 25.7600 -0.416012 2.920245
51530 25.7650 -0.416220 2.928598
51540 25.7700 -0.416623 2.944835
51550 25.7750 -0.417220 2.968838
51560 25.7800 -0.417850 2.994165
51570 25.7850 -0.418561 3.022764
51580 25.7900 -0.419370 3.055251
51590 25.7950 -0.420101 3.084644
51600 25.8000 -0.420883 3.115995
51610 25.8050 -0.421763 3.251285
51620 25.8100 -0.422664 3.287297
51630 25.8150 -0.423460 3.319042
51640 25.8200 -0.424020 3.341339
51650 25.8250 -0.424435 3.357834
51660 25.8300 -0.424738 3.369820
51670 25.8350 -0.425318 3.392829
51680 25.8400 -0.426017 3.420439
51690 25.8450 -0.426943 3.456922
51700 25.8500 -0.427881 3.493747
51710 25.8550 -0.428736 3.617167
51720 25.8600 -0.429657 3.652987
51730 25.8650 -0.430816 3.697796
51740 25.8700 -0.432024 3.744118
51750 25.8750 -0.433340 3.794217
51760 25.8800 -0.434768 3.847987
51770 25.8850 -0.436359 3.907286
51780 25.8900 -0.438092 3.970984
51790 25.8950 -0.440050 4.041810
51800 25.9000 -0.442194 4.117939
51810 25.9050 -0.444381 4.269467
51820 25.9100 -0.446510 4.341573
51830 25.9150 -0.448617 4.411114
51840 25.9200 -0.450737 4.479221
51850 25.9250 -0.452939 4.547884
51860 25.9300 -0.455094 4.613027
51870 25.9350 -0.457185 4.674227
51880 25.9400 -0.459357 4.735706
51890 25.9450 -0.461605 4.797092
51900 25.9500 -0.463830 4.855515
51910 25.9550 -0.465828 4.967522
51920 25.9600 -0.467879 5.017333
51930 25.9650 -0.469812 5.062462
51940 25.9700 -0.471811 5.107246
51950 25.9750 -0.473718 5.148230
51960 25.9800 -0.475791 5.190895
51970 25.9850 -0.477829 5.230933
51980 25.9900 -0.479905 5.269868
51990 25.9950 -0.481962 5.306619
52000 26.0000 -0.484004 5.341369
52010 26.0050 -0.486169 5.430055
52020 26.0100 -0.488457 5.464974
52030 26.0150 -0.490716 5.497493
52040 26.0200 -0.493035 5.528936
52050 26.0250 -0.495529 5.560690
52060 26.0300 -0.497895 5.588969
52070 26.0350 -0.500180 5.614699
52080 26.0400 -0.502276 5.637017
52090 26.0450 -0.504216 5.656663
52100 26.0500 -0.506010 5.674017
52110 26.0550 -0.507909 5.740476
52120 26.0600 -0.510043 5.759210
52130 26.0650 -0.512296 5.777942
52140 26.0700 -0.514622 5.796246
52150 26.0750 -0.516861 5.812954
52160 26.0800 -0.519175 5.829361
52170 26.0850 -0.521645 5.845986
52180 26.0900 -0.524078 5.861546
52190 26.0950 -0.526245 5.874761
52200 26.1000 -0.528234 5.886402
52210 26.1050 -0.530456 5.944925
52220 26.1100 -0.532654 5.956590
52230 26.1150 -0.534553 5.966181
52240 26.1200 -0.536356 5.974873
52250 26.1250 -0.538132 5.983039
52260 26.1300 -0.539655 5.989730
52270 26.1350 -0.541006 5.995420
52280 26.1400 -0.542183 6.000189
52290 26.1450 -0.543213 6.004214
52300 26.1500 -0.544479 6.008967
52310 26.1550 -0.545612 6.057577
52320 26.1600 -0.546708 6.061316
52330 26.1650 -0.547771 6.064763
52340 26.1700 -0.548837 6.068037
52350 26.1750 -0.549741 6.070668
52360 26.1800 -0.550562 6.072937
52370 26.1850 -0.551304 6.074892
52380 26.1900 -0.551943 6.076501
52390 26.1950 -0.552629 6.078148
52400 26.2000 -0.553240 6.079546
52410 26.2050 -0.553810 6.124466
52420 26.2100 -0.554298 6.125476
52430 26.2150 -0.554824 6.126513
52440 26.2200 -0.555169 6.127164
52450 26.2250 -0.555465 6.127703
52460 26.2300 -0.555637 6.128008
52470 26.2350 -0.555731 6.128172
52480 26.2400 -0.555777 6.128252
52490 26.2450 -0.555666 6.128059
52500 26.2500 -0.555627 6.127991
52510 26.2550 -0.555324 6.170540
52520 26.2600 -0.554869 6.169685
52530 26.2650 -0.554417 6.168794
52540 26.2700 -0.553963 6.167854
52550 26.2750 -0.553315 6.166436
52560 26.2800 -0.552781 6.165199
52570 26.2850 -0.552201 6.163788
52580 26.2900 -0.551412 6.161757
52590 26.2950 -0.550743 6.159933
52600 26.3000 -0.550030 6.157889
52610 26.3050 -0.549368 6.198627
52620 26.3100 -0.548816 6.196893
52630 26.3150 -0.548288 6.195175
52640 26.3200 -0.547797 6.193519
52650 26.3250 -0.547215 6.191494
52660 26.3300 -0.546659 6.189495
52670 26.3350 -0.546152 6.187614
52680 26.3400 -0.545609 6.185541
52690 26.3450 -0.545275 6.184234
52700 26.3500 -0.544871 6.182626
52710 26.3550 -0.544468 6.223424
52720 26.3600 -0.544207 6.222343
52730 26.3650 -0.544167 6.222173
52740 26.3700 -0.544043 6.221656
52750 26.3750 -0.543896 6.221033
52760 26.3800 -0.543679 6.220108
52770 26.3850 -0.543376 6.218804
52780 26.3900 -0.542881 6.216623
52790 26.3950 -0.542197 6.213522
52800 26.4000 -0.541542 6.210466
52810 26.4050 -0.540868 6.249325
52820 26.4100 -0.540166 6.245834
52830 26.4150 -0.539323 6.241496
52840 26.4200 -0.538538 6.237312
52850 26.4250 -0.537682 6.232599
52860 26.4300 -0.536894 6.228116
52870 26.4350 -0.536255 6.224375
52880 26.4400 -0.535590 6.220394
52890 26.4450 -0.534724 6.215070
52900 26.4500 -0.533799 6.209202
52910 26.4550 -0.532900 6.245436
52920 26.4600 -0.532116 6.240149
52930 26.4650 -0.531549 6.236240
52940 26.4700 -0.530961 6.232110
52950 26.4750 -0.530256 6.227047
52960 26.4800 -0.529366 6.220498
52970 26.4850 -0.528308 6.212477
52980 26.4900 -0.527247 6.204181
52990 26.4950 -0.526208 6.195806
53000 26.5000 -0.525113 6.186708
53010 26.5050 -0.523906 6.218741
53020 26.5100 -0.522581 6.206957
53030 26.5150 -0.521133 6.193570
53040 26.5200 -0.519675 6.179561
53050 26.5250 -0.518589 6.168774
53060 26.5300 -0.517623 6.158928
53070 26.5350 -0.516771 6.150037
53080 26.5400 -0.515983 6.141648
53090 26.5450 -0.515221 6.133379
53100 26.5500 -0.514680 6.127421
53110 26.5550 -0.514324 6.166548
53120 26.5600 -0.513897 6.161736
53130 26.5650 -0.513470 6.156870
53140 26.5700 -0.512924 6.150582
53150 26.5750 -0.512008 6.139832
53160 26.5800 -0.510858 6.125984
53170 26.5850 -0.509431 6.108242
53180 26.5900 -0.507930 6.088916
53190 26.5950 -0.506567 6.070757
53200 26.6000 -0.505319 6.053620
53210 26.6050 -0.504145 6.081024
53220 26.6100 -0.502928 6.063328
53230 26.6150 -0.501525 6.042262
53240 26.6200 -0.500162 6.021130
53250 26.6250 -0.498704 5.997778
53260 26.6300 -0.497124 5.971588
53270 26.6350 -0.495693 5.947047
53280 26.6400 -0.494321 5.922776
53290 26.6450 -0.493041 5.899472
53300 26.6500 -0.491984 5.879731
53310 26.6550 -0.490689 5.901108
53320 26.6600 -0.489260 5.872894
53330 26.6650 -0.487931 5.845867
53340 26.6700 -0.486493 5.815746
53350 26.6750 -0.485119 5.786125
53360 26.6800 -0.483727 5.755225
53370 26.6850 -0.482334 5.723452
53380 26.6900 -0.481066 5.693747
53390 26.6950 -0.479674 5.660300
53400 26.7000 -0.478207 5.624070
53410 26.7050 -0.476875 5.639882
53420 26.7100 -0.475495 5.603973
53430 26.7150 -0.473989 5.563722
53440 26.7200 -0.472440 5.521151
53450 26.7250 -0.470727 5.472711
53460 26.7300 -0.468924 5.420195
53470 26.7350 -0.467107 5.365631
53480 26.7400 -0.465192 5.306429
53490 26.7450 -0.463152 5.241414
53500 26.7500 -0.461030 5.171658
53510 26.7550 -0.458915 5.156334
53520 26.7600 -0.456658 5.077542
53530 26.7650 -0.454164 4.987667
53540 26.7700 -0.451669 4.894986
53550 26.7750 -0.449170 4.799459
53560 26.7800 -0.446361 4.688968
53570 26.7850 -0.443397 4.569111
53580 26.7900 -0.440034 4.429257
53590 26.7950 -0.436428 4.275238
53600 26.8000 -0.432691 4.111804
53610 26.8050 -0.428674 4.007870
53620 26.8100 -0.424566 3.820578
53630 26.8150 -0.420379 3.626918
53640 26.8200 -0.415983 3.421729
53650 26.8250 -0.411417 3.207809
53660 26.8300 -0.406750 2.989775
53670 26.8350 -0.401797 2.760669
53680 26.8400 -0.396833 2.535088
53690 26.8450 -0.391981 2.319927
53700 26.8500 -0.387204 2.114703
53710 26.8550 -0.382612 2.056442
53720 26.8600 -0.377861 1.866648
53730 26.8650 -0.373067 1.683609
53740 26.8700 -0.368379 1.513743
53750 26.8750 -0.363652 1.352165
53760 26.8800 -0.358969 1.202202
53770 26.8850 -0.354701 1.074607
53780 26.8900 -0.350925 0.969069
53790 26.8950 -0.347210 0.871991
53800 26.9000 -0.343675 0.785818
53810 26.9050 -0.340386 0.902492
53820 26.9100 -0.337422 0.838383
53830 26.9150 -0.334689 0.782293
53840 26.9200 -0.332367 0.736881
53850 26.9250 -0.330413 0.700220
53860 26.9300 -0.328859 0.672057
53870 26.9350 -0.327457 0.647390
53880 26.9400 -0.326359 0.628574
53890 26.9450 -0.325563 0.615192
53900 26.9500 -0.325075 0.607083
53910 26.9550 -0.324829 0.804736
53920 26.9600 -0.324910 0.806069
53930 26.9650 -0.325110 0.809359
53940 26.9700 -0.325589 0.817310
53950 26.9750 -0.326366 0.830317
53960 26.9800 -0.327410 0.848058
53970 26.9850 -0.328716 0.870680
53980 26.9900 -0.330250 0.897849
53990 26.9950 -0.331915 0.928089
54000 27.0000 -0.333723 0.961870
54010 27.0050 -0.335675 1.181936
54020 27.0100 -0.337900 1.225676
54030 27.0150 -0.340246 1.273101
54040 27.0200 -0.342739 1.325058
54050 27.0250 -0.345390 1.382100
54060 27.0300 -0.348339 1.447847
54070 27.0350 -0.351379 1.518244
54080 27.0400 -0.354460 1.592431
54090 27.0450 -0.357750 1.674942
54100 27.0500 -0.361188 1.764883
54110 27.0550 -0.364567 2.002718
54120 27.0600 -0.367961 2.098258
54130 27.0650 -0.371385 2.197948
54140 27.0700 -0.374794 2.300573
54150 27.0750 -0.378138 2.404514
54160 27.0800 -0.381589 2.515116
54170 27.0850 -0.385098 2.630958
54180 27.0900 -0.388580 2.749218
54190 27.0950 -0.391990 2.868042
54200 27.1000 -0.395202 2.982517
54210 27.1050 -0.398241 3.196564
54220 27.1100 -0.401174 3.304378
54230 27.1150 -0.404097 3.412945
54240 27.1200 -0.406813 3.514741
54250 27.1250 -0.409439 3.613833
54260 27.1300 -0.411791 3.702939
54270 27.1350 -0.413924 3.784001
54280 27.1400 -0.415536 3.845357
54290 27.1450 -0.416493 3.881779
54300 27.1500 -0.417134 3.906161
54310 27.1550 -0.417403 3.996623
54320 27.1600 -0.417299 3.992655
54330 27.1650 -0.416807 3.973915
54340 27.1700 -0.416144 3.948675
54350 27.1750 -0.415285 3.915937
54360 27.1800 -0.414040 3.868456
54370 27.1850 -0.412564 3.812171
54380 27.1900 -0.410873 3.747681
54390 27.1950 -0.409008 3.676672
54400 27.2000 -0.407178 3.607091
54410 27.2050 -0.405288 3.622620
54420 27.2100 -0.403336 3.548728
54430 27.2150 -0.401253 3.470123
54440 27.2200 -0.398981 3.384753
54450 27.2250 -0.396374 3.287419
54460 27.2300 -0.393487 3.180572
54470 27.2350 -0.390353 3.065837
54480 27.2400 -0.387079 2.947672
54490 27.2450 -0.383768 2.830116
54500 27.2500 -0.380478 2.715463
54510 27.2550 -0.377191 2.714818
54520 27.2600 -0.373704 2.597586
54530 27.2650 -0.370059 2.477578
54540 27.2700 -0.366339 2.357873
54550 27.2750 -0.362636 2.241682
54560 27.2800 -0.359093 2.133289
54570 27.2850 -0.355756 2.033790
54580 27.2900 -0.352554 1.940674
54590 27.2950 -0.349600 1.856855
54600 27.3000 -0.346980 1.784174
54610 27.3050 -0.344633 1.865407
54620 27.3100 -0.342536 1.809098
54630 27.3150 -0.340468 1.754298
54640 27.3200 -0.338428 1.700976
54650 27.3250 -0.336437 1.649607
54660 27.3300 -0.334400 1.597774
54670 27.3350 -0.332576 1.551969
54680 27.3400 -0.330868 1.509618
54690 27.3450 -0.329262 1.470234
54700 27.3500 -0.327792 1.434608
54710 27.3550 -0.326329 1.559487
54720 27.3600 -0.324927 1.526041
54730 27.3650 -0.323635 1.495398
54740 27.3700 -0.322599 1.470990
54750 27.3750 -0.321888 1.454293
54760 27.3800 -0.321472 1.444568
54770 27.3850 -0.321225 1.438799
54780 27.3900 -0.321340 1.441477
54790 27.3950 -0.321519 1.445658
54800 27.4000 -0.321648 1.448673
54810 27.4050 -0.321886 1.613666
54820 27.4100 -0.322251 1.622221
54830 27.4150 -0.322849 1.636241
54840 27.4200 -0.323368 1.648409
54850 27.4250 -0.324009 1.663487
54860 27.4300 -0.324856 1.683427
54870 27.4350 -0.325726 1.703947
54880 27.4400 -0.326488 1.721972
54890 27.4450 -0.327370 1.742844
54900 27.4500 -0.328592 1.771849
54910 27.4550 -0.329884 1.948190
54920 27.4600 -0.331252 1.980684
54930 27.4650 -0.332679 2.014558
54940 27.4700 -0.334108 2.048464
54950 27.4750 -0.335741 2.087228
54960 27.4800 -0.337479 2.128441
54970 27.4850 -0.339251 2.170487
54980 27.4900 -0.341296 2.219047
54990 27.4950 -0.343794 2.278419
55000 27.5000 -0.346356 2.339438
55010 27.5050 -0.348820 2.522428
55020 27.5100 -0.351292 2.581282
55030 27.5150 -0.353558 2.635233
55040 27.5200 -0.355621 2.684426
55050 27.5250 -0.357597 2.731615
55060 27.5300 -0.359887 2.786481
55070 27.5350 -0.362351 2.845804
55080 27.5400 -0.364931 2.908293
55090 27.5450 -0.367424 2.969168
55100 27.5500 -0.369871 3.029423
55110 27.5550 -0.372547 3.198348
55120 27.5600 -0.375259 3.266202
55130 27.5650 -0.378014 3.335750
55140 27.5700 -0.380563 3.400742
55150 27.5750 -0.383116 3.466499
55160 27.5800 -0.385555 3.529979
55170 27.5850 -0.387940 3.592727
55180 27.5900 -0.390389 3.657829
55190 27.5950 -0.392903 3.725427
55200 27.6000 -0.395432 3.794195
55210 27.6050 -0.398090 3.949937
55220 27.6100 -0.400483 4.016129
55230 27.6150 -0.402687 4.077496
55240 27.6200 -0.404805 4.136821
55250 27.6250 -0.406586 4.186924
55260 27.6300 -0.408273 4.234549
55270 27.6350 -0.409923 4.281278
55280 27.6400 -0.411447 4.324539
55290 27.6450 -0.412969 4.367821
55300 27.6500 -0.414454 4.410130
55310 27.6550 -0.415760 4.517028
55320 27.6600 -0.417068 4.554289
55330 27.6650 -0.418419 4.592714
55340 27.6700 -0.419654 4.627825
55350 27.6750 -0.420717 4.657973
55360 27.6800 -0.421674 4.685081
55370 27.6850 -0.422623 4.711931
55380 27.6900 -0.423427 4.734642
55390 27.6950 -0.424150 4.755018
55400 27.7000 -0.424760 4.772165
55410 27.7050 -0.425309 4.850533
55420 27.7100 -0.425779 4.863738
55430 27.7150 -0.426053 4.871398
55440 27.7200 -0.425987 4.869563
55450 27.7250 -0.425642 4.859881
55460 27.7300 -0.425330 4.851128
55470 27.7350 -0.424926 4.839804
55480 27.7400 -0.424434 4.825966
55490 27.7450 -0.423942 4.812083
55500 27.7500 -0.423366 4.795843
55510 27.7550 -0.422601 4.836745
55520 27.7600 -0.421669 4.810279
55530 27.7650 -0.420736 4.783721
55540 27.7700 -0.419734 4.755102
55550 27.7750 -0.418552 4.721208
55560 27.7800 -0.417461 4.689853
55570 27.7850 -0.416413 4.659647
55580 27.7900 -0.415258 4.626257
55590 27.7950 -0.413908 4.587139
55600 27.8000 -0.412283 4.539947
55610 27.8050 -0.410567 4.557108
55620 27.8100 -0.408812 4.505793
55630 27.8150 -0.407126 4.456358
55640 27.8200 -0.405534 4.409571
55650 27.8250 -0.403874 4.360692
55660 27.8300 -0.402299 4.314295
55670 27.8350 -0.400789 4.269760
55680 27.8400 -0.399280 4.225227
55690 27.8450 -0.397708 4.178832
55700 27.8500 -0.396188 4.134006
55710 27.8550 -0.394362 4.155362
55720 27.8600 -0.392504 4.100489
55730 27.8650 -0.390611 4.044541
55740 27.8700 -0.388485 3.981709
55750 27.8750 -0.386526 3.923841
55760 27.8800 -0.384635 3.867970
55770 27.8850 -0.382946 3.818102
55780 27.8900 -0.381313 3.769910
55790 27.8950 -0.379547 3.717864
55800 27.9000 -0.377794 3.666220
55810 27.9050 -0.376025 3.699877
55820 27.9100 -0.374219 3.646594
55830 27.9150 -0.372491 3.595585
55840 27.9200 -0.370917 3.549068
55850 27.9250 -0.369554 3.508762
55860 27.9300 -0.368295 3.471467
55870 27.9350 -0.366968 3.432172
55880 27.9400 -0.365688 3.394183
55890 27.9450 -0.364399 3.355920
55900 27.9500 -0.363231 3.321222
55910 27.9550 -0.362212 3.385351
55920 27.9600 -0.361216 3.355650
55930 27.9650 -0.360203 3.325387
55940 27.9700 -0.359264 3.297280
55950 27.9750 -0.358281 3.267792
55960 27.9800 -0.357463 3.243185
55970 27.9850 -0.356540 3.215399
55980 27.9900 -0.355541 3.185271
55990 27.9950 -0.354744 3.161154
56000 28.0000 -0.353925 3.136359
56010 28.0050 -0.352942 3.205988
56020 28.0100 -0.351997 3.177183
56030 28.0150 -0.350842 3.141886
56040 28.0200 -0.349756 3.108559
56050 28.0250 -0.348731 3.077020
56060 28.0300 -0.347976 3.053714
56070 28.0350 -0.347237 3.030827
56080 28.0400 -0.346364 3.003726
56090 28.0450 -0.345701 2.983122
56100 28.0500 -0.345257 2.969267
56110 28.0550 -0.344696 3.055972
56120 28.0600 -0.343815 3.028387
56130 28.0650 -0.343001 3.002793
56140 28.0700 -0.342319 2.981289
56150 28.0750 -0.341535 2.956488
56160 28.0800 -0.340622 2.927509
56170 28.0850 -0.339802 2.901399
56180 28.0900 -0.338965 2.874668
56190 28.0950 -0.338192 2.849896
56200 28.1000 -0.337484 2.827153
56210 28.1050 -0.336659 2.908957
56220 28.1100 -0.335817 2.881729
56230 28.1150 -0.334955 2.853695
56240 28.1200 -0.333800 2.815997
56250 28.1250 -0.332567 2.775544
56260 28.1300 -0.331304 2.733893
56270 28.1350 -0.329969 2.689610
56280 28.1400 -0.328634 2.645160
56290 28.1450 -0.327351 2.602237
56300 28.1500 -0.326076 2.559420
56310 28.1550 -0.324904 2.636780
56320 28.1600 -0.323794 2.599196
56330 28.1650 -0.322666 2.560846
56340 28.1700 -0.321653 2.526282
56350 28.1750 -0.320546 2.488398
56360 28.1800 -0.319401 2.449097
56370 28.1850 -0.318323 2.412035
56380 28.1900 -0.317326 2.377639
56390 28.1950 -0.316248 2.340438
56400 28.2000 -0.315113 2.301181
56410 28.2050 -0.314017 2.388814
56420 28.2100 -0.313153 2.358827
56430 28.2150 -0.312331 2.330238
56440 28.2200 -0.311418 2.298464
56450 28.2250 -0.310478 2.265695
56460 28.2300 -0.309680 2.237866
56470 28.2350 -0.308891 2.210350
56480 28.2400 -0.308026 2.180145
56490 28.2450 -0.307196 2.151161
56500 28.2500 -0.306250 2.118162
56510 28.2550 -0.305381 2.220051
56520 28.2600 -0.304561 2.191419
56530 28.2650 -0.303727 2.162301
56540 28.2700 -0.302853 2.131780
56550 28.2750 -0.301827 2.095970
56560 28.2800 -0.300963 2.065828
56570 28.2850 -0.300321 2.043480
56580 28.2900 -0.299842 2.026781
56590 28.2950 -0.299456 2.013351
56600 28.3000 -0.299174 2.003568
56610 28.3050 -0.298921 2.131262
56620 28.3100 -0.298652 2.121900
56630 28.3150 -0.298339 2.111017
56640 28.3200 -0.297983 2.098644
56650 28.3250 -0.297710 2.089159
56660 28.3300 -0.297458 2.080418
56670 28.3350 -0.297176 2.070610
56680 28.3400 -0.297022 2.065266
56690 28.3450 -0.296723 2.054889
56700 28.3500 -0.296510 2.047503
56710 28.3550 -0.296564 2.184211
56720 28.3600 -0.296641 2.186880
56730 28.3650 -0.296784 2.191850
56740 28.3700 -0.296875 2.195001
56750 28.3750 -0.296942 2.197320
56760 28.3800 -0.297220 2.206956
56770 28.3850 -0.297435 2.214436
56780 28.3900 -0.297645 2.221717
56790 28.3950 -0.298022 2.234801
56800 28.4000 -0.298585 2.254291
56810 28.4050 -0.299155 2.401304
56820 28.4100 -0.299591 2.416381
56830 28.4150 -0.300218 2.438021
56840 28.4200 -0.300746 2.456225
56850 28.4250 -0.301274 2.474388
56860 28.4300 -0.301895 2.495703
56870 28.4350 -0.302614 2.520316
56880 28.4400 -0.303117 2.537492
56890 28.4450 -0.303426 2.548020
56900 28.4500 -0.303717 2.557940
56910 28.4550 -0.303996 2.684318
56920 28.4600 -0.304449 2.699697
56930 28.4650 -0.305267 2.727333
56940 28.4700 -0.306009 2.752263
56950 28.4750 -0.306723 2.776169
56960 28.4800 -0.307369 2.797686
56970 28.4850 -0.308044 2.820049
56980 28.4900 -0.308664 2.840489
56990 28.4950 -0.309275 2.860527
57000 28.5000 -0.309822 2.878405
57010 28.5050 -0.310316 3.001343
57020 28.5100 -0.310760 3.015706
57030 28.5150 -0.311242 3.031243
57040 28.5200 -0.311638 3.043940
57050 28.5250 -0.311981 3.054906
57060 28.5300 -0.312230 3.062852
57070 28.5350 -0.312778 3.080246
57080 28.5400 -0.313462 3.101799
57090 28.5450 -0.314039 3.119857
57100 28.5500 -0.314791 3.143243
57110 28.5550 -0.315538 3.265519
57120 28.5600 -0.316462 3.293655
57130 28.5650 -0.317382 3.321369
57140 28.5700 -0.318161 3.344563
57150 28.5750 -0.319195 3.374956
57160 28.5800 -0.320379 3.409209
57170 28.5850 -0.321793 3.449357
57180 28.5900 -0.323137 3.486733
57190 28.5950 -0.324719 3.529727
57200 28.6000 -0.326362 3.573279
57210 28.6050 -0.328107 3.706225
57220 28.6100 -0.329846 3.749634
57230 28.6150 -0.331452 3.788497
57240 28.6200 -0.332791 3.820001
57250 28.6250 -0.333939 3.846384
57260 28.6300 -0.334889 3.867773
57270 28.6350 -0.335975 3.891739
57280 28.6400 -0.337053 3.915053
57290 28.6450 -0.338348 3.942408
57300 28.6500 -0.339636 3.968921
57310 28.6550 -0.340663 4.068378
57320 28.6600 -0.341490 4.084695
57330 28.6650 -0.342191 4.098290
57340 28.6700 -0.342724 4.108511
57350 28.6750 -0.343165 4.116862
57360 28.6800 -0.343752 4.127885
57370 28.6850 -0.344331 4.138598
57380 28.6900 -0.345084 4.152355
57390 28.6950 -0.345746 4.164276
57400 28.7000 -0.346373 4.175418
57410 28.7050 -0.346959 4.260058
57420 28.7100 -0.347361 4.267034
57430 28.7150 -0.347767 4.274019
57440 28.7200 -0.348201 4.281403
57450 28.7250 -0.348698 4.289782
57460 28.7300 -0.349163 4.297543
57470 28.7350 -0.349557 4.304052
57480 28.7400 -0.349990 4.311135
57490 28.7450 -0.350325 4.316573
57500 28.7500 -0.350585 4.320773
57510 28.7550 -0.350802 4.395669
57520 28.7600 -0.351081 4.400133
57530 28.7650 -0.351485 4.406527
57540 28.7700 -0.351988 4.414418
57550 28.7750 -0.352585 4.423659
57560 28.7800 -0.353264 4.434013
57570 28.7850 -0.353654 4.439887
57580 28.7900 -0.353834 4.442585
57590 28.7950 -0.353996 4.445011
57600 28.8000 -0.354251 4.448806
57610 28.8050 -0.354489 4.521215
57620 28.8100 -0.354733 4.524808
57630 28.8150 -0.354920 4.527543
57640 28.8200 -0.355248 4.532311
57650 28.8250 -0.355702 4.538841
57660 28.8300 -0.356025 4.543459
57670 28.8350 -0.356281 4.547078
57680 28.8400 -0.356648 4.552253
57690 28.8450 -0.357131 4.558985
57700 28.8500 -0.357721 4.567106
57710 28.8550 -0.358351 4.642324
57720 28.8600 -0.358996 4.650966
57730 28.8650 -0.359605 4.658987
57740 28.8700 -0.360218 4.666956
57750 28.8750 -0.360993 4.676876
57760 28.8800 -0.361932 4.688662
57770 28.8850 -0.362752 4.698759
57780 28.8900 -0.363748 4.710809
57790 28.8950 -0.364757 4.722760
57800 28.9000 -0.365692 4.733625
57810 28.9050 -0.366539 4.806939
57820 28.9100 -0.367321 4.815731
57830 28.9150 -0.368005 4.823313
57840 28.9200 -0.368673 4.830630
57850 28.9250 -0.369335 4.837791
57860 28.9300 -0.369958 4.844457
57870 28.9350 -0.370582 4.851072
57880 28.9400 -0.371328 4.858896
57890 28.9450 -0.372374 4.869715
57900 28.9500 -0.373541 4.881601
57910 28.9550 -0.374746 4.954738
57920 28.9600 -0.375993 4.967052
57930 28.9650 -0.377234 4.979121
57940 28.9700 -0.378239 4.988783
57950 28.9750 -0.379164 4.997597
57960 28.9800 -0.380116 5.006607
57970 28.9850 -0.380929 5.014262
57980 28.9900 -0.381457 5.019213
57990 28.9950 -0.381862 5.022997
58000 29.0000 -0.382270 5.026809
58010 29.0050 -0.382567 5.088204
58020 29.0100 -0.382664 5.089107
58030 29.0150 -0.382610 5.088602
58040 29.0200 -0.382523 5.087797
58050 29.0250 -0.382319 5.085892
58060 29.0300 -0.382041 5.083297
58070 29.0350 -0.381818 5.081212
58080 29.0400 -0.381552 5.078716
58090 29.0450 -0.381148 5.074927
58100 29.0500 -0.380511 5.068920
58110 29.0550 -0.379835 5.120445
58120 29.0600 -0.379147 5.113869
58130 29.0650 -0.378561 5.108217
58140 29.0700 -0.377916 5.101947
58150 29.0750 -0.377115 5.094084
58160 29.0800 -0.376507 5.088058
58170 29.0850 -0.376118 5.084172
58180 29.0900 -0.375720 5.080165
58190 29.0950 -0.375345 5.076371
58200 29.1000 -0.375035 5.073223
58210 29.1050 -0.374908 5.129789
58220 29.1100 -0.374855 5.129250
58230 29.1150 -0.374994 5.130666
58240 29.1200 -0.375242 5.133200
58250 29.1250 -0.375822 5.139059
58260 29.1300 -0.376497 5.145798
58270 29.1350 -0.377203 5.152767
58280 29.1400 -0.377731 5.157926
58290 29.1450 -0.378357 5.163978
58300 29.1500 -0.379235 5.172377
58310 29.1550 -0.380521 5.240743
58320 29.1600 -0.382186 5.256030
58330 29.1650 -0.383873 5.271159
58340 29.1700 -0.385493 5.285389
58350 29.1750 -0.386982 5.298269
58360 29.1800 -0.388565 5.311793
58370 29.1850 -0.390284 5.326315
58380 29.1900 -0.392027 5.340925
58390 29.1950 -0.394047 5.357787
58400 29.2000 -0.396086 5.374789
58410 29.2050 -0.398342 5.446807
58420 29.2100 -0.400594 5.465649
58430 29.2150 -0.402863 5.484758
58440 29.2200 -0.404977 5.502729
58450 29.2250 -0.407123 5.521198
58460 29.2300 -0.409186 5.539208
58470 29.2350 -0.410963 5.554935
58480 29.2400 -0.412554 5.569206
58490 29.2450 -0.414008 5.582412
58500 29.2500 -0.415183 5.593202
58510 29.2550 -0.416133 5.652036
58520 29.2600 -0.417033 5.660412
58530 29.2650 -0.417703 5.666678
58540 29.2700 -0.418192 5.671274
58550 29.2750 -0.418405 5.673277
58560 29.2800 -0.418534 5.674495
58570 29.2850 -0.418593 5.675049
58580 29.2900 -0.418466 5.673854
58590 29.2950 -0.418029 5.669742
58600 29.3000 -0.417452 5.664327
58610 29.3050 -0.416477 5.704272
58620 29.3100 -0.415456 5.694779
58630 29.3150 -0.414406 5.685049
58640 29.3200 -0.413121 5.673203
58650 29.3250 -0.411793 5.661026
58660 29.3300 -0.410298 5.647382
58670 29.3350 -0.408661 5.632521
58680 29.3400 -0.406875 5.616382
58690 29.3450 -0.404977 5.599296
58700 29.3500 -0.402896 5.580604
58710 29.3550 -0.400624 5.610380
58720 29.3600 -0.398366 5.589911
58730 29.3650 -0.396061 5.568799
58740 29.3700 -0.393457 5.544566
58750 29.3750 -0.390840 5.519686
58760 29.3800 -0.388275 5.494659
58770 29.3850 -0.385407 5.465722
58780 29.3900 -0.382576 5.435988
58790 29.3950 -0.379806 5.405551
58800 29.4000 -0.377169 5.375119
58810 29.4050 -0.374423 5.394830
58820 29.4100 -0.371741 5.360076
58830 29.4150 -0.369084 5.323428
58840 29.4200 -0.366466 5.284940
58850 29.4250 -0.363946 5.245505
58860 29.4300 -0.361648 5.207348
58870 29.4350 -0.359389 5.167648
58880 29.4400 -0.357309 5.129088
58890 29.4450 -0.355381 5.091566
58900 29.4500 -0.353757 5.058565
58910 29.4550 -0.352256 5.084982
58920 29.4600 -0.350887 5.055043
58930 29.4650 -0.349715 5.028612
58940 29.4700 -0.348441 4.999012
58950 29.4750 -0.347168 4.968563
58960 29.4800 -0.345862 4.936340
58970 29.4850 -0.344269 4.895761
58980 29.4900 -0.342731 4.855170
58990 29.4950 -0.341253 4.814887
59000 29.5000 -0.339621 4.768914
59010 29.5050 -0.337791 4.778471
59020 29.5100 -0.336031 4.725155
59030 29.5150 -0.334260 4.669569
59040 29.5200 -0.332793 4.622080
59050 29.5250 -0.331137 4.566946
59060 29.5300 -0.329410 4.507658
59070 29.5350 -0.327536 4.441388
59080 29.5400 -0.325517 4.367711
59090 29.5450 -0.323448 4.289854
59100 29.5500 -0.321382 4.209805
59110 29.5550 -0.319264 4.199042
59120 29.5600 -0.317076 4.109336
59130 29.5650 -0.314837 4.015125
59140 29.5700 -0.312240 3.902929
59150 29.5750 -0.309294 3.772262
59160 29.5800 -0.306284 3.635386
59170 29.5850 -0.303211 3.492759
59180 29.5900 -0.300076 3.344818
59190 29.5950 -0.296711 3.183944
59200 29.6000 -0.293121 3.010902
59210 29.6050 -0.289607 2.943727
59220 29.6100 -0.285994 2.768781
59230 29.6150 -0.282185 2.585395
59240 29.6200 -0.278348 2.402917
59250 29.6250 -0.274322 2.215153
59260 29.6300 -0.270078 2.022628
59270 29.6350 -0.265950 1.841871
59280 29.6400 -0.261916 1.672483
59290 29.6450 -0.258054 1.517816
59300 29.6500 -0.254117 1.368299
59310 29.6550 -0.250272 1.393215
59320 29.6600 -0.246495 1.265057
59330 29.6650 -0.242722 1.144644
59340 29.6700 -0.239129 1.037151
59350 29.6750 -0.235698 0.941064
59360 29.6800 -0.232308 0.852380
59370 29.6850 -0.229056 0.773064
59380 29.6900 -0.225964 0.702768
59390 29.6950 -0.223114 0.642303
59400 29.7000 -0.220652 0.593293
59410 29.7050 -0.218531 0.755720
59420 29.7100 -0.216557 0.719990
59430 29.7150 -0.214864 0.690517
59440 29.7200 -0.213217 0.662860
59450 29.7250 -0.211745 0.638947
59460 29.7300 -0.210648 0.621612
59470 29.7350 -0.209947 0.610751
59480 29.7400 -0.209629 0.605877
59490 29.7450 -0.209738 0.607532
59500 29.7500 -0.210314 0.616409
59510 29.7550 -0.211346 0.833722
59520 29.7600 -0.213063 0.861189
59530 29.7650 -0.214838 0.890426
59540 29.7700 -0.217013 0.927485
59550 29.7750 -0.219549 0.972479
59560 29.7800 -0.222240 1.022463
59570 29.7850 -0.224970 1.075666
59580 29.7900 -0.227721 1.131916
59590 29.7950 -0.230844 1.199204
59600 29.8000 -0.234307 1.278277
59610 29.8050 -0.238040 1.535790
59620 29.8100 -0.241806 1.632005
59630 29.8150 -0.245653 1.735853
59640 29.8200 -0.249656 1.850039
59650 29.8250 -0.253560 1.967552
59660 29.8300 -0.257530 2.093234
59670 29.8350 -0.261539 2.226422
59680 29.8400 -0.265673 2.370071
59690 29.8450 -0.269780 2.518686
59700 29.8500 -0.273743 2.667156
59710 29.8550 -0.277738 2.934235
59720 29.8600 -0.281760 3.091879
59730 29.8650 -0.285884 3.255642
59740 29.8700 -0.289748 3.410068
59750 29.8750 -0.293443 3.557770
59760 29.8800 -0.297037 3.700659
59770 29.8850 -0.300550 3.838781
59780 29.8900 -0.303835 3.965978
59790 29.8950 -0.306823 4.079465
59800 29.9000 -0.309478 4.178217
59810 29.9050 -0.311641 4.331289
59820 29.9100 -0.313536 4.398805
59830 29.9150 -0.315080 4.452722
59840 29.9200 -0.316413 4.498472
59850 29.9250 -0.317606 4.538736
59860 29.9300 -0.318645 4.573289
59870 29.9350 -0.319534 4.602448
59880 29.9400 -0.320238 4.625271
59890 29.9450 -0.320674 4.639301
59900 29.9500 -0.320999 4.649701
59910 29.9550 -0.321224 4.721999
59920 29.9600 -0.321287 4.723986
59930 29.9650 -0.321017 4.715392
59940 29.9700 -0.320391 4.695333
59950 29.9750 -0.319605 4.669888
59960 29.9800 -0.318701 4.640214
59970 29.9850 -0.317552 4.601928
59980 29.9900 -0.316305 4.559645
59990 29.9950 -0.314973 4.513679
60000 30.0000 -0.313468 4.460792
60010 30.0050 -0.311709 4.466379
60020 30.0100 -0.309866 4.398845
60030 30.0150 -0.307902 4.325345
60040 30.0200 -0.305461 4.231987
60050 30.0250 -0.302678 4.123087
60060 30.0300 -0.299549 3.997976
60070 30.0350 -0.296180 3.860724
60080 30.0400 -0.292789 3.720558
60090 30.0450 -0.289227 3.571988
60100 30.0500 -0.285252 3.405556
60110 30.0550 -0.281166 3.326880
60120 30.0600 -0.276945 3.151396
60130 30.0650 -0.272632 2.974439
60140 30.0700 -0.268402 2.804313
60150 30.0750 -0.264036 2.633362
60160 30.0800 -0.259751 2.470949
60170 30.0850 -0.255371 2.311124
60180 30.0900 -0.250839 2.152926
60190 30.0950 -0.246329 2.003096
60200 30.1000 -0.241801 1.860474
60210 30.1050 -0.237425 1.871595
60220 30.1100 -0.233166 1.750021
60230 30.1150 -0.228987 1.636217
60240 30.1200 -0.225016 1.532887
60250 30.1250 -0.221112 1.435713
60260 30.1300 -0.217644 1.352872
60270 30.1350 -0.214469 1.279823
60280 30.1400 -0.211337 1.210240
60290 30.1450 -0.208415 1.147465
60300 30.1500 -0.205682 1.090596
60310 30.1550 -0.203061 1.213607
60320 30.1600 -0.200727 1.167142
60330 30.1650 -0.198646 1.126407
60340 30.1700 -0.196629 1.087543
60350 30.1750 -0.194785 1.052551
60360 30.1800 -0.193308 1.024874
60370 30.1850 -0.192060 1.001748
60380 30.1900 -0.190910 0.980630
60390 30.1950 -0.190109 0.966046
60400 30.2000 -0.189435 0.953855
60410 30.2050 -0.188986 1.128805
60420 30.2100 -0.188676 1.123237
60430 30.2150 -0.188524 1.120504
60440 30.2200 -0.188595 1.121765
60450 30.2250 -0.188822 1.125856
60460 30.2300 -0.189099 1.130851
60470 30.2350 -0.189464 1.137431
60480 30.2400 -0.189966 1.146498
60490 30.2450 -0.190473 1.155682
60500 30.2500 -0.190911 1.163641
60510 30.2550 -0.191396 1.345083
60520 30.2600 -0.191969 1.355486
60530 30.2650 -0.192647 1.367813
60540 30.2700 -0.193649 1.386018
60550 30.2750 -0.194746 1.405969
60560 30.2800 -0.195908 1.427111
60570 30.2850 -0.197047 1.447850
60580 30.2900 -0.198149 1.467914
60590 30.2950 -0.199557 1.493581
60600 30.3000 -0.201090 1.521562
60610 30.3050 -0.203033 1.713166
60620 30.3100 -0.205306 1.754418
60630 30.3150 -0.207856 1.800543
60640 30.3200 -0.210782 1.853359
60650 30.3250 -0.213743 1.906859
60660 30.3300 -0.216825 1.962796
60670 30.3350 -0.220160 2.023908
60680 30.3400 -0.223515 2.086298
60690 30.3450 -0.226685 2.146435
60700 30.3500 -0.229867 2.208282
60710 30.3550 -0.233277 2.405203
60720 30.3600 -0.236760 2.476641
60730 30.3650 -0.240182 2.549130
60740 30.3700 -0.243546 2.622993
60750 30.3750 -0.246945 2.700580
60760 30.3800 -0.250279 2.779828
60770 30.3850 -0.253568 2.861277
60780 30.3900 -0.256605 2.939501
60790 30.3950 -0.259619 3.020077
60800 30.4000 -0.262511 3.100124
60810 30.4050 -0.265195 3.277096
60820 30.4100 -0.268031 3.360088
60830 30.4150 -0.270903 3.446223
60840 30.4200 -0.273796 3.534945
60850 30.4250 -0.276694 3.625634
60860 30.4300 -0.279513 3.715332
60870 30.4350 -0.282234 3.803083
60880 30.4400 -0.284986 3.892718
60890 30.4450 -0.287753 3.983472
60900 30.4500 -0.290435 4.071761
60910 30.4550 -0.293035 4.233778
60920 30.4600 -0.295542 4.315723
60930 30.4650 -0.297980 4.394742
60940 30.4700 -0.300489 4.475115
60950 30.4750 -0.302898 4.551152
60960 30.4800 -0.305137 4.620628
60970 30.4850 -0.307166 4.682447
60980 30.4900 -0.308922 4.734969
60990 30.4950 -0.310543 4.782585
61000 30.5000 -0.312058 4.826300
61010 30.5050 -0.313310 4.923791
61020 30.5100 -0.314374 4.953445
61030 30.5150 -0.315318 4.979362
61040 30.5200 -0.316020 4.998401
61050 30.5250 -0.316493 5.011117
61060 30.5300 -0.316557 5.012833
61070 30.5350 -0.316294 5.005787
61080 30.5400 -0.315527 4.985070
61090 30.5450 -0.314690 4.962153
61100 30.5500 -0.313583 4.931450
61110 30.5550 -0.312308 4.955626
61120 30.5600 -0.310908 4.915313
61130 30.5650 -0.309349 4.869496
61140 30.5700 -0.307593 4.816846
61150 30.5750 -0.305524 4.753414
61160 30.5800 -0.303363 4.685706
61170 30.5850 -0.301370 4.622087
61180 30.5900 -0.299343 4.556394
61190 30.5950 -0.297005 4.479483
61200 30.6000 -0.294397 4.392569
61210 30.6050 -0.291558 4.366792
61220 30.6100 -0.288560 4.264693
61230 30.6150 -0.285253 4.151431
61240 30.6200 -0.281616 4.026799
61250 30.6250 -0.277770 3.895709
61260 30.6300 -0.273802 3.762044
61270 30.6350 -0.269830 3.630625
61280 30.6400 -0.265730 3.498198
61290 30.6450 -0.261451 3.364092
61300 30.6500 -0.257058 3.231176
61310 30.6550 -0.252497 3.195032
61320 30.6600 -0.247798 3.063011
61330 30.6650 -0.242986 2.932839
61340 30.6700 -0.237987 2.802582
61350 30.6750 -0.232565 2.666237
61360 30.6800 -0.226876 2.527611
61370 30.6850 -0.220886 2.385154
61380 30.6900 -0.215139 2.250591
61390 30.6950 -0.209502 2.119466
61400 30.7000 -0.203993 1.991454
61410 30.7050 -0.198597 2.001890
61420 30.7100 -0.193283 1.875311
61430 30.7150 -0.188049 1.748986
61440 30.7200 -0.183158 1.629893
61450 30.7250 -0.178657 1.520007
61460 30.7300 -0.174274 1.413271
61470 30.7350 -0.169967 1.309279
61480 30.7400 -0.165851 1.211349
61490 30.7450 -0.161978 1.120999
61500 30.7500 -0.158213 1.035281
61510 30.7550 -0.154543 1.132598
61520 30.7600 -0.151036 1.056259
61530 30.7650 -0.147553 0.982386
61540 30.7700 -0.144396 0.917302
61550 30.7750 -0.141640 0.862101
61560 30.7800 -0.139442 0.819248
61570 30.7850 -0.137436 0.781066
61580 30.7900 -0.135727 0.749300
61590 30.7950 -0.134145 0.720512
61600 30.8000 -0.132628 0.693486
61610 30.8050 -0.131226 0.865837
61620 30.8100 -0.129927 0.843410
61630 30.8150 -0.128973 0.827127
61640 30.8200 -0.128228 0.814538
61650 30.8250 -0.127661 0.805013
61660 30.8300 -0.127560 0.803329
61670 30.8350 -0.127634 0.804564
61680 30.8400 -0.128018 0.810999
61690 30.8450 -0.128640 0.821493
61700 30.8500 -0.129295 0.832613
61710 30.8550 -0.130130 1.036238
61720 30.8600 -0.131221 1.054971
61730 30.8650 -0.132482 1.076791
61740 30.8700 -0.134035 1.103869
61750 30.8750 -0.135692 1.132997
61760 30.8800 -0.137609 1.167009
61770 30.8850 -0.139605 1.202755
61780 30.8900 -0.141657 1.239814
61790 30.8950 -0.143857 1.279877
61800 30.9000 -0.146097 1.320975
61810 30.9050 -0.148307 1.526857
61820 30.9100 -0.150517 1.567436
61830 30.9150 -0.153041 1.613625
61840 30.9200 -0.155985 1.667244
61850 30.9250 -0.158802 1.718203
61860 30.9300 -0.161425 1.765285
61870 30.9350 -0.164223 1.815108
61880 30.9400 -0.167144 1.866583
61890 30.9450 -0.170319 1.921871
61900 30.9500 -0.173710 1.980088
61910 30.9550 -0.177477 2.180750
61920 30.9600 -0.181447 2.245353
61930 30.9650 -0.185579 2.310400
61940 30.9700 -0.189932 2.376633
61950 30.9750 -0.194227 2.439908
61960 30.9800 -0.198396 2.499682
61970 30.9850 -0.202449 2.556628
61980 30.9900 -0.206530 2.613243
61990 30.9950 -0.211018 2.675308
62000 31.0000 -0.215898 2.743461
62010 31.0050 -0.221024 2.927384
62020 31.0100 -0.226181 3.002962
62030 31.0150 -0.231310 3.081720
62040 31.0200 -0.236499 3.166505
62050 31.0250 -0.241674 3.257450
62060 31.0300 -0.246689 3.352726
62070 31.0350 -0.251311 3.447432
62080 31.0400 -0.255666 3.543030
62090 31.0450 -0.259886 3.641682
62100 31.0500 -0.264234 3.749361
62110 31.0550 -0.268307 3.939005
62120 31.0600 -0.272185 4.043552
62130 31.0650 -0.275825 4.144555
62140 31.0700 -0.279307 4.243282
62150 31.0750 -0.282652 4.339535
62160 31.0800 -0.285892 4.433588
62170 31.0850 -0.289106 4.527212
62180 31.0900 -0.292099 4.614154
62190 31.0950 -0.294983 4.697344
62200 31.1000 -0.297963 4.782248
62210 31.1050 -0.300898 4.927071
62220 31.1100 -0.303407 4.995594
62230 31.1150 -0.305628 5.054797
62240 31.1200 -0.307528 5.104225
62250 31.1250 -0.309167 5.145882
62260 31.1300 -0.310646 5.182676
62270 31.1350 -0.312095 5.217883
62280 31.1400 -0.313375 5.248319
62290 31.1450 -0.314439 5.273103
62300 31.1500 -0.315424 5.295619
62310 31.1550 -0.316287 5.369397
62320 31.1600 -0.316788 5.380499
62330 31.1650 -0.316865 5.382196
62340 31.1700 -0.316992 5.384967
62350 31.1750 -0.316974 5.384579
62360 31.1800 -0.316700 5.378556
62370 31.1850 -0.316263 5.368866
62380 31.1900 -0.315797 5.358418
62390 31.1950 -0.315267 5.346441
62400 31.2000 -0.314695 5.333385
62410 31.2050 -0.313995 5.370976
62420 31.2100 -0.313016 5.347942
62430 31.2150 -0.311798 5.318693
62440 31.2200 -0.310310 5.282088
62450 31.2250 -0.308520 5.236836
62460 31.2300 -0.306418 5.182072
62470 31.2350 -0.303847 5.112940
62480 31.2400 -0.301031 5.034773
62490 31.2450 -0.298248 4.955299
62500 31.2500 -0.295247 4.867613
62510 31.2550 -0.291954 4.830665
62520 31.2600 -0.288591 4.728668
62530 31.2650 -0.285162 4.623657
62540 31.2700 -0.281501 4.511143
62550 31.2750 -0.277905 4.401023
62560 31.2800 -0.274181 4.288216
62570 31.2850 -0.270246 4.171159
62580 31.2900 -0.266376 4.058915
62590 31.2950 -0.262508 3.950195
62600 31.3000 -0.258508 3.841906
62610 31.3050 -0.254197 3.811665
62620 31.3100 -0.249846 3.703805
62630 31.3150 -0.245407 3.599029
62640 31.3200 -0.241236 3.505334
62650 31.3250 -0.237078 3.416239
62660 31.3300 -0.232916 3.331013
62670 31.3350 -0.228916 3.252390
62680 31.3400 -0.225314 3.183923
62690 31.3450 -0.221899 3.120711
62700 31.3500 -0.218815 3.064776
62710 31.3550 -0.216102 3.117545
62720 31.3600 -0.213502 3.071059
62730 31.3650 -0.211050 3.027234
62740 31.3700 -0.208682 2.984824
62750 31.3750 -0.206451 2.944693
62760 31.3800 -0.204304 2.905853
62770 31.3850 -0.202215 2.867811
62780 31.3900 -0.200298 2.832619
62790 31.3950 -0.198692 2.802925
62800 31.4000 -0.197232 2.775728
62810 31.4050 -0.196118 2.864823
62820 31.4100 -0.195391 2.851082
62830 31.4150 -0.194923 2.842195
62840 31.4200 -0.194848 2.840764
62850 31.4250 -0.194942 2.842554
62860 31.4300 -0.195286 2.849092
62870 31.4350 -0.195780 2.858448
62880 31.4400 -0.196424 2.870574
62890 31.4450 -0.197274 2.886516
62900 31.4500 -0.198465 2.908677
62910 31.4550 -0.199765 3.038607
62920 31.4600 -0.201204 3.064771
62930 31.4650 -0.202888 3.094966
62940 31.4700 -0.204990 3.132065
62950 31.4750 -0.207112 3.168886
62960 31.4800 -0.209321 3.206636
62970 31.4850 -0.211637 3.245630
62980 31.4900 -0.214168 3.287726
62990 31.4950 -0.216765 3.330459
63000 31.5000 -0.219347 3.372701
63010 31.5050 -0.221844 3.506421
63020 31.5100 -0.224490 3.549317
63030 31.5150 -0.227285 3.594663
63040 31.5200 -0.230145 3.641356
63050 31.5250 -0.232991 3.688361
63060 31.5300 -0.235769 3.735001
63070 31.5350 -0.238502 3.781851
63080 31.5400 -0.241067 3.826855
63090 31.5450 -0.243402 3.868835
63100 31.5500 -0.245618 3.909672
63110 31.5550 -0.247677 4.028589
63120 31.5600 -0.249623 4.066005
63130 31.5650 -0.251534 4.103518
63140 31.5700 -0.253343 4.139716
63150 31.5750 -0.255058 4.174695
63160 31.5800 -0.256357 4.201616
63170 31.5850 -0.257473 4.225059
63180 31.5900 -0.258549 4.247924
63190 31.5950 -0.259591 4.270306
63200 31.6000 -0.260482 4.289620
63210 31.6050 -0.261283 4.379187
63220 31.6100 -0.261949 4.393857
63230 31.6150 -0.262548 4.407094
63240 31.6200 -0.263254 4.422812
63250 31.6250 -0.263976 4.438967
63260 31.6300 -0.264780 4.457087
63270 31.6350 -0.265640 4.476596
63280 31.6400 -0.266357 4.492949
63290 31.6450 -0.266892 4.505205
63300 31.6500 -0.267422 4.517393
63310 31.6550 -0.267622 4.589614
63320 31.6600 -0.267789 4.593475
63330 31.6650 -0.267743 4.592416
63340 31.6700 -0.267602 4.589157
63350 31.6750 -0.267276 4.581639
63360 31.6800 -0.266760 4.569776
63370 31.6850 -0.266398 4.561463
63380 31.6900 -0.265991 4.552149
63390 31.6950 -0.265616 4.543600
63400 31.7000 -0.265362 4.537804
63410 31.7050 -0.265309 4.603821
63420 31.7100 -0.265227 4.601954
63430 31.7150 -0.265135 4.599863
63440 31.7200 -0.264986 4.596476
63450 31.7250 -0.264841 4.593184
63460 31.7300 -0.264612 4.587982
63470 31.7350 -0.264290 4.580699
63480 31.7400 -0.263915 4.572214
63490 31.7450 -0.263476 4.562320
63500 31.7500 -0.263195 4.556014
63510 31.7550 -0.262709 4.611962
63520 31.7600 -0.261985 4.595762
63530 31.7650 -0.261190 4.578025
63540 31.7700 -0.260344 4.559230
63550 31.7750 -0.259619 4.543183
63560 31.7800 -0.258854 4.526320
63570 31.7850 -0.258104 4.509862
63580 31.7900 -0.257382 4.494067
63590 31.7950 -0.256450 4.473786
63600 31.8000 -0.255464 4.452431
63610 31.8050 -0.254179 4.493580
63620 31.8100 -0.252828 4.464650
63630 31.8150 -0.251385 4.433912
63640 31.8200 -0.249833 4.401050
63650 31.8250 -0.248284 4.368428
63660 31.8300 -0.246729 4.335875
63670 31.8350 -0.245137 4.302745
63680 31.8400 -0.243453 4.267843
63690 31.8450 -0.241667 4.231028
63700 31.8500 -0.240022 4.197229
63710 31.8550 -0.238519 4.240354
63720 31.8600 -0.236894 4.207044
63730 31.8650 -0.235164 4.171545
63740 31.8700 -0.233283 4.132890
63750 31.8750 -0.231200 4.089935
63760 31.8800 -0.229245 4.049438
63770 31.8850 -0.227219 4.007217
63780 31.8900 -0.225171 3.964249
63790 31.8950 -0.222918 3.916583
63800 31.9000 -0.220457 3.863911
63810 31.9050 -0.218083 3.893533
63820 31.9100 -0.215765 3.842341
63830 31.9150 -0.213652 3.794914
63840 31.9200 -0.211741 3.751315
63850 31.9250 -0.209959 3.710077
63860 31.9300 -0.208059 3.665421
63870 31.9350 -0.206245 3.622169
63880 31.9400 -0.204417 3.577884
63890 31.9450 -0.202760 3.537193
63900 31.9500 -0.201368 3.502581
63910 31.9550 -0.199983 3.557499
63920 31.9600 -0.198717 3.525256
63930 31.9650 -0.197453 3.492690
63940 31.9700 -0.196180 3.459503
63950 31.9750 -0.194893 3.425594
63960 31.9800 -0.193775 3.395808
63970 31.9850 -0.192843 3.370778
63980 31.9900 -0.191977 3.347358
63990 31.9950 -0.191149 3.324806
64000 32.0000 -0.190292 3.301312
64010 32.0050 -0.189701 3.379980
64020 32.0100 -0.189135 3.364282
64030 32.0150 -0.188539 3.347673
64040 32.0200 -0.187857 3.328575
64050 32.0250 -0.187198 3.309992
64060 32.0300 -0.186555 3.291786
64070 32.0350 -0.185938 3.274232
64080 32.0400 -0.185295 3.255819
64090 32.0450 -0.184644 3.237122
64100 32.0500 -0.183899 3.215577
64110 32.0550 -0.183199 3.292490
64120 32.0600 -0.182177 3.262552
64130 32.0650 -0.181023 3.228462
64140 32.0700 -0.179949 3.196434
64150 32.0750 -0.178955 3.166582
64160 32.0800 -0.178133 3.141731
64170 32.0850 -0.177557 3.124205
64180 32.0900 -0.177220 3.113945
64190 32.0950 -0.176974 3.106425
64200 32.1000 -0.176406 3.089025
64210 32.1050 -0.175417 3.159350
64220 32.1100 -0.174265 3.123609
64230 32.1150 -0.173126 3.087942
64240 32.1200 -0.171889 3.048942
64250 32.1250 -0.170611 3.008308
64260 32.1300 -0.169271 2.965425
64270 32.1350 -0.167700 2.914727
64280 32.1400 -0.165962 2.858172
64290 32.1450 -0.164225 2.801277
64300 32.1500 -0.162495 2.744247
64310 32.1550 -0.160852 2.800719
64320 32.1600 -0.158926 2.736393
64330 32.1650 -0.157050 2.673370
64340 32.1700 -0.155095 2.607365
64350 32.1750 -0.152780 2.528947
64360 32.1800 -0.150405 2.448283
64370 32.1850 -0.147790 2.359383
64380 32.1900 -0.145034 2.265880
64390 32.1950 -0.142478 2.179517
64400 32.2000 -0.140109 2.099907
64410 32.2050 -0.137703 2.152377
64420 32.2100 -0.135444 2.077254
64430 32.2150 -0.133250 2.004767
64440 32.2200 -0.131057 1.932872
64450 32.2250 -0.128701 1.856380
64460 32.2300 -0.126432 1.783573
64470 32.2350 -0.124219 1.713424
64480 32.2400 -0.121944 1.642341
64490 32.2450 -0.119765 1.575277
64500 32.2500 -0.117702 1.512822
64510 32.2550 -0.115704 1.609759
64520 32.2600 -0.113762 1.552561
64530 32.2650 -0.112092 1.504022
64540 32.2700 -0.110348 1.453974
64550 32.2750 -0.108482 1.401196
64560 32.2800 -0.106651 1.350248
64570 32.2850 -0.104833 1.300494
64580 32.2900 -0.103171 1.255780
64590 32.2950 -0.101436 1.209871
64600 32.3000 -0.099679 1.164253
64610 32.3050 -0.098059 1.295467
64620 32.3100 -0.096840 1.264719
64630 32.3150 -0.096024 1.244329
64640 32.3200 -0.095285 1.226000
64650 32.3250 -0.094433 1.205011
64660 32.3300 -0.093539 1.183191
64670 32.3350 -0.092683 1.162473
64680 32.3400 -0.091947 1.144794
64690 32.3450 -0.091397 1.131669
64700 32.3500 -0.090839 1.118423
64710 32.3550 -0.090509 1.285464
64720 32.3600 -0.090282 1.280116
64730 32.3650 -0.090279 1.280055
64740 32.3700 -0.090448 1.284021
64750 32.3750 -0.090721 1.290469
64760 32.3800 -0.091130 1.300142
64770 32.3850 -0.091544 1.309986
64780 32.3900 -0.092095 1.323116
64790 32.3950 -0.092832 1.340746
64800 32.4000 -0.093665 1.360790
64810 32.4050 -0.094617 1.547201
64820 32.4100 -0.095799 1.575929
64830 32.4150 -0.097000 1.605264
64840 32.4200 -0.097954 1.628646
64850 32.4250 -0.098919 1.652411
64860 32.4300 -0.099876 1.676044
64870 32.4350 -0.100736 1.697337
64880 32.4400 -0.101377 1.713272
64890 32.4450 -0.102011 1.729054
64900 32.4500 -0.102802 1.748769
64910 32.4550 -0.103887 1.922471
64920 32.4600 -0.104917 1.948207
64930 32.4650 -0.105991 1.975088
64940 32.4700 -0.107093 2.002672
64950 32.4750 -0.108328 2.033572
64960 32.4800 -0.109675 2.067318
64970 32.4850 -0.111324 2.108612
64980 32.4900 -0.113132 2.153878
64990 32.4950 -0.115193 2.205477
65000 32.5000 -0.117436 2.261587
65010 32.5050 -0.119822 2.448067
65020 32.5100 -0.122285 2.509095
65030 32.5150 -0.124716 2.568927
65040 32.5200 -0.127218 2.630077
65050 32.5250 -0.129897 2.695085
65060 32.5300 -0.132598 2.760124
65070 32.5350 -0.135387 2.826708
65080 32.5400 -0.137879 2.885734
65090 32.5450 -0.140404 2.945059
65100 32.5500 -0.143058 3.006878
65110 32.5550 -0.145505 3.166397
65120 32.5600 -0.147881 3.220473
65130 32.5650 -0.150349 3.275871
65140 32.5700 -0.152743 3.328879
65150 32.5750 -0.155058 3.379396
65160 32.5800 -0.157262 3.426827
65170 32.5850 -0.159400 3.472193
65180 32.5900 -0.161426 3.514574
65190 32.5950 -0.163361 3.554485
65200 32.6000 -0.164979 3.587433
65210 32.6050 -0.166182 3.699299
65220 32.6100 -0.167076 3.717108
65230 32.6150 -0.167807 3.731551
65240 32.6200 -0.168565 3.746411
65250 32.6250 -0.169314 3.760983
65260 32.6300 -0.169744 3.769298
65270 32.6350 -0.169999 3.774225
65280 32.6400 -0.169961 3.773488
65290 32.6450 -0.169561 3.765765
65300 32.6500 -0.168854 3.752042
65310 32.6550 -0.167860 3.816289
65320 32.6600 -0.166669 3.792666
65330 32.6650 -0.165497 3.769089
65340 32.6700 -0.164216 3.742964
65350 32.6750 -0.162689 3.711368
65360 32.6800 -0.160852 3.672666
65370 32.6850 -0.158918 3.631143
65380 32.6900 -0.156911 3.587233
65390 32.6950 -0.154573 3.535036
65400 32.7000 -0.152151 3.479843
65410 32.7050 -0.149792 3.515247
65420 32.7100 -0.147207 3.453650
65430 32.7150 -0.144383 3.384709
65440 32.7200 -0.141342 3.308657
65450 32.7250 -0.138091 3.225340
65460 32.7300 -0.134655 3.135143
65470 32.7350 -0.131029 3.037733
65480 32.7400 -0.127631 2.944504
65490 32.7450 -0.124360 2.853148
65500 32.7500 -0.121047 2.759115
65510 32.7550 -0.117651 2.771614
65520 32.7600 -0.114271 2.672393
65530 32.7650 -0.111103 2.578017
65540 32.7700 -0.107887 2.481050
65550 32.7750 -0.104526 2.378741
65560 32.7800 -0.101166 2.275720
65570 32.7850 -0.097840 2.173280
65580 32.7900 -0.094379 2.066513
65590 32.7950 -0.090848 1.957782
65600 32.8000 -0.087389 1.851826
65610 32.8050 -0.083788 1.884513
65620 32.8100 -0.080139 1.774051
65630 32.8150 -0.076516 1.665480
65640 32.8200 -0.073102 1.564588
65650 32.8250 -0.069738 1.466896
65660 32.8300 -0.066470 1.373934
65670 32.8350 -0.063328 1.286650
65680 32.8400 -0.060405 1.207526
65690 32.8450 -0.057603 1.133705
65700 32.8500 -0.054939 1.065534
65710 32.8550 -0.052247 1.175889
65720 32.8600 -0.049636 1.112486
65730 32.8650 -0.047130 1.053211
65740 32.8700 -0.044717 0.997671
65750 32.8750 -0.042660 0.951588
65760 32.8800 -0.040683 0.908393
65770 32.8850 -0.038861 0.869564
65780 32.8900 -0.037145 0.833904
65790 32.8950 -0.035708 0.804695
65800 32.9000 -0.034667 0.783916
65810 32.9050 -0.033857 0.959924
65820 32.9100 -0.033443 0.951820
65830 32.9150 -0.033307 0.949163
65840 32.9200 -0.033465 0.952233
65850 32.9250 -0.033743 0.957672
65860 32.9300 -0.034346 0.969531
65870 32.9350 -0.035219 0.986855
65880 32.9400 -0.036151 1.005518
65890 32.9450 -0.037211 1.026970
65900 32.9500 -0.038398 1.051300
65910 32.9550 -0.039628 1.254919
65920 32.9600 -0.041034 1.284295
65930 32.9650 -0.042676 1.318947
65940 32.9700 -0.044545 1.358828
65950 32.9750 -0.046478 1.400573
65960 32.9800 -0.048512 1.444976
65970 32.9850 -0.050719 1.493725
65980 32.9900 -0.053156 1.548196
65990 32.9950 -0.055688 1.605445
66000 33.0000 -0.058095 1.660451
66010 33.0050 -0.060658 1.869661
66020 33.0100 -0.063325 1.931186
66030 33.0150 -0.065837 1.989223
66040 33.0200 -0.068137 2.042403
66050 33.0250 -0.070539 2.097960
66060 33.0300 -0.072952 2.153731
66070 33.0350 -0.075344 2.208948
66080 33.0400 -0.077909 2.268066
66090 33.0450 -0.080332 2.323748
66100 33.0500 -0.082603 2.375789
66110 33.0550 -0.084898 2.551088
66120 33.0600 -0.087234 2.603828
66130 33.0650 -0.089455 2.653511
66140 33.0700 -0.091581 2.700622
66150 33.0750 -0.093659 2.746242
66160 33.0800 -0.095804 2.792874
66170 33.0850 -0.098141 2.843121
66180 33.0900 -0.100569 2.894743
66190 33.0950 -0.103125 2.948416
66200 33.1000 -0.105781 3.003457
66210 33.1050 -0.108585 3.163799
66220 33.1100 -0.111421 3.220405
66230 33.1150 -0.114195 3.274639
66240 33.1200 -0.117065 3.329582
66250 33.1250 -0.120076 3.385969
66260 33.1300 -0.122886 3.437468
66270 33.1350 -0.125500 3.484416
66280 33.1400 -0.127838 3.525637
66290 33.1450 -0.130162 3.565917
66300 33.1500 -0.132350 3.603222
66310 33.1550 -0.134622 3.728518
66320 33.1600 -0.136931 3.766333
66330 33.1650 -0.139310 3.804410
66340 33.1700 -0.141651 3.841059
66350 33.1750 -0.144010 3.877142
66360 33.1800 -0.146536 3.914866
66370 33.1850 -0.148888 3.949150
66380 33.1900 -0.151038 3.979772
66390 33.1950 -0.153060 4.007955
66400 33.2000 -0.154976 4.034120
66410 33.2050 -0.156803 4.135889
66420 33.2100 -0.158518 4.158248
66430 33.2150 -0.160363 4.181723
66440 33.2200 -0.162320 4.205959
66450 33.2250 -0.164285 4.229614
66460 33.2300 -0.166231 4.252360
66470 33.2350 -0.168134 4.273956
66480 33.2400 -0.169781 4.292118
66490 33.2450 -0.171128 4.306623
66500 33.2500 -0.172334 4.319329
66510 33.2550 -0.173535 4.403150
66520 33.2600 -0.174601 4.413895
66530 33.2650 -0.175581 4.423556
66540 33.2700 -0.176330 4.430818
66550 33.2750 -0.176927 4.436519
66560 33.2800 -0.177590 4.442767
66570 33.2850 -0.178200 4.448435
66580 33.2900 -0.179139 4.457013
66590 33.2950 -0.180033 4.465018
66600 33.3000 -0.180795 4.471715
66610 33.3050 -0.181421 4.545594
66620 33.3100 -0.181984 4.550380
66630 33.3150 -0.182470 4.554455
66640 33.3200 -0.182987 4.558738
66650 33.3250 -0.183504 4.562961
66660 33.3300 -0.183783 4.565214
66670 33.3350 -0.183962 4.566648
66680 33.3400 -0.184160 4.568227
66690 33.3450 -0.184500 4.570925
66700 33.3500 -0.184676 4.572306
66710 33.3550 -0.184795 4.639808
66720 33.3600 -0.184906 4.640677
66730 33.3650 -0.185162 4.642661
66740 33.3700 -0.185482 4.645121
66750 33.3750 -0.185947 4.648658
66760 33.3800 -0.186382 4.651910
66770 33.3850 -0.186921 4.655883
66780 33.3900 -0.187483 4.659955
66790 33.3950 -0.187989 4.663553
66800 33.4000 -0.188443 4.666734
66810 33.4050 -0.188865 4.734472
66820 33.4100 -0.189298 4.737407
66830 33.4150 -0.189824 4.740914
66840 33.4200 -0.190515 4.745405
66850 33.4250 -0.191216 4.749839
66860 33.4300 -0.191843 4.753709
66870 33.4350 -0.192490 4.757592
66880 33.4400 -0.193077 4.761030
66890 33.4450 -0.193711 4.764652
66900 33.4500 -0.194456 4.768783
66910 33.4550 -0.195215 4.835862
66920 33.4600 -0.196078 4.840318
66930 33.4650 -0.197095 4.845324
66940 33.4700 -0.198182 4.850399
66950 33.4750 -0.199246 4.855099
66960 33.4800 -0.200303 4.859516
66970 33.4850 -0.201245 4.863244
66980 33.4900 -0.202226 4.866929
66990 33.4950 -0.203129 4.870144
67000 33.5000 -0.204088 4.873385
67010 33.5050 -0.204980 4.937429
67020 33.5100 -0.205914 4.940235
67030 33.5150 -0.206939 4.943124
67040 33.5200 -0.207870 4.945576
67050 33.5250 -0.208724 4.947693
67060 33.5300 -0.209350 4.949165
67070 33.5350 -0.209835 4.950263
67080 33.5400 -0.210070 4.950782
67090 33.5450 -0.210171 4.951002
67100 33.5500 -0.210153 4.950962
67110 33.5550 -0.209952 5.010403
67120 33.5600 -0.209502 5.009389
67130 33.5650 -0.208785 5.007699
67140 33.5700 -0.208005 5.005745
67150 33.5750 -0.207203 5.003613
67160 33.5800 -0.206525 5.001705
67170 33.5850 -0.205797 4.999547
67180 33.5900 -0.205275 4.997930
67190 33.5950 -0.204813 4.996449
67200 33.6000 -0.204113 4.994107
67210 33.6050 -0.203171 5.049928
67220 33.6100 -0.202407 5.047039
67230 33.6150 -0.201599 5.043816
67240 33.6200 -0.200680 5.039923
67250 33.6250 -0.199708 5.035546
67260 33.6300 -0.198700 5.030713
67270 33.6350 -0.197662 5.025411
67280 33.6400 -0.196644 5.019896
67290 33.6450 -0.195631 5.014084
67300 33.6500 -0.194591 5.007782
67310 33.6550 -0.193619 5.060499
67320 33.6600 -0.192701 5.054315
67330 33.6650 -0.191751 5.047611
67340 33.6700 -0.190664 5.039533
67350 33.6750 -0.189426 5.029822
67360 33.6800 -0.187991 5.017856
67370 33.6850 -0.186569 5.005261
67380 33.6900 -0.185262 4.993021
67390 33.6950 -0.183979 4.980402
67400 33.7000 -0.182820 4.968474
67410 33.7050 -0.181552 5.014414
67420 33.7100 -0.180210 4.999295
67430 33.7150 -0.178839 4.983117
67440 33.7200 -0.177186 4.962648
67450 33.7250 -0.175477 4.940384
67460 33.7300 -0.173683 4.915812
67470 33.7350 -0.171893 4.890105
67480 33.7400 -0.170057 4.862513
67490 33.7450 -0.168118 4.832078
67500 33.7500 -0.165840 4.794643
67510 33.7550 -0.163436 4.815748
67520 33.7600 -0.160938 4.770534
67530 33.7650 -0.158128 4.717227
67540 33.7700 -0.155151 4.658045
67550 33.7750 -0.152101 4.594705
67560 33.7800 -0.149156 4.531131
67570 33.7850 -0.146401 4.469660
67580 33.7900 -0.143736 4.408506
67590 33.7950 -0.141044 4.345127
67600 33.8000 -0.138280 4.278541
67610 33.8050 -0.135511 4.282556
67620 33.8100 -0.132721 4.212244
67630 33.8150 -0.129821 4.137628
67640 33.8200 -0.127012 4.064007
67650 33.8250 -0.124202 3.989095
67660 33.8300 -0.121436 3.914254
67670 33.8350 -0.118432 3.831840
67680 33.8400 -0.115384 3.747097
67690 33.8450 -0.112438 3.664234
67700 33.8500 -0.109337 3.576131
67710 33.8550 -0.106083 3.570522
67720 33.8600 -0.102904 3.477997
67730 33.8650 -0.099591 3.380531
67740 33.8700 -0.096210 3.280073
67750 33.8750 -0.092804 3.177968
67760 33.8800 -0.089377 3.074560
67770 33.8850 -0.085950 2.970538
67780 33.8900 -0.082480 2.864814
67790 33.8950 -0.078985 2.758098
67800 33.9000 -0.075585 2.654208
67810 33.9050 -0.072174 2.663657
67820 33.9100 -0.068789 2.559833
67830 33.9150 -0.065591 2.461758
67840 33.9200 -0.062446 2.365418
67850 33.9250 -0.059487 2.275042
67860 33.9300 -0.056809 2.193584
67870 33.9350 -0.054364 2.119634
67880 33.9400 -0.052029 2.049404
67890 33.9450 -0.049955 1.987434
67900 33.9500 -0.048088 1.931996
67910 33.9550 -0.046336 2.019516
67920 33.9600 -0.044808 1.974564
67930 33.9650 -0.043177 1.926757
67940 33.9700 -0.041769 1.885661
67950 33.9750 -0.040544 1.850056
67960 33.9800 -0.039346 1.815372
67970 33.9850 -0.038295 1.785092
67980 33.9900 -0.037377 1.758728
67990 33.9950 -0.036670 1.738504
68000 34.0000 -0.036298 1.727864
68010 34.0050 -0.036337 1.876422
68020 34.0100 -0.036788 1.889302
68030 34.0150 -0.037404 1.906915
68040 34.0200 -0.038045 1.925241
68050 34.0250 -0.038811 1.947204
68060 34.0300 -0.039811 1.975909
68070 34.0350 -0.040995 2.009952
68080 34.0400 -0.042222 2.045276
68090 34.0450 -0.043551 2.083580
68100 34.0500 -0.045050 2.126856
68110 34.0550 -0.046618 2.303986
68120 34.0600 -0.048424 2.355964
68130 34.0650 -0.050470 2.414610
68140 34.0700 -0.052567 2.474470
68150 34.0750 -0.054688 2.534710
68160 34.0800 -0.056887 2.596774
68170 34.0850 -0.059047 2.657339
68180 34.0900 -0.061561 2.727304
68190 34.0950 -0.064420 2.806110
68200 34.1000 -0.067416 2.887775
68210 34.1050 -0.070661 3.081500
68220 34.1100 -0.074025 3.170146
68230 34.1150 -0.077431 3.258111
68240 34.1200 -0.080932 3.346668
68250 34.1250 -0.084570 3.436775
68260 34.1300 -0.088245 3.525839
68270 34.1350 -0.091732 3.608622
68280 34.1400 -0.095072 3.686416
68290 34.1450 -0.098127 3.756338
68300 34.1500 -0.101000 3.821097
68310 34.1550 -0.103794 3.965173
68320 34.1600 -0.106597 4.026229
68330 34.1650 -0.109213 4.082263
68340 34.1700 -0.111713 4.134962
68350 34.1750 -0.114377 4.190245
68360 34.1800 -0.117070 4.245246
68370 34.1850 -0.119751 4.299124
68380 34.1900 -0.122228 4.348132
68390 34.1950 -0.124468 4.391821
68400 34.2000 -0.126572 4.432304
68410 34.2050 -0.128673 4.541361
68420 34.2100 -0.130737 4.579812
68430 34.2150 -0.132615 4.614236
68440 34.2200 -0.134258 4.643902
68450 34.2250 -0.135767 4.670744
68460 34.2300 -0.137195 4.695808
68470 34.2350 -0.138507 4.718525
68480 34.2400 -0.139492 4.735376
68490 34.2450 -0.140293 4.748964
68500 34.2500 -0.140822 4.757868
68510 34.2550 -0.140994 4.823966
68520 34.2600 -0.140937 4.823001
68530 34.2650 -0.141176 4.827014
68540 34.2700 -0.141284 4.828803
68550 34.2750 -0.141178 4.827033
68560 34.2800 -0.141090 4.825568
68570 34.2850 -0.141189 4.827221
68580 34.2900 -0.141082 4.825433
68590 34.2950 -0.140861 4.821722
68600 34.3000 -0.140669 4.818500
68610 34.3050 -0.140587 4.879269
68620 34.3100 -0.140315 4.874671
68630 34.3150 -0.139837 4.866564
68640 34.3200 -0.139276 4.856995
68650 34.3250 -0.138511 4.843801
68660 34.3300 -0.137705 4.829786
68670 34.3350 -0.137093 4.819041
68680 34.3400 -0.136320 4.805333
68690 34.3450 -0.135540 4.791403
68700 34.3500 -0.134869 4.779288
68710 34.3550 -0.134327 4.832258
68720 34.3600 -0.133900 4.824455
68730 34.3650 -0.133671 4.820260
68740 34.3700 -0.133602 4.818975
68750 34.3750 -0.133388 4.815032
68760 34.3800 -0.133026 4.808341
68770 34.3850 -0.132616 4.800721
68780 34.3900 -0.132369 4.796114
68790 34.3950 -0.132334 4.795446
68800 34.4000 -0.132560 4.799681
68810 34.4050 -0.132845 4.867442
68820 34.4100 -0.133374 4.877231
68830 34.4150 -0.133891 4.886736
68840 34.4200 -0.134469 4.897281
68850 34.4250 -0.135432 4.914634
68860 34.4300 -0.136667 4.936541
68870 34.4350 -0.137950 4.958873
68880 34.4400 -0.139321 4.982229
68890 34.4450 -0.140524 5.002314
68900 34.4500 -0.141996 5.026326
68910 34.4550 -0.143627 5.110816
68920 34.4600 -0.145043 5.132595
68930 34.4650 -0.146324 5.151752
68940 34.4700 -0.147558 5.169700
68950 34.4750 -0.148910 5.188808
68960 34.4800 -0.149966 5.203322
68970 34.4850 -0.150871 5.215463
68980 34.4900 -0.151809 5.227767
68990 34.4950 -0.152766 5.240016
69000 34.5000 -0.153588 5.250282
69010 34.5050 -0.154335 5.314485
69020 34.5100 -0.155094 5.323552
69030 34.5150 -0.155987 5.333951
69040 34.5200 -0.156878 5.344024
69050 34.5250 -0.157666 5.352694
69060 34.5300 -0.158309 5.359606
69070 34.5350 -0.158763 5.364390
69080 34.5400 -0.159213 5.369053
69090 34.5450 -0.159592 5.372922
69100 34.5500 -0.159653 5.373538
69110 34.5550 -0.159767 5.427893
69120 34.5600 -0.159862 5.428851
69130 34.5650 -0.159699 5.427208
69140 34.5700 -0.159479 5.424978
69150 34.5750 -0.159105 5.421140
69160 34.5800 -0.158734 5.417285
69170 34.5850 -0.158430 5.414074
69180 34.5900 -0.158023 5.409730
69190 34.5950 -0.157488 5.403922
69200 34.6000 -0.156739 5.395592
69210 34.6050 -0.156018 5.440246
69220 34.6100 -0.155310 5.431956
69230 34.6150 -0.154725 5.424954
69240 34.6200 -0.154170 5.418183
69250 34.6250 -0.153773 5.413272
69260 34.6300 -0.153408 5.408687
69270 34.6350 -0.153024 5.403804
69280 34.6400 -0.152685 5.399458
69290 34.6450 -0.152441 5.396298
69300 34.6500 -0.152186 5.392959
69310 34.6550 -0.151840 5.441318
69320 34.6600 -0.151181 5.432488
69330 34.6650 -0.150557 5.423973
69340 34.6700 -0.149944 5.415437
69350 34.6750 -0.149195 5.404800
69360 34.6800 -0.148595 5.396107
69370 34.6850 -0.148135 5.389342
69380 34.6900 -0.147674 5.382486
69390 34.6950 -0.147225 5.375717
69400 34.7000 -0.146693 5.367599
69410 34.7050 -0.146251 5.414060
69420 34.7100 -0.145977 5.409782
69430 34.7150 -0.145907 5.408683
69440 34.7200 -0.145733 5.405948
69450 34.7250 -0.145276 5.398689
69460 34.7300 -0.144741 5.390093
69470 34.7350 -0.144213 5.381476
69480 34.7400 -0.143745 5.373749
69490 34.7450 -0.143356 5.367256
69500 34.7500 -0.143071 5.362474
69510 34.7550 -0.142768 5.410713
69520 34.7600 -0.142681 5.409232
69530 34.7650 -0.142489 5.405946
69540 34.7700 -0.142385 5.404157
69550 34.7750 -0.142265 5.402104
69560 34.7800 -0.141949 5.396638
69570 34.7850 -0.141541 5.389515
69580 34.7900 -0.141114 5.381987
69590 34.7950 -0.140750 5.375516
69600 34.8000 -0.140255 5.366623
69610 34.8050 -0.140025 5.415766
69620 34.8100 -0.139865 5.412848
69630 34.8150 -0.139763 5.410990
69640 34.8200 -0.139587 5.407768
69650 34.8250 -0.139315 5.402742
69660 34.8300 -0.138976 5.396451
69670 34.8350 -0.138624 5.389882
69680 34.8400 -0.138506 5.387662
69690 34.8450 -0.138322 5.384192
69700 34.8500 -0.138155 5.381016
69710 34.8550 -0.137868 5.428642
69720 34.8600 -0.137418 5.419996
69730 34.8650 -0.136876 5.409465
69740 34.8700 -0.136234 5.396823
69750 34.8750 -0.135423 5.380582
69760 34.8800 -0.134803 5.367988
69770 34.8850 -0.134211 5.355804
69780 34.8900 -0.133659 5.344292
69790 34.8950 -0.132987 5.330111
69800 34.9000 -0.132124 5.311628
69810 34.9050 -0.131201 5.345644
69820 34.9100 -0.130292 5.325471
69830 34.9150 -0.129342 5.303992
69840 34.9200 -0.128420 5.282796
69850 34.9250 -0.127129 5.252502
69860 34.9300 -0.125576 5.215170
69870 34.9350 -0.123815 5.171670
69880 34.9400 -0.122196 5.130625
69890 34.9450 -0.120532 5.087394
69900 34.9500 -0.118799 5.041305
69910 34.9550 -0.117171 5.055408
69920 34.9600 -0.115654 5.013259
69930 34.9650 -0.114018 4.966894
69940 34.9700 -0.112325 4.917968
69950 34.9750 -0.110528 4.864981
69960 34.9800 -0.108669 4.809083
69970 34.9850 -0.106849 4.753346
69980 34.9900 -0.104902 4.692677
69990 34.9950 -0.103081 4.634956
70000 35.0000 -0.101420 4.581562
70010 35.0050 -0.099694 4.591711
70020 35.0100 -0.097784 4.528546
70030 35.0150 -0.095976 4.467922
70040 35.0200 -0.094243 4.409106
70050 35.0250 -0.092831 4.360668
70060 35.0300 -0.091668 4.320453
70070 35.0350 -0.090589 4.282859
70080 35.0400 -0.089384 4.240662
70090 35.0450 -0.088029 4.192839
70100 35.0500 -0.086535 4.139736
70110 35.0550 -0.085070 4.162395
70120 35.0600 -0.083739 4.114409
70130 35.0650 -0.082515 4.069937
70140 35.0700 -0.081329 4.026630
70150 35.0750 -0.080319 3.989573
70160 35.0800 -0.079317 3.952636
70170 35.0850 -0.078361 3.917254
70180 35.0900 -0.077255 3.876182
70190 35.0950 -0.076221 3.837600
70200 35.1000 -0.075171 3.798313
70210 35.1050 -0.073921 3.833946
70220 35.1100 -0.072686 3.787322
70230 35.1150 -0.071431 3.739674
70240 35.1200 -0.070247 3.694548
70250 35.1250 -0.069144 3.652374
70260 35.1300 -0.068242 3.617768
70270 35.1350 -0.067196 3.577526
70280 35.1400 -0.066258 3.541347
70290 35.1450 -0.065473 3.511016
70300 35.1500 -0.064722 3.481927
70310 35.1550 -0.064297 3.555744
70320 35.1600 -0.063930 3.541478
70330 35.1650 -0.063716 3.533154
70340 35.1700 -0.063452 3.522922
70350 35.1750 -0.063091 3.508867
70360 35.1800 -0.062669 3.492416
70370 35.1850 -0.062184 3.473506
70380 35.1900 -0.061634 3.451997
70390 35.1950 -0.061052 3.429264
70400 35.2000 -0.060274 3.398763
70410 35.2050 -0.059508 3.461097
70420 35.2100 -0.058836 3.434693
70430 35.2150 -0.058310 3.413962
70440 35.2200 -0.057971 3.400578
70450 35.2250 -0.057637 3.387383
70460 35.2300 -0.057361 3.376454
70470 35.2350 -0.057009 3.362562
70480 35.2400 -0.056687 3.349811
70490 35.2450 -0.056302 3.334527
70500 35.2500 -0.055713 3.311155
70510 35.2550 -0.055008 3.377849
70520 35.2600 -0.054309 3.350026
70530 35.2650 -0.053756 3.327968
70540 35.2700 -0.053279 3.308911
70550 35.2750 -0.052916 3.294371
70560 35.2800 -0.052593 3.281451
70570 35.2850 -0.052150 3.263709
70580 35.2900 -0.051782 3.248953
70590 35.2950 -0.051531 3.238880
70600 35.3000 -0.051438 3.235129
70610 35.3050 -0.051754 3.344560
70620 35.3100 -0.052490 3.374047
70630 35.3150 -0.053415 3.411014
70640 35.3200 -0.054496 3.454055
70650 35.3250 -0.055517 3.494508
70660 35.3300 -0.056689 3.540763
70670 35.3350 -0.057971 3.591095
70680 35.3400 -0.059298 3.642880
70690 35.3450 -0.060690 3.696841
70700 35.3500 -0.062046 3.749024
70710 35.3550 -0.063446 3.886239
70720 35.3600 -0.064780 3.936712
70730 35.3650 -0.065998 3.982364
70740 35.3700 -0.067206 4.027243
70750 35.3750 -0.068460 4.073447
70760 35.3800 -0.069603 4.115154
70770 35.3850 -0.070704 4.155002
70780 35.3900 -0.071776 4.193440
70790 35.3950 -0.072704 4.226427
70800 35.4000 -0.073889 4.268180
70810 35.4050 -0.075286 4.389327
70820 35.4100 -0.076866 4.443573
70830 35.4150 -0.078612 4.502509
70840 35.4200 -0.080718 4.572210
70850 35.4250 -0.083108 4.649401
70860 35.4300 -0.085653 4.729324
70870 35.4350 -0.087985 4.800511
70880 35.4400 -0.090255 4.867891
70890 35.4450 -0.092441 4.930970
70900 35.4500 -0.094361 4.984940
70910 35.4550 -0.096291 5.097056
70920 35.4600 -0.098236 5.148798
70930 35.4650 -0.100178 5.198924
70940 35.4700 -0.102041 5.245631
70950 35.4750 -0.103881 5.290384
70960 35.4800 -0.105873 5.337339
70970 35.4850 -0.107773 5.380622
70980 35.4900 -0.109573 5.420312
70990 35.4950 -0.111164 5.454307
71000 35.5000 -0.112852 5.489270
71010 35.5050 -0.114705 5.577835
71020 35.5100 -0.116520 5.612717
71030 35.5150 -0.118391 5.647226
71040 35.5200 -0.120366 5.682070
71050 35.5250 -0.122200 5.712953
71060 35.5300 -0.123895 5.740231
71070 35.5350 -0.125512 5.765137
71080 35.5400 -0.127061 5.787965
71090 35.5450 -0.128488 5.808108
71100 35.5500 -0.130043 5.829079
71110 35.5550 -0.131766 5.897942
71120 35.5600 -0.133535 5.919197
71130 35.5650 -0.135241 5.938390
71140 35.5700 -0.136832 5.955134
71150 35.5750 -0.138283 5.969447
71160 35.5800 -0.139612 5.981735
71170 35.5850 -0.141066 5.994301
71180 35.5900 -0.142644 6.006897
71190 35.5950 -0.144313 6.019032
71200 35.6000 -0.146223 6.031431
71210 35.6050 -0.148231 6.086994
71220 35.6100 -0.150213 6.096359
71230 35.6150 -0.152352 6.104493
71240 35.6200 -0.154349 6.110248
71250 35.6250 -0.156259 6.114102
71260 35.6300 -0.158105 6.116307
71270 35.6350 -0.159958 6.117031
71280 35.6400 -0.161939 6.116174
71290 35.6450 -0.164191 6.113179
71300 35.6500 -0.166504 6.107900
71310 35.6550 -0.168980 6.143107
71320 35.6600 -0.171677 6.131360
71330 35.6650 -0.174279 6.117251
71340 35.6700 -0.176909 6.100320
71350 35.6750 -0.179547 6.080758
71360 35.6800 -0.182483 6.056096
71370 35.6850 -0.185413 6.028647
71380 35.6900 -0.188132 6.000817
71390 35.6950 -0.190791 5.971617
71400 35.7000 -0.193448 5.940653
71410 35.7050 -0.196307 5.950919
71420 35.7100 -0.198905 5.917508
71430 35.7150 -0.201338 5.885160
71440 35.7200 -0.203804 5.851508
71450 35.7250 -0.206000 5.821000
71460 35.7300 -0.208008 5.792765
71470 35.7350 -0.209769 5.767859
71480 35.7400 -0.211350 5.745439
71490 35.7450 -0.212822 5.724582
71500 35.7500 -0.214211 5.704953
71510 35.7550 -0.215632 5.733456
71520 35.7600 -0.217260 5.710678
71530 35.7650 -0.218867 5.688397
71540 35.7700 -0.220726 5.662962
71550 35.7750 -0.222573 5.638140
71560 35.7800 -0.224483 5.613059
71570 35.7850 -0.226420 5.588335
71580 35.7900 -0.228515 5.562546
71590 35.7950 -0.230732 5.536447
71600 35.8000 -0.232867 5.512643
71610 35.8050 -0.234992 5.541494
71620 35.8100 -0.237111 5.520667
71630 35.8150 -0.239091 5.502607
71640 35.8200 -0.241033 5.486304
71650 35.8250 -0.242915 5.471898
71660 35.8300 -0.244496 5.460908
71670 35.8350 -0.246019 5.451309
71680 35.8400 -0.247423 5.443354
71690 35.8450 -0.248682 5.436955
71700 35.8500 -0.249849 5.431663
71710 35.8550 -0.250704 5.480520
71720 35.8600 -0.251487 5.477601
71730 35.8650 -0.252231 5.475083
71740 35.8700 -0.252876 5.473094
71750 35.8750 -0.253351 5.471751
71760 35.8800 -0.253549 5.471219
71770 35.8850 -0.253531 5.471266
71780 35.8900 -0.253199 5.472170
71790 35.8950 -0.252810 5.473288
71800 35.9000 -0.252412 5.474505
71810 35.9050 -0.251677 5.528660
71820 35.9100 -0.250845 5.531678
71830 35.9150 -0.250010 5.535001
71840 35.9200 -0.249166 5.538649
71850 35.9250 -0.248325 5.542580
71860 35.9300 -0.247586 5.546271
71870 35.9350 -0.246965 5.549540
71880 35.9400 -0.246039 5.554700
71890 35.9450 -0.244721 5.562625
71900 35.9500 -0.243049 5.573627
71910 35.9550 -0.241149 5.637649
71920 35.9600 -0.239129 5.653536
71930 35.9650 -0.236918 5.672369
71940 35.9700 -0.234663 5.693025
71950 35.9750 -0.232400 5.715097
71960 35.9800 -0.229988 5.739942
71970 35.9850 -0.227645 5.765200
71980 35.9900 -0.225294 5.791512
71990 35.9950 -0.222706 5.821360
72000 36.0000 -0.220056 5.852659
72010 36.0050 -0.217543 5.929276
72020 36.0100 -0.215005 5.959744
72030 36.0150 -0.212640 5.988030
72040 36.0200 -0.210437 6.014134
72050 36.0250 -0.208372 6.038248
72060 36.0300 -0.206097 6.064279
72070 36.0350 -0.203639 6.091624
72080 36.0400 -0.201093 6.118916
72090 36.0450 -0.198578 6.144657
72100 36.0500 -0.196021 6.169419
72110 36.0550 -0.193500 6.234813
72120 36.0600 -0.190947 6.256083
72130 36.0650 -0.188431 6.275104
72140 36.0700 -0.186047 6.291248
72150 36.0750 -0.183726 6.305118
72160 36.0800 -0.181451 6.316871
72170 36.0850 -0.178995 6.327440
72180 36.0900 -0.176663 6.335376
72190 36.0950 -0.174411 6.341049
72200 36.1000 -0.172248 6.344621
72210 36.1050 -0.169916 6.386886
72220 36.1100 -0.167534 6.386259
72230 36.1150 -0.165208 6.383310
72240 36.1200 -0.163343 6.379264
72250 36.1250 -0.161676 6.374374
72260 36.1300 -0.160206 6.369064
72270 36.1350 -0.158995 6.363982
72280 36.1400 -0.157737 6.358026
72290 36.1450 -0.156454 6.351243
72300 36.1500 -0.155296 6.344510
72310 36.1550 -0.154205 6.378179
72320 36.1600 -0.153129 6.370856
72330 36.1650 -0.151949 6.362230
72340 36.1700 -0.150509 6.350853
72350 36.1750 -0.148961 6.337575
72360 36.1800 -0.147431 6.323404
72370 36.1850 -0.145914 6.308322
72380 36.1900 -0.144280 6.290936
72390 36.1950 -0.142525 6.270940
72400 36.2000 -0.140963 6.251991
72410 36.2050 -0.139389 6.273437
72420 36.2100 -0.137852 6.252642
72430 36.2150 -0.136577 6.234572
72440 36.2200 -0.135204 6.214311
72450 36.2250 -0.133822 6.193074
72460 36.2300 -0.132560 6.172933
72470 36.2350 -0.131342 6.152825
72480 36.2400 -0.130164 6.132751
72490 36.2450 -0.128961 6.111647
72500 36.2500 -0.127780 6.090285
72510 36.2550 -0.126737 6.114479
72520 36.2600 -0.125638 6.093546
72530 36.2650 -0.124489 6.071092
72540 36.2700 -0.123390 6.049049
72550 36.2750 -0.122212 6.024849
72560 36.2800 -0.121041 6.000169
72570 36.2850 -0.119906 5.975683
72580 36.2900 -0.118980 5.955295
72590 36.2950 -0.118265 5.939303
72600 36.3000 -0.117806 5.928914
72610 36.3050 -0.117522 5.968001
72620 36.3100 -0.117286 5.962588
72630 36.3150 -0.117078 5.957811
72640 36.3200 -0.117049 5.957126
72650 36.3250 -0.117071 5.957649
72660 36.3300 -0.116907 5.953839
72670 36.3350 -0.116579 5.946228
72680 36.3400 -0.116110 5.935277
72690 36.3450 -0.115715 5.925955
72700 36.3500 -0.115398 5.918437
72710 36.3550 -0.114866 5.951394
72720 36.3600 -0.114090 5.932578
72730 36.3650 -0.113374 5.914993
72740 36.3700 -0.112556 5.894602
72750 36.3750 -0.111658 5.871869
72760 36.3800 -0.110759 5.848740
72770 36.3850 -0.109675 5.820350
72780 36.3900 -0.108520 5.789552
72790 36.3950 -0.107314 5.756739
72800 36.4000 -0.106154 5.724561
72810 36.4050 -0.105149 5.744446
72820 36.4100 -0.104324 5.720810
72830 36.4150 -0.103705 5.702879
72840 36.4200 -0.103096 5.685079
72850 36.4250 -0.102614 5.670855
72860 36.4300 -0.101877 5.648914
72870 36.4350 -0.101057 5.624213
72880 36.4400 -0.100260 5.599929
72890 36.4450 -0.099418 5.573943
72900 36.4500 -0.098249 5.537387
72910 36.4550 -0.097036 5.549609
72920 36.4600 -0.095614 5.503524
72930 36.4650 -0.094253 5.458546
72940 36.4700 -0.092817 5.410210
72950 36.4750 -0.091363 5.360358
72960 36.4800 -0.089936 5.310546
72970 36.4850 -0.088466 5.258302
72980 36.4900 -0.087198 5.212547
72990 36.4950 -0.085912 5.165436
73000 36.5000 -0.084510 5.113314
73010 36.5050 -0.083021 5.114300
73020 36.5100 -0.081482 5.055205
73030 36.5150 -0.080029 4.998526
73040 36.5200 -0.078601 4.942020
73050 36.5250 -0.077265 4.888462
73060 36.5300 -0.075903 4.833149
73070 36.5350 -0.074534 4.776838
73080 36.5400 -0.073112 4.717647
73090 36.5450 -0.071727 4.659327
73100 36.5500 -0.070488 4.606625
73110 36.5550 -0.069289 4.621055
73120 36.5600 -0.068240 4.575564
73130 36.5650 -0.067214 4.530733
73140 36.5700 -0.066229 4.487354
73150 36.5750 -0.065248 4.443872
73160 36.5800 -0.064309 4.401982
73170 36.5850 -0.063242 4.354062
73180 36.5900 -0.062185 4.306225
73190 36.5950 -0.061181 4.260526
73200 36.6000 -0.060297 4.220121
73210 36.6050 -0.059313 4.248297
73220 36.6100 -0.058293 4.201052
73230 36.6150 -0.057398 4.159434
73240 36.6200 -0.056388 4.112163
73250 36.6250 -0.055339 4.062853
73260 36.6300 -0.054248 4.011316
73270 36.6350 -0.053076 3.955625
73280 36.6400 -0.051940 3.901444
73290 36.6450 -0.050815 3.847514
73300 36.6500 -0.049818 3.799565
73310 36.6550 -0.048858 3.835821
73320 36.6600 -0.047940 3.791330
73330 36.6650 -0.047086 3.749846
73340 36.6700 -0.046326 3.712855
73350 36.6750 -0.045601 3.677478
73360 36.6800 -0.044939 3.645093
73370 36.6850 -0.044472 3.622246
73380 36.6900 -0.044140 3.605985
73390 36.6950 -0.043792 3.588911
73400 36.7000 -0.043637 3.581298
73410 36.7050 -0.043561 3.665420
73420 36.7100 -0.043498 3.662282
73430 36.7150 -0.043600 3.667302
73440 36.7200 -0.043770 3.675645
73450 36.7250 -0.043922 3.683093
73460 36.7300 -0.044183 3.695895
73470 36.7350 -0.044457 3.709342
73480 36.7400 -0.045026 3.737156
73490 36.7450 -0.045475 3.759084
73500 36.7500 -0.045692 3.769665
73510 36.7550 -0.045793 3.857914
73520 36.7600 -0.045948 3.865465
73530 36.7650 -0.046266 3.880920
73540 36.7700 -0.046516 3.893072
73550 36.7750 -0.046776 3.905744
73560 36.7800 -0.047184 3.925528
73570 36.7850 -0.047585 3.944933
73580 36.7900 -0.047814 3.955979
73590 36.7950 -0.048174 3.973357
73600 36.8000 -0.048586 3.993245
73610 36.8050 -0.049115 4.096926
73620 36.8100 -0.049528 4.116730
73630 36.8150 -0.049807 4.130069
73640 36.8200 -0.050025 4.140496
73650 36.8250 -0.050211 4.149349
73660 36.8300 -0.050384 4.157584
73670 36.8350 -0.050517 4.163931
73680 36.8400 -0.050782 4.176503
73690 36.8450 -0.050995 4.186620
73700 36.8500 -0.051187 4.195745
73710 36.8550 -0.051283 4.274264
73720 36.8600 -0.051358 4.277779
73730 36.8650 -0.051515 4.285237
73740 36.8700 -0.051609 4.289649
73750 36.8750 -0.051747 4.296177
73760 36.8800 -0.051928 4.304750
73770 36.8850 -0.052167 4.315986
73780 36.8900 -0.052498 4.331565
73790 36.8950 -0.052823 4.346779
73800 36.9000 -0.053147 4.361935
73810 36.9050 -0.053598 4.453581
73820 36.9100 -0.053993 4.471932
73830 36.9150 -0.054583 4.499237
73840 36.9200 -0.055497 4.541237
73850 36.9250 -0.056425 4.583526
73860 36.9300 -0.057450 4.629834
73870 36.9350 -0.058828 4.691403
73880 36.9400 -0.060545 4.766868
73890 36.9450 -0.062442 4.848727
73900 36.9500 -0.064350 4.929313
73910 36.9550 -0.066312 5.070496
73920 36.9600 -0.068416 5.155088
73930 36.9650 -0.070931 5.253079
73940 36.9700 -0.073643 5.354904
73950 36.9750 -0.076427 5.455198
73960 36.9800 -0.079308 5.554445
73970 36.9850 -0.082359 5.654505
73980 36.9900 -0.085323 5.746745
73990 36.9950 -0.088337 5.835554
74000 37.0000 -0.091682 5.928328
74010 37.0050 -0.095194 6.064712
74020 37.0100 -0.098799 6.150946
74030 37.0150 -0.102402 6.230251
74040 37.0200 -0.106146 6.305577
74050 37.0250 -0.109967 6.375222
74060 37.0300 -0.113745 6.437167
74070 37.0350 -0.117538 6.492625
74080 37.0400 -0.121305 6.541275
74090 37.0450 -0.124957 6.582478
74100 37.0500 -0.128419 6.616279
74110 37.0550 -0.131922 6.682898
74120 37.0600 -0.135351 6.706287
74130 37.0650 -0.138710 6.724478
74140 37.0700 -0.142068 6.738073
74150 37.0750 -0.145572 6.747447
74160 37.0800 -0.149099 6.752003
74170 37.0850 -0.153034 6.751402
74180 37.0900 -0.157071 6.744666
74190 37.0950 -0.161353 6.730886
74200 37.1000 -0.165877 6.709089
74210 37.1050 -0.170384 6.716690
74220 37.1100 -0.174740 6.681825
74230 37.1150 -0.178941 6.642156
74240 37.1200 -0.183025 6.598254
74250 37.1250 -0.187115 6.549402
74260 37.1300 -0.191187 6.496366
74270 37.1350 -0.195206 6.440252
74280 37.1400 -0.199225 6.380972
74290 37.1450 -0.203353 6.317478
74300 37.1500 -0.207484 6.252073
74310 37.1550 -0.211631 6.226878
74320 37.1600 -0.215712 6.160753
74330 37.1650 -0.219771 6.095553
74340 37.1700 -0.223724 6.033460
74350 37.1750 -0.227669 5.973767
74360 37.1800 -0.231488 5.918958
74370 37.1850 -0.235280 5.868182
74380 37.1900 -0.238973 5.822854
74390 37.1950 -0.242465 5.784257
74400 37.2000 -0.245738 5.752248
74410 37.2050 -0.248979 5.772582
74420 37.2100 -0.252178 5.749595
74430 37.2150 -0.255246 5.731615
74440 37.2200 -0.258278 5.717855
74450 37.2250 -0.261200 5.708397
74460 37.2300 -0.263894 5.702977
74470 37.2350 -0.266344 5.700761
74480 37.2400 -0.268564 5.700937
74490 37.2450 -0.270762 5.703098
74500 37.2500 -0.272823 5.706856
74510 37.2550 -0.274353 5.759142
74520 37.2600 -0.275418 5.762274
74530 37.2650 -0.276442 5.765647
74540 37.2700 -0.277036 5.767760
74550 37.2750 -0.277147 5.768168
74560 37.2800 -0.276979 5.767551
74570 37.2850 -0.276451 5.765677
74580 37.2900 -0.275491 5.762504
74590 37.2950 -0.274045 5.758309
74600 37.3000 -0.272259 5.754137
74610 37.3050 -0.270373 5.798794
74620 37.3100 -0.268204 5.796719
74630 37.3150 -0.265681 5.796518
74640 37.3200 -0.262949 5.799075
74650 37.3250 -0.260114 5.804858
74660 37.3300 -0.257019 5.814862
74670 37.3350 -0.253684 5.829962
74680 37.3400 -0.250271 5.850001
74690 37.3450 -0.246704 5.875748
74700 37.3500 -0.243198 5.905606
74710 37.3550 -0.239632 5.986036
74720 37.3600 -0.236194 6.022906
74730 37.3650 -0.232523 6.065666
74740 37.3700 -0.228510 6.115804
74750 37.3750 -0.224460 6.169241
74760 37.3800 -0.220587 6.222295
74770 37.3850 -0.216729 6.276299
74780 37.3900 -0.212849 6.331060
74790 37.3950 -0.209065 6.384248
74800 37.4000 -0.205166 6.438144
74810 37.4050 -0.201151 6.531412
74820 37.4100 -0.197266 6.581003
74830 37.4150 -0.193658 6.624445
74840 37.4200 -0.190303 6.662256
74850 37.4250 -0.187060 6.696172
74860 37.4300 -0.183910 6.726416
74870 37.4350 -0.180672 6.754575
74880 37.4400 -0.177476 6.779276
74890 37.4450 -0.174404 6.800007
74900 37.4500 -0.171348 6.817608
74910 37.4550 -0.168437 6.866958
74920 37.4600 -0.165742 6.877081
74930 37.4650 -0.163169 6.884309
74940 37.4700 -0.160672 6.889024
74950 37.4750 -0.158484 6.891275
74960 37.4800 -0.156623 6.891796
74970 37.4850 -0.155052 6.891233
74980 37.4900 -0.153664 6.889969
74990 37.4950 -0.152450 6.888271
75000 37.5000 -0.151304 6.886159
75010 37.5050 -0.150242 6.918612
75020 37.5100 -0.149523 6.916731
75030 37.5150 -0.148956 6.915106
75040 37.5200 -0.148640 6.914144
75050 37.5250 -0.148641 6.914146
75060 37.5300 -0.148904 6.914948
75070 37.5350 -0.149466 6.916573
75080 37.5400 -0.150114 6.918294
75090 37.5450 -0.150563 6.919386
75100 37.5500 -0.150821 6.919979
75110 37.5550 -0.151082 6.955085
75120 37.5600 -0.151460 6.955865
75130 37.5650 -0.151896 6.956694
75140 37.5700 -0.152643 6.957936
75150 37.5750 -0.153512 6.959096
75160 37.5800 -0.154622 6.960135
75170 37.5850 -0.156023 6.960741
75180 37.5900 -0.157661 6.960454
75190 37.5950 -0.159408 6.958971
75200 37.6000 -0.161258 6.956087
75210 37.6050 -0.163326 6.985429
75220 37.6100 -0.165492 6.978512
75230 37.6150 -0.167644 6.969794
75240 37.6200 -0.169665 6.959948
75250 37.6250 -0.171532 6.949452
75260 37.6300 -0.173656 6.935908
75270 37.6350 -0.176061 6.918538
75280 37.6400 -0.178633 6.897645
75290 37.6450 -0.181392 6.872660
75300 37.6500 -0.184113 6.845520
75310 37.6550 -0.186955 6.849854
75320 37.6600 -0.189732 6.817203
75330 37.6650 -0.192498 6.782425
75340 37.6700 -0.195173 6.746849
75350 37.6750 -0.198208 6.704378
75360 37.6800 -0.201355 6.658271
75370 37.6850 -0.204620 6.608554
75380 37.6900 -0.207702 6.560247
75390 37.6950 -0.210595 6.514021
75400 37.7000 -0.213409 6.468507
75410 37.7050 -0.216167 6.462820
75420 37.7100 -0.218767 6.420474
75430 37.7150 -0.221361 6.378441
75440 37.7200 -0.223999 6.336160
75450 37.7250 -0.226652 6.294355
75460 37.7300 -0.229282 6.253907
75470 37.7350 -0.232072 6.212340
75480 37.7400 -0.234733 6.174236
75490 37.7450 -0.237423 6.137489
75500 37.7500 -0.240133 6.102515
75510 37.7550 -0.242972 6.111621
75520 37.7600 -0.245741 6.080647
75530 37.7650 -0.248470 6.052684
75540 37.7700 -0.250864 6.030363
75550 37.7750 -0.252714 6.014591
75560 37.7800 -0.254355 6.001699
75570 37.7850 -0.255744 5.991609
75580 37.7900 -0.256916 5.983699
75590 37.7950 -0.257939 5.977235
75600 37.8000 -0.258922 5.971418
75610 37.8050 -0.259805 6.011539
75620 37.8100 -0.260706 6.006847
75630 37.8150 -0.261539 6.002785
75640 37.8200 -0.262234 5.999600
75650 37.8250 -0.262788 5.997194
75660 37.8300 -0.263276 5.995174
75670 37.8350 -0.263539 5.994122
75680 37.8400 -0.263428 5.994563
75690 37.8450 -0.263077 5.995988
75700 37.8500 -0.262619 5.997916
75710 37.8550 -0.261908 6.045752
75720 37.8600 -0.261144 6.049345
75730 37.8650 -0.260149 6.054340
75740 37.8700 -0.258902 6.061116
75750 37.8750 -0.257331 6.070457
75760 37.8800 -0.255328 6.083669
75770 37.8850 -0.253145 6.099709
75780 37.8900 -0.250762 6.119138
75790 37.8950 -0.248383 6.140473
75800 37.9000 -0.245854 6.165185
75810 37.9050 -0.243021 6.237810
75820 37.9100 -0.239737 6.275276
75830 37.9150 -0.236050 6.320438
75840 37.9200 -0.232280 6.369500
75850 37.9250 -0.228557 6.420232
75860 37.9300 -0.224763 6.473650
75870 37.9350 -0.220957 6.528288
75880 37.9400 -0.216959 6.586088
75890 37.9450 -0.212910 6.644268
75900 37.9500 -0.208794 6.702223
75910 37.9550 -0.204592 6.795926
75920 37.9600 -0.200355 6.850237
75930 37.9650 -0.196152 6.900274
75940 37.9700 -0.191965 6.945684
75950 37.9750 -0.187903 6.984988
75960 37.9800 -0.183989 7.018025
75970 37.9850 -0.179988 7.046575
75980 37.9900 -0.176248 7.068230
75990 37.9950 -0.172665 7.084255
76000 38.0000 -0.169092 7.095505
76010 38.0050 -0.165494 7.134765
76020 38.0100 -0.161872 7.136017
76030 38.0150 -0.158223 7.131989
76040 38.0200 -0.154595 7.122698
76050 38.0250 -0.150950 7.108042
76060 38.0300 -0.147196 7.087375
76070 38.0350 -0.143598 7.062266
76080 38.0400 -0.140038 7.032312
76090 38.0450 -0.136623 6.998799
76100 38.0500 -0.133427 6.963197
76110 38.0550 -0.130402 6.959767
76120 38.0600 -0.127283 6.917043
76130 38.0650 -0.124247 6.871511
76140 38.0700 -0.121305 6.823645
76150 38.0750 -0.118502 6.774586
76160 38.0800 -0.115781 6.723694
76170 38.0850 -0.113192 6.672241
76180 38.0900 -0.110730 6.620549
76190 38.0950 -0.108356 6.568114
76200 38.1000 -0.106014 6.513844
76210 38.1050 -0.103602 6.493921
76220 38.1100 -0.101287 6.435031
76230 38.1150 -0.099075 6.376275
76240 38.1200 -0.096909 6.316349
76250 38.1250 -0.094790 6.255468
76260 38.1300 -0.092443 6.185343
76270 38.1350 -0.089862 6.104917
76280 38.1400 -0.087100 6.015046
76290 38.1450 -0.084311 5.920222
76300 38.1500 -0.081552 5.822394
76310 38.1550 -0.078625 5.761054
76320 38.1600 -0.075673 5.647144
76330 38.1650 -0.072900 5.535846
76340 38.1700 -0.070276 5.426787
76350 38.1750 -0.067608 5.312225
76360 38.1800 -0.064753 5.185627
76370 38.1850 -0.061934 5.056709
76380 38.1900 -0.059067 4.921799
76390 38.1950 -0.056231 4.784801
76400 38.2000 -0.053418 4.645605
76410 38.2050 -0.050520 4.564245
76420 38.2100 -0.047520 4.409294
76430 38.2150 -0.044343 4.242059
76440 38.2200 -0.040963 4.061195
76450 38.2250 -0.037593 3.878463
76460 38.2300 -0.034171 3.691224
76470 38.2350 -0.030699 3.500293
76480 38.2400 -0.027064 3.300284
76490 38.2450 -0.023123 3.084431
76500 38.2500 -0.019154 2.869359
76510 38.2550 -0.015158 2.763240
76520 38.2600 -0.011164 2.554210
76530 38.2650 -0.007252 2.354661
76540 38.2700 -0.003347 2.161553
76550 38.2750 0.000286 1.988253
76560 38.2800 0.003780 1.827936
76570 38.2850 0.007348 1.671236
76580 38.2900 0.010740 1.529230
76590 38.2950 0.013978 1.400276
76600 38.3000 0.017086 1.282823
76610 38.3050 0.020074 1.342483
76620 38.3100 0.022942 1.244424
76630 38.3150 0.025522 1.160396
76640 38.3200 0.027862 1.087604
76650 38.3250 0.030077 1.021675
76660 38.3300 0.032092 0.964209
76670 38.3350 0.033857 0.915808
76680 38.3400 0.035437 0.874013
76690 38.3450 0.037108 0.831334
76700 38.3500 0.038526 0.796371
76710 38.3550 0.039791 0.957340
76720 38.3600 0.040958 0.930047
76730 38.3650 0.041641 0.914349
76740 38.3700 0.042012 0.905923
76750 38.3750 0.042147 0.902872
76760 38.3800 0.042168 0.902403
76770 38.3850 0.041940 0.907549
76780 38.3900 0.041512 0.917308
76790 38.3950 0.041058 0.927725
76800 38.4000 0.040486 0.941002
76810 38.4050 0.039760 1.141786
76820 38.4100 0.038855 1.163336
76830 38.4150 0.037780 1.189354
76840 38.4200 0.036525 1.220350
76850 38.4250 0.035120 1.255809
76860 38.4300 0.033628 1.294381
76870 38.4350 0.031973 1.338290
76880 38.4400 0.030366 1.382063
76890 38.4450 0.028717 1.428163
76900 38.4500 0.026834 1.482319
76910 38.4550 0.024642 1.705163
76920 38.4600 0.022284 1.777149
76930 38.4650 0.019890 1.852560
76940 38.4700 0.017674 1.924478
76950 38.4750 0.015497 1.997098
76960 38.4800 0.013174 2.076777
76970 38.4850 0.010752 2.162221
76980 38.4900 0.008442 2.246023
76990 38.4950 0.006161 2.330862
77000 38.5000 0.004010 2.412836
77010 38.5050 0.001861 2.618169
77020 38.5100 -0.000358 2.706064
77030 38.5150 -0.002270 2.783129
77040 38.5200 -0.003966 2.852411
77050 38.5250 -0.005421 2.912584
77060 38.5300 -0.006759 2.968405
77070 38.5350 -0.007948 3.018462
77080 38.5400 -0.009055 3.065354
77090 38.5450 -0.010259 3.116779
77100 38.5500 -0.011385 3.165178
77110 38.5550 -0.012204 3.299164
77120 38.5600 -0.012905 3.329537
77130 38.5650 -0.013429 3.352312
77140 38.5700 -0.013945 3.374757
77150 38.5750 -0.014281 3.389435
77160 38.5800 -0.014447 3.396679
77170 38.5850 -0.014440 3.396356
77180 38.5900 -0.014282 3.389470
77190 38.5950 -0.013904 3.372989
77200 38.6000 -0.013442 3.352863
77210 38.6050 -0.012772 3.417370
77220 38.6100 -0.011921 3.380497
77230 38.6150 -0.010883 3.335696
77240 38.6200 -0.009689 3.284340
77250 38.6250 -0.008165 3.219173
77260 38.6300 -0.006644 3.154553
77270 38.6350 -0.005054 3.087523
77280 38.6400 -0.003441 3.020066
77290 38.6450 -0.001466 2.938290
77300 38.6500 0.000631 2.852509
77310 38.6550 0.002926 2.867488
77320 38.6600 0.005333 2.771640
77330 38.6650 0.007723 2.677815
77340 38.6700 0.010459 2.572263
77350 38.6750 0.013287 2.465265
77360 38.6800 0.016245 2.355775
77370 38.6850 0.019317 2.244769
77380 38.6900 0.022878 2.119605
77390 38.6950 0.026759 1.987611
77400 38.7000 0.030702 1.858294
77410 38.7050 0.034737 1.872690
77420 38.7100 0.038672 1.752155
77430 38.7150 0.042753 1.631362
77440 38.7200 0.046641 1.520319
77450 38.7250 0.050460 1.415144
77460 38.7300 0.054235 1.314970
77470 38.7350 0.057829 1.223162
77480 38.7400 0.061222 1.139690
77490 38.7450 0.064425 1.063813
77500 38.7500 0.067569 0.992094
77510 38.7550 0.070698 1.104263
77520 38.7600 0.073775 1.038465
77530 38.7650 0.076711 0.977600
77540 38.7700 0.079209 0.927326
77550 38.7750 0.081244 0.887384
77560 38.7800 0.082800 0.857479
77570 38.7850 0.083605 0.842224
77580 38.7900 0.084036 0.834135
77590 38.7950 0.084173 0.831551
77600 38.8000 0.084041 0.834028
77610 38.8050 0.083579 1.032007
77620 38.8100 0.082885 1.045108
77630 38.8150 0.082055 1.060878
77640 38.8200 0.080975 1.081559
77650 38.8250 0.079516 1.109758
77660 38.8300 0.077860 1.142155
77670 38.8350 0.075965 1.179742
77680 38.8400 0.073899 1.221304
77690 38.8450 0.071844 1.263274
77700 38.8500 0.069630 1.309162
77710 38.8550 0.067144 1.527070
77720 38.8600 0.064618 1.580594
77730 38.8650 0.062058 1.635344
77740 38.8700 0.059312 1.694708
77750 38.8750 0.056586 1.754318
77760 38.8800 0.053709 1.818033
77770 38.8850 0.050581 1.888293
77780 38.8900 0.047472 1.959293
77790 38.8950 0.044405 2.030600
77800 38.9000 0.041186 2.106889
77810 38.9050 0.037832 2.320539
77820 38.9100 0.034312 2.407094
77830 38.9150 0.030629 2.499625
77840 38.9200 0.026830 2.597491
77850 38.9250 0.022918 2.701108
77860 38.9300 0.018783 2.814128
77870 38.9350 0.014524 2.934622
77880 38.9400 0.010422 3.054874
77890 38.9450 0.006489 3.174166
77900 38.9500 0.002573 3.296885
77910 38.9550 -0.001100 3.510432
77920 38.9600 -0.004713 3.629721
77930 38.9650 -0.008107 3.744184
77940 38.9700 -0.011152 3.848686
77950 38.9750 -0.013790 3.940499
77960 38.9800 -0.016145 4.023382
77970 38.9850 -0.018363 4.102096
77980 38.9900 -0.020474 4.177594
77990 38.9950 -0.022288 4.242827
78000 39.0000 -0.023765 4.296151
78010 39.0050 -0.025183 4.419363
78020 39.0100 -0.026363 4.462108
78030 39.0150 -0.027391 4.499372
78040 39.0200 -0.028328 4.533352
78050 39.0250 -0.029075 4.560425
78060 39.0300 -0.029558 4.577958
78070 39.0350 -0.030196 4.601070
78080 39.0400 -0.030683 4.618730
78090 39.0450 -0.031113 4.634307
78100 39.0500 -0.031506 4.648513
78110 39.0550 -0.031875 4.727033
78120 39.0600 -0.032201 4.738836
78130 39.0650 -0.032538 4.751040
78140 39.0700 -0.032680 4.756163
78150 39.0750 -0.032627 4.754235
78160 39.0800 -0.032243 4.740371
78170 39.0850 -0.031705 4.720900
78180 39.0900 -0.031052 4.697233
78190 39.0950 -0.030209 4.666700
78200 39.1000 -0.029289 4.633305
78210 39.1050 -0.028072 4.654513
78220 39.1100 -0.026968 4.614330
78230 39.1150 -0.026005 4.579232
78240 39.1200 -0.024788 4.534830
78250 39.1250 -0.023428 4.485179
78260 39.1300 -0.021903 4.429538
78270 39.1350 -0.020192 4.367097
78280 39.1400 -0.018456 4.303858
78290 39.1450 -0.016728 4.240997
78300 39.1500 -0.014912 4.175150
78310 39.1550 -0.012914 4.177284
78320 39.1600 -0.010942 4.106226
78330 39.1650 -0.008886 4.032421
78340 39.1700 -0.006948 3.963215
78350 39.1750 -0.005176 3.900276
78360 39.1800 -0.003511 3.841476
78370 39.1850 -0.001964 3.787121
78380 39.1900 -0.000532 3.737088
78390 39.1950 0.001029 3.682902
78400 39.2000 0.002551 3.630391
78410 39.2050 0.003995 3.667465
78420 39.2100 0.005316 3.622377
78430 39.2150 0.006289 3.589340
78440 39.2200 0.007452 3.549969
78450 39.2250 0.008768 3.505630
78460 39.2300 0.009974 3.465242
78470 39.2350 0.011157 3.425793
78480 39.2400 0.012254 3.389402
78490 39.2450 0.013320 3.354197
78500 39.2500 0.014215 3.324764
78510 39.2550 0.015265 3.384701
78520 39.2600 0.016210 3.353864
78530 39.2650 0.016942 3.330024
78540 39.2700 0.017328 3.317459
78550 39.2750 0.017337 3.317173
78560 39.2800 0.017058 3.326244
78570 39.2850 0.016682 3.338469
78580 39.2900 0.016229 3.353222
78590 39.2950 0.015633 3.372671
78600 39.3000 0.014871 3.397589
78610 39.3050 0.014117 3.514772
78620 39.3100 0.013333 3.540501
78630 39.3150 0.012583 3.565148
78640 39.3200 0.011568 3.598585
78650 39.3250 0.010428 3.636233
78660 39.3300 0.009197 3.676973
78670 39.3350 0.007654 3.728173
78680 39.3400 0.005803 3.789793
78690 39.3450 0.003957 3.851440
78700 39.3500 0.002094 3.913822
78710 39.3550 0.000145 4.059221
78720 39.3600 -0.001846 4.126068
78730 39.3650 -0.003868 4.193952
78740 39.3700 -0.006007 4.265768
78750 39.3750 -0.008144 4.337431
78760 39.3800 -0.010174 4.405453
78770 39.3850 -0.012374 4.478994
78780 39.3900 -0.014724 4.557334
78790 39.3950 -0.016956 4.631470
78800 39.4000 -0.019018 4.699687
78810 39.4050 -0.021055 4.830946
78820 39.4100 -0.023201 4.901061
78830 39.4150 -0.025239 4.967111
78840 39.4200 -0.027025 5.024540
78850 39.4250 -0.028581 5.074183
78860 39.4300 -0.030091 5.122024
78870 39.4350 -0.031585 5.168997
78880 39.4400 -0.032814 5.207348
78890 39.4450 -0.033963 5.242975
78900 39.4500 -0.035138 5.279147
78910 39.4550 -0.036257 5.367979
78920 39.4600 -0.037242 5.397884
78930 39.4650 -0.038276 5.429034
78940 39.4700 -0.039388 5.462260
78950 39.4750 -0.040498 5.495153
78960 39.4800 -0.041843 5.534651
78970 39.4850 -0.043255 5.575641
78980 39.4900 -0.044669 5.616209
78990 39.4950 -0.046069 5.655895
79000 39.5000 -0.047542 5.697107
79010 39.5050 -0.048807 5.780668
79020 39.5100 -0.050042 5.814354
79030 39.5150 -0.051456 5.852388
79040 39.5200 -0.053066 5.895039
79050 39.5250 -0.054576 5.934350
79060 39.5300 -0.056204 5.976024
79070 39.5350 -0.057917 6.019035
79080 39.5400 -0.059621 6.060971
79090 39.5450 -0.061139 6.097634
79100 39.5500 -0.062524 6.130509
79110 39.5550 -0.063721 6.201506
79120 39.5600 -0.064768 6.225596
79130 39.5650 -0.065819 6.249445
79140 39.5700 -0.066883 6.273233
79150 39.5750 -0.067846 6.294475
79160 39.5800 -0.068916 6.317742
79170 39.5850 -0.069909 6.339039
79180 39.5900 -0.070847 6.358895
79190 39.5950 -0.071678 6.376246
79200 39.6000 -0.072502 6.393268
79210 39.6050 -0.073339 6.450345
79220 39.6100 -0.074128 6.466254
79230 39.6150 -0.074715 6.477950
79240 39.6200 -0.075305 6.489623
79250 39.6250 -0.075823 6.499772
79260 39.6300 -0.076109 6.505343
79270 39.6350 -0.076242 6.507925
79280 39.6400 -0.076298 6.509005
79290 39.6450 -0.076386 6.510700
79300 39.6500 -0.076370 6.510406
79310 39.6550 -0.076350 6.548735
79320 39.6600 -0.076124 6.544358
79330 39.6650 -0.076048 6.542871
79340 39.6700 -0.076028 6.542475
79350 39.6750 -0.076073 6.543364
79360 39.6800 -0.076019 6.542298
79370 39.6850 -0.075840 6.538824
79380 39.6900 -0.075204 6.526347
79390 39.6950 -0.074419 6.510768
79400 39.7000 -0.073643 6.495157
79410 39.7050 -0.072803 6.516936
79420 39.7100 -0.071895 6.498194
79430 39.7150 -0.071171 6.483030
79440 39.7200 -0.070550 6.469885
79450 39.7250 -0.070158 6.461521
79460 39.7300 -0.069857 6.455049
79470 39.7350 -0.069595 6.449418
79480 39.7400 -0.069435 6.445949
79490 39.7450 -0.069486 6.447063
79500 39.7500 -0.069459 6.446466
79510 39.7550 -0.069368 6.483916
79520 39.7600 -0.069488 6.486515
79530 39.7650 -0.069832 6.493940
79540 39.7700 -0.070276 6.503448
79550 39.7750 -0.070554 6.509372
79560 39.7800 -0.070795 6.514489
79570 39.7850 -0.071195 6.522936
79580 39.7900 -0.071911 6.537885
79590 39.7950 -0.072782 6.555849
79600 39.8000 -0.073542 6.571287
79610 39.8050 -0.074258 6.623731
79620 39.8100 -0.075105 6.640481
79630 39.8150 -0.075984 6.657571
79640 39.8200 -0.076956 6.676167
79650 39.8250 -0.077999 6.695740
79660 39.8300 -0.079079 6.715597
79670 39.8350 -0.080521 6.741459
79680 39.8400 -0.082207 6.770789
79690 39.8450 -0.084038 6.801533
79700 39.8500 -0.085910 6.831803
79710 39.8550 -0.087743 6.895686
79720 39.8600 -0.089577 6.923075
79730 39.8650 -0.091341 6.948369
79740 39.8700 -0.093177 6.973634
79750 39.8750 -0.095145 6.999551
79760 39.8800 -0.097263 7.026100
79770 39.8850 -0.099502 7.052726
79780 39.8900 -0.101606 7.076416
79790 39.8950 -0.103681 7.098569
79800 39.9000 -0.105741 7.119378
79810 39.9050 -0.107772 7.171427
79820 39.9100 -0.109645 7.188303
79830 39.9150 -0.111374 7.203038
79840 39.9200 -0.113259 7.218201
79850 39.9250 -0.115124 7.232286
79860 39.9300 -0.116882 7.244756
79870 39.9350 -0.118499 7.255526
79880 39.9400 -0.120009 7.264995
79890 39.9450 -0.121647 7.274625
79900 39.9500 -0.123532 7.284886
79910 39.9550 -0.125414 7.325423
79920 39.9600 -0.127446 7.334497
79930 39.9650 -0.129243 7.341644
79940 39.9700 -0.130829 7.347266
79950 39.9750 -0.132141 7.351429
79960 39.9800 -0.133410 7.355035
79970 39.9850 -0.134714 7.358310
79980 39.9900 -0.136304 7.361711
79990 39.9950 -0.137943 7.364533
80000 40.0000 -0.139673 7.366755
80010 40.0050 -0.141322 7.398607
80020 40.0100 -0.142958 7.399232
80030 40.0150 -0.144609 7.399112
80040 40.0200 -0.146133 7.398327
80050 40.0250 -0.147810 7.396713
80060 40.0300 -0.149541 7.394214
80070 40.0350 -0.151112 7.391209
80080 40.0400 -0.152442 7.388116
80090 40.0450 -0.153537 7.385187
80100 40.0500 -0.154636 7.381903
80110 40.0550 -0.155634 7.408959
80120 40.0600 -0.156504 7.405842
80130 40.0650 -0.157440 7.402232
80140 40.0700 -0.158225 7.399005
80150 40.0750 -0.158912 7.396024
80160 40.0800 -0.159590 7.392939
80170 40.0850 -0.160390 7.389119
80180 40.0900 -0.161041 7.385872
80190 40.0950 -0.161638 7.382777
80200 40.1000 -0.162327 7.379067
80210 40.1050 -0.163131 7.404931
80220 40.1100 -0.163992 7.399868
80230 40.1150 -0.165059 7.393268
80240 40.1200 -0.166262 7.385394
80250 40.1250 -0.167329 7.378030
80260 40.1300 -0.168102 7.372468
80270 40.1350 -0.168624 7.368601
80280 40.1400 -0.168965 7.366031
80290 40.1450 -0.169187 7.364342
80300 40.1500 -0.169395 7.362740
80310 40.1550 -0.169618 7.391518
80320 40.1600 -0.169918 7.389171
80330 40.1650 -0.170255 7.386486
80340 40.1700 -0.170788 7.382175
80350 40.1750 -0.171480 7.376440
80360 40.1800 -0.172114 7.371046
80370 40.1850 -0.172753 7.365479
80380 40.1900 -0.173227 7.361264
80390 40.1950 -0.173660 7.357347
80400 40.2000 -0.174049 7.353784
80410 40.2050 -0.173963 7.385161
80420 40.2100 -0.173650 7.388024
80430 40.2150 -0.173156 7.392479
80440 40.2200 -0.172660 7.396873
80450 40.2250 -0.172015 7.402455
80460 40.2300 -0.171086 7.410260
80470 40.2350 -0.170143 7.417875
80480 40.2400 -0.169187 7.425299
80490 40.2450 -0.168074 7.433542
80500 40.2500 -0.166845 7.442159
80510 40.2550 -0.165609 7.480141
80520 40.2600 -0.164505 7.486948
80530 40.2650 -0.163606 7.492181
80540 40.2700 -0.162513 7.498156
80550 40.2750 -0.161230 7.504628
80560 40.2800 -0.159881 7.510811
80570 40.2850 -0.158613 7.516041
80580 40.2900 -0.157171 7.521306
80590 40.2950 -0.155386 7.526820
80600 40.3000 -0.153349 7.531772
80610 40.3050 -0.151297 7.564402
80620 40.3100 -0.149117 7.566538
80630 40.3150 -0.146821 7.567015
80640 40.3200 -0.144363 7.565540
80650 40.3250 -0.141840 7.561930
80660 40.3300 -0.139345 7.556310
80670 40.3350 -0.136769 7.548411
80680 40.3400 -0.134198 7.538442
80690 40.3450 -0.131523 7.525914
80700 40.3500 -0.128792 7.510887
80710 40.3550 -0.125952 7.522143
80720 40.3600 -0.123036 7.501103
80730 40.3650 -0.120095 7.477317
80740 40.3700 -0.116921 7.448784
80750 40.3750 -0.113747 7.417307
80760 40.3800 -0.110674 7.384041
80770 40.3850 -0.107584 7.347832
80780 40.3900 -0.104411 7.307740
80790 40.3950 -0.101109 7.262870
80800 40.4000 -0.097979 7.217322
80810 40.4050 -0.095045 7.203661
80820 40.4100 -0.092228 7.157417
80830 40.4150 -0.089305 7.106666
80840 40.4200 -0.086467 7.054688
80850 40.4250 -0.083672 7.000810
80860 40.4300 -0.080830 6.943266
80870 40.4350 -0.077917 6.881334
80880 40.4400 -0.074835 6.812554
80890 40.4450 -0.071810 6.741707
80900 40.4500 -0.068761 6.666976
80910 40.4550 -0.065754 6.627004
80920 40.4600 -0.062849 6.549330
80930 40.4650 -0.059954 6.468836
80940 40.4700 -0.057065 6.385458
80950 40.4750 -0.054258 6.301604
80960 40.4800 -0.051315 6.210731
80970 40.4850 -0.048442 6.119232
80980 40.4900 -0.045571 6.025200
80990 40.4950 -0.042803 5.932120
81000 40.5000 -0.040253 5.844482
81010 40.5050 -0.037811 5.805486
81020 40.5100 -0.035292 5.715482
81030 40.5150 -0.032583 5.616940
81040 40.5200 -0.029734 5.511551
81050 40.5250 -0.026681 5.396770
81060 40.5300 -0.023559 5.277787
81070 40.5350 -0.020516 5.160393
81080 40.5400 -0.017562 5.045456
81090 40.5450 -0.014753 4.935374
81100 40.5500 -0.012263 4.837356
81110 40.5550 -0.009806 4.802103
81120 40.5600 -0.007642 4.716366
81130 40.5650 -0.005564 4.633866
81140 40.5700 -0.003747 4.561639
81150 40.5750 -0.001990 4.491801
81160 40.5800 -0.000390 4.428220
81170 40.5850 0.000994 4.373275
81180 40.5900 0.002221 4.324598
81190 40.5950 0.003092 4.290054
81200 40.6000 0.004004 4.253928
81210 40.6050 0.004757 4.296875
81220 40.6100 0.005286 4.275917
81230 40.6150 0.005631 4.262271
81240 40.6200 0.005888 4.252100
81250 40.6250 0.006265 4.237204
81260 40.6300 0.006622 4.223088
81270 40.6350 0.006896 4.212257
81280 40.6400 0.007091 4.204523
81290 40.6450 0.007084 4.204820
81300 40.6500 0.007067 4.205476
81310 40.6550 0.007281 4.270770
81320 40.6600 0.007621 4.257353
81330 40.6650 0.007941 4.244667
81340 40.6700 0.008461 4.224139
81350 40.6750 0.009146 4.197035
81360 40.6800 0.009802 4.171127
81370 40.6850 0.010368 4.148774
81380 40.6900 0.010731 4.134434
81390 40.6950 0.010970 4.124991
81400 40.7000 0.011139 4.118301
81410 40.7050 0.011167 4.192777
81420 40.7100 0.011006 4.199146
81430 40.7150 0.010807 4.206988
81440 40.7200 0.010473 4.220205
81450 40.7250 0.010187 4.231492
81460 40.7300 0.009783 4.247432
81470 40.7350 0.009264 4.267908
81480 40.7400 0.008529 4.296896
81490 40.7450 0.007820 4.324894
81500 40.7500 0.007068 4.354526
81510 40.7550 0.006386 4.452143
81520 40.7600 0.005765 4.476572
81530 40.7650 0.005124 4.501778
81540 40.7700 0.004332 4.532850
81550 40.7750 0.003407 4.569120
81560 40.7800 0.002392 4.608822
81570 40.7850 0.001263 4.652881
81580 40.7900 -0.000080 4.705168
81590 40.7950 -0.001528 4.761362
81600 40.8000 -0.002929 4.815492
81610 40.8050 -0.004287 4.929966
81620 40.8100 -0.005851 4.989797
81630 40.8150 -0.007439 5.050224
81640 40.8200 -0.009066 5.111675
81650 40.8250 -0.010690 5.172607
81660 40.8300 -0.012616 5.244243
81670 40.8350 -0.014591 5.316947
81680 40.8400 -0.016536 5.387813
81690 40.8450 -0.018498 5.458494
81700 40.8500 -0.020310 5.523047
81710 40.8550 -0.022208 5.640832
81720 40.8600 -0.023772 5.695116
81730 40.8650 -0.025051 5.739054
81740 40.8700 -0.026150 5.776436
81750 40.8750 -0.027067 5.807370
81760 40.8800 -0.028076 5.841127
81770 40.8850 -0.029092 5.874818
81780 40.8900 -0.029909 5.901705
81790 40.8950 -0.030538 5.922279
81800 40.9000 -0.031169 5.942779
81810 40.9050 -0.031816 6.009050
81820 40.9100 -0.032285 6.024102
81830 40.9150 -0.032546 6.032460
81840 40.9200 -0.032932 6.044778
81850 40.9250 -0.033353 6.058161
81860 40.9300 -0.033621 6.066637
81870 40.9350 -0.033432 6.060674
81880 40.9400 -0.033030 6.047894
81890 40.9450 -0.032487 6.030594
81900 40.9500 -0.031798 6.008461
81910 40.9550 -0.030917 6.024535
81920 40.9600 -0.029800 5.987998
81930 40.9650 -0.028793 5.954756
81940 40.9700 -0.027823 5.922375
81950 40.9750 -0.026710 5.884873
81960 40.9800 -0.025401 5.840273
81970 40.9850 -0.024080 5.794689
81980 40.9900 -0.022638 5.744355
81990 40.9950 -0.021230 5.694608
82000 41.0000 -0.019757 5.641932
82010 41.0050 -0.018083 5.630701
82020 41.0100 -0.016358 5.567410
82030 41.0150 -0.014669 5.504637
82040 41.0200 -0.012995 5.441641
82050 41.0250 -0.011390 5.380574
82060 41.0300 -0.009779 5.318646
82070 41.0350 -0.008056 5.251702
82080 41.0400 -0.006225 5.179863
82090 41.0450 -0.004183 5.098918
82100 41.0500 -0.002117 5.016173
82110 41.0550 -0.000174 4.996392
82120 41.0600 0.001660 4.921547
82130 41.0650 0.003583 4.842427
82140 41.0700 0.005544 4.761104
82150 41.0750 0.007609 4.674864
82160 41.0800 0.009774 4.583852
82170 41.0850 0.011756 4.500001
82180 41.0900 0.013743 4.415542
82190 41.0950 0.015850 4.325585
82200 41.1000 0.018055 4.231094
82210 41.1050 0.020241 4.210319
82220 41.1100 0.022523 4.111828
82230 41.1150 0.024720 4.016720
82240 41.1200 0.026796 3.926692
82250 41.1250 0.028624 3.847353
82260 41.1300 0.030348 3.772447
82270 41.1350 0.032223 3.691076
82280 41.1400 0.034178 3.606260
82290 41.1450 0.036297 3.514490
82300 41.1500 0.038503 3.419171
82310 41.1550 0.040863 3.409349
82320 41.1600 0.043252 3.306650
82330 41.1650 0.045843 3.195700
82340 41.1700 0.048503 3.082405
82350 41.1750 0.051118 2.971755
82360 41.1800 0.053884 2.855599
82370 41.1850 0.056730 2.737322
82380 41.1900 0.059596 2.619525
82390 41.1950 0.062472 2.502918
82400 41.2000 0.065346 2.388101
82410 41.2050 0.068226 2.397354
82420 41.2100 0.070778 2.298314
82430 41.2150 0.073151 2.207486
82440 41.2200 0.075465 2.120201
82450 41.2250 0.077798 2.033564
82460 41.2300 0.080118 1.948825
82470 41.2350 0.082168 1.875206
82480 41.2400 0.084093 1.807214
82490 41.2450 0.086047 1.739326
82500 41.2500 0.087816 1.678924
82510 41.2550 0.089406 1.774854
82520 41.2600 0.090759 1.729857
82530 41.2650 0.091949 1.690721
82540 41.2700 0.093065 1.654349
82550 41.2750 0.093904 1.627269
82560 41.2800 0.094673 1.602637
82570 41.2850 0.095420 1.578848
82580 41.2900 0.095828 1.565931
82590 41.2950 0.096134 1.556285
82600 41.3000 0.096500 1.544777
82610 41.3050 0.096705 1.693522
82620 41.3100 0.096899 1.687439
82630 41.3150 0.097090 1.681465
82640 41.3200 0.097250 1.676468
82650 41.3250 0.097249 1.676516
82660 41.3300 0.097260 1.676165
82670 41.3350 0.097376 1.672563
82680 41.3400 0.097264 1.676056
82690 41.3450 0.096741 1.692396
82700 41.3500 0.096088 1.712900
82710 41.3550 0.095367 1.883720
82720 41.3600 0.094445 1.912938
82730 41.3650 0.093187 1.953068
82740 41.3700 0.091682 2.001412
82750 41.3750 0.090140 2.051352
82760 41.3800 0.088476 2.105658
82770 41.3850 0.086924 2.156675
82780 41.3900 0.085100 2.217080
82790 41.3950 0.082908 2.290250
82800 41.4000 0.080737 2.363381
82810 41.4050 0.078392 2.566285
82820 41.4100 0.076170 2.641901
82830 41.4150 0.073858 2.720924
82840 41.4200 0.071430 2.804165
82850 41.4250 0.068924 2.890369
82860 41.4300 0.066500 2.974031
82870 41.4350 0.063989 3.060885
82880 41.4400 0.061615 3.143161
82890 41.4450 0.059310 3.223246
82900 41.4500 0.056906 3.306874
82910 41.4550 0.054555 3.483522
82920 41.4600 0.052355 3.560026
82930 41.4650 0.049968 3.642947
82940 41.4700 0.047547 3.726909
82950 41.4750 0.045332 3.803662
82960 41.4800 0.043223 3.876620
82970 41.4850 0.041117 3.949376
82980 41.4900 0.038922 4.025131
82990 41.4950 0.036743 4.100229
83000 41.5000 0.034700 4.170540
83010 41.5050 0.032789 4.310647
83020 41.5100 0.030933 4.374203
83030 41.5150 0.029136 4.435553
83040 41.5200 0.027282 4.498682
83050 41.5250 0.025242 4.567899
83060 41.5300 0.023148 4.638661
83070 41.5350 0.020843 4.716281
83080 41.5400 0.018646 4.789925
83090 41.5450 0.016422 4.864173
83100 41.5500 0.014257 4.936054
83110 41.5550 0.012158 5.065540
83120 41.5600 0.009968 5.137361
83130 41.5650 0.007664 5.212365
83140 41.5700 0.005523 5.281521
83150 41.5750 0.003385 5.350017
83160 41.5800 0.001184 5.419923
83170 41.5850 -0.000822 5.483053
83180 41.5900 -0.002975 5.550197
83190 41.5950 -0.005234 5.619898
83200 41.6000 -0.007476 5.688263
83210 41.6050 -0.009475 5.797209
83220 41.6100 -0.011162 5.847415
83230 41.6150 -0.012648 5.891181
83240 41.6200 -0.013852 5.926309
83250 41.6250 -0.014711 5.951171
83260 41.6300 -0.015337 5.969208
83270 41.6350 -0.015928 5.986159
83280 41.6400 -0.016450 6.001070
83290 41.6450 -0.016977 6.016048
83300 41.6500 -0.017368 6.027117
83310 41.6550 -0.017715 6.081238
83320 41.6600 -0.017990 6.088995
83330 41.6650 -0.018211 6.095201
83340 41.6700 -0.018390 6.100241
83350 41.6750 -0.018605 6.106251
83360 41.6800 -0.018752 6.110365
83370 41.6850 -0.018839 6.112790
83380 41.6900 -0.018905 6.114639
83390 41.6950 -0.018732 6.109805
83400 41.7000 -0.018487 6.102939
83410 41.7050 -0.018061 6.134373
83420 41.7100 -0.017521 6.119161
83430 41.7150 -0.017056 6.105999
83440 41.7200 -0.016511 6.090474
83450 41.7250 -0.015873 6.072209
83460 41.7300 -0.015357 6.057375
83470 41.7350 -0.014882 6.043667
83480 41.7400 -0.014305 6.026922
83490 41.7450 -0.013598 6.006293
83500 41.7500 -0.012726 5.980696
83510 41.7550 -0.011669 5.994323
83520 41.7600 -0.010413 5.956764
83530 41.7650 -0.009205 5.920281
83540 41.7700 -0.007900 5.880490
83550 41.7750 -0.006386 5.833774
83560 41.7800 -0.004821 5.784957
83570 41.7850 -0.003234 5.734898
83580 41.7900 -0.001792 5.688903
83590 41.7950 -0.000273 5.640010
83600 41.8000 0.001246 5.590652
83610 41.8050 0.003072 5.580727
83620 41.8100 0.005175 5.510787
83630 41.8150 0.007334 5.438062
83640 41.8200 0.009579 5.361490
83650 41.8250 0.012098 5.274480
83660 41.8300 0.014730 5.182455
83670 41.8350 0.017566 5.082048
83680 41.8400 0.020535 4.975667
83690 41.8450 0.023668 4.862134
83700 41.8500 0.027260 4.730501
83710 41.8550 0.031257 4.645880
83720 41.8600 0.035582 4.483217
83730 41.8650 0.040158 4.308991
83740 41.8700 0.044843 4.128734
83750 41.8750 0.049685 3.940766
83760 41.8800 0.054555 3.750489
83770 41.8850 0.059379 3.561133
83780 41.8900 0.064133 3.374196
83790 41.8950 0.068914 3.186336
83800 41.9000 0.073909 2.990795
83810 41.9050 0.078954 2.897673
83820 41.9100 0.084041 2.700434
83830 41.9150 0.089185 2.502930
83840 41.9200 0.094332 2.308184
83850 41.9250 0.099561 2.114304
83860 41.9300 0.104762 1.926517
83870 41.9350 0.110063 1.741394
83880 41.9400 0.115227 1.568228
83890 41.9450 0.120054 1.413577
83900 41.9500 0.124654 1.273346
83910 41.9550 0.129195 1.309035
83920 41.9600 0.133894 1.179457
83930 41.9650 0.138637 1.056042
83940 41.9700 0.143200 0.944562
83950 41.9750 0.147390 0.848704
83960 41.9800 0.151299 0.764946
83970 41.9850 0.154976 0.691219
83980 41.9900 0.158332 0.628158
83990 41.9950 0.161531 0.571817
84000 42.0000 0.164662 0.520151
84010 42.0050 0.167693 0.679659
84020 42.0100 0.170777 0.634094
84030 42.0150 0.173646 0.593829
84040 42.0200 0.176122 0.560666
84050 42.0250 0.178292 0.532783
84060 42.0300 0.180158 0.509663
84070 42.0350 0.181622 0.492081
84080 42.0400 0.182745 0.478894
84090 42.0450 0.183426 0.471037
84100 42.0500 0.183815 0.466595
84110 42.0550 0.183674 0.677984
84120 42.0600 0.183083 0.684742
84130 42.0650 0.182208 0.694830
84140 42.0700 0.181132 0.707383
84150 42.0750 0.179742 0.723837
84160 42.0800 0.178153 0.742971
84170 42.0850 0.176051 0.768858
84180 42.0900 0.173526 0.800854
84190 42.0950 0.170673 0.838245
84200 42.1000 0.167737 0.878197
84210 42.1050 0.164444 1.111479
84220 42.1100 0.161012 1.161160
84230 42.1150 0.157457 1.214359
84240 42.1200 0.153828 1.270707
84250 42.1250 0.150072 1.331418
84260 42.1300 0.146245 1.396047
84270 42.1350 0.142188 1.467896
84280 42.1400 0.137952 1.546883
84290 42.1450 0.133526 1.634052
84300 42.1500 0.128929 1.729856
84310 42.1550 0.124381 1.976910
84320 42.1600 0.119793 2.081944
84330 42.1650 0.115217 2.191210
84340 42.1700 0.110798 2.301058
84350 42.1750 0.106379 2.415097
84360 42.1800 0.102041 2.531000
84370 42.1850 0.097792 2.648215
84380 42.1900 0.093480 2.770732
84390 42.1950 0.089154 2.897009
84400 42.2000 0.085038 3.020125
84410 42.2050 0.081158 3.241006
84420 42.2100 0.077410 3.356600
84430 42.2150 0.073744 3.470904
84440 42.2200 0.070208 3.582173
84450 42.2250 0.066918 3.686468
84460 42.2300 0.063948 3.781183
84470 42.2350 0.061088 3.872840
84480 42.2400 0.058343 3.961147
84490 42.2450 0.055727 4.045554
84500 42.2500 0.053430 4.119846
84510 42.2550 0.051560 4.255901
84520 42.2600 0.049731 4.315086
84530 42.2650 0.048090 4.368131
84540 42.2700 0.046637 4.415041
84550 42.2750 0.045051 4.466214
84560 42.2800 0.043382 4.519973
84570 42.2850 0.041762 4.572084
84580 42.2900 0.040404 4.615724
84590 42.2950 0.039232 4.653304
84600 42.3000 0.038339 4.681914
84610 42.3050 0.037594 4.770311
84620 42.3100 0.036907 4.792238
84630 42.3150 0.036483 4.805769
84640 42.3200 0.036558 4.803361
84650 42.3250 0.036850 4.794051
84660 42.3300 0.037290 4.780023
84670 42.3350 0.037485 4.773772
84680 42.3400 0.037612 4.769721
84690 42.3450 0.037670 4.767856
84700 42.3500 0.037764 4.764855
84710 42.3550 0.037935 4.822490
84720 42.3600 0.038131 4.816194
84730 42.3650 0.038732 4.796958
84740 42.3700 0.039618 4.768504
84750 42.3750 0.040797 4.730541
84760 42.3800 0.042144 4.687022
84770 42.3850 0.043616 4.639292
84780 42.3900 0.045114 4.590558
84790 42.3950 0.046709 4.538458
84800 42.4000 0.048609 4.476186
84810 42.4050 0.050767 4.473480
84820 42.4100 0.052787 4.406552
84830 42.4150 0.054808 4.339279
84840 42.4200 0.057037 4.264761
84850 42.4250 0.059563 4.179931
84860 42.4300 0.062238 4.089735
84870 42.4350 0.064955 3.997855
84880 42.4400 0.067745 3.903253
84890 42.4450 0.070531 3.808699
84900 42.4500 0.073600 3.704537
84910 42.4550 0.076746 3.682632
84920 42.4600 0.079979 3.572952
84930 42.4650 0.083320 3.459857
84940 42.4700 0.086763 3.343843
84950 42.4750 0.090250 3.227134
84960 42.4800 0.093724 3.111921
84970 42.4850 0.097047 3.003019
84980 42.4900 0.100230 2.900036
84990 42.4950 0.103352 2.800567
85000 42.5000 0.106379 2.705706
85010 42.5050 0.109219 2.730244
85020 42.5100 0.112013 2.645270
85030 42.5150 0.114905 2.558707
85040 42.5200 0.117951 2.469161
85050 42.5250 0.121022 2.380706
85060 42.5300 0.124207 2.290981
85070 42.5350 0.127225 2.207910
85080 42.5400 0.129940 2.134878
85090 42.5450 0.132315 2.072307
85100 42.5500 0.134547 2.014636
85110 42.5550 0.136661 2.097005
85120 42.5600 0.138894 2.041082
85130 42.5650 0.141015 1.988744
85140 42.5700 0.143007 1.940287
85150 42.5750 0.144747 1.898475
85160 42.5800 0.146204 1.863869
85170 42.5850 0.147340 1.837106
85180 42.5900 0.148312 1.814393
85190 42.5950 0.149083 1.796472
85200 42.6000 0.149773 1.780519
85210 42.6050 0.150448 1.910263
85220 42.6100 0.150888 1.900148
85230 42.6150 0.150973 1.898189
85240 42.6200 0.150980 1.898031
85250 42.6250 0.150965 1.898382
85260 42.6300 0.150883 1.900256
85270 42.6350 0.150692 1.904642
85280 42.6400 0.150469 1.909763
85290 42.6450 0.150142 1.917306
85300 42.6500 0.149737 1.926621
85310 42.6550 0.149297 2.076251
85320 42.6600 0.148851 2.086562
85330 42.6650 0.148346 2.098230
85340 42.6700 0.147784 2.111253
85350 42.6750 0.147179 2.125270
85360 42.6800 0.146391 2.143568
85370 42.6850 0.145477 2.164812
85380 42.6900 0.144500 2.187572
85390 42.6950 0.143572 2.209233
85400 42.7000 0.142642 2.231001
85410 42.7050 0.141604 2.383420
85420 42.7100 0.140397 2.411703
85430 42.7150 0.138714 2.451161
85440 42.7200 0.136630 2.500090
85450 42.7250 0.134393 2.552664
85460 42.7300 0.132022 2.608500
85470 42.7350 0.129618 2.665275
85480 42.7400 0.127271 2.720866
85490 42.7450 0.124944 2.776207
85500 42.7500 0.122675 2.830356
85510 42.7550 0.120158 2.998942
85520 42.7600 0.117528 3.061946
85530 42.7650 0.114666 3.130630
85540 42.7700 0.111849 3.198402
85550 42.7750 0.109046 3.266054
85560 42.7800 0.106166 3.335822
85570 42.7850 0.103153 3.409142
85580 42.7900 0.099919 3.488227
85590 42.7950 0.096833 3.564121
85600 42.8000 0.093672 3.642345
85610 42.8050 0.090492 3.807672
85620 42.8100 0.087036 3.893675
85630 42.8150 0.083620 3.978887
85640 42.8200 0.080359 4.060375
85650 42.8250 0.077257 4.138059
85660 42.8300 0.074215 4.214379
85670 42.8350 0.071192 4.290341
85680 42.8400 0.068425 4.359984
85690 42.8450 0.065932 4.422781
85700 42.8500 0.063677 4.479651
85710 42.8550 0.061587 4.600658
85720 42.8600 0.059604 4.650568
85730 42.8650 0.057404 4.705817
85740 42.8700 0.055152 4.762293
85750 42.8750 0.053060 4.814654
85760 42.8800 0.051320 4.858094
85770 42.8850 0.049726 4.897857
85780 42.8900 0.048229 4.935117
85790 42.8950 0.046788 4.970937
85800 42.9000 0.045439 5.004436
85810 42.9050 0.044402 5.089100
85820 42.9100 0.043783 5.104415
85830 42.9150 0.043383 5.114303
85840 42.9200 0.042947 5.125068
85850 42.9250 0.042510 5.135852
85860 42.9300 0.042124 5.145363
85870 42.9350 0.041633 5.157449
85880 42.9400 0.041339 5.164682
85890 42.9450 0.041104 5.170452
85900 42.9500 0.040690 5.180613
85910 42.9550 0.040220 5.248320
85920 42.9600 0.039947 5.254999
85930 42.9650 0.039645 5.262393
85940 42.9700 0.039548 5.264778
85950 42.9750 0.039662 5.261970
85960 42.9800 0.039684 5.261448
85970 42.9850 0.039439 5.267446
85980 42.9900 0.039135 5.274873
85990 42.9950 0.038678 5.286028
86000 43.0000 0.038139 5.299174
86010 43.0050 0.037674 5.364822
86020 43.0100 0.037397 5.371539
86030 43.0150 0.037089 5.379020
86040 43.0200 0.036891 5.383815
86050 43.0250 0.036676 5.389031
86060 43.0300 0.036478 5.393833
86070 43.0350 0.036395 5.395847
86080 43.0400 0.036405 5.395594
86090 43.0450 0.036167 5.401344
86100 43.0500 0.035858 5.408815
86110 43.0550 0.035734 5.464481
86120 43.0600 0.035583 5.468144
86130 43.0650 0.035521 5.469637
86140 43.0700 0.035453 5.471276
86150 43.0750 0.035539 5.469200
86160 43.0800 0.035731 5.464556
86170 43.0850 0.035996 5.458175
86180 43.0900 0.036229 5.452547
86190 43.0950 0.036407 5.448220
86200 43.1000 0.036540 5.445018
86210 43.1050 0.036574 5.496355
86220 43.1100 0.036574 5.496332
86230 43.1150 0.036499 5.498164
86240 43.1200 0.036279 5.503489
86250 43.1250 0.035982 5.510666
86260 43.1300 0.035652 5.518612
86270 43.1350 0.035210 5.529257
86280 43.1400 0.034753 5.540220
86290 43.1450 0.034261 5.551996
86300 43.1500 0.033715 5.565018
86310 43.1550 0.033286 5.625654
86320 43.1600 0.032964 5.633313
86330 43.1650 0.032636 5.641077
86340 43.1700 0.032395 5.646758
86350 43.1750 0.032038 5.655173
86360 43.1800 0.031642 5.664510
86370 43.1850 0.031373 5.670819
86380 43.1900 0.031251 5.673661
86390 43.1950 0.031125 5.676624
86400 43.2000 0.031070 5.677919
86410 43.2050 0.031126 5.725473
86420 43.2100 0.030977 5.728942
86430 43.2150 0.030788 5.733377
86440 43.2200 0.030641 5.736788
86450 43.2250 0.030471 5.740761
86460 43.2300 0.030280 5.745211
86470 43.2350 0.030066 5.750172
86480 43.2400 0.029783 5.756750
86490 43.2450 0.029417 5.765211
86500 43.2500 0.029113 5.772231
86510 43.2550 0.028717 5.828920
86520 43.2600 0.028444 5.835199
86530 43.2650 0.028397 5.836269
86540 43.2700 0.028322 5.837986
86550 43.2750 0.028242 5.839818
86560 43.2800 0.028262 5.839353
86570 43.2850 0.027973 5.845954
86580 43.2900 0.027608 5.854292
86590 43.2950 0.027301 5.861259
86600 43.3000 0.026972 5.868709
86610 43.3050 0.026718 5.920783
86620 43.3100 0.026585 5.923784
86630 43.3150 0.026524 5.925149
86640 43.3200 0.026600 5.923450
86650 43.3250 0.026563 5.924280
86660 43.3300 0.026767 5.919679
86670 43.3350 0.027033 5.913660
86680 43.3400 0.027179 5.910346
86690 43.3450 0.027295 5.907731
86700 43.3500 0.027494 5.903204
86710 43.3550 0.027643 5.945691
86720 43.3600 0.027938 5.938978
86730 43.3650 0.028480 5.926552
86740 43.3700 0.029007 5.914410
86750 43.3750 0.029477 5.903541
86760 43.3800 0.029948 5.892590
86770 43.3850 0.030576 5.877900
86780 43.3900 0.031406 5.858341
86790 43.3950 0.032178 5.840009
86800 43.4000 0.032924 5.822160
86810 43.4050 0.033842 5.846955
86820 43.4100 0.034895 5.821292
86830 43.4150 0.035942 5.795477
86840 43.4200 0.036983 5.769549
86850 43.4250 0.038004 5.743855
86860 43.4300 0.039248 5.712205
86870 43.4350 0.040354 5.683724
86880 43.4400 0.041326 5.658465
86890 43.4450 0.042291 5.633137
86900 43.4500 0.043213 5.608740
86910 43.4550 0.044250 5.630875
86920 43.4600 0.045463 5.598123
86930 43.4650 0.046745 5.563139
86940 43.4700 0.048206 5.522731
86950 43.4750 0.049858 5.476442
86960 43.4800 0.051587 5.427274
86970 43.4850 0.053385 5.375446
86980 43.4900 0.055158 5.323632
86990 43.4950 0.056720 5.277452
87000 43.5000 0.058198 5.233286
87010 43.5050 0.059585 5.246754
87020 43.5100 0.060753 5.211204
87030 43.5150 0.061698 5.182235
87040 43.5200 0.062688 5.151720
87050 43.5250 0.063754 5.118642
87060 43.5300 0.064930 5.081891
87070 43.5350 0.066037 5.047092
87080 43.5400 0.066931 5.018858
87090 43.5450 0.067795 4.991457
87100 43.5500 0.068496 4.969117
87110 43.5550 0.069230 5.005228
87120 43.5600 0.069883 4.984275
87130 43.5650 0.070558 4.962566
87140 43.5700 0.071115 4.944586
87150 43.5750 0.071501 4.932079
87160 43.5800 0.071821 4.921710
87170 43.5850 0.071982 4.916498
87180 43.5900 0.072074 4.913504
87190 43.5950 0.072249 4.907807
87200 43.6000 0.072348 4.904588
87210 43.6050 0.072313 4.966418
87220 43.6100 0.071913 4.979382
87230 43.6150 0.071429 4.995081
87240 43.6200 0.071025 5.008124
87250 43.6250 0.070651 5.020191
87260 43.6300 0.070118 5.037340
87270 43.6350 0.069503 5.057045
87280 43.6400 0.068916 5.075810
87290 43.6450 0.068314 5.094950
87300 43.6500 0.067614 5.117152
87310 43.6550 0.066846 5.198553
87320 43.6600 0.066086 5.222399
87330 43.6650 0.065434 5.242759
87340 43.6700 0.064855 5.260744
87350 43.6750 0.064407 5.274592
87360 43.6800 0.064113 5.283649
87370 43.6850 0.063979 5.287802
87380 43.6900 0.064025 5.286385
87390 43.6950 0.064153 5.282421
87400 43.7000 0.064328 5.277024
87410 43.7050 0.064516 5.325897
87420 43.7100 0.064655 5.321582
87430 43.7150 0.064722 5.319518
87440 43.7200 0.064761 5.318308
87450 43.7250 0.064811 5.316746
87460 43.7300 0.065172 5.305537
87470 43.7350 0.065391 5.298737
87480 43.7400 0.065685 5.289577
87490 43.7450 0.066132 5.275592
87500 43.7500 0.066421 5.266523
87510 43.7550 0.066528 5.317993
87520 43.7600 0.066560 5.316976
87530 43.7650 0.066554 5.317161
87540 43.7700 0.066513 5.318454
87550 43.7750 0.066206 5.328093
87560 43.7800 0.065703 5.343831
87570 43.7850 0.065164 5.360604
87580 43.7900 0.064555 5.379480
87590 43.7950 0.063945 5.398263
87600 43.8000 0.063262 5.419152
87610 43.8050 0.062739 5.487597
87620 43.8100 0.062157 5.505203
87630 43.8150 0.061773 5.516762
87640 43.8200 0.061481 5.525528
87650 43.8250 0.061141 5.535690
87660 43.8300 0.060633 5.550781
87670 43.8350 0.060229 5.562751
87680 43.8400 0.059555 5.582545
87690 43.8450 0.058646 5.609045
87700 43.8500 0.057568 5.640080
87710 43.8550 0.056588 5.717329
87720 43.8600 0.055787 5.739838
87730 43.8650 0.054919 5.763970
87740 43.8700 0.053973 5.789941
87750 43.8750 0.052809 5.821398
87760 43.8800 0.051597 5.853630
87770 43.8850 0.050577 5.880310
87780 43.8900 0.049739 5.901940
87790 43.8950 0.048832 5.925043
87800 43.9000 0.047671 5.954116
87810 43.9050 0.046604 6.025615
87820 43.9100 0.045428 6.054031
87830 43.9150 0.044194 6.083225
87840 43.9200 0.043138 6.107718
87850 43.9250 0.042326 6.126256
87860 43.9300 0.041639 6.141710
87870 43.9350 0.041048 6.154868
87880 43.9400 0.040548 6.165885
87890 43.9450 0.040326 6.170737
87900 43.9500 0.040219 6.173086
87910 43.9550 0.040240 6.215171
87920 43.9600 0.040474 6.210061
87930 43.9650 0.040754 6.203910
87940 43.9700 0.041104 6.196169
87950 43.9750 0.041465 6.188148
87960 43.9800 0.041921 6.177908
87970 43.9850 0.042514 6.164486
87980 43.9900 0.043173 6.149397
87990 43.9950 0.043895 6.132639
88000 44.0000 0.044544 6.117392
88010 44.0050 0.045410 6.139993
88020 44.0100 0.046417 6.115595
88030 44.0150 0.047503 6.088762
88040 44.0200 0.048801 6.056024
88050 44.0250 0.050157 6.021040
88060 44.0300 0.051699 5.980251
88070 44.0350 0.053359 5.935197
88080 44.0400 0.055071 5.887496
88090 44.0450 0.056661 5.842065
88100 44.0500 0.058438 5.790051
88110 44.0550 0.060437 5.777312
88120 44.0600 0.062634 5.709333
88130 44.0650 0.065199 5.627530
88140 44.0700 0.067737 5.544149
88150 44.0750 0.070116 5.463863
88160 44.0800 0.072522 5.380701
88170 44.0850 0.075032 5.292045
88180 44.0900 0.077557 5.201021
88190 44.0950 0.080108 5.107401
88200 44.1000 0.082536 5.016914
88210 44.1050 0.084960 4.984132
88220 44.1100 0.087404 4.890644
88230 44.1150 0.089886 4.794688
88240 44.1200 0.092533 4.691470
88250 44.1250 0.095308 4.582458
88260 44.1300 0.098086 4.472777
88270 44.1350 0.100975 4.358380
88280 44.1400 0.103715 4.249819
88290 44.1450 0.106395 4.143774
88300 44.1500 0.109092 4.037315
88310 44.1550 0.111637 4.014530
88320 44.1600 0.114142 3.916379
88330 44.1650 0.116703 3.816452
88340 44.1700 0.119331 3.714539
88350 44.1750 0.122007 3.611496
88360 44.1800 0.124591 3.512801
88370 44.1850 0.126950 3.423433
88380 44.1900 0.129326 3.334160
88390 44.1950 0.131735 3.244487
88400 44.2000 0.133970 3.162087
88410 44.2050 0.136134 3.181651
88420 44.2100 0.138059 3.111718
88430 44.2150 0.139698 3.052480
88440 44.2200 0.141326 2.994020
88450 44.2250 0.142835 2.940095
88460 44.2300 0.144119 2.894453
88470 44.2350 0.145111 2.859355
88480 44.2400 0.146033 2.826796
88490 44.2450 0.146718 2.802702
88500 44.2500 0.146965 2.794050
88510 44.2550 0.147440 2.886815
88520 44.2600 0.147975 2.868083
88530 44.2650 0.148342 2.855251
88540 44.2700 0.148646 2.844606
88550 44.2750 0.148907 2.835481
88560 44.2800 0.149157 2.826761
88570 44.2850 0.149409 2.817985
88580 44.2900 0.149747 2.806173
88590 44.2950 0.150069 2.794987
88600 44.3000 0.150296 2.787071
88610 44.3050 0.150377 2.893899
88620 44.3100 0.150345 2.895026
88630 44.3150 0.150018 2.906415
88640 44.3200 0.149646 2.919340
88650 44.3250 0.148988 2.942264
88660 44.3300 0.148180 2.970446
88670 44.3350 0.147363 2.998979
88680 44.3400 0.146536 3.027879
88690 44.3450 0.145532 3.063027
88700 44.3500 0.144374 3.103597
88710 44.3550 0.143316 3.241077
88720 44.3600 0.142216 3.279622
88730 44.3650 0.141015 3.321755
88740 44.3700 0.139755 3.365918
88750 44.3750 0.138464 3.411193
88760 44.3800 0.137307 3.451763
88770 44.3850 0.136212 3.490158
88780 44.3900 0.135068 3.530281
88790 44.3950 0.133858 3.572706
88800 44.4000 0.132852 3.608004
88810 44.4050 0.131779 3.732776
88820 44.4100 0.130703 3.770450
88830 44.4150 0.129614 3.808528
88840 44.4200 0.128368 3.852054
88850 44.4250 0.127077 3.897115
88860 44.4300 0.125669 3.946179
88870 44.4350 0.124274 3.994727
88880 44.4400 0.122887 4.042902
88890 44.4450 0.121743 4.082620
88900 44.4500 0.120565 4.123441
88910 44.4550 0.119438 4.237915
88920 44.4600 0.118547 4.268696
88930 44.4650 0.117634 4.300168
88940 44.4700 0.116559 4.337154
88950 44.4750 0.115464 4.374747
88960 44.4800 0.114499 4.407796
88970 44.4850 0.113796 4.431841
88980 44.4900 0.113182 4.452799
88990 44.4950 0.112504 4.475915
89000 44.5000 0.111827 4.498961
89010 44.5050 0.111383 4.582021
89020 44.5100 0.111012 4.594607
89030 44.5150 0.110721 4.604498
89040 44.5200 0.110554 4.610137
89050 44.5250 0.110620 4.607922
89060 44.5300 0.110918 4.597800
89070 44.5350 0.111503 4.577941
89080 44.5400 0.112315 4.550292
89090 44.5450 0.113339 4.515354
89100 44.5500 0.114542 4.474165
89110 44.5550 0.115913 4.495439
89120 44.5600 0.117499 4.440616
89130 44.5650 0.119275 4.378845
89140 44.5700 0.121352 4.306155
89150 44.5750 0.123620 4.226181
89160 44.5800 0.126047 4.139906
89170 44.5850 0.128802 4.041213
89180 44.5900 0.131798 3.932909
89190 44.5950 0.134951 3.817888
89200 44.6000 0.138279 3.695417
89210 44.6050 0.141802 3.649485
89220 44.6100 0.145544 3.508729
89230 44.6150 0.149445 3.360368
89240 44.6200 0.153533 3.203442
89250 44.6250 0.157622 3.045290
89260 44.6300 0.161551 2.892659
89270 44.6350 0.165584 2.735737
89280 44.6400 0.169551 2.581686
89290 44.6450 0.173508 2.428812
89300 44.6500 0.177431 2.278676
89310 44.6550 0.181339 2.257056
89320 44.6600 0.185236 2.111244
89330 44.6650 0.189020 1.971943
89340 44.6700 0.192911 1.831623
89350 44.6750 0.196686 1.698882
89360 44.6800 0.200152 1.580403
89370 44.6850 0.203315 1.475432
89380 44.6900 0.206420 1.375561
89390 44.6950 0.209587 1.277229
89400 44.7000 0.212653 1.185550
89410 44.7050 0.215441 1.276688
89420 44.7100 0.218062 1.203444
89430 44.7150 0.220529 1.136662
89440 44.7200 0.222790 1.077372
89450 44.7250 0.224678 1.029269
89460 44.7300 0.226405 0.986415
89470 44.7350 0.227877 0.950780
89480 44.7400 0.229138 0.920882
89490 44.7450 0.230181 0.896585
89500 44.7500 0.231042 0.876866
89510 44.7550 0.231600 1.051244
89520 44.7600 0.232083 1.040367
89530 44.7650 0.232469 1.031739
89540 44.7700 0.232677 1.027101
89550 44.7750 0.232889 1.022382
89560 44.7800 0.232923 1.021627
89570 44.7850 0.232627 1.028201
89580 44.7900 0.231958 1.043183
89590 44.7950 0.231040 1.063946
89600 44.8000 0.229864 1.090924
89610 44.8050 0.228835 1.291006
89620 44.8100 0.227848 1.314175
89630 44.8150 0.226638 1.342865
89640 44.8200 0.225502 1.370116
89650 44.8250 0.224488 1.394672
89660 44.8300 0.223361 1.422234
89670 44.8350 0.222005 1.455794
89680 44.8400 0.220779 1.486480
89690 44.8450 0.219501 1.518814
89700 44.8500 0.218071 1.555399
89710 44.8550 0.216215 1.758184
89720 44.8600 0.214109 1.813317
89730 44.8650 0.211829 1.873739
89740 44.8700 0.209431 1.938069
89750 44.8750 0.207171 1.999397
89760 44.8800 0.204995 2.059091
89770 44.8850 0.202693 2.122860
89780 44.8900 0.200256 2.191073
89790 44.8950 0.197924 2.256995
89800 44.9000 0.195417 2.328469
89810 44.9050 0.193125 2.518910
89820 44.9100 0.190767 2.586829
89830 44.9150 0.188334 2.657123
89840 44.9200 0.185838 2.729457
89850 44.9250 0.183053 2.810310
89860 44.9300 0.180315 2.889929
89870 44.9350 0.177483 2.972400
89880 44.9400 0.174624 3.055685
89890 44.9450 0.171854 3.136390
89900 44.9500 0.169200 3.213651
89910 44.9550 0.166547 3.388008
89920 44.9600 0.163817 3.466909
89930 44.9650 0.161163 3.543217
89940 44.9700 0.158482 3.619881
89950 44.9750 0.155945 3.692069
89960 44.9800 0.153320 3.766357
89970 44.9850 0.150672 3.840921
89980 44.9900 0.148261 3.908479
89990 44.9950 0.146009 3.971327
90000 45.0000 0.143961 4.028237
90010 45.0050 0.142261 4.152826
90020 45.0100 0.140646 4.197322
90030 45.0150 0.139027 4.241748
90040 45.0200 0.137537 4.282481
90050 45.0250 0.136175 4.319582
90060 45.0300 0.135012 4.351166
90070 45.0350 0.134044 4.377406
90080 45.0400 0.133346 4.396277
90090 45.0450 0.132857 4.409496
90100 45.0500 0.132234 4.426302
90110 45.0550 0.131419 4.517582
90120 45.0600 0.130589 4.539876
90130 45.0650 0.129759 4.562126
90140 45.0700 0.129013 4.582077
90150 45.0750 0.128338 4.600069
90160 45.0800 0.127722 4.616491
90170 45.0850 0.127083 4.633460
90180 45.0900 0.126538 4.647933
90190 45.0950 0.126158 4.657989
90200 45.1000 0.126045 4.660983
90210 45.1050 0.125869 4.730584
90220 45.1100 0.125886 4.730147
90230 45.1150 0.126031 4.726304
90240 45.1200 0.126186 4.722200
90250 45.1250 0.126297 4.719257
90260 45.1300 0.126292 4.719391
90270 45.1350 0.126612 4.710910
90280 45.1400 0.126843 4.704774
90290 45.1450 0.127013 4.700237
90300 45.1500 0.127264 4.693580
90310 45.1550 0.127725 4.745642
90320 45.1600 0.128313 4.729946
90330 45.1650 0.129305 4.703363
90340 45.1700 0.130478 4.671757
90350 45.1750 0.131835 4.634983
90360 45.1800 0.133648 4.585450
90370 45.1850 0.135690 4.529123
90380 45.1900 0.138095 4.462057
90390 45.1950 0.140912 4.382439
90400 45.2000 0.143919 4.296190
90410 45.2050 0.147151 4.273789
90420 45.2100 0.151071 4.156970
90430 45.2150 0.155355 4.026322
90440 45.2200 0.159899 3.884533
90450 45.2250 0.164625 3.733884
90460 45.2300 0.169524 3.574653
90470 45.2350 0.174538 3.409070
90480 45.2400 0.179636 3.238718
90490 45.2450 0.184716 3.067754
90500 45.2500 0.189748 2.897986
90510 45.2550 0.194884 2.830955
90520 45.2600 0.200004 2.658342
90530 45.2650 0.205226 2.483419
90540 45.2700 0.210432 2.311019
90550 45.2750 0.215458 2.147302
90560 45.2800 0.220462 1.987706
90570 45.2850 0.225364 1.835300
90580 45.2900 0.230159 1.690594
90590 45.2950 0.234829 1.554282
90600 45.3000 0.239256 1.429699
90610 45.3050 0.243486 1.474878
90620 45.3100 0.247640 1.365331
90630 45.3150 0.251591 1.264567
90640 45.3200 0.255135 1.177177
90650 45.3250 0.258278 1.102200
90660 45.3300 0.261134 1.036180
90670 45.3350 0.263796 0.976537
90680 45.3400 0.266353 0.921008
90690 45.3450 0.268617 0.873291
90700 45.3500 0.270491 0.834887
90710 45.3550 0.272141 0.991006
90720 45.3600 0.273631 0.961581
90730 45.3650 0.274977 0.935388
90740 45.3700 0.276091 0.914004
90750 45.3750 0.276857 0.899449
90760 45.3800 0.277090 0.895047
90770 45.3850 0.276842 0.899729
90780 45.3900 0.276315 0.909741
90790 45.3950 0.275524 0.924853
90800 45.4000 0.274291 0.948698
90810 45.4050 0.272664 1.163863
90820 45.4100 0.270909 1.198588
90830 45.4150 0.268758 1.241725
90840 45.4200 0.266223 1.293297
90850 45.4250 0.263247 1.354859
90860 45.4300 0.259966 1.423996
90870 45.4350 0.256146 1.506057
90880 45.4400 0.252036 1.596259
90890 45.4450 0.247749 1.692403
90900 45.4500 0.243301 1.794374
90910 45.4550 0.238659 2.047343
90920 45.4600 0.234085 2.155237
90930 45.4650 0.229401 2.267118
90940 45.4700 0.224670 2.381635
90950 45.4750 0.219954 2.497399
90960 45.4800 0.215097 2.618421
90970 45.4850 0.210207 2.742162
90980 45.4900 0.205505 2.862964
90990 45.4950 0.200731 2.987337
91000 45.5000 0.195923 3.114256
91010 45.5050 0.191195 3.340067
91020 45.5100 0.186342 3.469346
91030 45.5150 0.181460 3.599262
91040 45.5200 0.176671 3.726218
91050 45.5250 0.172138 3.845642
91060 45.5300 0.167765 3.959831
91070 45.5350 0.163821 4.061751
91080 45.5400 0.160172 4.155016
91090 45.5450 0.156725 4.242114
91100 45.5500 0.153410 4.324879
91110 45.5550 0.150117 4.477252
91120 45.5600 0.146956 4.553803
91130 45.5650 0.143950 4.625438
91140 45.5700 0.141114 4.692023
91150 45.5750 0.138270 4.757826
91160 45.5800 0.135470 4.821702
91170 45.5850 0.132823 4.881335
91180 45.5900 0.130363 4.936094
91190 45.5950 0.128114 4.985631
91200 45.6000 0.126292 5.025438
91210 45.6050 0.124713 5.118330
91220 45.6100 0.123222 5.150417
91230 45.6150 0.121966 5.177275
91240 45.6200 0.120857 5.200843
91250 45.6250 0.120014 5.218699
91260 45.6300 0.119554 5.228421
91270 45.6350 0.119354 5.232627
91280 45.6400 0.119417 5.231300
91290 45.6450 0.119618 5.227059
91300 45.6500 0.119878 5.221580
91310 45.6550 0.120173 5.270861
91320 45.6600 0.120504 5.263846
91330 45.6650 0.121294 5.247064
91340 45.6700 0.122384 5.223785
91350 45.6750 0.123799 5.193355
91360 45.6800 0.125440 5.157768
91370 45.6850 0.127056 5.122381
91380 45.6900 0.128788 5.084048
91390 45.6950 0.130726 5.040693
91400 45.7000 0.132730 4.995276
91410 45.7050 0.134694 5.009319
91420 45.7100 0.136563 4.965790
91430 45.7150 0.138441 4.921417
91440 45.7200 0.140452 4.873224
91450 45.7250 0.142679 4.818990
91460 45.7300 0.144945 4.762928
91470 45.7350 0.147372 4.701834
91480 45.7400 0.149884 4.637535
91490 45.7450 0.152490 4.569697
91500 45.7500 0.155485 4.490323
91510 45.7550 0.158765 4.469753
91520 45.7600 0.162208 4.374666
91530 45.7650 0.165828 4.272657
91540 45.7700 0.169502 4.167261
91550 45.7750 0.173415 4.053194
91560 45.7800 0.177494 3.932701
91570 45.7850 0.181552 3.811658
91580 45.7900 0.185688 3.687497
91590 45.7950 0.189863 3.561767
91600 45.8000 0.194016 3.436749
91610 45.8050 0.198398 3.396372
91620 45.8100 0.202980 3.258692
91630 45.8150 0.207761 3.115675
91640 45.8200 0.212709 2.968695
91650 45.8250 0.217753 2.820319
91660 45.8300 0.222768 2.674558
91670 45.8350 0.227573 2.536680
91680 45.8400 0.232147 2.407264
91690 45.8450 0.236671 2.281061
91700 45.8500 0.241226 2.155888
91710 45.8550 0.245867 2.160696
91720 45.8600 0.250354 2.039883
91730 45.8650 0.254644 1.925475
91740 45.8700 0.258604 1.820984
91750 45.8750 0.262377 1.722556
91760 45.8800 0.265726 1.636292
91770 45.8850 0.268835 1.557228
91780 45.8900 0.271843 1.481793
91790 45.8950 0.274555 1.414765
91800 45.9000 0.277038 1.354273
91810 45.9050 0.279141 1.467306
91820 45.9100 0.280835 1.426819
91830 45.9150 0.282329 1.391336
91840 45.9200 0.283460 1.364645
91850 45.9250 0.284195 1.347365
91860 45.9300 0.284628 1.337220
91870 45.9350 0.284687 1.335836
91880 45.9400 0.284459 1.341175
91890 45.9450 0.283789 1.356896
91900 45.9500 0.282750 1.381391
91910 45.9550 0.281553 1.572126
91920 45.9600 0.279911 1.611034
91930 45.9650 0.277635 1.665136
91940 45.9700 0.275065 1.726352
91950 45.9750 0.272260 1.793248
91960 45.9800 0.269405 1.861367
91970 45.9850 0.266456 1.931712
91980 45.9900 0.263484 2.002509
91990 45.9950 0.260351 2.076986
92000 46.0000 0.257107 2.153925
92010 46.0050 0.253551 2.368617
92020 46.0100 0.250020 2.450960
92030 46.0150 0.246306 2.536741
92040 46.0200 0.242488 2.624124
92050 46.0250 0.238634 2.711694
92060 46.0300 0.234853 2.797156
92070 46.0350 0.231051 2.882914
92080 46.0400 0.227190 2.969998
92090 46.0450 0.223123 3.061999
92100 46.0500 0.219035 3.155017
92110 46.0550 0.214908 3.348291
92120 46.0600 0.210748 3.443718
92130 46.0650 0.206508 3.541495
92140 46.0700 0.202354 3.637863
92150 46.0750 0.198153 3.735947
92160 46.0800 0.193923 3.835337
92170 46.0850 0.189843 3.931696
92180 46.0900 0.185990 4.023012
92190 46.0950 0.182390 4.108449
92200 46.1000 0.178892 4.191422
92210 46.1050 0.175399 4.347920
92220 46.1100 0.171987 4.427741
92230 46.1150 0.168784 4.501838
92240 46.1200 0.165642 4.573651
92250 46.1250 0.162650 4.641113
92260 46.1300 0.159785 4.704768
92270 46.1350 0.156935 4.767091
92280 46.1400 0.154099 4.828096
92290 46.1450 0.151428 4.884571
92300 46.1500 0.148928 4.936535
92310 46.1550 0.146514 5.045933
92320 46.1600 0.144267 5.090950
92330 46.1650 0.142273 5.130206
92340 46.1700 0.140379 5.166889
92350 46.1750 0.138556 5.201674
92360 46.1800 0.136945 5.231966
92370 46.1850 0.135376 5.261098
92380 46.1900 0.133857 5.288937
92390 46.1950 0.132478 5.313934
92400 46.2000 0.131308 5.334922
92410 46.2050 0.130396 5.404944
92420 46.2100 0.129742 5.416500
92430 46.2150 0.129351 5.423368
92440 46.2200 0.128778 5.433402
92450 46.2250 0.128082 5.445536
92460 46.2300 0.127357 5.458098
92470 46.2350 0.126910 5.465786
92480 46.2400 0.126459 5.473538
92490 46.2450 0.126346 5.475478
92500 46.2500 0.126537 5.472205
92510 46.2550 0.126835 5.518851
92520 46.2600 0.127074 5.514733
92530 46.2650 0.127460 5.508067
92540 46.2700 0.128062 5.497628
92550 46.2750 0.128768 5.485298
92560 46.2800 0.129547 5.471604
92570 46.2850 0.130649 5.452042
92580 46.2900 0.131905 5.429481
92590 46.2950 0.133094 5.407876
92600 46.3000 0.134284 5.385986
92610 46.3050 0.135528 5.415820
92620 46.3100 0.136915 5.389580
92630 46.3150 0.138255 5.363846
92640 46.3200 0.139601 5.337604
92650 46.3250 0.140859 5.312713
92660 46.3300 0.142161 5.286588
92670 46.3350 0.143536 5.258606
92680 46.3400 0.144957 5.229229
92690 46.3450 0.146667 5.193297
92700 46.3500 0.148285 5.158730
92710 46.3550 0.149990 5.178139
92720 46.3600 0.151792 5.138214
92730 46.3650 0.153716 5.094745
92740 46.3700 0.155684 5.049424
92750 46.3750 0.157364 5.010053
92760 46.3800 0.159136 4.967908
92770 46.3850 0.161313 4.915226
92780 46.3900 0.163575 4.859552
92790 46.3950 0.165762 4.804850
92800 46.4000 0.167721 4.755190
92810 46.4050 0.169533 4.771939
92820 46.4100 0.171228 4.727926
92830 46.4150 0.172880 4.684630
92840 46.4200 0.174474 4.642460
92850 46.4250 0.176076 4.599770
92860 46.4300 0.177600 4.558862
92870 46.4350 0.179185 4.516042
92880 46.4400 0.180684 4.475337
92890 46.4450 0.181954 4.440686
92900 46.4500 0.183136 4.408332
92910 46.4550 0.184219 4.448299
92920 46.4600 0.185349 4.417134
92930 46.4650 0.186507 4.385112
92940 46.4700 0.187843 4.348041
92950 46.4750 0.189112 4.312754
92960 46.4800 0.190257 4.280788
92970 46.4850 0.191150 4.255840
92980 46.4900 0.192060 4.230372
92990 46.4950 0.192968 4.204951
93000 46.5000 0.193951 4.177362
93010 46.5050 0.194818 4.227366
93020 46.5100 0.195921 4.196323
93030 46.5150 0.197261 4.158555
93040 46.5200 0.198716 4.117438
93050 46.5250 0.200310 4.072351
93060 46.5300 0.201838 4.029043
93070 46.5350 0.203317 3.987098
93080 46.5400 0.204913 3.941790
93090 46.5450 0.206604 3.893772
93100 46.5500 0.208209 3.848155
93110 46.5550 0.209800 3.884430
93120 46.5600 0.211677 3.830999
93130 46.5650 0.213666 3.774242
93140 46.5700 0.215381 3.725277
93150 46.5750 0.216911 3.681515
93160 46.5800 0.218284 3.642231
93170 46.5850 0.219669 3.602558
93180 46.5900 0.221140 3.560401
93190 46.5950 0.222720 3.515096
93200 46.6000 0.224172 3.473415
93210 46.6050 0.225452 3.527126
93220 46.6100 0.226676 3.491872
93230 46.6150 0.227753 3.460778
93240 46.6200 0.228649 3.434881
93250 46.6250 0.229465 3.411241
93260 46.6300 0.230147 3.391461
93270 46.6350 0.230673 3.376196
93280 46.6400 0.230884 3.370075
93290 46.6450 0.231088 3.364129
93300 46.6500 0.231067 3.364738
93310 46.6550 0.230946 3.461570
93320 46.6600 0.230850 3.464350
93330 46.6650 0.230613 3.471228
93340 46.6700 0.230192 3.483440
93350 46.6750 0.229738 3.496582
93360 46.6800 0.229203 3.512068
93370 46.6850 0.228621 3.528883
93380 46.6900 0.227772 3.553335
93390 46.6950 0.226867 3.579317
93400 46.7000 0.226012 3.603824
93410 46.7050 0.225022 3.719361
93420 46.7100 0.223987 3.748795
93430 46.7150 0.222880 3.780134
93440 46.7200 0.221735 3.812377
93450 46.7250 0.220656 3.842637
93460 46.7300 0.219524 3.874225
93470 46.7350 0.218398 3.905479
93480 46.7400 0.217070 3.942162
93490 46.7450 0.215758 3.978211
93500 46.7500 0.214505 4.012438
93510 46.7550 0.213222 4.125104
93520 46.7600 0.211947 4.159478
93530 46.7650 0.210923 4.186917
93540 46.7700 0.209907 4.213966
93550 46.7750 0.208715 4.245522
93560 46.7800 0.207368 4.280941
93570 46.7850 0.206301 4.308804
93580 46.7900 0.205163 4.338322
93590 46.7950 0.204068 4.366546
93600 46.8000 0.202819 4.398514
93610 46.8050 0.201566 4.500239
93620 46.8100 0.200303 4.532031
93630 46.8150 0.199272 4.557779
93640 46.8200 0.198383 4.579826
93650 46.8250 0.197531 4.600821
93660 46.8300 0.196780 4.619198
93670 46.8350 0.195935 4.639791
93680 46.8400 0.195075 4.660576
93690 46.8450 0.194251 4.680398
93700 46.8500 0.193568 4.696734
93710 46.8550 0.192905 4.776777
93720 46.8600 0.192127 4.795149
93730 46.8650 0.191511 4.809612
93740 46.8700 0.190919 4.823431
93750 46.8750 0.190585 4.831185
93760 46.8800 0.190290 4.838010
93770 46.8850 0.189899 4.847044
93780 46.8900 0.189374 4.859133
93790 46.8950 0.188908 4.869803
93800 46.9000 0.188490 4.879321
93810 46.9050 0.188012 4.951276
93820 46.9100 0.187579 4.961050
93830 46.9150 0.187137 4.970978
93840 46.9200 0.186465 4.986006
93850 46.9250 0.185556 5.006135
93860 46.9300 0.184580 5.027544
93870 46.9350 0.183609 5.048588
93880 46.9400 0.182630 5.069595
93890 46.9450 0.181638 5.090606
93900 46.9500 0.180493 5.114588
93910 46.9550 0.179640 5.189418
93920 46.9600 0.178853 5.205521
93930 46.9650 0.178128 5.220188
93940 46.9700 0.177241 5.237947
93950 46.9750 0.176401 5.254569
93960 46.9800 0.175490 5.272360
93970 46.9850 0.174712 5.287390
93980 46.9900 0.174100 5.299092
93990 46.9950 0.173621 5.308172
94000 47.0000 0.173105 5.317885
94010 47.0050 0.172475 5.383679
94020 47.0100 0.172010 5.392289
94030 47.0150 0.171742 5.397205
94040 47.0200 0.171527 5.401146
94050 47.0250 0.171184 5.407406
94060 47.0300 0.170746 5.415336
94070 47.0350 0.170392 5.421710
94080 47.0400 0.170039 5.428018
94090 47.0450 0.169702 5.434008
94100 47.0500 0.169567 5.436403
94110 47.0550 0.169309 5.493237
94120 47.0600 0.169081 5.497240
94130 47.0650 0.168784 5.502449
94140 47.0700 0.168404 5.509042
94150 47.0750 0.168362 5.509771
94160 47.0800 0.168454 5.508188
94170 47.0850 0.168522 5.507007
94180 47.0900 0.168640 5.504955
94190 47.0950 0.168820 5.501821
94200 47.1000 0.169065 5.497526
94210 47.1050 0.169399 5.543053
94220 47.1100 0.169718 5.537405
94230 47.1150 0.169937 5.533504
94240 47.1200 0.170179 5.529186
94250 47.1250 0.170802 5.517950
94260 47.1300 0.171712 5.501325
94270 47.1350 0.172597 5.484867
94280 47.1400 0.173489 5.468029
94290 47.1450 0.174494 5.448710
94300 47.1500 0.175552 5.428018
94310 47.1550 0.176640 5.458736
94320 47.1600 0.177659 5.438034
94330 47.1650 0.178584 5.418911
94340 47.1700 0.179732 5.394766
94350 47.1750 0.181050 5.366473
94360 47.1800 0.182511 5.334405
94370 47.1850 0.183866 5.303982
94380 47.1900 0.185060 5.276652
94390 47.1950 0.186198 5.250168
94400 47.2000 0.187452 5.220440
94410 47.2050 0.189008 5.238355
94420 47.2100 0.190776 5.194563
94430 47.2150 0.192533 5.149943
94440 47.2200 0.194192 5.106867
94450 47.2250 0.195572 5.070330
94460 47.2300 0.196714 5.039588
94470 47.2350 0.197715 5.012315
94480 47.2400 0.198612 4.987602
94490 47.2450 0.199613 4.959701
94500 47.2500 0.200476 4.935409
94510 47.2550 0.201516 4.965956
94520 47.2600 0.202517 4.937138
94530 47.2650 0.203578 4.906214
94540 47.2700 0.204586 4.876504
94550 47.2750 0.205556 4.847616
94560 47.2800 0.206418 4.821682
94570 47.2850 0.207598 4.785835
94580 47.2900 0.208886 4.746201
94590 47.2950 0.210371 4.699908
94600 47.3000 0.212042 4.647027
94610 47.3050 0.213822 4.655020
94620 47.3100 0.215628 4.595974
94630 47.3150 0.217373 4.538072
94640 47.3200 0.219223 4.475698
94650 47.3250 0.220961 4.416279
94660 47.3300 0.222651 4.357779
94670 47.3350 0.224453 4.294568
94680 47.3400 0.226172 4.233566
94690 47.3450 0.228120 4.163593
94700 47.3500 0.230216 4.087402
94710 47.3550 0.232463 4.080903
94720 47.3600 0.234882 3.990568
94730 47.3650 0.237521 3.890694
94740 47.3700 0.240178 3.788848
94750 47.3750 0.242715 3.690504
94760 47.3800 0.245309 3.588989
94770 47.3850 0.247934 3.485447
94780 47.3900 0.250749 3.373620
94790 47.3950 0.253566 3.261118
94800 47.4000 0.256289 3.151950
94810 47.4050 0.258863 3.147476
94820 47.4100 0.261480 3.041952
94830 47.4150 0.263887 2.944780
94840 47.4200 0.266262 2.848914
94850 47.4250 0.268682 2.751415
94860 47.4300 0.270980 2.659138
94870 47.4350 0.273286 2.566939
94880 47.4400 0.275435 2.481484
94890 47.4450 0.277405 2.403624
94900 47.4500 0.279257 2.330951
94910 47.4550 0.281052 2.385511
94920 47.4600 0.282752 2.319610
94930 47.4650 0.284266 2.261222
94940 47.4700 0.285957 2.196489
94950 47.4750 0.287563 2.135481
94960 47.4800 0.288738 2.091119
94970 47.4850 0.289581 2.059516
94980 47.4900 0.290241 2.034846
94990 47.4950 0.290942 2.008746
95000 47.5000 0.291618 1.983690
95010 47.5050 0.292105 2.102948
95020 47.5100 0.292097 2.103250
95030 47.5150 0.291736 2.116605
95040 47.5200 0.290971 2.144912
95050 47.5250 0.290049 2.179207
95060 47.5300 0.289046 2.216631
95070 47.5350 0.288051 2.253925
95080 47.5400 0.286882 2.297942
95090 47.5450 0.285513 2.349706
95100 47.5500 0.284028 2.406089
95110 47.5550 0.282485 2.586838
95120 47.5600 0.280955 2.645191
95130 47.5650 0.279495 2.700976
95140 47.5700 0.278144 2.752620
95150 47.5750 0.276548 2.813600
95160 47.5800 0.274843 2.878739
95170 47.5850 0.273029 2.947932
95180 47.5900 0.271110 3.021006
95190 47.5950 0.269309 3.089424
95200 47.6000 0.267740 3.148821
95210 47.6050 0.266129 3.308652
95220 47.6100 0.264668 3.363408
95230 47.6150 0.263230 3.417025
95240 47.6200 0.261652 3.475500
95250 47.6250 0.260225 3.528031
95260 47.6300 0.258939 3.575105
95270 47.6350 0.257854 3.614547
95280 47.6400 0.256795 3.652876
95290 47.6450 0.255818 3.688067
95300 47.6500 0.254942 3.719424
95310 47.6550 0.254508 3.819413
95320 47.6600 0.254355 3.824836
95330 47.6650 0.254425 3.822352
95340 47.6700 0.254654 3.814210
95350 47.6750 0.255143 3.796735
95360 47.6800 0.255710 3.776395
95370 47.6850 0.256490 3.748331
95380 47.6900 0.257513 3.711295
95390 47.6950 0.258511 3.674958
95400 47.7000 0.259563 3.636414
95410 47.7050 0.260747 3.679248
95420 47.7100 0.261998 3.632732
95430 47.7150 0.263272 3.585027
95440 47.7200 0.264715 3.530580
95450 47.7250 0.266171 3.475169
95460 47.7300 0.267717 3.415898
95470 47.7350 0.269273 3.355790
95480 47.7400 0.270720 3.299526
95490 47.7450 0.272206 3.241357
95500 47.7500 0.273752 3.180560
95510 47.7550 0.275125 3.224444
95520 47.7600 0.276557 3.167479
95530 47.7650 0.278178 3.102643
95540 47.7700 0.279820 3.036624
95550 47.7750 0.281450 2.970834
95560 47.7800 0.282974 2.909092
95570 47.7850 0.284550 2.845055
95580 47.7900 0.286062 2.783499
95590 47.7950 0.287531 2.723637
95600 47.8000 0.289022 2.662879
95610 47.8050 0.290646 2.710124
95620 47.8100 0.292161 2.648311
95630 47.8150 0.293474 2.594717
95640 47.8200 0.294780 2.541437
95650 47.8250 0.296160 2.485192
95660 47.8300 0.297570 2.427879
95670 47.8350 0.298949 2.371921
95680 47.8400 0.300359 2.314926
95690 47.8450 0.301677 2.261884
95700 47.8500 0.302943 2.211095
95710 47.8550 0.304242 2.288060
95720 47.8600 0.305466 2.239342
95730 47.8650 0.306596 2.194580
95740 47.8700 0.307735 2.149604
95750 47.8750 0.308861 2.105395
95760 47.8800 0.310019 2.060158
95770 47.8850 0.311215 2.013674
95780 47.8900 0.312305 1.971622
95790 47.8950 0.313463 1.927217
95800 47.9000 0.314535 1.886373
95810 47.9050 0.315657 1.984948
95820 47.9100 0.316618 1.948793
95830 47.9150 0.317560 1.913573
95840 47.9200 0.318392 1.882619
95850 47.9250 0.319051 1.858191
95860 47.9300 0.319602 1.837896
95870 47.9350 0.320447 1.806853
95880 47.9400 0.321364 1.773426
95890 47.9450 0.322344 1.737961
95900 47.9500 0.323519 1.695773
95910 47.9550 0.324444 1.811587
95920 47.9600 0.325250 1.783056
95930 47.9650 0.325972 1.757658
95940 47.9700 0.326524 1.738298
95950 47.9750 0.327039 1.720330
95960 47.9800 0.327561 1.702214
95970 47.9850 0.328009 1.686699
95980 47.9900 0.328401 1.673150
95990 47.9950 0.328718 1.662262
96000 48.0000 0.328906 1.655826
96010 48.0050 0.328804 1.809764
96020 48.0100 0.328591 1.817073
96030 48.0150 0.328417 1.823046
96040 48.0200 0.328187 1.830965
96050 48.0250 0.327920 1.840169
96060 48.0300 0.327573 1.852185
96070 48.0350 0.327202 1.865016
96080 48.0400 0.326742 1.880977
96090 48.0450 0.325983 1.907459
96100 48.0500 0.325104 1.938208
96110 48.0550 0.324195 2.109213
96120 48.0600 0.323334 2.139579
96130 48.0650 0.322428 2.171657
96140 48.0700 0.321329 2.210692
96150 48.0750 0.320122 2.253677
96160 48.0800 0.318909 2.297021
96170 48.0850 0.317697 2.340447
96180 48.0900 0.316572 2.380826
96190 48.0950 0.315471 2.420431
96200 48.1000 0.314272 2.463603
96210 48.1050 0.313051 2.627589
96220 48.1100 0.311788 2.673032
96230 48.1150 0.310371 2.723938
96240 48.1200 0.308821 2.779504
96250 48.1250 0.307319 2.833181
96260 48.1300 0.305798 2.887342
96270 48.1350 0.304293 2.940731
96280 48.1400 0.302559 3.001902
96290 48.1450 0.300809 3.063274
96300 48.1500 0.299168 3.120464
96310 48.1550 0.297675 3.271944
96320 48.1600 0.296291 3.319399
96330 48.1650 0.294958 3.364694
96340 48.1700 0.293368 3.418216
96350 48.1750 0.291717 3.473194
96360 48.1800 0.290195 3.523279
96370 48.1850 0.288798 3.568787
96380 48.1900 0.287467 3.611661
96390 48.1950 0.286194 3.652223
96400 48.2000 0.285101 3.686737
96410 48.2050 0.283931 3.808580
96420 48.2100 0.282766 3.844559
96430 48.2150 0.281469 3.884128
96440 48.2200 0.279897 3.931409
96450 48.2250 0.278393 3.975903
96460 48.2300 0.276954 4.017848
96470 48.2350 0.275542 4.058345
96480 48.2400 0.274203 4.096181
96490 48.2450 0.273005 4.129548
96500 48.2500 0.271996 4.157294
96510 48.2550 0.271222 4.253126
96520 48.2600 0.270617 4.269459
96530 48.2650 0.269986 4.286362
96540 48.2700 0.269429 4.301159
96550 48.2750 0.268771 4.318501
96560 48.2800 0.268102 4.336010
96570 48.2850 0.267432 4.353376
96580 48.2900 0.266536 4.376378
96590 48.2950 0.265307 4.407495
96600 48.3000 0.264033 4.439225
96610 48.3050 0.262430 4.547462
96620 48.3100 0.260992 4.581851
96630 48.3150 0.259727 4.611503
96640 48.3200 0.258431 4.641341
96650 48.3250 0.257061 4.672298
96660 48.3300 0.255567 4.705390
96670 48.3350 0.254073 4.737773
96680 48.3400 0.252512 4.770880
96690 48.3450 0.250813 4.806123
96700 48.3500 0.249054 4.841755
96710 48.3550 0.247155 4.940982
96720 48.3600 0.245264 4.977279
96730 48.3650 0.243351 5.013027
96740 48.3700 0.241356 5.049300
96750 48.3750 0.239385 5.084180
96760 48.3800 0.237323 5.119700
96770 48.3850 0.235424 5.151595
96780 48.3900 0.233521 5.182819
96790 48.3950 0.231553 5.214359
96800 48.4000 0.229655 5.244102
96810 48.4050 0.227794 5.327801
96820 48.4100 0.226210 5.351593
96830 48.4150 0.224956 5.370103
96840 48.4200 0.223807 5.386827
96850 48.4250 0.222701 5.402718
96860 48.4300 0.221685 5.417157
96870 48.4350 0.220643 5.431793
96880 48.4400 0.219921 5.441834
96890 48.4450 0.219344 5.449816
96900 48.4500 0.218756 5.457887
96910 48.4550 0.218264 5.516569
96920 48.4600 0.218052 5.519448
96930 48.4650 0.217798 5.522900
96940 48.4700 0.217704 5.524169
96950 48.4750 0.217644 5.524979
96960 48.4800 0.217490 5.527053
96970 48.4850 0.217350 5.528942
96980 48.4900 0.217256 5.530207
96990 48.4950 0.217529 5.526531
97000 48.5000 0.218058 5.519375
97010 48.5050 0.218656 5.562307
97020 48.5100 0.219164 5.555327
97030 48.5150 0.219727 5.547537
97040 48.5200 0.220549 5.536065
97050 48.5250 0.221181 5.527148
97060 48.5300 0.221951 5.516182
97070 48.5350 0.222730 5.504982
97080 48.5400 0.223758 5.489997
97090 48.5450 0.224682 5.476355
97100 48.5500 0.225423 5.465279
97110 48.5550 0.226145 5.506227
97120 48.5600 0.226880 5.495009
97130 48.5650 0.227474 5.485832
97140 48.5700 0.228211 5.474337
97150 48.5750 0.228909 5.463323
97160 48.5800 0.229699 5.450725
97170 48.5850 0.230660 5.435179
97180 48.5900 0.231689 5.418262
97190 48.5950 0.232649 5.402228
97200 48.6000 0.233757 5.383425
97210 48.6050 0.234860 5.417418
97220 48.6100 0.236092 5.395688
97230 48.6150 0.237511 5.370071
97240 48.6200 0.239029 5.341984
97250 48.6250 0.240554 5.313019
97260 48.6300 0.242111 5.282660
97270 48.6350 0.243576 5.253336
97280 48.6400 0.245064 5.222800
97290 48.6450 0.246669 5.189021
97300 48.6500 0.248251 5.154789
97310 48.6550 0.250033 5.171685
97320 48.6600 0.251912 5.128509
97330 48.6650 0.253821 5.083212
97340 48.6700 0.255581 5.040133
97350 48.6750 0.257464 4.992609
97360 48.6800 0.259543 4.938474
97370 48.6850 0.261841 4.876517
97380 48.6900 0.264252 4.809131
97390 48.6950 0.266823 4.734577
97400 48.7000 0.269482 4.654539
97410 48.7050 0.272237 4.633490
97420 48.7100 0.274736 4.552525
97430 48.7150 0.277250 4.468356
97440 48.7200 0.279712 4.383417
97450 48.7250 0.282102 4.298602
97460 48.7300 0.284685 4.204449
97470 48.7350 0.287538 4.097637
97480 48.7400 0.290418 3.986904
97490 48.7450 0.293486 3.866079
97500 48.7500 0.296868 3.729727
97510 48.7550 0.300263 3.674011
97520 48.7600 0.303850 3.523109
97530 48.7650 0.307735 3.356844
97540 48.7700 0.311765 3.182090
97550 48.7750 0.315686 3.010765
97560 48.7800 0.319485 2.844332
97570 48.7850 0.323417 2.672588
97580 48.7900 0.327296 2.504493
97590 48.7950 0.331198 2.337666
97600 48.8000 0.335182 2.170454
97610 48.8050 0.339338 2.130200
97620 48.8100 0.343637 1.958451
97630 48.8150 0.347764 1.798799
97640 48.8200 0.351734 1.650749
97650 48.8250 0.355618 1.511759
97660 48.8300 0.359361 1.383658
97670 48.8350 0.362914 1.267728
97680 48.8400 0.366190 1.165879
97690 48.8450 0.369396 1.071079
97700 48.8500 0.372232 0.991260
97710 48.8550 0.374810 1.102987
97720 48.8600 0.377036 1.045224
97730 48.8650 0.378774 1.001531
97740 48.8700 0.380070 0.969750
97750 48.8750 0.381046 0.946288
97760 48.8800 0.381622 0.932607
97770 48.8850 0.381723 0.930221
97780 48.8900 0.381397 0.937920
97790 48.8950 0.380701 0.954534
97800 48.9000 0.379555 0.982290
97810 48.9050 0.378073 1.200532
97820 48.9100 0.376418 1.242301
97830 48.9150 0.374632 1.288425
97840 48.9200 0.372553 1.343478
97850 48.9250 0.369952 1.414367
97860 48.9300 0.367114 1.494350
97870 48.9350 0.364220 1.578654
97880 48.9400 0.361498 1.660428
97890 48.9450 0.358666 1.748035
97900 48.9500 0.355596 1.845830
97910 48.9550 0.352212 2.099242
97920 48.9600 0.348637 2.219123
97930 48.9650 0.344982 2.344419
97940 48.9700 0.341195 2.476965
97950 48.9750 0.337436 2.610869
97960 48.9800 0.333859 2.740167
97970 48.9850 0.330284 2.870834
97980 48.9900 0.326812 2.998772
97990 48.9950 0.323166 3.133783
98000 49.0000 0.319380 3.274276
98010 49.0050 0.315647 3.508001
98020 49.0100 0.312045 3.640029
98030 49.0150 0.308415 3.771439
98040 49.0200 0.304800 3.900253
98050 49.0250 0.301481 4.016307
98060 49.0300 0.298355 4.123462
98070 49.0350 0.295064 4.233651
98080 49.0400 0.291741 4.341953
98090 49.0450 0.288400 4.447634
98100 49.0500 0.285287 4.542953
98110 49.0550 0.282516 4.692132
98120 49.0600 0.279763 4.770917
98130 49.0650 0.277227 4.840939
98140 49.0700 0.274788 4.905963
98150 49.0750 0.272373 4.968086
98160 49.0800 0.269988 5.027207
98170 49.0850 0.267587 5.084470
98180 49.0900 0.265153 5.140227
98190 49.0950 0.262484 5.198749
98200 49.1000 0.259900 5.252787
98210 49.1050 0.257349 5.358664
98220 49.1100 0.254665 5.409423
98230 49.1150 0.252008 5.456960
98240 49.1200 0.249592 5.497951
98250 49.1250 0.247137 5.537483
98260 49.1300 0.244836 5.572671
98270 49.1350 0.242560 5.605770
98280 49.1400 0.240259 5.637582
98290 49.1450 0.237950 5.667891
98300 49.1500 0.235513 5.698256
98310 49.1550 0.233070 5.775615
98320 49.1600 0.230379 5.805425
98330 49.1650 0.227665 5.833619
98340 49.1700 0.224892 5.860624
98350 49.1750 0.222104 5.886054
98360 49.1800 0.219288 5.910144
98370 49.1850 0.216554 5.932105
98380 49.1900 0.213802 5.952904
98390 49.1950 0.211182 5.971576
98400 49.2000 0.208720 5.988198
98410 49.2050 0.206211 6.049020
98420 49.2100 0.203539 6.065051
98430 49.2150 0.200861 6.080123
98440 49.2200 0.198158 6.094371
98450 49.2250 0.195523 6.107374
98460 49.2300 0.193196 6.118155
98470 49.2350 0.191129 6.127193
98480 49.2400 0.188959 6.136155
98490 49.2450 0.186668 6.145036
98500 49.2500 0.184481 6.152968
98510 49.2550 0.182402 6.202775
98520 49.2600 0.180259 6.209435
98530 49.2650 0.178260 6.215133
98540 49.2700 0.176590 6.219516
98550 49.2750 0.175103 6.223128
98560 49.2800 0.173782 6.226112
98570 49.2850 0.172431 6.228946
98580 49.2900 0.171321 6.231112
98590 49.2950 0.170363 6.232865
98600 49.3000 0.169429 6.234469
98610 49.3050 0.168468 6.277833
98620 49.3100 0.167484 6.279281
98630 49.3150 0.166712 6.280329
98640 49.3200 0.166240 6.280931
98650 49.3250 0.165872 6.281382
98660 49.3300 0.165539 6.281774
98670 49.3350 0.165560 6.281750
98680 49.3400 0.165937 6.281304
98690 49.3450 0.166559 6.280528
98700 49.3500 0.167438 6.279346
98710 49.3550 0.168439 6.319174
98720 49.3600 0.169566 6.317334
98730 49.3650 0.170829 6.315048
98740 49.3700 0.172273 6.312135
98750 49.3750 0.173912 6.308447
98760 49.3800 0.175599 6.304222
98770 49.3850 0.177594 6.298657
98780 49.3900 0.179800 6.291789
98790 49.3950 0.182041 6.284035
98800 49.4000 0.184339 6.275274
98810 49.4050 0.186809 6.306247
98820 49.4100 0.189336 6.294543
98830 49.4150 0.191798 6.282083
98840 49.4200 0.194118 6.269384
98850 49.4250 0.196443 6.255730
98860 49.4300 0.198927 6.240109
98870 49.4350 0.201764 6.220943
98880 49.4400 0.204552 6.200720
98890 49.4450 0.207360 6.178930
98900 49.4500 0.210256 6.154936
98910 49.4550 0.213236 6.171253
98920 49.4600 0.216196 6.143094
98930 49.4650 0.219059 6.113986
98940 49.4700 0.222066 6.081363
98950 49.4750 0.225193 6.045098
98960 49.4800 0.228400 6.005325
98970 49.4850 0.231646 5.962245
98980 49.4900 0.234928 5.915658
98990 49.4950 0.238118 5.867334
99000 49.5000 0.241193 5.817741
99010 49.5050 0.244284 5.811726
99020 49.5100 0.247522 5.752550
99030 49.5150 0.250543 5.693876
99040 49.5200 0.253679 5.629318
99050 49.5250 0.257019 5.556396
99060 49.5300 0.260537 5.474841
99070 49.5350 0.264170 5.385469
99080 49.5400 0.267796 5.291028
99090 49.5450 0.271364 5.192979
99100 49.5500 0.274837 5.092765
99110 49.5550 0.278349 5.044141
99120 49.5600 0.281856 4.933297
99130 49.5650 0.285198 4.823357
99140 49.5700 0.288651 4.705597
99150 49.5750 0.292384 4.573831
99160 49.5800 0.296057 4.440041
99170 49.5850 0.299817 4.299290
99180 49.5900 0.303801 4.146527
99190 49.5950 0.307907 3.985829
99200 49.6000 0.311889 3.827564
99210 49.6050 0.315953 3.745915
99220 49.6100 0.319832 3.588249
99230 49.6150 0.323580 3.435130
99240 49.6200 0.327169 3.288374
99250 49.6250 0.330662 3.145861
99260 49.6300 0.334104 3.006193
99270 49.6350 0.337432 2.872258
99280 49.6400 0.340648 2.744212
99290 49.6450 0.343775 2.621299
99300 49.6500 0.346699 2.507999
99310 49.6550 0.349442 2.521762
99320 49.6600 0.352283 2.414650
99330 49.6650 0.355112 2.309638
99340 49.6700 0.357819 2.210805
99350 49.6750 0.360431 2.117075
99360 49.6800 0.362926 2.029164
99370 49.6850 0.365391 1.943939
99380 49.6900 0.367778 1.863042
99390 49.6950 0.369833 1.794685
99400 49.7000 0.371610 1.736598
99410 49.7050 0.373024 1.838064
99420 49.7100 0.374205 1.800362
99430 49.7150 0.375073 1.772869
99440 49.7200 0.375450 1.761007
99450 49.7250 0.375458 1.760740
99460 49.7300 0.375191 1.769155
99470 49.7350 0.374677 1.785383
99480 49.7400 0.373729 1.815522
99490 49.7450 0.372520 1.854284
99500 49.7500 0.371315 1.893254
99510 49.7550 0.369937 2.078977
99520 49.7600 0.368408 2.129277
99530 49.7650 0.366731 2.184918
99540 49.7700 0.365019 2.242179
99550 49.7750 0.363079 2.307687
99560 49.7800 0.360762 2.386660
99570 49.7850 0.358339 2.470115
99580 49.7900 0.355909 2.554630
99590 49.7950 0.353432 2.641523
99600 49.8000 0.350989 2.727953
99610 49.8050 0.348569 2.925505
99620 49.8100 0.346059 3.015133
99630 49.8150 0.343296 3.114055
99640 49.8200 0.340548 3.212643
99650 49.8250 0.337944 3.306179
99660 49.8300 0.335350 3.399336
99670 49.8350 0.332789 3.491231
99680 49.8400 0.330542 3.571729
99690 49.8450 0.328281 3.652498
99700 49.8500 0.325817 3.740240
99710 49.8550 0.323224 3.916054
99720 49.8600 0.320665 4.005897
99730 49.8650 0.318238 4.090352
99740 49.8700 0.316153 4.162217
99750 49.8750 0.314295 4.225681
99760 49.8800 0.312498 4.286534
99770 49.8850 0.310644 4.348697
99780 49.8900 0.308875 4.407449
99790 49.8950 0.307133 4.464672
99800 49.9000 0.305610 4.514204
99810 49.9050 0.304123 4.629674
99820 49.9100 0.302750 4.673352
99830 49.9150 0.301427 4.714999
99840 49.9200 0.300247 4.751738
99850 49.9250 0.299415 4.777410
99860 49.9300 0.298701 4.799286
99870 49.9350 0.298000 4.820635
99880 49.9400 0.297443 4.837500
99890 49.9450 0.297141 4.846611
99900 49.9500 0.297108 4.847599
99910 49.9550 0.297244 4.905139
99920 49.9600 0.297581 4.894976
99930 49.9650 0.298064 4.880324
99940 49.9700 0.298794 4.858060
99950 49.9750 0.299641 4.832018
99960 49.9800 0.300659 4.800438
99970 49.9850 0.301806 4.764497
99980 49.9900 0.302964 4.727800
99990 49.9950 0.304420 4.681150
100000 50.0000 0.306154 4.624837
100010 50.0050 0.308066 4.627407
100020 50.0100 0.309994 4.562798
100030 50.0150 0.311921 4.497215
100040 50.0200 0.313979 4.426149
100050 50.0250 0.316411 4.340885
100060 50.0300 0.319112 4.244651
100070 50.0350 0.322073 4.137407
100080 50.0400 0.325023 4.029025
100090 50.0450 0.328036 3.916852
100100 50.0500 0.331239 3.796280
100110 50.0550 0.334628 3.749932
100120 50.0600 0.337986 3.620705
100130 50.0650 0.341565 3.481857
100140 50.0700 0.345478 3.329067
100150 50.0750 0.349499 3.171535
100160 50.0800 0.353500 3.014727
100170 50.0850 0.357472 2.859504
100180 50.0900 0.361586 2.699799
100190 50.0950 0.365834 2.536512
100200 50.1000 0.370323 2.366424
100210 50.1050 0.374644 2.328621
100220 50.1100 0.378884 2.173080
100230 50.1150 0.383295 2.014548
100240 50.1200 0.387815 1.856290
100250 50.1250 0.392145 1.709184
100260 50.1300 0.396466 1.567366
100270 50.1350 0.400764 1.431759
100280 50.1400 0.405198 1.297996
100290 50.1450 0.409564 1.172805
100300 50.1500 0.413928 1.054502
100310 50.1550 0.418064 1.126322
100320 50.1600 0.421848 1.033887
100330 50.1650 0.425477 0.949534
100340 50.1700 0.429139 0.868766
100350 50.1750 0.432783 0.792793
100360 50.1800 0.436207 0.725415
100370 50.1850 0.439390 0.666250
100380 50.1900 0.442191 0.616939
100390 50.1950 0.444974 0.570471
100400 50.2000 0.447545 0.529758
100410 50.2050 0.449858 0.700803
100420 50.2100 0.452160 0.667134
100430 50.2150 0.453987 0.641252
100440 50.2200 0.455425 0.621395
100450 50.2250 0.456624 0.605190
100460 50.2300 0.457484 0.593762
100470 50.2350 0.458209 0.584246
100480 50.2400 0.458682 0.578088
100490 50.2450 0.458960 0.574502
100500 50.2500 0.458922 0.574989
100510 50.2550 0.458695 0.781437
100520 50.2600 0.458163 0.788335
100530 50.2650 0.457417 0.798071
100540 50.2700 0.456404 0.811400
100550 50.2750 0.455092 0.828879
100560 50.2800 0.453835 0.845847
100570 50.2850 0.452406 0.865405
100580 50.2900 0.450671 0.889534
100590 50.2950 0.448592 0.919069
100600 50.3000 0.446292 0.952502
100610 50.3050 0.444002 1.169609
100620 50.3100 0.441641 1.205152
100630 50.3150 0.439101 1.244064
100640 50.3200 0.436212 1.289222
100650 50.3250 0.433120 1.338722
100660 50.3300 0.429949 1.390908
100670 50.3350 0.426685 1.446227
100680 50.3400 0.423224 1.506872
100690 50.3450 0.419530 1.574043
100700 50.3500 0.415632 1.647885
100710 50.3550 0.411818 1.873631
100720 50.3600 0.408008 1.950968
100730 50.3650 0.404157 2.031830
100740 50.3700 0.400223 2.117352
100750 50.3750 0.396274 2.206370
100760 50.3800 0.392331 2.298507
100770 50.3850 0.388423 2.393117
100780 50.3900 0.384565 2.489769
100790 50.3950 0.380566 2.593386
100800 50.4000 0.376468 2.703091
100810 50.4050 0.372256 2.931314
100820 50.4100 0.367983 3.051776
100830 50.4150 0.363532 3.179980
100840 50.4200 0.359129 3.309271
100850 50.4250 0.354913 3.435052
100860 50.4300 0.350840 3.558151
100870 50.4350 0.347135 3.671145
100880 50.4400 0.343651 3.778100
100890 50.4450 0.340334 3.880279
100900 50.4500 0.337270 3.974817
100910 50.4550 0.334401 4.141831
100920 50.4600 0.331898 4.218567
100930 50.4650 0.329627 4.287789
100940 50.4700 0.327608 4.348959
100950 50.4750 0.325685 4.406875
100960 50.4800 0.323751 4.464724
100970 50.4850 0.321860 4.520818
100980 50.4900 0.320202 4.569635
100990 50.4950 0.318710 4.613203
101000 50.5000 0.317683 4.643017
101010 50.5050 0.316837 4.732684
101020 50.5100 0.316296 4.748214
101030 50.5150 0.315866 4.760527
101040 50.5200 0.315524 4.770296
101050 50.5250 0.315414 4.773438
101060 50.5300 0.315549 4.769591
101070 50.5350 0.315961 4.757815
101080 50.5400 0.316311 4.747789
101090 50.5450 0.316787 4.734131
101100 50.5500 0.317275 4.720061
101110 50.5550 0.317892 4.766086
101120 50.5600 0.318448 4.749931
101130 50.5650 0.318964 4.734905
101140 50.5700 0.319584 4.716752
101150 50.5750 0.320546 4.688424
101160 50.5800 0.321764 4.652329
101170 50.5850 0.323153 4.610814
101180 50.5900 0.324517 4.569715
101190 50.5950 0.326063 4.522794
101200 50.6000 0.327493 4.479011
101210 50.6050 0.328793 4.507275
101220 50.6100 0.329924 4.472207
101230 50.6150 0.331074 4.436319
101240 50.6200 0.332359 4.395993
101250 50.6250 0.333556 4.358250
101260 50.6300 0.334714 4.321519
101270 50.6350 0.335998 4.280610
101280 50.6400 0.337258 4.240306
101290 50.6450 0.338616 4.196678
101300 50.6500 0.339734 4.160623
101310 50.6550 0.340645 4.205853
101320 50.6600 0.341432 4.180319
101330 50.6650 0.342204 4.155240
101340 50.6700 0.342937 4.131346
101350 50.6750 0.343617 4.109148
101360 50.6800 0.344048 4.095057
101370 50.6850 0.344294 4.087015
101380 50.6900 0.344329 4.085860
101390 50.6950 0.344239 4.088813
101400 50.7000 0.344212 4.089695
101410 50.7050 0.344187 4.166694
101420 50.7100 0.344118 4.168942
101430 50.7150 0.343982 4.173401
101440 50.7200 0.343699 4.182637
101450 50.7250 0.343138 4.200965
101460 50.7300 0.342356 4.226424
101470 50.7350 0.341611 4.250578
101480 50.7400 0.340751 4.278428
101490 50.7450 0.339784 4.309600
101500 50.7500 0.338519 4.350148
101510 50.7550 0.337092 4.466429
101520 50.7600 0.335593 4.513739
101530 50.7650 0.334159 4.558602
101540 50.7700 0.332779 4.601328
101550 50.7750 0.331419 4.643032
101560 50.7800 0.330178 4.680743
101570 50.7850 0.328906 4.718978
101580 50.7900 0.327779 4.752548
101590 50.7950 0.326766 4.782441
101600 50.8000 0.325725 4.812891
101610 50.8050 0.324550 4.909125
101620 50.8100 0.323282 4.945371
101630 50.8150 0.322060 4.979829
101640 50.8200 0.320990 5.009644
101650 50.8250 0.320139 5.033092
101660 50.8300 0.319442 5.052127
101670 50.8350 0.318771 5.070317
101680 50.8400 0.318253 5.084250
101690 50.8450 0.317562 5.102727
101700 50.8500 0.316741 5.124446
101710 50.8550 0.316012 5.200612
101720 50.8600 0.315437 5.215551
101730 50.8650 0.314982 5.227294
101740 50.8700 0.314800 5.231968
101750 50.8750 0.314526 5.238989
101760 50.8800 0.314467 5.240472
101770 50.8850 0.314602 5.237026
101780 50.8900 0.314945 5.228238
101790 50.8950 0.315542 5.212824
101800 50.9000 0.316273 5.193795
101810 50.9050 0.317305 5.222518
101820 50.9100 0.318311 5.195633
101830 50.9150 0.319372 5.166849
101840 50.9200 0.320414 5.138187
101850 50.9250 0.321288 5.113848
101860 50.9300 0.322185 5.088595
101870 50.9350 0.323371 5.054776
101880 50.9400 0.324622 5.018581
101890 50.9450 0.326005 4.977942
101900 50.9500 0.327392 4.936560
101910 50.9550 0.328632 4.959134
101920 50.9600 0.329813 4.922907
101930 50.9650 0.330794 4.892437
101940 50.9700 0.331623 4.866460
101950 50.9750 0.332743 4.831048
101960 50.9800 0.334263 4.782335
101970 50.9850 0.336046 4.724353
101980 50.9900 0.338106 4.656235
101990 50.9950 0.340182 4.586453
102000 51.0000 0.342463 4.508603
102010 51.0050 0.344964 4.489603
102020 51.0100 0.347717 4.392454
102030 51.0150 0.350655 4.287200
102040 51.0200 0.353637 4.178923
102050 51.0250 0.356673 4.067544
102060 51.0300 0.360074 3.941793
102070 51.0350 0.363526 3.813514
102080 51.0400 0.366953 3.686017
102090 51.0450 0.370251 3.563599
102100 51.0500 0.373484 3.444288
102110 51.0550 0.376703 3.417540
102120 51.0600 0.380027 3.296704
102130 51.0650 0.383485 3.172479
102140 51.0700 0.386954 3.049703
102150 51.0750 0.390375 2.930758
102160 51.0800 0.393657 2.818900
102170 51.0850 0.396982 2.708035
102180 51.0900 0.400261 2.601279
102190 51.0950 0.403364 2.502757
102200 51.1000 0.406296 2.411982
102210 51.1050 0.408998 2.451913
102220 51.1100 0.411575 2.375390
102230 51.1150 0.413987 2.305092
102240 51.1200 0.416155 2.243043
102250 51.1250 0.417941 2.192669
102260 51.1300 0.419549 2.147953
102270 51.1350 0.420998 2.108120
102280 51.1400 0.422260 2.073813
102290 51.1450 0.423220 2.047930
102300 51.1500 0.423925 2.029065
102310 51.1550 0.424549 2.147981
102320 51.1600 0.424974 2.136685
102330 51.1650 0.425228 2.129953
102340 51.1700 0.425403 2.125314
102350 51.1750 0.425294 2.128207
102360 51.1800 0.424742 2.142847
102370 51.1850 0.424042 2.161462
102380 51.1900 0.423262 2.182343
102390 51.1950 0.422214 2.210494
102400 51.2000 0.420989 2.243655
102410 51.2050 0.419571 2.409960
102420 51.2100 0.417939 2.454705
102430 51.2150 0.416024 2.507622
102440 51.2200 0.413798 2.569675
102450 51.2250 0.411430 2.636357
102460 51.2300 0.408790 2.711535
102470 51.2350 0.405911 2.794523
102480 51.2400 0.402852 2.883874
102490 51.2450 0.399594 2.980332
102500 51.2500 0.396148 3.083871
102510 51.2550 0.392515 3.295245
102520 51.2600 0.388605 3.415288
102530 51.2650 0.384450 3.543987
102540 51.2700 0.380427 3.669522
102550 51.2750 0.376262 3.800169
102560 51.2800 0.372047 3.932777
102570 51.2850 0.367912 4.062818
102580 51.2900 0.363742 4.193522
102590 51.2950 0.359619 4.321888
102600 51.3000 0.355430 4.450851
102610 51.3050 0.350960 4.654913
102620 51.3100 0.346445 4.788009
102630 51.3150 0.342175 4.910088
102640 51.3200 0.337979 5.025962
102650 51.3250 0.334005 5.131530
102660 51.3300 0.329927 5.235324
102670 51.3350 0.325714 5.337334
102680 51.3400 0.321531 5.433131
102690 51.3450 0.317373 5.522679
102700 51.3500 0.313023 5.610170
102710 51.3550 0.308752 5.739468
102720 51.3600 0.304544 5.811386
102730 51.3650 0.300419 5.875786
102740 51.3700 0.296432 5.932434
102750 51.3750 0.292662 5.981120
102760 51.3800 0.289096 6.022963
102770 51.3850 0.285371 6.062522
102780 51.3900 0.281652 6.098048
102790 51.3950 0.278118 6.128364
102800 51.4000 0.274684 6.154852
102810 51.4050 0.271472 6.219865
102820 51.4100 0.268359 6.239191
102830 51.4150 0.265252 6.256482
102840 51.4200 0.262211 6.271640
102850 51.4250 0.259076 6.285630
102860 51.4300 0.256006 6.297883
102870 51.4350 0.253137 6.308201
102880 51.4400 0.250442 6.317014
102890 51.4450 0.248058 6.324185
102900 51.4500 0.246017 6.329912
102910 51.4550 0.244174 6.375493
102920 51.4600 0.242414 6.379851
102930 51.4650 0.240803 6.383620
102940 51.4700 0.239340 6.386876
102950 51.4750 0.238228 6.389254
102960 51.4800 0.237450 6.390869
102970 51.4850 0.237262 6.391254
102980 51.4900 0.237350 6.391073
102990 51.4950 0.237504 6.390759
103000 51.5000 0.237744 6.390263
103010 51.5050 0.237890 6.430004
103020 51.5100 0.238239 6.429273
103030 51.5150 0.238824 6.428024
103040 51.5200 0.239318 6.426948
103050 51.5250 0.239811 6.425855
103060 51.5300 0.240472 6.424353
103070 51.5350 0.241033 6.423052
103080 51.5400 0.241561 6.421798
103090 51.5450 0.242194 6.420263
103100 51.5500 0.242934 6.418418
103110 51.5550 0.243865 6.455746
103120 51.5600 0.244980 6.452734
103130 51.5650 0.246218 6.449206
103140 51.5700 0.247618 6.444982
103150 51.5750 0.248886 6.440925
103160 51.5800 0.249944 6.437370
103170 51.5850 0.250894 6.434034
103180 51.5900 0.251887 6.430406
103190 51.5950 0.252921 6.426465
103200 51.6000 0.254160 6.421514
103210 51.6050 0.255605 6.455098
103220 51.6100 0.257088 6.448411
103230 51.6150 0.258563 6.441330
103240 51.6200 0.259998 6.434017
103250 51.6250 0.261603 6.425320
103260 51.6300 0.263383 6.415017
103270 51.6350 0.265224 6.403594
103280 51.6400 0.267227 6.390258
103290 51.6450 0.269430 6.374449
103300 51.6500 0.271437 6.358959
103310 51.6550 0.273299 6.383996
103320 51.6600 0.275250 6.366832
103330 51.6650 0.277340 6.347174
103340 51.6700 0.279337 6.327149
103350 51.6750 0.281352 6.305665
103360 51.6800 0.283414 6.282327
103370 51.6850 0.285537 6.256832
103380 51.6900 0.287639 6.230109
103390 51.6950 0.289859 6.200263
103400 51.7000 0.291946 6.170641
103410 51.7050 0.294037 6.181970
103420 51.7100 0.296089 6.149737
103430 51.7150 0.298064 6.117226
103440 51.7200 0.300011 6.083745
103450 51.7250 0.302076 6.046685
103460 51.7300 0.304391 6.003223
103470 51.7350 0.306869 5.954475
103480 51.7400 0.309486 5.900527
103490 51.7450 0.312224 5.841384
103500 51.7500 0.315076 5.776882
103510 51.7550 0.318052 5.753959
103520 51.7600 0.320997 5.681082
103530 51.7650 0.324066 5.601877
103540 51.7700 0.327208 5.517523
103550 51.7750 0.330511 5.425456
103560 51.7800 0.333759 5.331710
103570 51.7850 0.337088 5.232589
103580 51.7900 0.340495 5.128253
103590 51.7950 0.343904 5.021185
103600 51.8000 0.347216 4.914932
103610 51.8050 0.350329 4.873661
103620 51.8100 0.353315 4.774490
103630 51.8150 0.356385 4.671159
103640 51.8200 0.359631 4.560693
103650 51.8250 0.363078 4.442266
103660 51.8300 0.366313 4.330397
103670 51.8350 0.369571 4.217343
103680 51.8400 0.373008 4.097856
103690 51.8450 0.376399 3.980084
103700 51.8500 0.379729 3.864778
103710 51.8550 0.383014 3.832524
103720 51.8600 0.386218 3.722281
103730 51.8650 0.389371 3.614282
103740 51.8700 0.392286 3.515024
103750 51.8750 0.394905 3.426382
103760 51.8800 0.397306 3.345616
103770 51.8850 0.399630 3.267933
103780 51.8900 0.401893 3.192756
103790 51.8950 0.404225 3.115854
103800 51.9000 0.406522 3.040645
103810 51.9050 0.408861 3.066683
103820 51.9100 0.410986 2.997876
103830 51.9150 0.413027 2.932112
103840 51.9200 0.415072 2.866503
103850 51.9250 0.417113 2.801360
103860 51.9300 0.419037 2.740238
103870 51.9350 0.420931 2.680348
103880 51.9400 0.422399 2.634148
103890 51.9450 0.423515 2.599141
103900 51.9500 0.424316 2.574083
103910 51.9550 0.424959 2.670380
103920 51.9600 0.425687 2.647662
103930 51.9650 0.426530 2.621406
103940 51.9700 0.427321 2.596761
103950 51.9750 0.428010 2.575322
103960 51.9800 0.428517 2.559582
103970 51.9850 0.428853 2.549143
103980 51.9900 0.429077 2.542174
103990 51.9950 0.429024 2.543826
104000 52.0000 0.428871 2.548567
104010 52.0050 0.428532 2.676318
104020 52.0100 0.427821 2.698393
104030 52.0150 0.426794 2.730292
104040 52.0200 0.425661 2.765449
104050 52.0250 0.424336 2.806578
104060 52.0300 0.422888 2.851516
104070 52.0350 0.421371 2.898587
104080 52.0400 0.419603 2.953378
104090 52.0450 0.417624 3.014729
104100 52.0500 0.415515 3.080013
104110 52.0550 0.413245 3.251219
104120 52.0600 0.410897 3.323499
104130 52.0650 0.408547 3.395609
104140 52.0700 0.406287 3.464704
104150 52.0750 0.403800 3.540463
104160 52.0800 0.401162 3.620566
104170 52.0850 0.398485 3.701586
104180 52.0900 0.395604 3.788503
104190 52.0950 0.392462 3.883023
104200 52.1000 0.389311 3.977495
104210 52.1050 0.386158 4.150197
104220 52.1100 0.382976 4.244594
104230 52.1150 0.379739 4.339983
104240 52.1200 0.376485 4.435258
104250 52.1250 0.373421 4.524379
104260 52.1300 0.370610 4.605551
104270 52.1350 0.367794 4.686321
104280 52.1400 0.364981 4.766376
104290 52.1450 0.362072 4.848420
104300 52.1500 0.359032 4.933306
104310 52.1550 0.355892 5.080008
104320 52.1600 0.352913 5.160811
104330 52.1650 0.349993 5.238664
104340 52.1700 0.347057 5.315507
104350 52.1750 0.344034 5.393008
104360 52.1800 0.341211 5.463760
104370 52.1850 0.338503 5.530060
104380 52.1900 0.335821 5.594164
104390 52.1950 0.333273 5.653510
104400 52.2000 0.331047 5.704083
104410 52.2050 0.329304 5.791291
104420 52.2100 0.327770 5.824654
104430 52.2150 0.326633 5.848942
104440 52.2200 0.325953 5.863296
104450 52.2250 0.325568 5.871363
104460 52.2300 0.325424 5.874368
104470 52.2350 0.325635 5.869968
104480 52.2400 0.326080 5.860619
104490 52.2450 0.326907 5.843123
104500 52.2500 0.328103 5.817461
104510 52.2550 0.329660 5.830435
104520 52.2600 0.331405 5.791441
104530 52.2650 0.333638 5.740275
104540 52.2700 0.336326 5.676824
104550 52.2750 0.339328 5.603711
104560 52.2800 0.342776 5.516945
104570 52.2850 0.346552 5.418725
104580 52.2900 0.350484 5.313164
104590 52.2950 0.354734 5.195731
104600 52.3000 0.359096 5.071961
104610 52.3050 0.363815 4.992451
104620 52.3100 0.369030 4.836656
104630 52.3150 0.374503 4.669344
104640 52.3200 0.380141 4.493506
104650 52.3250 0.385966 4.308660
104660 52.3300 0.391897 4.117611
104670 52.3350 0.397913 3.921213
104680 52.3400 0.404081 3.717405
104690 52.3450 0.410433 3.505175
104700 52.3500 0.416854 3.288502
104710 52.3550 0.423172 3.168097
104720 52.3600 0.429353 2.954524
104730 52.3650 0.435691 2.733700
104740 52.3700 0.441951 2.515031
104750 52.3750 0.448331 2.293047
104760 52.3800 0.454713 2.073726
104770 52.3850 0.460757 1.870370
104780 52.3900 0.466773 1.673932
104790 52.3950 0.472575 1.491795
104800 52.4000 0.478284 1.321042
104810 52.4050 0.483735 1.331230
104820 52.4100 0.488824 1.193561
104830 52.4150 0.493741 1.067685
104840 52.4200 0.498453 0.954081
104850 52.4250 0.502981 0.851733
104860 52.4300 0.507432 0.757836
104870 52.4350 0.511821 0.671902
104880 52.4400 0.516048 0.595412
104890 52.4450 0.519740 0.533590
104900 52.4500 0.522957 0.483470
104910 52.4550 0.525714 0.651721
104920 52.4600 0.527868 0.621323
104930 52.4650 0.529549 0.598350
104940 52.4700 0.530894 0.580446
104950 52.4750 0.531871 0.567713
104960 52.4800 0.532452 0.560233
104970 52.4850 0.532492 0.559723
104980 52.4900 0.532104 0.564695
104990 52.4950 0.531368 0.574245
105000 52.5000 0.530338 0.587797
105010 52.5050 0.528856 0.810435
105020 52.5100 0.527024 0.835443
105030 52.5150 0.524716 0.867686
105040 52.5200 0.522036 0.906237
105050 52.5250 0.518994 0.951478
105060 52.5300 0.515504 1.005443
105070 52.5350 0.511835 1.064702
105080 52.5400 0.508043 1.128777
105090 52.5450 0.504128 1.198145
105100 52.5500 0.500032 1.274336
105110 52.5550 0.495848 1.522901
105120 52.5600 0.491538 1.609605
105130 52.5650 0.487174 1.700673
105140 52.5700 0.482657 1.798456
105150 52.5750 0.478073 1.901342
105160 52.5800 0.473577 2.005827
105170 52.5850 0.469142 2.112253
105180 52.5900 0.464697 2.222082
105190 52.5950 0.460275 2.334342
105200 52.6000 0.455921 2.447568
105210 52.6050 0.451550 2.683769
105220 52.6100 0.447260 2.798485
105230 52.6150 0.443014 2.912992
105240 52.6200 0.439070 3.020066
105250 52.6250 0.435446 3.118890
105260 52.6300 0.431938 3.214871
105270 52.6350 0.428457 3.310342
105280 52.6400 0.424938 3.407041
105290 52.6450 0.421431 3.503566
105300 52.6500 0.418048 3.596758
105310 52.6550 0.414620 3.778531
105320 52.6600 0.411456 3.865288
105330 52.6650 0.408732 3.939743
105340 52.6700 0.406427 4.002583
105350 52.6750 0.404346 4.059189
105360 52.6800 0.402412 4.111696
105370 52.6850 0.400606 4.160646
105380 52.6900 0.398938 4.205780
105390 52.6950 0.397358 4.248458
105400 52.7000 0.396071 4.283179
105410 52.7050 0.395040 4.383141
105420 52.7100 0.394074 4.409103
105430 52.7150 0.393223 4.431931
105440 52.7200 0.392746 4.444725
105450 52.7250 0.392673 4.446685
105460 52.7300 0.392868 4.441460
105470 52.7350 0.393485 4.424916
105480 52.7400 0.394493 4.397845
105490 52.7450 0.396041 4.356180
105500 52.7500 0.397855 4.307166
105510 52.7550 0.400035 4.319680
105520 52.7600 0.402759 4.245164
105530 52.7650 0.405859 4.159632
105540 52.7700 0.409399 4.060987
105550 52.7750 0.413511 3.945149
105560 52.7800 0.417909 3.819781
105570 52.7850 0.422352 3.691759
105580 52.7900 0.427099 3.553629
105590 52.7950 0.432001 3.409777
105600 52.8000 0.437024 3.261512
105610 52.8050 0.442161 3.205074
105620 52.8100 0.447285 3.052243
105630 52.8150 0.452518 2.896109
105640 52.8200 0.457933 2.735416
105650 52.8250 0.463574 2.569898
105660 52.8300 0.469338 2.403844
105670 52.8350 0.475211 2.238882
105680 52.8400 0.480724 2.088789
105690 52.8450 0.486107 1.947235
105700 52.8500 0.491497 1.810919
105710 52.8550 0.496840 1.824655
105720 52.8600 0.502020 1.702267
105730 52.8650 0.507008 1.588173
105740 52.8700 0.511809 1.481862
105750 52.8750 0.516418 1.383081
105760 52.8800 0.520973 1.288586
105770 52.8850 0.525395 1.199863
105780 52.8900 0.529547 1.119255
105790 52.8950 0.533406 1.046720
105800 52.9000 0.537024 0.980796
105810 52.9050 0.540489 1.100858
105820 52.9100 0.543952 1.040314
105830 52.9150 0.547161 0.985211
105840 52.9200 0.550030 0.936801
105850 52.9250 0.552783 0.891145
105860 52.9300 0.555425 0.848118
105870 52.9350 0.557539 0.814275
105880 52.9400 0.559235 0.787522
105890 52.9450 0.560621 0.765909
105900 52.9500 0.561679 0.749591
105910 52.9550 0.562446 0.931641
105920 52.9600 0.562600 0.929290
105930 52.9650 0.562370 0.932814
105940 52.9700 0.561790 0.941701
105950 52.9750 0.561016 0.953608
105960 52.9800 0.560266 0.965159
105970 52.9850 0.559290 0.980258
105980 52.9900 0.558007 1.000161
105990 52.9950 0.556419 1.024887
106000 53.0000 0.554494 1.055024
106010 53.0050 0.552256 1.268011
106020 53.0100 0.549322 1.313673
106030 53.0150 0.546077 1.363780
106040 53.0200 0.542643 1.416373
106050 53.0250 0.539052 1.470917
106060 53.0300 0.535121 1.530176
106070 53.0350 0.530788 1.595143
106080 53.0400 0.526121 1.665004
106090 53.0450 0.521197 1.739049
106100 53.0500 0.516127 1.816269
106110 53.0550 0.510814 2.042042
106120 53.0600 0.505411 2.126465
106130 53.0650 0.499895 2.214731
106140 53.0700 0.494452 2.304828
106150 53.0750 0.488945 2.399789
106160 53.0800 0.483443 2.499151
106170 53.0850 0.477743 2.607291
106180 53.0900 0.472060 2.720652
106190 53.0950 0.466479 2.837302
106200 53.1000 0.460929 2.958323
106210 53.1050 0.455411 3.187005
106220 53.1100 0.450060 3.309930
106230 53.1150 0.444735 3.434115
106240 53.1200 0.439738 3.551800
106250 53.1250 0.434728 3.670487
106260 53.1300 0.429711 3.789579
106270 53.1350 0.424599 3.910825
106280 53.1400 0.419762 4.025229
106290 53.1450 0.415235 4.131838
106300 53.1500 0.410837 4.234954
106310 53.1550 0.406617 4.406296
106320 53.1600 0.402756 4.495287
106330 53.1650 0.399163 4.577385
106340 53.1700 0.395641 4.657254
106350 53.1750 0.392269 4.733145
106360 53.1800 0.389175 4.802353
106370 53.1850 0.386388 4.864337
106380 53.1900 0.383631 4.925359
106390 53.1950 0.380737 4.989074
106400 53.2000 0.377963 5.049815
106410 53.2050 0.375263 5.166828
106420 53.2100 0.372851 5.218913
106430 53.2150 0.370605 5.267047
106440 53.2200 0.368634 5.309014
106450 53.2250 0.366777 5.348272
106460 53.2300 0.365303 5.379252
106470 53.2350 0.364169 5.402982
106480 53.2400 0.363363 5.419771
106490 53.2450 0.362911 5.429161
106500 53.2500 0.362698 5.433584
106510 53.2550 0.362633 5.487262
106520 53.2600 0.362640 5.487113
106530 53.2650 0.362677 5.486340
106540 53.2700 0.363082 5.477941
106550 53.2750 0.363955 5.459750
106560 53.2800 0.365296 5.431665
106570 53.2850 0.366790 5.400154
106580 53.2900 0.368543 5.362915
106590 53.2950 0.370608 5.318662
106600 53.3000 0.372934 5.268370
106610 53.3050 0.375668 5.263358
106620 53.3100 0.378331 5.204341
106630 53.3150 0.381102 5.142142
106640 53.3200 0.384076 5.074545
106650 53.3250 0.387187 5.002887
106660 53.3300 0.390481 4.926007
106670 53.3350 0.393860 4.846072
106680 53.3400 0.397641 4.755356
106690 53.3450 0.401691 4.656777
106700 53.3500 0.406056 4.548952
106710 53.3550 0.410719 4.498752
106720 53.3600 0.415634 4.372844
106730 53.3650 0.420670 4.241634
106740 53.3700 0.425736 4.107774
106750 53.3750 0.431056 3.965770
106760 53.3800 0.436348 3.823724
106770 53.3850 0.441639 3.681699
106780 53.3900 0.447138 3.535039
106790 53.3950 0.452883 3.383901
106800 53.4000 0.458688 3.234408
106810 53.4050 0.464534 3.184255
106820 53.4100 0.470391 3.040973
106830 53.4150 0.476033 2.907274
106840 53.4200 0.481670 2.778364
106850 53.4250 0.487427 2.651654
106860 53.4300 0.493215 2.529222
106870 53.4350 0.499103 2.409423
106880 53.4400 0.505016 2.293303
106890 53.4450 0.510849 2.182076
106900 53.4500 0.516597 2.074829
106910 53.4550 0.522529 2.098564
106920 53.4600 0.528419 1.988139
106930 53.4650 0.534317 1.875815
106940 53.4700 0.540163 1.762428
106950 53.4750 0.546078 1.645578
106960 53.4800 0.551827 1.530269
106970 53.4850 0.557352 1.418351
106980 53.4900 0.562528 1.313153
106990 53.4950 0.567233 1.217836
107000 53.5000 0.571276 1.136638
107010 53.5050 0.575062 1.235032
107020 53.5100 0.578573 1.165224
107030 53.5150 0.581780 1.101927
107040 53.5200 0.584597 1.046884
107050 53.5250 0.587303 0.994649
107060 53.5300 0.589885 0.945492
107070 53.5350 0.592186 0.902344
107080 53.5400 0.594258 0.864101
107090 53.5450 0.595975 0.832893
107100 53.5500 0.597347 0.808281
107110 53.5550 0.598124 0.985100
107120 53.5600 0.598602 0.976618
107130 53.5650 0.598789 0.973312
107140 53.5700 0.598588 0.976882
107150 53.5750 0.598190 0.983936
107160 53.5800 0.597514 0.995954
107170 53.5850 0.596642 1.011528
107180 53.5900 0.595512 1.031794
107190 53.5950 0.594164 1.056108
107200 53.6000 0.592763 1.081517
107210 53.6050 0.591213 1.286312
107220 53.6100 0.589495 1.317466
107230 53.6150 0.587540 1.352818
107240 53.6200 0.585383 1.391653
107250 53.6250 0.582791 1.438033
107260 53.6300 0.580013 1.487263
107270 53.6350 0.576948 1.540942
107280 53.6400 0.573699 1.596953
107290 53.6450 0.570277 1.654850
107300 53.6500 0.566599 1.715682
107310 53.6550 0.562686 1.926180
107320 53.6600 0.558543 1.989432
107330 53.6650 0.554272 2.051433
107340 53.6700 0.549900 2.111633
107350 53.6750 0.545304 2.171595
107360 53.6800 0.540382 2.232473
107370 53.6850 0.535210 2.293380
107380 53.6900 0.530025 2.352151
107390 53.6950 0.524878 2.409222
107400 53.7000 0.519427 2.469489
107410 53.7050 0.513717 2.652906
107420 53.7100 0.507822 2.719850
107430 53.7150 0.501814 2.791112
107440 53.7200 0.495873 2.866169
107450 53.7250 0.490097 2.944763
107460 53.7300 0.484222 3.031382
107470 53.7350 0.478306 3.126020
107480 53.7400 0.472239 3.231121
107490 53.7450 0.466178 3.344118
107500 53.7500 0.460321 3.460420
107510 53.7550 0.454746 3.667222
107520 53.7600 0.449172 3.786846
107530 53.7650 0.443792 3.904994
107540 53.7700 0.438574 4.021297
107550 53.7750 0.433488 4.135553
107560 53.7800 0.428527 4.247280
107570 53.7850 0.423897 4.351314
107580 53.7900 0.419458 4.450546
107590 53.7950 0.415130 4.546535
107600 53.8000 0.411054 4.636082
107610 53.8050 0.407167 4.785825
107620 53.8100 0.403675 4.860494
107630 53.8150 0.400445 4.928592
107640 53.8200 0.397479 4.990299
107650 53.8250 0.394641 5.048624
107660 53.8300 0.392204 5.098141
107670 53.8350 0.389962 5.143229
107680 53.8400 0.387887 5.184577
107690 53.8450 0.386158 5.218742
107700 53.8500 0.384642 5.248494
107710 53.8550 0.383484 5.326169
107720 53.8600 0.382591 5.343490
107730 53.8650 0.382044 5.354054
107740 53.8700 0.381654 5.361578
107750 53.8750 0.381518 5.364191
107760 53.8800 0.381554 5.363496
107770 53.8850 0.381800 5.358754
107780 53.8900 0.382391 5.347366
107790 53.8950 0.383279 5.330158
107800 53.9000 0.384569 5.305016
107810 53.9050 0.386298 5.325256
107820 53.9100 0.388337 5.284686
107830 53.9150 0.390578 5.239454
107840 53.9200 0.393226 5.185167
107850 53.9250 0.395936 5.128678
107860 53.9300 0.398609 5.072015
107870 53.9350 0.401338 5.013235
107880 53.9400 0.404441 4.945272
107890 53.9450 0.407703 4.872540
107900 53.9500 0.411204 4.793121
107910 53.9550 0.415052 4.766676
107920 53.9600 0.419321 4.665789
107930 53.9650 0.423790 4.558089
107940 53.9700 0.428533 4.441921
107950 53.9750 0.433191 4.326540
107960 53.9800 0.437872 4.209935
107970 53.9850 0.442765 4.088121
107980 53.9900 0.447738 3.965275
107990 53.9950 0.452910 3.839516
108000 54.0000 0.458341 3.710774
108010 54.0050 0.463701 3.672241
108020 54.0100 0.469121 3.551986
108030 54.0150 0.474472 3.438269
108040 54.0200 0.479718 3.332147
108050 54.0250 0.484885 3.233054
108060 54.0300 0.489805 3.143782
108070 54.0350 0.494626 3.060949
108080 54.0400 0.499305 2.984640
108090 54.0450 0.503830 2.914263
108100 54.0500 0.508495 2.844693
108110 54.0550 0.513202 2.884348
108120 54.0600 0.517588 2.821455
108130 54.0650 0.521709 2.762441
108140 54.0700 0.525528 2.707354
108150 54.0750 0.529075 2.655538
108160 54.0800 0.532522 2.604291
108170 54.0850 0.535589 2.557755
108180 54.0900 0.538327 2.515349
108190 54.0950 0.540896 2.474709
108200 54.1000 0.543065 2.439730
108210 54.1050 0.544811 2.531835
108220 54.1100 0.546334 2.506301
108230 54.1150 0.547734 2.482432
108240 54.1200 0.549081 2.459092
108250 54.1250 0.550283 2.437952
108260 54.1300 0.551428 2.417545
108270 54.1350 0.552425 2.399542
108280 54.1400 0.553037 2.388410
108290 54.1450 0.553266 2.384211
108300 54.1500 0.553152 2.386304
108310 54.1550 0.552796 2.515452
108320 54.1600 0.552349 2.523567
108330 54.1650 0.551608 2.536898
108340 54.1700 0.550782 2.551596
108350 54.1750 0.549882 2.567422
108360 54.1800 0.548842 2.585449
108370 54.1850 0.547764 2.603865
108380 54.1900 0.546792 2.620197
108390 54.1950 0.545631 2.639427
108400 54.2000 0.544120 2.663951
108410 54.2050 0.542185 2.807952
108420 54.2100 0.540046 2.840488
108430 54.2150 0.537546 2.876967
108440 54.2200 0.534724 2.916253
108450 54.2250 0.531749 2.955636
108460 54.2300 0.528586 2.995463
108470 54.2350 0.525248 3.035477
108480 54.2400 0.521696 3.076179
108490 54.2450 0.518089 3.115980
108500 54.2500 0.514466 3.154893
108510 54.2550 0.510863 3.291745
108520 54.2600 0.506986 3.331953
108530 54.2650 0.502969 3.373633
108540 54.2700 0.498991 3.415599
108550 54.2750 0.494841 3.460768
108560 54.2800 0.490586 3.509229
108570 54.2850 0.486285 3.561037
108580 54.2900 0.481683 3.620146
108590 54.2950 0.477105 3.683180
108600 54.3000 0.472514 3.750890
108610 54.3050 0.467973 3.905814
108620 54.3100 0.463549 3.978771
108630 54.3150 0.459241 4.053065
108640 54.3200 0.455116 4.126982
108650 54.3250 0.450895 4.205112
108660 54.3300 0.446790 4.283137
108670 54.3350 0.442966 4.357328
108680 54.3400 0.439250 4.430454
108690 54.3450 0.435800 4.499030
108700 54.3500 0.432545 4.564073
108710 54.3550 0.429380 4.694063
108720 54.3600 0.426299 4.755368
108730 54.3650 0.423528 4.810176
108740 54.3700 0.421161 4.856628
108750 54.3750 0.418993 4.898878
108760 54.3800 0.416753 4.942159
108770 54.3850 0.414530 4.984726
108780 54.3900 0.412565 5.021996
108790 54.3950 0.410837 5.054497
108800 54.4000 0.409402 5.081273
108810 54.4050 0.408298 5.159455
108820 54.4100 0.407356 5.176796
108830 54.4150 0.406521 5.192073
108840 54.4200 0.405956 5.202347
108850 54.4250 0.405558 5.209583
108860 54.4300 0.405219 5.215717
108870 54.4350 0.404957 5.220444
108880 54.4400 0.404793 5.223411
108890 54.4450 0.404961 5.220373
108900 54.4500 0.405526 5.210151
108910 54.4550 0.406232 5.253018
108920 54.4600 0.407053 5.238020
108930 54.4650 0.407999 5.220592
108940 54.4700 0.409157 5.199111
108950 54.4750 0.410787 5.168528
108960 54.4800 0.412639 5.133356
108970 54.4850 0.414489 5.097764
108980 54.4900 0.416487 5.058818
108990 54.4950 0.418785 5.013422
109000 54.5000 0.421271 4.963616
109010 54.5050 0.423900 4.969835
109020 54.5100 0.426831 4.909319
109030 54.5150 0.429878 4.845471
109040 54.5200 0.432909 4.781223
109050 54.5250 0.436048 4.714086
109060 54.5300 0.439463 4.640604
109070 54.5350 0.443073 4.562777
109080 54.5400 0.446912 4.480254
109090 54.5450 0.450965 4.393897
109100 54.5500 0.455034 4.308476
109110 54.5550 0.459049 4.297385
109120 54.5600 0.463293 4.211801
109130 54.5650 0.467672 4.125997
109140 54.5700 0.472047 4.043203
109150 54.5750 0.476350 3.964916
109160 54.5800 0.480472 3.892941
109170 54.5850 0.484386 3.827366
109180 54.5900 0.488203 3.765921
109190 54.5950 0.491747 3.710932
109200 54.6000 0.495239 3.658505
109210 54.6050 0.498492 3.696759
109220 54.6100 0.501681 3.650675
109230 54.6150 0.504711 3.607296
109240 54.6200 0.507863 3.562309
109250 54.6250 0.510815 3.520089
109260 54.6300 0.513610 3.479816
109270 54.6350 0.516218 3.441796
109280 54.6400 0.518790 3.403724
109290 54.6450 0.521236 3.366844
109300 54.6500 0.523573 3.330883
109310 54.6550 0.525620 3.392830
109320 54.6600 0.527227 3.366914
109330 54.6650 0.528588 3.344530
109340 54.6700 0.530083 3.319468
109350 54.6750 0.531408 3.296814
109360 54.6800 0.532368 3.280138
109370 54.6850 0.533061 3.267959
109380 54.6900 0.533562 3.259069
109390 54.6950 0.533969 3.251804
109400 54.7000 0.534204 3.247604
109410 54.7050 0.534120 3.345512
109420 54.7100 0.533815 3.350964
109430 54.7150 0.533372 3.358848
109440 54.7200 0.532630 3.371915
109450 54.7250 0.531847 3.385513
109460 54.7300 0.530947 3.400953
109470 54.7350 0.529949 3.417798
109480 54.7400 0.528778 3.437214
109490 54.7450 0.527508 3.457872
109500 54.7500 0.526031 3.481377
109510 54.7550 0.524442 3.596330
109520 54.7600 0.522655 3.623244
109530 54.7650 0.520774 3.650701
109540 54.7700 0.518862 3.677768
109550 54.7750 0.516930 3.704321
109560 54.7800 0.514933 3.730989
109570 54.7850 0.513015 3.755955
109580 54.7900 0.511125 3.779998
109590 54.7950 0.509194 3.804072
109600 54.8000 0.507042 3.830412
109610 54.8050 0.504833 3.938857
109620 54.8100 0.502690 3.964152
109630 54.8150 0.500557 3.988990
109640 54.8200 0.498323 4.014772
109650 54.8250 0.496137 4.039888
109660 54.8300 0.493957 4.064914
109670 54.8350 0.491846 4.089230
109680 54.8400 0.489630 4.114930
109690 54.8450 0.487413 4.140936
109700 54.8500 0.485334 4.165648
109710 54.8550 0.483163 4.266373
109720 54.8600 0.480874 4.294321
109730 54.8650 0.478692 4.321391
109740 54.8700 0.476602 4.347743
109750 54.8750 0.474521 4.374440
109760 54.8800 0.472325 4.403151
109770 54.8850 0.469967 4.434607
109780 54.8900 0.467508 4.468130
109790 54.8950 0.465160 4.500833
109800 54.9000 0.462966 4.532002
109810 54.9050 0.460802 4.630574
109820 54.9100 0.458762 4.660425
109830 54.9150 0.457014 4.686283
109840 54.9200 0.455467 4.709367
109850 54.9250 0.453876 4.733303
109860 54.9300 0.452479 4.754474
109870 54.9350 0.451246 4.773258
109880 54.9400 0.450055 4.791480
109890 54.9450 0.448737 4.811750
109900 54.9500 0.447687 4.827953
109910 54.9550 0.446901 4.902097
109920 54.9600 0.446486 4.908511
109930 54.9650 0.446205 4.912874
109940 54.9700 0.446127 4.914076
109950 54.9750 0.446210 4.912795
109960 54.9800 0.446455 4.908993
109970 54.9850 0.446714 4.904990
109980 54.9900 0.446988 4.900742
109990 54.9950 0.447432 4.893881
110000 55.0000 0.447941 4.886017
110010 55.0050 0.448296 4.941501
110020 55.0100 0.448588 4.936990
110030 55.0150 0.449087 4.929274
110040 55.0200 0.449758 4.918912
110050 55.0250 0.450591 4.906037
110060 55.0300 0.451332 4.894595
110070 55.0350 0.452062 4.883327
110080 55.0400 0.452986 4.869074
110090 55.0450 0.454075 4.852294
110100 55.0500 0.455246 4.834287
110110 55.0550 0.456526 4.876497
110120 55.0600 0.457932 4.854913
110130 55.0650 0.459304 4.833868
110140 55.0700 0.460616 4.813788
110150 55.0750 0.461679 4.797533
110160 55.0800 0.462887 4.779106
110170 55.0850 0.464221 4.758799
110180 55.0900 0.465422 4.740547
110190 55.0950 0.466785 4.719908
110200 55.1000 0.468367 4.696031
110210 55.1050 0.470116 4.734003
110220 55.1100 0.471997 4.705722
110230 55.1150 0.474084 4.674413
110240 55.1200 0.476265 4.641738
110250 55.1250 0.478463 4.608866
110260 55.1300 0.480841 4.573349
110270 55.1350 0.483121 4.539310
110280 55.1400 0.485268 4.507227
110290 55.1450 0.487474 4.474238
110300 55.1500 0.489575 4.442714
110310 55.1550 0.491804 4.478102
110320 55.1600 0.494118 4.442806
110330 55.1650 0.496301 4.409124
110340 55.1700 0.498294 4.377986
110350 55.1750 0.500030 4.350526
110360 55.1800 0.501832 4.321628
110370 55.1850 0.503618 4.292579
110380 55.1900 0.505171 4.266965
110390 55.1950 0.506346 4.247329
110400 55.2000 0.507470 4.228338
110410 55.2050 0.508508 4.283892
110420 55.2100 0.509513 4.266504
110430 55.2150 0.510526 4.248749
110440 55.2200 0.511413 4.233030
110450 55.2250 0.512228 4.218434
110460 55.2300 0.513040 4.203721
110470 55.2350 0.513942 4.187222
110480 55.2400 0.514949 4.168538
110490 55.2450 0.515832 4.151965
110500 55.2500 0.516557 4.138208
110510 55.2550 0.516995 4.204985
110520 55.2600 0.517148 4.202037
110530 55.2650 0.517116 4.202652
110540 55.2700 0.517057 4.203783
110550 55.2750 0.516819 4.208360
110560 55.2800 0.516563 4.213244
110570 55.2850 0.516196 4.220220
110580 55.2900 0.515685 4.229892
110590 55.2950 0.515075 4.241311
110600 55.3000 0.514546 4.251145
110610 55.3050 0.513862 4.336542
110620 55.3100 0.513151 4.349473
110630 55.3150 0.512172 4.367052
110640 55.3200 0.510800 4.391197
110650 55.3250 0.509164 4.419295
110660 55.3300 0.507522 4.446787
110670 55.3350 0.505737 4.475894
110680 55.3400 0.503947 4.504302
110690 55.3450 0.502209 4.531190
110700 55.3500 0.500240 4.560867
110710 55.3550 0.497925 4.661478
110720 55.3600 0.495402 4.697105
110730 55.3650 0.492632 4.734839
110740 55.3700 0.489874 4.771153
110750 55.3750 0.487138 4.806088
110760 55.3800 0.484327 4.840990
110770 55.3850 0.481671 4.873190
110780 55.3900 0.479179 4.902814
110790 55.3950 0.476854 4.930012
110800 55.4000 0.474485 4.957365
110810 55.4050 0.472329 5.041705
110820 55.4100 0.470322 5.064274
110830 55.4150 0.468568 5.083775
110840 55.4200 0.466692 5.104441
110850 55.4250 0.464931 5.123674
110860 55.4300 0.463373 5.140546
110870 55.4350 0.462087 5.154395
110880 55.4400 0.460853 5.167603
110890 55.4450 0.459889 5.177877
110900 55.4500 0.458638 5.191159
110910 55.4550 0.457354 5.260683
110920 55.4600 0.456171 5.273071
110930 55.4650 0.455218 5.282985
110940 55.4700 0.454268 5.292805
110950 55.4750 0.453348 5.302268
110960 55.4800 0.452434 5.311611
110970 55.4850 0.451598 5.320120
110980 55.4900 0.450866 5.327528
110990 55.4950 0.450409 5.332144
111000 55.5000 0.449974 5.336515
111010 55.5050 0.449718 5.392846
111020 55.5100 0.449575 5.394279
111030 55.5150 0.449613 5.393902
111040 55.5200 0.449674 5.393294
111050 55.5250 0.449815 5.391882
111060 55.5300 0.450131 5.388703
111070 55.5350 0.450574 5.384241
111080 55.5400 0.450768 5.382278
111090 55.5450 0.450938 5.380553
111100 55.5500 0.451232 5.377574
111110 55.5550 0.451467 5.428334
111120 55.5600 0.451705 5.425908
111130 55.5650 0.452057 5.422311
111140 55.5700 0.452427 5.418520
111150 55.5750 0.452801 5.414662
111160 55.5800 0.453301 5.409493
111170 55.5850 0.454045 5.401750
111180 55.5900 0.454691 5.394984
111190 55.5950 0.455215 5.389465
111200 55.6000 0.455737 5.383930
111210 55.6050 0.456209 5.431961
111220 55.6100 0.456612 5.427648
111230 55.6150 0.457140 5.421957
111240 55.6200 0.457869 5.414059
111250 55.6250 0.458658 5.405427
111260 55.6300 0.459350 5.397785
111270 55.6350 0.459890 5.391789
111280 55.6400 0.460474 5.385258
111290 55.6450 0.461034 5.378955
111300 55.6500 0.461425 5.374533
111310 55.6550 0.461891 5.422429
111320 55.6600 0.462383 5.416796
111330 55.6650 0.463079 5.408771
111340 55.6700 0.463916 5.399018
111350 55.6750 0.464767 5.388990
111360 55.6800 0.465511 5.380148
111370 55.6850 0.466283 5.370865
111380 55.6900 0.467080 5.361204
111390 55.6950 0.468043 5.349388
111400 55.7000 0.469299 5.333764
111410 55.7050 0.470605 5.371054
111420 55.7100 0.472130 5.351362
111430 55.7150 0.473738 5.330156
111440 55.7200 0.475391 5.307863
111450 55.7250 0.477132 5.283828
111460 55.7300 0.479071 5.256373
111470 55.7350 0.481133 5.226369
111480 55.7400 0.483386 5.192622
111490 55.7450 0.485825 5.154906
111500 55.7500 0.488315 5.115093
111510 55.7550 0.490791 5.131267
111520 55.7600 0.493329 5.087603
111530 55.7650 0.495933 5.041059
111540 55.7700 0.498716 4.989275
111550 55.7750 0.501297 4.939297
111560 55.7800 0.504192 4.880937
111570 55.7850 0.507035 4.821154
111580 55.7900 0.509835 4.759836
111590 55.7950 0.512431 4.700748
111600 55.8000 0.515006 4.639958
111610 55.8050 0.517516 4.643804
111620 55.8100 0.519966 4.581608
111630 55.8150 0.522426 4.516957
111640 55.8200 0.525070 4.444981
111650 55.8250 0.527943 4.363841
111660 55.8300 0.531077 4.271917
111670 55.8350 0.534366 4.171666
111680 55.8400 0.537726 4.065363
111690 55.8450 0.540874 3.962312
111700 55.8500 0.543721 3.866429
111710 55.8550 0.546495 3.851617
111720 55.8600 0.549267 3.753344
111730 55.8650 0.552128 3.649622
111740 55.8700 0.554953 3.545035
111750 55.8750 0.557992 3.430451
111760 55.8800 0.561043 3.313509
111770 55.8850 0.564393 3.183285
111780 55.8900 0.567679 3.054155
111790 55.8950 0.570899 2.926633
111800 55.9000 0.573813 2.810810
111810 55.9050 0.576548 2.810779
111820 55.9100 0.579392 2.697348
111830 55.9150 0.582208 2.585174
111840 55.9200 0.584652 2.488173
111850 55.9250 0.586761 2.404877
111860 55.9300 0.588673 2.329781
111870 55.9350 0.590412 2.261935
111880 55.9400 0.591868 2.205472
111890 55.9450 0.592855 2.167421
111900 55.9500 0.593678 2.135841
111910 55.9550 0.594306 2.243381
111920 55.9600 0.594698 2.228402
111930 55.9650 0.594910 2.220331
111940 55.9700 0.594848 2.222676
111950 55.9750 0.594621 2.231350
111960 55.9800 0.594108 2.250927
111970 55.9850 0.593468 2.275419
111980 55.9900 0.592764 2.302468
111990 55.9950 0.591691 2.343755
112000 56.0000 0.590473 2.390847
112010 56.0050 0.589078 2.567371
112020 56.0100 0.587432 2.631252
112030 56.0150 0.585487 2.706820
112040 56.0200 0.583299 2.791801
112050 56.0250 0.581162 2.874678
112060 56.0300 0.578699 2.969921
112070 56.0350 0.576035 3.072337
112080 56.0400 0.573380 3.173673
112090 56.0450 0.570405 3.285993
112100 56.0500 0.567483 3.394811
112110 56.0550 0.564582 3.593542
112120 56.0600 0.561662 3.698151
112130 56.0650 0.558565 3.806376
112140 56.0700 0.555509 3.910236
112150 56.0750 0.552494 4.009583
112160 56.0800 0.549505 4.104945
112170 56.0850 0.546308 4.203260
112180 56.0900 0.542956 4.302222
112190 56.0950 0.539504 4.399554
112200 56.1000 0.535775 4.499467
112210 56.1050 0.531793 4.667883
112220 56.1100 0.527789 4.762275
112230 56.1150 0.523831 4.849254
112240 56.1200 0.519932 4.928953
112250 56.1250 0.516059 5.002524
112260 56.1300 0.512259 5.069604
112270 56.1350 0.508524 5.130909
112280 56.1400 0.504785 5.188021
112290 56.1450 0.501225 5.238749
112300 56.1500 0.497679 5.286019
112310 56.1550 0.493981 5.386528
112320 56.1600 0.490141 5.430877
112330 56.1650 0.486226 5.472825
112340 56.1700 0.482408 5.510875
112350 56.1750 0.478513 5.547037
112360 56.1800 0.474581 5.581065
112370 56.1850 0.470730 5.612190
112380 56.1900 0.467119 5.639537
112390 56.1950 0.463873 5.662694
112400 56.2000 0.460697 5.684120
112410 56.2050 0.457526 5.753029
112420 56.2100 0.454236 5.772524
112430 56.2150 0.451018 5.790268
112440 56.2200 0.447937 5.806079
112450 56.2250 0.444901 5.820566
112460 56.2300 0.441932 5.833728
112470 56.2350 0.439135 5.845265
112480 56.2400 0.436469 5.855516
112490 56.2450 0.434037 5.864271
112500 56.2500 0.431536 5.872718
112510 56.2550 0.428850 5.927425
112520 56.2600 0.426309 5.934776
112530 56.2650 0.423933 5.941152
112540 56.2700 0.421662 5.946841
112550 56.2750 0.419648 5.951595
112560 56.2800 0.417903 5.955520
112570 56.2850 0.416429 5.958710
112580 56.2900 0.415114 5.961475
112590 56.2950 0.413889 5.963991
112600 56.3000 0.412842 5.966102
112610 56.3050 0.411958 6.012937
112620 56.3100 0.411085 6.014633
112630 56.3150 0.410200 6.016326
112640 56.3200 0.409539 6.017571
112650 56.3250 0.408973 6.018627
112660 56.3300 0.408799 6.018950
112670 56.3350 0.408838 6.018878
112680 56.3400 0.408977 6.018620
112690 56.3450 0.409251 6.018109
112700 56.3500 0.409709 6.017252
112710 56.3550 0.410131 6.060901
112720 56.3600 0.410864 6.059493
112730 56.3650 0.411923 6.057408
112740 56.3700 0.413078 6.055059
112750 56.3750 0.414315 6.052445
112760 56.3800 0.415799 6.049170
112770 56.3850 0.417489 6.045229
112780 56.3900 0.419277 6.040797
112790 56.3950 0.421095 6.035989
112800 56.4000 0.423253 6.029858
112810 56.4050 0.425492 6.067216
112820 56.4100 0.427737 6.059603
112830 56.4150 0.429993 6.051256
112840 56.4200 0.432365 6.041696
112850 56.4250 0.434815 6.030945
112860 56.4300 0.437228 6.019467
112870 56.4350 0.439606 6.007278
112880 56.4400 0.442155 5.993228
112890 56.4450 0.445017 5.976235
112900 56.4500 0.447929 5.957620
112910 56.4550 0.450704 5.983754
112920 56.4600 0.453750 5.961295
112930 56.4650 0.457004 5.935525
112940 56.4700 0.460089 5.909424
112950 56.4750 0.463059 5.882782
112960 56.4800 0.466005 5.854890
112970 56.4850 0.468892 5.826167
112980 56.4900 0.471775 5.796094
112990 56.4950 0.474396 5.767561
113000 56.5000 0.477098 5.736929
113010 56.5050 0.479624 5.755165
113020 56.5100 0.482289 5.722342
113030 56.5150 0.484905 5.688750
113040 56.5200 0.487490 5.654159
113050 56.5250 0.489933 5.620174
113060 56.5300 0.492161 5.588020
113070 56.5350 0.494418 5.554304
113080 56.5400 0.496810 5.517245
113090 56.5450 0.499408 5.475383
113100 56.5500 0.502151 5.429296
113110 56.5550 0.504954 5.432401
113120 56.5600 0.507702 5.381767
113130 56.5650 0.510431 5.329107
113140 56.5700 0.513066 5.275920
113150 56.5750 0.515852 5.217108
113160 56.5800 0.518412 5.160650
113170 56.5850 0.521049 5.100004
113180 56.5900 0.523726 5.035787
113190 56.5950 0.526685 4.961621
113200 56.6000 0.529554 4.886481
113210 56.6050 0.532556 4.865242
113220 56.6100 0.535575 4.778787
113230 56.6150 0.538548 4.689906
113240 56.6200 0.541764 4.589664
113250 56.6250 0.544995 4.484674
113260 56.6300 0.548219 4.375850
113270 56.6350 0.551251 4.269868
113280 56.6400 0.554072 4.168241
113290 56.6450 0.556644 4.073232
113300 56.6500 0.559197 3.976768
113310 56.6550 0.561645 3.960952
113320 56.6600 0.563944 3.870576
113330 56.6650 0.566217 3.779745
113340 56.6700 0.568036 3.706066
113350 56.6750 0.569804 3.633665
113360 56.6800 0.571747 3.553329
113370 56.6850 0.573755 3.469485
113380 56.6900 0.575544 3.394247
113390 56.6950 0.577401 3.315595
113400 56.7000 0.579474 3.227338
113410 56.7050 0.581460 3.239264
113420 56.7100 0.583716 3.142154
113430 56.7150 0.585955 3.045409
113440 56.7200 0.588344 2.941963
113450 56.7250 0.590960 2.828653
113460 56.7300 0.593649 2.712371
113470 56.7350 0.596234 2.601032
113480 56.7400 0.598802 2.491126
113490 56.7450 0.601257 2.386943
113500 56.7500 0.603728 2.283156
113510 56.7550 0.606195 2.306914
113520 56.7600 0.608445 2.214447
113530 56.7650 0.610363 2.136461
113540 56.7700 0.612250 2.060609
113550 56.7750 0.614080 1.987980
113560 56.7800 0.615744 1.922759
113570 56.7850 0.617241 1.864796
113580 56.7900 0.618605 1.812578
113590 56.7950 0.619732 1.769911
113600 56.8000 0.620939 1.724709
113610 56.8050 0.621906 1.836408
113620 56.8100 0.622625 1.809930
113630 56.8150 0.623178 1.789692
113640 56.8200 0.623493 1.778192
113650 56.8250 0.623500 1.777944
113660 56.8300 0.623424 1.780702
113670 56.8350 0.623258 1.786775
113680 56.8400 0.622972 1.797202
113690 56.8450 0.622596 1.811004
113700 56.8500 0.621820 1.839598
113710 56.8550 0.621043 2.011311
113720 56.8600 0.620251 2.040827
113730 56.8650 0.619201 2.080158
113740 56.8700 0.617916 2.128649
113750 56.8750 0.616620 2.177906
113760 56.8800 0.615231 2.231043
113770 56.8850 0.613757 2.287865
113780 56.8900 0.612072 2.353245
113790 56.8950 0.610087 2.430795
113800 56.9000 0.608139 2.507400
113810 56.9050 0.606282 2.699323
113820 56.9100 0.604429 2.772702
113830 56.9150 0.602471 2.850258
113840 56.9200 0.600605 2.924231
113850 56.9250 0.598805 2.995518
113860 56.9300 0.596875 3.071823
113870 56.9350 0.594852 3.151543
113880 56.9400 0.592731 3.234830
113890 56.9450 0.590601 3.318007
113900 56.9500 0.588517 3.398844
113910 56.9550 0.586454 3.570640
113920 56.9600 0.584431 3.647641
113930 56.9650 0.582309 3.727494
113940 56.9700 0.580055 3.811145
113950 56.9750 0.577852 3.891690
113960 56.9800 0.575540 3.974808
113970 56.9850 0.573241 4.055974
113980 56.9900 0.571079 4.130852
113990 56.9950 0.569102 4.198019
114000 57.0000 0.566998 4.268144
114010 57.0050 0.564878 4.409713
114020 57.0100 0.562653 4.480442
114030 57.0150 0.560504 4.546942
114040 57.0200 0.558383 4.610860
114050 57.0250 0.556161 4.675873
114060 57.0300 0.554099 4.734498
114070 57.0350 0.552055 4.790908
114080 57.0400 0.549862 4.849568
114090 57.0450 0.547369 4.913936
114100 57.0500 0.544496 4.984996
114110 57.0550 0.541504 5.114775
114120 57.0600 0.538623 5.179116
114130 57.0650 0.535625 5.242505
114140 57.0700 0.532433 5.306125
114150 57.0750 0.529300 5.364802
114160 57.0800 0.525999 5.422763
114170 57.0850 0.522501 5.480066
114180 57.0900 0.518917 5.534684
114190 57.0950 0.515265 5.586327
114200 57.1000 0.511479 5.635962
114210 57.1050 0.507560 5.732821
114220 57.1100 0.503533 5.777559
114230 57.1150 0.499405 5.819686
114240 57.1200 0.495378 5.857519
114250 57.1250 0.491492 5.891301
114260 57.1300 0.487357 5.924618
114270 57.1350 0.483234 5.955412
114280 57.1400 0.479184 5.983520
114290 57.1450 0.475198 6.009253
114300 57.1500 0.471083 6.033932
114310 57.1550 0.466998 6.100673
114320 57.1600 0.463051 6.120409
114330 57.1650 0.459375 6.137018
114340 57.1700 0.455671 6.152002
114350 57.1750 0.451702 6.166097
114360 57.1800 0.447614 6.178461
114370 57.1850 0.443475 6.188755
114380 57.1900 0.439159 6.197124
114390 57.1950 0.434843 6.203141
114400 57.2000 0.430792 6.206753
114410 57.2050 0.426633 6.250566
114420 57.2100 0.422533 6.250235
114430 57.2150 0.418549 6.248281
114440 57.2200 0.414618 6.245050
114450 57.2250 0.410761 6.240916
114460 57.2300 0.407097 6.236395
114470 57.2350 0.403719 6.231966
114480 57.2400 0.400581 6.227837
114490 57.2450 0.397627 6.224112
114500 57.2500 0.394765 6.220803
114510 57.2550 0.392158 6.260094
114520 57.2600 0.389767 6.257924
114530 57.2650 0.387555 6.256243
114540 57.2700 0.385465 6.254995
114550 57.2750 0.383551 6.254180
114560 57.2800 0.382003 6.253775
114570 57.2850 0.380458 6.253612
114580 57.2900 0.379059 6.253687
114590 57.2950 0.377560 6.254012
114600 57.3000 0.376164 6.254553
114610 57.3050 0.374919 6.296817
114620 57.3100 0.373785 6.297575
114630 57.3150 0.372814 6.298338
114640 57.3200 0.371849 6.299204
114650 57.3250 0.370892 6.300169
114660 57.3300 0.370329 6.300788
114670 57.3350 0.369987 6.301182
114680 57.3400 0.369884 6.301303
114690 57.3450 0.369900 6.301283
114700 57.3500 0.370061 6.301095
114710 57.3550 0.370358 6.341809
114720 57.3600 0.370594 6.341544
114730 57.3650 0.370870 6.341242
114740 57.3700 0.371241 6.340848
114750 57.3750 0.371684 6.340396
114760 57.3800 0.372419 6.339689
114770 57.3850 0.373298 6.338913
114780 57.3900 0.374415 6.338036
114790 57.3950 0.375726 6.337155
114800 57.4000 0.377178 6.336362
114810 57.4050 0.378750 6.376342
114820 57.4100 0.380434 6.375800
114830 57.4150 0.382126 6.375427
114840 57.4200 0.384319 6.375169
114850 57.4250 0.386705 6.375135
114860 57.4300 0.389169 6.375310
114870 57.4350 0.391919 6.375678
114880 57.4400 0.394840 6.376167
114890 57.4450 0.397927 6.376664
114900 57.4500 0.401236 6.377018
114910 57.4550 0.404648 6.417109
114920 57.4600 0.408167 6.416217
114930 57.4650 0.411641 6.414369
114940 57.4700 0.415102 6.411404
114950 57.4750 0.418541 6.407203
114960 57.4800 0.422200 6.401223
114970 57.4850 0.425938 6.393384
114980 57.4900 0.429656 6.383763
114990 57.4950 0.433334 6.372401
115000 57.5000 0.437186 6.358509
115010 57.5050 0.441102 6.382584
115020 57.5100 0.445122 6.363429
115030 57.5150 0.449115 6.342079
115040 57.5200 0.453174 6.318107
115050 57.5250 0.457252 6.291845
115060 57.5300 0.461323 6.263586
115070 57.5350 0.465275 6.234298
115080 57.5400 0.469223 6.203324
115090 57.5450 0.473337 6.169274
115100 57.5500 0.477310 6.134711
115110 57.5550 0.481116 6.142912
115120 57.5600 0.484989 6.105581
115130 57.5650 0.488988 6.064914
115140 57.5700 0.492982 6.021971
115150 57.5750 0.496874 5.977694
115160 57.5800 0.500921 5.928821
115170 57.5850 0.504966 5.876801
115180 57.5900 0.509170 5.818979
115190 57.5950 0.513388 5.756725
115200 57.6000 0.517601 5.689823
115210 57.6050 0.521899 5.664828
115220 57.6100 0.525991 5.588935
115230 57.6150 0.530010 5.508610
115240 57.6200 0.533916 5.424782
115250 57.6250 0.537869 5.333893
115260 57.6300 0.541526 5.244275
115270 57.6350 0.544988 5.154387
115280 57.6400 0.548204 5.066465
115290 57.6450 0.551352 4.976275
115300 57.6500 0.554516 4.881554
115310 57.6550 0.557585 4.846726
115320 57.6600 0.560615 4.748168
115330 57.6650 0.563596 4.647533
115340 57.6700 0.566592 4.542877
115350 57.6750 0.569597 4.434457
115360 57.6800 0.572585 4.323397
115370 57.6850 0.575333 4.218612
115380 57.6900 0.577884 4.119197
115390 57.6950 0.580144 4.029543
115400 57.7000 0.582173 3.947850
115410 57.7050 0.583917 3.956025
115420 57.7100 0.585644 3.884811
115430 57.7150 0.587362 3.813257
115440 57.7200 0.589027 3.743292
115450 57.7250 0.590716 3.671692
115460 57.7300 0.592398 3.599851
115470 57.7350 0.594047 3.528997
115480 57.7400 0.595442 3.468702
115490 57.7450 0.596749 3.412003
115500 57.7500 0.597813 3.365705
115510 57.7550 0.598809 3.415516
115520 57.7600 0.599635 3.379367
115530 57.7650 0.600254 3.352252
115540 57.7700 0.600776 3.329356
115550 57.7750 0.600842 3.326436
115560 57.7800 0.600633 3.335631
115570 57.7850 0.600297 3.350372
115580 57.7900 0.599875 3.368882
115590 57.7950 0.599186 3.399028
115600 57.8000 0.598217 3.441349
115610 57.8050 0.597376 3.569341
115620 57.8100 0.596497 3.607450
115630 57.8150 0.595542 3.648770
115640 57.8200 0.594517 3.692853
115650 57.8250 0.593364 3.742200
115660 57.8300 0.592107 3.795649
115670 57.8350 0.590797 3.850937
115680 57.8400 0.589419 3.908617
115690 57.8450 0.587667 3.981180
115700 57.8500 0.585676 4.062566
115710 57.8550 0.583437 4.229270
115720 57.8600 0.580916 4.328344
115730 57.8650 0.578137 4.434727
115740 57.8700 0.575504 4.532568
115750 57.8750 0.572940 4.625020
115760 57.8800 0.570392 4.714047
115770 57.8850 0.567713 4.804434
115780 57.8900 0.564911 4.895386
115790 57.8950 0.562030 4.985079
115800 57.9000 0.559095 5.072356
115810 57.9050 0.556077 5.215571
115820 57.9100 0.553167 5.293546
115830 57.9150 0.550095 5.371299
115840 57.9200 0.546969 5.445677
115850 57.9250 0.543905 5.514065
115860 57.9300 0.541037 5.574144
115870 57.9350 0.538204 5.629866
115880 57.9400 0.535297 5.683458
115890 57.9450 0.532444 5.732669
115900 57.9500 0.529502 5.780091
115910 57.9550 0.526512 5.872434
115920 57.9600 0.523538 5.913815
115930 57.9650 0.520707 5.950408
115940 57.9700 0.517739 5.986087
115950 57.9750 0.514700 6.019965
115960 57.9800 0.511578 6.052238
115970 57.9850 0.508539 6.081432
115980 57.9900 0.505500 6.108666
115990 57.9950 0.502553 6.133395
116000 58.0000 0.499557 6.157045
116010 58.0050 0.496527 6.222274
116020 58.0100 0.493317 6.244635
116030 58.0150 0.490148 6.265403
116040 58.0200 0.487003 6.284887
116050 58.0250 0.483850 6.303413
116060 58.0300 0.480639 6.321348
116070 58.0350 0.477491 6.338102
116080 58.0400 0.474554 6.353043
116090 58.0450 0.471675 6.367061
116100 58.0500 0.468840 6.380271
116110 58.0550 0.466312 6.431660
116120 58.0600 0.464093 6.441041
116130 58.0650 0.461940 6.449713
116140 58.0700 0.459781 6.457964
116150 58.0750 0.457521 6.466115
116160 58.0800 0.455361 6.473428
116170 58.0850 0.453152 6.480410
116180 58.0900 0.451202 6.486142
116190 58.0950 0.449296 6.491343
116200 58.1000 0.447482 6.495916
116210 58.1050 0.445729 6.538832
116220 58.1100 0.444051 6.542321
116230 58.1150 0.442608 6.545021
116240 58.1200 0.441424 6.547028
116250 58.1250 0.440587 6.548333
116260 58.1300 0.439824 6.549439
116270 58.1350 0.439200 6.550286
116280 58.1400 0.438619 6.551027
116290 58.1450 0.438055 6.551701
116300 58.1500 0.437709 6.552095
116310 58.1550 0.437696 6.590381
116320 58.1600 0.437874 6.590181
116330 58.1650 0.438294 6.589691
116340 58.1700 0.438963 6.588854
116350 58.1750 0.439626 6.587958
116360 58.1800 0.440181 6.587157
116370 58.1850 0.440654 6.586437
116380 58.1900 0.441013 6.585869
116390 58.1950 0.441322 6.585365
116400 58.2000 0.441599 6.584901
116410 58.2050 0.441903 6.622301
116420 58.2100 0.442157 6.621850
116430 58.2150 0.442456 6.621308
116440 58.2200 0.442671 6.620908
116450 58.2250 0.442750 6.620760
116460 58.2300 0.442768 6.620726
116470 58.2350 0.442639 6.620968
116480 58.2400 0.442506 6.621216
116490 58.2450 0.442413 6.621388
116500 58.2500 0.442446 6.621326
116510 58.2550 0.442183 6.659344
116520 58.2600 0.441934 6.659783
116530 58.2650 0.441655 6.660263
116540 58.2700 0.441326 6.660812
116550 58.2750 0.440883 6.661519
116560 58.2800 0.440510 6.662086
116570 58.2850 0.440253 6.662464
116580 58.2900 0.439985 6.662843
116590 58.2950 0.439868 6.663005
116600 58.3000 0.439832 6.663055
116610 58.3050 0.440054 6.699850
116620 58.3100 0.440474 6.699241
116630 58.3150 0.440803 6.698739
116640 58.3200 0.440894 6.698596
116650 58.3250 0.440805 6.698736
116660 58.3300 0.440697 6.698903
116670 58.3350 0.440573 6.699092
116680 58.3400 0.440413 6.699331
116690 58.3450 0.440460 6.699261
116700 58.3500 0.440612 6.699033
116710 58.3550 0.440627 6.735742
116720 58.3600 0.440648 6.735711
116730 58.3650 0.440735 6.735578
116740 58.3700 0.440967 6.735213
116750 58.3750 0.441096 6.735006
116760 58.3800 0.441386 6.734526
116770 58.3850 0.441740 6.733919
116780 58.3900 0.442213 6.733065
116790 58.3950 0.442816 6.731908
116800 58.4000 0.443650 6.730184
116810 58.4050 0.444386 6.764953
116820 58.4100 0.445152 6.763112
116830 58.4150 0.445759 6.761563
116840 58.4200 0.446364 6.759936
116850 58.4250 0.446711 6.758968
116860 58.4300 0.447160 6.757676
116870 58.4350 0.447833 6.755656
116880 58.4400 0.448829 6.752490
116890 58.4450 0.450087 6.748184
116900 58.4500 0.451471 6.743066
116910 58.4550 0.452911 6.773582
116920 58.4600 0.454413 6.767089
116930 58.4650 0.456024 6.759585
116940 58.4700 0.457829 6.750531
116950 58.4750 0.459853 6.739596
116960 58.4800 0.461914 6.727632
116970 58.4850 0.463957 6.714974
116980 58.4900 0.466124 6.700722
116990 58.4950 0.468288 6.685670
117000 58.5000 0.470416 6.670103
117010 58.5050 0.472547 6.690788
117020 58.5100 0.474685 6.673606
117030 58.5150 0.477074 6.653526
117040 58.5200 0.479534 6.631917
117050 58.5250 0.481896 6.610292
117060 58.5300 0.484108 6.589291
117070 58.5350 0.486448 6.566285
117080 58.5400 0.488736 6.543032
117090 58.5450 0.490892 6.520407
117100 58.5500 0.492998 6.497658
117110 58.5550 0.494867 6.515739
117120 58.5600 0.496516 6.496926
117130 58.5650 0.498107 6.478330
117140 58.5700 0.499553 6.461039
117150 58.5750 0.500929 6.444244
117160 58.5800 0.502291 6.427273
117170 58.5850 0.503614 6.410455
117180 58.5900 0.504808 6.394984
117190 58.5950 0.506029 6.378863
117200 58.6000 0.507395 6.360471
117210 58.6050 0.508749 6.382217
117220 58.6100 0.510156 6.362405
117230 58.6150 0.511513 6.342851
117240 58.6200 0.513032 6.320411
117250 58.6250 0.514558 6.297286
117260 58.6300 0.515905 6.276361
117270 58.6350 0.517089 6.257560
117280 58.6400 0.518105 6.241100
117290 58.6450 0.519133 6.224172
117300 58.6500 0.520109 6.207793
117310 58.6550 0.520932 6.235910
117320 58.6600 0.521674 6.223087
117330 58.6650 0.522272 6.212620
117340 58.6700 0.522930 6.200961
117350 58.6750 0.523699 6.187146
117360 58.6800 0.524525 6.172095
117370 58.6850 0.525270 6.158326
117380 58.6900 0.525858 6.147324
117390 58.6950 0.526227 6.140357
117400 58.7000 0.526400 6.137074
117410 58.7050 0.526715 6.174038
117420 58.7100 0.527015 6.168295
117430 58.7150 0.527368 6.161471
117440 58.7200 0.527530 6.158337
117450 58.7250 0.527649 6.156014
117460 58.7300 0.527832 6.152456
117470 58.7350 0.528170 6.145830
117480 58.7400 0.528431 6.140685
117490 58.7450 0.528588 6.137571
117500 58.7500 0.528755 6.134253
117510 58.7550 0.529206 6.168250
117520 58.7600 0.529786 6.156535
117530 58.7650 0.530507 6.141782
117540 58.7700 0.531386 6.123526
117550 58.7750 0.532329 6.103551
117560 58.7800 0.533319 6.082206
117570 58.7850 0.534365 6.059182
117580 58.7900 0.535398 6.035998
117590 58.7950 0.536480 6.011197
117600 58.8000 0.537499 5.987372
117610 58.8050 0.538533 6.007535
117620 58.8100 0.539568 5.982352
117630 58.8150 0.540711 5.953975
117640 58.8200 0.541983 5.921626
117650 58.8250 0.543274 5.888037
117660 58.8300 0.544666 5.850897
117670 58.8350 0.545980 5.814973
117680 58.8400 0.547283 5.778494
117690 58.8450 0.548716 5.737436
117700 58.8500 0.550170 5.694713
117710 58.8550 0.551517 5.702844
117720 58.8600 0.552940 5.658998
117730 58.8650 0.554506 5.609584
117740 58.8700 0.556388 5.548479
117750 58.8750 0.558262 5.485829
117760 58.8800 0.560099 5.422719
117770 58.8850 0.562060 5.353423
117780 58.8900 0.564310 5.271589
117790 58.8950 0.567012 5.170005
117800 58.9000 0.569694 5.065778
117810 58.9050 0.572433 5.013779
117820 58.9100 0.575388 4.891269
117830 58.9150 0.578607 4.753468
117840 58.9200 0.582195 4.594918
117850 58.9250 0.586018 4.420754
117860 58.9300 0.590205 4.224623
117870 58.9350 0.594435 4.021732
117880 58.9400 0.598643 3.816174
117890 58.9450 0.603142 3.593639
117900 58.9500 0.607819 3.360718
117910 58.9550 0.612473 3.222084
117920 58.9600 0.617020 2.996197
117930 58.9650 0.621602 2.771010
117940 58.9700 0.626180 2.550013
117950 58.9750 0.630774 2.333743
117960 58.9800 0.635140 2.134528
117970 58.9850 0.639668 1.935649
117980 58.9900 0.644321 1.740560
117990 58.9950 0.648534 1.572864
118000 59.0000 0.652654 1.417701
118010 59.0050 0.656715 1.433922
118020 59.0100 0.660814 1.296283
118030 59.0150 0.664507 1.179506
118040 59.0200 0.667815 1.080813
118050 59.0250 0.670667 1.000237
118060 59.0300 0.673003 0.937332
118070 59.0350 0.675046 0.884611
118080 59.0400 0.676934 0.837738
118090 59.0450 0.678489 0.800459
118100 59.0500 0.679847 0.768897
118110 59.0550 0.680577 0.945059
118120 59.0600 0.681078 0.933780
118130 59.0650 0.681419 0.926160
118140 59.0700 0.681230 0.930374
118150 59.0750 0.680680 0.942725
118160 59.0800 0.679848 0.961656
118170 59.0850 0.678801 0.985857
118180 59.0900 0.677527 1.015945
118190 59.0950 0.676046 1.051775
118200 59.1000 0.674280 1.095717
118210 59.1050 0.672347 1.321153
118220 59.1100 0.670362 1.373407
118230 59.1150 0.668210 1.431679
118240 59.1200 0.665925 1.495457
118250 59.1250 0.663206 1.573933
118260 59.1300 0.660156 1.665270
118270 59.1350 0.657043 1.762133
118280 59.1400 0.653815 1.866481
118290 59.1450 0.650432 1.980071
118300 59.1500 0.646941 2.101749
118310 59.1550 0.643286 2.366277
118320 59.1600 0.639564 2.504476
118330 59.1650 0.636087 2.637043
118340 59.1700 0.632692 2.769457
118350 59.1750 0.628970 2.917703
118360 59.1800 0.625144 3.073112
118370 59.1850 0.621445 3.225752
118380 59.1900 0.617907 3.373548
118390 59.1950 0.614317 3.524855
118400 59.2000 0.610937 3.668070
118410 59.2050 0.607609 3.894984
118420 59.2100 0.604533 4.025079
118430 59.2150 0.601429 4.155589
118440 59.2200 0.598273 4.287159
118450 59.2250 0.595047 4.420117
118460 59.2300 0.592012 4.543465
118470 59.2350 0.589185 4.656598
118480 59.2400 0.586422 4.765244
118490 59.2450 0.583842 4.864826
118500 59.2500 0.581450 4.955418
118510 59.2550 0.579254 5.096733
118520 59.2600 0.577116 5.174406
118530 59.2650 0.575181 5.243257
118540 59.2700 0.573551 5.300104
118550 59.2750 0.572235 5.345244
118560 59.2800 0.571125 5.382770
118570 59.2850 0.570176 5.414461
118580 59.2900 0.569327 5.442475
118590 59.2950 0.568468 5.470508
118600 59.3000 0.567566 5.499617
118610 59.3050 0.566905 5.572083
118620 59.3100 0.566508 5.584662
118630 59.3150 0.566442 5.586749
118640 59.3200 0.566613 5.581339
118650 59.3250 0.566985 5.569523
118660 59.3300 0.567453 5.554594
118670 59.3350 0.568247 5.529023
118680 59.3400 0.569172 5.498886
118690 59.3450 0.570096 5.468383
118700 59.3500 0.571177 5.432246
118710 59.3550 0.572343 5.445036
118720 59.3600 0.573566 5.402864
118730 59.3650 0.574653 5.364857
118740 59.3700 0.575596 5.331457
118750 59.3750 0.576581 5.296181
118760 59.3800 0.577690 5.255952
118770 59.3850 0.579013 5.207291
118780 59.3900 0.580627 5.147012
118790 59.3950 0.582415 5.079075
118800 59.4000 0.584511 4.997904
118810 59.4050 0.586857 4.964279
118820 59.4100 0.589142 4.872109
118830 59.4150 0.591360 4.781014
118840 59.4200 0.593711 4.682882
118850 59.4250 0.596225 4.576285
118860 59.4300 0.599043 4.454981
118870 59.4350 0.601902 4.330310
118880 59.4400 0.604781 4.203368
118890 59.4450 0.607724 4.072558
118900 59.4500 0.610805 3.934776
118910 59.4550 0.614058 3.868304
118920 59.4600 0.617394 3.718156
118930 59.4650 0.620740 3.567724
118940 59.4700 0.624162 3.414563
118950 59.4750 0.627616 3.261120
118960 59.4800 0.631144 3.106094
118970 59.4850 0.634449 2.962934
118980 59.4900 0.637858 2.817733
118990 59.4950 0.641096 2.682398
119000 59.5000 0.644149 2.557458
119010 59.5050 0.647011 2.559561
119020 59.5100 0.649743 2.451991
119030 59.5150 0.652240 2.355568
119040 59.5200 0.654293 2.277634
119050 59.5250 0.656187 2.206920
119060 59.5300 0.658099 2.136652
119070 59.5350 0.659870 2.072652
119080 59.5400 0.661716 2.007038
119090 59.5450 0.663411 1.947781
119100 59.5500 0.664972 1.894074
119110 59.5550 0.666435 1.985192
119120 59.5600 0.667684 1.943290
119130 59.5650 0.668940 1.901648
119140 59.5700 0.670222 1.859617
119150 59.5750 0.671410 1.821103
119160 59.5800 0.672442 1.787996
119170 59.5850 0.673260 1.761956
119180 59.5900 0.673963 1.739751
119190 59.5950 0.674602 1.719698
119200 59.6000 0.675003 1.707178
119210 59.6050 0.675168 1.850350
119220 59.6100 0.674971 1.856481
119230 59.6150 0.674766 1.862885
119240 59.6200 0.674406 1.874144
119250 59.6250 0.673613 1.899024
119260 59.6300 0.672636 1.929938
119270 59.6350 0.671535 1.965006
119280 59.6400 0.670233 2.006874
119290 59.6450 0.668908 2.049922
119300 59.6500 0.667453 2.097621
119310 59.6550 0.665539 2.294026
119320 59.6600 0.663534 2.361197
119330 59.6650 0.661419 2.432819
119340 59.6700 0.659211 2.508415
119350 59.6750 0.656926 2.587538
119360 59.6800 0.654571 2.669961
119370 59.6850 0.652297 2.750428
119380 59.6900 0.650061 2.830358
119390 59.6950 0.647737 2.914228
119400 59.7000 0.645550 2.993891
119410 59.7050 0.643521 3.171822
119420 59.7100 0.641459 3.247909
119430 59.7150 0.639325 3.327013
119440 59.7200 0.637080 3.410639
119450 59.7250 0.634679 3.500500
119460 59.7300 0.632463 3.583792
119470 59.7350 0.630376 3.662453
119480 59.7400 0.628234 3.743377
119490 59.7450 0.626095 3.824378
119500 59.7500 0.623931 3.906407
119510 59.7550 0.621720 4.070359
119520 59.7600 0.619564 4.151913
119530 59.7650 0.617389 4.233925
119540 59.7700 0.615173 4.317164
119550 59.7750 0.612965 4.399704
119560 59.7800 0.611079 4.469833
119570 59.7850 0.609148 4.541251
119580 59.7900 0.607244 4.611207
119590 59.7950 0.605480 4.675601
119600 59.8000 0.603601 4.743621
119610 59.8050 0.601993 4.864804
119620 59.8100 0.600599 4.914423
119630 59.8150 0.599248 4.962127
119640 59.8200 0.597987 5.006248
119650 59.8250 0.596798 5.047548
119660 59.8300 0.595786 5.082391
119670 59.8350 0.594630 5.121891
119680 59.8400 0.593469 5.161223
119690 59.8450 0.592332 5.199380
119700 59.8500 0.591296 5.233831
119710 59.8550 0.590405 5.318526
119720 59.8600 0.589517 5.347576
119730 59.8650 0.588782 5.371402
119740 59.8700 0.587887 5.400190
119750 59.8750 0.587293 5.419155
119760 59.8800 0.586630 5.440176
119770 59.8850 0.585883 5.463706
119780 59.8900 0.585189 5.485365
119790 59.8950 0.584637 5.502478
119800 59.9000 0.584075 5.519801
119810 59.9050 0.583395 5.591691
119820 59.9100 0.582685 5.613216
119830 59.9150 0.582133 5.629830
119840 59.9200 0.581516 5.648273
119850 59.9250 0.580813 5.669087
119860 59.9300 0.580081 5.690537
119870 59.9350 0.579471 5.708264
119880 59.9400 0.578978 5.722494
119890 59.9450 0.578714 5.730068
119900 59.9500 0.578365 5.740042
119910 59.9550 0.577919 5.800732
119920 59.9600 0.577538 5.811498
119930 59.9650 0.577157 5.822189
119940 59.9700 0.576838 5.831109
119950 59.9750 0.576564 5.838714
119960 59.9800 0.576356 5.844482
119970 59.9850 0.576051 5.852888
119980 59.9900 0.575661 5.863597
119990 59.9950 0.575401 5.870686
120000 60.0000 0.575068 5.879750
120010 60.0050 0.574731 5.935036
120020 60.0100 0.574357 5.945075
120030 60.0150 0.573944 5.956090
120040 60.0200 0.573577 5.965818
120050 60.0250 0.573304 5.973006
120060 60.0300 0.572902 5.983539
120070 60.0350 0.572410 5.996349
120080 60.0400 0.571876 6.010107
120090 60.0450 0.571213 6.026987
120100 60.0500 0.570448 6.046234
120110 60.0550 0.569699 6.108898
120120 60.0600 0.568865 6.129265
120130 60.0650 0.568045 6.148973
120140 60.0700 0.567279 6.167058
120150 60.0750 0.566654 6.181632
120160 60.0800 0.566217 6.191710
120170 60.0850 0.566073 6.194992
120180 60.0900 0.565982 6.197085
120190 60.0950 0.565813 6.200926
120200 60.1000 0.565627 6.205144
120210 60.1050 0.565377 6.252979
120220 60.1100 0.565013 6.261129
120230 60.1150 0.564538 6.271683
120240 60.1200 0.564021 6.283048
120250 60.1250 0.563764 6.288650
120260 60.1300 0.563602 6.292171
120270 60.1350 0.563475 6.294910
120280 60.1400 0.563488 6.294621
120290 60.1450 0.563700 6.290034
120300 60.1500 0.563985 6.283830
120310 60.1550 0.564306 6.318060
120320 60.1600 0.564713 6.309065
120330 60.1650 0.565497 6.291495
120340 60.1700 0.566581 6.266673
120350 60.1750 0.567872 6.236337
120360 60.1800 0.569222 6.203684
120370 60.1850 0.570493 6.172075
120380 60.1900 0.571929 6.135377
120390 60.1950 0.573589 6.091644
120400 60.2000 0.575332 6.044213
120410 60.2050 0.577125 6.037956
120420 60.2100 0.579125 5.979822
120430 60.2150 0.581275 5.915092
120440 60.2200 0.583538 5.844522
120450 60.2250 0.585890 5.768621
120460 60.2300 0.588395 5.685029
120470 60.2350 0.591130 5.590619
120480 60.2400 0.593685 5.499661
120490 60.2450 0.596145 5.409699
120500 60.2500 0.598526 5.320542
120510 60.2550 0.601070 5.277124
120520 60.2600 0.603675 5.175154
120530 60.2650 0.606421 5.065447
120540 60.2700 0.609206 4.952122
120550 60.2750 0.612111 4.831957
120560 60.2800 0.615047 4.708806
120570 60.2850 0.617866 4.589193
120580 60.2900 0.620708 4.467539
120590 60.2950 0.623562 4.344542
120600 60.3000 0.626554 4.214950
120610 60.3050 0.629385 4.165464
120620 60.3100 0.631935 4.054338
120630 60.3150 0.634264 3.952751
120640 60.3200 0.636430 3.858291
120650 60.3250 0.638458 3.769952
120660 60.3300 0.640459 3.682997
120670 60.3350 0.642662 3.587492
120680 60.3400 0.644608 3.503405
120690 60.3450 0.646468 3.423414
120700 60.3500 0.648398 3.340747
120710 60.3550 0.650290 3.353955
120720 60.3600 0.652177 3.273831
120730 60.3650 0.653922 3.200028
120740 60.3700 0.655637 3.127824
120750 60.3750 0.657196 3.062507
120760 60.3800 0.658462 3.009678
120770 60.3850 0.659576 2.963412
120780 60.3900 0.660723 2.915931
120790 60.3950 0.661938 2.865873
120800 60.4000 0.663208 2.813764
120810 60.4050 0.664557 2.867547
120820 60.4100 0.665826 2.815952
120830 60.4150 0.666937 2.770946
120840 60.4200 0.668098 2.724137
120850 60.4250 0.669291 2.676218
120860 60.4300 0.670437 2.630408
120870 60.4350 0.671684 2.580786
120880 60.4400 0.672950 2.530677
120890 60.4450 0.674240 2.479927
120900 60.4500 0.675339 2.436903
120910 60.4550 0.676423 2.515613
120920 60.4600 0.677237 2.483991
120930 60.4650 0.677909 2.457968
120940 60.4700 0.678413 2.438533
120950 60.4750 0.678755 2.425339
120960 60.4800 0.679260 2.405878
120970 60.4850 0.679842 2.383533
120980 60.4900 0.680314 2.365450
120990 60.4950 0.680879 2.343856
121000 60.5000 0.681209 2.331285
121010 60.5050 0.681382 2.449248
121020 60.5100 0.681300 2.452371
121030 60.5150 0.681171 2.457277
121040 60.5200 0.680992 2.464101
121050 60.5250 0.680639 2.477578
121060 60.5300 0.679915 2.505253
121070 60.5350 0.679377 2.525877
121080 60.5400 0.678794 2.548249
121090 60.5450 0.678107 2.574635
121100 60.5500 0.677320 2.604970
121110 60.5550 0.676629 2.746983
121120 60.5600 0.675856 2.776825
121130 60.5650 0.675086 2.806615
121140 60.5700 0.674174 2.841886
121150 60.5750 0.673332 2.874488
121160 60.5800 0.672585 2.903442
121170 60.5850 0.671801 2.933820
121180 60.5900 0.670910 2.968390
121190 60.5950 0.669972 3.004792
121200 60.6000 0.669128 3.037588
121210 60.6050 0.668225 3.174871
121220 60.6100 0.667252 3.212606
121230 60.6150 0.665974 3.262168
121240 60.6200 0.664289 3.327371
121250 60.6250 0.662593 3.392935
121260 60.6300 0.660765 3.463392
121270 60.6350 0.658703 3.542711
121280 60.6400 0.656614 3.622803
121290 60.6450 0.654451 3.705489
121300 60.6500 0.652353 3.785414
121310 60.6550 0.650268 3.947411
121320 60.6600 0.648076 4.030075
121330 60.6650 0.646026 4.106889
121340 60.6700 0.643940 4.184639
121350 60.6750 0.641633 4.270090
121360 60.6800 0.639149 4.361424
121370 60.6850 0.636590 4.454774
121380 60.6900 0.633929 4.551066
121390 60.6950 0.631268 4.646519
121400 60.7000 0.628825 4.733391
121410 60.7050 0.626424 4.881530
121420 60.7100 0.624179 4.959748
121430 60.7150 0.622220 5.027250
121440 60.7200 0.620158 5.097608
121450 60.7250 0.618140 5.165731
121460 60.7300 0.615963 5.238307
121470 60.7350 0.613997 5.303049
121480 60.7400 0.612160 5.362827
121490 60.7450 0.610359 5.420698
121500 60.7500 0.608743 5.471998
121510 60.7550 0.607183 5.572694
121520 60.7600 0.605785 5.615974
121530 60.7650 0.604529 5.654389
121540 60.7700 0.603194 5.694764
121550 60.7750 0.602044 5.729112
121560 60.7800 0.600860 5.764072
121570 60.7850 0.599654 5.799263
121580 60.7900 0.598361 5.836473
121590 60.7950 0.597007 5.874899
121600 60.8000 0.595897 5.905938
121610 60.8050 0.594879 5.979878
121620 60.8100 0.593957 6.005029
121630 60.8150 0.593173 6.026162
121640 60.8200 0.592797 6.036226
121650 60.8250 0.592588 6.041788
121660 60.8300 0.592411 6.046471
121670 60.8350 0.592196 6.052193
121680 60.8400 0.591928 6.059256
121690 60.8450 0.591717 6.064815
121700 60.8500 0.591590 6.068141
121710 60.8550 0.591438 6.115956
121720 60.8600 0.591323 6.118946
121730 60.8650 0.591090 6.125017
121740 60.8700 0.590879 6.130517
121750 60.8750 0.590987 6.127711
121760 60.8800 0.591289 6.119851
121770 60.8850 0.591773 6.107155
121780 60.8900 0.592261 6.094266
121790 60.8950 0.592714 6.082237
121800 60.9000 0.593010 6.074314
121810 60.9050 0.593321 6.109719
121820 60.9100 0.593812 6.096454
121830 60.9150 0.594453 6.079022
121840 60.9200 0.595040 6.062888
121850 60.9250 0.595621 6.046803
121860 60.9300 0.596427 6.024249
121870 60.9350 0.597314 5.999187
121880 60.9400 0.598078 5.977340
121890 60.9450 0.598807 5.956294
121900 60.9500 0.599741 5.929056
121910 60.9550 0.600638 5.948127
121920 60.9600 0.601587 5.919806
121930 60.9650 0.602677 5.886837
121940 60.9700 0.603884 5.849857
121950 60.9750 0.604892 5.818570
121960 60.9800 0.605963 5.784961
121970 60.9850 0.607310 5.742113
121980 60.9900 0.608790 5.694363
121990 60.9950 0.610347 5.643372
122000 61.0000 0.611854 5.593290
122010 61.0050 0.613237 5.596761
122020 61.0100 0.614532 5.552583
122030 61.0150 0.615663 5.513616
122040 61.0200 0.616735 5.476336
122050 61.0250 0.617731 5.441364
122060 61.0300 0.618601 5.410606
122070 61.0350 0.619404 5.382040
122080 61.0400 0.620428 5.345327
122090 61.0450 0.621623 5.302149
122100 61.0500 0.622771 5.260333
122110 61.0550 0.623932 5.272589
122120 61.0600 0.624931 5.235608
122130 61.0650 0.625666 5.208228
122140 61.0700 0.626332 5.183282
122150 61.0750 0.626981 5.158875
122160 61.0800 0.627765 5.129259
122170 61.0850 0.628599 5.097568
122180 61.0900 0.629330 5.069657
122190 61.0950 0.629946 5.046042
122200 61.1000 0.630735 5.015668
122210 61.1050 0.631444 5.047046
122220 61.1100 0.632006 5.025212
122230 61.1150 0.632490 5.006352
122240 61.1200 0.632994 4.986662
122250 61.1250 0.633509 4.966448
122260 61.1300 0.634062 4.944716
122270 61.1350 0.634437 4.929888
122280 61.1400 0.634764 4.916962
122290 61.1450 0.635170 4.900904
122300 61.1500 0.635764 4.877295
122310 61.1550 0.636129 4.923854
122320 61.1600 0.636422 4.912147
122330 61.1650 0.636648 4.903137
122340 61.1700 0.636854 4.894880
122350 61.1750 0.637007 4.888747
122360 61.1800 0.637273 4.878076
122370 61.1850 0.637652 4.862824
122380 61.1900 0.637898 4.852908
122390 61.1950 0.638110 4.844349
122400 61.2000 0.638312 4.836175
122410 61.2050 0.638464 4.891854
122420 61.2100 0.638463 4.891886
122430 61.2150 0.638250 4.900524
122440 61.2200 0.637877 4.915570
122450 61.2250 0.637496 4.930911
122460 61.2300 0.637355 4.936601
122470 61.2350 0.637455 4.932547
122480 61.2400 0.637535 4.929359
122490 61.2450 0.637620 4.925922
122500 61.2500 0.637543 4.929011
122510 61.2550 0.637638 4.985472
122520 61.2600 0.638024 4.969907
122530 61.2650 0.638276 4.959721
122540 61.2700 0.638253 4.960638
122550 61.2750 0.638224 4.961805
122560 61.2800 0.638257 4.960478
122570 61.2850 0.638381 4.955475
122580 61.2900 0.638308 4.958418
122590 61.2950 0.638198 4.962866
122600 61.3000 0.638116 4.966162
122610 61.3050 0.638049 5.028528
122620 61.3100 0.637915 5.033899
122630 61.3150 0.637658 5.044266
122640 61.3200 0.637184 5.063306
122650 61.3250 0.636758 5.080386
122660 61.3300 0.636434 5.093311
122670 61.3350 0.636080 5.107384
122680 61.3400 0.635739 5.120938
122690 61.3450 0.635563 5.127905
122700 61.3500 0.635521 5.129577
122710 61.3550 0.635469 5.188579
122720 61.3600 0.635502 5.187284
122730 61.3650 0.635596 5.183558
122740 61.3700 0.635705 5.179242
122750 61.3750 0.636072 5.164687
122760 61.3800 0.636337 5.154130
122770 61.3850 0.636564 5.145084
122780 61.3900 0.636991 5.127997
122790 61.3950 0.637585 5.104126
122800 61.4000 0.638293 5.075541
122810 61.4050 0.638931 5.107419
122820 61.4100 0.639655 5.077848
122830 61.4150 0.640336 5.049870
122840 61.4200 0.640898 5.026641
122850 61.4250 0.641343 5.008165
122860 61.4300 0.641668 4.994608
122870 61.4350 0.642120 4.975747
122880 61.4400 0.642728 4.950252
122890 61.4450 0.643507 4.917379
122900 61.4500 0.644572 4.872156
122910 61.4550 0.645704 4.884875
122920 61.4600 0.647100 4.824461
122930 61.4650 0.648445 4.765644
122940 61.4700 0.649653 4.712297
122950 61.4750 0.651127 4.646649
122960 61.4800 0.652870 4.568163
122970 61.4850 0.654935 4.474039
122980 61.4900 0.657114 4.373484
122990 61.4950 0.659548 4.259783
123000 61.5000 0.662118 4.138282
123010 61.5050 0.664687 4.090574
123020 61.5100 0.667366 3.961052
123030 61.5150 0.670158 3.824782
123040 61.5200 0.673029 3.683554
123050 61.5250 0.675863 3.543390
123060 61.5300 0.678810 3.397153
123070 61.5350 0.681833 3.246959
123080 61.5400 0.684915 3.094157
123090 61.5450 0.688074 2.938263
123100 61.5500 0.691416 2.774688
123110 61.5550 0.694726 2.724409
123120 61.5600 0.697964 2.569451
123130 61.5650 0.701196 2.417193
123140 61.5700 0.704474 2.265661
123150 61.5750 0.707772 2.116700
123160 61.5800 0.711024 1.973742
123170 61.5850 0.714095 1.842603
123180 61.5900 0.716971 1.723543
123190 61.5950 0.719743 1.612467
123200 61.6000 0.722424 1.508618
123210 61.6050 0.725011 1.568482
123220 61.6100 0.727291 1.485688
123230 61.6150 0.729287 1.415216
123240 61.6200 0.731178 1.350308
123250 61.6250 0.732714 1.298899
123260 61.6300 0.733886 1.260449
123270 61.6350 0.734795 1.231115
123280 61.6400 0.735474 1.209513
123290 61.6450 0.735864 1.197174
123300 61.6500 0.736129 1.188874
123310 61.6550 0.736254 1.356355
123320 61.6600 0.736364 1.352920
123330 61.6650 0.736449 1.350276
123340 61.6700 0.736343 1.353588
123350 61.6750 0.736088 1.361559
123360 61.6800 0.735440 1.381974
123370 61.6850 0.734456 1.413349
123380 61.6900 0.733207 1.453752
123390 61.6950 0.731887 1.497237
123400 61.7000 0.730429 1.546116
123410 61.7050 0.728567 1.764921
123420 61.7100 0.726473 1.837995
123430 61.7150 0.723989 1.926699
123440 61.7200 0.721213 2.028286
123450 61.7250 0.718377 2.134616
123460 61.7300 0.715501 2.245002
123470 61.7350 0.712513 2.362168
123480 61.7400 0.709591 2.479060
123490 61.7450 0.706729 2.595495
123500 61.7500 0.703697 2.720810
123510 61.7550 0.700481 2.967068
123520 61.7600 0.697187 3.106129
123530 61.7650 0.693699 3.254404
123540 61.7700 0.690140 3.406299
123550 61.7750 0.686601 3.557601
123560 61.7800 0.682998 3.711436
123570 61.7850 0.679297 3.868825
123580 61.7900 0.675645 4.023108
123590 61.7950 0.672266 4.164580
123600 61.8000 0.668850 4.306065
123610 61.8050 0.665440 4.517002
123620 61.8100 0.662160 4.648643
123630 61.8150 0.659081 4.769983
123640 61.8200 0.656190 4.881795
123650 61.8250 0.653414 4.987133
123660 61.8300 0.651031 5.075921
123670 61.8350 0.649106 5.146474
123680 61.8400 0.647251 5.213476
123690 61.8450 0.645476 5.276653
123700 61.8500 0.643803 5.335304
123710 61.8550 0.642271 5.442029
123720 61.8600 0.640770 5.493178
123730 61.8650 0.639435 5.538031
123740 61.8700 0.638109 5.581990
123750 61.8750 0.636885 5.622023
123760 61.8800 0.635592 5.663794
123770 61.8850 0.634324 5.704164
123780 61.8900 0.633238 5.738304
123790 61.8950 0.632157 5.771887
123800 61.9000 0.631188 5.801633
123810 61.9050 0.630176 5.879568
123820 61.9100 0.629272 5.906669
123830 61.9150 0.628451 5.931014
123840 61.9200 0.627618 5.955462
123850 61.9250 0.626853 5.977712
123860 61.9300 0.626254 5.994945
123870 61.9350 0.625914 6.004696
123880 61.9400 0.625739 6.009673
123890 61.9450 0.625458 6.017662
123900 61.9500 0.625277 6.022787
123910 61.9550 0.625237 6.068296
123920 61.9600 0.625336 6.065499
123930 61.9650 0.625321 6.065924
123940 61.9700 0.625256 6.067762
123950 61.9750 0.625311 6.066202
123960 61.9800 0.625674 6.055898
123970 61.9850 0.626254 6.039318
123980 61.9900 0.626991 6.018052
123990 61.9950 0.627895 5.991681
124000 62.0000 0.629012 5.958663
124010 62.0050 0.630211 5.967839
124020 62.0100 0.631565 5.926452
124030 62.0150 0.633257 5.873729
124040 62.0200 0.634989 5.818536
124050 62.0250 0.636600 5.766141
124060 62.0300 0.638194 5.713286
124070 62.0350 0.639748 5.660797
124080 62.0400 0.641211 5.610533
124090 62.0450 0.642711 5.558167
124100 62.0500 0.644357 5.499708
124110 62.0550 0.646127 5.487057
124120 62.0600 0.647866 5.423006
124130 62.0650 0.649857 5.348289
124140 62.0700 0.651964 5.267644
124150 62.0750 0.654073 5.185327
124160 62.0800 0.656200 5.100800
124170 62.0850 0.658422 5.010862
124180 62.0900 0.660653 4.919024
124190 62.0950 0.663079 4.817501
124200 62.1000 0.665687 4.706494
124210 62.1050 0.668312 4.657028
124220 62.1100 0.670967 4.540365
124230 62.1150 0.673360 4.433793
124240 62.1200 0.675464 4.339100
124250 62.1250 0.677656 4.239582
124260 62.1300 0.680198 4.123169
124270 62.1350 0.682935 3.996901
124280 62.1400 0.685406 3.882255
124290 62.1450 0.687502 3.784662
124300 62.1500 0.689569 3.688204
124310 62.1550 0.691551 3.680855
124320 62.1600 0.693831 3.574173
124330 62.1650 0.696216 3.462592
124340 62.1700 0.698497 3.356042
124350 62.1750 0.700696 3.253642
124360 62.1800 0.702626 3.164088
124370 62.1850 0.704533 3.076048
124380 62.1900 0.706711 2.976073
124390 62.1950 0.708744 2.883488
124400 62.2000 0.710847 2.788495
124410 62.2050 0.712932 2.804717
124420 62.2100 0.714830 2.720453
124430 62.2150 0.716612 2.642007
124440 62.2200 0.718248 2.570670
124450 62.2250 0.719684 2.508569
124460 62.2300 0.720894 2.456640
124470 62.2350 0.722250 2.398953
124480 62.2400 0.723549 2.344177
124490 62.2450 0.724810 2.291476
124500 62.2500 0.725968 2.243497
124510 62.2550 0.726909 2.332491
124520 62.2600 0.727686 2.300707
124530 62.2650 0.728365 2.273088
124540 62.2700 0.728851 2.253399
124550 62.2750 0.728956 2.249183
124560 62.2800 0.728870 2.252625
124570 62.2850 0.728608 2.263238
124580 62.2900 0.728612 2.263081
124590 62.2950 0.728915 2.250837
124600 62.3000 0.729318 2.234543
124610 62.3050 0.729906 2.338863
124620 62.3100 0.730358 2.320738
124630 62.3150 0.730662 2.308574
124640 62.3200 0.731107 2.290832
124650 62.3250 0.731533 2.273874
124660 62.3300 0.732157 2.249125
124670 62.3350 0.732780 2.224542
124680 62.3400 0.733498 2.196304
124690 62.3450 0.734260 2.166485
124700 62.3500 0.734987 2.138211
124710 62.3550 0.735698 2.242132
124720 62.3600 0.736350 2.217008
124730 62.3650 0.737277 2.181456
124740 62.3700 0.738434 2.137374
124750 62.3750 0.739427 2.099793
124760 62.3800 0.740391 2.063555
124770 62.3850 0.741409 2.025592
124780 62.3900 0.742478 1.986025
124790 62.3950 0.743516 1.947903
124800 62.4000 0.744410 1.915315
124810 62.4050 0.745111 2.029825
124820 62.4100 0.746042 1.996285
124830 62.4150 0.747123 1.957589
124840 62.4200 0.748060 1.924326
124850 62.4250 0.748856 1.896202
124860 62.4300 0.749561 1.871445
124870 62.4350 0.749971 1.857121
124880 62.4400 0.750425 1.841326
124890 62.4450 0.750860 1.826219
124900 62.4500 0.751478 1.804839
124910 62.4550 0.752153 1.925928
124920 62.4600 0.752922 1.899577
124930 62.4650 0.753660 1.874438
124940 62.4700 0.754363 1.850576
124950 62.4750 0.754942 1.831050
124960 62.4800 0.755304 1.818848
124970 62.4850 0.755671 1.806547
124980 62.4900 0.756048 1.793929
124990 62.4950 0.756409 1.781866
125000 62.5000 0.756618 1.774926
125010 62.5050 0.756971 1.908695
125020 62.5100 0.757267 1.898875
125030 62.5150 0.757570 1.888830
125040 62.5200 0.757802 1.881154
125050 62.5250 0.757980 1.875281
125060 62.5300 0.758033 1.873538
125070 62.5350 0.758154 1.869540
125080 62.5400 0.758163 1.869247
125090 62.5450 0.757853 1.879478
125100 62.5500 0.757557 1.889276
125110 62.5550 0.757290 2.039061
125120 62.5600 0.756939 2.050670
125130 62.5650 0.756474 2.066126
125140 62.5700 0.755968 2.082964
125150 62.5750 0.755618 2.094634
125160 62.5800 0.755311 2.104890
125170 62.5850 0.755098 2.112003
125180 62.5900 0.754911 2.118260
125190 62.5950 0.754542 2.130602
125200 62.6000 0.754046 2.147237
125210 62.6050 0.753369 2.301111
125220 62.6100 0.752328 2.336098
125230 62.6150 0.750957 2.382338
125240 62.6200 0.749571 2.429141
125250 62.6250 0.748180 2.476241
125260 62.6300 0.746786 2.523481
125270 62.6350 0.745339 2.572638
125280 62.6400 0.743626 2.630862
125290 62.6450 0.741672 2.697409
125300 62.6500 0.739584 2.768591
125310 62.6550 0.737347 2.955045
125320 62.6600 0.735109 3.031132
125330 62.6650 0.732887 3.106511
125340 62.6700 0.730302 3.193916
125350 62.6750 0.727405 3.291525
125360 62.6800 0.724369 3.393454
125370 62.6850 0.721326 3.495176
125380 62.6900 0.718347 3.594395
125390 62.6950 0.715341 3.694083
125400 62.7000 0.712301 3.794575
125410 62.7050 0.709269 3.977003
125420 62.7100 0.706230 4.076273
125430 62.7150 0.703204 4.174477
125440 62.7200 0.700130 4.273615
125450 62.7250 0.697072 4.371567
125460 62.7300 0.693982 4.469929
125470 62.7350 0.690686 4.574095
125480 62.7400 0.687217 4.682862
125490 62.7450 0.683746 4.790756
125500 62.7500 0.680396 4.893981
125510 62.7550 0.677170 5.053150
125520 62.7600 0.674034 5.147515
125530 62.7650 0.671034 5.236620
125540 62.7700 0.668050 5.324040
125550 62.7750 0.665227 5.405585
125560 62.7800 0.662498 5.483229
125570 62.7850 0.659803 5.558757
125580 62.7900 0.657279 5.628385
125590 62.7950 0.654905 5.692871
125600 62.8000 0.652482 5.757622
125610 62.8050 0.650190 5.865588
125620 62.8100 0.647712 5.929400
125630 62.8150 0.645248 5.991479
125640 62.8200 0.642826 6.051166
125650 62.8250 0.640491 6.107403
125660 62.8300 0.638265 6.159808
125670 62.8350 0.636070 6.210299
125680 62.8400 0.633925 6.258463
125690 62.8450 0.631899 6.302889
125700 62.8500 0.629996 6.343648
125710 62.8550 0.628119 6.423472
125720 62.8600 0.626356 6.459426
125730 62.8650 0.624698 6.492432
125740 62.8700 0.623149 6.522566
125750 62.8750 0.621756 6.549062
125760 62.8800 0.620472 6.572986
125770 62.8850 0.619268 6.594976
125780 62.8900 0.618151 6.615002
125790 62.8950 0.617258 6.630735
125800 62.9000 0.616324 6.646937
125810 62.9050 0.615219 6.703041
125820 62.9100 0.614183 6.720346
125830 62.9150 0.613144 6.737345
125840 62.9200 0.612493 6.747835
125850 62.9250 0.612095 6.754172
125860 62.9300 0.611995 6.755765
125870 62.9350 0.612270 6.751390
125880 62.9400 0.612742 6.743834
125890 62.9450 0.613195 6.736528
125900 62.9500 0.613483 6.731844
125910 62.9550 0.613909 6.761256
125920 62.9600 0.614421 6.752777
125930 62.9650 0.614811 6.746283
125940 62.9700 0.615508 6.734517
125950 62.9750 0.616515 6.717242
125960 62.9800 0.617829 6.694218
125970 62.9850 0.619439 6.665213
125980 62.9900 0.621073 6.634931
125990 62.9950 0.622817 6.601667
126000 63.0000 0.624695 6.564751
126010 63.0050 0.626641 6.563432
126020 63.0100 0.628837 6.517417
126030 63.0150 0.631130 6.467731
126040 63.0200 0.633489 6.414883
126050 63.0250 0.635886 6.359392
126060 63.0300 0.638308 6.301583
126070 63.0350 0.640772 6.240999
126080 63.0400 0.643217 6.179146
126090 63.0450 0.645697 6.114748
126100 63.0500 0.648242 6.046926
126110 63.0550 0.650963 6.016622
126120 63.0600 0.653771 5.937796
126130 63.0650 0.656692 5.853722
126140 63.0700 0.659738 5.763912
126150 63.0750 0.663002 5.665379
126160 63.0800 0.666639 5.553038
126170 63.0850 0.670324 5.436682
126180 63.0900 0.673937 5.320410
126190 63.0950 0.677445 5.205611
126200 63.1000 0.681303 5.077458
126210 63.1050 0.685555 4.991776
126220 63.1100 0.689880 4.843496
126230 63.1150 0.694359 4.687847
126240 63.1200 0.698926 4.527143
126250 63.1250 0.703543 4.362877
126260 63.1300 0.708183 4.196265
126270 63.1350 0.712812 4.028591
126280 63.1400 0.717396 3.861261
126290 63.1450 0.721771 3.700539
126300 63.1500 0.726003 3.544171
126310 63.1550 0.730392 3.469622
126320 63.1600 0.734726 3.307055
126330 63.1650 0.738995 3.145933
126340 63.1700 0.743225 2.985526
126350 63.1750 0.747419 2.826098
126360 63.1800 0.751378 2.675617
126370 63.1850 0.755157 2.532380
126380 63.1900 0.758875 2.392216
126390 63.1950 0.762243 2.266217
126400 63.2000 0.765583 2.142522
126410 63.2050 0.768631 2.162080
126420 63.2100 0.771540 2.056430
126430 63.2150 0.774233 1.959735
126440 63.2200 0.776992 1.861928
126450 63.2250 0.779657 1.768887
126460 63.2300 0.782034 1.687242
126470 63.2350 0.784333 1.609557
126480 63.2400 0.786484 1.538182
126490 63.2450 0.788383 1.476229
126500 63.2500 0.789913 1.427124
126510 63.2550 0.791082 1.550410
126520 63.2600 0.791965 1.522632
126530 63.2650 0.792556 1.504151
126540 63.2700 0.792925 1.492682
126550 63.2750 0.793076 1.487978
126560 63.2800 0.792982 1.490910
126570 63.2850 0.792445 1.507613
126580 63.2900 0.791639 1.532864
126590 63.2950 0.790303 1.575067
126600 63.3000 0.788694 1.626531
126610 63.3050 0.786860 1.837485
126620 63.3100 0.784977 1.898907
126630 63.3150 0.783083 1.961242
126640 63.3200 0.781210 2.023330
126650 63.3250 0.779214 2.089980
126660 63.3300 0.777026 2.163481
126670 63.3350 0.774705 2.241889
126680 63.3400 0.772170 2.327914
126690 63.3450 0.769459 2.420246
126700 63.3500 0.766676 2.515275
126710 63.3550 0.763859 2.729634
126720 63.3600 0.761181 2.820549
126730 63.3650 0.758558 2.909122
126740 63.3700 0.755837 3.000440
126750 63.3750 0.752995 3.095083
126760 63.3800 0.750203 3.187326
126770 63.3850 0.747391 3.279422
126780 63.3900 0.744772 3.364442
126790 63.3950 0.742162 3.448467
126800 63.4000 0.739530 3.532479
126810 63.4050 0.736625 3.713241
126820 63.4100 0.733704 3.804357
126830 63.4150 0.730706 3.896782
126840 63.4200 0.727619 3.990854
126850 63.4250 0.724373 4.088640
126860 63.4300 0.721051 4.187724
126870 63.4350 0.717854 4.282182
126880 63.4400 0.714868 4.369740
126890 63.4450 0.711648 4.463570
126900 63.4500 0.708501 4.554740
126910 63.4550 0.705339 4.712708
126920 63.4600 0.702234 4.801552
126930 63.4650 0.699460 4.880436
126940 63.4700 0.696852 4.954259
126950 63.4750 0.694469 5.021421
126960 63.4800 0.692209 5.084845
126970 63.4850 0.689761 5.153283
126980 63.4900 0.687465 5.217166
126990 63.4950 0.685392 5.274604
127000 63.5000 0.683542 5.325647
127010 63.5050 0.682024 5.421285
127020 63.5100 0.680653 5.458778
127030 63.5150 0.679290 5.495903
127040 63.5200 0.678164 5.526412
127050 63.5250 0.677152 5.553744
127060 63.5300 0.676259 5.577794
127070 63.5350 0.675624 5.594820
127080 63.5400 0.675096 5.608968
127090 63.5450 0.674594 5.622362
127100 63.5500 0.674301 5.630189
127110 63.5550 0.674243 5.681273
127120 63.5600 0.674364 5.678040
127130 63.5650 0.674685 5.669467
127140 63.5700 0.675295 5.653142
127150 63.5750 0.676165 5.629802
127160 63.5800 0.677243 5.600739
127170 63.5850 0.678622 5.563351
127180 63.5900 0.680234 5.519373
127190 63.5950 0.681913 5.473284
127200 63.6000 0.683597 5.426747
127210 63.6050 0.685473 5.426939
127220 63.6100 0.687686 5.364804
127230 63.6150 0.690119 5.295838
127240 63.6200 0.692672 5.222763
127250 63.6250 0.695431 5.143039
127260 63.6300 0.698172 5.063048
127270 63.6350 0.700803 4.985543
127280 63.6400 0.703449 4.906889
127290 63.6450 0.706059 4.828632
127300 63.6500 0.708851 4.744123
127310 63.6550 0.711843 4.715958
127320 63.6600 0.714901 4.621103
127330 63.6650 0.718182 4.517905
127340 63.6700 0.721615 4.408258
127350 63.6750 0.725248 4.290366
127360 63.6800 0.728901 4.169808
127370 63.6850 0.732553 4.047216
127380 63.6900 0.736162 3.924015
127390 63.6950 0.739630 3.803719
127400 63.7000 0.743086 3.682027
127410 63.7050 0.746398 3.648967
127420 63.7100 0.749518 3.535672
127430 63.7150 0.752731 3.417355
127440 63.7200 0.755857 3.300811
127450 63.7250 0.759020 3.181591
127460 63.7300 0.762170 3.061777
127470 63.7350 0.765347 2.940089
127480 63.7400 0.768333 2.825198
127490 63.7450 0.771358 2.708478
127500 63.7500 0.774269 2.596204
127510 63.7550 0.777172 2.599880
127520 63.7600 0.780051 2.488973
127530 63.7650 0.782579 2.391852
127540 63.7700 0.784787 2.307382
127550 63.7750 0.786883 2.227664
127560 63.7800 0.788847 2.153474
127570 63.7850 0.790561 2.089155
127580 63.7900 0.792039 2.034087
127590 63.7950 0.793453 1.981789
127600 63.8000 0.794852 1.930423
127610 63.8050 0.796110 2.023875
127620 63.8100 0.797567 1.971069
127630 63.8150 0.798883 1.923726
127640 63.8200 0.800125 1.879346
127650 63.8250 0.801115 1.844227
127660 63.8300 0.802154 1.807604
127670 63.8350 0.803132 1.773361
127680 63.8400 0.804101 1.739664
127690 63.8450 0.804658 1.720387
127700 63.8500 0.804928 1.711067
127710 63.8550 0.805050 1.855001
127720 63.8600 0.804938 1.858863
127730 63.8650 0.804290 1.881240
127740 63.8700 0.803441 1.910657
127750 63.8750 0.802250 1.952151
127760 63.8800 0.800743 2.005036
127770 63.8850 0.798920 2.069455
127780 63.8900 0.797011 2.137471
127790 63.8950 0.795007 2.209347
127800 63.9000 0.792723 2.291724
127810 63.9050 0.790254 2.507051
127820 63.9100 0.787657 2.601130
127830 63.9150 0.784960 2.698645
127840 63.9200 0.782075 2.802575
127850 63.9250 0.779104 2.908992
127860 63.9300 0.776122 3.014929
127870 63.9350 0.773045 3.123153
127880 63.9400 0.769819 3.235154
127890 63.9450 0.766337 3.354222
127900 63.9500 0.762602 3.479567
127910 63.9550 0.758879 3.691960
127920 63.9600 0.755091 3.812858
127930 63.9650 0.751463 3.925466
127940 63.9700 0.747687 4.039367
127950 63.9750 0.743722 4.155479
127960 63.9800 0.739698 4.269799
127970 63.9850 0.735590 4.383141
127980 63.9900 0.731472 4.493653
127990 63.9950 0.727389 4.600457
128000 64.0000 0.723238 4.706650
128010 64.0050 0.719122 4.873774
128020 64.0100 0.715180 4.970472
128030 64.0150 0.711414 5.061314
128040 64.0200 0.707637 5.151174
128050 64.0250 0.703863 5.239909
128060 64.0300 0.700241 5.324238
128070 64.0350 0.696760 5.404591
128080 64.0400 0.693328 5.483258
128090 64.0450 0.690003 5.558956
128100 64.0500 0.686886 5.629445
128110 64.0550 0.683898 5.746027
128120 64.0600 0.681030 5.809804
128130 64.0650 0.678082 5.874684
128140 64.0700 0.675094 5.939717
128150 64.0750 0.672390 5.997897
128160 64.0800 0.669955 6.049666
128170 64.0850 0.667747 6.096091
128180 64.0900 0.665447 6.143885
128190 64.0950 0.663400 6.185895
128200 64.1000 0.661413 6.226186
128210 64.1050 0.659498 6.306422
128220 64.1100 0.657766 6.340586
128230 64.1150 0.656206 6.370949
128240 64.1200 0.654794 6.398081
128250 64.1250 0.653489 6.422886
128260 64.1300 0.652293 6.445341
128270 64.1350 0.651004 6.469275
128280 64.1400 0.649651 6.494061
128290 64.1450 0.648319 6.518149
128300 64.1500 0.647160 6.538832
128310 64.1550 0.646110 6.595770
128320 64.1600 0.644894 6.616922
128330 64.1650 0.643659 6.638092
128340 64.1700 0.642503 6.657613
128350 64.1750 0.641440 6.675309
128360 64.1800 0.640480 6.691074
128370 64.1850 0.639743 6.703042
128380 64.1900 0.639146 6.712661
128390 64.1950 0.638688 6.719972
128400 64.2000 0.638277 6.726501
128410 64.2050 0.637818 6.770197
128420 64.2100 0.637558 6.774274
128430 64.2150 0.637380 6.777053
128440 64.2200 0.637174 6.780268
128450 64.2250 0.637217 6.779590
128460 64.2300 0.637222 6.779526
128470 64.2350 0.637398 6.776778
128480 64.2400 0.637768 6.770973
128490 64.2450 0.638158 6.764829
128500 64.2500 0.638847 6.753896
128510 64.2550 0.639720 6.776021
128520 64.2600 0.640878 6.757110
128530 64.2650 0.642033 6.737911
128540 64.2700 0.643337 6.715846
128550 64.2750 0.644730 6.691822
128560 64.2800 0.646147 6.666910
128570 64.2850 0.647620 6.640509
128580 64.2900 0.649095 6.613580
128590 64.2950 0.650755 6.582670
128600 64.3000 0.652662 6.546402
128610 64.3050 0.654742 6.544278
128620 64.3100 0.657163 6.495969
128630 64.3150 0.659712 6.443746
128640 64.3200 0.662354 6.388247
128650 64.3250 0.665127 6.328546
128660 64.3300 0.667918 6.267054
128670 64.3350 0.670662 6.205342
128680 64.3400 0.673406 6.142454
128690 64.3450 0.676322 6.074480
128700 64.3500 0.679098 6.008723
128710 64.3550 0.681710 5.990521
128720 64.3600 0.684146 5.931205
128730 64.3650 0.686384 5.876134
128740 64.3700 0.688606 5.820884
128750 64.3750 0.690909 5.763086
128760 64.3800 0.693020 5.709683
128770 64.3850 0.695116 5.656240
128780 64.3900 0.696819 5.612539
128790 64.3950 0.698433 5.570888
128800 64.4000 0.700162 5.526001
128810 64.4050 0.701819 5.533736
128820 64.4100 0.703408 5.492013
128830 64.4150 0.704806 5.455075
128840 64.4200 0.706008 5.423134
128850 64.4250 0.707041 5.395603
128860 64.4300 0.707893 5.372771
128870 64.4350 0.708713 5.350753
128880 64.4400 0.709674 5.324855
128890 64.4450 0.710794 5.294533
128900 64.4500 0.712107 5.258832
128910 64.4550 0.713361 5.279460
128920 64.4600 0.714384 5.251317
128930 64.4650 0.715333 5.225100
128940 64.4700 0.716253 5.199524
128950 64.4750 0.717177 5.173747
128960 64.4800 0.717973 5.151424
128970 64.4850 0.718572 5.134571
128980 64.4900 0.719023 5.121851
128990 64.4950 0.719197 5.116930
129000 64.5000 0.719257 5.115261
129010 64.5050 0.718977 5.180353
129020 64.5100 0.718457 5.195017
129030 64.5150 0.717894 5.210816
129040 64.5200 0.717196 5.230348
129050 64.5250 0.716554 5.248251
129060 64.5300 0.715908 5.266192
129070 64.5350 0.715377 5.280899
129080 64.5400 0.715113 5.288176
129090 64.5450 0.714960 5.292386
129100 64.5500 0.714824 5.296156
129110 64.5550 0.714687 5.354300
129120 64.5600 0.714573 5.357430
129130 64.5650 0.714591 5.356922
129140 64.5700 0.714598 5.356745
129150 64.5750 0.714500 5.359436
129160 64.5800 0.714354 5.363430
129170 64.5850 0.714417 5.361710
129180 64.5900 0.714472 5.360194
129190 64.5950 0.714543 5.358253
129200 64.6000 0.714510 5.359146
129210 64.6050 0.714307 5.418169
129220 64.6100 0.714176 5.421761
129230 64.6150 0.714081 5.424341
129240 64.6200 0.714155 5.422314
129250 64.6250 0.714335 5.417399
129260 64.6300 0.714715 5.406930
129270 64.6350 0.715116 5.395889
129280 64.6400 0.715628 5.381723
129290 64.6450 0.716034 5.370453
129300 64.6500 0.716280 5.363611
129310 64.6550 0.716434 5.412673
129320 64.6600 0.716525 5.410141
129330 64.6650 0.716725 5.404547
129340 64.6700 0.716951 5.398242
129350 64.6750 0.717003 5.396776
129360 64.6800 0.716905 5.399512
129370 64.6850 0.716943 5.398466
129380 64.6900 0.717058 5.395245
129390 64.6950 0.717187 5.391635
129400 64.7000 0.717392 5.385866
129410 64.7050 0.717506 5.435680
129420 64.7100 0.717601 5.432998
129430 64.7150 0.717836 5.426384
129440 64.7200 0.718284 5.413730
129450 64.7250 0.718841 5.397904
129460 64.7300 0.719289 5.385121
129470 64.7350 0.719681 5.373880
129480 64.7400 0.720094 5.362019
129490 64.7450 0.720456 5.351580
129500 64.7500 0.720971 5.336676
129510 64.7550 0.721378 5.378583
129520 64.7600 0.721728 5.368386
129530 64.7650 0.722060 5.358667
129540 64.7700 0.722285 5.352034
129550 64.7750 0.722333 5.350637
129560 64.7800 0.722178 5.355201
129570 64.7850 0.721797 5.366367
129580 64.7900 0.721359 5.379151
129590 64.7950 0.720968 5.390522
129600 64.8000 0.720595 5.401330
129610 64.8050 0.720070 5.469262
129620 64.8100 0.719426 5.487727
129630 64.8150 0.718647 5.509877
129640 64.8200 0.717848 5.532431
129650 64.8250 0.717203 5.550467
129660 64.8300 0.716343 5.574356
129670 64.8350 0.715401 5.600294
129680 64.8400 0.714295 5.630375
129690 64.8450 0.713082 5.662995
129700 64.8500 0.712156 5.687596
129710 64.8550 0.711414 5.755893
129720 64.8600 0.710694 5.774698
129730 64.8650 0.709949 5.793986
129740 64.8700 0.708949 5.819623
129750 64.8750 0.707794 5.848901
129760 64.8800 0.706791 5.873994
129770 64.8850 0.705737 5.900042
129780 64.8900 0.704707 5.925224
129790 64.8950 0.703753 5.948253
129800 64.9000 0.702586 5.976116
129810 64.9050 0.701507 6.046469
129820 64.9100 0.700141 6.078149
129830 64.9150 0.698493 6.115698
129840 64.9200 0.696693 6.155813
129850 64.9250 0.694714 6.198906
129860 64.9300 0.692775 6.240110
129870 64.9350 0.690808 6.280916
129880 64.9400 0.688796 6.321616
129890 64.9450 0.686743 6.362113
129900 64.9500 0.684571 6.403823
129910 64.9550 0.682340 6.485338
129920 64.9600 0.679807 6.531093
129930 64.9650 0.677230 6.576027
129940 64.9700 0.674510 6.621714
129950 64.9750 0.671909 6.663807
129960 64.9800 0.669245 6.705302
129970 64.9850 0.666520 6.746115
129980 64.9900 0.663628 6.787659
129990 64.9950 0.660732 6.827458
130000 65.0000 0.657835 6.865519
130010 65.0050 0.655074 6.935210
130020 65.0100 0.652298 6.968381
130030 65.0150 0.649551 6.999610
130040 65.0200 0.646789 7.029434
130050 65.0250 0.643901 7.058956
130060 65.0300 0.641163 7.085420
130070 65.0350 0.638459 7.110113
130080 65.0400 0.635873 7.132405
130090 65.0450 0.633309 7.153266
130100 65.0500 0.630737 7.172961
130110 65.0550 0.628181 7.223456
130120 65.0600 0.625625 7.240509
130130 65.0650 0.623031 7.256533
130140 65.0700 0.620418 7.271382
130150 65.0750 0.617688 7.285530
130160 65.0800 0.614946 7.298354
130170 65.0850 0.612167 7.309947
130180 65.0900 0.609377 7.320183
130190 65.0950 0.606780 7.328456
130200 65.1000 0.604299 7.335243
130210 65.1050 0.601789 7.371723
130220 65.1100 0.599657 7.375670
130230 65.1150 0.597587 7.378702
130240 65.1200 0.595692 7.380792
130250 65.1250 0.593908 7.382167
130260 65.1300 0.592280 7.382924
130270 65.1350 0.590746 7.383208
130280 65.1400 0.589621 7.383153
130290 65.1450 0.588591 7.382910
130300 65.1500 0.587812 7.382605
130310 65.1550 0.587044 7.412540
130320 65.1600 0.586362 7.412089
130330 65.1650 0.585926 7.411755
130340 65.1700 0.585689 7.411560
130350 65.1750 0.585666 7.411540
130360 65.1800 0.585946 7.411772
130370 65.1850 0.586326 7.412062
130380 65.1900 0.586782 7.412377
130390 65.1950 0.587197 7.412630
130400 65.2000 0.587795 7.412940
130410 65.2050 0.588585 7.443330
130420 65.2100 0.589226 7.443487
130430 65.2150 0.589843 7.443561
130440 65.2200 0.590358 7.443565
130450 65.2250 0.590924 7.443508
130460 65.2300 0.591796 7.443295
130470 65.2350 0.592881 7.442818
130480 65.2400 0.594024 7.442058
130490 65.2450 0.595249 7.440950
130500 65.2500 0.596398 7.439633
130510 65.2550 0.597393 7.468132
130520 65.2600 0.598482 7.466391
130530 65.2650 0.599628 7.464281
130540 65.2700 0.600917 7.461567
130550 65.2750 0.602323 7.458189
130560 65.2800 0.603695 7.454479
130570 65.2850 0.605110 7.450218
130580 65.2900 0.606620 7.445185
130590 65.2950 0.608224 7.439290
130600 65.3000 0.609651 7.433570
130610 65.3050 0.611085 7.457275
130620 65.3100 0.612364 7.451334
130630 65.3150 0.613702 7.444711
130640 65.3200 0.615213 7.436742
130650 65.3250 0.616642 7.428714
130660 65.3300 0.618092 7.420095
130670 65.3350 0.619480 7.411392
130680 65.3400 0.620998 7.401367
130690 65.3450 0.622400 7.391638
130700 65.3500 0.623968 7.380232
130710 65.3550 0.625446 7.399317
130720 65.3600 0.626791 7.388611
130730 65.3650 0.628032 7.378343
130740 65.3700 0.629342 7.367114
130750 65.3750 0.630501 7.356839
130760 65.3800 0.631547 7.347299
130770 65.3850 0.632395 7.339378
130780 65.3900 0.633074 7.332909
130790 65.3950 0.633820 7.325684
130800 65.4000 0.634680 7.317185
130810 65.4050 0.635634 7.338458
130820 65.4100 0.636663 7.327825
130830 65.4150 0.637749 7.316331
130840 65.4200 0.638601 7.307101
130850 65.4250 0.639281 7.299618
130860 65.4300 0.639982 7.291778
130870 65.4350 0.640370 7.287395
130880 65.4400 0.640457 7.286402
130890 65.4450 0.640330 7.287847
130900 65.4500 0.640161 7.289764
130910 65.4550 0.639997 7.322751
130920 65.4600 0.639656 7.326575
130930 65.4650 0.639192 7.331735
130940 65.4700 0.638544 7.338849
130950 65.4750 0.637615 7.348861
130960 65.4800 0.636487 7.360727
130970 65.4850 0.635280 7.373055
130980 65.4900 0.634020 7.385527
130990 65.4950 0.632708 7.398079
131000 65.5000 0.631449 7.409709
131010 65.5050 0.630130 7.451558
131020 65.5100 0.628721 7.463579
131030 65.5150 0.627112 7.476640
131040 65.5200 0.625389 7.489845
131050 65.5250 0.623591 7.502760
131060 65.5300 0.621545 7.516390
131070 65.5350 0.619111 7.531116
131080 65.5400 0.616373 7.545760
131090 65.5450 0.613404 7.559345
131100 65.5500 0.610200 7.571345
131110 65.5550 0.606936 7.609479
131120 65.5600 0.603290 7.616473
131130 65.5650 0.599359 7.620012
131140 65.5700 0.595464 7.619531
131150 65.5750 0.591605 7.615271
131160 65.5800 0.587978 7.607969
131170 65.5850 0.584685 7.598698
131180 65.5900 0.581695 7.588206
131190 65.5950 0.578901 7.576707
131200 65.6000 0.575966 7.562970
131210 65.6050 0.573055 7.576566
131220 65.6100 0.570220 7.560217
131230 65.6150 0.567481 7.543124
131240 65.6200 0.564931 7.526163
131250 65.6250 0.562773 7.511087
131260 65.6300 0.560820 7.496922
131270 65.6350 0.558900 7.482556
131280 65.6400 0.556930 7.467410
131290 65.6450 0.554922 7.451594
131300 65.6500 0.552932 7.435591
131310 65.6550 0.551085 7.450359
131320 65.6600 0.549364 7.436055
131330 65.6650 0.547667 7.421769
131340 65.6700 0.546231 7.409577
131350 65.6750 0.544944 7.398577
131360 65.6800 0.543750 7.388330
131370 65.6850 0.542479 7.377388
131380 65.6900 0.541528 7.369185
131390 65.6950 0.540983 7.364474
131400 65.7000 0.540700 7.362032
131410 65.7050 0.540640 7.392028
131420 65.7100 0.540650 7.392119
131430 65.7150 0.540789 7.393321
131440 65.7200 0.540946 7.394673
131450 65.7250 0.541178 7.396677
131460 65.7300 0.541401 7.398600
131470 65.7350 0.541686 7.401056
131480 65.7400 0.542065 7.404324
131490 65.7450 0.542528 7.408311
131500 65.7500 0.543246 7.414471
131510 65.7550 0.544119 7.452015
131520 65.7600 0.544798 7.457808
131530 65.7650 0.545405 7.462953
131540 65.7700 0.546102 7.468840
131550 65.7750 0.546917 7.475688
131560 65.7800 0.547814 7.483173
131570 65.7850 0.548757 7.490977
131580 65.7900 0.549730 7.498956
131590 65.7950 0.550749 7.507227
131600 65.8000 0.551736 7.515150
131610 65.8050 0.552622 7.551416
131620 65.8100 0.553763 7.560327
131630 65.8150 0.555075 7.570383
131640 65.8200 0.556468 7.580814
131650 65.8250 0.557885 7.591150
131660 65.8300 0.559442 7.602176
131670 65.8350 0.561021 7.612984
131680 65.8400 0.562738 7.624270
131690 65.8450 0.564580 7.635828
131700 65.8500 0.566575 7.647658
131710 65.8550 0.568397 7.685974
131720 65.8600 0.570259 7.695618
131730 65.8650 0.572225 7.705000
131740 65.8700 0.574227 7.713675
131750 65.8750 0.576098 7.720949
131760 65.8800 0.578039 7.727631
131770 65.8850 0.579920 7.733241
131780 65.8900 0.581847 7.738086
131790 65.8950 0.583687 7.741846
131800 65.9000 0.585379 7.744545
131810 65.9050 0.587120 7.773956
131820 65.9100 0.588850 7.775118
131830 65.9150 0.590761 7.775446
131840 65.9200 0.592563 7.774830
131850 65.9250 0.594190 7.773497
131860 65.9300 0.595847 7.771377
131870 65.9350 0.597441 7.768609
131880 65.9400 0.598971 7.765278
131890 65.9450 0.600432 7.761480
131900 65.9500 0.601895 7.757074
131910 65.9550 0.603153 7.780119
131920 65.9600 0.604315 7.775753
131930 65.9650 0.605556 7.770647
131940 65.9700 0.606974 7.764269
131950 65.9750 0.608438 7.757062
131960 65.9800 0.609904 7.749223
131970 65.9850 0.611203 7.741750
131980 65.9900 0.612429 7.734251
131990 65.9950 0.613553 7.726999
132000 66.0000 0.614657 7.719524
132010 66.0050 0.615618 7.740337
132020 66.0100 0.616262 7.735633
132030 66.0150 0.616775 7.731788
132040 66.0200 0.617120 7.729170
132050 66.0250 0.617420 7.726853
132060 66.0300 0.617606 7.725406
132070 66.0350 0.617669 7.724914
132080 66.0400 0.617789 7.723977
132090 66.0450 0.618001 7.722301
132100 66.0500 0.617996 7.722343
132110 66.0550 0.617536 7.753550
132120 66.0600 0.616749 7.759573
132130 66.0650 0.615622 7.767873
132140 66.0700 0.614130 7.778260
132150 66.0750 0.612448 7.789148
132160 66.0800 0.610644 7.799849
132170 66.0850 0.608668 7.810410
132180 66.0900 0.606613 7.820094
132190 66.0950 0.604402 7.829042
132200 66.1000 0.602304 7.836113
132210 66.1050 0.600353 7.868161
132220 66.1100 0.598415 7.872228
132230 66.1150 0.596641 7.874890
132240 66.1200 0.594790 7.876595
132250 66.1250 0.592820 7.877214
132260 66.1300 0.590760 7.876554
132270 66.1350 0.588730 7.874614
132280 66.1400 0.586686 7.871382
132290 66.1450 0.584770 7.867208
132300 66.1500 0.582972 7.862303
132310 66.1550 0.581434 7.883883
132320 66.1600 0.579804 7.877866
132330 66.1650 0.578123 7.870854
132340 66.1700 0.576321 7.862449
132350 66.1750 0.574594 7.853553
132360 66.1800 0.573230 7.845961
132370 66.1850 0.572167 7.839706
132380 66.1900 0.571207 7.833807
132390 66.1950 0.570235 7.827603
132400 66.2000 0.569363 7.821833
132410 66.2050 0.568530 7.842989
132420 66.2100 0.567714 7.837255
132430 66.2150 0.566854 7.831036
132440 66.2200 0.566068 7.825195
132450 66.2250 0.565254 7.818999
132460 66.2300 0.564734 7.814965
132470 66.2350 0.564274 7.811345
132480 66.2400 0.563885 7.808238
132490 66.2450 0.563537 7.805439
132500 66.2500 0.563042 7.801412
132510 66.2550 0.562468 7.823662
132520 66.2600 0.561881 7.818735
132530 66.2650 0.561162 7.812605
132540 66.2700 0.560569 7.807465
132550 66.2750 0.560131 7.803623
132560 66.2800 0.559635 7.799227
132570 66.2850 0.559238 7.795667
132580 66.2900 0.558866 7.792309
132590 66.2950 0.558807 7.791774
132600 66.3000 0.558709 7.790881
132610 66.3050 0.558602 7.816978
132620 66.3100 0.558488 7.815933
132630 66.3150 0.558383 7.814979
132640 66.3200 0.558146 7.812792
132650 66.3250 0.557831 7.809881
132660 66.3300 0.557545 7.807222
132670 66.3350 0.557432 7.806160
132680 66.3400 0.557478 7.806595
132690 66.3450 0.557606 7.807787
132700 66.3500 0.557910 7.810619
132710 66.3550 0.558204 7.840253
132720 66.3600 0.558651 7.844342
132730 66.3650 0.559022 7.847705
132740 66.3700 0.559430 7.851370
132750 66.3750 0.559672 7.853528
132760 66.3800 0.559840 7.855017
132770 66.3850 0.560014 7.856549
132780 66.3900 0.560174 7.857956
132790 66.3950 0.560162 7.857851
132800 66.4000 0.560275 7.858844
132810 66.4050 0.560492 7.887298
132820 66.4100 0.560740 7.889441
132830 66.4150 0.560977 7.891480
132840 66.4200 0.561295 7.894195
132850 66.4250 0.561705 7.897666
132860 66.4300 0.562243 7.902142
132870 66.4350 0.562899 7.907510
132880 66.4400 0.563747 7.914286
132890 66.4450 0.564739 7.921975
132900 66.4500 0.565864 7.930378
132910 66.4550 0.567046 7.964856
132920 66.4600 0.568282 7.973253
132930 66.4650 0.569502 7.981100
132940 66.4700 0.570599 7.987764
132950 66.4750 0.571634 7.993717
132960 66.4800 0.572535 7.998620
132970 66.4850 0.573298 8.002571
132980 66.4900 0.573997 8.006031
132990 66.4950 0.574713 8.009406
133000 66.5000 0.575591 8.013320
133010 66.5050 0.576412 8.042181
133020 66.5100 0.577053 8.044695
133030 66.5150 0.577707 8.047115
133040 66.5200 0.578395 8.049498
133050 66.5250 0.578946 8.051287
133060 66.5300 0.579468 8.052887
133070 66.5350 0.580194 8.054950
133080 66.5400 0.580940 8.056874
133090 66.5450 0.581740 8.058718
133100 66.5500 0.582643 8.060525
133110 66.5550 0.583532 8.087118
133120 66.5600 0.584586 8.088503
133130 66.5650 0.585674 8.089498
133140 66.5700 0.586905 8.090091
133150 66.5750 0.588166 8.090109
133160 66.5800 0.589601 8.089402
133170 66.5850 0.591195 8.087707
133180 66.5900 0.592921 8.084793
133190 66.5950 0.594560 8.080988
133200 66.6000 0.596290 8.075880
133210 66.6050 0.598104 8.094302
133220 66.6100 0.600017 8.086010
133230 66.6150 0.601885 8.076581
133240 66.6200 0.603720 8.066043
133250 66.6250 0.605450 8.054967
133260 66.6300 0.607278 8.042080
133270 66.6350 0.609156 8.027582
133280 66.6400 0.611073 8.011489
133290 66.6450 0.613081 7.993263
133300 66.6500 0.615159 7.972964
133310 66.6550 0.617074 7.978674
133320 66.6600 0.619156 7.955514
133330 66.6650 0.621280 7.930434
133340 66.6700 0.623419 7.903706
133350 66.6750 0.625514 7.876151
133360 66.6800 0.627399 7.850229
133370 66.6850 0.628973 7.827787
133380 66.6900 0.630411 7.806662
133390 66.6950 0.631748 7.786501
133400 66.7000 0.633251 7.763247
133410 66.7050 0.634692 7.767653
133420 66.7100 0.636029 7.745925
133430 66.7150 0.637097 7.728224
133440 66.7200 0.638146 7.710559
133450 66.7250 0.639245 7.691739
133460 66.7300 0.640270 7.673903
133470 66.7350 0.641282 7.656041
133480 66.7400 0.642227 7.639152
133490 66.7450 0.642771 7.629323
133500 66.7500 0.643189 7.621727
133510 66.7550 0.643425 7.645799
133520 66.7600 0.643490 7.644598
133530 66.7650 0.643505 7.644333
133540 66.7700 0.643389 7.646455
133550 66.7750 0.643220 7.649534
133560 66.7800 0.643061 7.652425
133570 66.7850 0.642730 7.658447
133580 66.7900 0.642341 7.665466
133590 66.7950 0.641569 7.679308
133600 66.8000 0.640657 7.695454
133610 66.8050 0.639614 7.741451
133620 66.8100 0.638522 7.760190
133630 66.8150 0.637399 7.779096
133640 66.8200 0.636329 7.796806
133650 66.8250 0.635170 7.815593
133660 66.8300 0.634147 7.831863
133670 66.8350 0.633193 7.846739
133680 66.8400 0.632224 7.861592
133690 66.8450 0.631152 7.877675
133700 66.8500 0.630323 7.889876
133710 66.8550 0.629417 7.929289
133720 66.8600 0.628539 7.941708
133730 66.8650 0.627564 7.955194
133740 66.8700 0.626572 7.968607
133750 66.8750 0.625450 7.983369
133760 66.8800 0.624377 7.997076
133770 66.8850 0.623283 8.010658
133780 66.8900 0.622077 8.025129
133790 66.8950 0.620941 8.038300
133800 66.9000 0.619818 8.050855
133810 66.9050 0.618689 8.088197
133820 66.9100 0.617666 8.098801
133830 66.9150 0.616739 8.108074
133840 66.9200 0.615954 8.115661
133850 66.9250 0.615091 8.123742
133860 66.9300 0.614374 8.130227
133870 66.9350 0.613766 8.135576
133880 66.9400 0.613252 8.139990
133890 66.9450 0.612713 8.144500
133900 66.9500 0.612331 8.147627
133910 66.9550 0.611985 8.174910
133920 66.9600 0.611589 8.178035
133930 66.9650 0.611209 8.180979
133940 66.9700 0.610610 8.185495
133950 66.9750 0.609839 8.191096
133960 66.9800 0.609135 8.195999
133970 66.9850 0.608444 8.200606
133980 66.9900 0.607501 8.206583
133990 66.9950 0.606258 8.213904
134000 67.0000 0.605040 8.220455
134010 67.0050 0.603799 8.250498
134020 67.0100 0.602513 8.256054
134030 67.0150 0.601208 8.260974
134040 67.0200 0.599850 8.265320
134050 67.0250 0.598466 8.268933
134060 67.0300 0.597280 8.271378
134070 67.0350 0.596255 8.273008
134080 67.0400 0.595529 8.273890
134090 67.0450 0.594725 8.274605
134100 67.0500 0.593834 8.275075
134110 67.0550 0.592888 8.298845
134120 67.0600 0.591923 8.298575
134130 67.0650 0.590782 8.297739
134140 67.0700 0.589521 8.296165
134150 67.0750 0.588265 8.293926
134160 67.0800 0.587133 8.291336
134170 67.0850 0.586013 8.288242
134180 67.0900 0.584949 8.284823
134190 67.0950 0.583742 8.280377
134200 67.1000 0.582528 8.275308
134210 67.1050 0.581374 8.293569
134220 67.1100 0.580371 8.288460
134230 67.1150 0.579334 8.282747
134240 67.1200 0.578553 8.278157
134250 67.1250 0.577835 8.273730
134260 67.1300 0.577034 8.268557
134270 67.1350 0.576264 8.263348
134280 67.1400 0.575304 8.256536
134290 67.1450 0.574487 8.250464
134300 67.1500 0.573696 8.244353
134310 67.1550 0.572957 8.262278
134320 67.1600 0.572348 8.257248
134330 67.1650 0.571640 8.251232
134340 67.1700 0.570732 8.243253
134350 67.1750 0.569505 8.232004
134360 67.1800 0.567901 8.216511
134370 67.1850 0.566026 8.197317
134380 67.1900 0.563962 8.174900
134390 67.1950 0.561957 8.151896
134400 67.2000 0.559976 8.128054
134410 67.2050 0.557815 8.125476
134420 67.2100 0.555476 8.094693
134430 67.2150 0.553127 8.062509
134440 67.2200 0.550617 8.026891
134450 67.2250 0.547811 7.985744
134460 67.2300 0.544890 7.941684
134470 67.2350 0.541910 7.895736
134480 67.2400 0.538990 7.850018
134490 67.2450 0.535794 7.799537
134500 67.2500 0.532314 7.744445
134510 67.2550 0.528644 7.714070
134520 67.2600 0.525071 7.658491
134530 67.2650 0.521371 7.602147
134540 67.2700 0.517764 7.548848
134550 67.2750 0.514137 7.497280
134560 67.2800 0.510243 7.444554
134570 67.2850 0.506228 7.393426
134580 67.2900 0.502246 7.346240
134590 67.2950 0.498198 7.302077
134600 67.3000 0.494338 7.263617
134610 67.3050 0.490508 7.260273
134620 67.3100 0.486874 7.230328
134630 67.3150 0.483435 7.204559
134640 67.3200 0.479927 7.180664
134650 67.3250 0.476588 7.159977
134660 67.3300 0.473392 7.141843
134670 67.3350 0.470249 7.125388
134680 67.3400 0.467224 7.110641
134690 67.3450 0.464434 7.097799
134700 67.3500 0.462037 7.087228
134710 67.3550 0.459823 7.110661
134720 67.3600 0.457800 7.102073
134730 67.3650 0.455828 7.093732
134740 67.3700 0.453936 7.085721
134750 67.3750 0.452372 7.079049
134760 67.3800 0.450775 7.072164
134770 67.3850 0.449356 7.065971
134780 67.3900 0.448190 7.060813
134790 67.3950 0.447513 7.057782
134800 67.4000 0.447197 7.056365
134810 67.4050 0.447178 7.089515
134820 67.4100 0.447433 7.090664
134830 67.4150 0.448024 7.093308
134840 67.4200 0.448996 7.097605
134850 67.4250 0.450274 7.103167
134860 67.4300 0.452058 7.110785
134870 67.4350 0.454291 7.120132
134880 67.4400 0.456703 7.130077
134890 67.4450 0.459171 7.140186
134900 67.4500 0.461841 7.151179
134910 67.4550 0.464782 7.195834
134920 67.4600 0.467867 7.209083
134930 67.4650 0.471336 7.224704
134940 67.4700 0.475078 7.242782
134950 67.4750 0.479255 7.264937
134960 67.4800 0.483687 7.291264
134970 67.4850 0.488389 7.322931
134980 67.4900 0.493258 7.360299
134990 67.4950 0.498316 7.404427
135000 67.5000 0.503543 7.455882
135010 67.5050 0.508947 7.544785
135020 67.5100 0.514503 7.611344
135030 67.5150 0.520224 7.685115
135040 67.5200 0.526163 7.766005
135050 67.5250 0.532173 7.850639
135060 67.5300 0.538250 7.937001
135070 67.5350 0.544235 8.020638
135080 67.5400 0.550043 8.098323
135090 67.5450 0.555732 8.169101
135100 67.5500 0.561291 8.231395
135110 67.5550 0.566758 8.308298
135120 67.5600 0.571949 8.349598
135130 67.5650 0.577043 8.380638
135140 67.5700 0.581803 8.400474
135150 67.5750 0.586440 8.410807
135160 67.5800 0.591009 8.411999
135170 67.5850 0.595444 8.404445
135180 67.5900 0.599770 8.388741
135190 67.5950 0.603877 8.366244
135200 67.6000 0.607922 8.336942
135210 67.6050 0.611672 8.326737
135220 67.6100 0.615380 8.287825
135230 67.6150 0.619114 8.242954
135240 67.6200 0.622892 8.191946
135250 67.6250 0.626604 8.136611
135260 67.6300 0.630445 8.074159
135270 67.6350 0.634343 8.005678
135280 67.6400 0.638375 7.929803
135290 67.6450 0.642361 7.850112
135300 67.6500 0.646345 7.766148
135310 67.6550 0.650183 7.708715
135320 67.6600 0.653918 7.622911
135330 67.6650 0.657587 7.535630
135340 67.6700 0.661399 7.442056
135350 67.6750 0.665094 7.348773
135360 67.6800 0.668636 7.257128
135370 67.6850 0.672152 7.164208
135380 67.6900 0.675639 7.070200
135390 67.6950 0.679032 6.977078
135400 67.7000 0.682405 6.882912
135410 67.7050 0.685630 6.826272
135420 67.7100 0.688682 6.738239
135430 67.7150 0.691447 6.657277
135440 67.7200 0.694063 6.579615
135450 67.7250 0.696586 6.503705
135460 67.7300 0.698960 6.431373
135470 67.7350 0.701053 6.366849
135480 67.7400 0.702895 6.309453
135490 67.7450 0.704626 6.254990
135500 67.7500 0.706250 6.203410
135510 67.7550 0.707869 6.193661
135520 67.7600 0.709416 6.143573
135530 67.7650 0.710548 6.106602
135540 67.7700 0.711552 6.073572
135550 67.7750 0.712517 6.041624
135560 67.7800 0.713305 6.015423
135570 67.7850 0.714060 5.990167
135580 67.7900 0.714473 5.976297
135590 67.7950 0.714674 5.969523
135600 67.8000 0.714554 5.973554
135610 67.8050 0.714275 6.027934
135620 67.8100 0.713842 6.042439
135630 67.8150 0.713147 6.065647
135640 67.8200 0.712351 6.092083
135650 67.8250 0.711498 6.120260
135660 67.8300 0.710376 6.157057
135670 67.8350 0.709025 6.201005
135680 67.8400 0.707511 6.249755
135690 67.8450 0.705761 6.305471
135700 67.8500 0.703802 6.367072
135710 67.8550 0.701666 6.473609
135720 67.8600 0.699315 6.545361
135730 67.8650 0.696814 6.620419
135740 67.8700 0.694099 6.700440
135750 67.8750 0.691427 6.777742
135760 67.8800 0.688693 6.855437
135770 67.8850 0.685828 6.935340
135780 67.8900 0.682781 7.018657
135790 67.8950 0.679633 7.102978
135800 67.9000 0.676434 7.186828
135810 67.9050 0.673066 7.305098
135820 67.9100 0.669374 7.397097
135830 67.9150 0.665451 7.491896
135840 67.9200 0.661363 7.587359
135850 67.9250 0.657172 7.681552
135860 67.9300 0.653161 7.768032
135870 67.9350 0.649123 7.851286
135880 67.9400 0.645132 7.929577
135890 67.9450 0.641025 8.005743
135900 67.9500 0.636799 8.079167
135910 67.9550 0.632417 8.174550
135920 67.9600 0.628017 8.238915
135930 67.9650 0.623644 8.296251
135940 67.9700 0.619306 8.346248
135950 67.9750 0.615192 8.387067
135960 67.9800 0.611167 8.420557
135970 67.9850 0.607150 8.447432
135980 67.9900 0.602876 8.468696
135990 67.9950 0.598586 8.482326
136000 68.0000 0.594356 8.488145
136010 68.0050 0.590247 8.508778
136020 68.0100 0.586156 8.500015
136030 68.0150 0.582074 8.484342
136040 68.0200 0.578014 8.462120
136050 68.0250 0.574102 8.434729
136060 68.0300 0.570069 8.400709
136070 68.0350 0.566047 8.361369
136080 68.0400 0.561955 8.316284
136090 68.0450 0.557737 8.265089
136100 68.0500 0.553526 8.209885
136110 68.0550 0.549612 8.179530
136120 68.0600 0.545622 8.121547
136130 68.0650 0.541484 8.059462
136140 68.0700 0.537276 7.995072
136150 68.0750 0.533156 7.931561
136160 68.0800 0.529077 7.868962
136170 68.0850 0.525177 7.809997
136180 68.0900 0.521137 7.750410
136190 68.0950 0.516994 7.691465
136200 68.1000 0.513086 7.638335
136210 68.1050 0.509408 7.619019
136220 68.1100 0.505788 7.574689
136230 68.1150 0.502245 7.533822
136240 68.1200 0.498877 7.497407
136250 68.1250 0.495600 7.464250
136260 68.1300 0.492298 7.433129
136270 68.1350 0.489201 7.405950
136280 68.1400 0.486191 7.381339
136290 68.1450 0.483525 7.360939
136300 68.1500 0.481249 7.344495
136310 68.1550 0.479253 7.361398
136320 68.1600 0.477376 7.348954
136330 68.1650 0.475613 7.337663
136340 68.1700 0.474176 7.328721
136350 68.1750 0.473146 7.322450
136360 68.1800 0.472234 7.316978
136370 68.1850 0.471362 7.311815
136380 68.1900 0.470702 7.307952
136390 68.1950 0.470230 7.305211
136400 68.2000 0.469818 7.302827
136410 68.2050 0.469508 7.332075
136420 68.2100 0.469283 7.330782
136430 68.2150 0.469410 7.331512
136440 68.2200 0.469804 7.333778
136450 68.2250 0.470389 7.337155
136460 68.2300 0.471216 7.341974
136470 68.2350 0.472347 7.348635
136480 68.2400 0.473633 7.356338
136490 68.2450 0.475098 7.365286
136500 68.2500 0.476800 7.375948
136510 68.2550 0.478503 7.417311
136520 68.2600 0.480461 7.430308
136530 68.2650 0.482558 7.444736
136540 68.2700 0.484909 7.461604
136550 68.2750 0.487412 7.480438
136560 68.2800 0.490138 7.502065
136570 68.2850 0.493048 7.526515
136580 68.2900 0.496180 7.554487
136590 68.2950 0.499595 7.587022
136600 68.3000 0.503148 7.623165
136610 68.3050 0.506855 7.691630
136620 68.3100 0.510731 7.736012
136630 68.3150 0.514677 7.783603
136640 68.3200 0.518956 7.837641
136650 68.3250 0.523256 7.894091
136660 68.3300 0.527474 7.951051
136670 68.3350 0.531720 8.009382
136680 68.3400 0.535797 8.065748
136690 68.3450 0.539713 8.119628
136700 68.3500 0.543475 8.170623
136710 68.3550 0.547318 8.245666
136720 68.3600 0.551079 8.293334
136730 68.3650 0.554833 8.338452
136740 68.3700 0.558771 8.382631
136750 68.3750 0.562723 8.423191
136760 68.3800 0.566685 8.459530
136770 68.3850 0.570550 8.490380
136780 68.3900 0.574186 8.514898
136790 68.3950 0.577325 8.532324
136800 68.4000 0.580580 8.546566
136810 68.4050 0.583785 8.578506
136820 68.4100 0.587074 8.584500
136830 68.4150 0.590493 8.586019
136840 68.4200 0.594091 8.582358
136850 68.4250 0.597558 8.573687
136860 68.4300 0.600711 8.561415
136870 68.4350 0.603845 8.545095
136880 68.4400 0.606712 8.526601
136890 68.4450 0.609353 8.506596
136900 68.4500 0.611932 8.484341
136910 68.4550 0.614536 8.481484
136920 68.4600 0.617459 8.450045
136930 68.4650 0.620441 8.414590
136940 68.4700 0.623545 8.374143
136950 68.4750 0.626726 8.329089
136960 68.4800 0.629958 8.279712
136970 68.4850 0.632920 8.231421
136980 68.4900 0.635762 8.182453
136990 68.4950 0.638578 8.131522
137000 68.5000 0.641159 8.082789
137010 68.5050 0.643677 8.058365
137020 68.5100 0.646299 8.005100
137030 68.5150 0.648980 7.948723
137040 68.5200 0.651673 7.890252
137050 68.5250 0.654318 7.831078
137060 68.5300 0.656914 7.771436
137070 68.5350 0.659394 7.713019
137080 68.5400 0.662215 7.644952
137090 68.5450 0.664854 7.579789
137100 68.5500 0.667423 7.514977
137110 68.5550 0.670072 7.476019
137120 68.5600 0.672488 7.412575
137130 68.5650 0.674648 7.354844
137140 68.5700 0.676814 7.296056
137150 68.5750 0.678858 7.239759
137160 68.5800 0.680928 7.181901
137170 68.5850 0.682903 7.125926
137180 68.5900 0.684971 7.066524
137190 68.5950 0.687090 7.004786
137200 68.6000 0.689032 6.947475
137210 68.6050 0.690962 6.924007
137220 68.6100 0.693006 6.861980
137230 68.6150 0.694911 6.803400
137240 68.6200 0.696755 6.745935
137250 68.6250 0.698378 6.694746
137260 68.6300 0.700031 6.642017
137270 68.6350 0.701635 6.590258
137280 68.6400 0.703238 6.537945
137290 68.6450 0.704872 6.484022
137300 68.6500 0.706385 6.433550
137310 68.6550 0.707824 6.424564
137320 68.6600 0.709227 6.376739
137330 68.6650 0.710608 6.329163
137340 68.6700 0.711922 6.283431
137350 68.6750 0.712945 6.247529
137360 68.6800 0.713814 6.216800
137370 68.6850 0.714505 6.192255
137380 68.6900 0.715070 6.172072
137390 68.6950 0.715600 6.153030
137400 68.7000 0.715799 6.145891
137410 68.7050 0.715717 6.191716
137420 68.7100 0.715428 6.202117
137430 68.7150 0.714918 6.220355
137440 68.7200 0.714349 6.240669
137450 68.7250 0.713714 6.263208
137460 68.7300 0.712992 6.288698
137470 68.7350 0.711985 6.323996
137480 68.7400 0.710657 6.370126
137490 68.7450 0.709100 6.423587
137500 68.7500 0.707227 6.487039
137510 68.7550 0.705140 6.595527
137520 68.7600 0.702844 6.670635
137530 68.7650 0.700403 6.748843
137540 68.7700 0.697863 6.828553
137550 68.7750 0.695290 6.907549
137560 68.7800 0.692696 6.985466
137570 68.7850 0.690032 7.063704
137580 68.7900 0.687059 7.148934
137590 68.7950 0.683922 7.236576
137600 68.8000 0.680839 7.320410
137610 68.8050 0.677542 7.438453
137620 68.8100 0.674112 7.526336
137630 68.8150 0.670570 7.614147
137640 68.8200 0.667068 7.698026
137650 68.8250 0.663605 7.778115
137660 68.8300 0.660245 7.853033
137670 68.8350 0.657092 7.920861
137680 68.8400 0.654081 7.983337
137690 68.8450 0.651169 8.041564
137700 68.8500 0.648226 8.098187
137710 68.8550 0.645361 8.175915
137720 68.8600 0.642596 8.224739
137730 68.8650 0.639710 8.273354
137740 68.8700 0.636580 8.323254
137750 68.8750 0.633309 8.372167
137760 68.8800 0.630139 8.416320
137770 68.8850 0.627128 8.455211
137780 68.8900 0.624198 8.490103
137790 68.8950 0.621433 8.520294
137800 68.9000 0.618727 8.547197
137810 68.9050 0.615921 8.594156
137820 68.9100 0.613158 8.615886
137830 68.9150 0.610545 8.633725
137840 68.9200 0.608083 8.648073
137850 68.9250 0.605540 8.660362
137860 68.9300 0.603056 8.669864
137870 68.9350 0.600498 8.677048
137880 68.9400 0.597970 8.681544
137890 68.9450 0.595571 8.683418
137900 68.9500 0.592952 8.682810
137910 68.9550 0.590311 8.700475
137920 68.9600 0.587598 8.694006
137930 68.9650 0.584909 8.684695
137940 68.9700 0.582394 8.673417
137950 68.9750 0.580000 8.660438
137960 68.9800 0.577681 8.645824
137970 68.9850 0.575350 8.629174
137980 68.9900 0.572973 8.610235
137990 68.9950 0.570631 8.589724
138000 69.0000 0.568507 8.569599
138010 69.0050 0.566479 8.570856
138020 69.0100 0.564701 8.551839
138030 69.0150 0.562971 8.532483
138040 69.0200 0.561240 8.512297
138050 69.0250 0.559462 8.490757
138060 69.0300 0.557698 8.468628
138070 69.0350 0.556023 8.446966
138080 69.0400 0.554329 8.424468
138090 69.0450 0.552751 8.403000
138100 69.0500 0.551142 8.380647
138110 69.0550 0.549496 8.380289
138120 69.0600 0.547813 8.356008
138130 69.0650 0.546193 8.332284
138140 69.0700 0.544627 8.309023
138150 69.0750 0.542939 8.283669
138160 69.0800 0.541201 8.257296
138170 69.0850 0.539530 8.231729
138180 69.0900 0.537983 8.207929
138190 69.0950 0.536632 8.187058
138200 69.1000 0.535340 8.167054
138210 69.1050 0.533965 8.170114
138220 69.1100 0.532561 8.148332
138230 69.1150 0.531169 8.126745
138240 69.1200 0.529748 8.104742
138250 69.1250 0.528299 8.082357
138260 69.1300 0.526798 8.059278
138270 69.1350 0.525479 8.039105
138280 69.1400 0.524359 8.022060
138290 69.1450 0.523403 8.007588
138300 69.1500 0.522491 7.993860
138310 69.1550 0.521692 8.007475
138320 69.1600 0.521089 7.998468
138330 69.1650 0.520413 7.988424
138340 69.1700 0.519968 7.981831
138350 69.1750 0.519494 7.974835
138360 69.1800 0.519055 7.968377
138370 69.1850 0.518474 7.959861
138380 69.1900 0.517782 7.949760
138390 69.1950 0.517103 7.939921
138400 69.2000 0.516839 7.936102
138410 69.2050 0.516804 7.961590
138420 69.2100 0.516572 7.958241
138430 69.2150 0.516290 7.954182
138440 69.2200 0.515810 7.947294
138450 69.2250 0.515418 7.941685
138460 69.2300 0.515267 7.939530
138470 69.2350 0.515344 7.940637
138480 69.2400 0.515534 7.943346
138490 69.2450 0.515623 7.944623
138500 69.2500 0.515952 7.949326
138510 69.2550 0.516329 7.980642
138520 69.2600 0.516752 7.986729
138530 69.2650 0.517191 7.993072
138540 69.2700 0.517674 8.000062
138550 69.2750 0.518357 8.009999
138560 69.2800 0.519246 8.022992
138570 69.2850 0.520090 8.035385
138580 69.2900 0.520858 8.046716
138590 69.2950 0.521457 8.055584
138600 69.3000 0.521864 8.061627
138610 69.3050 0.522211 8.091869
138620 69.3100 0.522650 8.098409
138630 69.3150 0.523018 8.103892
138640 69.3200 0.523439 8.110163
138650 69.3250 0.524065 8.119523
138660 69.3300 0.524692 8.128907
138670 69.3350 0.525383 8.139271
138680 69.3400 0.526200 8.151526
138690 69.3450 0.527215 8.166780
138700 69.3500 0.528042 8.179233
138710 69.3550 0.528880 8.216118
138720 69.3600 0.529860 8.230856
138730 69.3650 0.530881 8.246191
138740 69.3700 0.531850 8.260717
138750 69.3750 0.532883 8.276169
138760 69.3800 0.534048 8.293528
138770 69.3850 0.535234 8.311133
138780 69.3900 0.536530 8.330261
138790 69.3950 0.537876 8.349976
138800 69.4000 0.539435 8.372627
138810 69.4050 0.540875 8.416318
138820 69.4100 0.542222 8.435427
138830 69.4150 0.543563 8.454197
138840 69.4200 0.544679 8.469619
138850 69.4250 0.545701 8.483556
138860 69.4300 0.546496 8.494281
138870 69.4350 0.547152 8.503053
138880 69.4400 0.547844 8.512216
138890 69.4450 0.548414 8.519699
138900 69.4500 0.548832 8.525143
138910 69.4550 0.549348 8.553854
138920 69.4600 0.549801 8.559667
138930 69.4650 0.550099 8.563469
138940 69.4700 0.550340 8.566536
138950 69.4750 0.550506 8.568625
138960 69.4800 0.550619 8.570059
138970 69.4850 0.550889 8.573455
138980 69.4900 0.551195 8.577278
138990 69.4950 0.551259 8.578077
139000 69.5000 0.551045 8.575406
139010 69.5050 0.550865 8.594891
139020 69.5100 0.550592 8.591459
139030 69.5150 0.550203 8.586532
139040 69.5200 0.549673 8.579771
139050 69.5250 0.549263 8.574489
139060 69.5300 0.548782 8.568259
139070 69.5350 0.548026 8.558355
139080 69.5400 0.547372 8.549685
139090 69.5450 0.546771 8.541661
139100 69.5500 0.546201 8.533974
139110 69.5550 0.545586 8.547605
139120 69.5600 0.545206 8.542397
139130 69.5650 0.544810 8.536945
139140 69.5700 0.544581 8.533771
139150 69.5750 0.544477 8.532328
139160 69.5800 0.544464 8.532151
139170 69.5850 0.544449 8.531943
139180 69.5900 0.544357 8.530659
139190 69.5950 0.544386 8.531073
139200 69.6000 0.544511 8.532798
139210 69.6050 0.544619 8.556304
139220 69.6100 0.544750 8.558110
139230 69.6150 0.544889 8.560026
139240 69.6200 0.545118 8.563182
139250 69.6250 0.545370 8.566637
139260 69.6300 0.545581 8.569529
139270 69.6350 0.545996 8.575178
139280 69.6400 0.546505 8.582047
139290 69.6450 0.546886 8.587162
139300 69.6500 0.547101 8.590039
139310 69.6550 0.547263 8.613848
139320 69.6600 0.547324 8.614654
139330 69.6650 0.547481 8.616737
139340 69.6700 0.547464 8.616510
139350 69.6750 0.547316 8.614551
139360 69.6800 0.547329 8.614722
139370 69.6850 0.547562 8.617805
139380 69.6900 0.547763 8.620462
139390 69.6950 0.547958 8.623034
139400 69.7000 0.548046 8.624189
139410 69.7050 0.548358 8.649709
139420 69.7100 0.548765 8.654993
139430 69.7150 0.549254 8.661289
139440 69.7200 0.549752 8.667645
139450 69.7250 0.550207 8.673386
139460 69.7300 0.550828 8.681147
139470 69.7350 0.551737 8.692319
139480 69.7400 0.552717 8.704111
139490 69.7450 0.553605 8.714558
139500 69.7500 0.554322 8.722837
139510 69.7550 0.555018 8.751577
139520 69.7600 0.556105 8.763590
139530 69.7650 0.557371 8.777122
139540 69.7700 0.558477 8.788522
139550 69.7750 0.559606 8.799743
139560 69.7800 0.561038 8.813350
139570 69.7850 0.562485 8.826381
139580 69.7900 0.564073 8.839831
139590 69.7950 0.565687 8.852566
139600 69.8000 0.567391 8.864966
139610 69.8050 0.569076 8.896182
139620 69.8100 0.570792 8.906418
139630 69.8150 0.572564 8.915756
139640 69.8200 0.574045 8.922586
139650 69.8250 0.575368 8.927935
139660 69.8300 0.576602 8.932273
139670 69.8350 0.577787 8.935850
139680 69.8400 0.579024 8.938961
139690 69.8450 0.580165 8.941268
139700 69.8500 0.581390 8.943137
139710 69.8550 0.582968 8.964226
139720 69.8600 0.584594 8.964633
139730 69.8650 0.586053 8.964037
139740 69.8700 0.587730 8.962232
139750 69.8750 0.589567 8.958884
139760 69.8800 0.591577 8.953585
139770 69.8850 0.593516 8.946865
139780 69.8900 0.595481 8.938455
139790 69.8950 0.597410 8.928656
139800 69.9000 0.599252 8.917888
139810 69.9050 0.601066 8.925689
139820 69.9100 0.602902 8.912239
139830 69.9150 0.604669 8.898028
139840 69.9200 0.606648 8.880654
139850 69.9250 0.608844 8.859624
139860 69.9300 0.611076 8.836397
139870 69.9350 0.613112 8.813608
139880 69.9400 0.615034 8.790735
139890 69.9450 0.617230 8.763038
139900 69.9500 0.619389 8.734194
139910 69.9550 0.621601 8.723839
139920 69.9600 0.623594 8.694385
139930 69.9650 0.625410 8.666432
139940 69.9700 0.627284 8.636521
139950 69.9750 0.629040 8.607527
139960 69.9800 0.630934 8.575219
139970 69.9850 0.632933 8.540023
139980 69.9900 0.635185 8.499012
139990 69.9950 0.637404 8.457256
140000 70.0000 0.639509 8.416462
140010 70.0050 0.641620 8.397108
140020 70.0100 0.643610 8.356405
140030 70.0150 0.645458 8.317704
140040 70.0200 0.647537 8.273185
140050 70.0250 0.649706 8.225628
140060 70.0300 0.651828 8.178033
140070 70.0350 0.653810 8.132671
140080 70.0400 0.655857 8.084883
140090 70.0450 0.657870 8.036993
140100 70.0500 0.659708 7.992502
140110 70.0550 0.661422 7.975912
140120 70.0600 0.663189 7.931771
140130 70.0650 0.665112 7.882950
140140 70.0700 0.667084 7.832050
140150 70.0750 0.669108 7.778917
140160 70.0800 0.671269 7.721237
140170 70.0850 0.673413 7.662981
140180 70.0900 0.675320 7.610331
140190 70.0950 0.677208 7.557451
140200 70.1000 0.679234 7.499819
140210 70.1050 0.681270 7.470327
140220 70.1100 0.683339 7.409530
140230 70.1150 0.685649 7.340489
140240 70.1200 0.687963 7.270031
140250 70.1250 0.690254 7.198991
140260 70.1300 0.692506 7.127900
140270 70.1350 0.694629 7.059742
140280 70.1400 0.696769 6.989894
140290 70.1450 0.698706 6.925663
140300 70.1500 0.700614 6.861424
140310 70.1550 0.702270 6.839981
140320 70.1600 0.703780 6.787778
140330 70.1650 0.705364 6.732313
140340 70.1700 0.706969 6.675353
140350 70.1750 0.708583 6.617382
140360 70.1800 0.710285 6.555402
140370 70.1850 0.712109 6.488047
140380 70.1900 0.713894 6.421207
140390 70.1950 0.715597 6.356549
140400 70.2000 0.717287 6.291577
140410 70.2050 0.718975 6.266947
140420 70.2100 0.720541 6.205125
140430 70.2150 0.722092 6.143134
140440 70.2200 0.723332 6.093023
140450 70.2250 0.724333 6.052231
140460 70.2300 0.725090 6.021211
140470 70.2350 0.725681 5.996829
140480 70.2400 0.726145 5.977648
140490 70.2450 0.726524 5.961891
140500 70.2500 0.726636 5.957243
140510 70.2550 0.726700 5.999763
140520 70.2600 0.726747 5.997819
140530 70.2650 0.726842 5.993848
140540 70.2700 0.726683 6.000472
140550 70.2750 0.726284 6.017050
140560 70.2800 0.725650 6.043287
140570 70.2850 0.724723 6.081449
140580 70.2900 0.723675 6.124200
140590 70.2950 0.722529 6.170590
140600 70.3000 0.721344 6.218066
140610 70.3050 0.720243 6.303767
140620 70.3100 0.718932 6.355266
140630 70.3150 0.717190 6.422735
140640 70.3200 0.715351 6.492847
140650 70.3250 0.713618 6.557886
140660 70.3300 0.711957 6.619202
140670 70.3350 0.710359 6.677347
140680 70.3400 0.708865 6.730905
140690 70.3450 0.707253 6.787865
140700 70.3500 0.705729 6.840925
140710 70.3550 0.704185 6.929206
140720 70.3600 0.702405 6.989270
140730 70.3650 0.700367 7.056729
140740 70.3700 0.698540 7.116040
140750 70.3750 0.696422 7.183463
140760 70.3800 0.694156 7.254060
140770 70.3850 0.691794 7.325912
140780 70.3900 0.689488 7.394477
140790 70.3950 0.687311 7.457773
140800 70.4000 0.685230 7.517004
140810 70.4050 0.683073 7.606330
140820 70.4100 0.680839 7.667157
140830 70.4150 0.678623 7.726173
140840 70.4200 0.676600 7.778850
140850 70.4250 0.674751 7.826087
140860 70.4300 0.672916 7.872068
140870 70.4350 0.671153 7.915440
140880 70.4400 0.669246 7.961456
140890 70.4450 0.667336 8.006677
140900 70.4500 0.665135 8.057669
140910 70.4550 0.663024 8.130589
140920 70.4600 0.660881 8.178004
140930 70.4650 0.658779 8.223406
140940 70.4700 0.656627 8.268794
140950 70.4750 0.654381 8.314969
140960 70.4800 0.652280 8.357065
140970 70.4850 0.650259 8.396560
140980 70.4900 0.648353 8.432895
140990 70.4950 0.646632 8.464956
141000 70.5000 0.645097 8.492951
141010 70.5050 0.643718 8.539859
141020 70.5100 0.642147 8.567336
141030 70.5150 0.640688 8.592298
141040 70.5200 0.639312 8.615334
141050 70.5250 0.637886 8.638693
141060 70.5300 0.636364 8.663018
141070 70.5350 0.634801 8.687349
141080 70.5400 0.633122 8.712760
141090 70.5450 0.631403 8.737965
141100 70.5500 0.629710 8.761986
141110 70.5550 0.627854 8.807994
141120 70.5600 0.626019 8.832084
141130 70.5650 0.624181 8.855180
141140 70.5700 0.622535 8.874987
141150 70.5750 0.620831 8.894587
141160 70.5800 0.619403 8.910309
141170 70.5850 0.618098 8.924090
141180 70.5900 0.616811 8.937141
141190 70.5950 0.615391 8.950893
141200 70.6000 0.614067 8.963110
141210 70.6050 0.612603 8.995418
141220 70.6100 0.610963 9.008855
141230 70.6150 0.609455 9.020354
141240 70.6200 0.608057 9.030282
141250 70.6250 0.606532 9.040290
141260 70.6300 0.605049 9.049190
141270 70.6350 0.603521 9.057494
141280 70.6400 0.601858 9.065517
141290 70.6450 0.599988 9.073271
141300 70.6500 0.598297 9.079108
141310 70.6550 0.596803 9.102202
141320 70.6600 0.595220 9.105685
141330 70.6650 0.593743 9.108014
141340 70.6700 0.592411 9.109352
141350 70.6750 0.590962 9.109980
141360 70.6800 0.589486 9.109733
141370 70.6850 0.588041 9.108621
141380 70.6900 0.586619 9.106686
141390 70.6950 0.585185 9.103887
141400 70.7000 0.583785 9.100339
141410 70.7050 0.582412 9.114839
141420 70.7100 0.580912 9.109272
141430 70.7150 0.579354 9.102500
141440 70.7200 0.578013 9.095863
141450 70.7250 0.576818 9.089331
141460 70.7300 0.575725 9.082841
141470 70.7350 0.574714 9.076411
141480 70.7400 0.573725 9.069720
141490 70.7450 0.572599 9.061623
141500 70.7500 0.571285 9.051546
141510 70.7550 0.569885 9.059091
141520 70.7600 0.568354 9.045652
141530 70.7650 0.566680 9.029923
141540 70.7700 0.564941 9.012469
141550 70.7750 0.563229 8.994192
141560 70.7800 0.561457 8.974178
141570 70.7850 0.559796 8.954423
141580 70.7900 0.558288 8.935687
141590 70.7950 0.556868 8.917371
141600 70.8000 0.555545 8.899737
141610 70.8050 0.554239 8.901663
141620 70.8100 0.552946 8.883399
141630 70.8150 0.551589 8.863714
141640 70.8200 0.550160 8.842443
141650 70.8250 0.548708 8.820259
141660 70.8300 0.547395 8.799740
141670 70.8350 0.546300 8.782328
141680 70.8400 0.545127 8.763361
141690 70.8450 0.544005 8.744935
141700 70.8500 0.542870 8.726043
141710 70.8550 0.541843 8.729569
141720 70.8600 0.540887 8.713250
141730 70.8650 0.539853 8.695439
141740 70.8700 0.538812 8.677315
141750 70.8750 0.537676 8.657326
141760 70.8800 0.536788 8.641587
141770 70.8850 0.535916 8.626014
141780 70.8900 0.535246 8.613991
141790 70.8950 0.534729 8.604654
141800 70.9000 0.534246 8.595930
141810 70.9050 0.533757 8.608659
141820 70.9100 0.533241 8.599286
141830 70.9150 0.532764 8.590574
141840 70.9200 0.532488 8.585513
141850 70.9250 0.532456 8.584935
141860 70.9300 0.532604 8.587645
141870 70.9350 0.532953 8.594021
141880 70.9400 0.533329 8.600881
141890 70.9450 0.533654 8.606802
141900 70.9500 0.534009 8.613235
141910 70.9550 0.534323 8.640452
141920 70.9600 0.534821 8.649448
141930 70.9650 0.535610 8.663630
141940 70.9700 0.536526 8.679994
141950 70.9750 0.537625 8.699454
141960 70.9800 0.538843 8.720789
141970 70.9850 0.539930 8.739606
141980 70.9900 0.541102 8.759638
141990 70.9950 0.542343 8.780561
142000 71.0000 0.543509 8.799918
142010 71.0050 0.544426 8.835341
142020 71.0100 0.545231 8.848343
142030 71.0150 0.546034 8.861162
142040 71.0200 0.546856 8.874095
142050 71.0250 0.547854 8.889572
142060 71.0300 0.548901 8.905506
142070 71.0350 0.549946 8.921099
142080 71.0400 0.550988 8.936339
142090 71.0450 0.552008 8.950932
142100 71.0500 0.553004 8.964855
142110 71.0550 0.553909 8.996740
142120 71.0600 0.554694 9.007261
142130 71.0650 0.555779 9.021456
142140 71.0700 0.556957 9.036404
142150 71.0750 0.557937 9.048454
142160 71.0800 0.558753 9.058232
142170 71.0850 0.559628 9.068446
142180 71.0900 0.560341 9.076542
142190 71.0950 0.561037 9.084276
142200 71.1000 0.561900 9.093593
142210 71.1050 0.562874 9.122571
142220 71.1100 0.563671 9.130615
142230 71.1150 0.564547 9.139152
142240 71.1200 0.565450 9.147623
142250 71.1250 0.566325 9.155518
142260 71.1300 0.567149 9.162654
142270 71.1350 0.567807 9.168150
142280 71.1400 0.568466 9.173472
142290 71.1450 0.569059 9.178103
142300 71.1500 0.569507 9.181502
142310 71.1550 0.569986 9.203389
142320 71.1600 0.570447 9.206696
142330 71.1650 0.571018 9.210668
142340 71.1700 0.571627 9.214744
142350 71.1750 0.572166 9.218213
142360 71.1800 0.572746 9.221809
142370 71.1850 0.573231 9.224692
142380 71.1900 0.573618 9.226921
142390 71.1950 0.574084 9.229521
142400 71.2000 0.574687 9.232735
142410 71.2050 0.575032 9.252586
142420 71.2100 0.575265 9.253750
142430 71.2150 0.575516 9.254974
142440 71.2200 0.575531 9.255046
142450 71.2250 0.575488 9.254839
142460 71.2300 0.575371 9.254272
142470 71.2350 0.575289 9.253870
142480 71.2400 0.574990 9.252377
142490 71.2450 0.574610 9.250423
142500 71.2500 0.574241 9.248463
142510 71.2550 0.573762 9.263834
142520 71.2600 0.573125 9.260160
142530 71.2650 0.572488 9.256299
142540 71.2700 0.571511 9.250021
142550 71.2750 0.570461 9.242779
142560 71.2800 0.569346 9.234550
142570 71.2850 0.568041 9.224210
142580 71.2900 0.566800 9.213670
142590 71.2950 0.565754 9.204261
142600 71.3000 0.564581 9.193137
142610 71.3050 0.563212 9.197699
142620 71.3100 0.561804 9.182732
142630 71.3150 0.560191 9.164564
142640 71.3200 0.558448 9.143722
142650 71.3250 0.556650 9.120948
142660 71.3300 0.554936 9.098070
142670 71.3350 0.553324 9.075558
142680 71.3400 0.551521 9.049269
142690 71.3450 0.549582 9.019736
142700 71.3500 0.547632 8.988802
142710 71.3550 0.545656 8.975608
142720 71.3600 0.543656 8.941484
142730 71.3650 0.541613 8.905491
142740 71.3700 0.539475 8.866719
142750 71.3750 0.537435 8.828748
142760 71.3800 0.535671 8.795255
142770 71.3850 0.534032 8.763598
142780 71.3900 0.532281 8.729328
142790 71.3950 0.530551 8.695031
142800 71.4000 0.528735 8.658669
142810 71.4050 0.526755 8.639876
142820 71.4100 0.524827 8.600584
142830 71.4150 0.522917 8.561460
142840 71.4200 0.520969 8.521415
142850 71.4250 0.518968 8.480261
142860 71.4300 0.516853 8.436791
142870 71.4350 0.514636 8.391400
142880 71.4400 0.512282 8.343512
142890 71.4450 0.509869 8.294888
142900 71.4500 0.507374 8.245239
142910 71.4550 0.505016 8.222844
142920 71.4600 0.502655 8.177279
142930 71.4650 0.500343 8.133471
142940 71.4700 0.498027 8.090427
142950 71.4750 0.495735 8.048759
142960 71.4800 0.493558 8.010053
142970 71.4850 0.491578 7.975627
142980 71.4900 0.489631 7.942508
142990 71.4950 0.487725 7.910812
143000 71.5000 0.485858 7.880451
143010 71.5050 0.484137 7.879463
143020 71.5100 0.482574 7.855050
143030 71.5150 0.481228 7.834385
143040 71.5200 0.480023 7.816175
143050 71.5250 0.479106 7.802477
143060 71.5300 0.478245 7.789750
143070 71.5350 0.477462 7.778301
143080 71.5400 0.477218 7.774755
143090 71.5450 0.477380 7.777108
143100 71.5500 0.477732 7.782234
143110 71.5550 0.478093 7.814664
143120 71.5600 0.478482 7.820373
143130 71.5650 0.478705 7.823663
143140 71.5700 0.479046 7.828716
143150 71.5750 0.479648 7.837665
143160 71.5800 0.480340 7.848037
143170 71.5850 0.481149 7.860258
143180 71.5900 0.482060 7.874152
143190 71.5950 0.483174 7.891341
143200 71.6000 0.484444 7.911200
143210 71.6050 0.486014 7.962291
143220 71.6100 0.487695 7.989428
143230 71.6150 0.489584 8.020465
143240 71.6200 0.491614 8.054496
143250 71.6250 0.493721 8.090513
143260 71.6300 0.495881 8.128155
143270 71.6350 0.498098 8.167558
143280 71.6400 0.500364 8.208551
143290 71.6450 0.502581 8.249331
143300 71.6500 0.504699 8.288858
143310 71.6550 0.506741 8.350967
143320 71.6600 0.508686 8.388037
143330 71.6650 0.510587 8.424532
143340 71.6700 0.512370 8.458968
143350 71.6750 0.514329 8.496962
143360 71.6800 0.516253 8.534385
143370 71.6850 0.518109 8.570508
143380 71.6900 0.519863 8.604611
143390 71.6950 0.521593 8.638172
143400 71.7000 0.523258 8.670351
143410 71.7050 0.524848 8.722083
143420 71.7100 0.526474 8.753109
143430 71.7150 0.528148 8.784748
143440 71.7200 0.529741 8.814545
143450 71.7250 0.531533 8.847642
143460 71.7300 0.533459 8.882634
143470 71.7350 0.535446 8.918033
143480 71.7400 0.537447 8.952868
143490 71.7450 0.539517 8.987959
143500 71.7500 0.541644 9.022920
143510 71.7550 0.543739 9.075339
143520 71.7600 0.545660 9.104689
143530 71.7650 0.547499 9.131692
143540 71.7700 0.549243 9.156283
143550 71.7750 0.550875 9.178347
143560 71.7800 0.552527 9.199727
143570 71.7850 0.554412 9.222864
143580 71.7900 0.556321 9.244917
143590 71.7950 0.558302 9.266286
143600 71.8000 0.560150 9.284770
143610 71.8050 0.562005 9.319708
143620 71.8100 0.563822 9.335022
143630 71.8150 0.565594 9.348552
143640 71.8200 0.567317 9.360367
143650 71.8250 0.568972 9.370447
143660 71.8300 0.570538 9.378832
143670 71.8350 0.572144 9.386260
143680 71.8400 0.573845 9.392830
143690 71.8450 0.575566 9.398109
143700 71.8500 0.577004 9.401466
143710 71.8550 0.578531 9.421227
143720 71.8600 0.580185 9.422702
143730 71.8650 0.581841 9.422894
143740 71.8700 0.583668 9.421621
143750 71.8750 0.585536 9.418723
143760 71.8800 0.587338 9.414408
143770 71.8850 0.589239 9.408262
143780 71.8900 0.591178 9.400327
143790 71.8950 0.593033 9.391184
143800 71.9000 0.594799 9.381096
143810 71.9050 0.596428 9.387955
143820 71.9100 0.598011 9.376676
143830 71.9150 0.599506 9.365060
143840 71.9200 0.600933 9.353125
143850 71.9250 0.602440 9.339622
143860 71.9300 0.603806 9.326610
143870 71.9350 0.605067 9.313957
143880 71.9400 0.606251 9.301520
143890 71.9450 0.607606 9.286644
143900 71.9500 0.608892 9.271905
143910 71.9550 0.610083 9.275621
143920 71.9600 0.611236 9.261402
143930 71.9650 0.612284 9.248062
143940 71.9700 0.613140 9.236885
143950 71.9750 0.613957 9.225987
143960 71.9800 0.614628 9.216868
143970 71.9850 0.614961 9.212285
143980 71.9900 0.615151 9.209654
143990 71.9950 0.615209 9.208854
144000 72.0000 0.615281 9.207859
144010 72.0050 0.615477 9.223331
144020 72.0100 0.615570 9.222029
144030 72.0150 0.615435 9.223919
144040 72.0200 0.615271 9.226205
144050 72.0250 0.615037 9.229452
144060 72.0300 0.614653 9.234739
144070 72.0350 0.614231 9.240496
144080 72.0400 0.613737 9.247162
144090 72.0450 0.613169 9.254712
144100 72.0500 0.612413 9.264586
144110 72.0550 0.611573 9.293241
144120 72.0600 0.610736 9.303680
144130 72.0650 0.609815 9.314864
144140 72.0700 0.608950 9.325084
144150 72.0750 0.607924 9.336822
144160 72.0800 0.606651 9.350837
144170 72.0850 0.605134 9.366689
144180 72.0900 0.603518 9.382571
144190 72.0950 0.601866 9.397693
144200 72.1000 0.600146 9.412226
144210 72.1050 0.598355 9.443213
144220 72.1100 0.596218 9.457803
144230 72.1150 0.594166 9.469867
144240 72.1200 0.592284 9.479235
144250 72.1250 0.590314 9.487266
144260 72.1300 0.588619 9.492711
144270 72.1350 0.586934 9.496763
144280 72.1400 0.585220 9.499482
144290 72.1450 0.583682 9.500708
144300 72.1500 0.582101 9.500765
144310 72.1550 0.580480 9.516329
144320 72.1600 0.578897 9.513876
144330 72.1650 0.577535 9.510768
144340 72.1700 0.576317 9.507206
144350 72.1750 0.575088 9.502866
144360 72.1800 0.573855 9.497763
144370 72.1850 0.572744 9.492519
144380 72.1900 0.571537 9.486136
144390 72.1950 0.570189 9.478162
144400 72.2000 0.569086 9.470991
144410 72.2050 0.567938 9.479811
144420 72.2100 0.566608 9.469635
144430 72.2150 0.565157 9.457562
144440 72.2200 0.563743 9.444841
144450 72.2250 0.562412 9.432020
144460 72.2300 0.561184 9.419466
144470 72.2350 0.559833 9.404863
144480 72.2400 0.558324 9.387605
144490 72.2450 0.556771 9.368815
144500 72.2500 0.555280 9.349813
144510 72.2550 0.553698 9.346147
144520 72.2600 0.552034 9.322793
144530 72.2650 0.550543 9.300941
144540 72.2700 0.548950 9.276667
144550 72.2750 0.547311 9.250741
144560 72.2800 0.545815 9.226274
144570 72.2850 0.544182 9.198704
144580 72.2900 0.542647 9.172036
144590 72.2950 0.541161 9.145562
144600 72.3000 0.539582 9.116737
144610 72.3050 0.538060 9.107015
144620 72.3100 0.536454 9.076409
144630 72.3150 0.534925 9.046726
144640 72.3200 0.533321 9.015033
144650 72.3250 0.531582 8.980115
144660 72.3300 0.529947 8.946816
144670 72.3350 0.528320 8.913259
144680 72.3400 0.526752 8.880597
144690 72.3450 0.525329 8.850702
144700 72.3500 0.523923 8.820970
144710 72.3550 0.522516 8.811348
144720 72.3600 0.521183 8.782883
144730 72.3650 0.519815 8.753541
144740 72.3700 0.518432 8.723827
144750 72.3750 0.517138 8.695956
144760 72.3800 0.515865 8.668534
144770 72.3850 0.514528 8.639746
144780 72.3900 0.513103 8.609088
144790 72.3950 0.511696 8.578890
144800 72.4000 0.510435 8.551889
144810 72.4050 0.509173 8.546842
144820 72.4100 0.508034 8.522601
144830 72.4150 0.507085 8.502496
144840 72.4200 0.506467 8.489432
144850 72.4250 0.505959 8.478700
144860 72.4300 0.505202 8.462786
144870 72.4350 0.504561 8.449333
144880 72.4400 0.503831 8.434076
144890 72.4450 0.503186 8.420635
144900 72.4500 0.502596 8.408384
144910 72.4550 0.502368 8.426439
144920 72.4600 0.502335 8.425749
144930 72.4650 0.502346 8.425989
144940 72.4700 0.502649 8.432264
144950 72.4750 0.503057 8.440744
144960 72.4800 0.503438 8.448661
144970 72.4850 0.503761 8.455384
144980 72.4900 0.503797 8.456152
144990 72.4950 0.503763 8.455430
145000 72.5000 0.503958 8.459494
145010 72.5050 0.504319 8.489490
145020 72.5100 0.504883 8.501287
145030 72.5150 0.505245 8.508879
145040 72.5200 0.505423 8.512616
145050 72.5250 0.505650 8.517390
145060 72.5300 0.505835 8.521275
145070 72.5350 0.505972 8.524145
145080 72.5400 0.506022 8.525207
145090 72.5450 0.506039 8.525555
145100 72.5500 0.506089 8.526602
145110 72.5550 0.506066 8.548169
145120 72.5600 0.506017 8.547121
145130 72.5650 0.505903 8.544725
145140 72.5700 0.505915 8.544981
145150 72.5750 0.506029 8.547375
145160 72.5800 0.506164 8.550213
145170 72.5850 0.506417 8.555549
145180 72.5900 0.506660 8.560666
145190 72.5950 0.506774 8.563063
145200 72.6000 0.506861 8.564897
145210 72.6050 0.506968 8.588952
145220 72.6100 0.507082 8.591361
145230 72.6150 0.507271 8.595336
145240 72.6200 0.507601 8.602296
145250 72.6250 0.508029 8.611347
145260 72.6300 0.508406 8.619298
145270 72.6350 0.508544 8.622224
145280 72.6400 0.508693 8.625378
145290 72.6450 0.509084 8.633643
145300 72.6500 0.509597 8.644501
145310 72.6550 0.510007 8.674500
145320 72.6600 0.510199 8.678558
145330 72.6650 0.510319 8.681101
145340 72.6700 0.510494 8.684809
145350 72.6750 0.510788 8.691023
145360 72.6800 0.511149 8.698678
145370 72.6850 0.511641 8.709091
145380 72.6900 0.512315 8.723363
145390 72.6950 0.512946 8.736714
145400 72.7000 0.513607 8.750690
145410 72.7050 0.514265 8.785283
145420 72.7100 0.515016 8.801124
145430 72.7150 0.515789 8.817409
145440 72.7200 0.516308 8.828337
145450 72.7250 0.516842 8.839545
145460 72.7300 0.517549 8.854366
145470 72.7350 0.518324 8.870561
145480 72.7400 0.518972 8.884065
145490 72.7450 0.519532 8.895715
145500 72.7500 0.519998 8.905395
145510 72.7550 0.520526 8.936137
145520 72.7600 0.521130 8.948602
145530 72.7650 0.521766 8.961680
145540 72.7700 0.522597 8.978686
145550 72.7750 0.523391 8.994858
145560 72.7800 0.524242 9.012077
145570 72.7850 0.524906 9.025455
145580 72.7900 0.525512 9.037596
145590 72.7950 0.526158 9.050461
145600 72.8000 0.527008 9.067286
145610 72.8050 0.527997 9.105650
145620 72.8100 0.529040 9.125901
145630 72.8150 0.530178 9.147752
145640 72.8200 0.531324 9.169449
145650 72.8250 0.532602 9.193283
145660 72.8300 0.533854 9.216258
145670 72.8350 0.535005 9.237010
145680 72.8400 0.536188 9.257960
145690 72.8450 0.537287 9.277064
145700 72.8500 0.538201 9.292672
145710 72.8550 0.539110 9.325742
145720 72.8600 0.539891 9.338649
145730 72.8650 0.540916 9.355287
145740 72.8700 0.541925 9.371323
145750 72.8750 0.542690 9.383243
145760 72.8800 0.543580 9.396863
145770 72.8850 0.544508 9.410744
145780 72.8900 0.545407 9.423897
145790 72.8950 0.546315 9.436857
145800 72.9000 0.547105 9.447882
145810 72.9050 0.548119 9.478715
145820 72.9100 0.549020 9.490623
145830 72.9150 0.549978 9.502911
145840 72.9200 0.550674 9.511596
145850 72.9250 0.551206 9.518110
145860 72.9300 0.551592 9.522754
145870 72.9350 0.551947 9.526966
145880 72.9400 0.552177 9.529664
145890 72.9450 0.552479 9.533170
145900 72.9500 0.553020 9.539362
145910 72.9550 0.553911 9.565887
145920 72.9600 0.554910 9.576572
145930 72.9650 0.556117 9.588880
145940 72.9700 0.557447 9.601665
145950 72.9750 0.558516 9.611341
145960 72.9800 0.559497 9.619740
145970 72.9850 0.560361 9.626757
145980 72.9900 0.560905 9.630990
145990 72.9950 0.561155 9.632885
146000 73.0000 0.561136 9.632742
146010 73.0050 0.561291 9.650086
146020 73.0100 0.561564 9.652103
146030 73.0150 0.561735 9.653349
146040 73.0200 0.561870 9.654319
146050 73.0250 0.562007 9.655302
146060 73.0300 0.562227 9.656850
146070 73.0350 0.562470 9.658542
146080 73.0400 0.562463 9.658495
146090 73.0450 0.562546 9.659064
146100 73.0500 0.562575 9.659261
146110 73.0550 0.562398 9.674103
146120 73.0600 0.562169 9.672503
146130 73.0650 0.561800 9.669869
146140 73.0700 0.561300 9.666202
146150 73.0750 0.560665 9.661356
146160 73.0800 0.560024 9.656271
146170 73.0850 0.559366 9.650833
146180 73.0900 0.558614 9.644355
146190 73.0950 0.557923 9.638164
146200 73.1000 0.557041 9.629927
146210 73.1050 0.556125 9.637163
146220 73.1100 0.554961 9.625203
146230 73.1150 0.553838 9.613055
146240 73.1200 0.552745 9.600666
146250 73.1250 0.551873 9.590387
146260 73.1300 0.551109 9.581090
146270 73.1350 0.550278 9.570676
146280 73.1400 0.549483 9.560437
146290 73.1450 0.548756 9.550821
146300 73.1500 0.547737 9.536951
146310 73.1550 0.546738 9.539548
146320 73.1600 0.545891 9.527324
146330 73.1650 0.544982 9.513875
146340 73.1700 0.544120 9.500820
146350 73.1750 0.543543 9.491896
146360 73.1800 0.543173 9.486121
146370 73.1850 0.543128 9.485408
146380 73.1900 0.543258 9.487455
146390 73.1950 0.543407 9.489772
146400 73.2000 0.543636 9.493345
146410 73.2050 0.543875 9.513869
146420 73.2100 0.543985 9.515561
146430 73.2150 0.544257 9.519729
146440 73.2200 0.544532 9.523918
146450 73.2250 0.544760 9.527356
146460 73.2300 0.544939 9.530054
146470 73.2350 0.545219 9.534223
146480 73.2400 0.545443 9.537559
146490 73.2450 0.545626 9.540249
146500 73.2500 0.546042 9.546330
146510 73.2550 0.546624 9.571284
146520 73.2600 0.547160 9.578873
146530 73.2650 0.547653 9.585737
146540 73.2700 0.548148 9.592529
146550 73.2750 0.548593 9.598530
146560 73.2800 0.549165 9.606120
146570 73.2850 0.549914 9.615823
146580 73.2900 0.550847 9.627559
146590 73.2950 0.551644 9.637262
146600 73.3000 0.552446 9.646716
146610 73.3050 0.553116 9.670489
146620 73.3100 0.553862 9.678761
146630 73.3150 0.554704 9.687769
146640 73.3200 0.555435 9.695298
146650 73.3250 0.555990 9.700828
146660 73.3300 0.556338 9.704225
146670 73.3350 0.556540 9.706166
146680 73.3400 0.556665 9.707358
146690 73.3450 0.556840 9.709013
146700 73.3500 0.556996 9.710469
146710 73.3550 0.557016 9.726487
146720 73.3600 0.556862 9.725042
146730 73.3650 0.556565 9.722238
146740 73.3700 0.556269 9.719388
146750 73.3750 0.556129 9.718023
146760 73.3800 0.556026 9.717013
146770 73.3850 0.555934 9.716107
146780 73.3900 0.555860 9.715369
146790 73.3950 0.555857 9.715340
146800 73.4000 0.555939 9.716156
146810 73.4050 0.556263 9.735126
146820 73.4100 0.556722 9.739527
146830 73.4150 0.557029 9.742404
146840 73.4200 0.557354 9.745399
146850 73.4250 0.557721 9.748716
146860 73.4300 0.558307 9.753865
146870 73.4350 0.558986 9.759602
146880 73.4400 0.559627 9.764797
146890 73.4450 0.560375 9.770578
146900 73.4500 0.561390 9.777937
146910 73.4550 0.562695 9.802114
146920 73.4600 0.564015 9.809901
146930 73.4650 0.565178 9.815966
146940 73.4700 0.566390 9.821492
146950 73.4750 0.567732 9.826655
146960 73.4800 0.569239 9.831258
146970 73.4850 0.570604 9.834339
146980 73.4900 0.571568 9.835889
146990 73.4950 0.572302 9.836725
147000 73.5000 0.572925 9.837200
147010 73.5050 0.573510 9.852726
147020 73.5100 0.574229 9.852771
147030 73.5150 0.575137 9.852416
147040 73.5200 0.576140 9.851492
147050 73.5250 0.577143 9.850014
147060 73.5300 0.578137 9.848002
147070 73.5350 0.578964 9.845917
147080 73.5400 0.579606 9.844043
147090 73.5450 0.580164 9.842231
147100 73.5500 0.580564 9.840829
147110 73.5550 0.581072 9.854188
147120 73.5600 0.581421 9.852797
147130 73.5650 0.581663 9.851798
147140 73.5700 0.581957 9.850536
147150 73.5750 0.582397 9.848564
147160 73.5800 0.582755 9.846883
147170 73.5850 0.583078 9.845310
147180 73.5900 0.583319 9.844094
147190 73.5950 0.583381 9.843782
147200 73.6000 0.583479 9.843273
147210 73.6050 0.583544 9.858190
147220 73.6100 0.583551 9.858150
147230 73.6150 0.583481 9.858516
147240 73.6200 0.583330 9.859293
147250 73.6250 0.583177 9.860067
147260 73.6300 0.583062 9.860637
147270 73.6350 0.583120 9.860349
147280 73.6400 0.583250 9.859699
147290 73.6450 0.583524 9.858294
147300 73.6500 0.584020 9.855645
147310 73.6550 0.584629 9.867417
147320 73.6600 0.585437 9.862559
147330 73.6650 0.586282 9.857113
147340 73.6700 0.587021 9.852039
147350 73.6750 0.587517 9.848471
147360 73.6800 0.587722 9.846960
147370 73.6850 0.587948 9.845269
147380 73.6900 0.588325 9.842385
147390 73.6950 0.588619 9.840092
147400 73.7000 0.589007 9.836987
147410 73.7050 0.589332 9.849607
147420 73.7100 0.589642 9.847025
147430 73.7150 0.589819 9.845527
147440 73.7200 0.590251 9.841807
147450 73.7250 0.590818 9.836776
147460 73.7300 0.591487 9.830636
147470 73.7350 0.592231 9.823542
147480 73.7400 0.592647 9.819451
147490 73.7450 0.592869 9.817236
147500 73.7500 0.592786 9.818067
147510 73.7550 0.592864 9.832641
147520 73.7600 0.593048 9.830787
147530 73.7650 0.593501 9.826154
147540 73.7700 0.593832 9.822701
147550 73.7750 0.594177 9.819039
147560 73.7800 0.594232 9.818460
147570 73.7850 0.594171 9.819111
147580 73.7900 0.594043 9.820466
147590 73.7950 0.593796 9.823074
147600 73.8000 0.593288 9.828341
147610 73.8050 0.592876 9.847835
147620 73.8100 0.592466 9.851914
147630 73.8150 0.592044 9.856016
147640 73.8200 0.591766 9.858671
147650 73.8250 0.591693 9.859355
147660 73.8300 0.591685 9.859435
147670 73.8350 0.591672 9.859555
147680 73.8400 0.591708 9.859221
147690 73.8450 0.591797 9.858371
147700 73.8500 0.591937 9.857044
147710 73.8550 0.591932 9.872285
147720 73.8600 0.591903 9.872561
147730 73.8650 0.591820 9.873348
147740 73.8700 0.591733 9.874176
147750 73.8750 0.591557 9.875827
147760 73.8800 0.591121 9.879861
147770 73.8850 0.590840 9.882413
147780 73.8900 0.590639 9.884212
147790 73.8950 0.590425 9.886097
147800 73.9000 0.590330 9.886932
147810 73.9050 0.590408 9.901313
147820 73.9100 0.590485 9.900635
147830 73.9150 0.590716 9.898592
147840 73.9200 0.590956 9.896433
147850 73.9250 0.591117 9.894964
147860 73.9300 0.591172 9.894462
147870 73.9350 0.591493 9.891487
147880 73.9400 0.591917 9.887484
147890 73.9450 0.592309 9.883698
147900 73.9500 0.592690 9.879934
147910 73.9550 0.593250 9.889372
147920 73.9600 0.593892 9.882678
147930 73.9650 0.594525 9.875877
147940 73.9700 0.595274 9.867559
147950 73.9750 0.595955 9.859759
147960 73.9800 0.596785 9.849936
147970 73.9850 0.597687 9.838870
147980 73.9900 0.598662 9.826468
147990 73.9950 0.599638 9.813601
148000 74.0000 0.600710 9.798963
148010 74.0050 0.601738 9.799847
148020 74.0100 0.602688 9.785982
148030 74.0150 0.603774 9.769621
148040 74.0200 0.604590 9.757000
148050 74.0250 0.605337 9.745188
148060 74.0300 0.606229 9.730756
148070 74.0350 0.607308 9.712874
148080 74.0400 0.608532 9.692016
148090 74.0450 0.609787 9.669998
148100 74.0500 0.611224 9.644041
148110 74.0550 0.612650 9.633642
148120 74.0600 0.613814 9.611452
148130 74.0650 0.614880 9.590679
148140 74.0700 0.616004 9.568376
148150 74.0750 0.616994 9.548359
148160 74.0800 0.618074 9.526176
148170 74.0850 0.619162 9.503438
148180 74.0900 0.620405 9.477002
148190 74.0950 0.621532 9.452650
148200 74.1000 0.622775 9.425361
148210 74.1050 0.624043 9.414208
148220 74.1100 0.625282 9.386128
148230 74.1150 0.626652 9.354600
148240 74.1200 0.628253 9.317151
148250 74.1250 0.629737 9.281879
148260 74.1300 0.631318 9.243732
148270 74.1350 0.632772 9.208161
148280 74.1400 0.634278 9.170822
148290 74.1450 0.635745 9.134026
148300 74.1500 0.637113 9.099306
148310 74.1550 0.638312 9.087364
148320 74.1600 0.639545 9.055512
148330 74.1650 0.640677 9.025993
148340 74.1700 0.641608 9.001569
148350 74.1750 0.642641 8.974274
148360 74.1800 0.643821 8.942871
148370 74.1850 0.645102 8.908521
148380 74.1900 0.646136 8.880615
148390 74.1950 0.647056 8.855634
148400 74.2000 0.648008 8.829655
148410 74.2050 0.649041 8.821553
148420 74.2100 0.650269 8.787622
148430 74.2150 0.651559 8.751736
148440 74.2200 0.652915 8.713755
148450 74.2250 0.654182 8.678004
148460 74.2300 0.655506 8.640427
148470 74.2350 0.656798 8.603475
148480 74.2400 0.658013 8.568541
148490 74.2450 0.659073 8.537890
148500 74.2500 0.660178 8.505751
148510 74.2550 0.661291 8.495364
148520 74.2600 0.662377 8.463427
148530 74.2650 0.663627 8.426454
148540 74.2700 0.664817 8.391038
148550 74.2750 0.665773 8.362425
148560 74.2800 0.666790 8.331841
148570 74.2850 0.668010 8.294948
148580 74.2900 0.669559 8.247753
148590 74.2950 0.671378 8.191861
148600 74.3000 0.673096 8.138577
148610 74.3050 0.674770 8.110733
148620 74.3100 0.676288 8.062785
148630 74.3150 0.677796 8.014755
148640 74.3200 0.679455 7.961409
148650 74.3250 0.681065 7.909138
148660 74.3300 0.682738 7.854274
148670 74.3350 0.684318 7.801946
148680 74.3400 0.685939 7.747711
148690 74.3450 0.687459 7.696371
148700 74.3500 0.688825 7.649776
148710 74.3550 0.690262 7.628509
148720 74.3600 0.691663 7.579796
148730 74.3650 0.693194 7.526033
148740 74.3700 0.694602 7.476099
148750 74.3750 0.695969 7.427125
148760 74.3800 0.697491 7.372023
148770 74.3850 0.698923 7.319636
148780 74.3900 0.700001 7.279837
148790 74.3950 0.700909 7.246061
148800 74.4000 0.701591 7.220532
148810 74.4050 0.702341 7.224075
148820 74.4100 0.702772 7.207773
148830 74.4150 0.702718 7.209829
148840 74.4200 0.702334 7.224333
148850 74.4250 0.701694 7.248415
148860 74.4300 0.700843 7.280245
148870 74.4350 0.700074 7.308832
148880 74.4400 0.699008 7.348189
148890 74.4450 0.697775 7.393318
148900 74.4500 0.696295 7.446937
148910 74.4550 0.694545 7.539337
148920 74.4600 0.692638 7.606601
148930 74.4650 0.690403 7.684169
148940 74.4700 0.687992 7.766385
148950 74.4750 0.685541 7.848464
148960 74.4800 0.682669 7.942742
148970 74.4850 0.679478 8.045268
148980 74.4900 0.676246 8.146820
148990 74.4950 0.673078 8.244237
149000 74.5000 0.670037 8.335854
149010 74.5050 0.667225 8.442219
149020 74.5100 0.664363 8.525228
149030 74.5150 0.661373 8.610293
149040 74.5200 0.658340 8.694954
149050 74.5250 0.655270 8.778934
149060 74.5300 0.652157 8.862383
149070 74.5350 0.648990 8.945503
149080 74.5400 0.646013 9.021987
149090 74.5450 0.642934 9.099376
149100 74.5500 0.639878 9.174352
149110 74.5550 0.636994 9.261748
149120 74.5600 0.634272 9.325211
149130 74.5650 0.631575 9.386392
149140 74.5700 0.629025 9.442618
149150 74.5750 0.626430 9.498108
149160 74.5800 0.623823 9.552023
149170 74.5850 0.621244 9.603433
149180 74.5900 0.618731 9.651569
149190 74.5950 0.616645 9.689978
149200 74.6000 0.614992 9.719387
149210 74.6050 0.613171 9.766446
149220 74.6100 0.611367 9.796212
149230 74.6150 0.609637 9.823577
149240 74.6200 0.608033 9.847895
149250 74.6250 0.606594 9.868822
149260 74.6300 0.605184 9.888488
149270 74.6350 0.603889 9.905781
149280 74.6400 0.602612 9.922113
149290 74.6450 0.601150 9.939922
149300 74.6500 0.599553 9.958241
149310 74.6550 0.597947 9.990204
149320 74.6600 0.596341 10.006142
149330 74.6650 0.594569 10.022232
149340 74.6700 0.592715 10.037336
149350 74.6750 0.590902 10.050367
149360 74.6800 0.588887 10.062796
149370 74.6850 0.586454 10.074848
149380 74.6900 0.583704 10.084503
149390 74.6950 0.580867 10.089963
149400 74.7000 0.577910 10.090712
149410 74.7050 0.575068 10.100835
149420 74.7100 0.572191 10.091802
149430 74.7150 0.569340 10.078006
149440 74.7200 0.566561 10.059942
149450 74.7250 0.563714 10.036755
149460 74.7300 0.560952 10.009810
149470 74.7350 0.558289 9.979766
149480 74.7400 0.555730 9.947246
149490 74.7450 0.553368 9.914129
149500 74.7500 0.551074 9.879218
149510 74.7550 0.548961 9.859862
149520 74.7600 0.546928 9.824677
149530 74.7650 0.544997 9.789488
149540 74.7700 0.543317 9.757555
149550 74.7750 0.541588 9.723445
149560 74.7800 0.539697 9.684762
149570 74.7850 0.538031 9.649555
149580 74.7900 0.536596 9.618431
149590 74.7950 0.535202 9.587538
149600 74.8000 0.533771 9.555169
149610 74.8050 0.532283 9.537383
149620 74.8100 0.530858 9.503935
149630 74.8150 0.529486 9.471198
149640 74.8200 0.528259 9.441515
149650 74.8250 0.527185 9.415243
149660 74.8300 0.526314 9.393766
149670 74.8350 0.525335 9.369427
149680 74.8400 0.524279 9.342964
149690 74.8450 0.523176 9.315130
149700 74.8500 0.522206 9.290474
149710 74.8550 0.521414 9.288028
149720 74.8600 0.520539 9.265584
149730 74.8650 0.519755 9.245355
149740 74.8700 0.518994 9.225678
149750 74.8750 0.518322 9.208220
149760 74.8800 0.517618 9.189909
149770 74.8850 0.516883 9.170733
149780 74.8900 0.516139 9.151276
149790 74.8950 0.515448 9.133166
149800 74.9000 0.514785 9.115762
149810 74.9050 0.513843 9.109657
149820 74.9100 0.512759 9.081104
149830 74.9150 0.511622 9.051073
149840 74.9200 0.510620 9.024600
149850 74.9250 0.509750 9.001622
149860 74.9300 0.509115 8.984831
149870 74.9350 0.508408 8.966141
149880 74.9400 0.507617 8.945224
149890 74.9450 0.507030 8.929740
149900 74.9500 0.506548 8.917024
149910 74.9550 0.506224 8.928236
149920 74.9600 0.506035 8.923256
149930 74.9650 0.505974 8.921628
149940 74.9700 0.506059 8.923885
149950 74.9750 0.506310 8.930499
149960 74.9800 0.506863 8.945082
149970 74.9850 0.507468 8.961065
149980 74.9900 0.508047 8.976340
149990 74.9950 0.508383 8.985226
150000 75.0000 0.508659 8.992503
150010 75.0050 0.509063 9.022520
150020 75.0100 0.509710 9.039608
150030 75.0150 0.510439 9.058855
150040 75.0200 0.511118 9.076761
150050 75.0250 0.511822 9.095316
150060 75.0300 0.512685 9.118048
150070 75.0350 0.513452 9.138189
150080 75.0400 0.514320 9.160966
150090 75.0450 0.515361 9.188179
150100 75.0500 0.516136 9.208407
150110 75.0550 0.516864 9.245556
150120 75.0600 0.517840 9.270839
150130 75.0650 0.518851 9.296910
150140 75.0700 0.520015 9.326729
150150 75.0750 0.521237 9.357837
150160 75.0800 0.522685 9.394342
150170 75.0850 0.524051 9.428423
150180 75.0900 0.525284 9.458831
150190 75.0950 0.526485 9.488155
150200 75.1000 0.527633 9.515839
150210 75.1050 0.528755 9.559272
150220 75.1100 0.530017 9.588911
150230 75.1150 0.531220 9.616750
150240 75.1200 0.532560 9.647203
150250 75.1250 0.533971 9.678634
150260 75.1300 0.535412 9.710035
150270 75.1350 0.536965 9.743017
150280 75.1400 0.538833 9.781472
150290 75.1450 0.541104 9.826291
150300 75.1500 0.543461 9.870496
150310 75.1550 0.545864 9.928068
150320 75.1600 0.548315 9.968470
150330 75.1650 0.550720 10.005160
150340 75.1700 0.553112 10.038651
150350 75.1750 0.555561 10.069719
150360 75.1800 0.558097 10.098359
150370 75.1850 0.560567 10.122725
150380 75.1900 0.562897 10.142461
150390 75.1950 0.564889 10.156802
150400 75.2000 0.566824 10.168471
150410 75.2050 0.568736 10.191729
150420 75.2100 0.570666 10.198907
150430 75.2150 0.572680 10.204000
150440 75.2200 0.574654 10.206622
150450 75.2250 0.576542 10.206944
150460 75.2300 0.578490 10.205055
150470 75.2350 0.580308 10.201273
150480 75.2400 0.582213 10.195242
150490 75.2450 0.584046 10.187471
150500 75.2500 0.585867 10.177863
150510 75.2550 0.587695 10.180243
150520 75.2600 0.589563 10.166577
150530 75.2650 0.591455 10.150805
150540 75.2700 0.593115 10.135409
150550 75.2750 0.594359 10.122939
150560 75.2800 0.595444 10.111426
150570 75.2850 0.596708 10.097259
150580 75.2900 0.598008 10.081879
150590 75.2950 0.599284 10.065987
150600 75.3000 0.600859 10.045330
150610 75.3050 0.602502 10.036958
150620 75.3100 0.604096 10.013698
150630 75.3150 0.605724 9.988797
150640 75.3200 0.607452 9.961141
150650 75.3250 0.609427 9.928039
150660 75.3300 0.611782 9.886558
150670 75.3350 0.614147 9.842832
150680 75.3400 0.616816 9.791104
150690 75.3450 0.619692 9.732699
150700 75.3500 0.622754 9.667721
150710 75.3550 0.625936 9.613305
150720 75.3600 0.629385 9.533881
150730 75.3650 0.632955 9.448495
150740 75.3700 0.636686 9.356133
150750 75.3750 0.640441 9.260178
150760 75.3800 0.644471 9.154118
150770 75.3850 0.648801 9.036837
150780 75.3900 0.653218 8.913798
150790 75.3950 0.657632 8.787527
150800 75.4000 0.661973 8.660136
150810 75.4050 0.666166 8.555189
150820 75.4100 0.670305 8.427427
150830 75.4150 0.674419 8.297133
150840 75.4200 0.678544 8.163047
150850 75.4250 0.682690 8.024541
150860 75.4300 0.686569 7.891341
150870 75.4350 0.690725 7.744600
150880 75.4400 0.694826 7.595470
150890 75.4450 0.698704 7.450234
150900 75.4500 0.702598 7.300137
150910 75.4550 0.706239 7.186768
150920 75.4600 0.709878 7.038260
150930 75.4650 0.713679 6.878695
150940 75.4700 0.717688 6.705364
150950 75.4750 0.721578 6.532222
150960 75.4800 0.725340 6.360289
150970 75.4850 0.728920 6.192578
150980 75.4900 0.732303 6.030592
150990 75.4950 0.735375 5.880650
151000 75.5000 0.738327 5.734207
151010 75.5050 0.741396 5.627613
151020 75.5100 0.744522 5.467583
151030 75.5150 0.747618 5.306868
151040 75.5200 0.750829 5.138103
151050 75.5250 0.754121 4.963187
151060 75.5300 0.757473 4.783478
151070 75.5350 0.760692 4.609773
151080 75.5400 0.763697 4.446879
151090 75.5450 0.766634 4.287281
151100 75.5500 0.769237 4.145776
151110 75.5550 0.771488 4.098491
151120 75.5600 0.773471 3.990839
151130 75.5650 0.775178 3.898276
151140 75.5700 0.776846 3.808045
151150 75.5750 0.778474 3.720195
151160 75.5800 0.779929 3.641977
151170 75.5850 0.781143 3.576874
151180 75.5900 0.782211 3.519770
151190 75.5950 0.783205 3.466819
151200 75.6000 0.784053 3.421713
151210 75.6050 0.784840 3.471822
151220 75.6100 0.785228 3.451296
151230 75.6150 0.785383 3.443108
151240 75.6200 0.785341 3.445353
151250 75.6250 0.784882 3.469590
151260 75.6300 0.784267 3.502195
151270 75.6350 0.783442 3.546002
151280 75.6400 0.782452 3.598694
151290 75.6450 0.781351 3.657425
151300 75.6500 0.780063 3.726279
151310 75.6550 0.778734 3.881823
151320 75.6600 0.777395 3.953653
151330 75.6650 0.775974 4.029860
151340 75.6700 0.774640 4.101476
151350 75.6750 0.773126 4.182733
151360 75.6800 0.771649 4.261938
151370 75.6850 0.770105 4.344606
151380 75.6900 0.768455 4.432853
151390 75.6950 0.766598 4.531855
151400 75.7000 0.764677 4.633950
151410 75.7050 0.762696 4.804129
151420 75.7100 0.760642 4.912099
151430 75.7150 0.758336 5.032336
151440 75.7200 0.755905 5.157970
151450 75.7250 0.753404 5.285817
151460 75.7300 0.750736 5.420503
151470 75.7350 0.747780 5.567645
151480 75.7400 0.744455 5.730181
151490 75.7450 0.741115 5.890187
151500 75.7500 0.737610 6.054470
151510 75.7550 0.734016 6.262697
151520 75.7600 0.730596 6.414866
151530 75.7650 0.727110 6.565859
151540 75.7700 0.723703 6.709353
151550 75.7750 0.720209 6.852433
151560 75.7800 0.716742 6.990335
151570 75.7850 0.712978 7.135630
151580 75.7900 0.709259 7.274785
151590 75.7950 0.705838 7.399112
151600 75.8000 0.702421 7.519950
151610 75.8050 0.698802 7.673603
151620 75.8100 0.695152 7.795563
151630 75.8150 0.691529 7.913366
151640 75.8200 0.687792 8.031672
151650 75.8250 0.684160 8.143797
151660 75.8300 0.680462 8.255303
151670 75.8350 0.676640 8.367931
151680 75.8400 0.672767 8.479567
151690 75.8450 0.668960 8.587060
151700 75.8500 0.665233 8.690305
151710 75.8550 0.661407 8.815282
151720 75.8600 0.657462 8.920343
151730 75.8650 0.653548 9.022475
151740 75.8700 0.649823 9.117717
151750 75.8750 0.646103 9.210882
151760 75.8800 0.642430 9.300836
151770 75.8850 0.638971 9.383604
151780 75.8900 0.635654 9.461015
151790 75.8950 0.632528 9.532088
151800 75.9000 0.629627 9.596279
151810 75.9050 0.627064 9.667761
151820 75.9100 0.624568 9.719941
151830 75.9150 0.622320 9.765557
151840 75.9200 0.620395 9.803511
151850 75.9250 0.618591 9.838085
151860 75.9300 0.616888 9.869831
151870 75.9350 0.615325 9.898155
151880 75.9400 0.614114 9.919553
151890 75.9450 0.613176 9.935786
151900 75.9500 0.612380 9.949319
151910 75.9550 0.611641 9.976492
151920 75.9600 0.611247 9.982993
151930 75.9650 0.610995 9.987138
151940 75.9700 0.610810 9.990158
151950 75.9750 0.610595 9.993649
151960 75.9800 0.610520 9.994851
151970 75.9850 0.610539 9.994554
151980 75.9900 0.610514 9.994948
151990 75.9950 0.610687 9.992156
152000 76.0000 0.611221 9.983422
152010 76.0050 0.611841 9.987822
152020 76.0100 0.612407 9.978324
152030 76.0150 0.613143 9.965810
152040 76.0200 0.614013 9.950759
152050 76.0250 0.615049 9.932488
152060 76.0300 0.616245 9.910931
152070 76.0350 0.617634 9.885317
152080 76.0400 0.619143 9.856758
152090 76.0450 0.620711 9.826344
152100 76.0500 0.622549 9.789764
152110 76.0550 0.624579 9.763716
152120 76.0600 0.626580 9.721652
152130 76.0650 0.628729 9.675306
152140 76.0700 0.631147 9.621805
152150 76.0750 0.633530 9.567737
152160 76.0800 0.635774 9.515692
152170 76.0850 0.638043 9.461998
152180 76.0900 0.640248 9.408860
152190 76.0950 0.642434 9.355281
152200 76.1000 0.644624 9.300775
152210 76.1050 0.646845 9.262408
152220 76.1100 0.649175 9.202632
152230 76.1150 0.651299 9.147377
152240 76.1200 0.653351 9.093317
152250 76.1250 0.655592 9.033534
152260 76.1300 0.657936 8.970201
152270 76.1350 0.660123 8.910338
152280 76.1400 0.661951 8.859777
152290 76.1450 0.663607 8.813552
152300 76.1500 0.665156 8.769908
152310 76.1550 0.666749 8.745232
152320 76.1600 0.668480 8.695605
152330 76.1650 0.670192 8.646027
152340 76.1700 0.671791 8.599252
152350 76.1750 0.673458 8.550055
152360 76.1800 0.675134 8.500097
152370 76.1850 0.676790 8.450253
152380 76.1900 0.678424 8.400585
152390 76.1950 0.680249 8.344483
152400 76.2000 0.682101 8.286933
152410 76.2050 0.683885 8.254408
152420 76.2100 0.685649 8.198250
152430 76.2150 0.687464 8.139746
152440 76.2200 0.689158 8.084508
152450 76.2250 0.690357 8.044990
152460 76.2300 0.691411 8.009959
152470 76.2350 0.692430 7.975831
152480 76.2400 0.693429 7.942157
152490 76.2450 0.694337 7.911308
152500 76.2500 0.695214 7.881311
152510 76.2550 0.696122 7.876458
152520 76.2600 0.696924 7.848672
152530 76.2650 0.697337 7.834282
152540 76.2700 0.697784 7.818661
152550 76.2750 0.698186 7.804555
152560 76.2800 0.698810 7.782609
152570 76.2850 0.699635 7.753409
152580 76.2900 0.700570 7.720047
152590 76.2950 0.701330 7.692776
152600 76.3000 0.701940 7.670761
152610 76.3050 0.702442 7.680520
152620 76.3100 0.702905 7.663675
152630 76.3150 0.703577 7.639105
152640 76.3200 0.704221 7.615388
152650 76.3250 0.704638 7.599978
152660 76.3300 0.705032 7.585364
152670 76.3350 0.705671 7.561566
152680 76.3400 0.706204 7.541605
152690 76.3450 0.706761 7.520671
152700 76.3500 0.707250 7.502197
152710 76.3550 0.707468 7.523284
152720 76.3600 0.707476 7.522967
152730 76.3650 0.707527 7.521033
152740 76.3700 0.707586 7.518801
152750 76.3750 0.707554 7.520025
152760 76.3800 0.707486 7.522609
152770 76.3850 0.707541 7.520528
152780 76.3900 0.707910 7.506499
152790 76.3950 0.708276 7.492525
152800 76.4000 0.708481 7.484695
152810 76.4050 0.708525 7.512497
152820 76.4100 0.708686 7.506342
152830 76.4150 0.708729 7.504676
152840 76.4200 0.708432 7.516066
152850 76.4250 0.707919 7.535615
152860 76.4300 0.707381 7.556065
152870 76.4350 0.706609 7.585223
152880 76.4400 0.705824 7.614642
152890 76.4450 0.705026 7.644336
152900 76.4500 0.704238 7.673456
152910 76.4550 0.703555 7.726473
152920 76.4600 0.702938 7.748989
152930 76.4650 0.702175 7.776646
152940 76.4700 0.701388 7.804925
152950 76.4750 0.700518 7.835995
152960 76.4800 0.699523 7.871210
152970 76.4850 0.698402 7.910489
152980 76.4900 0.697370 7.946279
152990 76.4950 0.696456 7.977693
153000 76.5000 0.695763 8.001334
153010 76.5050 0.695189 8.046339
153020 76.5100 0.694846 8.057910
153030 76.5150 0.694396 8.073047
153040 76.5200 0.693954 8.087855
153050 76.5250 0.693636 8.098468
153060 76.5300 0.693587 8.100099
153070 76.5350 0.693613 8.099228
153080 76.5400 0.693627 8.098761
153090 76.5450 0.693661 8.097656
153100 76.5500 0.693802 8.092924
153110 76.5550 0.693843 8.116461
153120 76.5600 0.693933 8.113439
153130 76.5650 0.694261 8.102441
153140 76.5700 0.694792 8.084598
153150 76.5750 0.695402 8.063991
153160 76.5800 0.695824 8.049624
153170 76.5850 0.696407 8.029720
153180 76.5900 0.697299 7.999033
153190 76.5950 0.698298 7.964368
153200 76.6000 0.699508 7.921889
153210 76.6050 0.700787 7.902523
153220 76.6100 0.702123 7.854407
153230 76.6150 0.703544 7.802513
153240 76.6200 0.705040 7.747055
153250 76.6250 0.706496 7.692268
153260 76.6300 0.707929 7.637556
153270 76.6350 0.709675 7.569805
153280 76.6400 0.711802 7.485661
153290 76.6450 0.714364 7.381967
153300 76.6500 0.716896 7.276860
153310 76.6550 0.719431 7.200298
153320 76.6600 0.722130 7.082581
153330 76.6650 0.724954 6.956176
153340 76.6700 0.727954 6.818331
153350 76.6750 0.730919 6.678555
153360 76.6800 0.734091 6.525185
153370 76.6850 0.737580 6.352065
153380 76.6900 0.741270 6.164201
153390 76.6950 0.745031 5.967913
153400 76.7000 0.748758 5.769029
153410 76.7050 0.752595 5.607674
153420 76.7100 0.756814 5.373439
153430 76.7150 0.761075 5.132810
153440 76.7200 0.765484 4.880540
153450 76.7250 0.769871 4.627164
153460 76.7300 0.774138 4.379633
153470 76.7350 0.778129 4.147966
153480 76.7400 0.782048 3.921352
153490 76.7450 0.786044 3.691913
153500 76.7500 0.790181 3.457148
153510 76.7550 0.794610 3.300617
153520 76.7600 0.799163 3.051269
153530 76.7650 0.803780 2.804876
153540 76.7700 0.808355 2.568314
153550 76.7750 0.812636 2.354842
153560 76.7800 0.816839 2.153422
153570 76.7850 0.820970 1.964056
153580 76.7900 0.824789 1.796978
153590 76.7950 0.828317 1.649897
153600 76.8000 0.831559 1.521006
153610 76.8050 0.834505 1.565187
153620 76.8100 0.837323 1.462338
153630 76.8150 0.840040 1.367243
153640 76.8200 0.842571 1.282237
153650 76.8250 0.845161 1.198895
153660 76.8300 0.847610 1.123438
153670 76.8350 0.849880 1.056382
153680 76.8400 0.851607 1.007236
153690 76.8450 0.853035 0.967806
153700 76.8500 0.854264 0.934726
153710 76.8550 0.855321 1.090927
153720 76.8600 0.856155 1.069295
153730 76.8650 0.856632 1.057082
153740 76.8700 0.856674 1.056009
153750 76.8750 0.856516 1.060030
153760 76.8800 0.856114 1.070367
153770 76.8850 0.855561 1.084659
153780 76.8900 0.854817 1.104128
153790 76.8950 0.853796 1.131267
153800 76.9000 0.852527 1.165621
153810 76.9050 0.850893 1.383423
153820 76.9100 0.848899 1.440079
153830 76.9150 0.846567 1.508354
153840 76.9200 0.843860 1.590374
153850 76.9250 0.840806 1.686502
153860 76.9300 0.837487 1.795345
153870 76.9350 0.833890 1.918519
153880 76.9400 0.830289 2.047267
153890 76.9450 0.826457 2.190276
153900 76.9500 0.822676 2.337334
153910 76.9550 0.818929 2.612868
153920 76.9600 0.815131 2.771121
153930 76.9650 0.811521 2.926080
153940 76.9700 0.807789 3.090737
153950 76.9750 0.804018 3.261423
153960 76.9800 0.800217 3.437608
153970 76.9850 0.796651 3.606324
153980 76.9900 0.793164 3.774243
153990 76.9950 0.789817 3.937838
154000 77.0000 0.786571 4.098427
154010 77.0050 0.783621 4.321679
154020 77.0100 0.780904 4.458060
154030 77.0150 0.778414 4.583493
154040 77.0200 0.776301 4.690186
154050 77.0250 0.774321 4.790287
154060 77.0300 0.772558 4.879439
154070 77.0350 0.771165 4.949872
154080 77.0400 0.769955 5.011017
154090 77.0450 0.768928 5.062874
154100 77.0500 0.768044 5.107477
154110 77.0550 0.767436 5.195444
154120 77.0600 0.767120 5.211324
154130 77.0650 0.767122 5.211260
154140 77.0700 0.767583 5.188038
154150 77.0750 0.768342 5.149740
154160 77.0800 0.769331 5.099796
154170 77.0850 0.770607 5.035305
154180 77.0900 0.771910 4.969320
154190 77.0950 0.773369 4.895405
154200 77.1000 0.774967 4.814401
154210 77.1050 0.776733 4.787009
154220 77.1100 0.778429 4.700902
154230 77.1150 0.780047 4.618763
154240 77.1200 0.781593 4.540302
154250 77.1250 0.783259 4.455871
154260 77.1300 0.784996 4.368013
154270 77.1350 0.786994 4.267200
154280 77.1400 0.789181 4.157215
154290 77.1450 0.791598 4.036293
154300 77.1500 0.794178 3.908028
154310 77.1550 0.796710 3.863250
154320 77.1600 0.799513 3.726021
154330 77.1650 0.802532 3.579706
154340 77.1700 0.805621 3.431906
154350 77.1750 0.808737 3.284882
154360 77.1800 0.811998 3.133603
154370 77.1850 0.815352 2.981006
154380 77.1900 0.818593 2.836630
154390 77.1950 0.821767 2.698354
154400 77.2000 0.824995 2.561146
154410 77.2050 0.828436 2.535348
154420 77.2100 0.831977 2.392462
154430 77.2150 0.835596 2.250590
154440 77.2200 0.839283 2.110623
154450 77.2250 0.843135 1.969410
154460 77.2300 0.846924 1.835634
154470 77.2350 0.850598 1.710924
154480 77.2400 0.854062 1.597899
154490 77.2450 0.857351 1.494696
154500 77.2500 0.860667 1.394802
154510 77.2550 0.864058 1.458345
154520 77.2600 0.867204 1.370413
154530 77.2650 0.870053 1.293450
154540 77.2700 0.872958 1.217584
154550 77.2750 0.875699 1.148464
154560 77.2800 0.878518 1.079844
154570 77.2850 0.881323 1.014033
154580 77.2900 0.884227 0.948518
154590 77.2950 0.887110 0.886095
154600 77.3000 0.889836 0.829474
154610 77.3050 0.892414 0.967362
154620 77.3100 0.894938 0.918306
154630 77.3150 0.897328 0.873227
154640 77.3200 0.899546 0.832604
154650 77.3250 0.901386 0.799760
154660 77.3300 0.902689 0.776994
154670 77.3350 0.903757 0.758632
154680 77.3400 0.904676 0.743033
154690 77.3450 0.905352 0.731685
154700 77.3500 0.905647 0.726767
154710 77.3550 0.905678 0.921318
154720 77.3600 0.905491 0.924423
154730 77.3650 0.905076 0.931346
154740 77.3700 0.904702 0.937626
154750 77.3750 0.904092 0.947891
154760 77.3800 0.903236 0.962383
154770 77.3850 0.902108 0.981665
154780 77.3900 0.900438 1.010594
154790 77.3950 0.898583 1.043219
154800 77.4000 0.896591 1.078874
154810 77.4050 0.894308 1.297106
154820 77.4100 0.892061 1.338382
154830 77.4150 0.889998 1.376699
154840 77.4200 0.887696 1.419991
154850 77.4250 0.885050 1.470419
154860 77.4300 0.881993 1.529718
154870 77.4350 0.878764 1.593613
154880 77.4400 0.875321 1.663345
154890 77.4450 0.872317 1.725687
154900 77.4500 0.869234 1.791241
154910 77.4550 0.866111 2.004019
154920 77.4600 0.862793 2.077771
154930 77.4650 0.859469 2.153448
154940 77.4700 0.856172 2.230556
154950 77.4750 0.852782 2.312179
154960 77.4800 0.849387 2.396545
154970 77.4850 0.846107 2.480784
154980 77.4900 0.842968 2.564111
154990 77.4950 0.839849 2.649709
155000 77.5000 0.836702 2.739040
155010 77.5050 0.833621 2.940456
155020 77.5100 0.830670 3.029436
155030 77.5150 0.827792 3.118678
155040 77.5200 0.825145 3.202941
155050 77.5250 0.822783 3.279915
155060 77.5300 0.820518 3.355358
155070 77.5350 0.818564 3.421731
155080 77.5400 0.816836 3.481396
155090 77.5450 0.815244 3.537169
155100 77.5500 0.813861 3.586263
155110 77.5550 0.812732 3.714448
155120 77.5600 0.812006 3.740659
155130 77.5650 0.811566 3.756632
155140 77.5700 0.811372 3.763670
155150 77.5750 0.811338 3.764916
155160 77.5800 0.811260 3.767737
155170 77.5850 0.811315 3.765767
155180 77.5900 0.811820 3.747393
155190 77.5950 0.812608 3.718937
155200 77.6000 0.813521 3.686117
155210 77.6050 0.814597 3.733017
155220 77.6100 0.815805 3.690250
155230 77.6150 0.817213 3.640858
155240 77.6200 0.818762 3.587039
155250 77.6250 0.820576 3.524773
155260 77.6300 0.822402 3.462873
155270 77.6350 0.824394 3.396301
155280 77.6400 0.826581 3.324274
155290 77.6450 0.828923 3.248451
155300 77.6500 0.831278 3.173498
155310 77.6550 0.833956 3.188137
155320 77.6600 0.836782 3.101191
155330 77.6650 0.839630 3.015047
155340 77.6700 0.842374 2.933396
155350 77.6750 0.845152 2.852030
155360 77.6800 0.847858 2.774006
155370 77.6850 0.850793 2.690634
155380 77.6900 0.853840 2.605450
155390 77.6950 0.856672 2.527415
155400 77.7000 0.859430 2.452424
155410 77.7050 0.862124 2.500316
155420 77.7100 0.864878 2.426695
155430 77.7150 0.867638 2.353429
155440 77.7200 0.870480 2.278460
155450 77.7250 0.873310 2.204240
155460 77.7300 0.876340 2.125293
155470 77.7350 0.879077 2.054377
155480 77.7400 0.881674 1.987490
155490 77.7450 0.884327 1.919544
155500 77.7500 0.886778 1.857169
155510 77.7550 0.888963 1.943973
155520 77.7600 0.891125 1.889196
155530 77.7650 0.893113 1.838882
155540 77.7700 0.894913 1.793434
155550 77.7750 0.896814 1.745534
155560 77.7800 0.898809 1.695412
155570 77.7850 0.900576 1.651156
155580 77.7900 0.902396 1.605784
155590 77.7950 0.903886 1.568751
155600 77.8000 0.904952 1.542382
155610 77.8050 0.905990 1.672019
155620 77.8100 0.907059 1.645617
155630 77.8150 0.908195 1.617616
155640 77.8200 0.909208 1.592647
155650 77.8250 0.910280 1.566284
155660 77.8300 0.910927 1.550404
155670 77.8350 0.911507 1.536171
155680 77.8400 0.912102 1.521587
155690 77.8450 0.912515 1.511487
155700 77.8500 0.912747 1.505814
155710 77.8550 0.912965 1.657367
155720 77.8600 0.913035 1.655661
155730 77.8650 0.912954 1.657642
155740 77.8700 0.912777 1.661964
155750 77.8750 0.912415 1.670808
155760 77.8800 0.912069 1.679277
155770 77.8850 0.911539 1.692234
155780 77.8900 0.910861 1.708788
155790 77.8950 0.910314 1.722159
155800 77.9000 0.909737 1.736244
155810 77.9050 0.909219 1.895978
155820 77.9100 0.908471 1.914180
155830 77.9150 0.907444 1.939083
155840 77.9200 0.906124 1.970933
155850 77.9250 0.904655 2.006189
155860 77.9300 0.903168 2.041639
155870 77.9350 0.901898 2.071700
155880 77.9400 0.900512 2.104328
155890 77.9450 0.898962 2.140505
155900 77.9500 0.897236 2.180453
155910 77.9550 0.895433 2.351611
155920 77.9600 0.893376 2.397929
155930 77.9650 0.891292 2.444067
155940 77.9700 0.889190 2.489806
155950 77.9750 0.886849 2.539815
155960 77.9800 0.884164 2.596019
155970 77.9850 0.881292 2.654819
155980 77.9900 0.878165 2.717432
155990 77.9950 0.874917 2.781083
156000 78.0000 0.871564 2.845537
156010 78.0050 0.868136 3.018058
156020 78.0100 0.864876 3.078428
156030 78.0150 0.861491 3.140310
156040 78.0200 0.858023 3.203276
156050 78.0250 0.854782 3.262084
156060 78.0300 0.851628 3.319637
156070 78.0350 0.848690 3.373841
156080 78.0400 0.845963 3.424911
156090 78.0450 0.843435 3.473070
156100 78.0500 0.840974 3.520901
156110 78.0550 0.838491 3.659409
156120 78.0600 0.836115 3.707433
156130 78.0650 0.833798 3.755262
156140 78.0700 0.831578 3.802120
156150 78.0750 0.829395 3.849236
156160 78.0800 0.827140 3.899072
156170 78.0850 0.824940 3.948953
156180 78.0900 0.822745 3.999975
156190 78.0950 0.820501 4.053500
156200 78.1000 0.818173 4.110545
156210 78.1050 0.815900 4.243463
156220 78.1100 0.813734 4.299240
156230 78.1150 0.811661 4.353846
156240 78.1200 0.809742 4.405469
156250 78.1250 0.807810 4.458494
156260 78.1300 0.805953 4.510464
156270 78.1350 0.804217 4.559930
156280 78.1400 0.802814 4.600536
156290 78.1450 0.801652 4.634579
156300 78.1500 0.800483 4.669229
156310 78.1550 0.799435 4.765389
156320 78.1600 0.798565 4.791630
156330 78.1650 0.797662 4.819086
156340 78.1700 0.796815 4.844981
156350 78.1750 0.796067 4.868034
156360 78.1800 0.795715 4.878925
156370 78.1850 0.795924 4.872470
156380 78.1900 0.796231 4.862958
156390 78.1950 0.796545 4.853300
156400 78.2000 0.797075 4.837028
156410 78.2050 0.797793 4.876890
156420 78.2100 0.798698 4.849401
156430 78.2150 0.799637 4.821054
156440 78.2200 0.800530 4.794288
156450 78.2250 0.801098 4.777367
156460 78.2300 0.801767 4.757515
156470 78.2350 0.802487 4.736292
156480 78.2400 0.803138 4.717182
156490 78.2450 0.803853 4.696304
156500 78.2500 0.804695 4.671900
156510 78.2550 0.805698 4.707739
156520 78.2600 0.806671 4.679946
156530 78.2650 0.807845 4.646639
156540 78.2700 0.809341 4.604613
156550 78.2750 0.810926 4.560625
156560 78.2800 0.812529 4.516666
156570 78.2850 0.814233 4.470533
156580 78.2900 0.816134 4.419769
156590 78.2950 0.818292 4.363022
156600 78.3000 0.820539 4.304954
156610 78.3050 0.822877 4.317240
156620 78.3100 0.825363 4.254984
156630 78.3150 0.828016 4.189574
156640 78.3200 0.830541 4.128270
156650 78.3250 0.833166 4.065413
156660 78.3300 0.835898 4.000855
156670 78.3350 0.838668 3.936211
156680 78.3400 0.841371 3.873806
156690 78.3450 0.844279 3.807248
156700 78.3500 0.847078 3.743641
156710 78.3550 0.849748 3.767042
156720 78.3600 0.852460 3.705448
156730 78.3650 0.855217 3.642604
156740 78.3700 0.857863 3.581939
156750 78.3750 0.860505 3.520893
156760 78.3800 0.863090 3.460590
156770 78.3850 0.865728 3.398367
156780 78.3900 0.868320 3.336474
156790 78.3950 0.870879 3.274530
156800 78.4000 0.873296 3.215209
156810 78.4050 0.875652 3.253720
156820 78.4100 0.877644 3.203210
156830 78.4150 0.879448 3.156775
156840 78.4200 0.881051 3.114945
156850 78.4250 0.882511 3.076393
156860 78.4300 0.883688 3.045003
156870 78.4350 0.884818 3.014613
156880 78.4400 0.885844 2.986763
156890 78.4450 0.886547 2.967574
156900 78.4500 0.886965 2.956118
156910 78.4550 0.887303 3.051394
156920 78.4600 0.887498 3.046029
156930 78.4650 0.887526 3.045266
156940 78.4700 0.887529 3.045182
156950 78.4750 0.887477 3.046592
156960 78.4800 0.887339 3.050420
156970 78.4850 0.887031 3.058874
156980 78.4900 0.886677 3.068592
156990 78.4950 0.886303 3.078817
157000 78.5000 0.885995 3.087224
157010 78.5050 0.885875 3.191317
157020 78.5100 0.885677 3.196695
157030 78.5150 0.885190 3.209864
157040 78.5200 0.884654 3.224313
157050 78.5250 0.884268 3.234652
157060 78.5300 0.883781 3.247638
157070 78.5350 0.883196 3.263138
157080 78.5400 0.882497 3.281537
157090 78.5450 0.881632 3.304110
157100 78.5500 0.880706 3.328026
157110 78.5550 0.879953 3.441569
157120 78.5600 0.879338 3.457171
157130 78.5650 0.878766 3.471560
157140 78.5700 0.878136 3.487291
157150 78.5750 0.877366 3.506359
157160 78.5800 0.876356 3.531104
157170 78.5850 0.875061 3.562347
157180 78.5900 0.873628 3.596326
157190 78.5950 0.872255 3.628314
157200 78.6000 0.870867 3.660082
157210 78.6050 0.869434 3.778193
157220 78.6100 0.868007 3.809616
157230 78.6150 0.866676 3.838398
157240 78.6200 0.865369 3.866142
157250 78.6250 0.864099 3.892659
157260 78.6300 0.862944 3.916414
157270 78.6350 0.861714 3.941322
157280 78.6400 0.860388 3.967769
157290 78.6450 0.858948 3.996030
157300 78.6500 0.857627 4.021557
157310 78.6550 0.856367 4.123200
157320 78.6600 0.854930 4.150124
157330 78.6650 0.853482 4.176855
157340 78.6700 0.851993 4.203901
157350 78.6750 0.850500 4.230659
157360 78.6800 0.848866 4.259541
157370 78.6850 0.847183 4.288920
157380 78.6900 0.845520 4.317628
157390 78.6950 0.843999 4.343674
157400 78.7000 0.842630 4.366945
157410 78.7050 0.841320 4.459597
157420 78.7100 0.840021 4.481437
157430 78.7150 0.838771 4.502363
157440 78.7200 0.837526 4.523135
157450 78.7250 0.836386 4.542129
157460 78.7300 0.835356 4.559283
157470 78.7350 0.834342 4.576156
157480 78.7400 0.833401 4.591828
157490 78.7450 0.832621 4.604830
157500 78.7500 0.831867 4.617420
157510 78.7550 0.831040 4.696979
157520 78.7600 0.830144 4.711982
157530 78.7650 0.829281 4.726447
157540 78.7700 0.828523 4.739176
157550 78.7750 0.827676 4.753442
157560 78.7800 0.826467 4.773871
157570 78.7850 0.825034 4.798226
157580 78.7900 0.823497 4.824529
157590 78.7950 0.821740 4.854903
157600 78.8000 0.820053 4.884406
157610 78.8050 0.818358 4.975393
157620 78.8100 0.816886 5.001707
157630 78.8150 0.815480 5.027119
157640 78.8200 0.814197 5.050545
157650 78.8250 0.813083 5.071097
157660 78.8300 0.812131 5.088820
157670 78.8350 0.811318 5.104076
157680 78.8400 0.810571 5.118190
157690 78.8450 0.810040 5.128283
157700 78.8500 0.809603 5.136624
157710 78.8550 0.809307 5.199142
157720 78.8600 0.808979 5.205454
157730 78.8650 0.808575 5.213240
157740 78.8700 0.808277 5.219002
157750 78.8750 0.807990 5.224570
157760 78.8800 0.807887 5.226558
157770 78.8850 0.808040 5.223596
157780 78.8900 0.808390 5.216815
157790 78.8950 0.808472 5.215231
157800 78.9000 0.808674 5.211329
157810 78.9050 0.809142 5.257993
157820 78.9100 0.809858 5.244264
157830 78.9150 0.810876 5.224868
157840 78.9200 0.812139 5.200991
157850 78.9250 0.813600 5.173609
157860 78.9300 0.815057 5.146545
157870 78.9350 0.816524 5.119525
157880 78.9400 0.818366 5.085873
157890 78.9450 0.820482 5.047537
157900 78.9500 0.822729 5.007142
157910 78.9550 0.825064 5.024264
157920 78.9600 0.827561 4.979524
157930 78.9650 0.829937 4.936806
157940 78.9700 0.832165 4.896534
157950 78.9750 0.834593 4.852261
157960 78.9800 0.837126 4.805503
157970 78.9850 0.839615 4.758832
157980 78.9900 0.842121 4.710991
157990 78.9950 0.844881 4.657101
158000 79.0000 0.847562 4.603388
158010 79.0050 0.850262 4.613639
158020 79.0100 0.852933 4.556596
158030 79.0150 0.855741 4.494450
158040 79.0200 0.858277 4.436248
158050 79.0250 0.860509 4.383319
158060 79.0300 0.862703 4.329635
158070 79.0350 0.864732 4.278498
158080 79.0400 0.866760 4.225906
158090 79.0450 0.868792 4.171702
158100 79.0500 0.870895 4.113987
158110 79.0550 0.872932 4.132092
158120 79.0600 0.874826 4.077059
158130 79.0650 0.876740 4.019954
158140 79.0700 0.878572 3.963859
158150 79.0750 0.880385 3.907053
158160 79.0800 0.882018 3.854718
158170 79.0850 0.883512 3.805932
158180 79.0900 0.885112 3.752721
158190 79.0950 0.886834 3.694370
158200 79.1000 0.888717 3.629280
158210 79.1050 0.890466 3.654273
158220 79.1100 0.892107 3.595404
158230 79.1150 0.893707 3.537037
158240 79.1200 0.895343 3.476436
158250 79.1250 0.897112 3.409919
158260 79.1300 0.898977 3.338683
158270 79.1350 0.900842 3.266491
158280 79.1400 0.902747 3.191735
158290 79.1450 0.904538 3.120678
158300 79.1500 0.906301 3.050055
158310 79.1550 0.908010 3.082823
158320 79.1600 0.909626 3.016934
158330 79.1650 0.911078 2.957315
158340 79.1700 0.912569 2.895765
158350 79.1750 0.914013 2.835838
158360 79.1800 0.915298 2.782335
158370 79.1850 0.916593 2.728294
158380 79.1900 0.917899 2.673620
158390 79.1950 0.919051 2.625383
158400 79.2000 0.920258 2.574778
158410 79.2050 0.921361 2.644891
158420 79.2100 0.922334 2.604060
158430 79.2150 0.923214 2.567083
158440 79.2200 0.924047 2.532104
158450 79.2250 0.924972 2.493290
158460 79.2300 0.925852 2.456408
158470 79.2350 0.926705 2.420640
158480 79.2400 0.927437 2.390018
158490 79.2450 0.928057 2.364127
158500 79.2500 0.928563 2.342979
158510 79.2550 0.929080 2.445578
158520 79.2600 0.929467 2.429460
158530 79.2650 0.929369 2.433553
158540 79.2700 0.929290 2.436828
158550 79.2750 0.929401 2.432185
158560 79.2800 0.929541 2.426352
158570 79.2850 0.929800 2.415573
158580 79.2900 0.930148 2.401097
158590 79.2950 0.930437 2.389043
158600 79.3000 0.930572 2.383431
158610 79.3050 0.930705 2.500668
158620 79.3100 0.930586 2.505629
158630 79.3150 0.930276 2.518526
158640 79.3200 0.930061 2.527438
158650 79.3250 0.929844 2.536480
158660 79.3300 0.929484 2.551457
158670 79.3350 0.928924 2.574761
158680 79.3400 0.928437 2.595025
158690 79.3450 0.927805 2.621323
158700 79.3500 0.927123 2.649735
158710 79.3550 0.926311 2.797397
158720 79.3600 0.925257 2.841133
158730 79.3650 0.924273 2.881872
158740 79.3700 0.923391 2.918273
158750 79.3750 0.922647 2.948876
158760 79.3800 0.921928 2.978387
158770 79.3850 0.921245 3.006365
158780 79.3900 0.920500 3.036784
158790 79.3950 0.919783 3.065934
158800 79.4000 0.918967 3.099023
158810 79.4050 0.918008 3.238214
158820 79.4100 0.917107 3.274320
158830 79.4150 0.916223 3.309559
158840 79.4200 0.915361 3.343685
158850 79.4250 0.914506 3.377305
158860 79.4300 0.913677 3.409686
158870 79.4350 0.912998 3.436079
158880 79.4400 0.912432 3.457936
158890 79.4450 0.911704 3.485855
158900 79.4500 0.910829 3.519214
158910 79.4550 0.909991 3.640227
158920 79.4600 0.909149 3.671760
158930 79.4650 0.908507 3.695626
158940 79.4700 0.907932 3.716808
158950 79.4750 0.907364 3.737606
158960 79.4800 0.907041 3.749408
158970 79.4850 0.906920 3.753778
158980 79.4900 0.906917 3.753888
158990 79.4950 0.906926 3.753567
159000 79.5000 0.907128 3.746224
159010 79.5050 0.907410 3.819799
159020 79.5100 0.907633 3.811643
159030 79.5150 0.907692 3.809489
159040 79.5200 0.907762 3.806916
159050 79.5250 0.907711 3.808796
159060 79.5300 0.907652 3.810936
159070 79.5350 0.907714 3.808670
159080 79.5400 0.907957 3.799759
159090 79.5450 0.908295 3.787302
159100 79.5500 0.908594 3.776224
159110 79.5550 0.909058 3.842107
159120 79.5600 0.909411 3.828905
159130 79.5650 0.909888 3.811000
159140 79.5700 0.910500 3.787815
159150 79.5750 0.910912 3.772133
159160 79.5800 0.911352 3.755282
159170 79.5850 0.911757 3.739668
159180 79.5900 0.911864 3.735543
159190 79.5950 0.911765 3.739384
159200 79.6000 0.911646 3.743958
159210 79.6050 0.911495 3.833700
159220 79.6100 0.911282 3.841885
159230 79.6150 0.911049 3.850783
159240 79.6200 0.910815 3.859723
159250 79.6250 0.910680 3.864871
159260 79.6300 0.910821 3.859511
159270 79.6350 0.910857 3.858130
159280 79.6400 0.910848 3.858484
159290 79.6450 0.910841 3.858747
159300 79.6500 0.910691 3.864464
159310 79.6550 0.910465 3.954159
159320 79.6600 0.910310 3.960041
159330 79.6650 0.910303 3.960330
159340 79.6700 0.910399 3.956678
159350 79.6750 0.910613 3.948564
159360 79.6800 0.911065 3.931311
159370 79.6850 0.911613 3.910278
159380 79.6900 0.912338 3.882177
159390 79.6950 0.913196 3.848611
159400 79.7000 0.914041 3.815171
159410 79.7050 0.914986 3.859642
159420 79.7100 0.916166 3.811775
159430 79.7150 0.917431 3.759726
159440 79.7200 0.918786 3.703174
159450 79.7250 0.920113 3.646981
159460 79.7300 0.921572 3.584356
159470 79.7350 0.923107 3.517551
159480 79.7400 0.924458 3.458082
159490 79.7450 0.925841 3.396560
159500 79.7500 0.927403 3.326362
159510 79.7550 0.928992 3.348481
159520 79.7600 0.930797 3.265690
159530 79.7650 0.932759 3.174813
159540 79.7700 0.934755 3.081637
159550 79.7750 0.936764 2.987237
159560 79.7800 0.938966 2.883265
159570 79.7850 0.941011 2.786538
159580 79.7900 0.942764 2.703573
159590 79.7950 0.944471 2.622928
159600 79.8000 0.946077 2.547226
159610 79.8050 0.947687 2.588803
159620 79.8100 0.949413 2.507984
159630 79.8150 0.951342 2.418165
159640 79.8200 0.953347 2.325533
159650 79.8250 0.955393 2.231885
159660 79.8300 0.957430 2.139756
159670 79.8350 0.959407 2.051478
159680 79.8400 0.961192 1.972923
159690 79.8450 0.963203 1.885837
159700 79.8500 0.965139 1.803480
159710 79.8550 0.967055 1.867809
159720 79.8600 0.968974 1.789133
159730 79.8650 0.970664 1.721091
159740 79.8700 0.972377 1.653436
159750 79.8750 0.974028 1.589479
159760 79.8800 0.975433 1.536069
159770 79.8850 0.976834 1.483780
159780 79.8900 0.977932 1.443482
159790 79.8950 0.978630 1.418174
159800 79.9000 0.979219 1.396996
159810 79.9050 0.979595 1.545309
159820 79.9100 0.979766 1.539237
159830 79.9150 0.979812 1.537627
159840 79.9200 0.979536 1.547418
159850 79.9250 0.979200 1.559420
159860 79.9300 0.978800 1.573764
159870 79.9350 0.978328 1.590773
159880 79.9400 0.977676 1.614457
159890 79.9450 0.977011 1.638786
159900 79.9500 0.976322 1.664225
159910 79.9550 0.975600 1.841149
159920 79.9600 0.974902 1.867273
159930 79.9650 0.973975 1.902247
159940 79.9700 0.972838 1.945563
159950 79.9750 0.971503 1.996984
159960 79.9800 0.970202 2.047644
159970 79.9850 0.968989 2.095363
159980 79.9900 0.967817 2.141913
159990 79.9950 0.966701 2.186596
160000 80.0000 0.965500 2.235044
160010 80.0050 0.964320 2.410938
160020 80.0100 0.962962 2.466440
160030 80.0150 0.961363 2.532212
160040 80.0200 0.959647 2.603217
160050 80.0250 0.957689 2.684716
160060 80.0300 0.955715 2.767274
160070 80.0350 0.953786 2.848207
160080 80.0400 0.951951 2.925380
160090 80.0450 0.950317 2.994108
160100 80.0500 0.948610 3.065899
160110 80.0550 0.947026 3.233784
160120 80.0600 0.945434 3.300322
160130 80.0650 0.943872 3.365256
160140 80.0700 0.942382 3.426848
160150 80.0750 0.940982 3.484368
160160 80.0800 0.939529 3.543601
160170 80.0850 0.937989 3.605865
160180 80.0900 0.936480 3.666327
160190 80.0950 0.935017 3.724273
160200 80.1000 0.933984 3.764855
160210 80.1050 0.933324 3.873992
160220 80.1100 0.932792 3.894603
160230 80.1150 0.932440 3.908210
160240 80.1200 0.932253 3.915405
160250 80.1250 0.932293 3.913872
160260 80.1300 0.932506 3.905666
160270 80.1350 0.932858 3.892050
160280 80.1400 0.933332 3.873670
160290 80.1450 0.933957 3.849313
160300 80.1500 0.934707 3.819911
160310 80.1550 0.935395 3.874899
160320 80.1600 0.935857 3.856562
160330 80.1650 0.936303 3.838801
160340 80.1700 0.936624 3.825973
160350 80.1750 0.936975 3.811916
160360 80.1800 0.937276 3.799791
160370 80.1850 0.937656 3.784460
160380 80.1900 0.938155 3.764270
160390 80.1950 0.938895 3.734214
160400 80.2000 0.939775 3.698208
160410 80.2050 0.940535 3.751934
160420 80.2100 0.941239 3.722789
160430 80.2150 0.941880 3.696156
160440 80.2200 0.942459 3.671984
160450 80.2250 0.943224 3.639880
160460 80.2300 0.944123 3.601980
160470 80.2350 0.944872 3.570229
160480 80.2400 0.945651 3.537078
160490 80.2450 0.946408 3.504717
160500 80.2500 0.947208 3.470431
160510 80.2550 0.948026 3.525783
160520 80.2600 0.948832 3.490929
160530 80.2650 0.949796 3.449044
160540 80.2700 0.950834 3.403799
160550 80.2750 0.951931 3.355767
160560 80.2800 0.952916 3.312466
160570 80.2850 0.953740 3.276173
160580 80.2900 0.954507 3.242294
160590 80.2950 0.955207 3.211345
160600 80.3000 0.955912 3.180153
160610 80.3050 0.956476 3.253366
160620 80.3100 0.957017 3.229318
160630 80.3150 0.957528 3.206631
160640 80.3200 0.957881 3.190896
160650 80.3250 0.958150 3.178955
160660 80.3300 0.958182 3.177523
160670 80.3350 0.958375 3.168936
160680 80.3400 0.958789 3.150461
160690 80.3450 0.959178 3.133144
160700 80.3500 0.959759 3.107223
160710 80.3550 0.960404 3.178687
160720 80.3600 0.960967 3.153483
160730 80.3650 0.961663 3.122342
160740 80.3700 0.962359 3.091194
160750 80.3750 0.963026 3.061307
160760 80.3800 0.963421 3.043611
160770 80.3850 0.964064 3.014781
160780 80.3900 0.964921 2.976337
160790 80.3950 0.965756 2.938884
160800 80.4000 0.966341 2.912668
160810 80.4050 0.966832 2.996525
160820 80.4100 0.967544 2.964637
160830 80.4150 0.968136 2.938100
160840 80.4200 0.968588 2.917841
160850 80.4250 0.969010 2.898949
160860 80.4300 0.969192 2.890798
160870 80.4350 0.969126 2.893741
160880 80.4400 0.968566 2.918805
160890 80.4450 0.967975 2.945313
160900 80.4500 0.967298 2.975667
160910 80.4550 0.966536 3.113817
160920 80.4600 0.965672 3.152480
160930 80.4650 0.965030 3.181199
160940 80.4700 0.964435 3.207786
160950 80.4750 0.963703 3.240419
160960 80.4800 0.963050 3.269527
160970 80.4850 0.962602 3.289432
160980 80.4900 0.961865 3.322191
160990 80.4950 0.960967 3.361932
161000 80.5000 0.959989 3.405146
161010 80.5050 0.958981 3.541718
161020 80.5100 0.957926 3.587869
161030 80.5150 0.956793 3.637138
161040 80.5200 0.955672 3.685577
161050 80.5250 0.954564 3.733131
161060 80.5300 0.953548 3.776365
161070 80.5350 0.952839 3.806394
161080 80.5400 0.952258 3.830843
161090 80.5450 0.951619 3.857664
161100 80.5500 0.950951 3.885491
161110 80.5550 0.950507 3.984589
161120 80.5600 0.950157 3.999044
161130 80.5650 0.949706 4.017637
161140 80.5700 0.949263 4.035806
161150 80.5750 0.948887 4.051133
161160 80.5800 0.948644 4.061024
161170 80.5850 0.948416 4.070294
161180 80.5900 0.948299 4.075054
161190 80.5950 0.948408 4.070638
161200 80.6000 0.948302 4.074925
161210 80.6050 0.948064 4.161041
161220 80.6100 0.947834 4.170335
161230 80.6150 0.947736 4.174298
161240 80.6200 0.947645 4.177960
161250 80.6250 0.947437 4.186300
161260 80.6300 0.946942 4.206104
161270 80.6350 0.946467 4.224986
161280 80.6400 0.946030 4.242272
161290 80.6450 0.945599 4.259244
161300 80.6500 0.945400 4.267034
161310 80.6550 0.945260 4.345022
161320 80.6600 0.945065 4.352630
161330 80.6650 0.944754 4.364696
161340 80.6700 0.944333 4.380996
161350 80.6750 0.943834 4.400189
161360 80.6800 0.943559 4.410695
161370 80.6850 0.943313 4.420053
161380 80.6900 0.943103 4.428058
161390 80.6950 0.943088 4.428617
161400 80.7000 0.943004 4.431797
161410 80.7050 0.943007 4.500902
161420 80.7100 0.943264 4.491149
161430 80.7150 0.943831 4.469520
161440 80.7200 0.944306 4.451275
161450 80.7250 0.944556 4.441573
161460 80.7300 0.944462 4.445222
161470 80.7350 0.944347 4.449689
161480 80.7400 0.944281 4.452227
161490 80.7450 0.944340 4.449960
161500 80.7500 0.944613 4.439377
161510 80.7550 0.944871 4.498436
161520 80.7600 0.945202 4.485512
161530 80.7650 0.945685 4.466566
161540 80.7700 0.946434 4.436889
161550 80.7750 0.947168 4.407513
161560 80.7800 0.947876 4.378893
161570 80.7850 0.948731 4.343980
161580 80.7900 0.949728 4.302766
161590 80.7950 0.950580 4.267133
161600 80.8000 0.951467 4.229658
161610 80.8050 0.952614 4.253894
161620 80.8100 0.953815 4.201817
161630 80.8150 0.954967 4.151266
161640 80.8200 0.956019 4.104545
161650 80.8250 0.957023 4.059498
161660 80.8300 0.957936 4.018216
161670 80.8350 0.958903 3.974083
161680 80.8400 0.960014 3.922951
161690 80.8450 0.961067 3.874065
161700 80.8500 0.962192 3.821441
161710 80.8550 0.963471 3.843241
161720 80.8600 0.964689 3.785248
161730 80.8650 0.965953 3.724664
161740 80.8700 0.967267 3.661178
161750 80.8750 0.968579 3.597363
161760 80.8800 0.969974 3.529155
161770 80.8850 0.971506 3.453758
161780 80.8900 0.972900 3.384880
161790 80.8950 0.974174 3.321726
161800 80.9000 0.975561 3.252745
161810 80.9050 0.976704 3.292094
161820 80.9100 0.977686 3.243062
161830 80.9150 0.978603 3.197268
161840 80.9200 0.979384 3.158199
161850 80.9250 0.980145 3.120168
161860 80.9300 0.980800 3.087393
161870 80.9350 0.981622 3.046313
161880 80.9400 0.982364 3.009205
161890 80.9450 0.982875 2.983659
161900 80.9500 0.983234 2.965755
161910 80.9550 0.983442 3.059684
161920 80.9600 0.983460 3.058768
161930 80.9650 0.983380 3.062749
161940 80.9700 0.983155 3.074009
161950 80.9750 0.983087 3.077376
161960 80.9800 0.982928 3.085351
161970 80.9850 0.982638 3.099789
161980 80.9900 0.982369 3.113253
161990 80.9950 0.982226 3.120374
162000 81.0000 0.982131 3.125113
162010 81.0050 0.982102 3.226331
162020 81.0100 0.982099 3.226467
162030 81.0150 0.982091 3.226903
162040 81.0200 0.982209 3.220978
162050 81.0250 0.982322 3.215357
162060 81.0300 0.982481 3.207396
162070 81.0350 0.982854 3.188777
162080 81.0400 0.983329 3.165024
162090 81.0450 0.983992 3.131926
162100 81.0500 0.984623 3.100355
162110 81.0550 0.985026 3.180670
162120 81.0600 0.985494 3.157305
162130 81.0650 0.986004 3.131761
162140 81.0700 0.986677 3.098136
162150 81.0750 0.987023 3.080838
162160 81.0800 0.987302 3.066891
162170 81.0850 0.987820 3.041003
162180 81.0900 0.988294 3.017308
162190 81.0950 0.988620 3.001006
162200 81.1000 0.988831 2.990484
162210 81.1050 0.988980 3.086657
162220 81.1100 0.989288 3.071235
162230 81.1150 0.989642 3.053601
162240 81.1200 0.990093 3.031071
162250 81.1250 0.990471 3.012216
162260 81.1300 0.990825 2.994557
162270 81.1350 0.991133 2.979208
162280 81.1400 0.991612 2.955338
162290 81.1450 0.992198 2.926169
162300 81.1500 0.992756 2.898392
162310 81.1550 0.993244 2.980450
162320 81.1600 0.993818 2.951940
162330 81.1650 0.994386 2.923776
162340 81.1700 0.995080 2.889343
162350 81.1750 0.995943 2.846622
162360 81.1800 0.996903 2.799213
162370 81.1850 0.997995 2.745443
162380 81.1900 0.999268 2.682984
162390 81.1950 1.000691 2.613503
162400 81.2000 1.001943 2.552709
162410 81.2050 1.003232 2.607556
162420 81.2100 1.004508 2.546284
162430 81.2150 1.005928 2.478557
162440 81.2200 1.007406 2.408544
162450 81.2250 1.009021 2.332780
162460 81.2300 1.010797 2.250409
162470 81.2350 1.012794 2.158977
162480 81.2400 1.014936 2.062567
162490 81.2450 1.017077 1.967978
162500 81.2500 1.019103 1.880213
162510 81.2550 1.021015 1.940298
162520 81.2600 1.023034 1.856143
162530 81.2650 1.024899 1.779989
162540 81.2700 1.026578 1.712772
162550 81.2750 1.028296 1.645344
162560 81.2800 1.030019 1.579121
162570 81.2850 1.031652 1.517744
162580 81.2900 1.033273 1.458119
162590 81.2950 1.034936 1.398340
162600 81.3000 1.036530 1.342423
162610 81.3050 1.037958 1.457621
162620 81.3100 1.039354 1.410629
162630 81.3150 1.040623 1.368689
162640 81.3200 1.041902 1.327217
162650 81.3250 1.043058 1.290385
162660 81.3300 1.044156 1.256025
162670 81.3350 1.044953 1.231429
162680 81.3400 1.045880 1.203243
162690 81.3450 1.046816 1.175187
162700 81.3500 1.047629 1.151161
162710 81.3550 1.048470 1.299873
162720 81.3600 1.049120 1.281115
162730 81.3650 1.049737 1.263471
162740 81.3700 1.050197 1.250421
162750 81.3750 1.050504 1.241753
162760 81.3800 1.050939 1.229563
162770 81.3850 1.051271 1.220312
162780 81.3900 1.051473 1.214700
162790 81.3950 1.051529 1.213151
162800 81.4000 1.051672 1.209182
162810 81.4050 1.051717 1.378380
162820 81.4100 1.051645 1.380372
162830 81.4150 1.051317 1.389457
162840 81.4200 1.050786 1.404258
162850 81.4250 1.049989 1.426668
162860 81.4300 1.049157 1.450281
162870 81.4350 1.048101 1.480599
162880 81.4400 1.046901 1.515557
162890 81.4450 1.045471 1.557861
162900 81.4500 1.043907 1.604924
162910 81.4550 1.042152 1.811267
162920 81.4600 1.040391 1.866123
162930 81.4650 1.038573 1.923657
162940 81.4700 1.037008 1.973939
162950 81.4750 1.035587 2.020177
162960 81.4800 1.034296 2.062708
162970 81.4850 1.033017 2.105266
162980 81.4900 1.031916 2.142257
162990 81.4950 1.030757 2.181577
163000 81.5000 1.029703 2.217655
163010 81.5050 1.028940 2.372508
163020 81.5100 1.028375 2.392032
163030 81.5150 1.027774 2.412882
163040 81.5200 1.027197 2.432993
163050 81.5250 1.026638 2.452530
163060 81.5300 1.026075 2.472239
163070 81.5350 1.025767 2.483062
163080 81.5400 1.025610 2.488595
163090 81.5450 1.025788 2.482348
163100 81.5500 1.025889 2.478771
163110 81.5550 1.025935 2.596682
163120 81.5600 1.025963 2.595712
163130 81.5650 1.026221 2.586653
163140 81.5700 1.026604 2.573229
163150 81.5750 1.026928 2.561868
163160 81.5800 1.027212 2.551923
163170 81.5850 1.027515 2.541357
163180 81.5900 1.027580 2.539092
163190 81.5950 1.027540 2.540491
163200 81.6000 1.027514 2.541383
163210 81.6050 1.027365 2.664040
163220 81.6100 1.026947 2.678636
163230 81.6150 1.026282 2.701937
163240 81.6200 1.025671 2.723342
163250 81.6250 1.025158 2.741376
163260 81.6300 1.024383 2.768630
163270 81.6350 1.023493 2.800042
163280 81.6400 1.022488 2.835583
163290 81.6450 1.021555 2.868692
163300 81.6500 1.020666 2.900298
163310 81.6550 1.019943 3.032265
163320 81.6600 1.019356 3.053189
163330 81.6650 1.018872 3.070457
163340 81.6700 1.018484 3.084280
163350 81.6750 1.017999 3.101596
163360 81.6800 1.017545 3.117809
163370 81.6850 1.017270 3.127644
163380 81.6900 1.017014 3.136795
163390 81.6950 1.016818 3.143798
163400 81.7000 1.016522 3.154378
163410 81.7050 1.016373 3.258639
163420 81.7100 1.016390 3.258035
163430 81.7150 1.016457 3.255633
163440 81.7200 1.016580 3.251249
163450 81.7250 1.016393 3.257941
163460 81.7300 1.016202 3.264767
163470 81.7350 1.015870 3.276613
163480 81.7400 1.015529 3.288808
163490 81.7450 1.014990 3.308069
163500 81.7500 1.014316 3.332160
163510 81.7550 1.013736 3.447011
163520 81.7600 1.013230 3.465087
163530 81.7650 1.012776 3.481249
163540 81.7700 1.012392 3.494932
163550 81.7750 1.011985 3.509402
163560 81.7800 1.011458 3.528146
163570 81.7850 1.011156 3.538889
163580 81.7900 1.010878 3.548761
163590 81.7950 1.010523 3.561367
163600 81.8000 1.010040 3.578495
163610 81.8050 1.009570 3.683034
163620 81.8100 1.009186 3.696603
163630 81.8150 1.008761 3.711629
163640 81.8200 1.008413 3.723891
163650 81.8250 1.007968 3.739582
163660 81.8300 1.007262 3.764406
163670 81.8350 1.006650 3.785891
163680 81.8400 1.006150 3.803396
163690 81.8450 1.005688 3.819529
163700 81.8500 1.005172 3.837541
163710 81.8550 1.004511 3.942302
163720 81.8600 1.003690 3.970796
163730 81.8650 1.002892 3.998366
163740 81.8700 1.002116 4.025058
163750 81.8750 1.001432 4.048506
163760 81.8800 1.000786 4.070590
163770 81.8850 1.000132 4.092872
163780 81.8900 0.999487 4.114745
163790 81.8950 0.998886 4.135087
163800 81.9000 0.998519 4.147452
163810 81.9050 0.998205 4.232988
163820 81.9100 0.997669 4.250972
163830 81.9150 0.997161 4.267964
163840 81.9200 0.996724 4.282533
163850 81.9250 0.996094 4.303460
163860 81.9300 0.995478 4.323857
163870 81.9350 0.994701 4.349416
163880 81.9400 0.993823 4.378170
163890 81.9450 0.992984 4.405434
163900 81.9500 0.992151 4.432371
163910 81.9550 0.991316 4.528401
163920 81.9600 0.990272 4.561648
163930 81.9650 0.989258 4.593636
163940 81.9700 0.988488 4.617743
163950 81.9750 0.987652 4.643699
163960 81.9800 0.986761 4.671168
163970 81.9850 0.986122 4.690715
163980 81.9900 0.985730 4.702657
163990 81.9950 0.985371 4.713553
164000 82.0000 0.985201 4.718690
164010 82.0050 0.985322 4.778919
164020 82.0100 0.985443 4.775250
164030 82.0150 0.985593 4.770712
164040 82.0200 0.985745 4.766102
164050 82.0250 0.985916 4.760903
164060 82.0300 0.986173 4.753052
164070 82.0350 0.986711 4.736572
164080 82.0400 0.987326 4.717634
164090 82.0450 0.988134 4.692551
164100 82.0500 0.989161 4.660388
164110 82.0550 0.990295 4.689404
164120 82.0600 0.991621 4.646877
164130 82.0650 0.993098 4.598830
164140 82.0700 0.994538 4.551303
164150 82.0750 0.995993 4.502616
164160 82.0800 0.997586 4.448563
164170 82.0850 0.999302 4.389509
164180 82.0900 1.001225 4.322327
164190 82.0950 1.003312 4.248225
164200 82.1000 1.005611 4.165258
164210 82.1050 1.007847 4.157785
164220 82.1100 1.010283 4.066843
164230 82.1150 1.013169 3.957108
164240 82.1200 1.016003 3.847483
164250 82.1250 1.018782 3.738292
164260 82.1300 1.021633 3.624732
164270 82.1350 1.024591 3.505429
164280 82.1400 1.027603 3.382733
164290 82.1450 1.030478 3.264616
164300 82.1500 1.033385 3.144484
164310 82.1550 1.036385 3.119120
164320 82.1600 1.039568 2.986284
164330 82.1650 1.042783 2.851883
164340 82.1700 1.045899 2.721698
164350 82.1750 1.048828 2.599772
164360 82.1800 1.051573 2.486179
164370 82.1850 1.054117 2.381660
164380 82.1900 1.056619 2.279769
164390 82.1950 1.059108 2.179565
164400 82.2000 1.061586 2.081048
164410 82.2050 1.063892 2.124104
164420 82.2100 1.066126 2.037443
164430 82.2150 1.068243 1.956409
164440 82.2200 1.070180 1.883241
164450 82.2250 1.072040 1.813952
164460 82.2300 1.073640 1.755191
164470 82.2350 1.074972 1.706830
164480 82.2400 1.076250 1.660983
164490 82.2450 1.077363 1.621484
164500 82.2500 1.078431 1.584012
164510 82.2550 1.079393 1.704022
164520 82.2600 1.080240 1.674813
164530 82.2650 1.080980 1.649433
164540 82.2700 1.081357 1.636568
164550 82.2750 1.081626 1.627421
164560 82.2800 1.081618 1.627708
164570 82.2850 1.081511 1.631348
164580 82.2900 1.081268 1.639626
164590 82.2950 1.080877 1.652953
164600 82.3000 1.080218 1.675572
164610 82.3050 1.079462 1.851231
164620 82.3100 1.078578 1.881912
164630 82.3150 1.077406 1.922831
164640 82.3200 1.076155 1.966841
164650 82.3250 1.074767 2.016031
164660 82.3300 1.073108 2.075379
164670 82.3350 1.071273 2.141583
164680 82.3400 1.069565 2.203717
164690 82.3450 1.067799 2.268433
164700 82.3500 1.065755 2.343871
164710 82.3550 1.063512 2.551226
164720 82.3600 1.061221 2.636509
164730 82.3650 1.058877 2.723917
164740 82.3700 1.056492 2.812925
164750 82.3750 1.053929 2.908474
164760 82.3800 1.051328 3.005271
164770 82.3850 1.048630 3.105293
164780 82.3900 1.045896 3.206124
164790 82.3950 1.042953 3.313894
164800 82.4000 1.039780 3.429085
164810 82.4050 1.036572 3.635652
164820 82.4100 1.033656 3.738513
164830 82.4150 1.030824 3.836804
164840 82.4200 1.028167 3.927555
164850 82.4250 1.025570 4.014728
164860 82.4300 1.023009 4.099257
164870 82.4350 1.020413 4.183356
164880 82.4400 1.017970 4.261037
164890 82.4450 1.015616 4.334493
164900 82.4500 1.013268 4.406440
164910 82.4550 1.010896 4.547360
164920 82.4600 1.008619 4.614181
164930 82.4650 1.006319 4.680236
164940 82.4700 1.003962 4.746327
164950 82.4750 1.001705 4.808150
164960 82.4800 0.999683 4.862275
164970 82.4850 0.997891 4.909264
164980 82.4900 0.996366 4.948518
164990 82.4950 0.994909 4.985419
165000 82.5000 0.993554 5.019154
165010 82.5050 0.992231 5.110334
165020 82.5100 0.991349 5.131631
165030 82.5150 0.990544 5.150865
165040 82.5200 0.989602 5.173123
165050 82.5250 0.988631 5.195769
165060 82.5300 0.987829 5.214256
165070 82.5350 0.987318 5.225919
165080 82.5400 0.987036 5.232335
165090 82.5450 0.986735 5.239135
165100 82.5500 0.986505 5.244313
165110 82.5550 0.986507 5.299443
165120 82.5600 0.986720 5.294632
165130 82.5650 0.987057 5.287007
165140 82.5700 0.987415 5.278866
165150 82.5750 0.987877 5.268296
165160 82.5800 0.988440 5.255329
165170 82.5850 0.989040 5.241369
165180 82.5900 0.989806 5.223377
165190 82.5950 0.990605 5.204404
165200 82.6000 0.991405 5.185195
165210 82.6050 0.992224 5.221382
165220 82.6100 0.993082 5.200285
165230 82.6150 0.994275 5.170511
165240 82.6200 0.995369 5.142768
165250 82.6250 0.996705 5.108291
165260 82.6300 0.998289 5.066612
165270 82.6350 1.000058 5.019012
165280 82.6400 1.002016 4.965041
165290 82.6450 1.004105 4.905987
165300 82.6500 1.005977 4.851776
165310 82.6550 1.007914 4.855925
165320 82.6600 1.009935 4.794578
165330 82.6650 1.011961 4.731612
165340 82.6700 1.013901 4.669933
165350 82.6750 1.015751 4.609908
165360 82.6800 1.017851 4.540366
165370 82.6850 1.020162 4.462115
165380 82.6900 1.022766 4.371856
165390 82.6950 1.025537 4.273515
165400 82.7000 1.028302 4.173083
165410 82.7050 1.031047 4.145614
165420 82.7100 1.033769 4.042363
165430 82.7150 1.036550 3.934810
165440 82.7200 1.039301 3.826542
165450 82.7250 1.042154 3.712415
165460 82.7300 1.045309 3.584356
165470 82.7350 1.048625 3.447957
165480 82.7400 1.051999 3.307733
165490 82.7450 1.055360 3.166919
165500 82.7500 1.058942 3.016200
165510 82.7550 1.062451 2.971018
165520 82.7600 1.066021 2.820266
165530 82.7650 1.069585 2.670199
165540 82.7700 1.073139 2.521563
165550 82.7750 1.076591 2.378688
165560 82.7800 1.080108 2.235157
165570 82.7850 1.083471 2.100361
165580 82.7900 1.086889 1.966190
165590 82.7950 1.090346 1.833857
165600 82.8000 1.093876 1.702695
165610 82.8050 1.097265 1.729030
165620 82.8100 1.100557 1.613921
165630 82.8150 1.103843 1.502703
165640 82.8200 1.106958 1.400974
165650 82.8250 1.109861 1.309519
165660 82.8300 1.112562 1.227435
165670 82.8350 1.114970 1.156808
165680 82.8400 1.117214 1.093172
165690 82.8450 1.119259 1.037056
165700 82.8500 1.121231 0.984633
165710 82.8550 1.123128 1.117133
165720 82.8600 1.124735 1.076693
165730 82.8650 1.126093 1.043217
165740 82.8700 1.127206 1.016289
165750 82.8750 1.128056 0.996056
165760 82.8800 1.128485 0.985930
165770 82.8850 1.128605 0.983106
165780 82.8900 1.128281 0.990728
165790 82.8950 1.127669 1.005242
165800 82.9000 1.127041 1.020265
165810 82.9050 1.126307 1.217680
165820 82.9100 1.125559 1.235924
165830 82.9150 1.124742 1.256023
165840 82.9200 1.123948 1.275739
165850 82.9250 1.123137 1.296069
165860 82.9300 1.122044 1.323767
165870 82.9350 1.120758 1.356807
165880 82.9400 1.119316 1.394421
165890 82.9450 1.117662 1.438318
165900 82.9500 1.115773 1.489409
165910 82.9550 1.113711 1.703792
165920 82.9600 1.111336 1.770331
165930 82.9650 1.108889 1.840177
165940 82.9700 1.106631 1.905730
165950 82.9750 1.104295 1.974631
165960 82.9800 1.101773 2.050261
165970 82.9850 1.099140 2.130544
165980 82.9900 1.096304 2.218465
165990 82.9950 1.093545 2.305362
166000 83.0000 1.090937 2.388672
166010 83.0050 1.088393 2.593409
166020 83.0100 1.085899 2.674608
166030 83.0150 1.083630 2.748950
166040 83.0200 1.081388 2.822816
166050 83.0250 1.079283 2.892494
166060 83.0300 1.077348 2.956782
166070 83.0350 1.075518 3.017728
166080 83.0400 1.073852 3.073373
166090 83.0450 1.072403 3.121847
166100 83.0500 1.070988 3.169209
166110 83.0550 1.069579 3.314940
166120 83.0600 1.068099 3.364420
166130 83.0650 1.066647 3.412914
166140 83.0700 1.065246 3.459587
166150 83.0750 1.064233 3.493290
166160 83.0800 1.063463 3.518852
166170 83.0850 1.062758 3.542260
166180 83.0900 1.062468 3.551866
166190 83.0950 1.062337 3.556204
166200 83.1000 1.062412 3.553722
166210 83.1050 1.062700 3.632679
166220 83.1100 1.062990 3.623048
166230 83.1150 1.063347 3.611196
166240 83.1200 1.063772 3.597056
166250 83.1250 1.064105 3.586005
166260 83.1300 1.064610 3.569169
166270 83.1350 1.065242 3.548089
166280 83.1400 1.065964 3.523948
166290 83.1450 1.066618 3.502054
166300 83.1500 1.067299 3.479234
166310 83.1550 1.067968 3.547092
166320 83.1600 1.068670 3.523476
166330 83.1650 1.069456 3.496957
166340 83.1700 1.070214 3.471306
166350 83.1750 1.070988 3.445074
166360 83.1800 1.071911 3.413727
166370 83.1850 1.072959 3.378035
166380 83.1900 1.074157 3.337143
166390 83.1950 1.075338 3.296718
166400 83.2000 1.076652 3.251639
166410 83.2050 1.077881 3.305646
166420 83.2100 1.079190 3.260456
166430 83.2150 1.080536 3.213868
166440 83.2200 1.081733 3.172305
166450 83.2250 1.082800 3.135201
166460 83.2300 1.083862 3.098203
166470 83.2350 1.084847 3.063851
166480 83.2400 1.085756 3.032081
166490 83.2450 1.086719 2.998411
166500 83.2500 1.087531 2.970013
166510 83.2550 1.088415 3.043224
166520 83.2600 1.089098 3.019274
166530 83.2650 1.089490 3.005515
166540 83.2700 1.089699 2.998173
166550 83.2750 1.089721 2.997402
166560 83.2800 1.089713 2.997697
166570 83.2850 1.089533 3.004012
166580 83.2900 1.089229 3.014670
166590 83.2950 1.088858 3.027711
166600 83.3000 1.088424 3.042921
166610 83.3050 1.087788 3.167258
166620 83.3100 1.087002 3.194748
166630 83.3150 1.085941 3.231724
166640 83.3200 1.084491 3.282035
166650 83.3250 1.082663 3.345083
166660 83.3300 1.080694 3.412471
166670 83.3350 1.078444 3.488787
166680 83.3400 1.076090 3.567721
166690 83.3450 1.073499 3.653529
166700 83.3500 1.070705 3.744615
166710 83.3550 1.068000 3.915131
166720 83.3600 1.065248 4.001409
166730 83.3650 1.062337 4.090629
166740 83.3700 1.059400 4.178430
166750 83.3750 1.056489 4.263240
166760 83.3800 1.053740 4.341254
166770 83.3850 1.051046 4.415744
166780 83.3900 1.048298 4.489724
166790 83.3950 1.045530 4.562211
166800 83.4000 1.042802 4.631643
166810 83.4050 1.039895 4.768881
166820 83.4100 1.036795 4.842738
166830 83.4150 1.033704 4.913716
166840 83.4200 1.030600 4.982387
166850 83.4250 1.027365 5.051269
166860 83.4300 1.024047 5.119121
166870 83.4350 1.020735 5.184123
166880 83.4400 1.017308 5.248669
166890 83.4450 1.013787 5.312206
166900 83.4500 1.010331 5.371923
166910 83.4550 1.006928 5.481384
166920 83.4600 1.003444 5.536281
166930 83.4650 0.999756 5.591558
166940 83.4700 0.996042 5.644349
166950 83.4750 0.992131 5.696932
166960 83.4800 0.987875 5.750726
166970 83.4850 0.983494 5.802435
166980 83.4900 0.979168 5.849885
166990 83.4950 0.974985 5.892362
167000 83.5000 0.971092 5.928846
167010 83.5050 0.967410 6.006042
167020 83.5100 0.964034 6.032443
167030 83.5150 0.960619 6.056545
167040 83.5200 0.957146 6.078315
167050 83.5250 0.953649 6.097374
167060 83.5300 0.950248 6.113087
167070 83.5350 0.947021 6.125357
167080 83.5400 0.943810 6.134962
167090 83.5450 0.940613 6.141895
167100 83.5500 0.937526 6.146061
167110 83.5550 0.934535 6.190496
167120 83.5600 0.931851 6.189742
167130 83.5650 0.928924 6.186588
167140 83.5700 0.925861 6.180689
167150 83.5750 0.923021 6.172867
167160 83.5800 0.920321 6.163353
167170 83.5850 0.917693 6.152189
167180 83.5900 0.915405 6.140971
167190 83.5950 0.913299 6.129451
167200 83.6000 0.911180 6.116734
167210 83.6050 0.909019 6.145835
167220 83.6100 0.906709 6.129441
167230 83.6150 0.904394 6.111738
167240 83.6200 0.901908 6.091393
167250 83.6250 0.899542 6.070831
167260 83.6300 0.897009 6.047624
167270 83.6350 0.894323 6.021800
167280 83.6400 0.891826 5.996814
167290 83.6450 0.889562 5.973447
167300 83.6500 0.887421 5.950835
167310 83.6550 0.885370 5.974028
167320 83.6600 0.883496 5.953530
167330 83.6650 0.881576 5.932270
167340 83.6700 0.879704 5.911357
167350 83.6750 0.878106 5.893425
167360 83.6800 0.876559 5.876035
167370 83.6850 0.875058 5.859164
167380 83.6900 0.873555 5.842317
167390 83.6950 0.872078 5.825844
167400 83.7000 0.870618 5.809662
167410 83.7050 0.869108 5.840156
167420 83.7100 0.867816 5.826072
167430 83.7150 0.866669 5.813671
167440 83.7200 0.865553 5.801723
167450 83.7250 0.864680 5.792460
167460 83.7300 0.864157 5.786950
167470 83.7350 0.863980 5.785101
167480 83.7400 0.864050 5.785828
167490 83.7450 0.864210 5.787507
167500 83.7500 0.864577 5.791376
167510 83.7550 0.864929 5.842435
167520 83.7600 0.865531 5.848821
167530 83.7650 0.866271 5.856710
167540 83.7700 0.867084 5.865425
167550 83.7750 0.868010 5.875403
167560 83.7800 0.869096 5.887180
167570 83.7850 0.870298 5.900269
167580 83.7900 0.871646 5.915001
167590 83.7950 0.873037 5.930241
167600 83.8000 0.874555 5.946884
167610 83.8050 0.876199 6.010183
167620 83.8100 0.877830 6.027883
167630 83.8150 0.879251 6.043166
167640 83.8200 0.880424 6.055667
167650 83.8250 0.881617 6.068245
167660 83.8300 0.882840 6.081001
167670 83.8350 0.884366 6.096676
167680 83.8400 0.886135 6.114474
167690 83.8450 0.888033 6.133079
167700 83.8500 0.890156 6.153203
167710 83.8550 0.892385 6.216218
167720 83.8600 0.894637 6.235604
167730 83.8650 0.897062 6.255192
167740 83.8700 0.899620 6.274322
167750 83.8750 0.902432 6.293409
167760 83.8800 0.905190 6.310068
167770 83.8850 0.907887 6.324289
167780 83.8900 0.910794 6.337263
167790 83.8950 0.913778 6.347962
167800 83.9000 0.916798 6.356056
167810 83.9050 0.919932 6.401862
167820 83.9100 0.923092 6.404087
167830 83.9150 0.926017 6.403300
167840 83.9200 0.928894 6.399890
167850 83.9250 0.931743 6.393979
167860 83.9300 0.934612 6.385532
167870 83.9350 0.937111 6.376190
167880 83.9400 0.939339 6.366334
167890 83.9450 0.941505 6.355422
167900 83.9500 0.943568 6.343828
167910 83.9550 0.945721 6.371056
167920 83.9600 0.947992 6.355599
167930 83.9650 0.950250 6.338874
167940 83.9700 0.952192 6.323436
167950 83.9750 0.954161 6.306824
167960 83.9800 0.956046 6.290034
167970 83.9850 0.957894 6.272763
167980 83.9900 0.959733 6.254793
167990 83.9950 0.961650 6.235262
168000 84.0000 0.963581 6.214785
168010 84.0050 0.965276 6.238200
168020 84.0100 0.967151 6.216839
168030 84.0150 0.968797 6.197444
168040 84.0200 0.970458 6.177305
168050 84.0250 0.972082 6.157058
168060 84.0300 0.973563 6.138128
168070 84.0350 0.974705 6.123235
168080 84.0400 0.975681 6.110302
168090 84.0450 0.976401 6.100631
168100 84.0500 0.976771 6.095632
168110 84.0550 0.976888 6.137532
168120 84.0600 0.976872 6.137740
168130 84.0650 0.976643 6.140842
168140 84.0700 0.976434 6.143671
168150 84.0750 0.976081 6.148424
168160 84.0800 0.975594 6.154930
168170 84.0850 0.975021 6.162517
168180 84.0900 0.974569 6.168463
168190 84.0950 0.974002 6.175844
168200 84.1000 0.973490 6.182457
168210 84.1050 0.972902 6.232419
168220 84.1100 0.972187 6.241456
168230 84.1150 0.971298 6.252524
168240 84.1200 0.970196 6.265980
168250 84.1250 0.968795 6.282658
168260 84.1300 0.967376 6.299067
168270 84.1350 0.965849 6.316160
168280 84.1400 0.964080 6.335228
168290 84.1450 0.962182 6.354788
168300 84.1500 0.960070 6.375441
168310 84.1550 0.957784 6.436616
168320 84.1600 0.955461 6.456362
168330 84.1650 0.953215 6.473931
168340 84.1700 0.950699 6.491796
168350 84.1750 0.947923 6.509235
168360 84.1800 0.944968 6.525115
168370 84.1850 0.941964 6.538366
168380 84.1900 0.938906 6.548805
168390 84.1950 0.935840 6.556134
168400 84.2000 0.932767 6.560285
168410 84.2050 0.929611 6.599301
168420 84.2100 0.926695 6.596898
168430 84.2150 0.923768 6.591428
168440 84.2200 0.920867 6.583003
168450 84.2250 0.918020 6.571859
168460 84.2300 0.915223 6.558188
168470 84.2350 0.912407 6.541753
168480 84.2400 0.909743 6.523816
168490 84.2450 0.907141 6.504130
168500 84.2500 0.904447 6.481590
168510 84.2550 0.901766 6.496056
168520 84.2600 0.899087 6.469443
168530 84.2650 0.896526 6.442211
168540 84.2700 0.893764 6.411020
168550 84.2750 0.890903 6.376917
168560 84.2800 0.887852 6.338780
168570 84.2850 0.885000 6.301702
168580 84.2900 0.882381 6.266656
168590 84.2950 0.879879 6.232470
168600 84.3000 0.877522 6.199796
168610 84.3050 0.875288 6.210733
168620 84.3100 0.873289 6.182539
168630 84.3150 0.871268 6.153957
168640 84.3200 0.869428 6.127936
168650 84.3250 0.867494 6.100682
168660 84.3300 0.865669 6.075135
168670 84.3350 0.863839 6.049768
168680 84.3400 0.861958 6.024014
168690 84.3450 0.860074 5.998639
168700 84.3500 0.858076 5.972263
168710 84.3550 0.856076 5.991509
168720 84.3600 0.853907 5.964314
168730 84.3650 0.851483 5.935017
168740 84.3700 0.849219 5.908834
168750 84.3750 0.847035 5.884750
168760 84.3800 0.844876 5.862218
168770 84.3850 0.842777 5.841594
168780 84.3900 0.840733 5.822831
168790 84.3950 0.838708 5.805593
168800 84.4000 0.836613 5.789266
168810 84.4050 0.834619 5.822540
168820 84.4100 0.832591 5.809677
168830 84.4150 0.830726 5.799206
168840 84.4200 0.828960 5.790544
168850 84.4250 0.827164 5.783010
168860 84.4300 0.825750 5.778009
168870 84.4350 0.824404 5.774030
168880 84.4400 0.823340 5.771427
168890 84.4450 0.822565 5.769839
168900 84.4500 0.822054 5.768935
168910 84.4550 0.821771 5.816123
168920 84.4600 0.821485 5.815700
168930 84.4650 0.821162 5.815263
168940 84.4700 0.821085 5.815166
168950 84.4750 0.821216 5.815334
168960 84.4800 0.821352 5.815515
168970 84.4850 0.821595 5.815859
168980 84.4900 0.822025 5.816527
168990 84.4950 0.822788 5.817905
169000 84.5000 0.823578 5.819586
169010 84.5050 0.824574 5.869031
169020 84.5100 0.825614 5.872025
169030 84.5150 0.826572 5.875149
169040 84.5200 0.827641 5.879042
169050 84.5250 0.828871 5.884045
169060 84.5300 0.830096 5.889580
169070 84.5350 0.831343 5.895757
169080 84.5400 0.832926 5.904382
169090 84.5450 0.834676 5.914899
169100 84.5500 0.836429 5.926432
169110 84.5550 0.838406 5.986148
169120 84.5600 0.840569 6.002856
169130 84.5650 0.842918 6.022396
169140 84.5700 0.845446 6.044920
169150 84.5750 0.847968 6.068801
169160 84.5800 0.850725 6.096360
169170 84.5850 0.853681 6.127366
169180 84.5900 0.856492 6.158040
169190 84.5950 0.859086 6.187196
169200 84.6000 0.861644 6.216557
169210 84.6050 0.864317 6.289683
169220 84.6100 0.866959 6.320580
169230 84.6150 0.869749 6.353191
169240 84.6200 0.872459 6.384638
169250 84.6250 0.875556 6.420066
169260 84.6300 0.878828 6.456589
169270 84.6350 0.881921 6.489970
169280 84.6400 0.884711 6.518918
169290 84.6450 0.887548 6.547014
169300 84.6500 0.890419 6.573894
169310 84.6550 0.893505 6.638821
169320 84.6600 0.896430 6.662139
169330 84.6650 0.899211 6.682208
169340 84.6700 0.902038 6.700391
169350 84.6750 0.905017 6.717020
169360 84.6800 0.907941 6.730702
169370 84.6850 0.910688 6.741104
169380 84.6900 0.913381 6.748936
169390 84.6950 0.915760 6.753881
169400 84.7000 0.918109 6.756920
169410 84.7050 0.920249 6.794195
169420 84.7100 0.922201 6.793833
169430 84.7150 0.924034 6.792282
169440 84.7200 0.925883 6.789531
169450 84.7250 0.927780 6.785472
169460 84.7300 0.929542 6.780588
169470 84.7350 0.930932 6.775987
169480 84.7400 0.932140 6.771450
169490 84.7450 0.933459 6.765935
169500 84.7500 0.934819 6.759636
169510 84.7550 0.936096 6.789260
169520 84.7600 0.937154 6.783463
169530 84.7650 0.938180 6.777469
169540 84.7700 0.938834 6.773463
169550 84.7750 0.939296 6.770548
169560 84.7800 0.939643 6.768313
169570 84.7850 0.939909 6.766569
169580 84.7900 0.939808 6.767237
169590 84.7950 0.939594 6.768630
169600 84.8000 0.939389 6.769955
169610 84.8050 0.939086 6.807897
169620 84.8100 0.938554 6.811207
169630 84.8150 0.937818 6.815622
169640 84.8200 0.936882 6.820957
169650 84.8250 0.935857 6.826440
169660 84.8300 0.934885 6.831294
169670 84.8350 0.933899 6.835866
169680 84.8400 0.932784 6.840612
169690 84.8450 0.931865 6.844185
169700 84.8500 0.930957 6.847406
169710 84.8550 0.930071 6.885494
169720 84.8600 0.928975 6.888599
169730 84.8650 0.927682 6.891663
169740 84.8700 0.926295 6.894233
169750 84.8750 0.925088 6.895863
169760 84.8800 0.923665 6.897057
169770 84.8850 0.921998 6.897457
169780 84.8900 0.920314 6.896766
169790 84.8950 0.918646 6.895001
169800 84.9000 0.916943 6.892096
169810 84.9050 0.915237 6.922857
169820 84.9100 0.913468 6.917459
169830 84.9150 0.911808 6.911289
169840 84.9200 0.910303 6.904783
169850 84.9250 0.908963 6.898269
169860 84.9300 0.907498 6.890385
169870 84.9350 0.906074 6.881962
169880 84.9400 0.904985 6.875035
169890 84.9450 0.904022 6.868554
169900 84.9500 0.902937 6.860871
169910 84.9550 0.901792 6.887420
169920 84.9600 0.900357 6.876044
169930 84.9650 0.899037 6.864966
169940 84.9700 0.897840 6.854415
169950 84.9750 0.896728 6.844205
169960 84.9800 0.895672 6.834144
169970 84.9850 0.894705 6.824637
169980 84.9900 0.893864 6.816131
169990 84.9950 0.893323 6.810552
170000 85.0000 0.893012 6.807306
170010 85.0050 0.892801 6.840725
170020 85.0100 0.892858 6.841327
170030 85.0150 0.892979 6.842604
170040 85.0200 0.893015 6.842978
170050 85.0250 0.893160 6.844491
170060 85.0300 0.893259 6.845525
170070 85.0350 0.893196 6.844870
170080 85.0400 0.893254 6.845478
170090 85.0450 0.893423 6.847226
170100 85.0500 0.893384 6.846824
170110 85.0550 0.893511 6.883383
170120 85.0600 0.893657 6.884885
170130 85.0650 0.893652 6.884835
170140 85.0700 0.893588 6.884177
170150 85.0750 0.893626 6.884565
170160 85.0800 0.893550 6.883790
170170 85.0850 0.893337 6.881586
170180 85.0900 0.893135 6.879481
170190 85.0950 0.892970 6.877753
170200 85.1000 0.892481 6.872581
170210 85.1050 0.891933 6.901689
170220 85.1100 0.891252 6.894246
170230 85.1150 0.890203 6.882505
170240 85.1200 0.888787 6.866115
170250 85.1250 0.887090 6.845718
170260 85.1300 0.885195 6.822033
170270 85.1350 0.883177 6.795808
170280 85.1400 0.881094 6.767745
170290 85.1450 0.879059 6.739481
170300 85.1500 0.877099 6.711532
170310 85.1550 0.875230 6.720896
170320 85.1600 0.873472 6.694792
170330 85.1650 0.871923 6.671456
170340 85.1700 0.870492 6.649669
170350 85.1750 0.869097 6.628251
170360 85.1800 0.867428 6.602435
170370 85.1850 0.865477 6.572095
170380 85.1900 0.863587 6.542603
170390 85.1950 0.861881 6.515995
170400 85.2000 0.860098 6.488247
170410 85.2050 0.858325 6.499728
170420 85.2100 0.856680 6.474396
170430 85.2150 0.855175 6.451383
170440 85.2200 0.853914 6.432284
170450 85.2250 0.852962 6.417971
170460 85.2300 0.852252 6.407356
170470 85.2350 0.851575 6.397317
170480 85.2400 0.851208 6.391886
170490 85.2450 0.850965 6.388309
170500 85.2500 0.850970 6.388379
170510 85.2550 0.851387 6.434596
170520 85.2600 0.852061 6.444575
170530 85.2650 0.852767 6.455083
170540 85.2700 0.853711 6.469215
170550 85.2750 0.854742 6.484756
170560 85.2800 0.855715 6.499500
170570 85.2850 0.856836 6.516583
170580 85.2900 0.858079 6.535596
170590 85.2950 0.859473 6.557003
170600 85.3000 0.860991 6.580349
170610 85.3050 0.862552 6.642326
170620 85.3100 0.864202 6.667611
170630 85.3150 0.865773 6.691572
170640 85.3200 0.867277 6.714327
170650 85.3250 0.868600 6.734171
170660 85.3300 0.870101 6.756462
170670 85.3350 0.871557 6.777797
170680 85.3400 0.873005 6.798721
170690 85.3450 0.874480 6.819680
170700 85.3500 0.875904 6.839559
170710 85.3550 0.877164 6.892112
170720 85.3600 0.878441 6.909215
170730 85.3650 0.879756 6.926424
170740 85.3700 0.881197 6.944773
170750 85.3750 0.882699 6.963310
170760 85.3800 0.884064 6.979604
170770 85.3850 0.885333 6.994263
170780 85.3900 0.886500 7.007295
170790 85.3950 0.887784 7.021139
170800 85.4000 0.889104 7.034813
170810 85.4050 0.890407 7.081145
170820 85.4100 0.891532 7.091786
170830 85.4150 0.892690 7.102247
170840 85.4200 0.893861 7.112304
170850 85.4250 0.895050 7.121972
170860 85.4300 0.896373 7.132077
170870 85.4350 0.897462 7.139860
170880 85.4400 0.898368 7.145973
170890 85.4450 0.899217 7.151385
170900 85.4500 0.900182 7.157180
170910 85.4550 0.901261 7.195499
170920 85.4600 0.902257 7.200586
170930 85.4650 0.903017 7.204171
170940 85.4700 0.903822 7.207691
170950 85.4750 0.904583 7.210751
170960 85.4800 0.904959 7.212168
170970 85.4850 0.905195 7.213024
170980 85.4900 0.905314 7.213445
170990 85.4950 0.905298 7.213389
171000 85.5000 0.905080 7.212608
171010 85.5050 0.904793 7.243370
171020 85.5100 0.904480 7.242169
171030 85.5150 0.904273 7.241353
171040 85.5200 0.904070 7.240532
171050 85.5250 0.904059 7.240485
171060 85.5300 0.904048 7.240441
171070 85.5350 0.903921 7.239913
171080 85.5400 0.903880 7.239742
171090 85.5450 0.903831 7.239537
171100 85.5500 0.903709 7.239021
171110 85.5550 0.903451 7.269491
171120 85.5600 0.902946 7.267218
171130 85.5650 0.902554 7.265374
171140 85.5700 0.902082 7.263053
171150 85.5750 0.901735 7.261282
171160 85.5800 0.901389 7.259460
171170 85.5850 0.900935 7.256982
171180 85.5900 0.900597 7.255081
171190 85.5950 0.900182 7.252671
171200 85.6000 0.899762 7.250147
171210 85.6050 0.899278 7.278632
171220 85.6100 0.898841 7.275819
171230 85.6150 0.898346 7.272535
171240 85.6200 0.897631 7.267584
171250 85.6250 0.896987 7.262924
171260 85.6300 0.896217 7.257105
171270 85.6350 0.895150 7.248597
171280 85.6400 0.894206 7.240648
171290 85.6450 0.893470 7.234173
171300 85.6500 0.893001 7.229932
171310 85.6550 0.892658 7.258431
171320 85.6600 0.891990 7.252117
171330 85.6650 0.891223 7.244630
171340 85.6700 0.890340 7.235695
171350 85.6750 0.889353 7.225322
171360 85.6800 0.888325 7.214088
171370 85.6850 0.887100 7.200131
171380 85.6900 0.885853 7.185330
171390 85.6950 0.884751 7.171755
171400 85.7000 0.883580 7.156838
171410 85.7050 0.882486 7.174768
171420 85.7100 0.881244 7.157920
171430 85.7150 0.880011 7.140658
171440 85.7200 0.878696 7.121710
171450 85.7250 0.877431 7.102955
171460 85.7300 0.876218 7.084541
171470 85.7350 0.875035 7.066172
171480 85.7400 0.873887 7.047992
171490 85.7450 0.872911 7.032268
171500 85.7500 0.871818 7.014402
171510 85.7550 0.870715 7.029738
171520 85.7600 0.869380 7.007217
171530 85.7650 0.868094 6.985196
171540 85.7700 0.866619 6.959576
171550 85.7750 0.864791 6.927351
171560 85.7800 0.862948 6.894414
171570 85.7850 0.861280 6.864306
171580 85.7900 0.859292 6.828159
171590 85.7950 0.857050 6.787187
171600 85.8000 0.854483 6.740226
171610 85.8050 0.851778 6.727230
171620 85.8100 0.849123 6.679265
171630 85.8150 0.846482 6.632244
171640 85.8200 0.843772 6.585032
171650 85.8250 0.841006 6.538219
171660 85.8300 0.838266 6.493509
171670 85.8350 0.835476 6.449972
171680 85.8400 0.832977 6.412944
171690 85.8450 0.830777 6.382022
171700 85.8500 0.828603 6.353148
171710 85.8550 0.826597 6.368521
171720 85.8600 0.824933 6.348880
171730 85.8650 0.823578 6.333702
171740 85.8700 0.822373 6.320846
171750 85.8750 0.821200 6.308918
171760 85.8800 0.820093 6.298209
171770 85.8850 0.819107 6.289133
171780 85.8900 0.818516 6.283898
171790 85.8950 0.818135 6.280613
171800 85.9000 0.817643 6.276466
171810 85.9050 0.817389 6.315703
171820 85.9100 0.817399 6.315786
171830 85.9150 0.817641 6.317790
171840 85.9200 0.817940 6.320289
171850 85.9250 0.818365 6.323919
171860 85.9300 0.818935 6.328914
171870 85.9350 0.819400 6.333097
171880 85.9400 0.819962 6.338272
171890 85.9450 0.820582 6.344135
171900 85.9500 0.821348 6.351613
171910 85.9550 0.822205 6.400735
171920 85.9600 0.823275 6.411942
171930 85.9650 0.824369 6.423846
171940 85.9700 0.825653 6.438388
171950 85.9750 0.826998 6.454263
171960 85.9800 0.828289 6.470093
171970 85.9850 0.829583 6.486513
171980 85.9900 0.830911 6.503936
171990 85.9950 0.832031 6.519035
172000 86.0000 0.832890 6.530884
172010 86.0050 0.833477 6.577591
172020 86.0100 0.833910 6.583703
172030 86.0150 0.834344 6.589878
172040 86.0200 0.834950 6.598568
172050 86.0250 0.835605 6.608073
172060 86.0300 0.836558 6.622088
172070 86.0350 0.837608 6.637749
172080 86.0400 0.838752 6.655090
172090 86.0450 0.839602 6.668137
172100 86.0500 0.840439 6.681119
172110 86.0550 0.841223 6.730295
172120 86.0600 0.841880 6.740647
172130 86.0650 0.842511 6.750636
172140 86.0700 0.843017 6.758702
172150 86.0750 0.843344 6.763928
172160 86.0800 0.843620 6.768332
172170 86.0850 0.843842 6.771903
172180 86.0900 0.843914 6.773060
172190 86.0950 0.844063 6.775449
172200 86.1000 0.844366 6.780321
172210 86.1050 0.844456 6.817681
172220 86.1100 0.844320 6.815499
172230 86.1150 0.844152 6.812790
172240 86.1200 0.844162 6.812956
172250 86.1250 0.844003 6.810394
172260 86.1300 0.843538 6.802928
172270 86.1350 0.843045 6.795037
172280 86.1400 0.842555 6.787220
172290 86.1450 0.842173 6.781146
172300 86.1500 0.841897 6.776782
172310 86.1550 0.841475 6.806049
172320 86.1600 0.841019 6.798855
172330 86.1650 0.840638 6.792869
172340 86.1700 0.840487 6.790509
172350 86.1750 0.840496 6.790642
172360 86.1800 0.840262 6.786988
172370 86.1850 0.839971 6.782437
172380 86.1900 0.839797 6.779727
172390 86.1950 0.839882 6.781056
172400 86.2000 0.840091 6.784317
172410 86.2050 0.840476 6.826207
172420 86.2100 0.840952 6.833670
172430 86.2150 0.841347 6.839886
172440 86.2200 0.841517 6.842571
172450 86.2250 0.841497 6.842242
172460 86.2300 0.841574 6.843457
172470 86.2350 0.841810 6.847194
172480 86.2400 0.842085 6.851537
172490 86.2450 0.842543 6.858803
172500 86.2500 0.842890 6.864312
172510 86.2550 0.843088 6.902540
172520 86.2600 0.843023 6.901508
172530 86.2650 0.843103 6.902780
172540 86.2700 0.843288 6.905716
172550 86.2750 0.843562 6.910083
172560 86.2800 0.843742 6.912956
172570 86.2850 0.843718 6.912576
172580 86.2900 0.843469 6.908605
172590 86.2950 0.843211 6.904493
172600 86.3000 0.843041 6.901786
172610 86.3050 0.842659 6.930418
172620 86.3100 0.842239 6.923751
172630 86.3150 0.842007 6.920068
172640 86.3200 0.841943 6.919052
172650 86.3250 0.842103 6.921597
172660 86.3300 0.842174 6.922725
172670 86.3350 0.842175 6.922732
172680 86.3400 0.842199 6.923114
172690 86.3450 0.842318 6.925006
172700 86.3500 0.842470 6.927413
172710 86.3550 0.842779 6.966786
172720 86.3600 0.843029 6.970759
172730 86.3650 0.843347 6.975818
172740 86.3700 0.843951 6.985450
172750 86.3750 0.844683 6.997118
172760 86.3800 0.845497 7.010107
172770 86.3850 0.846355 7.023815
172780 86.3900 0.847633 7.044210
172790 86.3950 0.849050 7.066797
172800 86.4000 0.850651 7.092214
172810 86.4050 0.852076 7.147610
172820 86.4100 0.853369 7.167861
172830 86.4150 0.854713 7.188709
172840 86.4200 0.856128 7.210433
172850 86.4250 0.857555 7.232042
172860 86.4300 0.859000 7.253595
172870 86.4350 0.860393 7.274020
172880 86.4400 0.861754 7.293604
172890 86.4450 0.862958 7.310622
172900 86.4500 0.864061 7.325915
172910 86.4550 0.865212 7.372390
172920 86.4600 0.866511 7.389641
172930 86.4650 0.867662 7.404534
172940 86.4700 0.868736 7.418093
172950 86.4750 0.869999 7.433592
172960 86.4800 0.871514 7.451529
172970 86.4850 0.872907 7.467361
172980 86.4900 0.874123 7.480641
172990 86.4950 0.875354 7.493573
173000 86.5000 0.876465 7.504766
173010 86.5050 0.877493 7.544041
173020 86.5100 0.878433 7.552781
173030 86.5150 0.879216 7.559791
173040 86.5200 0.880010 7.566659
173050 86.5250 0.880726 7.572622
173060 86.5300 0.881241 7.576785
173070 86.5350 0.881738 7.580699
173080 86.5400 0.882167 7.583995
173090 86.5450 0.882534 7.586746
173100 86.5500 0.882976 7.589991
173110 86.5550 0.883420 7.621801
173120 86.5600 0.883751 7.624109
173130 86.5650 0.884048 7.626141
173140 86.5700 0.884456 7.628869
173150 86.5750 0.884864 7.631524
173160 86.5800 0.885102 7.633035
173170 86.5850 0.885277 7.634134
173180 86.5900 0.885400 7.634895
173190 86.5950 0.885415 7.634986
173200 86.6000 0.885446 7.635180
173210 86.6050 0.885652 7.664709
173220 86.6100 0.885634 7.664600
173230 86.6150 0.885348 7.662846
173240 86.6200 0.885089 7.661227
173250 86.6250 0.884864 7.659793
173260 86.6300 0.884588 7.658008
173270 86.6350 0.884410 7.656835
173280 86.6400 0.884028 7.654271
173290 86.6450 0.883715 7.652120
173300 86.6500 0.883519 7.650748
173310 86.6550 0.883307 7.677401
173320 86.6600 0.883071 7.675705
173330 86.6650 0.882759 7.673426
173340 86.6700 0.882422 7.670909
173350 86.6750 0.881972 7.667477
173360 86.6800 0.881539 7.664081
173370 86.6850 0.881111 7.660643
173380 86.6900 0.880600 7.656438
173390 86.6950 0.879786 7.649492
173400 86.7000 0.879019 7.642676
173410 86.7050 0.878524 7.666362
173420 86.7100 0.877912 7.660610
173430 86.7150 0.877234 7.654042
173440 86.7200 0.876431 7.646014
173450 86.7250 0.875517 7.636538
173460 86.7300 0.874572 7.626379
173470 86.7350 0.873745 7.617186
173480 86.7400 0.872921 7.607757
173490 86.7450 0.872151 7.598713
173500 86.7500 0.871431 7.590040
173510 86.7550 0.870752 7.610309
173520 86.7600 0.870169 7.602996
173530 86.7650 0.869618 7.595952
173540 86.7700 0.868974 7.587588
173550 86.7750 0.868415 7.580213
173560 86.7800 0.867886 7.573128
173570 86.7850 0.867513 7.568069
173580 86.7900 0.867015 7.561241
173590 86.7950 0.866538 7.554611
173600 86.8000 0.866098 7.548449
173610 86.8050 0.865719 7.572049
173620 86.8100 0.865085 7.562944
173630 86.8150 0.864298 7.551476
173640 86.8200 0.863296 7.536597
173650 86.8250 0.862570 7.525603
173660 86.8300 0.861837 7.514359
173670 86.8350 0.861203 7.504499
173680 86.8400 0.860626 7.495429
173690 86.8450 0.860170 7.488203
173700 86.8500 0.859988 7.485306
173710 86.8550 0.859759 7.511122
173720 86.8600 0.859462 7.506347
173730 86.8650 0.859128 7.500947
173740 86.8700 0.858703 7.494045
173750 86.8750 0.858132 7.484683
173760 86.8800 0.857630 7.476396
173770 86.8850 0.857362 7.471950
173780 86.8900 0.857210 7.469406
173790 86.8950 0.856934 7.464790
173800 86.9000 0.856346 7.454913
173810 86.9050 0.855748 7.474506
173820 86.9100 0.855280 7.466504
173830 86.9150 0.854754 7.457471
173840 86.9200 0.854243 7.448617
173850 86.9250 0.853849 7.441763
173860 86.9300 0.853615 7.437693
173870 86.9350 0.853335 7.432778
173880 86.9400 0.853011 7.427097
173890 86.9450 0.852786 7.423127
173900 86.9500 0.852750 7.422487
173910 86.9550 0.852713 7.451846
173920 86.9600 0.852857 7.454383
173930 86.9650 0.853114 7.458904
173940 86.9700 0.853471 7.465176
173950 86.9750 0.853910 7.472829
173960 86.9800 0.854573 7.484332
173970 86.9850 0.855454 7.499444
173980 86.9900 0.856295 7.513708
173990 86.9950 0.857071 7.526718
174000 87.0000 0.857697 7.537084
174010 87.0050 0.858287 7.575830
174020 87.0100 0.858823 7.584536
174030 87.0150 0.859350 7.593011
174040 87.0200 0.859993 7.603241
174050 87.0250 0.860628 7.613224
174060 87.0300 0.861305 7.623712
174070 87.0350 0.861915 7.633041
174080 87.0400 0.862576 7.642997
174090 87.0450 0.863484 7.656441
174100 87.0500 0.864438 7.670241
174110 87.0550 0.865434 7.712295
174120 87.0600 0.866260 7.723647
174130 87.0650 0.867081 7.734666
174140 87.0700 0.867851 7.744751
174150 87.0750 0.868647 7.754913
174160 87.0800 0.869268 7.762657
174170 87.0850 0.869783 7.768944
174180 87.0900 0.870342 7.775648
174190 87.0950 0.870930 7.782551
174200 87.1000 0.871407 7.788033
174210 87.1050 0.871906 7.820747
174220 87.1100 0.872405 7.826250
174230 87.1150 0.872777 7.830280
174240 87.1200 0.873200 7.834776
174250 87.1250 0.873854 7.841577
174260 87.1300 0.874666 7.849716
174270 87.1350 0.875201 7.854906
174280 87.1400 0.875828 7.860799
174290 87.1450 0.876209 7.864293
174300 87.1500 0.876445 7.866421
174310 87.1550 0.876546 7.893826
174320 87.1600 0.876385 7.892386
174330 87.1650 0.875946 7.888392
174340 87.1700 0.875153 7.880937
174350 87.1750 0.874261 7.872173
174360 87.1800 0.873252 7.861780
174370 87.1850 0.872234 7.850792
174380 87.1900 0.871190 7.838999
174390 87.1950 0.869841 7.823004
174400 87.2000 0.868134 7.801567
174410 87.2050 0.866342 7.804656
174420 87.2100 0.864506 7.778734
174430 87.2150 0.862653 7.751158
174440 87.2200 0.860783 7.721982
174450 87.2250 0.858897 7.691277
174460 87.2300 0.856979 7.658803
174470 87.2350 0.855015 7.624397
174480 87.2400 0.853017 7.588272
174490 87.2450 0.850896 7.548829
174500 87.2500 0.848538 7.503872
174510 87.2550 0.846498 7.493469
174520 87.2600 0.844501 7.453960
174530 87.2650 0.842456 7.413015
174540 87.2700 0.840311 7.369703
174550 87.2750 0.838357 7.330068
174560 87.2800 0.836357 7.289459
174570 87.2850 0.834305 7.247908
174580 87.2900 0.832286 7.207288
174590 87.2950 0.830411 7.169918
174600 87.3000 0.828562 7.133517
174610 87.3050 0.826607 7.128145
174620 87.3100 0.824690 7.091680
174630 87.3150 0.822757 7.055713
174640 87.3200 0.820689 7.018287
174650 87.3250 0.818526 6.980424
174660 87.3300 0.816240 6.942028
174670 87.3350 0.814058 6.907098
174680 87.3400 0.811614 6.870129
174690 87.3450 0.809333 6.837880
174700 87.3500 0.807123 6.808834
174710 87.3550 0.804946 6.818054
174720 87.3600 0.802851 6.794805
174730 87.3650 0.800878 6.774928
174740 87.3700 0.799130 6.758996
174750 87.3750 0.797492 6.745555
174760 87.3800 0.795900 6.733898
174770 87.3850 0.794269 6.723420
174780 87.3900 0.792811 6.715334
174790 87.3950 0.791416 6.708742
174800 87.4000 0.790007 6.703233
174810 87.4050 0.788777 6.736059
174820 87.4100 0.787630 6.733243
174830 87.4150 0.786615 6.731389
174840 87.4200 0.785866 6.730404
174850 87.4250 0.785393 6.729952
174860 87.4300 0.785128 6.729756
174870 87.4350 0.785245 6.729838
174880 87.4400 0.785642 6.730174
174890 87.4450 0.786185 6.730783
174900 87.4500 0.786803 6.731687
174910 87.4550 0.787382 6.769130
174920 87.4600 0.788136 6.770777
174930 87.4650 0.789281 6.773893
174940 87.4700 0.790579 6.778310
174950 87.4750 0.792073 6.784560
174960 87.4800 0.793667 6.792581
174970 87.4850 0.795407 6.802912
174980 87.4900 0.797146 6.814849
174990 87.4950 0.798962 6.828998
175000 87.5000 0.800856 6.845540
175010 87.5050 0.802852 6.900123
175020 87.5100 0.805073 6.923781
175030 87.5150 0.807433 6.951298
175040 87.5200 0.809688 6.979765
175050 87.5250 0.811870 7.009214
175060 87.5300 0.814181 7.042292
175070 87.5350 0.816464 7.076719
175080 87.5400 0.818878 7.114856
175090 87.5450 0.821282 7.154420
175100 87.5500 0.823693 7.195480
175110 87.5550 0.826128 7.270053
175120 87.5600 0.828663 7.315359
175130 87.5650 0.831052 7.358705
175140 87.5700 0.833471 7.403022
175150 87.5750 0.835931 7.448290
175160 87.5800 0.838302 7.491904
175170 87.5850 0.840715 7.536020
175180 87.5900 0.843306 7.582847
175190 87.5950 0.845881 7.628585
175200 87.6000 0.848257 7.669817
175210 87.6050 0.850739 7.739646
175220 87.6100 0.853115 7.778267
175230 87.6150 0.855335 7.812916
175240 87.6200 0.857565 7.846192
175250 87.6250 0.859714 7.876642
175260 87.6300 0.861874 7.905553
175270 87.6350 0.864077 7.933150
175280 87.6400 0.866413 7.960209
175290 87.6450 0.868805 7.985433
175300 87.6500 0.871020 8.006443
175310 87.6550 0.872921 8.048074
175320 87.6600 0.874733 8.061771
175330 87.6650 0.876477 8.073355
175340 87.6700 0.878306 8.083796
175350 87.6750 0.880159 8.092551
175360 87.6800 0.881951 8.099256
175370 87.6850 0.883480 8.103587
175380 87.6900 0.884736 8.106182
175390 87.6950 0.885993 8.107907
175400 87.7000 0.887218 8.108745
175410 87.7050 0.888389 8.133529
175420 87.7100 0.889585 8.132743
175430 87.7150 0.890462 8.131654
175440 87.7200 0.891635 8.129518
175450 87.7250 0.892762 8.126736
175460 87.7300 0.893573 8.124293
175470 87.7350 0.894247 8.121983
175480 87.7400 0.894813 8.119849
175490 87.7450 0.895169 8.118412
175500 87.7500 0.895197 8.118296
175510 87.7550 0.895091 8.143435
175520 87.7600 0.895107 8.143371
175530 87.7650 0.895179 8.143075
175540 87.7700 0.895223 8.142890
175550 87.7750 0.895359 8.142319
175560 87.7800 0.895324 8.142467
175570 87.7850 0.895401 8.142143
175580 87.7900 0.895259 8.142743
175590 87.7950 0.894849 8.144409
175600 87.8000 0.894465 8.145882
175610 87.8050 0.893969 8.172173
175620 87.8100 0.893127 8.174867
175630 87.8150 0.892039 8.177739
175640 87.8200 0.891002 8.179836
175650 87.8250 0.889984 8.181283
175660 87.8300 0.889051 8.182079
175670 87.8350 0.887970 8.182364
175680 87.8400 0.886791 8.181896
175690 87.8450 0.885562 8.180543
175700 87.8500 0.884404 8.178464
175710 87.8550 0.883080 8.199415
175720 87.8600 0.881711 8.194879
175730 87.8650 0.880345 8.189264
175740 87.8700 0.879055 8.182970
175750 87.8750 0.877721 8.175464
175760 87.8800 0.876287 8.166270
175770 87.8850 0.874738 8.155046
175780 87.8900 0.873168 8.142332
175790 87.8950 0.871659 8.128862
175800 87.9000 0.869946 8.112128
175810 87.9050 0.868146 8.117666
175820 87.9100 0.866300 8.096267
175830 87.9150 0.864218 8.070155
175840 87.9200 0.862198 8.042901
175850 87.9250 0.860315 8.015899
175860 87.9300 0.858185 7.983589
175870 87.9350 0.855808 7.945469
175880 87.9400 0.853057 7.898894
175890 87.9450 0.850068 7.845636
175900 87.9500 0.846874 7.786141
175910 87.9550 0.843642 7.750804
175920 87.9600 0.840242 7.683232
175930 87.9650 0.836611 7.609730
175940 87.9700 0.832598 7.527893
175950 87.9750 0.828534 7.445476
175960 87.9800 0.824629 7.367849
175970 87.9850 0.820798 7.294167
175980 87.9900 0.816639 7.218036
175990 87.9950 0.812462 7.146753
176000 88.0000 0.808413 7.083577
176010 88.0050 0.804409 7.060604
176020 88.0100 0.800233 7.009825
176030 88.0150 0.796194 6.968756
176040 88.0200 0.792310 6.937260
176050 88.0250 0.788496 6.914327
176060 88.0300 0.784950 6.900365
176070 88.0350 0.781743 6.893964
176080 88.0400 0.778830 6.893324
176090 88.0450 0.776183 6.897022
176100 88.0500 0.773767 6.903936
176110 88.0550 0.771569 6.947794
176120 88.0600 0.769813 6.957044
176130 88.0650 0.768405 6.965677
176140 88.0700 0.767202 6.973902
176150 88.0750 0.766461 6.979359
176160 88.0800 0.766039 6.982599
176170 88.0850 0.765979 6.983062
176180 88.0900 0.766081 6.982270
176190 88.0950 0.766627 6.978109
176200 88.1000 0.767716 6.970296
176210 88.1050 0.769181 6.994818
176220 88.1100 0.770634 6.986497
176230 88.1150 0.772185 6.978867
176240 88.1200 0.773885 6.971998
176250 88.1250 0.775781 6.966207
176260 88.1300 0.778019 6.961921
176270 88.1350 0.780270 6.960412
176280 88.1400 0.782591 6.961804
176290 88.1450 0.784878 6.966100
176300 88.1500 0.787334 6.973924
176310 88.1550 0.789724 7.018674
176320 88.1600 0.792160 7.032693
176330 88.1650 0.794731 7.050789
176340 88.1700 0.797144 7.070770
176350 88.1750 0.799563 7.093619
176360 88.1800 0.801939 7.118710
176370 88.1850 0.804201 7.144926
176380 88.1900 0.806173 7.169558
176390 88.1950 0.808114 7.195329
176400 88.2000 0.809906 7.220395
176410 88.2050 0.811777 7.279531
176420 88.2100 0.813636 7.307865
176430 88.2150 0.815248 7.333296
176440 88.2200 0.816404 7.351966
176450 88.2250 0.817410 7.368515
176460 88.2300 0.818281 7.383041
176470 88.2350 0.818955 7.394411
176480 88.2400 0.819551 7.404559
176490 88.2450 0.820274 7.416969
176500 88.2500 0.820901 7.427809
176510 88.2550 0.821357 7.465710
176520 88.2600 0.821711 7.471885
176530 88.2650 0.821919 7.475536
176540 88.2700 0.822083 7.478417
176550 88.2750 0.822070 7.478191
176560 88.2800 0.822019 7.477294
176570 88.2850 0.821717 7.472000
176580 88.2900 0.821109 7.461385
176590 88.2950 0.820116 7.444192
176600 88.3000 0.819110 7.426991
176610 88.3050 0.818051 7.439071
176620 88.3100 0.816853 7.419128
176630 88.3150 0.815641 7.399290
176640 88.3200 0.814216 7.376450
176650 88.3250 0.812572 7.350776
176660 88.3300 0.810783 7.323754
176670 88.3350 0.808808 7.295074
176680 88.3400 0.806695 7.265861
176690 88.3450 0.804659 7.239248
176700 88.3500 0.802666 7.214741
176710 88.3550 0.800748 7.224451
176720 88.3600 0.798890 7.204500
176730 88.3650 0.796928 7.185024
176740 88.3700 0.794983 7.167403
176750 88.3750 0.793238 7.153071
176760 88.3800 0.791363 7.139266
176770 88.3850 0.789371 7.126447
176780 88.3900 0.787390 7.115639
176790 88.3950 0.785496 7.107138
176800 88.4000 0.783815 7.101118
176810 88.4050 0.782143 7.129378
176820 88.4100 0.780657 7.126500
176830 88.4150 0.779272 7.124826
176840 88.4200 0.777947 7.124136
176850 88.4250 0.776718 7.124296
176860 88.4300 0.775628 7.125081
176870 88.4350 0.774800 7.126082
176880 88.4400 0.774046 7.127298
176890 88.4450 0.773528 7.128300
176900 88.4500 0.773017 7.129423
176910 88.4550 0.772660 7.162855
176920 88.4600 0.772254 7.163912
176930 88.4650 0.771918 7.164847
176940 88.4700 0.771584 7.165831
176950 88.4750 0.771354 7.166545
176960 88.4800 0.771269 7.166813
176970 88.4850 0.771295 7.166729
176980 88.4900 0.771399 7.166401
176990 88.4950 0.771599 7.165788
177000 88.5000 0.772019 7.164561
177010 88.5050 0.772553 7.195374
177020 88.5100 0.773224 7.193761
177030 88.5150 0.774117 7.191954
177040 88.5200 0.775083 7.190431
177050 88.5250 0.775849 7.189545
177060 88.5300 0.776632 7.188932
177070 88.5350 0.777601 7.188585
177080 88.5400 0.778794 7.188781
177090 88.5450 0.780245 7.189946
177100 88.5500 0.781821 7.192364
177110 88.5550 0.783383 7.227919
177120 88.5600 0.784956 7.232644
177130 88.5650 0.786737 7.239366
177140 88.5700 0.788676 7.248324
177150 88.5750 0.790636 7.259089
177160 88.5800 0.792630 7.271775
177170 88.5850 0.794458 7.284899
177180 88.5900 0.796392 7.300310
177190 88.5950 0.798356 7.317516
177200 88.6000 0.800355 7.336573
177210 88.6050 0.802476 7.389164
177220 88.6100 0.804543 7.411964
177230 88.6150 0.806557 7.435538
177240 88.6200 0.808675 7.461694
177250 88.6250 0.810688 7.487759
177260 88.6300 0.812504 7.512208
177270 88.6350 0.814133 7.534833
177280 88.6400 0.815683 7.556938
177290 88.6450 0.817240 7.579641
177300 88.6500 0.818804 7.602937
177310 88.6550 0.820490 7.657021
177320 88.6600 0.822053 7.681080
177330 88.6650 0.823516 7.703875
177340 88.6700 0.825009 7.727355
177350 88.6750 0.826533 7.751497
177360 88.6800 0.827825 7.772097
177370 88.6850 0.829008 7.791014
177380 88.6900 0.829955 7.806178
177390 88.6950 0.830910 7.821493
177400 88.7000 0.831870 7.836881
177410 88.7050 0.832838 7.879120
177420 88.7100 0.833555 7.890570
177430 88.7150 0.834381 7.903749
177440 88.7200 0.835279 7.918033
177450 88.7250 0.835919 7.928157
177460 88.7300 0.836393 7.935648
177470 88.7350 0.836931 7.944128
177480 88.7400 0.837155 7.947658
177490 88.7450 0.837223 7.948716
177500 88.7500 0.837352 7.950739
177510 88.7550 0.837563 7.979933
177520 88.7600 0.837580 7.980198
177530 88.7650 0.837729 7.982541
177540 88.7700 0.837794 7.983554
177550 88.7750 0.837841 7.984285
177560 88.7800 0.837813 7.983850
177570 88.7850 0.837783 7.983379
177580 88.7900 0.837553 7.979774
177590 88.7950 0.837211 7.974415
177600 88.8000 0.836745 7.967087
177610 88.8050 0.836110 7.982823
177620 88.8100 0.835252 7.969217
177630 88.8150 0.834192 7.952307
177640 88.8200 0.833090 7.934644
177650 88.8250 0.831657 7.911554
177660 88.8300 0.830120 7.886693
177670 88.8350 0.828861 7.866294
177680 88.8400 0.827661 7.846855
177690 88.8450 0.826319 7.825149
177700 88.8500 0.825141 7.806129
177710 88.8550 0.823956 7.814020
177720 88.8600 0.822962 7.798086
177730 88.8650 0.821932 7.781652
177740 88.8700 0.820953 7.766120
177750 88.8750 0.820088 7.752476
177760 88.8800 0.819302 7.740137
177770 88.8850 0.818095 7.721332
177780 88.8900 0.816650 7.699094
177790 88.8950 0.815051 7.674860
177800 88.9000 0.813473 7.651380
177810 88.9050 0.811821 7.655444
177820 88.9100 0.810128 7.631349
177830 88.9150 0.808533 7.609219
177840 88.9200 0.807015 7.588727
177850 88.9250 0.805690 7.571336
177860 88.9300 0.804250 7.552968
177870 88.9350 0.802531 7.531827
177880 88.9400 0.800792 7.511363
177890 88.9450 0.798767 7.488761
177900 88.9500 0.796935 7.469511
177910 88.9550 0.795129 7.481315
177920 88.9600 0.793355 7.464956
177930 88.9650 0.791494 7.449056
177940 88.9700 0.789762 7.435456
177950 88.9750 0.788301 7.424916
177960 88.9800 0.787061 7.416652
177970 88.9850 0.785856 7.409231
177980 88.9900 0.784611 7.402203
177990 88.9950 0.783222 7.395144
178000 89.0000 0.782046 7.389819
178010 89.0050 0.780926 7.415584
178020 89.0100 0.779702 7.411262
178030 89.0150 0.778526 7.407723
178040 89.0200 0.777343 7.404769
178050 89.0250 0.776202 7.402506
178060 89.0300 0.775303 7.401127
178070 89.0350 0.774594 7.400292
178080 89.0400 0.774020 7.399780
178090 89.0450 0.773940 7.399720
178100 89.0500 0.774074 7.399822
178110 89.0550 0.774387 7.430287
178120 89.0600 0.774770 7.430673
178130 89.0650 0.775547 7.431650
178140 89.0700 0.776353 7.432939
178150 89.0750 0.777426 7.435085
178160 89.0800 0.778850 7.438696
178170 89.0850 0.780616 7.444367
178180 89.0900 0.782326 7.451101
178190 89.0950 0.784387 7.460820
178200 89.1000 0.786490 7.472503
178210 89.1050 0.788633 7.515761
178220 89.1100 0.790932 7.532324
178230 89.1150 0.793339 7.551681
178240 89.1200 0.795846 7.573939
178250 89.1250 0.798465 7.599362
178260 89.1300 0.801234 7.628497
178270 89.1350 0.804072 7.660571
178280 89.1400 0.807029 7.696161
178290 89.1450 0.810218 7.736726
178300 89.1500 0.813598 7.781836
178310 89.1550 0.816994 7.856017
178320 89.1600 0.820373 7.904020
178330 89.1650 0.823789 7.953312
178340 89.1700 0.827122 8.001660
178350 89.1750 0.830390 8.048886
178360 89.1800 0.833731 8.096539
178370 89.1850 0.837211 8.144962
178380 89.1900 0.840786 8.192921
178390 89.1950 0.844375 8.238650
178400 89.2000 0.847641 8.277729
178410 89.2050 0.850482 8.332995
178420 89.2100 0.853186 8.360812
178430 89.2150 0.855833 8.385662
178440 89.2200 0.858198 8.405724
178450 89.2250 0.860350 8.422115
178460 89.2300 0.862317 8.435460
178470 89.2350 0.864049 8.445867
178480 89.2400 0.865562 8.453898
178490 89.2450 0.867001 8.460593
178500 89.2500 0.868269 8.465717
178510 89.2550 0.869477 8.492317
178520 89.2600 0.870691 8.495821
178530 89.2650 0.871719 8.498232
178540 89.2700 0.872643 8.499958
178550 89.2750 0.873605 8.501306
178560 89.2800 0.874551 8.502182
178570 89.2850 0.875458 8.502602
178580 89.2900 0.876297 8.502621
178590 89.2950 0.876994 8.502365
178600 89.3000 0.877507 8.502019
178610 89.3050 0.877857 8.523894
178620 89.3100 0.878027 8.523720
178630 89.3150 0.878199 8.523527
178640 89.3200 0.878373 8.523316
178650 89.3250 0.878222 8.523499
178660 89.3300 0.877875 8.523877
178670 89.3350 0.877503 8.524211
178680 89.3400 0.877044 8.524526
178690 89.3450 0.876510 8.524754
178700 89.3500 0.875832 8.524831
178710 89.3550 0.875278 8.546766
178720 89.3600 0.874616 8.546420
178730 89.3650 0.873890 8.545779
178740 89.3700 0.873110 8.544788
178750 89.3750 0.872279 8.543389
178760 89.3800 0.871273 8.541223
178770 89.3850 0.870075 8.537982
178780 89.3900 0.868701 8.533381
178790 89.3950 0.867321 8.527835
178800 89.4000 0.865651 8.519896
178810 89.4050 0.863919 8.532344
178820 89.4100 0.862046 8.520359
178830 89.4150 0.859962 8.505165
178840 89.4200 0.857670 8.486296
178850 89.4250 0.855430 8.465770
178860 89.4300 0.853098 8.442330
178870 89.4350 0.850743 8.416650
178880 89.4400 0.848485 8.390269
178890 89.4450 0.846055 8.360117
178900 89.4500 0.843393 8.325198
178910 89.4550 0.840714 8.311555
178920 89.4600 0.838236 8.275952
178930 89.4650 0.835976 8.242472
178940 89.4700 0.833661 8.207333
178950 89.4750 0.831236 8.169795
178960 89.4800 0.828734 8.130483
178970 89.4850 0.826207 8.090412
178980 89.4900 0.823540 8.047937
178990 89.4950 0.820813 8.004607
179000 89.5000 0.817954 7.959557
179010 89.5050 0.814782 7.936180
179020 89.5100 0.811670 7.889039
179030 89.5150 0.808690 7.845299
179040 89.5200 0.805748 7.803761
179050 89.5250 0.802923 7.765682
179060 89.5300 0.799943 7.727709
179070 89.5350 0.796908 7.691619
179080 89.5400 0.793860 7.658255
179090 89.5450 0.790896 7.628823
179100 89.5500 0.787822 7.601650
179110 89.5550 0.784911 7.607719
179120 89.5600 0.782375 7.590817
179130 89.5650 0.780213 7.578439
179140 89.5700 0.778257 7.568891
179150 89.5750 0.776286 7.560881
179160 89.5800 0.774660 7.555514
179170 89.5850 0.773309 7.551916
179180 89.5900 0.772079 7.549322
179190 89.5950 0.771198 7.547869
179200 89.6000 0.770463 7.546914
179210 89.6050 0.769961 7.575376
179220 89.6100 0.769803 7.575235
179230 89.6150 0.769854 7.575280
179240 89.6200 0.770141 7.575550
179250 89.6250 0.770696 7.576171
179260 89.6300 0.771727 7.577673
179270 89.6350 0.773088 7.580342
179280 89.6400 0.774587 7.584181
179290 89.6450 0.776416 7.590135
179300 89.6500 0.778434 7.598304
179310 89.6550 0.780556 7.637214
179320 89.6600 0.782730 7.649611
179330 89.6650 0.784937 7.664022
179340 89.6700 0.787244 7.680990
179350 89.6750 0.789918 7.703010
179360 89.6800 0.792875 7.730147
179370 89.6850 0.795849 7.760219
179380 89.6900 0.798631 7.790704
179390 89.6950 0.801416 7.823309
179400 89.7000 0.804359 7.859826
179410 89.7050 0.807197 7.923318
179420 89.7100 0.810216 7.964169
179430 89.7150 0.813412 8.008837
179440 89.7200 0.816717 8.056197
179450 89.7250 0.820007 8.104102
179460 89.7300 0.823210 8.151056
179470 89.7350 0.826535 8.199716
179480 89.7400 0.829875 8.248057
179490 89.7450 0.833111 8.293912
179500 89.7500 0.836333 8.338199
179510 89.7550 0.839426 8.402234
179520 89.7600 0.842494 8.440643
179530 89.7650 0.845451 8.475378
179540 89.7700 0.848122 8.504593
179550 89.7750 0.850780 8.531404
179560 89.7800 0.853354 8.555020
179570 89.7850 0.856122 8.577656
179580 89.7900 0.859176 8.599064
179590 89.7950 0.862563 8.618146
179600 89.8000 0.866209 8.632878
179610 89.8050 0.869619 8.662270
179620 89.8100 0.872700 8.664463
179630 89.8150 0.875610 8.662030
179640 89.8200 0.878591 8.654920
179650 89.8250 0.881613 8.642894
179660 89.8300 0.884619 8.626091
179670 89.8350 0.887547 8.605099
179680 89.8400 0.890341 8.580850
179690 89.8450 0.893093 8.553002
179700 89.8500 0.895789 8.521971
179710 89.8550 0.898577 8.508123
179720 89.8600 0.901516 8.466127
179730 89.8650 0.904474 8.419767
179740 89.8700 0.907380 8.370380
179750 89.8750 0.910251 8.318053
179760 89.8800 0.913367 8.257544
179770 89.8850 0.916539 8.192226
179780 89.8900 0.919755 8.122487
179790 89.8950 0.923034 8.048103
179800 89.9000 0.926206 7.973303
179810 89.9050 0.929458 7.919719
179820 89.9100 0.932794 7.835948
179830 89.9150 0.936063 7.751819
179840 89.9200 0.938973 7.675480
179850 89.9250 0.942033 7.594001
179860 89.9300 0.945211 7.508336
179870 89.9350 0.948390 7.421829
179880 89.9400 0.951531 7.335777
179890 89.9450 0.954450 7.255511
179900 89.9500 0.957469 7.172310
179910 89.9550 0.960238 7.128113
179920 89.9600 0.963021 7.051324
179930 89.9650 0.965566 6.981159
179940 89.9700 0.967548 6.926591
179950 89.9750 0.969188 6.881504
179960 89.9800 0.970623 6.842127
179970 89.9850 0.972005 6.804234
179980 89.9900 0.973136 6.773285
179990 89.9950 0.974124 6.746269
180000 90.0000 0.975057 6.720795
180010 90.0050 0.975753 6.738320
180020 90.0100 0.976222 6.725549
180030 90.0150 0.976676 6.713167
180040 90.0200 0.977067 6.702523
180050 90.0250 0.977221 6.698331
180060 90.0300 0.977381 6.693985
180070 90.0350 0.977507 6.690539
180080 90.0400 0.977346 6.694933
180090 90.0450 0.976867 6.707979
180100 90.0500 0.976318 6.722939
180110 90.0550 0.975648 6.777668
180120 90.0600 0.975050 6.793993
180130 90.0650 0.974242 6.816016
180140 90.0700 0.972913 6.852266
180150 90.0750 0.971396 6.893635
180160 90.0800 0.969854 6.935727
180170 90.0850 0.968257 6.979278
180180 90.0900 0.966355 7.031161
180190 90.0950 0.964405 7.084311
180200 90.1000 0.962588 7.133803
180210 90.1050 0.960939 7.211158
180220 90.1100 0.959390 7.253172
180230 90.1150 0.957892 7.293727
180240 90.1200 0.956141 7.340955
180250 90.1250 0.954253 7.391706
180260 90.1300 0.952056 7.450450
180270 90.1350 0.949709 7.512791
180280 90.1400 0.947278 7.576827
180290 90.1450 0.944882 7.639343
180300 90.1500 0.942468 7.701626
180310 90.1550 0.940073 7.790362
180320 90.1600 0.937597 7.852388
180330 90.1650 0.935054 7.914959
180340 90.1700 0.932504 7.976346
180350 90.1750 0.929929 8.036898
180360 90.1800 0.927334 8.096255
180370 90.1850 0.924646 8.155846
180380 90.1900 0.921991 8.212674
180390 90.1950 0.919184 8.270350
180400 90.2000 0.916086 8.330948
180410 90.2050 0.912853 8.413710
180420 90.2100 0.909305 8.474209
180430 90.2150 0.905789 8.528933
180440 90.2200 0.902454 8.575744
180450 90.2250 0.899203 8.616380
180460 90.2300 0.895807 8.653354
180470 90.2350 0.892237 8.686009
180480 90.2400 0.888587 8.712664
180490 90.2450 0.884774 8.733127
180500 90.2500 0.880915 8.746112
180510 90.2550 0.877167 8.771982
180520 90.2600 0.873337 8.769687
180530 90.2650 0.869358 8.759418
180540 90.2700 0.865441 8.741757
180550 90.2750 0.861519 8.716941
180560 90.2800 0.857498 8.684552
180570 90.2850 0.853252 8.643345
180580 90.2900 0.848768 8.592820
180590 90.2950 0.844152 8.534292
180600 90.3000 0.839462 8.469199
180610 90.3050 0.834742 8.421530
180620 90.3100 0.829901 8.346198
180630 90.3150 0.824964 8.267233
180640 90.3200 0.819915 8.185840
180650 90.3250 0.815003 8.107579
180660 90.3300 0.810333 8.035330
180670 90.3350 0.805738 7.967471
180680 90.3400 0.801002 7.902018
180690 90.3450 0.796230 7.841727
180700 90.3500 0.791365 7.787142
180710 90.3550 0.786493 7.767316
180720 90.3600 0.781518 7.728067
180730 90.3650 0.776520 7.698119
180740 90.3700 0.771666 7.678617
180750 90.3750 0.767205 7.669300
180760 90.3800 0.763119 7.668108
180770 90.3850 0.759448 7.673043
180780 90.3900 0.756023 7.682735
180790 90.3950 0.753073 7.694969
180800 90.4000 0.750644 7.707696
180810 90.4050 0.748655 7.747554
180820 90.4100 0.747022 7.758652
180830 90.4150 0.745771 7.767833
180840 90.4200 0.744914 7.774449
180850 90.4250 0.744566 7.777219
180860 90.4300 0.744464 7.778038
180870 90.4350 0.744587 7.777044
180880 90.4400 0.744972 7.773995
180890 90.4450 0.745529 7.769672
180900 90.4500 0.746356 7.763468
180910 90.4550 0.747412 7.783181
180920 90.4600 0.748825 7.773697
180930 90.4650 0.750695 7.762286
180940 90.4700 0.752912 7.750461
180950 90.4750 0.755470 7.739164
180960 90.4800 0.758366 7.729456
180970 90.4850 0.761687 7.722423
180980 90.4900 0.765340 7.719798
180990 90.4950 0.769174 7.722834
181000 90.5000 0.773297 7.732691
181010 90.5050 0.777573 7.777435
181020 90.5100 0.781840 7.801457
181030 90.5150 0.786110 7.832032
181040 90.5200 0.790267 7.867738
181050 90.5250 0.794481 7.909487
181060 90.5300 0.798748 7.956939
181070 90.5350 0.803061 8.009593
181080 90.5400 0.807346 8.065879
181090 90.5450 0.811558 8.124367
181100 90.5500 0.815817 8.185875
181110 90.5550 0.819982 8.271687
181120 90.5600 0.824138 8.333630
181130 90.5650 0.828202 8.393874
181140 90.5700 0.832309 8.453594
181150 90.5750 0.836189 8.508196
181160 90.5800 0.839886 8.557899
181170 90.5850 0.843619 8.605197
181180 90.5900 0.847294 8.648335
181190 90.5950 0.850871 8.686523
181200 90.6000 0.854334 8.719472
181210 90.6050 0.857596 8.767340
181220 90.6100 0.860608 8.788467
181230 90.6150 0.863620 8.805716
181240 90.6200 0.866455 8.818220
181250 90.6250 0.869243 8.826844
181260 90.6300 0.871957 8.831622
181270 90.6350 0.874582 8.832765
181280 90.6400 0.876999 8.830731
181290 90.6450 0.879271 8.826085
181300 90.6500 0.881295 8.819693
181310 90.6550 0.883337 8.831374
181320 90.6600 0.885186 8.821664
181330 90.6650 0.886865 8.811282
181340 90.6700 0.888489 8.799820
181350 90.6750 0.890073 8.787315
181360 90.6800 0.891624 8.773808
181370 90.6850 0.892949 8.761273
181380 90.6900 0.894157 8.749075
181390 90.6950 0.895370 8.736067
181400 90.7000 0.896538 8.722852
181410 90.7050 0.897624 8.730809
181420 90.7100 0.898672 8.717787
181430 90.7150 0.899643 8.705252
181440 90.7200 0.900648 8.691775
181450 90.7250 0.901613 8.678381
181460 90.7300 0.902744 8.662109
181470 90.7350 0.903729 8.647459
181480 90.7400 0.904518 8.635385
181490 90.7450 0.904936 8.628873
181500 90.7500 0.905062 8.626894
181510 90.7550 0.905369 8.643469
181520 90.7600 0.905638 8.639185
181530 90.7650 0.905988 8.633572
181540 90.7700 0.906374 8.627301
181550 90.7750 0.906727 8.621507
181560 90.7800 0.906892 8.618767
181570 90.7850 0.906929 8.618158
181580 90.7900 0.906859 8.619323
181590 90.7950 0.906775 8.620704
181600 90.8000 0.906570 8.624081
181610 90.8050 0.906282 8.650241
181620 90.8100 0.905914 8.656201
181630 90.8150 0.905559 8.661895
181640 90.8200 0.904900 8.672302
181650 90.8250 0.904346 8.680890
181660 90.8300 0.903796 8.689270
181670 90.8350 0.903375 8.695593
181680 90.8400 0.902905 8.702546
181690 90.8450 0.902231 8.712333
181700 90.8500 0.901612 8.721108
181710 90.8550 0.901100 8.749104
181720 90.8600 0.900625 8.755590
181730 90.8650 0.900062 8.763138
181740 90.8700 0.899758 8.767135
181750 90.8750 0.899677 8.768195
181760 90.8800 0.899621 8.768927
181770 90.8850 0.899639 8.768700
181780 90.8900 0.899642 8.768652
181790 90.8950 0.899395 8.771864
181800 90.9000 0.898845 8.778880
181810 90.9050 0.898189 8.807590
181820 90.9100 0.897427 8.816782
181830 90.9150 0.896616 8.826232
181840 90.9200 0.895404 8.839697
181850 90.9250 0.894102 8.853264
181860 90.9300 0.892709 8.866759
181870 90.9350 0.891110 8.880921
181880 90.9400 0.889414 8.894385
181890 90.9450 0.887624 8.906846
181900 90.9500 0.885738 8.918028
181910 90.9550 0.883779 8.947259
181920 90.9600 0.881781 8.954669
181930 90.9650 0.879563 8.960232
181940 90.9700 0.877301 8.963048
181950 90.9750 0.874910 8.962921
181960 90.9800 0.872481 8.959580
181970 90.9850 0.869938 8.952689
181980 90.9900 0.867267 8.941813
181990 90.9950 0.864413 8.926220
182000 91.0000 0.861702 8.907768
182010 91.0050 0.859072 8.906430
182020 91.0100 0.856512 8.882899
182030 91.0150 0.853993 8.857084
182040 91.0200 0.851349 8.827335
182050 91.0250 0.848818 8.796504
182060 91.0300 0.846279 8.763470
182070 91.0350 0.843798 8.729335
182080 91.0400 0.841478 8.695929
182090 91.0450 0.839180 8.661585
182100 91.0500 0.836801 8.624904
182110 91.0550 0.834522 8.610247
182120 91.0600 0.832173 8.572213
182130 91.0650 0.829586 8.529583
182140 91.0700 0.827145 8.488808
182150 91.0750 0.824986 8.452473
182160 91.0800 0.823056 8.419888
182170 91.0850 0.821076 8.386469
182180 91.0900 0.819268 8.356025
182190 91.0950 0.817738 8.330393
182200 91.1000 0.816419 8.308415
182210 91.1050 0.815226 8.312067
182220 91.1100 0.813930 8.290739
182230 91.1150 0.812788 8.272098
182240 91.1200 0.811824 8.256479
182250 91.1250 0.810855 8.240885
182260 91.1300 0.809838 8.224675
182270 91.1350 0.808983 8.211156
182280 91.1400 0.808213 8.199089
182290 91.1450 0.807446 8.187173
182300 91.1500 0.806715 8.175900
182310 91.1550 0.805954 8.188582
182320 91.1600 0.805113 8.175851
182330 91.1650 0.804123 8.161044
182340 91.1700 0.803273 8.148485
182350 91.1750 0.802390 8.135605
182360 91.1800 0.801169 8.118068
182370 91.1850 0.799798 8.098788
182380 91.1900 0.798366 8.079136
182390 91.1950 0.797070 8.061808
182400 91.2000 0.795589 8.042552
182410 91.2050 0.794029 8.048154
182420 91.2100 0.792614 8.030934
182430 91.2150 0.791186 8.014159
182440 91.2200 0.789730 7.997690
182450 91.2250 0.788319 7.982371
182460 91.2300 0.787035 7.968986
182470 91.2350 0.785805 7.956674
182480 91.2400 0.784574 7.944876
182490 91.2450 0.783411 7.934199
182500 91.2500 0.782267 7.924168
182510 91.2550 0.781075 7.940293
182520 91.2600 0.779935 7.931236
182530 91.2650 0.778762 7.922411
182540 91.2700 0.777709 7.914912
182550 91.2750 0.776554 7.907163
182560 91.2800 0.775362 7.899680
182570 91.2850 0.774025 7.891934
182580 91.2900 0.772771 7.885284
182590 91.2950 0.771754 7.880340
182600 91.3000 0.770793 7.876031
182610 91.3050 0.769853 7.898599
182620 91.3100 0.769064 7.895613
182630 91.3150 0.768305 7.892964
182640 91.3200 0.767713 7.891056
182650 91.3250 0.767257 7.889675
182660 91.3300 0.767224 7.889579
182670 91.3350 0.767129 7.889303
182680 91.3400 0.767001 7.888934
182690 91.3450 0.767031 7.889021
182700 91.3500 0.767032 7.889022
182710 91.3550 0.767039 7.915381
182720 91.3600 0.767235 7.915947
182730 91.3650 0.767682 7.917293
182740 91.3700 0.768224 7.919025
182750 91.3750 0.768841 7.921131
182760 91.3800 0.769491 7.923503
182770 91.3850 0.770235 7.926412
182780 91.3900 0.771202 7.930497
182790 91.3950 0.772258 7.935355
182800 91.4000 0.773265 7.940365
182810 91.4050 0.774348 7.972123
182820 91.4100 0.775641 7.979578
182830 91.4150 0.777157 7.989052
182840 91.4200 0.778602 7.998811
182850 91.4250 0.780512 8.012786
182860 91.4300 0.782660 8.029929
182870 91.4350 0.785194 8.052037
182880 91.4400 0.787809 8.076902
182890 91.4450 0.790348 8.102942
182900 91.4500 0.792824 8.130048
182910 91.4550 0.795240 8.182632
182920 91.4600 0.797701 8.212492
182930 91.4650 0.799991 8.241451
182940 91.4700 0.802138 8.269547
182950 91.4750 0.804159 8.296733
182960 91.4800 0.806073 8.323090
182970 91.4850 0.807867 8.348270
182980 91.4900 0.809746 8.375077
182990 91.4950 0.811609 8.402051
183000 91.5000 0.813535 8.430267
183010 91.5050 0.815568 8.482962
183020 91.5100 0.817586 8.512952
183030 91.5150 0.819633 8.543485
183040 91.5200 0.821870 8.576831
183050 91.5250 0.824057 8.609309
183060 91.5300 0.826269 8.641930
183070 91.5350 0.828437 8.673543
183080 91.5400 0.830426 8.702155
183090 91.5450 0.832234 8.727742
183100 91.5500 0.833979 8.751997
183110 91.5550 0.835820 8.797735
183120 91.5600 0.837620 8.821598
183130 91.5650 0.839433 8.844929
183140 91.5700 0.840836 8.862471
183150 91.5750 0.842054 8.877307
183160 91.5800 0.842879 8.887131
183170 91.5850 0.843425 8.893535
183180 91.5900 0.843580 8.895342
183190 91.5950 0.843318 8.892294
183200 91.6000 0.842807 8.886291
183210 91.6050 0.842298 8.900167
183220 91.6100 0.841919 8.895612
183230 91.6150 0.841460 8.890039
183240 91.6200 0.840871 8.882825
183250 91.6250 0.840295 8.875664
183260 91.6300 0.839613 8.867099
183270 91.6350 0.838787 8.856566
183280 91.6400 0.837753 8.843150
183290 91.6450 0.836676 8.828946
183300 91.6500 0.835565 8.814027
183310 91.6550 0.834266 8.816600
183320 91.6600 0.832817 8.796412
183330 91.6650 0.831089 8.771879
183340 91.6700 0.829191 8.744417
183350 91.6750 0.827386 8.717850
183360 91.6800 0.825600 8.691224
183370 91.6850 0.823839 8.664682
183380 91.6900 0.822225 8.640176
183390 91.6950 0.820664 8.616345
183400 91.7000 0.819433 8.597508
183410 91.7050 0.818299 8.601709
183420 91.7100 0.817125 8.583684
183430 91.7150 0.815829 8.563783
183440 91.7200 0.814437 8.542444
183450 91.7250 0.813168 8.523030
183460 91.7300 0.812176 8.507898
183470 91.7350 0.811286 8.494360
183480 91.7400 0.810270 8.478977
183490 91.7450 0.809102 8.461382
183500 91.7500 0.807944 8.444059
183510 91.7550 0.807016 8.452803
183520 91.7600 0.806214 8.440947
183530 91.7650 0.805489 8.430283
183540 91.7700 0.805041 8.423731
183550 91.7750 0.804749 8.419466
183560 91.7800 0.804710 8.418891
183570 91.7850 0.804882 8.421405
183580 91.7900 0.805096 8.424525
183590 91.7950 0.805345 8.428168
183600 91.8000 0.805595 8.431838
183610 91.8050 0.806106 8.461982
183620 91.8100 0.806885 8.473485
183630 91.8150 0.807712 8.485759
183640 91.8200 0.808710 8.500643
183650 91.8250 0.810026 8.520375
183660 91.8300 0.811670 8.545149
183670 91.8350 0.813549 8.573604
183680 91.8400 0.815423 8.602052
183690 91.8450 0.817567 8.634599
183700 91.8500 0.819726 8.667265
183710 91.8550 0.821914 8.721318
183720 91.8600 0.824102 8.753812
183730 91.8650 0.826135 8.783561
183740 91.8700 0.828136 8.812324
183750 91.8750 0.830167 8.840926
183760 91.8800 0.832024 8.866464
183770 91.8850 0.833991 8.892794
183780 91.8900 0.835939 8.918071
183790 91.8950 0.837565 8.938488
183800 91.9000 0.838882 8.954547
183810 91.9050 0.840043 8.987870
183820 91.9100 0.841183 9.001016
183830 91.9150 0.842159 9.011976
183840 91.9200 0.843204 9.023380
183850 91.9250 0.844277 9.034730
183860 91.9300 0.845368 9.045886
183870 91.9350 0.846672 9.058685
183880 91.9400 0.848010 9.071204
183890 91.9450 0.849249 9.082211
183900 91.9500 0.850274 9.090894
183910 91.9550 0.851343 9.118330
183920 91.9600 0.852413 9.126491
183930 91.9650 0.853646 9.135321
183940 91.9700 0.854812 9.143079
183950 91.9750 0.855897 9.149778
183960 91.9800 0.857052 9.156335
183970 91.9850 0.858205 9.162290
183980 91.9900 0.859456 9.168068
183990 91.9950 0.860687 9.173043
184000 92.0000 0.861852 9.177094
184010 92.0050 0.863003 9.198821
184020 92.0100 0.864569 9.202336
184030 92.0150 0.866022 9.204495
184040 92.0200 0.867334 9.205520
184050 92.0250 0.868705 9.205641
184060 92.0300 0.869905 9.204942
184070 92.0350 0.871028 9.203600
184080 92.0400 0.872123 9.201647
184090 92.0450 0.873472 9.198363
184100 92.0500 0.874976 9.193545
184110 92.0550 0.876529 9.205568
184120 92.0600 0.878045 9.198169
184130 92.0650 0.879473 9.190039
184140 92.0700 0.880925 9.180617
184150 92.0750 0.882409 9.169785
184160 92.0800 0.883813 9.158413
184170 92.0850 0.885041 9.147576
184180 92.0900 0.886376 9.134857
184190 92.0950 0.887827 9.119939
184200 92.1000 0.889590 9.100262
184210 92.1050 0.891678 9.093563
184220 92.1100 0.893682 9.066927
184230 92.1150 0.895586 9.039643
184240 92.1200 0.897699 9.007180
184250 92.1250 0.900001 8.969247
184260 92.1300 0.902169 8.931131
184270 92.1350 0.904070 8.895867
184280 92.1400 0.905971 8.858951
184290 92.1450 0.907924 8.819339
184300 92.1500 0.909767 8.780454
184310 92.1550 0.911583 8.761280
184320 92.1600 0.913502 8.717880
184330 92.1650 0.915557 8.669825
184340 92.1700 0.917697 8.618139
184350 92.1750 0.919920 8.562774
184360 92.1800 0.922406 8.498952
184370 92.1850 0.925190 8.425319
184380 92.1900 0.928218 8.342857
184390 92.1950 0.931471 8.251808
184400 92.2000 0.934695 8.159404
184410 92.2050 0.938117 8.083693
184420 92.2100 0.941582 7.980457
184430 92.2150 0.945239 7.869891
184440 92.2200 0.948938 7.756769
184450 92.2250 0.952785 7.638154
184460 92.2300 0.956714 7.516400
184470 92.2350 0.960732 7.391587
184480 92.2400 0.964626 7.270658
184490 92.2450 0.968546 7.149219
184500 92.2500 0.972643 7.022807
184510 92.2550 0.976624 6.934069
184520 92.2600 0.980535 6.814461
184530 92.2650 0.984389 6.697165
184540 92.2700 0.988084 6.585263
184550 92.2750 0.991610 6.478965
184560 92.2800 0.994871 6.381014
184570 92.2850 0.998206 6.281177
184580 92.2900 1.001234 6.190771
184590 92.2950 1.003804 6.114139
184600 92.3000 1.006084 6.046228
184610 92.3050 1.007965 6.034291
184620 92.3100 1.009431 5.990536
184630 92.3150 1.010699 5.952698
184640 92.3200 1.011853 5.918195
184650 92.3250 1.012737 5.891743
184660 92.3300 1.013270 5.875778
184670 92.3350 1.013741 5.861650
184680 92.3400 1.013941 5.855661
184690 92.3450 1.014087 5.851295
184700 92.3500 1.014019 5.853326
184710 92.3550 1.013943 5.902129
184720 92.3600 1.013465 5.916470
184730 92.3650 1.012704 5.939234
184740 92.3700 1.011968 5.961256
184750 92.3750 1.011170 5.985064
184760 92.3800 1.010049 6.018477
184770 92.3850 1.008901 6.052657
184780 92.3900 1.007425 6.096510
184790 92.3950 1.005809 6.144422
184800 92.4000 1.004053 6.196394
184810 92.4050 1.002060 6.297531
184820 92.4100 0.999864 6.362213
184830 92.4150 0.997717 6.425347
184840 92.4200 0.995484 6.490847
184850 92.4250 0.993323 6.554175
184860 92.4300 0.991137 6.618140
184870 92.4350 0.988904 6.683469
184880 92.4400 0.986579 6.751446
184890 92.4450 0.984143 6.822653
184900 92.4500 0.981660 6.895273
184910 92.4550 0.979103 7.004831
184920 92.4600 0.976327 7.085939
184930 92.4650 0.973461 7.169680
184940 92.4700 0.970537 7.255034
184950 92.4750 0.967568 7.341640
184960 92.4800 0.964348 7.435502
184970 92.4850 0.961135 7.528965
184980 92.4900 0.958209 7.613915
184990 92.4950 0.955220 7.700384
185000 92.5000 0.952178 7.787980
185010 92.5050 0.949087 7.903521
185020 92.5100 0.945936 7.992884
185030 92.5150 0.943167 8.070583
185040 92.5200 0.940463 8.145610
185050 92.5250 0.937750 8.219883
185060 92.5300 0.935202 8.288571
185070 92.5350 0.932684 8.355344
185080 92.5400 0.930221 8.419458
185090 92.5450 0.927643 8.485163
185100 92.5500 0.925079 8.548908
185110 92.5550 0.922390 8.635782
185120 92.5600 0.919679 8.699115
185130 92.5650 0.917035 8.758612
185140 92.5700 0.914552 8.812296
185150 92.5750 0.912253 8.860003
185160 92.5800 0.910262 8.899647
185170 92.5850 0.908799 8.927790
185180 92.5900 0.907649 8.949284
185190 92.5950 0.906773 8.965271
185200 92.6000 0.906102 8.977302
185210 92.6050 0.905601 9.005578
185220 92.6100 0.905254 9.011650
185230 92.6150 0.904953 9.016862
185240 92.6200 0.904826 9.019057
185250 92.6250 0.904978 9.016437
185260 92.6300 0.905357 9.009848
185270 92.6350 0.906088 8.996981
185280 92.6400 0.907037 8.979912
185290 92.6450 0.907915 8.963777
185300 92.6500 0.908803 8.947112
185310 92.6550 0.909815 8.947306
185320 92.6600 0.910971 8.924623
185330 92.6650 0.912494 8.893899
185340 92.6700 0.914459 8.852879
185350 92.6750 0.916533 8.808004
185360 92.6800 0.918818 8.756752
185370 92.6850 0.921088 8.704053
185380 92.6900 0.923427 8.648041
185390 92.6950 0.925677 8.592580
185400 92.7000 0.928037 8.532921
185410 92.7050 0.930737 8.484864
185420 92.7100 0.933672 8.406735
185430 92.7150 0.936688 8.324519
185440 92.7200 0.939719 8.240137
185450 92.7250 0.942712 8.155358
185460 92.7300 0.945582 8.072867
185470 92.7350 0.948327 7.993033
185480 92.7400 0.951007 7.914320
185490 92.7450 0.953691 7.834885
185500 92.7500 0.956535 7.750138
185510 92.7550 0.959625 7.684865
185520 92.7600 0.962823 7.588406
185530 92.7650 0.965854 7.496583
185540 92.7700 0.968802 7.406968
185550 92.7750 0.971978 7.310155
185560 92.7800 0.975029 7.216943
185570 92.7850 0.978212 7.119538
185580 92.7900 0.981390 7.022123
185590 92.7950 0.984478 6.927371
185600 92.8000 0.987635 6.830351
185610 92.8050 0.990663 6.772494
185620 92.8100 0.993291 6.691318
185630 92.8150 0.995971 6.608279
185640 92.8200 0.998800 6.520378
185650 92.8250 1.001518 6.435559
185660 92.8300 1.004181 6.352175
185670 92.8350 1.006636 6.274941
185680 92.8400 1.008927 6.202591
185690 92.8450 1.011024 6.136073
185700 92.8500 1.012417 6.091749
185710 92.8550 1.013748 6.092781
185720 92.8600 1.015164 6.047411
185730 92.8650 1.016459 6.005723
185740 92.8700 1.017616 5.968383
185750 92.8750 1.018579 5.937164
185760 92.8800 1.019347 5.912245
185770 92.8850 1.020059 5.889066
185780 92.8900 1.020782 5.865456
185790 92.8950 1.021362 5.846496
185800 92.9000 1.021888 5.829275
185810 92.9050 1.022280 5.863255
185820 92.9100 1.022744 5.848026
185830 92.9150 1.023049 5.837990
185840 92.9200 1.023189 5.833358
185850 92.9250 1.023160 5.834342
185860 92.9300 1.022978 5.840318
185870 92.9350 1.022821 5.845473
185880 92.9400 1.022591 5.853049
185890 92.9450 1.022128 5.868249
185900 92.9500 1.021546 5.887312
185910 92.9550 1.020876 5.955329
185920 92.9600 1.020100 5.980603
185930 92.9650 1.019155 6.011273
185940 92.9700 1.018079 6.046075
185950 92.9750 1.016871 6.084934
185960 92.9800 1.015475 6.129628
185970 92.9850 1.013928 6.178824
185980 92.9900 1.012302 6.230232
185990 92.9950 1.010828 6.276589
186000 93.0000 1.009168 6.328453
186010 93.0050 1.007368 6.425082
186020 93.0100 1.005555 6.480943
186030 93.0150 1.003609 6.540485
186040 93.0200 1.001550 6.603022
186050 93.0250 0.999435 6.666782
186060 93.0300 0.997304 6.730598
186070 93.0350 0.995160 6.794338
186080 93.0400 0.992991 6.858412
186090 93.0450 0.990722 6.925036
186100 93.0500 0.988319 6.995164
186110 93.0550 0.985716 7.104445
186120 93.0600 0.982896 7.185597
186130 93.0650 0.980023 7.267711
186140 93.0700 0.976976 7.354204
186150 93.0750 0.973792 7.443987
186160 93.0800 0.970690 7.530883
186170 93.0850 0.967568 7.617844
186180 93.0900 0.964665 7.698213
186190 93.0950 0.961866 7.775281
186200 93.1000 0.958961 7.854793
186210 93.1050 0.956210 7.956143
186220 93.1100 0.953371 8.032646
186230 93.1150 0.950559 8.107737
186240 93.1200 0.947792 8.180869
186250 93.1250 0.945155 8.249790
186260 93.1300 0.942706 8.313036
186270 93.1350 0.940490 8.369548
186280 93.1400 0.938609 8.416943
186290 93.1450 0.936995 8.457169
186300 93.1500 0.935818 8.486207
186310 93.1550 0.934909 8.530759
186320 93.1600 0.934117 8.550011
186330 93.1650 0.933730 8.559377
186340 93.1700 0.933513 8.564631
186350 93.1750 0.933740 8.559138
186360 93.1800 0.934056 8.551501
186370 93.1850 0.934513 8.540403
186380 93.1900 0.934966 8.529372
186390 93.1950 0.935563 8.514773
186400 93.2000 0.936376 8.494752
186410 93.2050 0.937295 8.494237
186420 93.2100 0.938386 8.467001
186430 93.2150 0.939393 8.441677
186440 93.2200 0.940319 8.418233
186450 93.2250 0.941250 8.394531
186460 93.2300 0.942212 8.369889
186470 93.2350 0.943005 8.349446
186480 93.2400 0.943810 8.328615
186490 93.2450 0.944735 8.304559
186500 93.2500 0.945801 8.276678
186510 93.2550 0.946881 8.271912
186520 93.2600 0.948010 8.242042
186530 93.2650 0.948876 8.219012
186540 93.2700 0.949627 8.198957
186550 93.2750 0.950503 8.175466
186560 93.2800 0.951392 8.151559
186570 93.2850 0.952095 8.132562
186580 93.2900 0.952819 8.112948
186590 93.2950 0.953610 8.091464
186600 93.3000 0.954409 8.069678
186610 93.3050 0.955109 8.075581
186620 93.3100 0.955964 8.052110
186630 93.3150 0.956974 8.024288
186640 93.3200 0.957678 8.004834
186650 93.3250 0.958110 7.992858
186660 93.3300 0.958478 7.982667
186670 93.3350 0.958808 7.973483
186680 93.3400 0.959236 7.961602
186690 93.3450 0.959470 7.955074
186700 93.3500 0.959746 7.947387
186710 93.3550 0.960039 7.965126
186720 93.3600 0.960271 7.958626
186730 93.3650 0.960435 7.954039
186740 93.3700 0.960521 7.951647
186750 93.3750 0.960647 7.948122
186760 93.3800 0.960933 7.940114
186770 93.3850 0.961190 7.932906
186780 93.3900 0.961693 7.918775
186790 93.3950 0.962415 7.898453
186800 93.4000 0.963007 7.881753
186810 93.4050 0.963533 7.893272
186820 93.4100 0.964394 7.868850
186830 93.4150 0.965404 7.840097
186840 93.4200 0.966451 7.810167
186850 93.4250 0.967325 7.785120
186860 93.4300 0.968140 7.761660
186870 93.4350 0.969016 7.736369
186880 93.4400 0.969802 7.713603
186890 93.4450 0.970293 7.699348
186900 93.4500 0.970592 7.690655
186910 93.4550 0.970765 7.713457
186920 93.4600 0.970996 7.706740
186930 93.4650 0.971327 7.697103
186940 93.4700 0.971586 7.689524
186950 93.4750 0.971770 7.684159
186960 93.4800 0.971744 7.684913
186970 93.4850 0.971665 7.687228
186980 93.4900 0.971525 7.691316
186990 93.4950 0.971406 7.694782
187000 93.5000 0.971135 7.702703
187010 93.5050 0.970664 7.744161
187020 93.5100 0.970102 7.760483
187030 93.5150 0.969464 7.778974
187040 93.5200 0.968977 7.793034
187050 93.5250 0.968544 7.805535
187060 93.5300 0.968142 7.817107
187070 93.5350 0.967644 7.831402
187080 93.5400 0.967055 7.848277
187090 93.5450 0.966188 7.873056
187100 93.5500 0.965098 7.904026
187110 93.5550 0.963861 7.965241
187120 93.5600 0.962519 8.002930
187130 93.5650 0.961104 8.042362
187140 93.5700 0.959689 8.081505
187150 93.5750 0.957901 8.130504
187160 93.5800 0.955820 8.186912
187170 93.5850 0.953697 8.243730
187180 93.5900 0.951480 8.302276
187190 93.5950 0.949139 8.363125
187200 93.6000 0.947098 8.415351
187210 93.6050 0.945301 8.483423
187220 93.6100 0.943138 8.537069
187230 93.6150 0.940831 8.593197
187240 93.6200 0.938279 8.653841
187250 93.6250 0.935888 8.709275
187260 93.6300 0.933613 8.760662
187270 93.6350 0.931493 8.807342
187280 93.6400 0.929456 8.851011
187290 93.6450 0.927244 8.897085
187300 93.6500 0.925266 8.937028
187310 93.6550 0.923535 8.990638
187320 93.6600 0.921698 9.025578
187330 93.6650 0.919812 9.060251
187340 93.6700 0.917820 9.095504
187350 93.6750 0.915758 9.130467
187360 93.6800 0.913849 9.161412
187370 93.6850 0.912010 9.189870
187380 93.6900 0.910149 9.217294
187390 93.6950 0.908456 9.241020
187400 93.7000 0.906769 9.263467
187410 93.7050 0.905328 9.299596
187420 93.7100 0.903866 9.317120
187430 93.7150 0.902259 9.335286
187440 93.7200 0.900502 9.353795
187450 93.7250 0.898642 9.371832
187460 93.7300 0.896869 9.387519
187470 93.7350 0.895118 9.401546
187480 93.7400 0.893456 9.413504
187490 93.7450 0.891824 9.423939
187500 93.7500 0.890180 9.433149
187510 93.7550 0.888690 9.457448
187520 93.7600 0.887240 9.463390
187530 93.7650 0.885901 9.467944
187540 93.7700 0.884770 9.471098
187550 93.7750 0.883680 9.473533
187560 93.7800 0.882705 9.475211
187570 93.7850 0.881670 9.476474
187580 93.7900 0.880281 9.477334
187590 93.7950 0.878702 9.477155
187600 93.8000 0.877089 9.475709
187610 93.8050 0.875785 9.490507
187620 93.8100 0.874392 9.487339
187630 93.8150 0.873066 9.483451
187640 93.8200 0.871885 9.479273
187650 93.8250 0.870673 9.474297
187660 93.8300 0.869548 9.469056
187670 93.8350 0.868583 9.464094
187680 93.8400 0.867624 9.458733
187690 93.8450 0.866638 9.452784
187700 93.8500 0.865559 9.445777
187710 93.8550 0.864389 9.454631
187720 93.8600 0.863244 9.446025
187730 93.8650 0.862056 9.436497
187740 93.8700 0.860901 9.426654
187750 93.8750 0.859600 9.414887
187760 93.8800 0.858253 9.401981
187770 93.8850 0.856702 9.386213
187780 93.8900 0.855026 9.368121
187790 93.8950 0.853526 9.351036
187800 93.9000 0.852180 9.335019
187810 93.9050 0.850941 9.337280
187820 93.9100 0.849720 9.321673
187830 93.9150 0.848481 9.305322
187840 93.9200 0.847167 9.287430
187850 93.9250 0.845823 9.268583
187860 93.9300 0.844359 9.247455
187870 93.9350 0.842782 9.223997
187880 93.9400 0.841399 9.202904
187890 93.9450 0.840047 9.181806
187900 93.9500 0.838726 9.160766
187910 93.9550 0.837594 9.160877
187920 93.9600 0.836538 9.143523
187930 93.9650 0.835404 9.124631
187940 93.9700 0.834116 9.102861
187950 93.9750 0.832617 9.077146
187960 93.9800 0.831111 9.050945
187970 93.9850 0.829577 9.023929
187980 93.9900 0.827991 8.995660
187990 93.9950 0.826626 8.971117
188000 94.0000 0.825408 8.949057
188010 94.0050 0.824193 8.946525
188020 94.0100 0.823088 8.926296
188030 94.0150 0.822083 8.907834
188040 94.0200 0.821224 8.892011
188050 94.0250 0.820574 8.880026
188060 94.0300 0.819720 8.864241
188070 94.0350 0.818978 8.850522
188080 94.0400 0.818397 8.839777
188090 94.0450 0.818086 8.834011
188100 94.0500 0.818054 8.833420
188110 94.0550 0.818160 8.855602
188120 94.0600 0.818551 8.862853
188130 94.0650 0.819107 8.873131
188140 94.0700 0.819891 8.887622
188150 94.0750 0.820697 8.902485
188160 94.0800 0.821590 8.918932
188170 94.0850 0.822554 8.936644
188180 94.0900 0.823578 8.955375
188190 94.0950 0.824749 8.976701
188200 94.1000 0.825818 8.996057
188210 94.1050 0.826890 9.034679
188220 94.1100 0.828112 9.056507
188230 94.1150 0.829493 9.080923
188240 94.1200 0.830848 9.104616
188250 94.1250 0.832263 9.129008
188260 94.1300 0.833788 9.154896
188270 94.1350 0.835403 9.181823
188280 94.1400 0.837272 9.212263
188290 94.1450 0.839219 9.243112
188300 94.1500 0.841153 9.272784
188310 94.1550 0.843021 9.318346
188320 94.1600 0.845147 9.348549
188330 94.1650 0.847426 9.379322
188340 94.1700 0.849627 9.407353
188350 94.1750 0.851842 9.433796
188360 94.1800 0.853914 9.456835
188370 94.1850 0.856098 9.479271
188380 94.1900 0.858390 9.500698
188390 94.1950 0.860672 9.519793
188400 94.2000 0.862984 9.536773
188410 94.2050 0.865501 9.569065
188420 94.2100 0.868157 9.582329
188430 94.2150 0.870837 9.592215
188440 94.2200 0.873627 9.598694
188450 94.2250 0.876559 9.601251
188460 94.2300 0.879695 9.599108
188470 94.2350 0.882962 9.591481
188480 94.2400 0.886191 9.578531
188490 94.2450 0.889112 9.562212
188500 94.2500 0.891841 9.543046
188510 94.2550 0.894542 9.536978
188520 94.2600 0.897012 9.513081
188530 94.2650 0.899214 9.489253
188540 94.2700 0.901283 9.464768
188550 94.2750 0.903440 9.437089
188560 94.2800 0.905813 9.404214
188570 94.2850 0.908190 9.368774
188580 94.2900 0.910757 9.327788
188590 94.2950 0.913297 9.284556
188600 94.3000 0.915745 9.240506
188610 94.3050 0.918063 9.214721
188620 94.3100 0.920513 9.166259
188630 94.3150 0.922731 9.120553
188640 94.3200 0.924739 9.077755
188650 94.3250 0.926724 9.034172
188660 94.3300 0.928711 8.989335
188670 94.3350 0.930738 8.942390
188680 94.3400 0.932798 8.893524
188690 94.3450 0.934802 8.844884
188700 94.3500 0.936751 8.796592
188710 94.3550 0.938847 8.764080
188720 94.3600 0.940804 8.713663
188730 94.3650 0.942909 8.658488
188740 94.3700 0.945113 8.599704
188750 94.3750 0.947065 8.546797
188760 94.3800 0.948821 8.498558
188770 94.3850 0.950429 8.453897
188780 94.3900 0.951915 8.412199
188790 94.3950 0.953236 8.374808
188800 94.4000 0.954262 8.345559
188810 94.4050 0.954971 8.348440
188820 94.4100 0.955570 8.331209
188830 94.4150 0.956320 8.309557
188840 94.4200 0.957152 8.285416
188850 94.4250 0.957957 8.261935
188860 94.4300 0.958515 8.245612
188870 94.4350 0.959003 8.231306
188880 94.4400 0.959442 8.218395
188890 94.4450 0.959711 8.210448
188900 94.4500 0.959902 8.204812
188910 94.4550 0.960106 8.222896
188920 94.4600 0.960529 8.210377
188930 94.4650 0.961089 8.193761
188940 94.4700 0.961599 8.178601
188950 94.4750 0.962122 8.162986
188960 94.4800 0.962732 8.144709
188970 94.4850 0.963330 8.126759
188980 94.4900 0.963927 8.108782
188990 94.4950 0.964618 8.087876
189000 94.5000 0.965205 8.070082
189010 94.5050 0.965706 8.079881
189020 94.5100 0.966151 8.066316
189030 94.5150 0.966770 8.047411
189040 94.5200 0.967493 8.025203
189050 94.5250 0.968463 7.995337
189060 94.5300 0.969493 7.963413
189070 94.5350 0.970655 7.927240
189080 94.5400 0.971846 7.889933
189090 94.5450 0.973244 7.845876
189100 94.5500 0.974787 7.796919
189110 94.5550 0.976101 7.781960
189120 94.5600 0.977433 7.739135
189130 94.5650 0.978834 7.693794
189140 94.5700 0.980322 7.645335
189150 94.5750 0.981904 7.593449
189160 94.5800 0.983682 7.534673
189170 94.5850 0.985530 7.473143
189180 94.5900 0.987288 7.414136
189190 94.5950 0.988984 7.356782
189200 94.6000 0.990841 7.293567
189210 94.6050 0.992744 7.259366
189220 94.6100 0.994602 7.195100
189230 94.6150 0.996437 7.131109
189240 94.6200 0.998431 7.061055
189250 94.6250 1.000313 6.994416
189260 94.6300 1.002140 6.929283
189270 94.6350 1.004085 6.859398
189280 94.6400 1.005944 6.792169
189290 94.6450 1.007854 6.722579
189300 94.6500 1.009850 6.649356
189310 94.6550 1.012059 6.604938
189320 94.6600 1.014283 6.522012
189330 94.6650 1.016540 6.437146
189340 94.6700 1.018761 6.352955
189350 94.6750 1.020773 6.276118
189360 94.6800 1.022556 6.207574
189370 94.6850 1.024252 6.141975
189380 94.6900 1.025997 6.074068
189390 94.6950 1.027683 6.008138
189400 94.7000 1.029308 5.944217
189410 94.7050 1.030846 5.928782
189420 94.7100 1.032228 5.873836
189430 94.7150 1.033696 5.815207
189440 94.7200 1.034894 5.767138
189450 94.7250 1.036039 5.720986
189460 94.7300 1.036912 5.685730
189470 94.7350 1.037458 5.663609
189480 94.7400 1.037802 5.649657
189490 94.7450 1.037901 5.645631
189500 94.7500 1.038028 5.640481
189510 94.7550 1.038215 5.682236
189520 94.7600 1.038295 5.679008
189530 94.7650 1.038156 5.684658
189540 94.7700 1.037907 5.694740
189550 94.7750 1.037619 5.706458
189560 94.7800 1.037426 5.714293
189570 94.7850 1.037048 5.729583
189580 94.7900 1.036554 5.749565
189590 94.7950 1.035894 5.776196
189600 94.8000 1.035028 5.811031
189610 94.8050 1.034184 5.891957
189620 94.8100 1.033327 5.926187
189630 94.8150 1.032385 5.963682
189640 94.8200 1.031324 6.005713
189650 94.8250 1.030239 6.048460
189660 94.8300 1.029121 6.092326
189670 94.8350 1.027783 6.144488
189680 94.8400 1.026300 6.201948
189690 94.8450 1.024741 6.261939
189700 94.8500 1.023187 6.321269
189710 94.8550 1.021561 6.423681
189720 94.8600 1.019682 6.494199
189730 94.8650 1.017709 6.567472
189740 94.8700 1.015648 6.643195
189750 94.8750 1.013398 6.724895
189760 94.8800 1.011108 6.807011
189770 94.8850 1.008776 6.889573
189780 94.8900 1.006433 6.971434
189790 94.8950 1.003993 7.055565
189800 94.9000 1.001427 7.142798
189810 94.9050 0.998771 7.264158
189820 94.9100 0.996003 7.355354
189830 94.9150 0.993177 7.446902
189840 94.9200 0.990139 7.543588
189850 94.9250 0.986970 7.642577
189860 94.9300 0.983699 7.742843
189870 94.9350 0.980670 7.833964
189880 94.9400 0.977642 7.923424
189890 94.9450 0.974528 8.013782
189900 94.9500 0.971387 8.103256
189910 94.9550 0.968109 8.219618
189920 94.9600 0.964783 8.310589
189930 94.9650 0.961604 8.395723
189940 94.9700 0.958565 8.475424
189950 94.9750 0.955688 8.549365
189960 94.9800 0.952629 8.626333
189970 94.9850 0.949548 8.702090
189980 94.9900 0.946611 8.772609
189990 94.9950 0.943778 8.838985
190000 95.0000 0.941026 8.901868
190010 95.0050 0.938330 8.981681
190020 95.0100 0.935682 9.038887
190030 95.0150 0.933009 9.094877
190040 95.0200 0.930615 9.143433
190050 95.0250 0.927993 9.194806
190060 95.0300 0.925097 9.249278
190070 95.0350 0.922066 9.303530
190080 95.0400 0.919134 9.353232
190090 95.0450 0.916432 9.396451
190100 95.0500 0.913943 9.433981
190110 95.0550 0.911601 9.484295
190120 95.0600 0.909425 9.513247
190130 95.0650 0.907119 9.541861
190140 95.0700 0.904806 9.568347
190150 95.0750 0.902323 9.594239
190160 95.0800 0.899828 9.617544
190170 95.0850 0.897409 9.637474
190180 95.0900 0.895231 9.653130
190190 95.0950 0.893112 9.666237
190200 95.1000 0.890743 9.678376
190210 95.1050 0.888625 9.702918
190220 95.1100 0.886500 9.709315
190230 95.1150 0.884495 9.713313
190240 95.1200 0.882779 9.715160
190250 95.1250 0.880937 9.715525
190260 95.1300 0.879091 9.714212
190270 95.1350 0.877169 9.711063
190280 95.1400 0.875462 9.706750
190290 95.1450 0.873580 9.700357
190300 95.1500 0.871688 9.692207
190310 95.1550 0.869937 9.699045
190320 95.1600 0.868276 9.689091
190330 95.1650 0.866796 9.679127
190340 95.1700 0.865338 9.668326
190350 95.1750 0.864030 9.657800
190360 95.1800 0.862709 9.646403
190370 95.1850 0.861529 9.635563
190380 95.1900 0.860577 9.626374
190390 95.1950 0.859797 9.618562
190400 95.2000 0.859201 9.612417
190410 95.2050 0.858652 9.622892
190420 95.2100 0.858126 9.617219
190430 95.2150 0.857714 9.612689
190440 95.2200 0.857224 9.607226
190450 95.2250 0.856600 9.600111
190460 95.2300 0.856152 9.594906
190470 95.2350 0.855586 9.588223
190480 95.2400 0.854949 9.580543
190490 95.2450 0.854415 9.573973
190500 95.2500 0.853793 9.566188
190510 95.2550 0.853192 9.575011
190520 95.2600 0.852674 9.568286
190530 95.2650 0.852305 9.563432
190540 95.2700 0.852089 9.560569
190550 95.2750 0.851900 9.558053
190560 95.2800 0.851698 9.555344
190570 95.2850 0.851643 9.554602
190580 95.2900 0.851772 9.556339
190590 95.2950 0.851972 9.559017
190600 95.3000 0.852302 9.563392
190610 95.3050 0.852862 9.587231
190620 95.3100 0.853516 9.595640
190630 95.3150 0.854400 9.606747
190640 95.3200 0.855586 9.621144
190650 95.3250 0.856919 9.636636
190660 95.3300 0.858260 9.651458
190670 95.3350 0.859559 9.665076
190680 95.3400 0.860614 9.675594
190690 95.3450 0.861618 9.685140
190700 95.3500 0.862526 9.693368
190710 95.3550 0.863538 9.718001
190720 95.3600 0.864549 9.726245
190730 95.3650 0.865662 9.734747
190740 95.3700 0.867085 9.744753
190750 95.3750 0.868591 9.754262
190760 95.3800 0.869947 9.761865
190770 95.3850 0.871336 9.768696
190780 95.3900 0.872783 9.774783
190790 95.3950 0.874188 9.779678
190800 95.4000 0.875618 9.783619
190810 95.4050 0.877190 9.802243
190820 95.4100 0.878943 9.804196
190830 95.4150 0.880971 9.804451
190840 95.4200 0.883198 9.802252
190850 95.4250 0.885350 9.797669
190860 95.4300 0.887427 9.790967
190870 95.4350 0.889514 9.781990
190880 95.4400 0.891822 9.769480
190890 95.4450 0.894508 9.751556
190900 95.4500 0.897199 9.730031
190910 95.4550 0.899998 9.719667
190920 95.4600 0.902947 9.688168
190930 95.4650 0.906128 9.649740
190940 95.4700 0.909442 9.605017
190950 95.4750 0.912961 9.552540
190960 95.4800 0.916494 9.494970
190970 95.4850 0.919893 9.435275
190980 95.4900 0.923424 9.369063
190990 95.4950 0.927131 9.295304
191000 95.5000 0.930778 9.218785
191010 95.5050 0.934326 9.159022
191020 95.5100 0.937884 9.077606
191030 95.5150 0.941536 8.990899
191040 95.5200 0.945187 8.901300
191050 95.5250 0.948772 8.810636
191060 95.5300 0.952430 8.715551
191070 95.5350 0.956080 8.618259
191080 95.5400 0.959549 8.523614
191090 95.5450 0.962958 8.428626
191100 95.5500 0.966311 8.333293
191110 95.5550 0.969875 8.253159
191120 95.5600 0.973553 8.144161
191130 95.5650 0.977047 8.038445
191140 95.5700 0.980453 7.933326
191150 95.5750 0.983667 7.832246
191160 95.5800 0.986717 7.734606
191170 95.5850 0.989731 7.636466
191180 95.5900 0.992544 7.543346
191190 95.5950 0.995409 7.446994
191200 95.6000 0.998297 7.348257
191210 95.6050 1.001402 7.270940
191220 95.6100 1.004475 7.162124
191230 95.6150 1.007615 7.048906
191240 95.6200 1.010640 6.937859
191250 95.6250 1.013295 6.838846
191260 95.6300 1.015805 6.743912
191270 95.6350 1.018261 6.649752
191280 95.6400 1.020857 6.548849
191290 95.6450 1.023620 6.439949
191300 95.6500 1.026409 6.328469
191310 95.6550 1.029083 6.260850
191320 95.6600 1.031758 6.150920
191330 95.6650 1.034437 6.039392
191340 95.6700 1.037054 5.929046
191350 95.6750 1.039655 5.818057
191360 95.6800 1.042275 5.705005
191370 95.6850 1.044941 5.588695
191380 95.6900 1.047445 5.478357
191390 95.6950 1.049893 5.369549
191400 95.7000 1.052292 5.262009
191410 95.7050 1.054459 5.219039
191420 95.7100 1.056424 5.129670
191430 95.7150 1.058340 5.042030
191440 95.7200 1.060232 4.954965
191450 95.7250 1.062048 4.871025
191460 95.7300 1.063791 4.790090
191470 95.7350 1.065294 4.720057
191480 95.7400 1.066595 4.659248
191490 95.7450 1.067842 4.600839
191500 95.7500 1.069027 4.545196
191510 95.7550 1.069984 4.567295
191520 95.7600 1.070791 4.529250
191530 95.7650 1.071437 4.498800
191540 95.7700 1.071872 4.478256
191550 95.7750 1.072147 4.465265
191560 95.7800 1.072356 4.455409
191570 95.7850 1.072608 4.443478
191580 95.7900 1.072785 4.435103
191590 95.7950 1.072784 4.435144
191600 95.8000 1.072575 4.445069
191610 95.8050 1.072193 4.532074
191620 95.8100 1.071700 4.555375
191630 95.8150 1.070825 4.596627
191640 95.8200 1.070018 4.634557
191650 95.8250 1.069152 4.675233
191660 95.8300 1.068120 4.723561
191670 95.8350 1.066717 4.789043
191680 95.8400 1.065100 4.864196
191690 95.8450 1.063349 4.945082
191700 95.8500 1.061639 5.023643
191710 95.8550 1.059846 5.164139
191720 95.8600 1.057878 5.253185
191730 95.8650 1.055684 5.351545
191740 95.8700 1.053368 5.454203
191750 95.8750 1.050935 5.560784
191760 95.8800 1.047964 5.689051
191770 95.8850 1.044856 5.821005
191780 95.8900 1.041729 5.951368
191790 95.8950 1.038957 6.064887
191800 95.9000 1.036032 6.182573
191810 95.9050 1.033028 6.343588
191820 95.9100 1.029895 6.464666
191830 95.9150 1.026693 6.585734
191840 95.9200 1.023386 6.707962
191850 95.9250 1.020146 6.825033
191860 95.9300 1.016999 6.936192
191870 95.9350 1.013845 7.045176
191880 95.9400 1.010584 7.155444
191890 95.9450 1.007351 7.262384
191900 95.9500 1.004128 7.366708
191910 95.9550 1.000871 7.500395
191920 95.9600 0.997573 7.602610
191930 95.9650 0.994584 7.693395
191940 95.9700 0.991419 7.787644
191950 95.9750 0.988031 7.886544
191960 95.9800 0.984790 7.979293
191970 95.9850 0.981721 8.065554
191980 95.9900 0.978815 8.145878
191990 95.9950 0.975988 8.222812
192000 96.0000 0.973190 8.297817
192010 96.0050 0.970586 8.390099
192020 96.0100 0.968199 8.452307
192030 96.0150 0.965740 8.515518
192040 96.0200 0.963417 8.574467
192050 96.0250 0.961242 8.628932
192060 96.0300 0.958935 8.686010
192070 96.0350 0.956723 8.739996
192080 96.0400 0.954491 8.793751
192090 96.0450 0.952351 8.844600
192100 96.0500 0.950459 8.888960
192110 96.0550 0.948628 8.951277
192120 96.0600 0.946778 8.993510
192130 96.0650 0.945204 9.028996
192140 96.0700 0.943627 9.064085
192150 96.0750 0.942152 9.096496
192160 96.0800 0.940884 9.124008
192170 96.0850 0.939720 9.149004
192180 96.0900 0.938752 9.169572
192190 96.0950 0.937658 9.192569
192200 96.1000 0.936520 9.216249
192210 96.1050 0.935384 9.257761
192220 96.1100 0.934371 9.278317
192230 96.1150 0.933404 9.297714
192240 96.1200 0.932470 9.316249
192250 96.1250 0.931537 9.334533
192260 96.1300 0.930629 9.352112
192270 96.1350 0.929878 9.366502
192280 96.1400 0.929336 9.376806
192290 96.1450 0.928833 9.386270
192300 96.1500 0.928441 9.393618
192310 96.1550 0.928011 9.418910
192320 96.1600 0.927510 9.428175
192330 96.1650 0.927159 9.434618
192340 96.1700 0.926944 9.438560
192350 96.1750 0.926711 9.442795
192360 96.1800 0.926489 9.446838
192370 96.1850 0.926295 9.450344
192380 96.1900 0.926153 9.452911
192390 96.1950 0.926118 9.453541
192400 96.2000 0.926198 9.452097
192410 96.2050 0.926563 9.462508
192420 96.2100 0.927069 9.453282
192430 96.2150 0.927787 9.440066
192440 96.2200 0.928535 9.426160
192450 96.2250 0.929339 9.411010
192460 96.2300 0.930286 9.392950
192470 96.2350 0.931359 9.372183
192480 96.2400 0.932465 9.350460
192490 96.2450 0.933815 9.323514
192500 96.2500 0.935227 9.294830
192510 96.2550 0.936679 9.282597
192520 96.2600 0.938266 9.249218
192530 96.2650 0.939957 9.212976
192540 96.2700 0.941816 9.172386
192550 96.2750 0.943749 9.129396
192560 96.2800 0.945753 9.083976
192570 96.2850 0.947724 9.038492
192580 96.2900 0.949578 8.995041
192590 96.2950 0.951217 8.956063
192600 96.3000 0.953034 8.912285
192610 96.3050 0.954899 8.886498
192620 96.3100 0.956635 8.843493
192630 96.3150 0.958649 8.792920
192640 96.3200 0.960742 8.739639
192650 96.3250 0.962864 8.684819
192660 96.3300 0.965169 8.624397
192670 96.3350 0.967470 8.563218
192680 96.3400 0.969836 8.499362
192690 96.3450 0.972308 8.431658
192700 96.3500 0.974831 8.361516
192710 96.3550 0.977194 8.317881
192720 96.3600 0.979524 8.251146
192730 96.3650 0.981903 8.182012
192740 96.3700 0.984356 8.109638
192750 96.3750 0.986950 8.031892
192760 96.3800 0.989728 7.947207
192770 96.3850 0.992754 7.853278
192780 96.3900 0.995944 7.752305
192790 96.3950 0.999381 7.641221
192800 96.4000 1.002950 7.523226
192810 96.4050 1.006476 7.433060
192820 96.4100 1.010173 7.304832
192830 96.4150 1.014049 7.166838
192840 96.4200 1.018077 7.019515
192850 96.4250 1.022368 6.858120
192860 96.4300 1.026799 6.686489
192870 96.4350 1.031485 6.499468
192880 96.4400 1.036124 6.308713
192890 96.4450 1.040906 6.106305
192900 96.4500 1.045727 5.896417
192910 96.4550 1.050347 5.735844
192920 96.4600 1.055125 5.516673
192930 96.4650 1.059893 5.292827
192940 96.4700 1.064550 5.069732
192950 96.4750 1.069093 4.848438
192960 96.4800 1.073502 4.630857
192970 96.4850 1.078130 4.400232
192980 96.4900 1.082733 4.169418
192990 96.4950 1.087124 3.948746
193000 96.5000 1.091448 3.731860
193010 96.5050 1.095776 3.599834
193020 96.5100 1.100099 3.385278
193030 96.5150 1.104121 3.187718
193040 96.5200 1.107783 3.010221
193050 96.5250 1.111140 2.849868
193060 96.5300 1.114386 2.697411
193070 96.5350 1.117623 2.548271
193080 96.5400 1.120493 2.418677
193090 96.5450 1.123148 2.301218
193100 96.5500 1.125662 2.192292
193110 96.5550 1.127914 2.226127
193120 96.5600 1.130030 2.137798
193130 96.5650 1.131696 2.069366
193140 96.5700 1.133244 2.006687
193150 96.5750 1.134749 1.946628
193160 96.5800 1.135920 1.900531
193170 96.5850 1.136858 1.863955
193180 96.5900 1.137504 1.838994
193190 96.5950 1.137976 1.820870
193200 96.6000 1.138099 1.816131
193210 96.6050 1.137868 1.968831
193220 96.6100 1.137422 1.985988
193230 96.6150 1.136776 2.010961
193240 96.6200 1.135995 2.041307
193250 96.6250 1.134839 2.086615
193260 96.6300 1.133479 2.140507
193270 96.6350 1.132061 2.197324
193280 96.6400 1.130414 2.264072
193290 96.6450 1.128554 2.340502
193300 96.6500 1.126405 2.430027
193310 96.6550 1.124230 2.642982
193320 96.6600 1.121966 2.739569
193330 96.6650 1.119587 2.842195
193340 96.6700 1.117234 2.944694
193350 96.6750 1.114872 3.048438
193360 96.6800 1.112407 3.157624
193370 96.6850 1.109753 3.276020
193380 96.6900 1.107116 3.394422
193390 96.6950 1.104394 3.517293
193400 96.7000 1.101727 3.638179
193410 96.7050 1.099021 3.847558
193420 96.7100 1.096496 3.962222
193430 96.7150 1.093855 4.082085
193440 96.7200 1.091234 4.200773
193450 96.7250 1.088722 4.314223
193460 96.7300 1.086070 4.433609
193470 96.7350 1.083396 4.553382
193480 96.7400 1.080701 4.673481
193490 96.7450 1.077715 4.805629
193500 96.7500 1.074605 4.942199
193510 96.7550 1.071582 5.133620
193520 96.7600 1.068690 5.257995
193530 96.7650 1.065749 5.382950
193540 96.7700 1.062618 5.514272
193550 96.7750 1.059432 5.646006
193560 96.7800 1.056535 5.764126
193570 96.7850 1.053749 5.876154
193580 96.7900 1.051030 5.983948
193590 96.7950 1.048630 6.077909
193600 96.8000 1.046555 6.158166
193610 96.8050 1.044533 6.278252
193620 96.8100 1.042529 6.354009
193630 96.8150 1.040770 6.419778
193640 96.8200 1.038961 6.486708
193650 96.8250 1.037204 6.551059
193660 96.8300 1.035353 6.618113
193670 96.8350 1.033430 6.686984
193680 96.8400 1.031502 6.755231
193690 96.8450 1.029756 6.816405
193700 96.8500 1.028400 6.863440
193710 96.8550 1.027225 6.938982
193720 96.8600 1.026177 6.974791
193730 96.8650 1.025389 7.001595
193740 96.8700 1.024596 7.028407
193750 96.8750 1.023797 7.055284
193760 96.8800 1.023110 7.078271
193770 96.8850 1.022714 7.091500
193780 96.8900 1.022444 7.100501
193790 96.8950 1.022304 7.105132
193800 96.9000 1.022100 7.111919
193810 96.9050 1.021866 7.152424
193820 96.9100 1.021803 7.154492
193830 96.9150 1.021692 7.158161
193840 96.9200 1.021476 7.165324
193850 96.9250 1.021391 7.168117
193860 96.9300 1.021381 7.168466
193870 96.9350 1.021650 7.159570
193880 96.9400 1.022173 7.142229
193890 96.9450 1.023041 7.113301
193900 96.9500 1.024308 7.070784
193910 96.9550 1.025679 7.057478
193920 96.9600 1.027087 7.009325
193930 96.9650 1.028615 6.956521
193940 96.9700 1.030281 6.898297
193950 96.9750 1.031932 6.839901
193960 96.9800 1.033712 6.776207
193970 96.9850 1.035570 6.708838
193980 96.9900 1.037498 6.638016
193990 96.9950 1.039483 6.564122
194000 97.0000 1.041528 6.486981
194010 97.0050 1.043738 6.441321
194020 97.0100 1.046110 6.349037
194030 97.0150 1.048677 6.247460
194040 97.0200 1.051269 6.143140
194050 97.0250 1.053760 6.041290
194060 97.0300 1.056294 5.936033
194070 97.0350 1.058646 5.836894
194080 97.0400 1.060884 5.741340
194090 97.0450 1.063074 5.646709
194100 97.0500 1.065328 5.548185
194110 97.0550 1.067575 5.499510
194120 97.0600 1.069698 5.404597
194130 97.0650 1.071833 5.308136
194140 97.0700 1.073973 5.210539
194150 97.0750 1.076094 5.112919
194160 97.0800 1.078208 5.014850
194170 97.0850 1.080382 4.913171
194180 97.0900 1.082620 4.807756
194190 97.0950 1.084866 4.701301
194200 97.1000 1.086976 4.600718
194210 97.1050 1.089183 4.560968
194220 97.1100 1.091381 4.455063
194230 97.1150 1.093737 4.341058
194240 97.1200 1.095968 4.232669
194250 97.1250 1.098022 4.132651
194260 97.1300 1.100100 4.031285
194270 97.1350 1.102192 3.929109
194280 97.1400 1.104502 3.816356
194290 97.1450 1.106500 3.718879
194300 97.1500 1.108282 3.632090
194310 97.1550 1.109936 3.638224
194320 97.1600 1.111455 3.564441
194330 97.1650 1.112814 3.498518
194340 97.1700 1.114096 3.436444
194350 97.1750 1.115362 3.375322
194360 97.1800 1.116543 3.318385
194370 97.1850 1.117653 3.265034
194380 97.1900 1.118825 3.208819
194390 97.1950 1.120062 3.149739
194400 97.2000 1.121563 3.078268
194410 97.2050 1.123034 3.109669
194420 97.2100 1.124145 3.057220
194430 97.2150 1.125265 3.004483
194440 97.2200 1.126496 2.946782
194450 97.2250 1.127756 2.887950
194460 97.2300 1.128993 2.830492
194470 97.2350 1.130099 2.779409
194480 97.2400 1.131197 2.728863
194490 97.2450 1.132290 2.678858
194500 97.2500 1.133052 2.644152
194510 97.2550 1.134042 2.713337
194520 97.2600 1.134833 2.677564
194530 97.2650 1.135652 2.640685
194540 97.2700 1.136307 2.611298
194550 97.2750 1.136844 2.587272
194560 97.2800 1.137398 2.562541
194570 97.2850 1.137874 2.541391
194580 97.2900 1.138212 2.526365
194590 97.2950 1.138588 2.509677
194600 97.3000 1.138819 2.499468
194610 97.3050 1.138701 2.623524
194620 97.3100 1.138239 2.644006
194630 97.3150 1.137595 2.672578
194640 97.3200 1.136904 2.703354
194650 97.3250 1.136212 2.734216
194660 97.3300 1.135342 2.773178
194670 97.3350 1.134027 2.832316
194680 97.3400 1.132628 2.895475
194690 97.3450 1.130923 2.972856
194700 97.3500 1.129042 3.058600
194710 97.3550 1.127065 3.250631
194720 97.3600 1.124934 3.348329
194730 97.3650 1.122569 3.456808
194740 97.3700 1.119809 3.583477
194750 97.3750 1.116838 3.719634
194760 97.3800 1.113698 3.863144
194770 97.3850 1.110488 4.009181
194780 97.3900 1.107331 4.151966
194790 97.3950 1.104278 4.289020
194800 97.4000 1.100911 4.438880
194810 97.4050 1.097639 4.651948
194820 97.4100 1.094404 4.792414
194830 97.4150 1.091290 4.925750
194840 97.4200 1.088075 5.061366
194850 97.4250 1.084633 5.204224
194860 97.4300 1.081165 5.345558
194870 97.4350 1.077544 5.490337
194880 97.4400 1.074047 5.627424
194890 97.4450 1.070565 5.761175
194900 97.4500 1.067157 5.889513
194910 97.4550 1.063846 6.057655
194920 97.4600 1.060536 6.177072
194930 97.4650 1.057498 6.284415
194940 97.4700 1.054600 6.384802
194950 97.4750 1.051858 6.478003
194960 97.4800 1.049309 6.563124
194970 97.4850 1.046924 6.641467
194980 97.4900 1.044576 6.717409
194990 97.4950 1.042284 6.790381
195000 97.5000 1.040277 6.853411
195010 97.5050 1.038379 6.947412
195020 97.5100 1.036494 7.005062
195030 97.5150 1.034705 7.059107
195040 97.5200 1.033051 7.108496
195050 97.5250 1.031661 7.149564
195060 97.5300 1.030482 7.184107
195070 97.5350 1.029392 7.215804
195080 97.5400 1.028387 7.244813
195090 97.5450 1.027171 7.279688
195100 97.5500 1.025967 7.313948
195110 97.5550 1.024793 7.377993
195120 97.5600 1.024005 7.400106
195130 97.5650 1.023441 7.415833
195140 97.5700 1.023113 7.424973
195150 97.5750 1.023076 7.426002
195160 97.5800 1.023319 7.419239
195170 97.5850 1.023724 7.407947
195180 97.5900 1.024301 7.391803
195190 97.5950 1.025150 7.367964
195200 97.6000 1.026212 7.337930
195210 97.6050 1.027175 7.341220
195220 97.6100 1.028272 7.309715
195230 97.6150 1.029268 7.280919
195240 97.6200 1.030370 7.248789
195250 97.6250 1.031606 7.212464
195260 97.6300 1.032793 7.177238
195270 97.6350 1.033888 7.144487
195280 97.6400 1.035086 7.108333
195290 97.6450 1.036308 7.071115
195300 97.6500 1.037516 7.033963
195310 97.6550 1.039009 7.021028
195320 97.6600 1.040564 6.972150
195330 97.6650 1.041812 6.932457
195340 97.6700 1.043167 6.888929
195350 97.6750 1.044680 6.839757
195360 97.6800 1.046042 6.794964
195370 97.6850 1.047238 6.755266
195380 97.6900 1.048663 6.707473
195390 97.6950 1.050341 6.650495
195400 97.7000 1.052072 6.590924
195410 97.7050 1.053952 6.563159
195420 97.7100 1.056034 6.489325
195430 97.7150 1.058069 6.415991
195440 97.7200 1.059919 6.348294
195450 97.7250 1.061754 6.280198
195460 97.7300 1.063696 6.207116
195470 97.7350 1.065661 6.132077
195480 97.7400 1.067627 6.055931
195490 97.7450 1.069413 5.985838
195500 97.7500 1.071126 5.917807
195510 97.7550 1.073019 5.887356
195520 97.7600 1.074984 5.807222
195530 97.7650 1.077025 5.722875
195540 97.7700 1.079067 5.637306
195550 97.7750 1.081251 5.544562
195560 97.7800 1.083595 5.443649
195570 97.7850 1.086018 5.337830
195580 97.7900 1.088463 5.229585
195590 97.7950 1.091048 5.113648
195600 97.8000 1.093821 4.987597
195610 97.8050 1.096832 4.908139
195620 97.8100 1.099857 4.766716
195630 97.8150 1.102811 4.626910
195640 97.8200 1.105914 4.478402
195650 97.8250 1.109215 4.318805
195660 97.8300 1.112608 4.153340
195670 97.8350 1.116021 3.985718
195680 97.8400 1.119423 3.817899
195690 97.8450 1.122967 3.642691
195700 97.8500 1.126858 3.450390
195710 97.8550 1.130818 3.346278
195720 97.8600 1.134707 3.155389
195730 97.8650 1.138728 2.959668
195740 97.8700 1.142764 2.765731
195750 97.8750 1.146729 2.578337
195760 97.8800 1.150689 2.395085
195770 97.8850 1.154669 2.215622
195780 97.8900 1.158663 2.040936
195790 97.8950 1.162547 1.876891
195800 97.9000 1.166302 1.724328
195810 97.9050 1.169549 1.744805
195820 97.9100 1.172606 1.629155
195830 97.9150 1.175331 1.529531
195840 97.9200 1.177597 1.449264
195850 97.9250 1.179656 1.378391
195860 97.9300 1.181451 1.318265
195870 97.9350 1.182879 1.271535
195880 97.9400 1.183929 1.237795
195890 97.9450 1.184551 1.218084
195900 97.9500 1.184783 1.210764
195910 97.9550 1.184565 1.388003
195920 97.9600 1.183796 1.412398
195930 97.9650 1.182706 1.447349
195940 97.9700 1.181243 1.495100
195950 97.9750 1.179074 1.567488
195960 97.9800 1.176577 1.653217
195970 97.9850 1.173827 1.750469
195980 97.9900 1.170778 1.861663
195990 97.9950 1.167713 1.976894
196000 98.0000 1.164630 2.096084
196010 98.0050 1.161242 2.363365
196020 98.0100 1.157541 2.513318
196030 98.0150 1.153961 2.661250
196040 98.0200 1.150349 2.813015
196050 98.0250 1.146610 2.972433
196060 98.0300 1.142701 3.141113
196070 98.0350 1.138717 3.314705
196080 98.0400 1.134714 3.490367
196090 98.0450 1.130832 3.661364
196100 98.0500 1.127029 3.829143
196110 98.0550 1.123318 4.074471
196120 98.0600 1.119626 4.236096
196130 98.0650 1.116075 4.390458
196140 98.0700 1.112661 4.537554
196150 98.0750 1.109418 4.675941
196160 98.0800 1.106288 4.808123
196170 98.0850 1.103073 4.942357
196180 98.0900 1.100007 5.068809
196190 98.0950 1.097096 5.187337
196200 98.1000 1.094316 5.299076
196210 98.1050 1.091590 5.461466
196220 98.1100 1.088986 5.563204
196230 98.1150 1.086476 5.659813
196240 98.1200 1.084023 5.752822
196250 98.1250 1.081599 5.843409
196260 98.1300 1.079194 5.931885
196270 98.1350 1.076749 6.020440
196280 98.1400 1.074356 6.105741
196290 98.1450 1.072116 6.184348
196300 98.1500 1.069968 6.258580
196310 98.1550 1.067837 6.372617
196320 98.1600 1.065943 6.436074
196330 98.1650 1.064138 6.495675
196340 98.1700 1.062241 6.557444
196350 98.1750 1.060440 6.615213
196360 98.1800 1.058804 6.666963
196370 98.1850 1.057370 6.711804
196380 98.1900 1.056060 6.752275
196390 98.1950 1.054768 6.791803
196400 98.2000 1.053536 6.829090
196410 98.2050 1.052358 6.899831
196420 98.2100 1.051427 6.927468
196430 98.2150 1.050597 6.951936
196440 98.2200 1.049684 6.978656
196450 98.2250 1.048855 7.002703
196460 98.2300 1.048196 7.021717
196470 98.2350 1.047801 7.033058
196480 98.2400 1.047581 7.039378
196490 98.2450 1.047349 7.046004
196500 98.2500 1.047141 7.051941
196510 98.2550 1.047183 7.084021
196520 98.2600 1.047377 7.078479
196530 98.2650 1.047504 7.074837
196540 98.2700 1.047767 7.067320
196550 98.2750 1.048218 7.054379
196560 98.2800 1.048764 7.038612
196570 98.2850 1.049536 7.016188
196580 98.2900 1.050515 6.987555
196590 98.2950 1.051485 6.958931
196600 98.3000 1.052641 6.924455
196610 98.3050 1.053907 6.920782
196620 98.3100 1.055084 6.884899
196630 98.3150 1.056261 6.848586
196640 98.3200 1.057646 6.805387
196650 98.3250 1.059073 6.760260
196660 98.3300 1.060464 6.715720
196670 98.3350 1.061916 6.668596
196680 98.3400 1.063408 6.619554
196690 98.3450 1.065006 6.566294
196700 98.3500 1.066728 6.508047
196710 98.3550 1.068493 6.486192
196720 98.3600 1.070241 6.425209
196730 98.3650 1.071982 6.363547
196740 98.3700 1.073765 6.299470
196750 98.3750 1.075465 6.237452
196760 98.3800 1.077371 6.166886
196770 98.3850 1.079383 6.091248
196780 98.3900 1.081286 6.018644
196790 98.3950 1.083269 5.941838
196800 98.4000 1.085346 5.860259
196810 98.4050 1.087554 5.818590
196820 98.4100 1.089798 5.727661
196830 98.4150 1.092209 5.628398
196840 98.4200 1.094798 5.520049
196850 98.4250 1.097519 5.404378
196860 98.4300 1.100472 5.276838
196870 98.4350 1.103204 5.157039
196880 98.4400 1.106088 5.028880
196890 98.4450 1.109041 4.896031
196900 98.4500 1.112218 4.751414
196910 98.4550 1.115377 4.669244
196920 98.4600 1.118340 4.531432
196930 98.4650 1.121068 4.403527
196940 98.4700 1.123602 4.283997
196950 98.4750 1.126043 4.168327
196960 98.4800 1.128344 4.058910
196970 98.4850 1.130577 3.952540
196980 98.4900 1.132922 3.840689
196990 98.4950 1.135374 3.723760
197000 98.5000 1.137858 3.605476
197010 98.5050 1.140302 3.576461
197020 98.5100 1.142668 3.464191
197030 98.5150 1.144820 3.362392
197040 98.5200 1.147094 3.255219
197050 98.5250 1.149387 3.147728
197060 98.5300 1.151540 3.047426
197070 98.5350 1.153728 2.946260
197080 98.5400 1.155793 2.851550
197090 98.5450 1.157511 2.773381
197100 98.5500 1.159019 2.705316
197110 98.5550 1.160379 2.756518
197120 98.5600 1.161688 2.698195
197130 98.5650 1.162815 2.648253
197140 98.5700 1.163792 2.605197
197150 98.5750 1.164826 2.559875
197160 98.5800 1.165796 2.517551
197170 98.5850 1.166619 2.481884
197180 98.5900 1.167167 2.458206
197190 98.5950 1.167374 2.449293
197200 98.6000 1.167427 2.447021
197210 98.6050 1.167115 2.581048
197220 98.6100 1.166590 2.603710
197230 98.6150 1.166086 2.625499
197240 98.6200 1.165587 2.647158
197250 98.6250 1.165074 2.669488
197260 98.6300 1.164590 2.690559
197270 98.6350 1.164032 2.714973
197280 98.6400 1.163366 2.744141
197290 98.6450 1.162713 2.772805
197300 98.6500 1.162102 2.799708
197310 98.6550 1.161438 2.938295
197320 98.6600 1.160708 2.970564
197330 98.6650 1.160112 2.996974
197340 98.6700 1.159684 3.015946
197350 98.6750 1.159196 3.037608
197360 98.6800 1.158541 3.066700
197370 98.6850 1.157729 3.102889
197380 98.6900 1.156855 3.141833
197390 98.6950 1.156055 3.177541
197400 98.7000 1.155245 3.213773
197410 98.7050 1.154531 3.343056
197420 98.7100 1.153950 3.369040
197430 98.7150 1.153155 3.404628
197440 98.7200 1.152100 3.451868
197450 98.7250 1.150847 3.507964
197460 98.7300 1.149743 3.557355
197470 98.7350 1.148613 3.607915
197480 98.7400 1.147456 3.659591
197490 98.7450 1.146247 3.713555
197500 98.7500 1.145056 3.766628
197510 98.7550 1.143776 3.906971
197520 98.7600 1.142394 3.968235
197530 98.7650 1.141154 4.023066
197540 98.7700 1.139894 4.078539
197550 98.7750 1.138747 4.128897
197560 98.7800 1.137588 4.179592
197570 98.7850 1.136366 4.232829
197580 98.7900 1.134997 4.292195
197590 98.7950 1.133466 4.358253
197600 98.8000 1.131756 4.431618
197610 98.8050 1.129790 4.584503
197620 98.8100 1.127686 4.673124
197630 98.8150 1.125416 4.767668
197640 98.8200 1.122910 4.870730
197650 98.8250 1.120286 4.977155
197660 98.8300 1.117672 5.081550
197670 98.8350 1.114816 5.193750
197680 98.8400 1.112036 5.301110
197690 98.8450 1.109260 5.406427
197700 98.8500 1.106396 5.513126
197710 98.8550 1.103400 5.673724
197720 98.8600 1.100507 5.777163
197730 98.8650 1.097623 5.878089
197740 98.8700 1.094827 5.973865
197750 98.8750 1.091964 6.069903
197760 98.8800 1.089168 6.161647
197770 98.8850 1.086702 6.240958
197780 98.8900 1.084579 6.308057
197790 98.8950 1.082489 6.373002
197800 98.9000 1.080744 6.426411
197810 98.9050 1.079288 6.510048
197820 98.9100 1.077824 6.553746
197830 98.9150 1.076530 6.591931
197840 98.9200 1.075574 6.619845
197850 98.9250 1.074801 6.642254
197860 98.9300 1.074155 6.660894
197870 98.9350 1.073628 6.676013
197880 98.9400 1.073090 6.691372
197890 98.9450 1.072657 6.703678
197900 98.9500 1.072286 6.714194
197910 98.9550 1.072161 6.754292
197920 98.9600 1.072244 6.751945
197930 98.9650 1.072437 6.746493
197940 98.9700 1.073018 6.729995
197950 98.9750 1.073710 6.710203
197960 98.9800 1.074554 6.685929
197970 98.9850 1.075368 6.662358
197980 98.9900 1.076449 6.630738
197990 98.9950 1.077602 6.596704
198000 99.0000 1.078632 6.565972
198010 99.0050 1.079518 6.577463
198020 99.0100 1.080628 6.543743
198030 99.0150 1.082014 6.501174
198040 99.0200 1.083347 6.459690
198050 99.0250 1.084781 6.414522
198060 99.0300 1.086150 6.370806
198070 99.0350 1.087449 6.328843
198080 99.0400 1.089024 6.277317
198090 99.0450 1.090704 6.221572
198100 99.0500 1.092618 6.157019
198110 99.0550 1.094719 6.127640
198120 99.0600 1.096874 6.052227
198130 99.0650 1.099075 5.973748
198140 99.0700 1.101349 5.891072
198150 99.0750 1.103516 5.810774
198160 99.0800 1.105625 5.731280
198170 99.0850 1.107704 5.651597
198180 99.0900 1.109659 5.575442
198190 99.0950 1.111611 5.498272
198200 99.1000 1.113670 5.415693
198210 99.1050 1.115633 5.388319
198220 99.1100 1.117577 5.307995
198230 99.1150 1.119545 5.225516
198240 99.1200 1.121416 5.146085
198250 99.1250 1.123207 5.069073
198260 99.1300 1.125095 4.986966
198270 99.1350 1.127101 4.898660
198280 99.1400 1.129174 4.806314
198290 99.1450 1.131139 4.717799
198300 99.1500 1.133072 4.629868
198310 99.1550 1.134811 4.615502
198320 99.1600 1.136616 4.531869
198330 99.1650 1.138390 4.448989
198340 99.1700 1.140244 4.361629
198350 99.1750 1.142009 4.277909
198360 99.1800 1.143540 4.204807
198370 99.1850 1.145033 4.133205
198380 99.1900 1.146424 4.066200
198390 99.1950 1.147682 4.005385
198400 99.2000 1.148893 3.946672
198410 99.2050 1.150135 3.965572
198420 99.2100 1.151274 3.909986
198430 99.2150 1.152338 3.857974
198440 99.2200 1.153176 3.816937
198450 99.2250 1.154056 3.773758
198460 99.2300 1.154635 3.745348
198470 99.2350 1.155164 3.719332
198480 99.2400 1.155470 3.704280
198490 99.2450 1.155653 3.695307
198500 99.2500 1.155950 3.680680
198510 99.2550 1.156326 3.747597
198520 99.2600 1.156704 3.728971
198530 99.2650 1.157065 3.711174
198540 99.2700 1.157388 3.695262
198550 99.2750 1.157733 3.678256
198560 99.2800 1.157730 3.678408
198570 99.2850 1.157616 3.684004
198580 99.2900 1.157388 3.695280
198590 99.2950 1.157198 3.704635
198600 99.3000 1.157097 3.709606
198610 99.3050 1.156941 3.802046
198620 99.3100 1.156903 3.803881
198630 99.3150 1.157007 3.798756
198640 99.3200 1.157160 3.791231
198650 99.3250 1.157186 3.789930
198660 99.3300 1.157188 3.789867
198670 99.3350 1.157070 3.795688
198680 99.3400 1.156704 3.813707
198690 99.3450 1.156156 3.840676
198700 99.3500 1.155470 3.874372
198710 99.3550 1.154630 3.996501
198720 99.3600 1.153545 4.049524
198730 99.3650 1.152362 4.107098
198740 99.3700 1.150932 4.176355
198750 99.3750 1.149581 4.241374
198760 99.3800 1.148395 4.298121
198770 99.3850 1.147508 4.340347
198780 99.3900 1.146659 4.380574
198790 99.3950 1.145727 4.424542
198800 99.4000 1.144663 4.474461
198810 99.4050 1.143399 4.601717
198820 99.4100 1.141914 4.670278
198830 99.4150 1.140334 4.742426
198840 99.4200 1.138658 4.818038
198850 99.4250 1.136962 4.893577
198860 99.4300 1.135417 4.961527
198870 99.4350 1.134118 5.017981
198880 99.4400 1.132921 5.069470
198890 99.4450 1.131856 5.114796
198900 99.4500 1.130876 5.156158
198910 99.4550 1.130152 5.243034
198920 99.4600 1.129523 5.269211
198930 99.4650 1.128829 5.297874
198940 99.4700 1.128198 5.323804
198950 99.4750 1.127527 5.351168
198960 99.4800 1.126792 5.380953
198970 99.4850 1.126105 5.408609
198980 99.4900 1.125229 5.443570
198990 99.4950 1.124263 5.481749
199000 99.5000 1.123229 5.522213
199010 99.5050 1.122098 5.616975
199020 99.5100 1.121005 5.658711
199030 99.5150 1.119920 5.699659
199040 99.5200 1.118825 5.740451
199050 99.5250 1.117629 5.784402
199060 99.5300 1.116330 5.831494
199070 99.5350 1.115013 5.878479
199080 99.5400 1.113897 5.917716
199090 99.5450 1.112912 5.951953
199100 99.5500 1.111854 5.988245
199110 99.5550 1.110644 6.074000
199120 99.5600 1.109224 6.121237
199130 99.5650 1.107654 6.172520
199140 99.5700 1.106113 6.221859
199150 99.5750 1.104692 6.266499
199160 99.5800 1.103461 6.304550
199170 99.5850 1.102360 6.338055
199180 99.5900 1.101129 6.374950
199190 99.5950 1.099744 6.415796
199200 99.6000 1.098353 6.456110
199210 99.6050 1.097100 6.531122
199220 99.6100 1.095994 6.562121
199230 99.6150 1.094863 6.593383
199240 99.6200 1.093576 6.628382
199250 99.6250 1.092217 6.664726
199260 99.6300 1.091058 6.695199
199270 99.6350 1.090040 6.721609
199280 99.6400 1.089159 6.744190
199290 99.6450 1.088146 6.769830
199300 99.6500 1.087357 6.789575
199310 99.6550 1.086483 6.847014
199320 99.6600 1.085524 6.870461
199330 99.6650 1.084590 6.893037
199340 99.6700 1.083601 6.916619
199350 99.6750 1.082592 6.940389
199360 99.6800 1.081695 6.961244
199370 99.6850 1.080686 6.984444
199380 99.6900 1.079768 7.005289
199390 99.6950 1.078775 7.027554
199400 99.7000 1.077954 7.045776
199410 99.7050 1.077315 7.093150
199420 99.7100 1.076950 7.101128
199430 99.7150 1.076738 7.105723
199440 99.7200 1.076727 7.105980
199450 99.7250 1.076801 7.104360
199460 99.7300 1.077139 7.096993
199470 99.7350 1.077476 7.089619
199480 99.7400 1.077867 7.081021
199490 99.7450 1.078195 7.073777
199500 99.7500 1.078546 7.065998
199510 99.7550 1.078877 7.091773
199520 99.7600 1.079402 7.080007
199530 99.7650 1.080073 7.064839
199540 99.7700 1.080986 7.043964
199550 99.7750 1.082120 7.017681
199560 99.7800 1.083222 6.991746
199570 99.7850 1.084571 6.959456
199580 99.7900 1.085745 6.930834
199590 99.7950 1.086877 6.902786
199600 99.8000 1.087996 6.874645
199610 99.8050 1.089020 6.883443
199620 99.8100 1.089983 6.858467
199630 99.8150 1.090920 6.833836
199640 99.8200 1.091978 6.805604
199650 99.8250 1.093192 6.772678
199660 99.8300 1.094404 6.739199
199670 99.8350 1.095591 6.705835
199680 99.8400 1.097023 6.664821
199690 99.8450 1.098713 6.615301
199700 99.8500 1.100331 6.566734
199710 99.8550 1.101873 6.557473
199720 99.8600 1.103400 6.509514
199730 99.8650 1.104792 6.464863
199740 99.8700 1.106125 6.421235
199750 99.8750 1.107507 6.375110
199760 99.8800 1.108934 6.326527
199770 99.8850 1.110572 6.269595
199780 99.8900 1.112258 6.209594
199790 99.8950 1.113824 6.152626
199800 99.9000 1.115363 6.095506
199810 99.9050 1.116981 6.077632
199820 99.9100 1.118593 6.015195
199830 99.9150 1.120267 5.948925
199840 99.9200 1.121937 5.881432
199850 99.9250 1.123628 5.811654
199860 99.9300 1.125480 5.733622
199870 99.9350 1.127375 5.652001
199880 99.9400 1.129157 5.573661
199890 99.9450 1.130947 5.493468
199900 99.9500 1.132629 5.416723
199910 99.9550 1.134205 5.396220
199920 99.9600 1.135756 5.323139
199930 99.9650 1.137402 5.244414
199940 99.9700 1.139173 5.158378
199950 99.9750 1.141060 5.065257
199960 99.9800 1.142829 4.976641
199970 99.9850 1.144551 4.889239
199980 99.9900 1.146208 4.804104
199990 99.9950 1.147700 4.726627
200000 100.0000 1.148958 4.660779
200010 100.0050 1.150008 4.670369
200020 100.0100 1.150901 4.623000
200030 100.0150 1.151673 4.581885
200040 100.0200 1.152427 4.541577
200050 100.0250 1.153147 4.502872
200060 100.0300 1.153963 4.458883
200070 100.0350 1.154759 4.415847
200080 100.0400 1.155511 4.375009
200090 100.0450 1.156423 4.325285
200100 100.0500 1.157157 4.285154
200110 100.0550 1.157749 4.324851
200120 100.0600 1.158626 4.276683
200130 100.0650 1.159532 4.226706
200140 100.0700 1.160514 4.172355
200150 100.0750 1.161479 4.118854
200160 100.0800 1.162348 4.070467
200170 100.0850 1.163232 4.021193
200180 100.0900 1.164127 3.971216
200190 100.0950 1.164977 3.923686
200200 100.1000 1.165831 3.875846
200210 100.1050 1.166711 3.907359
200220 100.1100 1.167475 3.864460
200230 100.1150 1.168133 3.827473
200240 100.1200 1.168640 3.798949
200250 100.1250 1.169095 3.773320
200260 100.1300 1.169357 3.758597
200270 100.1350 1.169467 3.752406
200280 100.1400 1.169429 3.754567
200290 100.1450 1.169431 3.754441
200300 100.1500 1.169397 3.756337
200310 100.1550 1.169412 3.839108
200320 100.1600 1.169242 3.848704
200330 100.1650 1.168937 3.865853
200340 100.1700 1.168570 3.886473
200350 100.1750 1.168440 3.893822
200360 100.1800 1.168276 3.903017
200370 100.1850 1.167948 3.921423
200380 100.1900 1.167353 3.954835
200390 100.1950 1.166759 3.988184
200400 100.2000 1.166239 4.017319
200410 100.2050 1.165436 4.139938
200420 100.2100 1.164516 4.191268
200430 100.2150 1.163435 4.251330
200440 100.2200 1.162483 4.304002
200450 100.2250 1.161674 4.348627
200460 100.2300 1.160888 4.391840
200470 100.2350 1.160255 4.426527
200480 100.2400 1.159555 4.464746
200490 100.2450 1.159097 4.489700
200500 100.2500 1.159059 4.491747
200510 100.2550 1.159215 4.551341
200520 100.2600 1.159396 4.541482
200530 100.2650 1.159583 4.531278
200540 100.2700 1.159723 4.523684
200550 100.2750 1.159826 4.518045
200560 100.2800 1.159862 4.516090
200570 100.2850 1.160154 4.500094
200580 100.2900 1.160540 4.478971
200590 100.2950 1.160882 4.460206
200600 100.3000 1.161165 4.444665
200610 100.3050 1.161597 4.489843
200620 100.3100 1.162199 4.456626
200630 100.3150 1.162631 4.432719
200640 100.3200 1.162958 4.414564
200650 100.3250 1.163283 4.396516
200660 100.3300 1.163702 4.373180
200670 100.3350 1.164063 4.353061
200680 100.3400 1.164280 4.340928
200690 100.3450 1.164573 4.324537
200700 100.3500 1.164945 4.303755
200710 100.3550 1.165422 4.348752
200720 100.3600 1.165945 4.319323
200730 100.3650 1.166397 4.293861
200740 100.3700 1.166932 4.263686
200750 100.3750 1.167534 4.229629
200760 100.3800 1.167979 4.204394
200770 100.3850 1.168387 4.181201
200780 100.3900 1.168825 4.156336
200790 100.3950 1.169665 4.108425
200800 100.4000 1.170487 4.061505
200810 100.4050 1.171110 4.102599
200820 100.4100 1.171704 4.068517
200830 100.4150 1.172360 4.030849
200840 100.4200 1.172995 3.994295
200850 100.4250 1.173639 3.957180
200860 100.4300 1.174226 3.923301
200870 100.4350 1.174778 3.891443
200880 100.4400 1.175186 3.867849
200890 100.4450 1.175562 3.846123
200900 100.4500 1.175922 3.825249
200910 100.4550 1.176234 3.889229
200920 100.4600 1.176577 3.869392
200930 100.4650 1.177074 3.840577
200940 100.4700 1.177473 3.817399
200950 100.4750 1.177655 3.806853
200960 100.4800 1.177782 3.799524
200970 100.4850 1.178084 3.781993
200980 100.4900 1.178323 3.768111
200990 100.4950 1.178680 3.747352
201000 100.5000 1.179142 3.720536
201010 100.5050 1.179603 3.778200
201020 100.5100 1.180221 3.742322
201030 100.5150 1.181046 3.694318
201040 100.5200 1.182062 3.635207
201050 100.5250 1.182961 3.582959
201060 100.5300 1.184000 3.522510
201070 100.5350 1.185198 3.452956
201080 100.5400 1.186637 3.369525
201090 100.5450 1.188165 3.281195
201100 100.5500 1.189826 3.185547
201110 100.5550 1.191498 3.187762
201120 100.5600 1.193050 3.099250
201130 100.5650 1.194521 3.015857
201140 100.5700 1.196125 2.925468
201150 100.5750 1.197859 2.828590
201160 100.5800 1.199638 2.730218
201170 100.5850 1.201246 2.642181
201180 100.5900 1.202645 2.566467
201190 100.5950 1.203793 2.504842
201200 100.6000 1.204572 2.463369
201210 100.6050 1.205189 2.550750
201220 100.6100 1.205661 2.525873
201230 100.6150 1.206159 2.499725
201240 100.6200 1.206618 2.475723
201250 100.6250 1.207093 2.450976
201260 100.6300 1.207502 2.429736
201270 100.6350 1.207823 2.413075
201280 100.6400 1.208326 2.387128
201290 100.6450 1.208916 2.356865
201300 100.6500 1.209472 2.328442
201310 100.6550 1.209949 2.428890
201320 100.6600 1.210360 2.408030
201330 100.6650 1.210876 2.382042
201340 100.6700 1.211701 2.340674
201350 100.6750 1.212607 2.295586
201360 100.6800 1.213571 2.248035
201370 100.6850 1.214453 2.204924
201380 100.6900 1.215290 2.164403
201390 100.6950 1.216267 2.117492
201400 100.7000 1.217316 2.067717
201410 100.7050 1.218356 2.152987
201420 100.7100 1.219144 2.116340
201430 100.7150 1.219683 2.091453
201440 100.7200 1.220165 2.069274
201450 100.7250 1.220361 2.060346
201460 100.7300 1.220363 2.060244
201470 100.7350 1.220323 2.062082
201480 100.7400 1.220460 2.055784
201490 100.7450 1.220600 2.049397
201500 100.7500 1.220775 2.041459
201510 100.7550 1.220763 2.177048
201520 100.7600 1.220583 2.185275
201530 100.7650 1.220247 2.200577
201540 100.7700 1.219831 2.219674
201550 100.7750 1.219278 2.245129
201560 100.7800 1.218780 2.268158
201570 100.7850 1.218371 2.287158
201580 100.7900 1.218041 2.302549
201590 100.7950 1.217527 2.326641
201600 100.8000 1.217088 2.347264
201610 100.8050 1.216799 2.484894
201620 100.8100 1.216626 2.493061
201630 100.8150 1.216486 2.499704
201640 100.8200 1.216428 2.502420
201650 100.8250 1.216534 2.497399
201660 100.8300 1.216963 2.477171
201670 100.8350 1.217612 2.446651
201680 100.8400 1.218428 2.408487
201690 100.8450 1.219428 2.362055
201700 100.8500 1.220464 2.314388
201710 100.8550 1.221283 2.402149
201720 100.8600 1.222025 2.368481
201730 100.8650 1.222786 2.334157
201740 100.8700 1.223616 2.296991
201750 100.8750 1.224734 2.247297
201760 100.8800 1.225943 2.194163
201770 100.8850 1.227134 2.142380
201780 100.8900 1.228502 2.083593
201790 100.8950 1.229970 2.021451
201800 100.9000 1.231472 1.958784
201810 100.9050 1.233277 2.022955
201820 100.9100 1.235084 1.950136
201830 100.9150 1.236741 1.884582
201840 100.9200 1.238325 1.822937
201850 100.9250 1.239947 1.760957
201860 100.9300 1.241545 1.700988
201870 100.9350 1.243087 1.644221
201880 100.9400 1.244344 1.598725
201890 100.9450 1.245474 1.558475
201900 100.9500 1.246491 1.522691
201910 100.9550 1.247419 1.646611
201920 100.9600 1.248330 1.615299
201930 100.9650 1.249099 1.589123
201940 100.9700 1.249693 1.569066
201950 100.9750 1.250229 1.551104
201960 100.9800 1.250555 1.540223
201970 100.9850 1.250733 1.534308
201980 100.9900 1.250715 1.534923
201990 100.9950 1.250456 1.543535
202000 101.0000 1.250034 1.557641
202010 101.0050 1.249288 1.737335
202020 101.0100 1.248298 1.770934
202030 101.0150 1.247277 1.805915
202040 101.0200 1.246184 1.843777
202050 101.0250 1.244616 1.898737
202060 101.0300 1.242712 1.966616
202070 101.0350 1.240912 2.031857
202080 101.0400 1.238976 2.103195
202090 101.0450 1.236949 2.179153
202100 101.0500 1.234830 2.259928
202110 101.0550 1.232461 2.478710
202120 101.0600 1.229865 2.580729
202130 101.0650 1.227312 2.682613
202140 101.0700 1.224613 2.791815
202150 101.0750 1.221662 2.912912
202160 101.0800 1.218808 3.031622
202170 101.0850 1.215968 3.151172
202180 101.0900 1.213147 3.271149
202190 101.0950 1.210321 3.392462
202200 101.1000 1.207471 3.515825
202210 101.1050 1.204540 3.732844
202220 101.1100 1.201624 3.860117
202230 101.1150 1.198946 3.977198
202240 101.1200 1.196215 4.096581
202250 101.1250 1.193536 4.213487
202260 101.1300 1.190848 4.330512
202270 101.1350 1.188008 4.453554
202280 101.1400 1.185200 4.574455
202290 101.1450 1.182327 4.697169
202300 101.1500 1.179489 4.817135
202310 101.1550 1.176626 4.998810
202320 101.1600 1.173837 5.113476
202330 101.1650 1.170837 5.234609
202340 101.1700 1.167815 5.354083
202350 101.1750 1.164748 5.472570
202360 101.1800 1.161845 5.581940
202370 101.1850 1.159075 5.683572
202380 101.1900 1.156349 5.780947
202390 101.1950 1.153596 5.876460
202400 101.2000 1.150915 5.966713
202410 101.2050 1.148228 6.099309
202420 101.2100 1.145590 6.182335
202430 101.2150 1.142579 6.273470
202440 101.2200 1.139547 6.361393
202450 101.2250 1.136497 6.445938
202460 101.2300 1.133396 6.527902
202470 101.2350 1.130130 6.609974
202480 101.2400 1.126992 6.684824
202490 101.2450 1.123875 6.755416
202500 101.2500 1.120711 6.823396
202510 101.2550 1.117447 6.925226
202520 101.2600 1.114153 6.988474
202530 101.2650 1.110808 7.049072
202540 101.2700 1.107341 7.108329
202550 101.2750 1.104116 7.160446
202560 101.2800 1.101229 7.204855
202570 101.2850 1.098448 7.245782
202580 101.2900 1.095683 7.284823
202590 101.2950 1.093010 7.321157
202600 101.3000 1.090606 7.352741
202610 101.3050 1.088344 7.412155
202620 101.3100 1.086278 7.437770
202630 101.3150 1.084291 7.461791
202640 101.3200 1.082194 7.486568
202650 101.3250 1.079941 7.512566
202660 101.3300 1.077640 7.538534
202670 101.3350 1.075255 7.564874
202680 101.3400 1.072992 7.589406
202690 101.3450 1.070757 7.613224
202700 101.3500 1.068583 7.636062
202710 101.3550 1.066474 7.686186
202720 101.3600 1.064245 7.708974
202730 101.3650 1.062117 7.730490
202740 101.3700 1.060101 7.750679
202750 101.3750 1.058190 7.769664
202760 101.3800 1.056383 7.787518
202770 101.3850 1.054721 7.803864
202780 101.3900 1.053331 7.817495
202790 101.3950 1.052144 7.829113
202800 101.4000 1.051148 7.838852
202810 101.4050 1.050101 7.875774
202820 101.4100 1.049278 7.883798
202830 101.4150 1.048594 7.890465
202840 101.4200 1.047928 7.896943
202850 101.4250 1.047347 7.902596
202860 101.4300 1.046780 7.908119
202870 101.4350 1.046417 7.911647
202880 101.4400 1.046424 7.911574
202890 101.4450 1.046670 7.909186
202900 101.4500 1.047086 7.905135
202910 101.4550 1.047750 7.924895
202920 101.4600 1.048544 7.917158
202930 101.4650 1.049472 7.908099
202940 101.4700 1.050471 7.898322
202950 101.4750 1.051195 7.891227
202960 101.4800 1.052179 7.881559
202970 101.4850 1.053284 7.870655
202980 101.4900 1.054208 7.861508
202990 101.4950 1.054945 7.854192
203000 101.5000 1.055858 7.845101
203010 101.5050 1.057090 7.859423
203020 101.5100 1.058652 7.843641
203030 101.5150 1.060485 7.824933
203040 101.5200 1.062465 7.804455
203050 101.5250 1.064693 7.781058
203060 101.5300 1.066705 7.759566
203070 101.5350 1.068733 7.737538
203080 101.5400 1.070718 7.715570
203090 101.5450 1.072509 7.695407
203100 101.5500 1.074416 7.673528
203110 101.5550 1.076380 7.678506
203120 101.5600 1.078251 7.656102
203130 101.5650 1.080084 7.633644
203140 101.5700 1.081947 7.610304
203150 101.5750 1.083710 7.587694
203160 101.5800 1.085395 7.565603
203170 101.5850 1.087186 7.541567
203180 101.5900 1.088889 7.518161
203190 101.5950 1.090776 7.491557
203200 101.6000 1.092692 7.463832
203210 101.6050 1.094801 7.462025
203220 101.6100 1.096907 7.429569
203230 101.6150 1.099112 7.394422
203240 101.6200 1.101423 7.356232
203250 101.6250 1.103736 7.316563
203260 101.6300 1.106008 7.276132
203270 101.6350 1.108078 7.237969
203280 101.6400 1.109811 7.205012
203290 101.6450 1.111613 7.169734
203300 101.6500 1.113350 7.134723
203310 101.6550 1.115176 7.129344
203320 101.6600 1.117035 7.089533
203330 101.6650 1.119056 7.044811
203340 101.6700 1.121295 6.993494
203350 101.6750 1.123774 6.934405
203360 101.6800 1.126417 6.868750
203370 101.6850 1.128981 6.802381
203380 101.6900 1.131416 6.736841
203390 101.6950 1.133749 6.671754
203400 101.7000 1.136195 6.601050
203410 101.7050 1.138492 6.570080
203420 101.7100 1.140610 6.504662
203430 101.7150 1.142743 6.436819
203440 101.7200 1.145046 6.361378
203450 101.7250 1.147238 6.287424
203460 101.7300 1.149327 6.215073
203470 101.7350 1.151388 6.141921
203480 101.7400 1.153152 6.077962
203490 101.7450 1.154778 6.017882
203500 101.7500 1.156310 5.960347
203510 101.7550 1.157914 5.944263
203520 101.7600 1.159392 5.886968
203530 101.7650 1.160807 5.831334
203540 101.7700 1.162055 5.781636
203550 101.7750 1.163221 5.734733
203560 101.7800 1.164355 5.688626
203570 101.7850 1.165675 5.634442
203580 101.7900 1.166808 5.587471
203590 101.7950 1.167767 5.547360
203600 101.8000 1.168686 5.508676
203610 101.8050 1.169544 5.523565
203620 101.8100 1.170362 5.488693
203630 101.8150 1.170985 5.462006
203640 101.8200 1.171274 5.449585
203650 101.8250 1.171421 5.443261
203660 101.8300 1.171548 5.437776
203670 101.8350 1.171519 5.439028
203680 101.8400 1.171435 5.442642
203690 101.8450 1.171306 5.448201
203700 101.8500 1.171054 5.459017
203710 101.8550 1.170827 5.520749
203720 101.8600 1.170551 5.532554
203730 101.8650 1.170264 5.544818
203740 101.8700 1.169834 5.563155
203750 101.8750 1.169292 5.586170
203760 101.8800 1.168771 5.608215
203770 101.8850 1.168010 5.640235
203780 101.8900 1.167178 5.675032
203790 101.8950 1.166306 5.711210
203800 101.9000 1.165236 5.755250
203810 101.9050 1.164092 5.849665
203820 101.9100 1.162899 5.897673
203830 101.9150 1.161676 5.946271
203840 101.9200 1.160484 5.993052
203850 101.9250 1.159252 6.040774
203860 101.9300 1.158047 6.086782
203870 101.9350 1.157013 6.125763
203880 101.9400 1.155723 6.173738
203890 101.9450 1.154159 6.230832
203900 101.9500 1.152477 6.291004
203910 101.9550 1.150826 6.389911
203920 101.9600 1.149119 6.448181
203930 101.9650 1.147327 6.507828
203940 101.9700 1.145554 6.565238
203950 101.9750 1.143763 6.621618
203960 101.9800 1.141979 6.676194
203970 101.9850 1.140047 6.733483
203980 101.9900 1.138026 6.791401
203990 101.9950 1.135758 6.853996
204000 102.0000 1.133257 6.920075
204010 102.0050 1.130443 7.025308
204020 102.0100 1.127346 7.098684
204030 102.0150 1.124289 7.166716
204040 102.0200 1.121249 7.230189
204050 102.0250 1.118158 7.290655
204060 102.0300 1.115059 7.347382
204070 102.0350 1.111775 7.403475
204080 102.0400 1.108380 7.457417
204090 102.0450 1.105042 7.506757
204100 102.0500 1.101711 7.552636
204110 102.0550 1.098382 7.624300
204120 102.0600 1.095093 7.663686
204130 102.0650 1.091666 7.702007
204140 102.0700 1.087975 7.740543
204150 102.0750 1.084178 7.777551
204160 102.0800 1.080162 7.814203
204170 102.0850 1.076372 7.846774
204180 102.0900 1.072435 7.878877
204190 102.0950 1.068361 7.910575
204200 102.1000 1.064200 7.941687
204210 102.1050 1.060090 7.997340
204220 102.1100 1.055825 8.027315
204230 102.1150 1.051587 8.056547
204240 102.1200 1.047562 8.084090
204250 102.1250 1.043717 8.110436
204260 102.1300 1.040038 8.135900
204270 102.1350 1.036749 8.159032
204280 102.1400 1.033477 8.182527
204290 102.1450 1.030116 8.207310
204300 102.1500 1.026882 8.231914
204310 102.1550 1.023846 8.279675
204320 102.1600 1.020961 8.303031
204330 102.1650 1.018262 8.325586
204340 102.1700 1.015721 8.347502
204350 102.1750 1.013436 8.367814
204360 102.1800 1.011428 8.386170
204370 102.1850 1.009662 8.402718
204380 102.1900 1.007963 8.419014
204390 102.1950 1.006336 8.434976
204400 102.2000 1.004697 8.451412
204410 102.2050 1.003233 8.488899
204420 102.2100 1.001908 8.502707
204430 102.2150 1.000899 8.513371
204440 102.2200 1.000186 8.520991
204450 102.2250 0.999521 8.528162
204460 102.2300 0.999364 8.529864
204470 102.2350 0.999173 8.531939
204480 102.2400 0.999099 8.532748
204490 102.2450 0.999209 8.531554
204500 102.2500 0.999490 8.528505
204510 102.2550 0.999800 8.547178
204520 102.2600 1.000421 8.540494
204530 102.2650 1.001352 8.530573
204540 102.2700 1.002616 8.517278
204550 102.2750 1.004202 8.500875
204560 102.2800 1.006266 8.479988
204570 102.2850 1.008435 8.458567
204580 102.2900 1.010718 8.436596
204590 102.2950 1.013176 8.413572
204600 102.3000 1.015682 8.390719
204610 102.3050 1.018163 8.391534
204620 102.3100 1.020805 8.368564
204630 102.3150 1.023514 8.345526
204640 102.3200 1.026474 8.320878
204650 102.3250 1.029586 8.295467
204660 102.3300 1.032945 8.268518
204670 102.3350 1.036440 8.240882
204680 102.3400 1.040191 8.211534
204690 102.3450 1.044048 8.181531
204700 102.3500 1.047842 8.152015
204710 102.3550 1.051984 8.143974
204720 102.3600 1.056141 8.110758
204730 102.3650 1.060346 8.076335
204740 102.3700 1.064589 8.040522
204750 102.3750 1.069060 8.001332
204760 102.3800 1.073712 7.958640
204770 102.3850 1.078443 7.912795
204780 102.3900 1.083237 7.863382
204790 102.3950 1.087944 7.811416
204800 102.4000 1.092897 7.752415
204810 102.4050 1.097936 7.714272
204820 102.4100 1.102752 7.645560
204830 102.4150 1.107383 7.573125
204840 102.4200 1.111975 7.494352
204850 102.4250 1.116737 7.404608
204860 102.4300 1.121530 7.305189
204870 102.4350 1.126217 7.198445
204880 102.4400 1.130568 7.090412
204890 102.4450 1.134884 6.974292
204900 102.4500 1.139070 6.852960
204910 102.4550 1.143240 6.758405
204920 102.4600 1.147345 6.621906
204930 102.4650 1.151148 6.487781
204940 102.4700 1.154689 6.356377
204950 102.4750 1.158086 6.224623
204960 102.4800 1.161575 6.083715
204970 102.4850 1.165105 5.935764
204980 102.4900 1.168616 5.783596
204990 102.4950 1.172046 5.630461
205000 102.5000 1.175586 5.468294
205010 102.5050 1.179480 5.337315
205020 102.5100 1.183550 5.141943
205030 102.5150 1.187861 4.931030
205040 102.5200 1.192259 4.712800
205050 102.5250 1.196624 4.494225
205060 102.5300 1.201019 4.273178
205070 102.5350 1.205360 4.054983
205080 102.5400 1.209576 3.844024
205090 102.5450 1.213597 3.644544
205100 102.5500 1.217361 3.459892
205110 102.5550 1.221100 3.369599
205120 102.5600 1.224965 3.184923
205130 102.5650 1.228770 3.006143
205140 102.5700 1.232811 2.820053
205150 102.5750 1.236621 2.648570
205160 102.5800 1.240608 2.473651
205170 102.5850 1.244579 2.304411
205180 102.5900 1.248558 2.140193
205190 102.5950 1.252553 1.981010
205200 102.6000 1.256192 1.841225
205210 102.6050 1.259438 1.863524
205220 102.6100 1.262503 1.753019
205230 102.6150 1.265494 1.648445
205240 102.6200 1.268234 1.555558
205250 102.6250 1.270443 1.482767
205260 102.6300 1.272219 1.425586
205270 102.6350 1.273770 1.376647
205280 102.6400 1.274918 1.341038
205290 102.6450 1.275890 1.311299
205300 102.6500 1.276380 1.296455
205310 102.6550 1.276528 1.458350
205320 102.6600 1.276153 1.469683
205330 102.6650 1.275487 1.489896
205340 102.6700 1.274845 1.509559
205350 102.6750 1.273986 1.536067
205360 102.6800 1.273268 1.558409
205370 102.6850 1.272323 1.588078
205380 102.6900 1.271016 1.629554
205390 102.6950 1.269324 1.684113
205400 102.7000 1.267106 1.756989
205410 102.7050 1.264728 1.982904
205420 102.7100 1.262001 2.075969
205430 102.7150 1.258973 2.181431
205440 102.7200 1.256026 2.286180
205450 102.7250 1.253070 2.393203
205460 102.7300 1.250021 2.505678
205470 102.7350 1.246828 2.625646
205480 102.7400 1.243791 2.741775
205490 102.7450 1.240514 2.869279
205500 102.7500 1.237079 3.005275
205510 102.7550 1.233611 3.247876
205520 102.7600 1.230007 3.394683
205530 102.7650 1.226544 3.537546
205540 102.7700 1.223268 3.674146
205550 102.7750 1.219984 3.812498
205560 102.7800 1.216910 3.943127
205570 102.7850 1.214011 4.067211
205580 102.7900 1.211255 4.185949
205590 102.7950 1.208558 4.302663
205600 102.8000 1.205733 4.425434
205610 102.8050 1.202868 4.619558
205620 102.8100 1.199975 4.745524
205630 102.8150 1.197110 4.870089
205640 102.8200 1.194171 4.997457
205650 102.8250 1.191409 5.116575
205660 102.8300 1.188781 5.229260
205670 102.8350 1.186533 5.324952
205680 102.8400 1.184648 5.404644
205690 102.8450 1.183134 5.468275
205700 102.8500 1.181968 5.516973
205710 102.8550 1.181061 5.605806
205720 102.8600 1.180368 5.634475
205730 102.8650 1.179653 5.663958
205740 102.8700 1.179276 5.679451
205750 102.8750 1.179054 5.688592
205760 102.8800 1.179079 5.687548
205770 102.8850 1.179339 5.676870
205780 102.8900 1.179691 5.662417
205790 102.8950 1.180117 5.644854
205800 102.9000 1.180992 5.608671
205810 102.9050 1.182205 5.608009
205820 102.9100 1.183388 5.558490
205830 102.9150 1.184747 5.501212
205840 102.9200 1.186271 5.436563
205850 102.9250 1.187963 5.364242
205860 102.9300 1.189884 5.281561
205870 102.9350 1.192119 5.184677
205880 102.9400 1.194673 5.073240
205890 102.9450 1.197413 4.952847
205900 102.9500 1.200221 4.828909
205910 102.9550 1.203056 4.765203
205920 102.9600 1.206162 4.627006
205930 102.9650 1.209413 4.482040
205940 102.9700 1.212908 4.326164
205950 102.9750 1.216396 4.170760
205960 102.9800 1.220029 4.009448
205970 102.9850 1.223728 3.846015
205980 102.9900 1.227308 3.688870
205990 102.9950 1.230792 3.537193
206000 103.0000 1.234338 3.384196
206010 103.0050 1.237926 3.323591
206020 103.0100 1.241363 3.177940
206030 103.0150 1.244717 3.037206
206040 103.0200 1.247977 2.901865
206050 103.0250 1.251296 2.765723
206060 103.0300 1.254664 2.629447
206070 103.0350 1.257964 2.497935
206080 103.0400 1.261503 2.359319
206090 103.0450 1.265202 2.217317
206100 103.0500 1.269101 2.071206
206110 103.0550 1.272765 2.071025
206120 103.0600 1.275955 1.956703
206130 103.0650 1.279133 1.845285
206140 103.0700 1.282501 1.730056
206150 103.0750 1.285733 1.622460
206160 103.0800 1.288618 1.529047
206170 103.0850 1.291225 1.446884
206180 103.0900 1.293634 1.372905
206190 103.0950 1.295828 1.307211
206200 103.1000 1.297707 1.252299
206210 103.1050 1.299492 1.369576
206220 103.1100 1.301298 1.318811
206230 103.1150 1.302857 1.275757
206240 103.1200 1.304000 1.244669
206250 103.1250 1.304711 1.225541
206260 103.1300 1.304828 1.222426
206270 103.1350 1.304420 1.233352
206280 103.1400 1.303540 1.257135
206290 103.1450 1.302389 1.288601
206300 103.1500 1.300733 1.334587
206310 103.1550 1.298706 1.556421
206320 103.1600 1.296490 1.620088
206330 103.1650 1.293837 1.697664
206340 103.1700 1.290793 1.788486
206350 103.1750 1.287568 1.886702
206360 103.1800 1.284169 1.992283
206370 103.1850 1.280389 2.112067
206380 103.1900 1.276433 2.239876
206390 103.1950 1.272355 2.374073
206400 103.2000 1.268116 2.516060
206410 103.2050 1.263872 2.778446
206420 103.2100 1.259375 2.932706
206430 103.2150 1.254649 3.096464
206440 103.2200 1.249890 3.263014
206450 103.2250 1.245126 3.431510
206460 103.2300 1.240362 3.601813
206470 103.2350 1.235899 3.763087
206480 103.2400 1.231510 3.923380
206490 103.2450 1.226930 4.092511
206500 103.2500 1.222124 4.272013
206510 103.2550 1.217269 4.527381
206520 103.2600 1.212282 4.716443
206530 103.2650 1.207388 4.902802
206540 103.2700 1.202743 5.079976
206550 103.2750 1.198449 5.243497
206560 103.2800 1.194341 5.399311
206570 103.2850 1.190225 5.554295
206580 103.2900 1.186149 5.706071
206590 103.2950 1.182218 5.850335
206600 103.3000 1.178306 5.991324
206610 103.3050 1.174585 6.167183
206620 103.3100 1.171274 6.280901
206630 103.3150 1.168151 6.385352
206640 103.3200 1.165134 6.483457
206650 103.3250 1.162518 6.566095
206660 103.3300 1.160355 6.632660
206670 103.3350 1.158422 6.690745
206680 103.3400 1.156783 6.738938
206690 103.3450 1.155526 6.775233
206700 103.3500 1.154569 6.802451
206710 103.3550 1.153716 6.862098
206720 103.3600 1.153306 6.873511
206730 103.3650 1.153031 6.881123
206740 103.3700 1.152803 6.887431
206750 103.3750 1.152581 6.893546
206760 103.3800 1.152616 6.892569
206770 103.3850 1.152796 6.887619
206780 103.3900 1.153119 6.878692
206790 103.3950 1.153759 6.860892
206800 103.4000 1.154680 6.835002
206810 103.4050 1.155955 6.833941
206820 103.4100 1.157664 6.784081
206830 103.4150 1.159567 6.727226
206840 103.4200 1.161658 6.663094
206850 103.4250 1.164183 6.583520
206860 103.4300 1.166999 6.492044
206870 103.4350 1.169954 6.393193
206880 103.4400 1.172957 6.289894
206890 103.4450 1.176283 6.172477
206900 103.4500 1.179582 6.053145
206910 103.4550 1.183140 5.965550
206920 103.4600 1.186864 5.824940
206930 103.4650 1.190831 5.672516
206940 103.4700 1.194901 5.513839
206950 103.4750 1.199105 5.348222
206960 103.4800 1.203771 5.163031
206970 103.4850 1.208428 4.977596
206980 103.4900 1.212903 4.799347
206990 103.4950 1.217533 4.615494
207000 103.5000 1.222323 4.426251
207010 103.5050 1.227026 4.310865
207020 103.5100 1.231642 4.130429
207030 103.5150 1.235958 3.962678
207040 103.5200 1.240142 3.801069
207050 103.5250 1.243965 3.654314
207060 103.5300 1.247744 3.510104
207070 103.5350 1.251617 3.363330
207080 103.5400 1.255323 3.223819
207090 103.5450 1.258985 3.087008
207100 103.5500 1.262555 2.954682
207110 103.5550 1.266095 2.928973
207120 103.5600 1.269636 2.799275
207130 103.5650 1.273133 2.672039
207140 103.5700 1.276786 2.540174
207150 103.5750 1.280606 2.403673
207160 103.5800 1.284286 2.273779
207170 103.5850 1.287841 2.150066
207180 103.5900 1.291083 2.038934
207190 103.5950 1.293821 1.946493
207200 103.6000 1.296294 1.864235
207210 103.6050 1.298594 1.930668
207220 103.6100 1.300847 1.857521
207230 103.6150 1.302929 1.790741
207240 103.6200 1.304648 1.736247
207250 103.6250 1.306017 1.693260
207260 103.6300 1.306973 1.663457
207270 103.6350 1.307538 1.645935
207280 103.6400 1.307808 1.637616
207290 103.6450 1.307825 1.637080
207300 103.6500 1.307598 1.644095
207310 103.6550 1.307284 1.804759
207320 103.6600 1.306825 1.818962
207330 103.6650 1.306224 1.837647
207340 103.6700 1.305387 1.863769
207350 103.6750 1.304451 1.893081
207360 103.6800 1.303131 1.934634
207370 103.6850 1.301631 1.982138
207380 103.6900 1.299943 2.035940
207390 103.6950 1.297891 2.101762
207400 103.7000 1.295748 2.170983
207410 103.7050 1.293616 2.370388
207420 103.7100 1.291407 2.442169
207430 103.7150 1.289091 2.517517
207440 103.7200 1.286605 2.598450
207450 103.7250 1.283901 2.686492
207460 103.7300 1.281035 2.779732
207470 103.7350 1.277942 2.880252
207480 103.7400 1.274621 2.987945
207490 103.7450 1.271160 3.099942
207500 103.7500 1.267719 3.211084
207510 103.7550 1.264027 3.427203
207520 103.7600 1.260225 3.548732
207530 103.7650 1.256516 3.666737
207540 103.7700 1.252775 3.785388
207550 103.7750 1.249089 3.902079
207560 103.7800 1.245511 4.015369
207570 103.7850 1.241906 4.129749
207580 103.7900 1.238244 4.246331
207590 103.7950 1.234337 4.371461
207600 103.8000 1.230353 4.500046
207610 103.8050 1.226328 4.698819
207620 103.8100 1.222315 4.830189
207630 103.8150 1.218336 4.961411
207640 103.8200 1.214377 5.092955
207650 103.8250 1.210548 5.221009
207660 103.8300 1.206834 5.345865
207670 103.8350 1.203171 5.469514
207680 103.8400 1.199487 5.594102
207690 103.8450 1.195805 5.718558
207700 103.8500 1.192299 5.836704
207710 103.8550 1.188974 5.994717
207720 103.8600 1.185863 6.097832
207730 103.8650 1.182868 6.195901
207740 103.8700 1.180013 6.288055
207750 103.8750 1.177225 6.376619
207760 103.8800 1.174815 6.451879
207770 103.8850 1.172618 6.519332
207780 103.8900 1.170559 6.581431
207790 103.8950 1.168662 6.637686
207800 103.9000 1.167025 6.685387
207810 103.9050 1.165881 6.755146
207820 103.9100 1.164930 6.782141
207830 103.9150 1.164284 6.800324
207840 103.9200 1.164068 6.806373
207850 103.9250 1.163922 6.810473
207860 103.9300 1.164107 6.805287
207870 103.9350 1.164662 6.789719
207880 103.9400 1.165442 6.767636
207890 103.9450 1.166125 6.748157
207900 103.9500 1.166962 6.724086
207910 103.9550 1.168131 6.726565
207920 103.9600 1.169444 6.687857
207930 103.9650 1.171127 6.637506
207940 103.9700 1.173042 6.579215
207950 103.9750 1.175065 6.516514
207960 103.9800 1.177319 6.445467
207970 103.9850 1.179922 6.361906
207980 103.9900 1.182724 6.270395
207990 103.9950 1.185828 6.167299
208000 104.0000 1.189104 6.056899
208010 104.0050 1.192391 5.988675
208020 104.0100 1.195946 5.865975
208030 104.0150 1.199759 5.733280
208040 104.0200 1.204079 5.582053
208050 104.0250 1.208679 5.420619
208060 104.0300 1.213469 5.252628
208070 104.0350 1.218487 5.077318
208080 104.0400 1.223804 4.892675
208090 104.0450 1.229513 4.695908
208100 104.0500 1.235245 4.499851
208110 104.0550 1.241114 4.367811
208120 104.0600 1.247138 4.162400
208130 104.0650 1.253247 3.953358
208140 104.0700 1.259412 3.741098
208150 104.0750 1.265452 3.531418
208160 104.0800 1.271124 3.332851
208170 104.0850 1.276414 3.146229
208180 104.0900 1.281570 2.963264
208190 104.0950 1.286583 2.784752
208200 104.1000 1.291329 2.615681
208210 104.1050 1.295915 2.567314
208220 104.1100 1.300287 2.411697
208230 104.1150 1.304392 2.266204
208240 104.1200 1.308136 2.134571
208250 104.1250 1.311791 2.007472
208260 104.1300 1.315059 1.895334
208270 104.1350 1.318215 1.788731
208280 104.1400 1.320896 1.699686
208290 104.1450 1.323139 1.626367
208300 104.1500 1.325078 1.563933
208310 104.1550 1.326482 1.673627
208320 104.1600 1.327517 1.640930
208330 104.1650 1.328449 1.611711
208340 104.1700 1.329102 1.591351
208350 104.1750 1.329565 1.576948
208360 104.1800 1.329561 1.577087
208370 104.1850 1.329240 1.587043
208380 104.1900 1.328607 1.606779
208390 104.1950 1.327592 1.638573
208400 104.2000 1.326092 1.685995
208410 104.2050 1.324230 1.894546
208420 104.2100 1.322182 1.960320
208430 104.2150 1.319800 2.037418
208440 104.2200 1.317156 2.123549
208450 104.2250 1.314226 2.219561
208460 104.2300 1.311054 2.323956
208470 104.2350 1.307617 2.437311
208480 104.2400 1.303862 2.561140
208490 104.2450 1.300184 2.682153
208500 104.2500 1.296459 2.804119
208510 104.2550 1.292941 3.027444
208520 104.2600 1.289594 3.134804
208530 104.2650 1.286281 3.239727
208540 104.2700 1.283088 3.339558
208550 104.2750 1.279814 3.440611
208560 104.2800 1.276653 3.536900
208570 104.2850 1.273482 3.632330
208580 104.2900 1.270166 3.730969
208590 104.2950 1.266989 3.824478
208600 104.3000 1.263777 3.918137
208610 104.3050 1.260202 4.101297
208620 104.3100 1.256261 4.213891
208630 104.3150 1.252238 4.327865
208640 104.3200 1.248225 4.441023
208650 104.3250 1.244132 4.556304
208660 104.3300 1.239927 4.674972
208670 104.3350 1.235517 4.800189
208680 104.3400 1.231029 4.928849
208690 104.3450 1.226454 5.061601
208700 104.3500 1.221777 5.199273
208710 104.3550 1.217008 5.397400
208720 104.3600 1.212174 5.543253
208730 104.3650 1.207438 5.687480
208740 104.3700 1.203038 5.822338
208750 104.3750 1.198733 5.954659
208760 104.3800 1.194519 6.084011
208770 104.3850 1.190675 6.201328
208780 104.3900 1.187306 6.303284
208790 104.3950 1.184243 6.394956
208800 104.4000 1.181430 6.478065
208810 104.4050 1.178820 6.593051
208820 104.4100 1.176390 6.662496
208830 104.4150 1.174153 6.725305
208840 104.4200 1.172228 6.778361
208850 104.4250 1.170445 6.826680
208860 104.4300 1.168977 6.865799
208870 104.4350 1.167774 6.897433
208880 104.4400 1.166639 6.926873
208890 104.4450 1.165773 6.949053
208900 104.4500 1.165027 6.968010
208910 104.4550 1.164460 7.016369
208920 104.4600 1.164111 7.025094
208930 104.4650 1.163718 7.034892
208940 104.4700 1.163300 7.045246
208950 104.4750 1.163040 7.051666
208960 104.4800 1.162845 7.056448
208970 104.4850 1.162949 7.053900
208980 104.4900 1.163017 7.052227
208990 104.4950 1.163500 7.040301
209000 104.5000 1.164215 7.022504
209010 104.5050 1.165065 7.034680
209020 104.5100 1.166071 7.009059
209030 104.5150 1.167191 6.980120
209040 104.5200 1.168588 6.943485
209050 104.5250 1.170229 6.899676
209060 104.5300 1.172386 6.840875
209070 104.5350 1.174941 6.769507
209080 104.5400 1.177713 6.690181
209090 104.5450 1.180865 6.597819
209100 104.5500 1.184199 6.497915
209110 104.5550 1.187742 6.428442
209120 104.5600 1.191303 6.317670
209130 104.5650 1.194982 6.201689
209140 104.5700 1.199017 6.073228
209150 104.5750 1.203298 5.936136
209160 104.5800 1.207972 5.786242
209170 104.5850 1.212874 5.629503
209180 104.5900 1.217745 5.474821
209190 104.5950 1.222608 5.321794
209200 104.6000 1.227591 5.166729
209210 104.6050 1.232443 5.073452
209220 104.6100 1.237231 4.926676
209230 104.6150 1.241981 4.781659
209240 104.6200 1.246457 4.645154
209250 104.6250 1.250910 4.509147
209260 104.6300 1.255351 4.372890
209270 104.6350 1.259839 4.234129
209280 104.6400 1.264338 4.093558
209290 104.6450 1.268666 3.956622
209300 104.6500 1.272765 3.825095
209310 104.6550 1.276860 3.773518
209320 104.6600 1.280900 3.639169
209330 104.6650 1.284693 3.510759
209340 104.6700 1.288484 3.380221
209350 104.6750 1.292304 3.246661
209360 104.6800 1.296040 3.114238
209370 104.6850 1.299493 2.990456
209380 104.6900 1.302923 2.866452
209390 104.6950 1.306132 2.749731
209400 104.7000 1.309256 2.635712
209410 104.7050 1.312681 2.624696
209420 104.7100 1.315922 2.505666
209430 104.7150 1.319191 2.385701
209440 104.7200 1.322518 2.263976
209450 104.7250 1.325565 2.153196
209460 104.7300 1.328473 2.048346
209470 104.7350 1.331210 1.950766
209480 104.7400 1.333868 1.857164
209490 104.7450 1.336189 1.776531
209500 104.7500 1.338312 1.703828
209510 104.7550 1.339999 1.795147
209520 104.7600 1.341357 1.749603
209530 104.7650 1.342246 1.719984
209540 104.7700 1.342930 1.697298
209550 104.7750 1.343646 1.673685
209560 104.7800 1.344256 1.653677
209570 104.7850 1.344604 1.642281
209580 104.7900 1.344686 1.639594
209590 104.7950 1.344567 1.643481
209600 104.8000 1.344221 1.654809
209610 104.8050 1.343418 1.831665
209620 104.8100 1.342334 1.867445
209630 104.8150 1.340806 1.918171
209640 104.8200 1.338806 1.985076
209650 104.8250 1.336638 2.058198
209660 104.8300 1.334187 2.141430
209670 104.8350 1.331421 2.235953
209680 104.8400 1.328443 2.338187
209690 104.8450 1.325350 2.444626
209700 104.8500 1.322156 2.554579
209710 104.8550 1.318688 2.790386
209720 104.8600 1.315140 2.910656
209730 104.8650 1.311478 3.033149
209740 104.8700 1.307719 3.156798
209750 104.8750 1.303836 3.282077
209760 104.8800 1.299828 3.408523
209770 104.8850 1.295653 3.536971
209780 104.8900 1.291349 3.665837
209790 104.8950 1.287097 3.789620
209800 104.9000 1.282658 3.915276
209810 104.9050 1.278172 4.118504
209820 104.9100 1.273743 4.236492
209830 104.9150 1.269284 4.352112
209840 104.9200 1.264950 4.461962
209850 104.9250 1.260776 4.565949
209860 104.9300 1.256776 4.664475
209870 104.9350 1.252631 4.765928
209880 104.9400 1.248412 4.869112
209890 104.9450 1.243991 4.977696
209900 104.9500 1.239589 5.086901
209910 104.9550 1.235280 5.252760
209920 104.9600 1.231042 5.360600
209930 104.9650 1.227092 5.462647
209940 104.9700 1.223491 5.557066
209950 104.9750 1.220001 5.649916
209960 104.9800 1.216592 5.741846
209970 104.9850 1.213388 5.829336
209980 104.9900 1.210310 5.914251
209990 104.9950 1.207441 5.994066
210000 105.0000 1.204678 6.071459
210010 105.0050 1.201807 6.195938
210020 105.0100 1.199220 6.268744
210030 105.0150 1.197021 6.330585
210040 105.0200 1.194983 6.387771
210050 105.0250 1.193277 6.435491
210060 105.0300 1.191758 6.477847
210070 105.0350 1.190031 6.525772
210080 105.0400 1.188296 6.573635
210090 105.0450 1.186617 6.619666
210100 105.0500 1.184967 6.664569
210110 105.0550 1.183470 6.742029
210120 105.0600 1.182249 6.774684
210130 105.0650 1.181084 6.805600
210140 105.0700 1.179996 6.834225
210150 105.0750 1.178953 6.861441
210160 105.0800 1.178214 6.880600
210170 105.0850 1.177582 6.896861
210180 105.0900 1.177095 6.909347
210190 105.0950 1.176738 6.918469
210200 105.1000 1.176501 6.924516
210210 105.1050 1.176250 6.965371
210220 105.1100 1.176191 6.966871
210230 105.1150 1.176273 6.964791
210240 105.1200 1.176464 6.959936
210250 105.1250 1.176804 6.951265
210260 105.1300 1.177354 6.937191
210270 105.1350 1.177880 6.923669
210280 105.1400 1.178760 6.900894
210290 105.1450 1.180012 6.868208
210300 105.1500 1.181399 6.831593
210310 105.1550 1.182862 6.827899
210320 105.1600 1.184323 6.788463
210330 105.1650 1.185970 6.743518
210340 105.1700 1.187761 6.694110
210350 105.1750 1.189906 6.634298
210360 105.1800 1.192055 6.573758
210370 105.1850 1.194506 6.504056
210380 105.1900 1.197120 6.429182
210390 105.1950 1.199566 6.358677
210400 105.2000 1.201995 6.288441
210410 105.2050 1.204635 6.253137
210420 105.2100 1.207430 6.171981
210430 105.2150 1.210073 6.095267
210440 105.2200 1.212692 6.019389
210450 105.2250 1.215371 5.942034
210460 105.2300 1.218120 5.863029
210470 105.2350 1.221181 5.775557
210480 105.2400 1.224282 5.687623
210490 105.2450 1.227305 5.602568
210500 105.2500 1.230421 5.515632
210510 105.2550 1.233519 5.480975
210520 105.2600 1.236741 5.392221
210530 105.2650 1.239986 5.303306
210540 105.2700 1.243181 5.216082
210550 105.2750 1.246320 5.130598
210560 105.2800 1.249391 5.047046
210570 105.2850 1.252484 4.962793
210580 105.2900 1.255411 4.882857
210590 105.2950 1.258175 4.807035
210600 105.3000 1.260969 4.729924
210610 105.3050 1.263776 4.715501
210620 105.3100 1.266302 4.644376
210630 105.3150 1.268473 4.582614
210640 105.3200 1.270373 4.528027
210650 105.3250 1.272154 4.476343
210660 105.3300 1.273615 4.433564
210670 105.3350 1.274891 4.395933
210680 105.3400 1.276125 4.359259
210690 105.3450 1.277226 4.326337
210700 105.3500 1.278325 4.293240
210710 105.3550 1.279280 4.336250
210720 105.3600 1.279965 4.315353
210730 105.3650 1.280254 4.306516
210740 105.3700 1.280276 4.305846
210750 105.3750 1.279992 4.314529
210760 105.3800 1.279330 4.334723
210770 105.3850 1.278332 4.364971
210780 105.3900 1.277276 4.396770
210790 105.3950 1.276166 4.429936
210800 105.4000 1.274958 4.465766
210810 105.4050 1.273498 4.577200
210820 105.4100 1.271809 4.626196
210830 105.4150 1.269913 4.680470
210840 105.4200 1.267857 4.738515
210850 105.4250 1.265568 4.802181
210860 105.4300 1.263090 4.870059
210870 105.4350 1.260402 4.942555
210880 105.4400 1.257550 5.018334
210890 105.4450 1.254547 5.097034
210900 105.4500 1.251364 5.179447
210910 105.4550 1.248185 5.317002
210920 105.4600 1.245002 5.397678
210930 105.4650 1.241831 5.477472
210940 105.4700 1.238494 5.561035
210950 105.4750 1.234961 5.649280
210960 105.4800 1.231199 5.743230
210970 105.4850 1.227322 5.840304
210980 105.4900 1.223499 5.936456
210990 105.4950 1.219770 6.030719
211000 105.5000 1.215988 6.126836
211010 105.5050 1.212133 6.268295
211020 105.5100 1.208458 6.362177
211030 105.5150 1.204932 6.452190
211040 105.5200 1.201389 6.542374
211050 105.5250 1.197881 6.631154
211060 105.5300 1.194489 6.716259
211070 105.5350 1.191441 6.791863
211080 105.5400 1.188446 6.865142
211090 105.5450 1.185483 6.936423
211100 105.5500 1.182434 7.008320
211110 105.5550 1.179152 7.117379
211120 105.5600 1.176105 7.185213
211130 105.5650 1.173050 7.250889
211140 105.5700 1.170192 7.310059
211150 105.5750 1.167660 7.360543
211160 105.5800 1.165445 7.403113
211170 105.5850 1.163495 7.439320
211180 105.5900 1.161649 7.472473
211190 105.5950 1.159978 7.501535
211200 105.6000 1.158452 7.527255
211210 105.6050 1.156944 7.581030
211220 105.6100 1.155413 7.605237
211230 105.6150 1.154176 7.624179
211240 105.6200 1.153349 7.636554
211250 105.6250 1.152744 7.645450
211260 105.6300 1.152197 7.653388
211270 105.6350 1.151683 7.660744
211280 105.6400 1.151181 7.667841
211290 105.6450 1.150865 7.672263
211300 105.6500 1.150489 7.677485
211310 105.6550 1.150244 7.708799
211320 105.6600 1.150191 7.709531
211330 105.6650 1.150487 7.705450
211340 105.6700 1.150962 7.698856
211350 105.6750 1.151573 7.690242
211360 105.6800 1.152458 7.677539
211370 105.6850 1.153496 7.662274
211380 105.6900 1.154808 7.642412
211390 105.6950 1.156385 7.617705
211400 105.7000 1.158223 7.587793
211410 105.7050 1.160056 7.585387
211420 105.7100 1.162015 7.550834
211430 105.7150 1.164086 7.512816
211440 105.7200 1.166082 7.474731
211450 105.7250 1.168020 7.436477
211460 105.7300 1.170076 7.394519
211470 105.7350 1.172273 7.348205
211480 105.7400 1.174559 7.298457
211490 105.7450 1.177029 7.243037
211500 105.7500 1.179884 7.176944
211510 105.7550 1.183108 7.132031
211520 105.7600 1.186383 7.051352
211530 105.7650 1.189778 6.965460
211540 105.7700 1.193362 6.872755
211550 105.7750 1.196975 6.777596
211560 105.7800 1.200787 6.675752
211570 105.7850 1.204773 6.568167
211580 105.7900 1.208907 6.455917
211590 105.7950 1.212978 6.345110
211600 105.8000 1.217300 6.227515
211610 105.8050 1.221698 6.149916
211620 105.8100 1.226088 6.030768
211630 105.8150 1.230450 5.912513
211640 105.8200 1.234670 5.798147
211650 105.8250 1.238755 5.687259
211660 105.8300 1.242673 5.580512
211670 105.8350 1.246267 5.482013
211680 105.8400 1.249735 5.386228
211690 105.8450 1.253084 5.292765
211700 105.8500 1.256316 5.201494
211710 105.8550 1.259493 5.166216
211720 105.8600 1.262563 5.076634
211730 105.8650 1.265504 4.989240
211740 105.8700 1.268305 4.904409
211750 105.8750 1.270945 4.822931
211760 105.8800 1.273435 4.744704
211770 105.8850 1.275999 4.662644
211780 105.8900 1.278351 4.586040
211790 105.8950 1.280655 4.509657
211800 105.9000 1.282901 4.433953
211810 105.9050 1.284995 4.431418
211820 105.9100 1.286962 4.362919
211830 105.9150 1.288711 4.301106
211840 105.9200 1.290460 4.238509
211850 105.9250 1.292013 4.182205
211860 105.9300 1.293410 4.131049
211870 105.9350 1.294529 4.089670
211880 105.9400 1.295357 4.058875
211890 105.9450 1.296316 4.022978
211900 105.9500 1.297414 3.981618
211910 105.9550 1.298535 4.017573
211920 105.9600 1.299880 3.966077
211930 105.9650 1.301013 3.922299
211940 105.9700 1.301975 3.884903
211950 105.9750 1.302814 3.852104
211960 105.9800 1.303312 3.832565
211970 105.9850 1.303591 3.821597
211980 105.9900 1.303895 3.809614
211990 105.9950 1.303838 3.811868
212000 106.0000 1.303556 3.822943
212010 106.0050 1.303253 3.916963
212020 106.0100 1.303006 3.926670
212030 106.0150 1.302734 3.937313
212040 106.0200 1.302365 3.951758
212050 106.0250 1.301877 3.970766
212060 106.0300 1.301221 3.996252
212070 106.0350 1.300415 4.027381
212080 106.0400 1.299351 4.068162
212090 106.0450 1.297985 4.120074
212100 106.0500 1.296167 4.188245
212110 106.0550 1.294186 4.335443
212120 106.0600 1.291891 4.418402
212130 106.0650 1.289056 4.518313
212140 106.0700 1.286130 4.618433
212150 106.0750 1.283131 4.717854
212160 106.0800 1.280067 4.816160
212170 106.0850 1.276792 4.917638
212180 106.0900 1.273230 5.023975
212190 106.0950 1.269488 5.131375
212200 106.1000 1.265910 5.230253
212210 106.1050 1.262195 5.384610
212220 106.1100 1.258391 5.482314
212230 106.1150 1.254311 5.583593
212240 106.1200 1.250080 5.685455
212250 106.1250 1.245875 5.784174
212260 106.1300 1.241595 5.882847
212270 106.1350 1.237536 5.975327
212280 106.1400 1.233571 6.065157
212290 106.1450 1.229434 6.158798
212300 106.1500 1.225319 6.252239
212310 106.1550 1.221496 6.381033
212320 106.1600 1.217884 6.463708
212330 106.1650 1.214373 6.544418
212340 106.1700 1.211070 6.620605
212350 106.1750 1.208039 6.690677
212360 106.1800 1.205232 6.755605
212370 106.1850 1.202546 6.817662
212380 106.1900 1.199982 6.876755
212390 106.1950 1.197420 6.935534
212400 106.2000 1.195019 6.990269
212410 106.2050 1.192668 7.077245
212420 106.2100 1.190315 7.129811
212430 106.2150 1.187829 7.184581
212440 106.2200 1.185440 7.236329
212450 106.2250 1.183143 7.285158
212460 106.2300 1.181204 7.325575
212470 106.2350 1.179284 7.364854
212480 106.2400 1.177557 7.399461
212490 106.2450 1.176098 7.428157
212500 106.2500 1.174788 7.453463
212510 106.2550 1.173571 7.506333
212520 106.2600 1.172471 7.526853
212530 106.2650 1.171431 7.545944
212540 106.2700 1.170566 7.561583
212550 106.2750 1.169961 7.572380
212560 106.2800 1.169455 7.581320
212570 106.2850 1.169242 7.585068
212580 106.2900 1.169071 7.588063
212590 106.2950 1.169110 7.587384
212600 106.3000 1.169217 7.585513
212610 106.3050 1.169358 7.611702
212620 106.3100 1.169717 7.605378
212630 106.3150 1.170230 7.596253
212640 106.3200 1.170780 7.586382
212650 106.3250 1.171585 7.571771
212660 106.3300 1.172628 7.552554
212670 106.3350 1.173718 7.532117
212680 106.3400 1.174685 7.513691
212690 106.3450 1.175696 7.494145
212700 106.3500 1.176961 7.469292
212710 106.3550 1.178470 7.468700
212720 106.3600 1.180409 7.429003
212730 106.3650 1.182664 7.381658
212740 106.3700 1.185199 7.327061
212750 106.3750 1.187678 7.272370
212760 106.3800 1.190265 7.214103
212770 106.3850 1.193058 7.150002
212780 106.3900 1.196069 7.079737
212790 106.3950 1.199120 7.007551
212800 106.4000 1.202320 6.931014
212810 106.4050 1.205624 6.885711
212820 106.4100 1.209173 6.799455
212830 106.4150 1.212516 6.717883
212840 106.4200 1.215893 6.635285
212850 106.4250 1.219237 6.553460
212860 106.4300 1.222825 6.465692
212870 106.4350 1.226542 6.374773
212880 106.4400 1.230095 6.287864
212890 106.4450 1.233732 6.198750
212900 106.4500 1.237297 6.111099
212910 106.4550 1.240785 6.067967
212920 106.4600 1.244133 5.984062
212930 106.4650 1.247356 5.902190
212940 106.4700 1.250459 5.822076
212950 106.4750 1.253507 5.741952
212960 106.4800 1.256467 5.662515
212970 106.4850 1.259533 5.578360
212980 106.4900 1.262656 5.490452
212990 106.4950 1.265713 5.401998
213000 106.5000 1.268552 5.317592
213010 106.5050 1.271132 5.292807
213020 106.5100 1.273713 5.211732
213030 106.5150 1.276443 5.123516
213040 106.5200 1.279148 5.033543
213050 106.5250 1.281779 4.943474
213060 106.5300 1.284335 4.853582
213070 106.5350 1.286758 4.766105
213080 106.5400 1.289216 4.675229
213090 106.5450 1.291544 4.587140
213100 106.5500 1.293718 4.503098
213110 106.5550 1.295830 4.487745
213120 106.5600 1.297860 4.406206
213130 106.5650 1.299750 4.328991
213140 106.5700 1.301632 4.250870
213150 106.5750 1.303366 4.177919
213160 106.5800 1.305079 4.104902
213170 106.5850 1.306571 4.040640
213180 106.5900 1.307584 3.996632
213190 106.5950 1.308314 3.964777
213200 106.6000 1.308934 3.937608
213210 106.6050 1.309561 3.989471
213220 106.6100 1.310233 3.959801
213230 106.6150 1.310755 3.936659
213240 106.6200 1.311089 3.921814
213250 106.6250 1.311430 3.906608
213260 106.6300 1.311765 3.891662
213270 106.6350 1.312061 3.878401
213280 106.6400 1.312265 3.869276
213290 106.6450 1.312221 3.871251
213300 106.6500 1.312171 3.873507
213310 106.6550 1.312134 3.956071
213320 106.6600 1.312039 3.960342
213330 106.6650 1.311693 3.975808
213340 106.6700 1.311131 4.000825
213350 106.6750 1.310448 4.031151
213360 106.6800 1.309719 4.063356
213370 106.6850 1.308675 4.109176
213380 106.6900 1.307478 4.161300
213390 106.6950 1.306247 4.214404
213400 106.7000 1.304969 4.268975
213410 106.7050 1.303677 4.395973
213420 106.7100 1.302358 4.450996
213430 106.7150 1.301125 4.501788
213440 106.7200 1.299797 4.555778
213450 106.7250 1.298609 4.603448
213460 106.7300 1.297157 4.660853
213470 106.7350 1.295762 4.715155
213480 106.7400 1.294210 4.774521
213490 106.7450 1.292752 4.829311
213500 106.7500 1.291080 4.890966
213510 106.7550 1.289299 5.016046
213520 106.7600 1.287452 5.080988
213530 106.7650 1.285690 5.141429
213540 106.7700 1.284014 5.197531
213550 106.7750 1.282367 5.251333
213560 106.7800 1.280735 5.303389
213570 106.7850 1.279025 5.356590
213580 106.7900 1.277156 5.413244
213590 106.7950 1.274928 5.478751
213600 106.8000 1.272546 5.546411
213610 106.8050 1.270213 5.661066
213620 106.8100 1.267753 5.726095
213630 106.8150 1.265294 5.788782
213640 106.8200 1.262663 5.853457
213650 106.8250 1.259927 5.918281
213660 106.8300 1.257193 5.980833
213670 106.8350 1.254290 6.045113
213680 106.8400 1.251171 6.112038
213690 106.8450 1.248172 6.174640
213700 106.8500 1.245132 6.236695
213710 106.8550 1.242243 6.336361
213720 106.8600 1.239314 6.394159
213730 106.8650 1.236296 6.453056
213740 106.8700 1.233109 6.514785
213750 106.8750 1.229961 6.575547
213760 106.8800 1.226924 6.634192
213770 106.8850 1.223988 6.691009
213780 106.8900 1.221231 6.744622
213790 106.8950 1.218599 6.796026
213800 106.9000 1.215851 6.850028
213810 106.9050 1.213021 6.941085
213820 106.9100 1.210325 6.994450
213830 106.9150 1.207782 7.044895
213840 106.9200 1.205370 7.092775
213850 106.9250 1.202989 7.139987
213860 106.9300 1.200669 7.185890
213870 106.9350 1.198365 7.231294
213880 106.9400 1.196229 7.273157
213890 106.9450 1.194131 7.313982
213900 106.9500 1.192304 7.349231
213910 106.9550 1.190632 7.411818
213920 106.9600 1.188910 7.444347
213930 106.9650 1.187461 7.471419
213940 106.9700 1.186220 7.494335
213950 106.9750 1.185068 7.515402
213960 106.9800 1.184031 7.534144
213970 106.9850 1.182919 7.554045
213980 106.9900 1.181960 7.571001
213990 106.9950 1.181182 7.584639
214000 107.0000 1.180376 7.598628
214010 107.0050 1.179511 7.642040
214020 107.0100 1.178689 7.655992
214030 107.0150 1.177868 7.669772
214040 107.0200 1.177090 7.682669
214050 107.0250 1.176450 7.693163
214060 107.0300 1.175714 7.705114
214070 107.0350 1.175087 7.715165
214080 107.0400 1.174577 7.723276
214090 107.0450 1.174048 7.731605
214100 107.0500 1.173566 7.739141
214110 107.0550 1.173286 7.770948
214120 107.0600 1.173094 7.773908
214130 107.0650 1.173273 7.771151
214140 107.0700 1.173587 7.766275
214150 107.0750 1.174150 7.757470
214160 107.0800 1.174712 7.748591
214170 107.0850 1.175252 7.739973
214180 107.0900 1.175881 7.729842
214190 107.0950 1.176713 7.716266
214200 107.1000 1.177672 7.700406
214210 107.1050 1.178585 7.712832
214220 107.1100 1.179488 7.697441
214230 107.1150 1.180279 7.683803
214240 107.1200 1.181249 7.666864
214250 107.1250 1.182143 7.651052
214260 107.1300 1.183154 7.632936
214270 107.1350 1.184338 7.611454
214280 107.1400 1.185569 7.588781
214290 107.1450 1.186844 7.564978
214300 107.1500 1.188094 7.541346
214310 107.1550 1.189484 7.543762
214320 107.1600 1.191154 7.511338
214330 107.1650 1.193005 7.474864
214340 107.1700 1.194889 7.437254
214350 107.1750 1.196931 7.395945
214360 107.1800 1.199058 7.352440
214370 107.1850 1.201287 7.306415
214380 107.1900 1.203693 7.256305
214390 107.1950 1.206060 7.206668
214400 107.2000 1.208188 7.161863
214410 107.2050 1.210395 7.147468
214420 107.2100 1.212655 7.099555
214430 107.2150 1.214984 7.050043
214440 107.2200 1.217387 6.998876
214450 107.2250 1.219771 6.948063
214460 107.2300 1.222143 6.897470
214470 107.2350 1.224575 6.845555
214480 107.2400 1.227375 6.785698
214490 107.2450 1.230208 6.725036
214500 107.2500 1.232829 6.668705
214510 107.2550 1.235043 6.657929
214520 107.2600 1.237187 6.611330
214530 107.2650 1.239098 6.569461
214540 107.2700 1.240714 6.533792
214550 107.2750 1.242432 6.495559
214560 107.2800 1.244221 6.455365
214570 107.2850 1.245950 6.416088
214580 107.2900 1.247400 6.382787
214590 107.2950 1.248807 6.350155
214600 107.3000 1.250233 6.316683
214610 107.3050 1.251534 6.326695
214620 107.3100 1.252890 6.294093
214630 107.3150 1.253953 6.268223
214640 107.3200 1.254751 6.248623
214650 107.3250 1.255596 6.227682
214660 107.3300 1.256272 6.210777
214670 107.3350 1.256862 6.195946
214680 107.3400 1.257499 6.179789
214690 107.3450 1.258323 6.158757
214700 107.3500 1.259292 6.133726
214710 107.3550 1.260504 6.145058
214720 107.3600 1.261588 6.116278
214730 107.3650 1.262567 6.089922
214740 107.3700 1.263663 6.060019
214750 107.3750 1.264857 6.026951
214760 107.3800 1.266033 5.993841
214770 107.3850 1.267190 5.960748
214780 107.3900 1.268499 5.922642
214790 107.3950 1.269681 5.887646
214800 107.4000 1.270803 5.853872
214810 107.4050 1.271778 5.870598
214820 107.4100 1.272488 5.848632
214830 107.4150 1.273023 5.831939
214840 107.4200 1.273418 5.819536
214850 107.4250 1.273786 5.807873
214860 107.4300 1.274063 5.799094
214870 107.4350 1.274261 5.792788
214880 107.4400 1.274356 5.789744
214890 107.4450 1.274203 5.794630
214900 107.4500 1.274045 5.799653
214910 107.4550 1.273774 5.855500
214920 107.4600 1.273487 5.864568
214930 107.4650 1.273052 5.878257
214940 107.4700 1.272565 5.893459
214950 107.4750 1.272063 5.909025
214960 107.4800 1.271443 5.928062
214970 107.4850 1.270757 5.948926
214980 107.4900 1.269874 5.975471
214990 107.4950 1.268897 6.004408
215000 107.5000 1.267735 6.038277
215010 107.5050 1.266419 6.120052
215020 107.5100 1.265175 6.154914
215030 107.5150 1.263921 6.189346
215040 107.5200 1.262620 6.224361
215050 107.5250 1.261083 6.264855
215060 107.5300 1.259392 6.308321
215070 107.5350 1.257455 6.356779
215080 107.5400 1.255315 6.408757
215090 107.5450 1.253203 6.458595
215100 107.5500 1.250955 6.510114
215110 107.5550 1.248636 6.600488
215120 107.5600 1.246331 6.650372
215130 107.5650 1.243898 6.701637
215140 107.5700 1.241447 6.751989
215150 107.5750 1.238858 6.803956
215160 107.5800 1.236095 6.858213
215170 107.5850 1.233326 6.911535
215180 107.5900 1.230452 6.965979
215190 107.5950 1.227542 7.020345
215200 107.6000 1.224672 7.073368
215210 107.6050 1.221767 7.159608
215220 107.6100 1.218919 7.211222
215230 107.6150 1.216086 7.262161
215240 107.6200 1.213215 7.313409
215250 107.6250 1.210405 7.363183
215260 107.6300 1.207792 7.409117
215270 107.6350 1.205331 7.452012
215280 107.6400 1.202733 7.496888
215290 107.6450 1.200047 7.542760
215300 107.6500 1.197254 7.589753
215310 107.6550 1.194221 7.668453
215320 107.6600 1.191263 7.716064
215330 107.6650 1.188365 7.761394
215340 107.6700 1.185528 7.804338
215350 107.6750 1.182792 7.844235
215360 107.6800 1.180096 7.881982
215370 107.6850 1.177553 7.916011
215380 107.6900 1.175185 7.946244
215390 107.6950 1.172965 7.973234
215400 107.7000 1.170914 7.996951
215410 107.7050 1.168770 8.045984
215420 107.7100 1.166731 8.067004
215430 107.7150 1.164746 8.086219
215440 107.7200 1.162738 8.104379
215450 107.7250 1.160847 8.120293
215460 107.7300 1.159110 8.133887
215470 107.7350 1.157445 8.145988
215480 107.7400 1.155870 8.156615
215490 107.7450 1.154527 8.165036
215500 107.7500 1.153306 8.172189
215510 107.7550 1.152144 8.202884
215520 107.7600 1.151210 8.207677
215530 107.7650 1.150551 8.210889
215540 107.7700 1.149774 8.214500
215550 107.7750 1.149073 8.217592
215560 107.7800 1.148407 8.220386
215570 107.7850 1.147851 8.222611
215580 107.7900 1.147630 8.223473
215590 107.7950 1.147759 8.222971
215600 107.8000 1.147906 8.222395
215610 107.8050 1.148095 8.245641
215620 107.8100 1.148322 8.244727
215630 107.8150 1.148519 8.243919
215640 107.8200 1.148998 8.241900
215650 107.8250 1.149737 8.238646
215660 107.8300 1.150753 8.233873
215670 107.8350 1.151979 8.227667
215680 107.8400 1.153194 8.221012
215690 107.8450 1.154627 8.212527
215700 107.8500 1.156159 8.202682
215710 107.8550 1.157735 8.215833
215720 107.8600 1.159397 8.203301
215730 107.8650 1.161307 8.187693
215740 107.8700 1.163356 8.169530
215750 107.8750 1.165400 8.149951
215760 107.8800 1.167607 8.127199
215770 107.8850 1.169850 8.102392
215780 107.8900 1.171960 8.077575
215790 107.8950 1.174006 8.052159
215800 107.9000 1.175964 8.026637
215810 107.9050 1.177935 8.025160
215820 107.9100 1.180028 7.995436
215830 107.9150 1.182203 7.963301
215840 107.9200 1.184578 7.926827
215850 107.9250 1.187055 7.887360
215860 107.9300 1.189676 7.844165
215870 107.9350 1.192554 7.795191
215880 107.9400 1.195653 7.740896
215890 107.9450 1.198866 7.683108
215900 107.9500 1.202240 7.621061
215910 107.9550 1.205434 7.589600
215920 107.9600 1.208589 7.529544
215930 107.9650 1.211672 7.470080
215940 107.9700 1.214714 7.410764
215950 107.9750 1.217774 7.350494
215960 107.9800 1.220708 7.292158
215970 107.9850 1.223584 7.234459
215980 107.9900 1.226492 7.175519
215990 107.9950 1.229163 7.120779
216000 108.0000 1.231570 7.070887
216010 108.0050 1.233645 7.060472
216020 108.0100 1.235440 7.022374
216030 108.0150 1.237025 6.988327
216040 108.0200 1.238322 6.960171
216050 108.0250 1.239397 6.936615
216060 108.0300 1.240324 6.916139
216070 108.0350 1.240942 6.902401
216080 108.0400 1.241304 6.894330
216090 108.0450 1.241654 6.886484
216100 108.0500 1.241959 6.879629
216110 108.0550 1.242110 6.911165
216120 108.0600 1.242143 6.910418
216130 108.0650 1.242172 6.909768
216140 108.0700 1.242089 6.911643
216150 108.0750 1.241959 6.914558
216160 108.0800 1.241830 6.917463
216170 108.0850 1.241448 6.926021
216180 108.0900 1.240961 6.936894
216190 108.0950 1.240500 6.947142
216200 108.1000 1.240082 6.956399
216210 108.1050 1.239500 7.003402
216220 108.1100 1.238865 7.017324
216230 108.1150 1.238349 7.028564
216240 108.1200 1.237679 7.043092
216250 108.1250 1.237036 7.056955
216260 108.1300 1.236490 7.068658
216270 108.1350 1.235902 7.081223
216280 108.1400 1.235140 7.097376
216290 108.1450 1.234300 7.115099
216300 108.1500 1.233261 7.136843
216310 108.1550 1.232105 7.193330
216320 108.1600 1.230820 7.219738
216330 108.1650 1.229541 7.245768
216340 108.1700 1.228378 7.269239
216350 108.1750 1.227332 7.290178
216360 108.1800 1.226352 7.309658
216370 108.1850 1.225384 7.328794
216380 108.1900 1.224357 7.348966
216390 108.1950 1.223333 7.368942
216400 108.2000 1.222399 7.387052
216410 108.2050 1.221450 7.435667
216420 108.2100 1.220482 7.454217
216430 108.2150 1.219513 7.472686
216440 108.2200 1.218477 7.492297
216450 108.2250 1.217214 7.516040
216460 108.2300 1.215981 7.539042
216470 108.2350 1.214638 7.563880
216480 108.2400 1.213480 7.585148
216490 108.2450 1.212302 7.606624
216500 108.2500 1.210927 7.631499
216510 108.2550 1.209481 7.685692
216520 108.2600 1.207787 7.715687
216530 108.2650 1.205876 7.749050
216540 108.2700 1.203774 7.785156
216550 108.2750 1.201624 7.821416
216560 108.2800 1.199551 7.855687
216570 108.2850 1.197529 7.888433
216580 108.2900 1.195498 7.920582
216590 108.2950 1.193485 7.951690
216600 108.3000 1.191461 7.982159
216610 108.3050 1.189321 8.039051
216620 108.3100 1.187139 8.069798
216630 108.3150 1.185078 8.097744
216640 108.3200 1.182888 8.126231
216650 108.3250 1.180674 8.153684
216660 108.3300 1.178626 8.177839
216670 108.3350 1.176755 8.198810
216680 108.3400 1.174989 8.217610
216690 108.3450 1.173205 8.235612
216700 108.3500 1.171356 8.253178
216710 108.3550 1.169516 8.293324
216720 108.3600 1.167617 8.308975
216730 108.3650 1.165796 8.322810
216740 108.3700 1.163886 8.336061
216750 108.3750 1.161835 8.348855
216760 108.3800 1.159746 8.360358
216770 108.3850 1.157583 8.370653
216780 108.3900 1.155548 8.378846
216790 108.3950 1.153793 8.384766
216800 108.4000 1.152203 8.389231
216810 108.4050 1.150512 8.415947
216820 108.4100 1.148808 8.418826
216830 108.4150 1.147275 8.420613
216840 108.4200 1.145963 8.421553
216850 108.4250 1.144877 8.421930
216860 108.4300 1.143944 8.421972
216870 108.4350 1.143057 8.421775
216880 108.4400 1.142349 8.421457
216890 108.4450 1.141863 8.421156
216900 108.4500 1.141737 8.421068
216910 108.4550 1.141879 8.443865
216920 108.4600 1.141991 8.443939
216930 108.4650 1.142300 8.444125
216940 108.4700 1.142773 8.444357
216950 108.4750 1.143299 8.444538
216960 108.4800 1.143901 8.444643
216970 108.4850 1.144379 8.444650
216980 108.4900 1.144816 8.444595
216990 108.4950 1.145286 8.444470
217000 108.5000 1.145734 8.444287
217010 108.5050 1.146302 8.466512
217020 108.5100 1.146955 8.466009
217030 108.5150 1.147423 8.465562
217040 108.5200 1.147851 8.465088
217050 108.5250 1.148381 8.464417
217060 108.5300 1.149119 8.463321
217070 108.5350 1.150143 8.461492
217080 108.5400 1.151113 8.459423
217090 108.5450 1.151930 8.457422
217100 108.5500 1.152831 8.454937
217110 108.5550 1.153582 8.475125
217120 108.5600 1.154228 8.472978
217130 108.5650 1.155048 8.470034
217140 108.5700 1.155956 8.466474
217150 108.5750 1.156693 8.463357
217160 108.5800 1.157103 8.461531
217170 108.5850 1.157348 8.460412
217180 108.5900 1.157507 8.459673
217190 108.5950 1.157945 8.457581
217200 108.6000 1.158292 8.455878
217210 108.6050 1.158501 8.477306
217220 108.6100 1.158722 8.476174
217230 108.6150 1.159052 8.474454
217240 108.6200 1.159437 8.472393
217250 108.6250 1.159906 8.469801
217260 108.6300 1.160295 8.467583
217270 108.6350 1.160744 8.464954
217280 108.6400 1.161243 8.461931
217290 108.6450 1.161723 8.458936
217300 108.6500 1.162006 8.457129
217310 108.6550 1.162229 8.478152
217320 108.6600 1.162442 8.476746
217330 108.6650 1.162842 8.474068
217340 108.6700 1.163320 8.470780
217350 108.6750 1.163607 8.468761
217360 108.6800 1.163789 8.467459
217370 108.6850 1.164070 8.465431
217380 108.6900 1.164322 8.463582
217390 108.6950 1.164653 8.461118
217400 108.7000 1.164951 8.458859
217410 108.7050 1.165208 8.479343
217420 108.7100 1.165483 8.477201
217430 108.7150 1.165859 8.474224
217440 108.7200 1.166454 8.469386
217450 108.7250 1.167225 8.462912
217460 108.7300 1.168184 8.454515
217470 108.7350 1.169060 8.446527
217480 108.7400 1.169835 8.439206
217490 108.7450 1.170584 8.431902
217500 108.7500 1.171353 8.424172
217510 108.7550 1.172102 8.439098
217520 108.7600 1.172901 8.430583
217530 108.7650 1.173545 8.423545
217540 108.7700 1.174247 8.415677
217550 108.7750 1.175002 8.407019
217560 108.7800 1.175862 8.396887
217570 108.7850 1.176469 8.389566
217580 108.7900 1.177032 8.382644
217590 108.7950 1.177598 8.375583
217600 108.8000 1.178095 8.369284
217610 108.8050 1.178547 8.386501
217620 108.8100 1.178994 8.380690
217630 108.8150 1.179459 8.374555
217640 108.8200 1.179853 8.369298
217650 108.8250 1.180115 8.365776
217660 108.8300 1.180426 8.361562
217670 108.8350 1.180934 8.354599
217680 108.8400 1.181459 8.347312
217690 108.8450 1.181999 8.339712
217700 108.8500 1.182455 8.333223
217710 108.8550 1.182874 8.350455
217720 108.8600 1.183107 8.347080
217730 108.8650 1.183455 8.341996
217740 108.8700 1.183770 8.337362
217750 108.8750 1.183867 8.335930
217760 108.8800 1.183954 8.334636
217770 108.8850 1.183941 8.334828
217780 108.8900 1.183694 8.338487
217790 108.8950 1.183503 8.341294
217800 108.9000 1.183203 8.345675
217810 108.9050 1.183060 8.370942
217820 108.9100 1.182888 8.373439
217830 108.9150 1.182614 8.377384
217840 108.9200 1.182870 8.373693
217850 108.9250 1.183703 8.361535
217860 108.9300 1.184615 8.347936
217870 108.9350 1.185416 8.335766
217880 108.9400 1.186099 8.325210
217890 108.9450 1.186757 8.314906
217900 108.9500 1.187355 8.305410
217910 108.9550 1.187856 8.320824
217920 108.9600 1.188593 8.308845
217930 108.9650 1.189271 8.297676
217940 108.9700 1.190033 8.284965
217950 108.9750 1.190930 8.269762
217960 108.9800 1.191908 8.252907
217970 108.9850 1.192761 8.237987
217980 108.9900 1.193479 8.225284
217990 108.9950 1.194017 8.215663
218000 109.0000 1.194208 8.212215
218010 109.0050 1.194273 8.235117
218020 109.0100 1.194353 8.233675
218030 109.0150 1.194375 8.233278
218040 109.0200 1.194419 8.232472
218050 109.0250 1.194370 8.233364
218060 109.0300 1.194076 8.238650
218070 109.0350 1.193603 8.247126
218080 109.0400 1.192919 8.259265
218090 109.0450 1.192218 8.271550
218100 109.0500 1.191479 8.284366
218110 109.0550 1.190672 8.321741
218120 109.0600 1.189743 8.337359
218130 109.0650 1.188602 8.356150
218140 109.0700 1.187448 8.374714
218150 109.0750 1.186242 8.393631
218160 109.0800 1.184904 8.414007
218170 109.0850 1.183489 8.434848
218180 109.0900 1.182272 8.452168
218190 109.0950 1.181231 8.466533
218200 109.1000 1.179904 8.484218
218210 109.1050 1.178429 8.525337
218220 109.1100 1.176986 8.542863
218230 109.1150 1.175600 8.558847
218240 109.1200 1.174092 8.575299
218250 109.1250 1.172444 8.592115
218260 109.1300 1.170552 8.609907
218270 109.1350 1.168489 8.627441
218280 109.1400 1.166648 8.641421
218290 109.1450 1.164877 8.653383
218300 109.1500 1.163099 8.663917
218310 109.1550 1.161043 8.695448
218320 109.1600 1.159061 8.703504
218330 109.1650 1.157124 8.709599
218340 109.1700 1.155205 8.713928
218350 109.1750 1.153128 8.716729
218360 109.1800 1.150720 8.717592
218370 109.1850 1.148226 8.715879
218380 109.1900 1.145814 8.711809
218390 109.1950 1.143513 8.705830
218400 109.2000 1.141087 8.697442
218410 109.2050 1.138543 8.707497
218420 109.2100 1.135859 8.693719
218430 109.2150 1.133079 8.677297
218440 109.2200 1.130407 8.659697
218450 109.2250 1.127885 8.641690
218460 109.2300 1.125461 8.623314
218470 109.2350 1.122909 8.603042
218480 109.2400 1.120134 8.580198
218490 109.2450 1.117053 8.554182
218500 109.2500 1.113590 8.524579
218510 109.2550 1.110107 8.516929
218520 109.2600 1.106695 8.488307
218530 109.2650 1.103352 8.461142
218540 109.2700 1.100018 8.435253
218550 109.2750 1.096575 8.410110
218560 109.2800 1.092968 8.385801
218570 109.2850 1.089424 8.364213
218580 109.2900 1.085735 8.344347
218590 109.2950 1.082132 8.327662
218600 109.3000 1.078794 8.314681
218610 109.3050 1.075478 8.327500
218620 109.3100 1.072325 8.319568
218630 109.3150 1.069286 8.313851
218640 109.3200 1.066376 8.310118
218650 109.3250 1.063470 8.308051
218660 109.3300 1.060717 8.307584
218670 109.3350 1.058032 8.308483
218680 109.3400 1.055524 8.310496
218690 109.3450 1.053121 8.313455
218700 109.3500 1.050786 8.317268
218710 109.3550 1.048444 8.345335
218720 109.3600 1.045990 8.351152
218730 109.3650 1.043751 8.357233
218740 109.3700 1.041626 8.363673
218750 109.3750 1.039780 8.369788
218760 109.3800 1.038191 8.375429
218770 109.3850 1.036736 8.380902
218780 109.3900 1.035438 8.386032
218790 109.3950 1.034401 8.390294
218800 109.4000 1.033605 8.393664
218810 109.4050 1.032823 8.419930
218820 109.4100 1.032029 8.423453
218830 109.4150 1.031337 8.426585
218840 109.4200 1.030877 8.428706
218850 109.4250 1.030344 8.431190
218860 109.4300 1.030116 8.432265
218870 109.4350 1.030150 8.432108
218880 109.4400 1.030349 8.431170
218890 109.4450 1.030653 8.429746
218900 109.4500 1.031111 8.427625
218910 109.4550 1.032071 8.445913
218920 109.4600 1.033212 8.440865
218930 109.4650 1.034527 8.435237
218940 109.4700 1.035943 8.429404
218950 109.4750 1.037527 8.423163
218960 109.4800 1.039459 8.415955
218970 109.4850 1.041557 8.408644
218980 109.4900 1.043919 8.401067
218990 109.4950 1.046387 8.393910
219000 109.5000 1.048848 8.387572
219010 109.5050 1.051376 8.404804
219020 109.5100 1.054081 8.399672
219030 109.5150 1.056763 8.395594
219040 109.5200 1.059655 8.392382
219050 109.5250 1.062536 8.390471
219060 109.5300 1.065577 8.389922
219070 109.5350 1.068714 8.391015
219080 109.5400 1.071990 8.394037
219090 109.5450 1.075336 8.399187
219100 109.5500 1.078774 8.406714
219110 109.5550 1.082484 8.440147
219120 109.5600 1.086229 8.453492
219130 109.5650 1.090078 8.469877
219140 109.5700 1.093889 8.488648
219150 109.5750 1.097641 8.509414
219160 109.5800 1.101392 8.532187
219170 109.5850 1.105071 8.556151
219180 109.5900 1.108725 8.581162
219190 109.5950 1.112433 8.607320
219200 109.6000 1.116022 8.632900
219210 109.6050 1.119327 8.677571
219220 109.6100 1.122490 8.699146
219230 109.6150 1.125717 8.720024
219240 109.6200 1.128695 8.737911
219250 109.6250 1.131359 8.752498
219260 109.6300 1.133736 8.764181
219270 109.6350 1.136042 8.774151
219280 109.6400 1.137923 8.781184
219290 109.6450 1.139573 8.786472
219300 109.6500 1.141109 8.790610
219310 109.6550 1.142481 8.814092
219320 109.6600 1.143793 8.816339
219330 109.6650 1.144930 8.817769
219340 109.6700 1.145641 8.818410
219350 109.6750 1.146164 8.818757
219360 109.6800 1.146652 8.818982
219370 109.6850 1.146941 8.819071
219380 109.6900 1.147222 8.819125
219390 109.6950 1.147395 8.819143
219400 109.7000 1.147357 8.819140
219410 109.7050 1.147184 8.839426
219420 109.7100 1.146922 8.839372
219430 109.7150 1.146647 8.839285
219440 109.7200 1.146045 8.838987
219450 109.7250 1.145182 8.838306
219460 109.7300 1.144435 8.837479
219470 109.7350 1.143595 8.836290
219480 109.7400 1.142627 8.834590
219490 109.7450 1.141676 8.832582
219500 109.7500 1.140586 8.829878
219510 109.7550 1.139114 8.845809
219520 109.7600 1.137164 8.838966
219530 109.7650 1.135186 8.830784
219540 109.7700 1.133055 8.820691
219550 109.7750 1.130869 8.809069
219560 109.7800 1.128827 8.797183
219570 109.7850 1.126835 8.784729
219580 109.7900 1.124696 8.770540
219590 109.7950 1.122478 8.755063
219600 109.8000 1.119908 8.736360
219610 109.8050 1.117171 8.736519
219620 109.8100 1.114227 8.713774
219630 109.8150 1.111090 8.689252
219640 109.8200 1.107985 8.665032
219650 109.8250 1.104736 8.640097
219660 109.8300 1.101594 8.616694
219670 109.8350 1.098372 8.593692
219680 109.8400 1.095052 8.571325
219690 109.8450 1.091848 8.551231
219700 109.8500 1.088672 8.532921
219710 109.8550 1.085578 8.538697
219720 109.8600 1.082741 8.525265
219730 109.8650 1.080251 8.514640
219740 109.8700 1.078198 8.506717
219750 109.8750 1.076369 8.500297
219760 109.8800 1.074585 8.494613
219770 109.8850 1.072930 8.489852
219780 109.8900 1.071279 8.485586
219790 109.8950 1.069543 8.481621
219800 109.9000 1.067919 8.478388
219810 109.9050 1.066212 8.497800
219820 109.9100 1.064618 8.495490
219830 109.9150 1.063132 8.493697
219840 109.9200 1.061844 8.492420
219850 109.9250 1.060861 8.491615
219860 109.9300 1.060223 8.491171
219870 109.9350 1.059798 8.490908
219880 109.9400 1.059804 8.490912
219890 109.9450 1.060218 8.491168
219900 109.9500 1.060883 8.491632
219910 109.9550 1.061760 8.514596
219920 109.9600 1.062981 8.515769
219930 109.9650 1.064316 8.517299
219940 109.9700 1.065911 8.519474
219950 109.9750 1.067739 8.522438
219960 109.9800 1.069611 8.526008
219970 109.9850 1.071623 8.530458
219980 109.9900 1.073931 8.536358
219990 109.9950 1.076513 8.543981
220000 110.0000 1.079189 8.553035
220010 110.0050 1.082073 8.585945
220020 110.0100 1.085121 8.599003
220030 110.0150 1.088330 8.614250
220040 110.0200 1.091320 8.629789
220050 110.0250 1.094466 8.647426
220060 110.0300 1.097455 8.665288
220070 110.0350 1.100464 8.684216
220080 110.0400 1.103316 8.702875
220090 110.0450 1.105832 8.719773
220100 110.0500 1.108273 8.736439
220110 110.0550 1.110522 8.772669
220120 110.0600 1.112652 8.787266
220130 110.0650 1.114768 8.801619
220140 110.0700 1.116910 8.815908
220150 110.0750 1.118950 8.829174
220160 110.0800 1.120726 8.840386
220170 110.0850 1.122427 8.850753
220180 110.0900 1.124044 8.860220
220190 110.0950 1.125672 8.869321
220200 110.1000 1.126980 8.876277
220210 110.1050 1.128318 8.903012
220220 110.1100 1.129548 8.908868
220230 110.1150 1.130523 8.913248
220240 110.1200 1.131237 8.916305
220250 110.1250 1.131886 8.918966
220260 110.1300 1.132405 8.921014
220270 110.1350 1.132624 8.921856
220280 110.1400 1.132779 8.922444
220290 110.1450 1.132858 8.922740
220300 110.1500 1.132680 8.922071
220310 110.1550 1.132338 8.940483
220320 110.1600 1.131749 8.938140
220330 110.1650 1.130861 8.934427
220340 110.1700 1.129708 8.929298
220350 110.1750 1.128351 8.922833
220360 110.1800 1.126964 8.915782
220370 110.1850 1.125369 8.907158
220380 110.1900 1.123504 8.896445
220390 110.1950 1.121644 8.885155
220400 110.2000 1.119542 8.871779
220410 110.2050 1.117215 8.876318
220420 110.2100 1.114802 8.859682
220430 110.2150 1.112244 8.841563
220440 110.2200 1.109562 8.822229
220450 110.2250 1.106828 8.802386
220460 110.2300 1.103828 8.780691
220470 110.2350 1.100761 8.758831
220480 110.2400 1.097347 8.735184
220490 110.2450 1.093716 8.711115
220500 110.2500 1.089764 8.686515
220510 110.2550 1.085665 8.684037
220520 110.2600 1.081588 8.662762
220530 110.2650 1.077608 8.644193
220540 110.2700 1.073577 8.627689
220550 110.2750 1.069592 8.613671
220560 110.2800 1.065581 8.601851
220570 110.2850 1.061481 8.592102
220580 110.2900 1.057354 8.584607
220590 110.2950 1.053200 8.579346
220600 110.3000 1.049165 8.576367
220610 110.3050 1.045216 8.597113
220620 110.3100 1.041333 8.597918
220630 110.3150 1.037431 8.600506
220640 110.3200 1.033570 8.604852
220650 110.3250 1.029808 8.610848
220660 110.3300 1.026328 8.618002
220670 110.3350 1.023063 8.626182
220680 110.3400 1.019980 8.635271
220690 110.3450 1.017278 8.644373
220700 110.3500 1.014816 8.653627
220710 110.3550 1.012339 8.685142
220720 110.3600 1.010039 8.695498
220730 110.3650 1.008011 8.705327
220740 110.3700 1.006112 8.715133
220750 110.3750 1.004641 8.723143
220760 110.3800 1.003449 8.729903
220770 110.3850 1.002520 8.735341
220780 110.3900 1.001925 8.738898
220790 110.3950 1.001539 8.741241
220800 110.4000 1.001455 8.741757
220810 110.4050 1.001756 8.760677
220820 110.4100 1.002295 8.757425
220830 110.4150 1.003229 8.751914
220840 110.4200 1.004364 8.745410
220850 110.4250 1.005695 8.738041
220860 110.4300 1.007142 8.730354
220870 110.4350 1.009069 8.720629
220880 110.4400 1.011061 8.711165
220890 110.4450 1.012945 8.702758
220900 110.4500 1.015046 8.693989
220910 110.4550 1.017439 8.705762
220920 110.4600 1.020071 8.696418
220930 110.4650 1.022884 8.687370
220940 110.4700 1.026003 8.678421
220950 110.4750 1.029165 8.670466
220960 110.4800 1.032563 8.663131
220970 110.4850 1.036113 8.656774
220980 110.4900 1.039811 8.651548
220990 110.4950 1.043626 8.647646
221000 110.5000 1.047511 8.645249
221010 110.5050 1.051353 8.665745
221020 110.5100 1.055396 8.666548
221030 110.5150 1.059490 8.669205
221040 110.5200 1.063551 8.673793
221050 110.5250 1.067793 8.680791
221060 110.5300 1.072143 8.690436
221070 110.5350 1.076574 8.702939
221080 110.5400 1.081094 8.718533
221090 110.5450 1.085906 8.738258
221100 110.5500 1.090947 8.762199
221110 110.5550 1.095831 8.808783
221120 110.5600 1.100542 8.835784
221130 110.5650 1.105042 8.862785
221140 110.5700 1.109248 8.888461
221150 110.5750 1.113368 8.913355
221160 110.5800 1.117598 8.937892
221170 110.5850 1.121619 8.959500
221180 110.5900 1.125491 8.978002
221190 110.5950 1.129082 8.992528
221200 110.6000 1.132531 9.003560
221210 110.6050 1.135944 9.030431
221220 110.6100 1.139045 9.034036
221230 110.6150 1.141962 9.034291
221240 110.6200 1.144901 9.031233
221250 110.6250 1.147766 9.024851
221260 110.6300 1.150653 9.014860
221270 110.6350 1.153357 9.002135
221280 110.6400 1.155821 8.987631
221290 110.6450 1.157983 8.972580
221300 110.6500 1.159885 8.957527
221310 110.6550 1.161766 8.960492
221320 110.6600 1.163659 8.942111
221330 110.6650 1.165615 8.921332
221340 110.6700 1.167353 8.901360
221350 110.6750 1.168703 8.884865
221360 110.6800 1.169829 8.870473
221370 110.6850 1.170786 8.857797
221380 110.6900 1.171537 8.847551
221390 110.6950 1.172087 8.839884
221400 110.7000 1.172441 8.834881
221410 110.7050 1.172733 8.850929
221420 110.7100 1.172864 8.849048
221430 110.7150 1.172830 8.849540
221440 110.7200 1.172818 8.849707
221450 110.7250 1.172680 8.851693
221460 110.7300 1.172184 8.858731
221470 110.7350 1.171453 8.868922
221480 110.7400 1.170603 8.880453
221490 110.7450 1.169552 8.894251
221500 110.7500 1.168296 8.910078
221510 110.7550 1.166841 8.947264
221520 110.7600 1.165401 8.963479
221530 110.7650 1.164064 8.977624
221540 110.7700 1.162726 8.990896
221550 110.7750 1.161455 9.002698
221560 110.7800 1.160179 9.013738
221570 110.7850 1.158770 9.025002
221580 110.7900 1.157361 9.035291
221590 110.7950 1.155993 9.044346
221600 110.8000 1.154391 9.053792
221610 110.8050 1.152546 9.082146
221620 110.8100 1.150731 9.089726
221630 110.8150 1.148820 9.096024
221640 110.8200 1.146797 9.100849
221650 110.8250 1.144489 9.104118
221660 110.8300 1.142112 9.105090
221670 110.8350 1.139563 9.103568
221680 110.8400 1.136808 9.099123
221690 110.8450 1.133912 9.091555
221700 110.8500 1.130923 9.080928
221710 110.8550 1.127752 9.085717
221720 110.8600 1.124713 9.069841
221730 110.8650 1.121645 9.051823
221740 110.8700 1.118392 9.030956
221750 110.8750 1.114833 9.006555
221760 110.8800 1.111150 8.980152
221770 110.8850 1.107605 8.954164
221780 110.8900 1.104138 8.928674
221790 110.8950 1.100581 8.902873
221800 110.9000 1.096981 8.877508
221810 110.9050 1.093393 8.873241
221820 110.9100 1.089825 8.850374
221830 110.9150 1.086449 8.830078
221840 110.9200 1.083298 8.812436
221850 110.9250 1.080183 8.796310
221860 110.9300 1.076969 8.781087
221870 110.9350 1.073850 8.767727
221880 110.9400 1.070940 8.756514
221890 110.9450 1.068035 8.746514
221900 110.9500 1.065194 8.737877
221910 110.9550 1.062405 8.751209
221920 110.9600 1.059548 8.744588
221930 110.9650 1.056713 8.738994
221940 110.9700 1.054049 8.734594
221950 110.9750 1.051679 8.731358
221960 110.9800 1.049502 8.728935
221970 110.9850 1.047515 8.727176
221980 110.9900 1.045432 8.725788
221990 110.9950 1.043483 8.724906
222000 111.0000 1.041613 8.724440
222010 111.0050 1.039819 8.745177
222020 111.0100 1.038258 8.745333
222030 111.0150 1.036763 8.745707
222040 111.0200 1.035545 8.746175
222050 111.0250 1.034368 8.746767
222060 111.0300 1.033308 8.747420
222070 111.0350 1.032423 8.748053
222080 111.0400 1.031851 8.748505
222090 111.0450 1.031572 8.748737
222100 111.0500 1.031348 8.748930
222110 111.0550 1.031278 8.769700
222120 111.0600 1.031479 8.769526
222130 111.0650 1.032034 8.769064
222140 111.0700 1.032787 8.768484
222150 111.0750 1.033666 8.767874
222160 111.0800 1.034689 8.767255
222170 111.0850 1.035897 8.766648
222180 111.0900 1.037242 8.766129
222190 111.0950 1.038680 8.765755
222200 111.1000 1.040113 8.765568
222210 111.1050 1.041435 8.786164
222220 111.1100 1.042783 8.786293
222230 111.1150 1.043973 8.786530
222240 111.1200 1.045315 8.786936
222250 111.1250 1.046589 8.787460
222260 111.1300 1.048012 8.788206
222270 111.1350 1.049603 8.789243
222280 111.1400 1.051165 8.790474
222290 111.1450 1.052715 8.791909
222300 111.1500 1.054441 8.793765
222310 111.1550 1.056321 8.816540
222320 111.1600 1.058439 8.819532
222330 111.1650 1.060671 8.823135
222340 111.1700 1.062951 8.827312
222350 111.1750 1.065221 8.831995
222360 111.1800 1.067623 8.837543
222370 111.1850 1.070233 8.844293
222380 111.1900 1.072919 8.852053
222390 111.1950 1.075680 8.860921
222400 111.2000 1.078308 8.870221
222410 111.2050 1.081018 8.900682
222420 111.2100 1.083866 8.912565
222430 111.2150 1.086771 8.925618
222440 111.2200 1.089670 8.939545
222450 111.2250 1.092746 8.955240
222460 111.2300 1.095758 8.971433
222470 111.2350 1.098918 8.989151
222480 111.2400 1.102238 9.008388
222490 111.2450 1.105638 9.028479
222500 111.2500 1.109154 9.049344
222510 111.2550 1.112736 9.089273
222520 111.2600 1.116375 9.109588
222530 111.2650 1.120033 9.128547
222540 111.2700 1.123599 9.145080
222550 111.2750 1.127382 9.159889
222560 111.2800 1.131107 9.171105
222570 111.2850 1.134764 9.178260
222580 111.2900 1.138368 9.181027
222590 111.2950 1.141952 9.179064
222600 111.3000 1.145569 9.171872
222610 111.3050 1.148932 9.178507
222620 111.3100 1.152393 9.160974
222630 111.3150 1.155845 9.137792
222640 111.3200 1.159224 9.109488
222650 111.3250 1.162423 9.077505
222660 111.3300 1.165487 9.042174
222670 111.3350 1.168335 9.005258
222680 111.3400 1.170818 8.969939
222690 111.3450 1.173229 8.932929
222700 111.3500 1.175696 8.892389
222710 111.3550 1.178150 8.869330
222720 111.3600 1.180508 8.825704
222730 111.3650 1.182976 8.777689
222740 111.3700 1.185493 8.726388
222750 111.3750 1.188065 8.671686
222760 111.3800 1.190776 8.611754
222770 111.3850 1.193501 8.549340
222780 111.3900 1.195926 8.492154
222790 111.3950 1.198252 8.435978
222800 111.4000 1.200432 8.382272
222810 111.4050 1.202629 8.350129
222820 111.4100 1.204641 8.298934
222830 111.4150 1.206583 8.248848
222840 111.4200 1.208432 8.200659
222850 111.4250 1.210093 8.156975
222860 111.4300 1.211711 8.114082
222870 111.4350 1.213222 8.073744
222880 111.4400 1.214663 8.035077
222890 111.4450 1.215934 8.000778
222900 111.4500 1.217086 7.969555
222910 111.4550 1.218149 7.966368
222920 111.4600 1.218987 7.943499
222930 111.4650 1.219544 7.928266
222940 111.4700 1.219994 7.915932
222950 111.4750 1.220369 7.905632
222960 111.4800 1.220531 7.901179
222970 111.4850 1.220421 7.904184
222980 111.4900 1.220117 7.912552
222990 111.4950 1.219639 7.925667
223000 111.5000 1.218984 7.943577
223010 111.5050 1.218249 7.989596
223020 111.5100 1.217450 8.011348
223030 111.5150 1.216735 8.030738
223040 111.5200 1.215981 8.051131
223050 111.5250 1.215155 8.073399
223060 111.5300 1.214214 8.098683
223070 111.5350 1.213246 8.124560
223080 111.5400 1.212217 8.151947
223090 111.5450 1.211049 8.182840
223100 111.5500 1.209629 8.220170
223110 111.5550 1.207849 8.290538
223120 111.5600 1.205877 8.341238
223130 111.5650 1.203849 8.392652
223140 111.5700 1.201614 8.448363
223150 111.5750 1.199165 8.508161
223160 111.5800 1.196689 8.567136
223170 111.5850 1.194119 8.626630
223180 111.5900 1.191415 8.687186
223190 111.5950 1.188405 8.751896
223200 111.6000 1.185412 8.813131
223210 111.6050 1.182351 8.892614
223220 111.6100 1.179114 8.951005
223230 111.6150 1.175637 9.008657
223240 111.6200 1.172004 9.062966
223250 111.6250 1.168674 9.107211
223260 111.6300 1.165374 9.145665
223270 111.6350 1.162071 9.178678
223280 111.6400 1.159037 9.204163
223290 111.6450 1.155946 9.225376
223300 111.6500 1.152674 9.242694
223310 111.6550 1.149100 9.273743
223320 111.6600 1.145203 9.281156
223330 111.6650 1.141147 9.281855
223340 111.6700 1.137031 9.275885
223350 111.6750 1.132912 9.263924
223360 111.6800 1.128707 9.246406
223370 111.6850 1.124365 9.223675
223380 111.6900 1.120056 9.197475
223390 111.6950 1.115625 9.167832
223400 111.7000 1.111125 9.135992
223410 111.7050 1.106433 9.120546
223420 111.7100 1.101831 9.087233
223430 111.7150 1.097177 9.054454
223440 111.7200 1.092231 9.021379
223450 111.7250 1.087225 8.990358
223460 111.7300 1.082199 8.962112
223470 111.7350 1.076914 8.935773
223480 111.7400 1.071458 8.912248
223490 111.7450 1.065796 8.891639
223500 111.7500 1.060050 8.874425
223510 111.7550 1.054205 8.880261
223520 111.7600 1.048457 8.869209
223530 111.7650 1.042864 8.861007
223540 111.7700 1.037540 8.855488
223550 111.7750 1.032326 8.852323
223560 111.7800 1.027218 8.851553
223570 111.7850 1.022230 8.853285
223580 111.7900 1.017228 8.857815
223590 111.7950 1.012196 8.865570
223600 111.8000 1.007547 8.875939
223610 111.8050 1.003278 8.908367
223620 111.8100 0.999272 8.922737
223630 111.8150 0.995497 8.938837
223640 111.8200 0.991964 8.956264
223650 111.8250 0.988704 8.974460
223660 111.8300 0.985805 8.992378
223670 111.8350 0.983400 9.008517
223680 111.8400 0.981315 9.023442
223690 111.8450 0.979654 9.035949
223700 111.8500 0.978293 9.046618
223710 111.8550 0.977198 9.074512
223720 111.8600 0.976296 9.081968
223730 111.8650 0.975476 9.088885
223740 111.8700 0.974982 9.093108
223750 111.8750 0.975031 9.092684
223760 111.8800 0.975570 9.088079
223770 111.8850 0.976481 9.080427
223780 111.8900 0.977455 9.072419
223790 111.8950 0.978788 9.061749
223800 111.9000 0.980426 9.049102
223810 111.9050 0.982515 9.052758
223820 111.9100 0.984894 9.036209
223830 111.9150 0.987648 9.018363
223840 111.9200 0.990605 9.000737
223850 111.9250 0.993687 8.984030
223860 111.9300 0.997057 8.967649
223870 111.9350 1.000766 8.951814
223880 111.9400 1.004630 8.937641
223890 111.9450 1.008711 8.925079
223900 111.9500 1.012899 8.914570
223910 111.9550 1.017419 8.925390
223920 111.9600 1.022268 8.918190
223930 111.9650 1.027242 8.913105
223940 111.9700 1.032326 8.910074
223950 111.9750 1.037469 8.909056
223960 111.9800 1.042810 8.910091
223970 111.9850 1.048063 8.913210
223980 111.9900 1.053406 8.918653
223990 111.9950 1.058815 8.926735
224000 112.0000 1.064190 8.937634
224010 112.0050 1.069762 8.971831
224020 112.0100 1.075327 8.989885
224030 112.0150 1.080823 9.011401
224040 112.0200 1.086356 9.036827
224050 112.0250 1.091940 9.066156
224060 112.0300 1.097352 9.097652
224070 112.0350 1.102587 9.130285
224080 112.0400 1.107743 9.163580
224090 112.0450 1.112763 9.195982
224100 112.0500 1.117957 9.228104
224110 112.0550 1.123091 9.274924
224120 112.0600 1.128381 9.299462
224130 112.0650 1.133568 9.316776
224140 112.0700 1.138768 9.325696
224150 112.0750 1.143900 9.324665
224160 112.0800 1.148753 9.313501
224170 112.0850 1.153491 9.292172
224180 112.0900 1.158185 9.260293
224190 112.0950 1.162767 9.218543
224200 112.1000 1.167007 9.170500
224210 112.1050 1.171183 9.132818
224220 112.1100 1.175477 9.066272
224230 112.1150 1.179837 8.990002
224240 112.1200 1.184206 8.905377
224250 112.1250 1.188490 8.815162
224260 112.1300 1.192686 8.720574
224270 112.1350 1.196738 8.624081
224280 112.1400 1.200647 8.526852
224290 112.1450 1.204430 8.429423
224300 112.1500 1.208164 8.330533
224310 112.1550 1.211860 8.253561
224320 112.1600 1.215356 8.156858
224330 112.1650 1.218545 8.067209
224340 112.1700 1.221597 7.980267
224350 112.1750 1.224615 7.893262
224360 112.1800 1.227518 7.808624
224370 112.1850 1.230339 7.725495
224380 112.1900 1.232822 7.651564
224390 112.1950 1.235165 7.581101
224400 112.2000 1.237354 7.514622
224410 112.2050 1.239422 7.480455
224420 112.2100 1.241378 7.419806
224430 112.2150 1.243047 7.367533
224440 112.2200 1.244671 7.316175
224450 112.2250 1.246191 7.267653
224460 112.2300 1.247430 7.227736
224470 112.2350 1.248607 7.189505
224480 112.2400 1.249683 7.154293
224490 112.2450 1.250522 7.126654
224500 112.2500 1.251201 7.104163
224510 112.2550 1.251678 7.121090
224520 112.2600 1.251930 7.112687
224530 112.2650 1.251886 7.114158
224540 112.2700 1.251677 7.121108
224550 112.2750 1.251252 7.135273
224560 112.2800 1.250651 7.155175
224570 112.2850 1.249756 7.184678
224580 112.2900 1.248538 7.224505
224590 112.2950 1.247190 7.268186
224600 112.3000 1.245567 7.320218
224610 112.3050 1.243613 7.412976
224620 112.3100 1.241432 7.481067
224630 112.3150 1.239043 7.554583
224640 112.3200 1.236413 7.634297
224650 112.3250 1.233656 7.716559
224660 112.3300 1.230805 7.800391
224670 112.3350 1.227827 7.886667
224680 112.3400 1.224932 7.969346
224690 112.3450 1.222095 8.049245
224700 112.3500 1.219069 8.133229
224710 112.3550 1.215941 8.243219
224720 112.3600 1.212628 8.331944
224730 112.3650 1.209101 8.424330
224740 112.3700 1.205353 8.519875
224750 112.3750 1.201302 8.619713
224760 112.3800 1.197232 8.715970
224770 112.3850 1.193086 8.809251
224780 112.3900 1.188884 8.898251
224790 112.3950 1.184610 8.982361
224800 112.4000 1.180212 9.061479
224810 112.4050 1.175897 9.150049
224820 112.4100 1.171453 9.212744
224830 112.4150 1.167023 9.265759
224840 112.4200 1.162613 9.308863
224850 112.4250 1.158229 9.342062
224860 112.4300 1.153826 9.365846
224870 112.4350 1.149477 9.380227
224880 112.4400 1.145206 9.386002
224890 112.4450 1.140876 9.384042
224900 112.4500 1.136660 9.375304
224910 112.4550 1.132376 9.377697
224920 112.4600 1.128103 9.357467
224930 112.4650 1.123961 9.333764
224940 112.4700 1.119999 9.308167
224950 112.4750 1.116149 9.281309
224960 112.4800 1.112313 9.253296
224970 112.4850 1.108372 9.223891
224980 112.4900 1.104304 9.193538
224990 112.4950 1.100318 9.164381
225000 112.5000 1.096372 9.136558
225010 112.5050 1.092493 9.129127
225020 112.5100 1.088524 9.104102
225030 112.5150 1.084706 9.081751
225040 112.5200 1.080960 9.061571
225050 112.5250 1.077112 9.042705
225060 112.5300 1.073483 9.026642
225070 112.5350 1.070060 9.013003
225080 112.5400 1.066948 9.001823
225090 112.5450 1.064074 8.992492
225100 112.5500 1.061206 8.984085
225110 112.5550 1.058232 8.995629
225120 112.5600 1.055078 8.988183
225130 112.5650 1.051996 8.981726
225140 112.5700 1.049081 8.976326
225150 112.5750 1.046373 8.971897
225160 112.5800 1.043891 8.968320
225170 112.5850 1.041482 8.965283
225180 112.5900 1.039109 8.962707
225190 112.5950 1.036854 8.960643
225200 112.6000 1.034734 8.959051
225210 112.6050 1.032778 8.977402
225220 112.6100 1.030985 8.976563
225230 112.6150 1.029377 8.976012
225240 112.6200 1.028012 8.975701
225250 112.6250 1.026818 8.975549
225260 112.6300 1.025770 8.975513
225270 112.6350 1.025109 8.975537
225280 112.6400 1.024848 8.975557
225290 112.6450 1.024776 8.975563
225300 112.6500 1.025081 8.975539
225310 112.6550 1.025965 8.994947
225320 112.6600 1.027132 8.995000
225330 112.6650 1.028455 8.995180
225340 112.6700 1.029937 8.995528
225350 112.6750 1.031631 8.996110
225360 112.6800 1.033313 8.996873
225370 112.6850 1.034960 8.997794
225380 112.6900 1.036721 8.998964
225390 112.6950 1.038543 9.000370
225400 112.7000 1.040479 9.002081
225410 112.7050 1.042344 9.023218
225420 112.7100 1.044465 9.025532
225430 112.7150 1.046771 9.028318
225440 112.7200 1.049076 9.031393
225450 112.7250 1.051294 9.034640
225460 112.7300 1.053559 9.038267
225470 112.7350 1.055918 9.042400
225480 112.7400 1.058218 9.046805
225490 112.7450 1.060425 9.051408
225500 112.7500 1.062268 9.055551
225510 112.7550 1.064021 9.078758
225520 112.7600 1.065669 9.082938
225530 112.7650 1.067362 9.087475
225540 112.7700 1.069126 9.092481
225550 112.7750 1.070931 9.097909
225560 112.7800 1.072707 9.103569
225570 112.7850 1.074142 9.108376
225580 112.7900 1.075351 9.112597
225590 112.7950 1.076316 9.116078
225600 112.8000 1.077117 9.119047
225610 112.8050 1.077997 9.141061
225620 112.8100 1.078668 9.143661
225630 112.8150 1.079280 9.146073
225640 112.8200 1.079824 9.148251
225650 112.8250 1.080473 9.150890
225660 112.8300 1.081138 9.153640
225670 112.8350 1.082004 9.157291
225680 112.8400 1.082811 9.160769
225690 112.8450 1.083638 9.164405
225700 112.8500 1.084445 9.168018
225710 112.8550 1.085281 9.190260
225720 112.8600 1.086000 9.193598
225730 112.8650 1.086589 9.196371
225740 112.8700 1.087110 9.198850
225750 112.8750 1.087522 9.200830
225760 112.8800 1.087682 9.201602
225770 112.8850 1.087839 9.202364
225780 112.8900 1.088027 9.203280
225790 112.8950 1.088173 9.203995
225800 112.9000 1.088074 9.203508
225810 112.9050 1.087756 9.220202
225820 112.9100 1.087150 9.217279
225830 112.9150 1.086417 9.213784
225840 112.9200 1.085524 9.209593
225850 112.9250 1.084458 9.204689
225860 112.9300 1.083237 9.199201
225870 112.9350 1.081741 9.192659
225880 112.9400 1.080094 9.185700
225890 112.9450 1.078490 9.179162
225900 112.9500 1.076954 9.173117
225910 112.9550 1.075352 9.185420
225920 112.9600 1.073621 9.179072
225930 112.9650 1.071807 9.172665
225940 112.9700 1.069960 9.166390
225950 112.9750 1.068035 9.160108
225960 112.9800 1.065925 9.153503
225970 112.9850 1.063892 9.147400
225980 112.9900 1.061877 9.141591
225990 112.9950 1.059835 9.135930
226000 113.0000 1.057663 9.130135
226010 113.0050 1.055302 9.142683
226020 113.0100 1.052852 9.136595
226030 113.0150 1.050116 9.130028
226040 113.0200 1.047459 9.123870
226050 113.0250 1.045067 9.118503
226060 113.0300 1.042786 9.113545
226070 113.0350 1.040613 9.108967
226080 113.0400 1.038624 9.104911
226090 113.0450 1.036547 9.100825
226100 113.0500 1.034368 9.096716
226110 113.0550 1.032091 9.111411
226120 113.0600 1.029730 9.107386
226130 113.0650 1.027545 9.103896
226140 113.0700 1.025567 9.100957
226150 113.0750 1.023742 9.098456
226160 113.0800 1.022083 9.096375
226170 113.0850 1.020417 9.094489
226180 113.0900 1.018686 9.092767
226190 113.0950 1.017080 9.091402
226200 113.1000 1.015596 9.090357
226210 113.1050 1.014209 9.108396
226220 113.1100 1.012787 9.107790
226230 113.1150 1.011468 9.107418
226240 113.1200 1.010181 9.107241
226250 113.1250 1.008853 9.107262
226260 113.1300 1.007604 9.107479
226270 113.1350 1.006585 9.107804
226280 113.1400 1.005705 9.108196
226290 113.1450 1.004712 9.108765
226300 113.1500 1.003686 9.109499
226310 113.1550 1.002892 9.128894
226320 113.1600 1.002002 9.129751
226330 113.1650 1.001164 9.130664
226340 113.1700 1.000486 9.131478
226350 113.1750 1.000173 9.131877
226360 113.1800 0.999911 9.132223
226370 113.1850 0.999673 9.132546
226380 113.1900 0.999459 9.132845
226390 113.1950 0.999381 9.132955
226400 113.2000 0.999468 9.132832
226410 113.2050 0.999658 9.151169
226420 113.2100 0.999708 9.151100
226430 113.2150 0.999763 9.151024
226440 113.2200 0.999829 9.150934
226450 113.2250 0.999995 9.150712
226460 113.2300 1.000287 9.150329
226470 113.2350 1.000728 9.149775
226480 113.2400 1.001058 9.149379
226490 113.2450 1.001474 9.148900
226500 113.2500 1.001956 9.148377
226510 113.2550 1.002664 9.166185
226520 113.2600 1.003531 9.165399
226530 113.2650 1.004614 9.164547
226540 113.2700 1.005653 9.163862
226550 113.2750 1.006841 9.163229
226560 113.2800 1.008125 9.162720
226570 113.2850 1.009622 9.162343
226580 113.2900 1.011127 9.162185
226590 113.2950 1.012704 9.162242
226600 113.3000 1.014529 9.162570
226610 113.3050 1.016547 9.181666
226620 113.3100 1.018657 9.182614
226630 113.3150 1.020803 9.183825
226640 113.3200 1.022935 9.185239
226650 113.3250 1.025021 9.186796
226660 113.3300 1.027322 9.188678
226670 113.3350 1.029529 9.190616
226680 113.3400 1.031689 9.192615
226690 113.3450 1.033841 9.194685
226700 113.3500 1.036031 9.196859
226710 113.3550 1.038548 9.217670
226720 113.3600 1.040970 9.220129
226730 113.3650 1.043417 9.222623
226740 113.3700 1.045958 9.225231
226750 113.3750 1.048608 9.227983
226760 113.3800 1.051361 9.230903
226770 113.3850 1.054207 9.234027
226780 113.3900 1.056892 9.237119
226790 113.3950 1.059545 9.240360
226800 113.4000 1.062196 9.243840
226810 113.4050 1.064770 9.265512
226820 113.4100 1.067128 9.269096
226830 113.4150 1.069114 9.272332
226840 113.4200 1.070925 9.275480
226850 113.4250 1.072793 9.278943
226860 113.4300 1.074665 9.282651
226870 113.4350 1.076397 9.286314
226880 113.4400 1.077938 9.289765
226890 113.4450 1.079586 9.293672
226900 113.4500 1.081089 9.297435
226910 113.4550 1.082410 9.318659
226920 113.4600 1.083540 9.321735
226930 113.4650 1.084437 9.324249
226940 113.4700 1.084957 9.325737
226950 113.4750 1.085297 9.326722
226960 113.4800 1.085202 9.326446
226970 113.4850 1.085071 9.326065
226980 113.4900 1.084697 9.324989
226990 113.4950 1.083938 9.322840
227000 113.5000 1.082800 9.319710
227010 113.5050 1.081339 9.333489
227020 113.5100 1.079439 9.328685
227030 113.5150 1.077302 9.323580
227040 113.5200 1.074988 9.318392
227050 113.5250 1.072555 9.313284
227060 113.5300 1.069738 9.307771
227070 113.5350 1.066819 9.302442
227080 113.5400 1.063695 9.297094
227090 113.5450 1.060545 9.291982
227100 113.5500 1.057590 9.287362
227110 113.5550 1.054766 9.300833
227120 113.5600 1.051890 9.296392
227130 113.5650 1.048853 9.291639
227140 113.5700 1.045806 9.286769
227150 113.5750 1.042659 9.281609
227160 113.5800 1.039422 9.276161
227170 113.5850 1.036231 9.270672
227180 113.5900 1.033038 9.265103
227190 113.5950 1.029790 9.259423
227200 113.6000 1.026630 9.253966
227210 113.6050 1.023377 9.266472
227220 113.6100 1.020283 9.261474
227230 113.6150 1.017402 9.257113
227240 113.6200 1.014490 9.253107
227250 113.6250 1.011697 9.249752
227260 113.6300 1.009194 9.247239
227270 113.6350 1.006798 9.245349
227280 113.6400 1.004551 9.244096
227290 113.6450 1.002587 9.243460
227300 113.6500 1.000817 9.243286
227310 113.6550 0.999075 9.261537
227320 113.6600 0.997490 9.262078
227330 113.6650 0.996009 9.262896
227340 113.6700 0.994682 9.263899
227350 113.6750 0.993279 9.265249
227360 113.6800 0.992051 9.266683
227370 113.6850 0.990960 9.268162
227380 113.6900 0.990136 9.269408
227390 113.6950 0.989477 9.270489
227400 113.7000 0.989000 9.271316
227410 113.7050 0.988848 9.289483
227420 113.7100 0.988730 9.289698
227430 113.7150 0.988835 9.289508
227440 113.7200 0.989073 9.289082
227450 113.7250 0.989466 9.288402
227460 113.7300 0.990069 9.287407
227470 113.7350 0.990622 9.286545
227480 113.7400 0.991221 9.285668
227490 113.7450 0.992257 9.284284
227500 113.7500 0.993683 9.282646
227510 113.7550 0.995108 9.299143
227520 113.7600 0.996705 9.297963
227530 113.7650 0.998242 9.297136
227540 113.7700 0.999814 9.296586
227550 113.7750 1.001507 9.296307
227560 113.7800 1.003292 9.296342
227570 113.7850 1.005226 9.296729
227580 113.7900 1.007205 9.297466
227590 113.7950 1.009219 9.298533
227600 113.8000 1.011265 9.299903
227610 113.8050 1.013351 9.319295
227620 113.8100 1.015398 9.321084
227630 113.8150 1.017507 9.323075
227640 113.8200 1.019507 9.325066
227650 113.8250 1.021614 9.327236
227660 113.8300 1.023804 9.329535
227670 113.8350 1.026034 9.331884
227680 113.8400 1.028196 9.334137
227690 113.8450 1.030255 9.336237
227700 113.8500 1.032316 9.338273
227710 113.8550 1.034185 9.357601
227720 113.8600 1.036042 9.359255
227730 113.8650 1.037760 9.360691
227740 113.8700 1.039437 9.362002
227750 113.8750 1.040998 9.363142
227760 113.8800 1.042507 9.364170
227770 113.8850 1.044033 9.365137
227780 113.8900 1.045349 9.365915
227790 113.8950 1.046662 9.366643
227800 113.9000 1.048051 9.367362
227810 113.9050 1.049482 9.385470
227820 113.9100 1.050698 9.386007
227830 113.9150 1.051699 9.386421
227840 113.9200 1.052563 9.386759
227850 113.9250 1.053387 9.387067
227860 113.9300 1.054196 9.387357
227870 113.9350 1.055025 9.387643
227880 113.9400 1.055730 9.387879
227890 113.9450 1.056482 9.388125
227900 113.9500 1.057436 9.388429
227910 113.9550 1.058537 9.406088
227920 113.9600 1.059528 9.406385
227930 113.9650 1.060675 9.406722
227940 113.9700 1.062014 9.407113
227950 113.9750 1.063277 9.407489
227960 113.9800 1.064240 9.407785
227970 113.9850 1.065309 9.408127
227980 113.9900 1.066336 9.408473
227990 113.9950 1.067352 9.408838
228000 114.0000 1.068304 9.409203
228010 114.0050 1.069062 9.426729
228020 114.0100 1.069535 9.426928
228030 114.0150 1.070046 9.427150
228040 114.0200 1.070448 9.427330
228050 114.0250 1.070725 9.427456
228060 114.0300 1.070649 9.427421
228070 114.0350 1.070434 9.427323
228080 114.0400 1.070088 9.427168
228090 114.0450 1.069398 9.426870
228100 114.0500 1.068282 9.426413
228110 114.0550 1.066948 9.443032
228120 114.0600 1.065688 9.442560
228130 114.0650 1.064203 9.442013
228140 114.0700 1.062582 9.441412
228150 114.0750 1.060669 9.440677
228160 114.0800 1.058499 9.439778
228170 114.0850 1.056082 9.438653
228180 114.0900 1.053564 9.437294
228190 114.0950 1.050876 9.435585
228200 114.1000 1.048278 9.433637
228210 114.1050 1.045543 9.448313
228220 114.1100 1.042635 9.445258
228230 114.1150 1.039635 9.441581
228240 114.1200 1.036425 9.437062
228250 114.1250 1.032993 9.431601
228260 114.1300 1.029633 9.425694
228270 114.1350 1.026313 9.419411
228280 114.1400 1.022818 9.412452
228290 114.1450 1.019099 9.404851
228300 114.1500 1.015572 9.397666
228310 114.1550 1.012152 9.408172
228320 114.1600 1.008775 9.401855
228330 114.1650 1.005282 9.395939
228340 114.1700 1.001837 9.390960
228350 114.1750 0.998354 9.387034
228360 114.1800 0.994900 9.384477
228370 114.1850 0.991639 9.383485
228380 114.1900 0.988469 9.384015
228390 114.1950 0.985481 9.385998
228400 114.2000 0.982701 9.389231
228410 114.2050 0.980153 9.410733
228420 114.2100 0.977900 9.415426
228430 114.2150 0.975662 9.421044
228440 114.2200 0.973396 9.427722
228450 114.2250 0.971194 9.435179
228460 114.2300 0.969091 9.443199
228470 114.2350 0.967213 9.451107
228480 114.2400 0.965470 9.459073
228490 114.2450 0.964045 9.466029
228500 114.2500 0.963030 9.471229
228510 114.2550 0.962331 9.491842
228520 114.2600 0.961899 9.494172
228530 114.2650 0.961929 9.494010
228540 114.2700 0.962415 9.491394
228550 114.2750 0.963319 9.486648
228560 114.2800 0.964573 9.480320
228570 114.2850 0.966229 9.472418
228580 114.2900 0.968121 9.464033
228590 114.2950 0.970438 9.454701
228600 114.3000 0.973065 9.445366
228610 114.3050 0.976209 9.452940
228620 114.3100 0.979798 9.444298
228630 114.3150 0.983523 9.437679
228640 114.3200 0.987580 9.433024
228650 114.3250 0.991777 9.430765
228660 114.3300 0.996153 9.430846
228670 114.3350 1.000569 9.433051
228680 114.3400 1.005056 9.437029
228690 114.3450 1.009640 9.442405
228700 114.3500 1.014421 9.448879
228710 114.3550 1.019339 9.472837
228720 114.3600 1.024400 9.479595
228730 114.3650 1.029451 9.485469
228740 114.3700 1.034343 9.489973
228750 114.3750 1.039208 9.493073
228760 114.3800 1.044028 9.494709
228770 114.3850 1.048873 9.494969
228780 114.3900 1.053611 9.494055
228790 114.3950 1.058348 9.492270
228800 114.4000 1.062920 9.490065
228810 114.4050 1.067464 9.504557
228820 114.4100 1.072008 9.502404
228830 114.4150 1.076291 9.500914
228840 114.4200 1.080333 9.500280
228850 114.4250 1.084080 9.500564
228860 114.4300 1.087821 9.501825
228870 114.4350 1.091300 9.503947
228880 114.4400 1.094391 9.506618
228890 114.4450 1.097352 9.509849
228900 114.4500 1.099865 9.513071
228910 114.4550 1.102103 9.532982
228920 114.4600 1.104067 9.535969
228930 114.4650 1.105936 9.538948
228940 114.4700 1.107775 9.541970
228950 114.4750 1.109216 9.544377
228960 114.4800 1.110333 9.546252
228970 114.4850 1.111184 9.547679
228980 114.4900 1.111713 9.548562
228990 114.4950 1.111820 9.548741
229000 114.5000 1.111777 9.548669
229010 114.5050 1.111684 9.565075
229020 114.5100 1.111455 9.564691
229030 114.5150 1.110875 9.563717
229040 114.5200 1.110137 9.562473
229050 114.5250 1.109378 9.561190
229060 114.5300 1.108493 9.559691
229070 114.5350 1.107633 9.558237
229080 114.5400 1.106608 9.556516
229090 114.5450 1.105144 9.554087
229100 114.5500 1.103577 9.551549
229110 114.5550 1.101847 9.565378
229120 114.5600 1.099974 9.562555
229130 114.5650 1.098041 9.559798
229140 114.5700 1.095928 9.556992
229150 114.5750 1.093643 9.554231
229160 114.5800 1.091257 9.551670
229170 114.5850 1.088692 9.549298
229180 114.5900 1.085794 9.547092
229190 114.5950 1.082689 9.545264
229200 114.6000 1.079514 9.543917
229210 114.6050 1.076321 9.559566
229220 114.6100 1.072930 9.558891
229230 114.6150 1.069376 9.558391
229240 114.6200 1.065806 9.557936
229250 114.6250 1.062099 9.557330
229260 114.6300 1.058518 9.556442
229270 114.6350 1.054990 9.555126
229280 114.6400 1.051389 9.553196
229290 114.6450 1.047791 9.550569
229300 114.6500 1.044212 9.547189
229310 114.6550 1.040866 9.559831
229320 114.6600 1.037556 9.555182
229330 114.6650 1.034220 9.549753
229340 114.6700 1.030824 9.543520
229350 114.6750 1.027362 9.536528
229360 114.6800 1.023974 9.529183
229370 114.6850 1.020602 9.521525
229380 114.6900 1.017385 9.514047
229390 114.6950 1.014509 9.507353
229400 114.7000 1.011703 9.500937
229410 114.7050 1.008757 9.511204
229420 114.7100 1.005626 9.504656
229430 114.7150 1.002297 9.498313
229440 114.7200 0.998880 9.492679
229450 114.7250 0.995474 9.488170
229460 114.7300 0.992257 9.485118
229470 114.7350 0.989066 9.483418
229480 114.7400 0.985866 9.483196
229490 114.7450 0.983037 9.484346
229500 114.7500 0.980360 9.486678
229510 114.7550 0.977708 9.507067
229520 114.7600 0.975325 9.511309
229530 114.7650 0.973260 9.515823
229540 114.7700 0.971356 9.520686
229550 114.7750 0.969524 9.526005
229560 114.7800 0.967915 9.531199
229570 114.7850 0.966520 9.536096
229580 114.7900 0.965190 9.541107
229590 114.7950 0.964022 9.545779
229600 114.8000 0.963123 9.549550
229610 114.8050 0.962508 9.568768
229620 114.8100 0.962011 9.570969
229630 114.8150 0.961601 9.572820
229640 114.8200 0.961111 9.575068
229650 114.8250 0.960652 9.577209
229660 114.8300 0.960304 9.578860
229670 114.8350 0.960054 9.580062
229680 114.8400 0.960045 9.580101
229690 114.8450 0.960271 9.579021
229700 114.8500 0.960535 9.577764
229710 114.8550 0.961158 9.591275
229720 114.8600 0.962280 9.586190
229730 114.8650 0.963725 9.579957
229740 114.8700 0.965472 9.572899
229750 114.8750 0.967474 9.565468
229760 114.8800 0.969707 9.558010
229770 114.8850 0.972165 9.550811
229780 114.8900 0.974819 9.544221
229790 114.8950 0.977544 9.538710
229800 114.9000 0.980449 9.534194
229810 114.9050 0.983552 9.547453
229820 114.9100 0.986755 9.545430
229830 114.9150 0.989943 9.544772
229840 114.9200 0.993329 9.545412
229850 114.9250 0.996897 9.547398
229860 114.9300 1.000877 9.550948
229870 114.9350 1.005052 9.555858
229880 114.9400 1.009286 9.561709
229890 114.9450 1.013542 9.568092
229900 114.9500 1.017670 9.574416
229910 114.9550 1.021711 9.596811
229920 114.9600 1.025714 9.602165
229930 114.9650 1.029797 9.606842
229940 114.9700 1.034088 9.610710
229950 114.9750 1.038423 9.613390
229960 114.9800 1.042740 9.614768
229970 114.9850 1.046910 9.614891
229980 114.9900 1.051085 9.613907
229990 114.9950 1.055162 9.612022
230000 115.0000 1.058967 9.609607
230010 115.0050 1.062679 9.623061
230020 115.0100 1.066271 9.620029
230030 115.0150 1.069819 9.616936
230040 115.0200 1.073433 9.613881
230050 115.0250 1.077195 9.611008
230060 115.0300 1.080842 9.608709
230070 115.0350 1.084384 9.607080
230080 115.0400 1.087831 9.606169
230090 115.0450 1.091010 9.605974
230100 115.0500 1.093803 9.606326
230110 115.0550 1.096444 9.623372
230120 115.0600 1.098958 9.624418
230130 115.0650 1.101256 9.625623
230140 115.0700 1.103293 9.626856
230150 115.0750 1.105137 9.628076
230160 115.0800 1.106684 9.629152
230170 115.0850 1.108195 9.630229
230180 115.0900 1.109513 9.631173
230190 115.0950 1.110773 9.632064
230200 115.1000 1.111765 9.632749
230210 115.1050 1.112439 9.649375
230220 115.1100 1.112863 9.649651
230230 115.1150 1.113180 9.649853
230240 115.1200 1.113113 9.649810
230250 115.1250 1.112790 9.649604
230260 115.1300 1.112098 9.649149
230270 115.1350 1.111361 9.648647
230280 115.1400 1.110264 9.647874
230290 115.1450 1.109070 9.647008
230300 115.1500 1.107687 9.645987
230310 115.1550 1.106244 9.661029
230320 115.1600 1.104393 9.659656
230330 115.1650 1.102201 9.658079
230340 115.1700 1.099543 9.656306
230350 115.1750 1.096593 9.654597
230360 115.1800 1.093499 9.653170
230370 115.1850 1.090147 9.652102
230380 115.1900 1.086690 9.651543
230390 115.1950 1.083068 9.651527
230400 115.2000 1.079288 9.652057
230410 115.2050 1.075395 9.669096
230420 115.2100 1.071723 9.670169
230430 115.2150 1.068051 9.671244
230440 115.2200 1.064252 9.672168
230450 115.2250 1.060367 9.672713
230460 115.2300 1.056411 9.672648
230470 115.2350 1.052404 9.671759
230480 115.2400 1.048397 9.669888
230490 115.2450 1.044348 9.666889
230500 115.2500 1.040322 9.662745
230510 115.2550 1.036430 9.673632
230520 115.2600 1.032845 9.667888
230530 115.2650 1.029543 9.661821
230540 115.2700 1.026493 9.655634
230550 115.2750 1.023492 9.649093
230560 115.2800 1.020790 9.642895
230570 115.2850 1.018174 9.636698
230580 115.2900 1.015680 9.630686
230590 115.2950 1.013208 9.624698
230600 115.3000 1.010614 9.618473
230610 115.3050 1.008104 9.628802
230620 115.3100 1.005556 9.622988
230630 115.3150 1.002840 9.617096
230640 115.3200 1.000100 9.611580
230650 115.3250 0.997389 9.606654
230660 115.3300 0.994894 9.602679
230670 115.3350 0.992512 9.599460
230680 115.3400 0.990519 9.597248
230690 115.3450 0.988995 9.595877
230700 115.3500 0.987740 9.594969
230710 115.3550 0.986756 9.610747
230720 115.3600 0.986040 9.610412
230730 115.3650 0.985602 9.610240
230740 115.3700 0.985389 9.610166
230750 115.3750 0.985394 9.610168
230760 115.3800 0.985526 9.610213
230770 115.3850 0.985776 9.610305
230780 115.3900 0.986162 9.610464
230790 115.3950 0.986500 9.610619
230800 115.4000 0.987074 9.610917
230810 115.4050 0.987978 9.627744
230820 115.4100 0.989012 9.628495
230830 115.4150 0.990359 9.629655
230840 115.4200 0.991956 9.631284
230850 115.4250 0.993667 9.633313
230860 115.4300 0.995493 9.635777
230870 115.4350 0.997645 9.639038
230880 115.4400 0.999830 9.642693
230890 115.4450 1.002341 9.647255
230900 115.4500 1.004915 9.652246
230910 115.4550 1.007393 9.673342
230920 115.4600 1.009837 9.678378
230930 115.4650 1.012355 9.683585
230940 115.4700 1.015018 9.689029
230950 115.4750 1.017704 9.694368
230960 115.4800 1.020292 9.699287
230970 115.4850 1.023078 9.704254
230980 115.4900 1.025862 9.708802
230990 115.4950 1.028576 9.712768
231000 115.5000 1.031356 9.716296
231010 115.5050 1.034151 9.735033
231020 115.5100 1.036898 9.737261
231030 115.5150 1.039556 9.738781
231040 115.5200 1.042348 9.739699
231050 115.5250 1.045133 9.739930
231060 115.5300 1.047937 9.739496
231070 115.5350 1.050591 9.738500
231080 115.5400 1.053190 9.737015
231090 115.5450 1.055643 9.735193
231100 115.5500 1.058001 9.733102
231110 115.5550 1.060397 9.746393
231120 115.5600 1.062666 9.743827
231130 115.5650 1.064607 9.741468
231140 115.5700 1.066302 9.739310
231150 115.5750 1.068039 9.737027
231160 115.5800 1.069749 9.734731
231170 115.5850 1.071274 9.732659
231180 115.5900 1.072729 9.730677
231190 115.5950 1.074162 9.728731
231200 115.6000 1.075867 9.726442
231210 115.6050 1.077234 9.740390
231220 115.6100 1.078254 9.739057
231230 115.6150 1.079080 9.737991
231240 115.6200 1.079923 9.736918
231250 115.6250 1.080791 9.735831
231260 115.6300 1.081608 9.734826
231270 115.6350 1.082123 9.734203
231280 115.6400 1.082358 9.733921
231290 115.6450 1.082379 9.733896
231300 115.6500 1.082037 9.734306
231310 115.6550 1.081325 9.750893
231320 115.6600 1.080493 9.751917
231330 115.6650 1.079406 9.753275
231340 115.6700 1.078034 9.755016
231350 115.6750 1.076335 9.757198
231360 115.6800 1.074373 9.759736
231370 115.6850 1.072430 9.762239
231380 115.6900 1.070466 9.764731
231390 115.6950 1.068476 9.767185
231400 115.7000 1.066180 9.769884
231410 115.7050 1.063838 9.787991
231420 115.7100 1.061379 9.790352
231430 115.7150 1.058826 9.792410
231440 115.7200 1.055959 9.794171
231450 115.7250 1.052778 9.795354
231460 115.7300 1.049573 9.795641
231470 115.7350 1.046404 9.794963
231480 115.7400 1.043361 9.793370
231490 115.7450 1.040399 9.790911
231500 115.7500 1.037401 9.787511
231510 115.7550 1.034459 9.798767
231520 115.7600 1.031549 9.793709
231530 115.7650 1.028681 9.787932
231540 115.7700 1.025704 9.781174
231550 115.7750 1.022626 9.773466
231560 115.7800 1.019534 9.765097
231570 115.7850 1.016512 9.756445
231580 115.7900 1.013335 9.746989
231590 115.7950 1.010044 9.736991
231600 115.8000 1.006700 9.726820
231610 115.8050 1.003338 9.732520
231620 115.8100 1.000318 9.723786
231630 115.8150 0.997364 9.715682
231640 115.8200 0.994545 9.708489
231650 115.8250 0.991663 9.701818
231660 115.8300 0.988834 9.696064
231670 115.8350 0.985927 9.691095
231680 115.8400 0.983091 9.687282
231690 115.8450 0.980461 9.684745
231700 115.8500 0.978071 9.683335
231710 115.8550 0.976063 9.698781
231720 115.8600 0.974303 9.698861
231730 115.8650 0.972669 9.699384
231740 115.8700 0.971212 9.700223
231750 115.8750 0.969976 9.701214
231760 115.8800 0.968870 9.702320
231770 115.8850 0.967897 9.703467
231780 115.8900 0.966994 9.704677
231790 115.8950 0.966420 9.705518
231800 115.9000 0.966158 9.705923
231810 115.9050 0.966003 9.722014
231820 115.9100 0.965911 9.722161
231830 115.9150 0.965966 9.722073
231840 115.9200 0.966232 9.721655
231850 115.9250 0.966544 9.721179
231860 115.9300 0.967054 9.720437
231870 115.9350 0.967575 9.719723
231880 115.9400 0.968390 9.718697
231890 115.9450 0.969386 9.717593
231900 115.9500 0.970449 9.716594
231910 115.9550 0.971726 9.731432
231920 115.9600 0.973246 9.730615
231930 115.9650 0.974784 9.730145
231940 115.9700 0.976404 9.730030
231950 115.9750 0.977971 9.730278
231960 115.9800 0.979767 9.730985
231970 115.9850 0.981687 9.732218
231980 115.9900 0.983858 9.734177
231990 115.9950 0.986340 9.737100
232000 116.0000 0.988984 9.740950
232010 116.0050 0.991644 9.761179
232020 116.0100 0.994301 9.766260
232030 116.0150 0.997032 9.771953
232040 116.0200 0.999808 9.778127
232050 116.0250 1.002547 9.784492
232060 116.0300 1.005221 9.790858
232070 116.0350 1.007814 9.797082
232080 116.0400 1.010347 9.803119
232090 116.0450 1.012816 9.808885
232100 116.0500 1.015371 9.814647
232110 116.0550 1.017941 9.835510
232120 116.0600 1.020559 9.840688
232130 116.0650 1.023200 9.845414
232140 116.0700 1.025839 9.849572
232150 116.0750 1.028136 9.852687
232160 116.0800 1.030497 9.855363
232170 116.0850 1.032865 9.857485
232180 116.0900 1.035263 9.859036
232190 116.0950 1.037631 9.859963
232200 116.1000 1.040020 9.860282
232210 116.1050 1.042508 9.875115
232220 116.1100 1.044980 9.874079
232230 116.1150 1.047187 9.872584
232240 116.1200 1.049385 9.870579
232250 116.1250 1.051533 9.868145
232260 116.1300 1.053577 9.865420
232270 116.1350 1.055581 9.862383
232280 116.1400 1.057523 9.859122
232290 116.1450 1.059573 9.855374
232300 116.1500 1.061426 9.851741
232310 116.1550 1.063325 9.863013
232320 116.1600 1.064927 9.859527
232330 116.1650 1.066442 9.856112
232340 116.1700 1.067807 9.852953
232350 116.1750 1.068928 9.850308
232360 116.1800 1.070242 9.847160
232370 116.1850 1.071487 9.844139
232380 116.1900 1.072837 9.840830
232390 116.1950 1.073953 9.838078
232400 116.2000 1.075061 9.835337
232410 116.2050 1.076344 9.847442
232420 116.2100 1.077670 9.844149
232430 116.2150 1.078782 9.841393
232440 116.2200 1.079717 9.839081
232450 116.2250 1.080576 9.836967
232460 116.2300 1.081380 9.834995
232470 116.2350 1.082062 9.833334
232480 116.2400 1.082545 9.832162
232490 116.2450 1.083007 9.831046
232500 116.2500 1.083512 9.829831
232510 116.2550 1.084010 9.843947
232520 116.2600 1.084162 9.843584
232530 116.2650 1.084117 9.843689
232540 116.2700 1.083867 9.844287
232550 116.2750 1.083431 9.845332
232560 116.2800 1.082890 9.846636
232570 116.2850 1.082170 9.848374
232580 116.2900 1.081303 9.850479
232590 116.2950 1.080410 9.852652
232600 116.3000 1.079400 9.855121
232610 116.3050 1.078430 9.872692
232620 116.3100 1.077536 9.874872
232630 116.3150 1.076698 9.876908
232640 116.3200 1.075650 9.879441
232650 116.3250 1.074594 9.881976
232660 116.3300 1.073320 9.884999
232670 116.3350 1.072082 9.887895
232680 116.3400 1.070790 9.890861
232690 116.3450 1.069639 9.893450
232700 116.3500 1.068196 9.896613
232710 116.3550 1.066373 9.915470
232720 116.3600 1.064452 9.919274
232730 116.3650 1.062461 9.922932
232740 116.3700 1.060232 9.926639
232750 116.3750 1.057980 9.929930
232760 116.3800 1.055702 9.932748
232770 116.3850 1.053368 9.935063
232780 116.3900 1.051015 9.936774
232790 116.3950 1.048585 9.937852
232800 116.4000 1.046048 9.938201
232810 116.4050 1.043452 9.952549
232820 116.4100 1.040994 9.951239
232830 116.4150 1.038601 9.949187
232840 116.4200 1.036228 9.946403
232850 116.4250 1.033761 9.942734
232860 116.4300 1.031194 9.938108
232870 116.4350 1.028954 9.933429
232880 116.4400 1.026895 9.928630
232890 116.4450 1.024833 9.923376
232900 116.4500 1.022776 9.917724
232910 116.4550 1.020670 9.926472
232920 116.4600 1.018447 9.919530
232930 116.4650 1.015992 9.911441
232940 116.4700 1.013429 9.902602
232950 116.4750 1.010863 9.893446
232960 116.4800 1.008432 9.884576
232970 116.4850 1.005900 9.875228
232980 116.4900 1.003618 9.866791
232990 116.4950 1.001376 9.858559
233000 116.5000 0.999107 9.850365
233010 116.5050 0.996967 9.858027
233020 116.5100 0.994821 9.850663
233030 116.5150 0.992721 9.843722
233040 116.5200 0.990549 9.836877
233050 116.5250 0.988331 9.830297
233060 116.5300 0.986201 9.824420
233070 116.5350 0.984135 9.819184
233080 116.5400 0.982539 9.815478
233090 116.5450 0.981133 9.812475
233100 116.5500 0.979783 9.809834
233110 116.5550 0.978561 9.823046
233120 116.5600 0.977443 9.821226
233130 116.5650 0.976462 9.819771
233140 116.5700 0.975724 9.818766
233150 116.5750 0.974908 9.817746
233160 116.5800 0.973933 9.816657
233170 116.5850 0.972989 9.815737
233180 116.5900 0.972107 9.815000
233190 116.5950 0.971237 9.814391
233200 116.6000 0.970557 9.813997
233210 116.6050 0.970017 9.829111
233220 116.6100 0.969492 9.828900
233230 116.6150 0.969113 9.828773
233240 116.6200 0.969048 9.828753
233250 116.6250 0.969484 9.828897
233260 116.6300 0.970089 9.829144
233270 116.6350 0.970605 9.829398
233280 116.6400 0.971276 9.829790
233290 116.6450 0.971971 9.830267
233300 116.6500 0.972803 9.830933
233310 116.6550 0.973754 9.847118
233320 116.6600 0.974794 9.848225
233330 116.6650 0.975728 9.849343
233340 116.6700 0.976583 9.850468
233350 116.6750 0.977456 9.851714
233360 116.6800 0.978413 9.853191
233370 116.6850 0.979352 9.854749
233380 116.6900 0.980379 9.856575
233390 116.6950 0.981334 9.858381
233400 116.7000 0.982386 9.860490
233410 116.7050 0.983365 9.877732
233420 116.7100 0.984294 9.879780
233430 116.7150 0.985052 9.881508
233440 116.7200 0.985857 9.883401
233450 116.7250 0.986674 9.885380
233460 116.7300 0.987507 9.887452
233470 116.7350 0.988536 9.890087
233480 116.7400 0.989530 9.892705
233490 116.7450 0.990418 9.895101
233500 116.7500 0.991303 9.897539
233510 116.7550 0.992166 9.914979
233520 116.7600 0.992882 9.917016
233530 116.7650 0.993781 9.919603
233540 116.7700 0.994668 9.922186
233550 116.7750 0.995672 9.925142
233560 116.7800 0.996637 9.928013
233570 116.7850 0.997585 9.930855
233580 116.7900 0.998575 9.933842
233590 116.7950 0.999454 9.936503
233600 116.8000 1.000287 9.939033
233610 116.8050 1.001000 9.956046
233620 116.8100 1.001717 9.958222
233630 116.8150 1.002302 9.959992
233640 116.8200 1.002916 9.961849
233650 116.8250 1.003294 9.962985
233660 116.8300 1.003605 9.963922
233670 116.8350 1.003934 9.964909
233680 116.8400 1.004277 9.965935
233690 116.8450 1.004338 9.966115
233700 116.8500 1.004213 9.965743
233710 116.8550 1.004022 9.979909
233720 116.8600 1.003589 9.978611
233730 116.8650 1.003076 9.977064
233740 116.8700 1.002352 9.974871
233750 116.8750 1.001463 9.972168
233760 116.8800 1.000501 9.969229
233770 116.8850 0.999308 9.965574
233780 116.8900 0.998056 9.961735
233790 116.8950 0.996911 9.958229
233800 116.9000 0.995716 9.954584
233810 116.9050 0.994559 9.965861
233820 116.9100 0.993454 9.962537
233830 116.9150 0.992113 9.958538
233840 116.9200 0.990744 9.954517
233850 116.9250 0.989424 9.950711
233860 116.9300 0.988257 9.947409
233870 116.9350 0.987066 9.944113
233880 116.9400 0.985793 9.940683
233890 116.9450 0.984645 9.937679
233900 116.9500 0.983511 9.934801
233910 116.9550 0.982554 9.947312
233920 116.9600 0.981704 9.945277
233930 116.9650 0.980945 9.943508
233940 116.9700 0.980401 9.942268
233950 116.9750 0.979956 9.941275
233960 116.9800 0.979652 9.940604
233970 116.9850 0.979272 9.939777
233980 116.9900 0.978956 9.939101
233990 116.9950 0.978663 9.938480
234000 117.0000 0.978196 9.937510
234010 117.0050 0.977655 9.951262
234020 117.0100 0.976943 9.949853
234030 117.0150 0.976173 9.948382
234040 117.0200 0.975528 9.947194
234050 117.0250 0.974806 9.945914
234060 117.0300 0.974007 9.944556
234070 117.0350 0.973296 9.943404
234080 117.0400 0.972564 9.942273
234090 117.0450 0.972092 9.941576
234100 117.0500 0.971660 9.940959
234110 117.0550 0.971291 9.955288
234120 117.0600 0.970884 9.954740
234130 117.0650 0.970509 9.954252
234140 117.0700 0.970194 9.953855
234150 117.0750 0.969845 9.953426
234160 117.0800 0.969461 9.952970
234170 117.0850 0.969287 9.952768
234180 117.0900 0.969108 9.952564
234190 117.0950 0.968963 9.952403
234200 117.1000 0.968691 9.952105
234210 117.1050 0.968449 9.966640
234220 117.1100 0.968256 9.966440
234230 117.1150 0.968016 9.966195
234240 117.1200 0.967721 9.965903
234250 117.1250 0.967353 9.965552
234260 117.1300 0.967012 9.965240
234270 117.1350 0.966815 9.965067
234280 117.1400 0.966690 9.964958
234290 117.1450 0.966720 9.964984
234300 117.1500 0.966849 9.965096
234310 117.1550 0.967074 9.980037
234320 117.1600 0.967293 9.980236
234330 117.1650 0.967660 9.980582
234340 117.1700 0.968274 9.981192
234350 117.1750 0.969020 9.981986
234360 117.1800 0.969747 9.982814
234370 117.1850 0.970504 9.983731
234380 117.1900 0.971227 9.984659
234390 117.1950 0.972120 9.985874
234400 117.2000 0.973094 9.987283
234410 117.2050 0.974219 10.003660
234420 117.2100 0.975384 10.005556
234430 117.2150 0.976530 10.007521
234440 117.2200 0.977753 10.009722
234450 117.2250 0.979055 10.012175
234460 117.2300 0.980379 10.014775
234470 117.2350 0.981662 10.017390
234480 117.2400 0.982863 10.019913
234490 117.2450 0.984120 10.022626
234500 117.2500 0.985376 10.025399
234510 117.2550 0.986856 10.043224
234520 117.2600 0.988468 10.046908
234530 117.2650 0.990106 10.050689
234540 117.2700 0.991562 10.054066
234550 117.2750 0.993132 10.057710
234560 117.2800 0.994591 10.061079
234570 117.2850 0.996117 10.064572
234580 117.2900 0.997831 10.068437
234590 117.2950 0.999578 10.072287
234600 117.3000 1.001300 10.075971
234610 117.3050 1.002839 10.093436
234620 117.3100 1.004157 10.096048
234630 117.3150 1.005451 10.098505
234640 117.3200 1.006562 10.100523
234650 117.3250 1.007572 10.102278
234660 117.3300 1.008563 10.103925
234670 117.3350 1.009615 10.105585
234680 117.3400 1.010705 10.107205
234690 117.3450 1.011614 10.108476
234700 117.3500 1.012524 10.109671
234710 117.3550 1.013289 10.124769
234720 117.3600 1.013801 10.125365
234730 117.3650 1.014131 10.125735
234740 117.3700 1.014135 10.125738
234750 117.3750 1.014049 10.125644
234760 117.3800 1.013824 10.125391
234770 117.3850 1.013613 10.125149
234780 117.3900 1.013534 10.125058
234790 117.3950 1.013401 10.124902
234800 117.4000 1.012984 10.124401
234810 117.4050 1.012477 10.137866
234820 117.4100 1.011810 10.136989
234830 117.4150 1.010864 10.135667
234840 117.4200 1.009765 10.134018
234850 117.4250 1.008559 10.132074
234860 117.4300 1.007421 10.130114
234870 117.4350 1.006291 10.128057
234880 117.4400 1.004992 10.125562
234890 117.4450 1.003613 10.122768
234900 117.4500 1.001999 10.119328
234910 117.4550 1.000282 10.129594
234920 117.4600 0.998317 10.124963
234930 117.4650 0.996209 10.119772
234940 117.4700 0.993901 10.113873
234950 117.4750 0.991434 10.107390
234960 117.4800 0.988939 10.100721
234970 117.4850 0.986467 10.094080
234980 117.4900 0.984179 10.087968
234990 117.4950 0.981928 10.082048
235000 117.5000 0.979642 10.076191
235010 117.5050 0.977255 10.084572
235020 117.5100 0.974876 10.078940
235030 117.5150 0.972544 10.073724
235040 117.5200 0.970392 10.069224
235050 117.5250 0.968216 10.065019
235060 117.5300 0.966127 10.061339
235070 117.5350 0.964452 10.058661
235080 117.5400 0.962844 10.056332
235090 117.5450 0.961176 10.054177
235100 117.5500 0.959550 10.052341
235110 117.5550 0.957956 10.065178
235120 117.5600 0.956486 10.063971
235130 117.5650 0.955151 10.063062
235140 117.5700 0.953976 10.062408
235150 117.5750 0.953063 10.061996
235160 117.5800 0.952423 10.061757
235170 117.5850 0.952034 10.061632
235180 117.5900 0.951638 10.061521
235190 117.5950 0.951264 10.061429
235200 117.6000 0.951110 10.061396
235210 117.6050 0.951168 10.075757
235220 117.6100 0.951507 10.075835
235230 117.6150 0.952008 10.075971
235240 117.6200 0.952486 10.076122
235250 117.6250 0.952897 10.076270
235260 117.6300 0.953158 10.076372
235270 117.6350 0.953399 10.076472
235280 117.6400 0.953603 10.076560
235290 117.6450 0.953753 10.076628
235300 117.6500 0.953736 10.076621
235310 117.6550 0.953564 10.090831
235320 117.6600 0.953565 10.090831
235330 117.6650 0.953208 10.090679
235340 117.6700 0.952475 10.090402
235350 117.6750 0.951701 10.090161
235360 117.6800 0.951008 10.089990
235370 117.6850 0.950090 10.089830
235380 117.6900 0.949117 10.089740
235390 117.6950 0.948331 10.089728
235400 117.7000 0.947806 10.089750
235410 117.7050 0.947447 10.104013
235420 117.7100 0.947081 10.104051
235430 117.7150 0.946691 10.104104
235440 117.7200 0.946394 10.104153
235450 117.7250 0.946060 10.104215
235460 117.7300 0.945869 10.104254
235470 117.7350 0.945841 10.104260
235480 117.7400 0.945776 10.104275
235490 117.7450 0.945604 10.104314
235500 117.7500 0.945442 10.104353
235510 117.7550 0.945304 10.118565
235520 117.7600 0.945342 10.118555
235530 117.7650 0.945402 10.118540
235540 117.7700 0.945436 10.118532
235550 117.7750 0.945481 10.118521
235560 117.7800 0.945511 10.118513
235570 117.7850 0.945791 10.118448
235580 117.7900 0.946314 10.118342
235590 117.7950 0.946969 10.118236
235600 117.8000 0.947544 10.118169
235610 117.8050 0.948068 10.132251
235620 117.8100 0.948272 10.132240
235630 117.8150 0.948187 10.132244
235640 117.8200 0.948101 10.132249
235650 117.8250 0.948022 10.132254
235660 117.8300 0.947905 10.132262
235670 117.8350 0.947822 10.132268
235680 117.8400 0.947706 10.132277
235690 117.8450 0.947481 10.132298
235700 117.8500 0.947317 10.132315
235710 117.8550 0.947140 10.146403
235720 117.8600 0.946866 10.146439
235730 117.8650 0.946645 10.146471
235740 117.8700 0.946161 10.146552
235750 117.8750 0.945515 10.146681
235760 117.8800 0.944863 10.146837
235770 117.8850 0.944048 10.147066
235780 117.8900 0.943285 10.147314
235790 117.8950 0.942383 10.147646
235800 117.9000 0.941416 10.148049
235810 117.9050 0.940346 10.162550
235820 117.9100 0.939422 10.163014
235830 117.9150 0.938640 10.163431
235840 117.9200 0.937901 10.163844
235850 117.9250 0.937086 10.164319
235860 117.9300 0.936277 10.164810
235870 117.9350 0.935445 10.165330
235880 117.9400 0.934622 10.165859
235890 117.9450 0.933780 10.166413
235900 117.9500 0.933059 10.166895
235910 117.9550 0.932362 10.181296
235920 117.9600 0.931624 10.181793
235930 117.9650 0.930846 10.182316
235940 117.9700 0.930248 10.182714
235950 117.9750 0.929608 10.183137
235960 117.9800 0.928960 10.183560
235970 117.9850 0.928373 10.183936
235980 117.9900 0.927946 10.184206
235990 117.9950 0.927310 10.184599
236000 118.0000 0.926711 10.184960
236010 118.0050 0.926134 10.199158
236020 118.0100 0.925471 10.199528
236030 118.0150 0.924811 10.199878
236040 118.0200 0.924126 10.200218
236050 118.0250 0.923378 10.200562
236060 118.0300 0.922616 10.200880
236070 118.0350 0.921764 10.201193
236080 118.0400 0.920973 10.201439
236090 118.0450 0.920008 10.201677
236100 118.0500 0.918915 10.201857
236110 118.0550 0.917877 10.215724
236120 118.0600 0.917001 10.215701
236130 118.0650 0.916144 10.215598
236140 118.0700 0.915333 10.215426
236150 118.0750 0.914646 10.215218
236160 118.0800 0.913912 10.214932
236170 118.0850 0.913214 10.214596
236180 118.0900 0.912696 10.214304
236190 118.0950 0.912319 10.214069
236200 118.1000 0.912212 10.213998
236210 118.1050 0.912295 10.227802
236220 118.1100 0.912516 10.227944
236230 118.1150 0.912651 10.228026
236240 118.1200 0.912785 10.228106
236250 118.1250 0.912962 10.228206
236260 118.1300 0.913138 10.228303
236270 118.1350 0.913384 10.228430
236280 118.1400 0.913743 10.228600
236290 118.1450 0.914250 10.228810
236300 118.1500 0.914960 10.229049
236310 118.1550 0.915653 10.242910
236320 118.1600 0.916425 10.243027
236330 118.1650 0.917200 10.243072
236340 118.1700 0.918243 10.243023
236350 118.1750 0.919441 10.242821
236360 118.1800 0.920817 10.242414
236370 118.1850 0.922409 10.241730
236380 118.1900 0.924135 10.240763
236390 118.1950 0.925716 10.239698
236400 118.2000 0.927289 10.238497
236410 118.2050 0.929191 10.250535
236420 118.2100 0.931579 10.248297
236430 118.2150 0.934267 10.245590
236440 118.2200 0.936960 10.242779
236450 118.2250 0.939830 10.239777
236460 118.2300 0.942759 10.236810
236470 118.2350 0.945760 10.233966
236480 118.2400 0.948870 10.231311
236490 118.2450 0.951883 10.229092
236500 118.2500 0.954578 10.227441
236510 118.2550 0.957097 10.239883
236520 118.2600 0.959620 10.238896
236530 118.2650 0.961937 10.238231
236540 118.2700 0.964327 10.237784
236550 118.2750 0.966654 10.237573
236560 118.2800 0.969030 10.237571
236570 118.2850 0.971235 10.237747
236580 118.2900 0.973135 10.238021
236590 118.2950 0.974904 10.238367
236600 118.3000 0.976517 10.238748
236610 118.3050 0.978003 10.252793
236620 118.3100 0.979339 10.253166
236630 118.3150 0.980509 10.253503
236640 118.3200 0.981397 10.253763
236650 118.3250 0.982023 10.253948
236660 118.3300 0.982440 10.254071
236670 118.3350 0.982736 10.254158
236680 118.3400 0.982903 10.254207
236690 118.3450 0.982969 10.254226
236700 118.3500 0.982950 10.254221
236710 118.3550 0.983044 10.267844
236720 118.3600 0.983227 10.267897
236730 118.3650 0.983411 10.267951
236740 118.3700 0.983583 10.268000
236750 118.3750 0.983532 10.267986
236760 118.3800 0.983351 10.267933
236770 118.3850 0.983159 10.267878
236780 118.3900 0.982945 10.267815
236790 118.3950 0.982721 10.267749
236800 118.4000 0.982445 10.267667
236810 118.4050 0.982097 10.281108
236820 118.4100 0.981703 10.280988
236830 118.4150 0.981330 10.280873
236840 118.4200 0.980738 10.280689
236850 118.4250 0.979826 10.280400
236860 118.4300 0.978768 10.280061
236870 118.4350 0.977380 10.279613
236880 118.4400 0.975679 10.279069
236890 118.4450 0.973835 10.278500
236900 118.4500 0.971957 10.277957
236910 118.4550 0.970193 10.290991
236920 118.4600 0.968430 10.290558
236930 118.4650 0.966721 10.290186
236940 118.4700 0.964892 10.289847
236950 118.4750 0.962888 10.289558
236960 118.4800 0.960714 10.289351
236970 118.4850 0.958761 10.289267
236980 118.4900 0.957072 10.289274
236990 118.4950 0.955202 10.289371
237000 118.5000 0.953084 10.289593
237010 118.5050 0.950759 10.303416
237020 118.5100 0.948617 10.303835
237030 118.5150 0.946620 10.304291
237040 118.5200 0.944800 10.304749
237050 118.5250 0.942929 10.305250
237060 118.5300 0.940928 10.305801
237070 118.5350 0.938773 10.306386
237080 118.5400 0.936620 10.306933
237090 118.5450 0.934735 10.307352
237100 118.5500 0.933076 10.307652
237110 118.5550 0.931491 10.321247
237120 118.5600 0.929927 10.321340
237130 118.5650 0.928277 10.321302
237140 118.5700 0.926686 10.321113
237150 118.5750 0.925274 10.320802
237160 118.5800 0.923797 10.320315
237170 118.5850 0.922494 10.319734
237180 118.5900 0.921478 10.319174
237190 118.5950 0.920507 10.318544
237200 118.6000 0.919757 10.317991
237210 118.6050 0.919178 10.330876
237220 118.6100 0.918644 10.330409
237230 118.6150 0.918261 10.330051
237240 118.6200 0.917957 10.329756
237250 118.6250 0.917662 10.329457
237260 118.6300 0.917345 10.329125
237270 118.6350 0.917306 10.329083
237280 118.6400 0.917447 10.329233
237290 118.6450 0.917728 10.329526
237300 118.6500 0.918069 10.329866
237310 118.6550 0.918623 10.343700
237320 118.6600 0.919085 10.344106
237330 118.6650 0.919479 10.344431
237340 118.6700 0.919838 10.344711
237350 118.6750 0.920216 10.344990
237360 118.6800 0.920650 10.345289
237370 118.6850 0.921013 10.345523
237380 118.6900 0.921317 10.345708
237390 118.6950 0.921712 10.345933
237400 118.7000 0.922277 10.346225
237410 118.7050 0.922705 10.359674
237420 118.7100 0.923181 10.359873
237430 118.7150 0.923614 10.360033
237440 118.7200 0.924190 10.360217
237450 118.7250 0.924878 10.360395
237460 118.7300 0.925455 10.360509
237470 118.7350 0.925924 10.360580
237480 118.7400 0.926388 10.360631
237490 118.7450 0.926820 10.360662
237500 118.7500 0.927236 10.360678
237510 118.7550 0.927886 10.373870
237520 118.7600 0.928478 10.373836
237530 118.7650 0.929020 10.373781
237540 118.7700 0.929309 10.373742
237550 118.7750 0.929452 10.373720
237560 118.7800 0.929671 10.373684
237570 118.7850 0.930115 10.373601
237580 118.7900 0.930563 10.373503
237590 118.7950 0.930989 10.373397
237600 118.8000 0.931355 10.373297
237610 118.8050 0.931732 10.386334
237620 118.8100 0.932154 10.386196
237630 118.8150 0.932582 10.386045
237640 118.8200 0.933103 10.385845
237650 118.8250 0.933657 10.385614
237660 118.8300 0.934316 10.385317
237670 118.8350 0.935129 10.384917
237680 118.8400 0.936059 10.384418
237690 118.8450 0.937020 10.383859
237700 118.8500 0.938105 10.383181
237710 118.8550 0.939160 10.395589
237720 118.8600 0.940241 10.394819
237730 118.8650 0.941149 10.394139
237740 118.8700 0.942141 10.393367
237750 118.8750 0.943085 10.392603
237760 118.8800 0.944077 10.391777
237770 118.8850 0.944818 10.391144
237780 118.8900 0.945407 10.390634
237790 118.8950 0.946007 10.390106
237800 118.9000 0.946544 10.389628
237810 118.9050 0.946948 10.402356
237820 118.9100 0.947289 10.402047
237830 118.9150 0.947775 10.401603
237840 118.9200 0.948531 10.400903
237850 118.9250 0.949482 10.400010
237860 118.9300 0.950453 10.399084
237870 118.9350 0.951156 10.398405
237880 118.9400 0.951583 10.397992
237890 118.9450 0.952143 10.397445
237900 118.9500 0.952658 10.396939
237910 118.9550 0.953078 10.409589
237920 118.9600 0.953388 10.409281
237930 118.9650 0.953316 10.409353
237940 118.9700 0.953253 10.409415
237950 118.9750 0.953074 10.409593
237960 118.9800 0.952709 10.409953
237970 118.9850 0.952144 10.410507
237980 118.9900 0.951520 10.411113
237990 118.9950 0.950676 10.411923
238000 119.0000 0.949932 10.412627
238010 119.0050 0.949383 10.426145
238020 119.0100 0.949059 10.426444
238030 119.0150 0.948831 10.426652
238040 119.0200 0.948662 10.426806
238050 119.0250 0.948501 10.426951
238060 119.0300 0.948321 10.427113
238070 119.0350 0.948019 10.427383
238080 119.0400 0.947585 10.427767
238090 119.0450 0.946999 10.428275
238100 119.0500 0.946461 10.428733
238110 119.0550 0.945947 10.442109
238120 119.0600 0.945323 10.442615
238130 119.0650 0.944694 10.443108
238140 119.0700 0.943815 10.443770
238150 119.0750 0.942840 10.444465
238160 119.0800 0.941485 10.445353
238170 119.0850 0.939954 10.446244
238180 119.0900 0.938507 10.446962
238190 119.0950 0.937148 10.447520
238200 119.1000 0.935823 10.447944
238210 119.1050 0.934437 10.461126
238220 119.1100 0.933133 10.461265
238230 119.1150 0.932145 10.461271
238240 119.1200 0.931501 10.461226
238250 119.1250 0.931160 10.461186
238260 119.1300 0.931099 10.461178
238270 119.1350 0.931344 10.461209
238280 119.1400 0.931822 10.461253
238290 119.1450 0.932454 10.461279
238300 119.1500 0.933040 10.461269
238310 119.1550 0.933791 10.474043
238320 119.1600 0.934618 10.473920
238330 119.1650 0.935465 10.473732
238340 119.1700 0.936202 10.473519
238350 119.1750 0.936902 10.473277
238360 119.1800 0.937517 10.473032
238370 119.1850 0.938342 10.472658
238380 119.1900 0.939088 10.472278
238390 119.1950 0.939889 10.471826
238400 119.2000 0.940792 10.471265
238410 119.2050 0.941628 10.483493
238420 119.2100 0.942242 10.483047
238430 119.2150 0.942886 10.482552
238440 119.2200 0.943326 10.482200
238450 119.2250 0.943872 10.481746
238460 119.2300 0.944783 10.480950
238470 119.2350 0.945922 10.479889
238480 119.2400 0.947012 10.478808
238490 119.2450 0.947945 10.477836
238500 119.2500 0.948974 10.476715
238510 119.2550 0.950035 10.488283
238520 119.2600 0.950995 10.487143
238530 119.2650 0.951764 10.486200
238540 119.2700 0.952540 10.485222
238550 119.2750 0.953278 10.484267
238560 119.2800 0.953925 10.483413
238570 119.2850 0.954687 10.482384
238580 119.2900 0.955648 10.481055
238590 119.2950 0.956494 10.479857
238600 119.3000 0.957384 10.478569
238610 119.3050 0.958196 10.490137
238620 119.3100 0.958972 10.488967
238630 119.3150 0.959725 10.487809
238640 119.3200 0.960402 10.486751
238650 119.3250 0.961190 10.485498
238660 119.3300 0.962106 10.484014
238670 119.3350 0.962963 10.482601
238680 119.3400 0.963730 10.481316
238690 119.3450 0.964610 10.479817
238700 119.3500 0.965514 10.478253
238710 119.3550 0.966317 10.489609
238720 119.3600 0.966774 10.488794
238730 119.3650 0.967113 10.488187
238740 119.3700 0.967146 10.488126
238750 119.3750 0.966929 10.488518
238760 119.3800 0.966566 10.489167
238770 119.3850 0.966209 10.489801
238780 119.3900 0.965888 10.490368
238790 119.3950 0.965657 10.490774
238800 119.4000 0.965270 10.491448
238810 119.4050 0.964828 10.504934
238820 119.4100 0.964376 10.505707
238830 119.4150 0.963905 10.506502
238840 119.4200 0.963665 10.506905
238850 119.4250 0.963645 10.506937
238860 119.4300 0.963748 10.506765
238870 119.4350 0.963860 10.506578
238880 119.4400 0.964156 10.506080
238890 119.4450 0.964246 10.505927
238900 119.4500 0.964239 10.505938
238910 119.4550 0.964172 10.518724
238920 119.4600 0.964006 10.519004
238930 119.4650 0.963681 10.519549
238940 119.4700 0.963331 10.520129
238950 119.4750 0.962817 10.520970
238960 119.4800 0.962135 10.522068
238970 119.4850 0.961276 10.523417
238980 119.4900 0.960194 10.525064
238990 119.4950 0.959097 10.526673
239000 119.5000 0.957995 10.528226
239010 119.5050 0.957240 10.541845
239020 119.5100 0.956679 10.542585
239030 119.5150 0.956326 10.543041
239040 119.5200 0.956106 10.543321
239050 119.5250 0.955893 10.543590
239060 119.5300 0.955713 10.543815
239070 119.5350 0.955602 10.543953
239080 119.5400 0.955340 10.544274
239090 119.5450 0.954943 10.544755
239100 119.5500 0.954454 10.545332
239110 119.5550 0.953877 10.558525
239120 119.5600 0.953487 10.558960
239130 119.5650 0.953236 10.559233
239140 119.5700 0.953086 10.559394
239150 119.5750 0.953017 10.559468
239160 119.5800 0.952889 10.559603
239170 119.5850 0.952714 10.559788
239180 119.5900 0.952403 10.560109
239190 119.5950 0.952059 10.560456
239200 119.6000 0.951712 10.560798
239210 119.6050 0.951300 10.573671
239220 119.6100 0.951010 10.573940
239230 119.6150 0.950872 10.574065
239240 119.6200 0.950853 10.574082
239250 119.6250 0.950824 10.574109
239260 119.6300 0.950781 10.574148
239270 119.6350 0.950686 10.574233
239280 119.6400 0.950539 10.574362
239290 119.6450 0.950196 10.574659
239300 119.6500 0.949547 10.575196
239310 119.6550 0.948596 10.588344
239320 119.6600 0.947516 10.589065
239330 119.6650 0.946544 10.589624
239340 119.6700 0.945774 10.590003
239350 119.6750 0.945101 10.590290
239360 119.6800 0.944492 10.590511
239370 119.6850 0.943899 10.590692
239380 119.6900 0.943300 10.590839
239390 119.6950 0.942961 10.590907
239400 119.7000 0.942808 10.590933
239410 119.7050 0.942554 10.603347
239420 119.7100 0.942237 10.603385
239430 119.7150 0.942019 10.603406
239440 119.7200 0.941653 10.603428
239450 119.7250 0.941330 10.603436
239460 119.7300 0.940957 10.603431
239470 119.7350 0.940298 10.603383
239480 119.7400 0.939558 10.603271
239490 119.7450 0.938961 10.603135
239500 119.7500 0.938430 10.602979
239510 119.7550 0.937910 10.615126
239520 119.7600 0.937422 10.614922
239530 119.7650 0.936996 10.614719
239540 119.7700 0.936598 10.614508
239550 119.7750 0.936243 10.614302
239560 119.7800 0.936138 10.614239
239570 119.7850 0.936222 10.614290
239580 119.7900 0.936345 10.614363
239590 119.7950 0.936521 10.614465
239600 119.8000 0.936884 10.614661
239610 119.8050 0.937348 10.627180
239620 119.8100 0.937936 10.627426
239630 119.8150 0.938545 10.627634
239640 119.8200 0.939313 10.627829
239650 119.8250 0.939983 10.627939
239660 119.8300 0.940646 10.627992
239670 119.8350 0.941396 10.627989
239680 119.8400 0.942392 10.627880
239690 119.8450 0.943482 10.627627
239700 119.8500 0.944574 10.627238
239710 119.8550 0.945511 10.639044
239720 119.8600 0.946473 10.638485
239730 119.8650 0.947491 10.637780
239740 119.8700 0.948423 10.637035
239750 119.8750 0.949435 10.636119
239760 119.8800 0.950484 10.635057
239770 119.8850 0.951726 10.633651
239780 119.8900 0.952840 10.632257
239790 119.8950 0.953644 10.631175
239800 119.9000 0.954366 10.630149
239810 119.9050 0.954979 10.641479
239820 119.9100 0.955584 10.640544
239830 119.9150 0.956338 10.639328
239840 119.9200 0.957065 10.638103
239850 119.9250 0.957934 10.636572
239860 119.9300 0.958643 10.635271
239870 119.9350 0.959331 10.633964
239880 119.9400 0.959908 10.632834
239890 119.9450 0.960569 10.631502
239900 119.9500 0.961301 10.629981
239910 119.9550 0.962126 10.640448
239920 119.9600 0.962888 10.638755
239930 119.9650 0.963775 10.636719
239940 119.9700 0.964651 10.634638
239950 119.9750 0.965655 10.632168
239960 119.9800 0.966573 10.629835
239970 119.9850 0.967080 10.628516
239980 119.9900 0.967528 10.627329
239990 119.9950 0.968007 10.626044
240000 120.0000 0.968687 10.624188
240010 120.0050 0.969422 10.634396
240020 120.0100 0.969989 10.632780
240030 120.0150 0.970582 10.631062
240040 120.0200 0.971122 10.629473
240050 120.0250 0.971640 10.627921
240060 120.0300 0.972043 10.626701
240070 120.0350 0.972608 10.624967
240080 120.0400 0.973314 10.622764
240090 120.0450 0.974276 10.619695
240100 120.0500 0.975074 10.617093
240110 120.0550 0.975761 10.627096
240120 120.0600 0.976279 10.625350
240130 120.0650 0.976629 10.624157
240140 120.0700 0.976700 10.623916
240150 120.0750 0.976674 10.624003
240160 120.0800 0.976717 10.623857
240170 120.0850 0.976925 10.623140
240180 120.0900 0.977158 10.622334
240190 120.0950 0.977311 10.621805
240200 120.1000 0.977615 10.620744
240210 120.1050 0.977967 10.631778
240220 120.1100 0.978416 10.630182
240230 120.1150 0.979093 10.627745
240240 120.1200 0.979751 10.625338
240250 120.1250 0.980401 10.622927
240260 120.1300 0.980821 10.621348
240270 120.1350 0.981059 10.620450
240280 120.1400 0.981049 10.620487
240290 120.1450 0.980928 10.620944
240300 120.1500 0.980815 10.621372
240310 120.1550 0.980518 10.634759
240320 120.1600 0.980056 10.636481
240330 120.1650 0.979424 10.638803
240340 120.1700 0.978390 10.642529
240350 120.1750 0.977147 10.646880
240360 120.1800 0.975748 10.651611
240370 120.1850 0.974439 10.655869
240380 120.1900 0.972910 10.660638
240390 120.1950 0.971141 10.665871
240400 120.2000 0.969431 10.670639
240410 120.2050 0.967697 10.687270
240420 120.2100 0.965930 10.691549
240430 120.2150 0.964100 10.695622
240440 120.2200 0.962284 10.699293
240450 120.2250 0.960667 10.702243
240460 120.2300 0.959087 10.704835
240470 120.2350 0.957480 10.707167
240480 120.2400 0.955817 10.709255
240490 120.2450 0.954162 10.710996
240500 120.2500 0.952580 10.712342
240510 120.2550 0.951120 10.725259
240520 120.2600 0.949786 10.725884
240530 120.2650 0.948555 10.726247
240540 120.2700 0.947127 10.726407
240550 120.2750 0.945817 10.726305
240560 120.2800 0.944442 10.725936
240570 120.2850 0.942960 10.725235
240580 120.2900 0.941371 10.724127
240590 120.2950 0.939598 10.722449
240600 120.3000 0.937871 10.720355
240610 120.3050 0.936283 10.729950
240620 120.3100 0.935174 10.728075
240630 120.3150 0.934528 10.726889
240640 120.3200 0.933802 10.725475
240650 120.3250 0.933129 10.724083
240660 120.3300 0.932539 10.722801
240670 120.3350 0.932089 10.721783
240680 120.3400 0.931531 10.720473
240690 120.3450 0.930696 10.718413
240700 120.3500 0.929720 10.715850
240710 120.3550 0.928772 10.725150
240720 120.3600 0.927802 10.722267
240730 120.3650 0.926922 10.719498
240740 120.3700 0.926207 10.717145
240750 120.3750 0.925482 10.714662
240760 120.3800 0.924831 10.712343
240770 120.3850 0.924238 10.710163
240780 120.3900 0.923951 10.709081
240790 120.3950 0.923522 10.707437
240800 120.4000 0.923062 10.705634
240810 120.4050 0.922304 10.714556
240820 120.4100 0.921477 10.711082
240830 120.4150 0.920683 10.707614
240840 120.4200 0.919954 10.704314
240850 120.4250 0.919444 10.701941
240860 120.4300 0.919101 10.700314
240870 120.4350 0.918730 10.698529
240880 120.4400 0.918256 10.696203
240890 120.4450 0.917821 10.694028
240900 120.4500 0.917289 10.691309
240910 120.4550 0.916655 10.700024
240920 120.4600 0.915985 10.696422
240930 120.4650 0.915364 10.692992
240940 120.4700 0.914641 10.688888
240950 120.4750 0.913800 10.683968
240960 120.4800 0.912814 10.677998
240970 120.4850 0.911839 10.671869
240980 120.4900 0.910870 10.665557
240990 120.4950 0.909654 10.657328
241000 120.5000 0.908334 10.647999
241010 120.5050 0.906940 10.649862
241020 120.5100 0.905658 10.639941
241030 120.5150 0.904424 10.630007
241040 120.5200 0.903248 10.620182
241050 120.5250 0.902183 10.610967
241060 120.5300 0.901220 10.602394
241070 120.5350 0.900570 10.596465
241080 120.5400 0.899973 10.590922
241090 120.5450 0.899383 10.585351
241100 120.5500 0.898717 10.578955
241110 120.5550 0.898127 10.585606
241120 120.5600 0.897600 10.580377
241130 120.5650 0.897270 10.577065
241140 120.5700 0.897100 10.575342
241150 120.5750 0.896982 10.574149
241160 120.5800 0.896937 10.573683
241170 120.5850 0.897040 10.574738
241180 120.5900 0.897124 10.575587
241190 120.5950 0.897305 10.577410
241200 120.6000 0.897586 10.580235
241210 120.6050 0.897900 10.595772
241220 120.6100 0.898276 10.599482
241230 120.6150 0.898699 10.603608
241240 120.6200 0.899263 10.609032
241250 120.6250 0.900165 10.617521
241260 120.6300 0.901169 10.626713
241270 120.6350 0.902271 10.636481
241280 120.6400 0.903481 10.646840
241290 120.6450 0.904783 10.657546
241300 120.6500 0.906349 10.669835
241310 120.6550 0.907976 10.694020
241320 120.6600 0.909593 10.705347
241330 120.6650 0.911244 10.716213
241340 120.6700 0.913218 10.728305
241350 120.6750 0.915472 10.740930
241360 120.6800 0.917777 10.752577
241370 120.6850 0.919889 10.762144
241380 120.6900 0.921978 10.770604
241390 120.6950 0.924107 10.778220
241400 120.7000 0.925933 10.783969
241410 120.7050 0.927797 10.800820
241420 120.7100 0.929645 10.805179
241430 120.7150 0.931564 10.808957
241440 120.7200 0.933515 10.812039
241450 120.7250 0.935489 10.814399
241460 120.7300 0.937468 10.816019
241470 120.7350 0.939186 10.816838
241480 120.7400 0.940998 10.817124
241490 120.7450 0.942851 10.816820
241500 120.7500 0.944582 10.816005
241510 120.7550 0.946370 10.826252
241520 120.7600 0.948157 10.824348
241530 120.7650 0.949952 10.821916
241540 120.7700 0.951699 10.819059
241550 120.7750 0.953389 10.815852
241560 120.7800 0.955064 10.812253
241570 120.7850 0.956716 10.808303
241580 120.7900 0.958248 10.804298
241590 120.7950 0.959777 10.799978
241600 120.8000 0.961606 10.794404
241610 120.8050 0.963474 10.799945
241620 120.8100 0.965294 10.793516
241630 120.8150 0.967001 10.787111
241640 120.8200 0.968858 10.779745
241650 120.8250 0.970834 10.771462
241660 120.8300 0.972742 10.763047
241670 120.8350 0.974816 10.753458
241680 120.8400 0.976845 10.743645
241690 120.8450 0.978666 10.734495
241700 120.8500 0.980415 10.725407
241710 120.8550 0.982189 10.727817
241720 120.8600 0.983872 10.718525
241730 120.8650 0.985284 10.710541
241740 120.8700 0.986844 10.701518
241750 120.8750 0.988376 10.692464
241760 120.8800 0.989614 10.685013
241770 120.8850 0.990591 10.679049
241780 120.8900 0.991432 10.673855
241790 120.8950 0.991959 10.670576
241800 120.9000 0.992574 10.666721
241810 120.9050 0.993123 10.675372
241820 120.9100 0.993808 10.671019
241830 120.9150 0.994387 10.667310
241840 120.9200 0.994709 10.665237
241850 120.9250 0.994698 10.665306
241860 120.9300 0.994581 10.666059
241870 120.9350 0.994361 10.667472
241880 120.9400 0.994227 10.668334
241890 120.9450 0.994170 10.668701
241900 120.9500 0.994120 10.669021
241910 120.9550 0.993877 10.682685
241920 120.9600 0.993312 10.686279
241930 120.9650 0.992278 10.692793
241940 120.9700 0.991090 10.700168
241950 120.9750 0.989835 10.707830
241960 120.9800 0.988675 10.714791
241970 120.9850 0.987575 10.721283
241980 120.9900 0.986384 10.728189
241990 120.9950 0.985221 10.734804
242000 121.0000 0.983911 10.742100
242010 121.0050 0.982489 10.761690
242020 121.0100 0.981165 10.768693
242030 121.0150 0.979708 10.776185
242040 121.0200 0.978202 10.783680
242050 121.0250 0.976505 10.791817
242060 121.0300 0.974642 10.800363
242070 121.0350 0.972467 10.809805
242080 121.0400 0.970198 10.819032
242090 121.0450 0.967867 10.827814
242100 121.0500 0.965502 10.835981
242110 121.0550 0.963134 10.854925
242120 121.0600 0.960603 10.861907
242130 121.0650 0.958009 10.868049
242140 121.0700 0.955402 10.873157
242150 121.0750 0.952832 10.877115
242160 121.0800 0.950273 10.879961
242170 121.0850 0.947690 10.881695
242180 121.0900 0.945209 10.882255
242190 121.0950 0.942774 10.881723
242200 121.1000 0.940333 10.880086
242210 121.1050 0.938127 10.889037
242220 121.1100 0.935990 10.885728
242230 121.1150 0.933781 10.881334
242240 121.1200 0.931521 10.875791
242250 121.1250 0.929207 10.868995
242260 121.1300 0.926864 10.860930
242270 121.1350 0.924250 10.850502
242280 121.1400 0.921715 10.838905
242290 121.1450 0.919302 10.826483
242300 121.1500 0.916710 10.811602
242310 121.1550 0.914196 10.807230
242320 121.1600 0.911790 10.790413
242330 121.1650 0.909266 10.771181
242340 121.1700 0.906893 10.751581
242350 121.1750 0.904486 10.730162
242360 121.1800 0.902195 10.708332
242370 121.1850 0.900012 10.686201
242380 121.1900 0.897846 10.662944
242390 121.1950 0.895801 10.639784
242400 121.2000 0.893868 10.616818
242410 121.2050 0.892178 10.608162
242420 121.2100 0.890734 10.589612
242430 121.2150 0.889359 10.571399
242440 121.2200 0.888078 10.553950
242450 121.2250 0.886780 10.535775
242460 121.2300 0.885505 10.517462
242470 121.2350 0.884464 10.502155
242480 121.2400 0.883521 10.488028
242490 121.2450 0.882822 10.477392
242500 121.2500 0.882354 10.470196
242510 121.2550 0.881882 10.475671
242520 121.2600 0.881669 10.472344
242530 121.2650 0.881497 10.469662
242540 121.2700 0.881227 10.465407
242550 121.2750 0.881169 10.464494
242560 121.2800 0.881061 10.462787
242570 121.2850 0.880966 10.461277
242580 121.2900 0.880878 10.459885
242590 121.2950 0.880940 10.460867
242600 121.3000 0.881102 10.463429
242610 121.3050 0.881416 10.481215
242620 121.3100 0.882091 10.491746
242630 121.3150 0.882943 10.504859
242640 121.3200 0.883793 10.517733
242650 121.3250 0.884873 10.533775
242660 121.3300 0.885955 10.549510
242670 121.3350 0.887055 10.565139
242680 121.3400 0.888121 10.579948
242690 121.3450 0.889273 10.595568
242700 121.3500 0.890441 10.611019
242710 121.3550 0.891529 10.637338
242720 121.3600 0.892826 10.653576
242730 121.3650 0.894229 10.670572
242740 121.3700 0.895757 10.688414
242750 121.3750 0.897376 10.706556
242760 121.3800 0.898728 10.721113
242770 121.3850 0.900177 10.736117
242780 121.3900 0.901747 10.751679
242790 121.3950 0.903308 10.766437
242800 121.4000 0.905008 10.781708
242810 121.4050 0.906745 10.808192
242820 121.4100 0.908542 10.822542
242830 121.4150 0.910364 10.836163
242840 121.4200 0.912273 10.849447
242850 121.4250 0.914304 10.862483
242860 121.4300 0.916501 10.875338
242870 121.4350 0.918695 10.886908
242880 121.4400 0.920761 10.896677
242890 121.4450 0.922997 10.906041
242900 121.4500 0.925212 10.914107
242910 121.4550 0.927369 10.932130
242920 121.4600 0.929567 10.937837
242930 121.4650 0.931752 10.942403
242940 121.4700 0.934166 10.946198
242950 121.4750 0.936583 10.948720
242960 121.4800 0.939177 10.950049
242970 121.4850 0.941814 10.949985
242980 121.4900 0.944505 10.948501
242990 121.4950 0.947128 10.945722
243000 121.5000 0.949727 10.941718
243010 121.5050 0.952640 10.947009
243020 121.5100 0.955649 10.939333
243030 121.5150 0.958463 10.930784
243040 121.5200 0.961096 10.921643
243050 121.5250 0.963897 10.910751
243060 121.5300 0.966839 10.898083
243070 121.5350 0.969910 10.883579
243080 121.5400 0.973179 10.866793
243090 121.5450 0.976470 10.848574
243100 121.5500 0.979646 10.829818
243110 121.5550 0.982933 10.820830
243120 121.5600 0.986199 10.799300
243130 121.5650 0.989395 10.777251
243140 121.5700 0.992763 10.753043
243150 121.5750 0.996405 10.725841
243160 121.5800 1.000166 10.696749
243170 121.5850 1.003987 10.666236
243180 121.5900 1.007682 10.635930
243190 121.5950 1.011484 10.603989
243200 121.6000 1.015224 10.571924
243210 121.6050 1.019101 10.550488
243220 121.6100 1.023064 10.515221
243230 121.6150 1.026871 10.480833
243240 121.6200 1.030647 10.446303
243250 121.6250 1.034690 10.408959
243260 121.6300 1.038591 10.372686
243270 121.6350 1.042359 10.337527
243280 121.6400 1.045958 10.303944
243290 121.6450 1.049450 10.271482
243300 121.6500 1.052802 10.240552
243310 121.6550 1.055815 10.226668
243320 121.6600 1.058516 10.202250
243330 121.6650 1.060867 10.181261
243340 121.6700 1.063158 10.161085
243350 121.6750 1.065401 10.141646
243360 121.6800 1.067366 10.124909
243370 121.6850 1.069125 10.110173
243380 121.6900 1.070698 10.097219
243390 121.6950 1.072117 10.085716
243400 121.7000 1.073198 10.077079
243410 121.7050 1.073983 10.085160
243420 121.7100 1.074554 10.080682
243430 121.7150 1.074984 10.077334
243440 121.7200 1.075084 10.076559
243450 121.7250 1.075059 10.076751
243460 121.7300 1.074940 10.077681
243470 121.7350 1.074391 10.081960
243480 121.7400 1.073377 10.089940
243490 121.7450 1.072043 10.100591
243500 121.7500 1.070517 10.112961
243510 121.7550 1.068948 10.140013
243520 121.7600 1.067366 10.153209
243530 121.7650 1.065802 10.166420
243540 121.7700 1.064143 10.180592
243550 121.7750 1.062489 10.194867
243560 121.7800 1.060675 10.210676
243570 121.7850 1.058735 10.227737
243580 121.7900 1.056741 10.245410
243590 121.7950 1.054568 10.264803
243600 121.8000 1.052038 10.287499
243610 121.8050 1.049425 10.324484
243620 121.8100 1.046686 10.349144
243630 121.8150 1.043871 10.374434
243640 121.8200 1.041118 10.399066
243650 121.8250 1.038124 10.425699
243660 121.8300 1.034775 10.455244
243670 121.8350 1.031048 10.487735
243680 121.8400 1.026992 10.522567
243690 121.8450 1.022868 10.557344
243700 121.8500 1.018663 10.592080
243710 121.8550 1.014365 10.639082
243720 121.8600 1.010046 10.672888
243730 121.8650 1.005841 10.704779
243740 121.8700 1.001456 10.736868
243750 121.8750 0.996757 10.769817
243760 121.8800 0.992061 10.801120
243770 121.8850 0.987212 10.831568
243780 121.8900 0.982206 10.860782
243790 121.8950 0.977302 10.886978
243800 121.9000 0.972462 10.910244
243810 121.9050 0.967529 10.942305
243820 121.9100 0.962467 10.960144
243830 121.9150 0.957266 10.974525
243840 121.9200 0.951892 10.984839
243850 121.9250 0.946571 10.990153
243860 121.9300 0.941556 10.990376
243870 121.9350 0.936701 10.985876
243880 121.9400 0.931983 10.976785
243890 121.9450 0.927408 10.963271
243900 121.9500 0.922939 10.945369
243910 121.9550 0.918508 10.933962
243920 121.9600 0.914202 10.907100
243930 121.9650 0.910032 10.876302
243940 121.9700 0.905890 10.840902
243950 121.9750 0.901903 10.802174
243960 121.9800 0.898147 10.761409
243970 121.9850 0.894627 10.719386
243980 121.9900 0.891273 10.675887
243990 121.9950 0.888112 10.631774
244000 122.0000 0.884900 10.583866
244010 122.0050 0.881717 10.545738
244020 122.0100 0.878458 10.490850
244030 122.0150 0.875177 10.432445
244040 122.0200 0.871977 10.372512
244050 122.0250 0.868922 10.312674
244060 122.0300 0.865969 10.252506
244070 122.0350 0.863112 10.192179
244080 122.0400 0.860322 10.131416
244090 122.0450 0.857691 10.072506
244100 122.0500 0.855237 10.016287
244110 122.0550 0.853046 9.979610
244120 122.0600 0.851003 9.931064
244130 122.0650 0.848976 9.882220
244140 122.0700 0.847132 9.837218
244150 122.0750 0.845515 9.797345
244160 122.0800 0.844172 9.763985
244170 122.0850 0.843135 9.738097
244180 122.0900 0.842274 9.716488
244190 122.0950 0.841558 9.698457
244200 122.1000 0.840966 9.683540
244210 122.1050 0.840450 9.686439
244220 122.1100 0.840086 9.677207
244230 122.1150 0.839746 9.668601
244240 122.1200 0.839336 9.658180
244250 122.1250 0.838905 9.647221
244260 122.1300 0.838589 9.639183
244270 122.1350 0.838241 9.630316
244280 122.1400 0.837834 9.619928
244290 122.1450 0.837480 9.610887
244300 122.1500 0.837302 9.606336
244310 122.1550 0.837150 9.618753
244320 122.1600 0.837030 9.615681
244330 122.1650 0.837016 9.615333
244340 122.1700 0.836914 9.612723
244350 122.1750 0.836852 9.611138
244360 122.1800 0.836865 9.611452
244370 122.1850 0.837070 9.616700
244380 122.1900 0.837453 9.626493
244390 122.1950 0.838034 9.641318
244400 122.2000 0.838578 9.655199
244410 122.2050 0.839012 9.682295
244420 122.2100 0.839420 9.692658
244430 122.2150 0.840010 9.707625
244440 122.2200 0.840583 9.722124
244450 122.2250 0.841147 9.736356
244460 122.2300 0.841577 9.747176
244470 122.2350 0.841952 9.756606
244480 122.2400 0.842409 9.768069
244490 122.2450 0.843010 9.783101
244500 122.2500 0.843461 9.794336
244510 122.2550 0.844091 9.825463
244520 122.2600 0.844587 9.837769
244530 122.2650 0.845226 9.853569
244540 122.2700 0.845655 9.864134
244550 122.2750 0.846137 9.875954
244560 122.2800 0.846676 9.889160
244570 122.2850 0.847301 9.904384
244580 122.2900 0.847789 9.916247
244590 122.2950 0.848459 9.932455
244600 122.3000 0.849241 9.951276
244610 122.3050 0.849993 9.984061
244620 122.3100 0.850810 10.003486
244630 122.3150 0.851596 10.022055
244640 122.3200 0.852517 10.043637
244650 122.3250 0.853299 10.061831
244660 122.3300 0.854028 10.078671
244670 122.3350 0.854727 10.094704
244680 122.3400 0.855504 10.112399
244690 122.3450 0.856379 10.132161
244700 122.3500 0.857185 10.150219
244710 122.3550 0.857875 10.179549
244720 122.3600 0.858367 10.190407
244730 122.3650 0.858563 10.194719
244740 122.3700 0.858877 10.201607
244750 122.3750 0.859263 10.210026
244760 122.3800 0.859740 10.220386
244770 122.3850 0.860248 10.231375
244780 122.3900 0.860962 10.246677
244790 122.3950 0.861709 10.262540
244800 122.4000 0.862523 10.279681
244810 122.4050 0.863437 10.312187
244820 122.4100 0.864383 10.331622
244830 122.4150 0.865193 10.348077
244840 122.4200 0.865956 10.363387
244850 122.4250 0.866778 10.379706
244860 122.4300 0.867599 10.395785
244870 122.4350 0.868387 10.411055
244880 122.4400 0.869074 10.424202
244890 122.4450 0.869713 10.436315
244900 122.4500 0.870298 10.447307
244910 122.4550 0.870853 10.470491
244920 122.4600 0.871347 10.479596
244930 122.4650 0.871938 10.490387
244940 122.4700 0.872585 10.502087
244950 122.4750 0.873190 10.512899
244960 122.4800 0.873884 10.525168
244970 122.4850 0.874580 10.537306
244980 122.4900 0.875286 10.549460
244990 122.4950 0.875947 10.560707
245000 122.5000 0.876288 10.566452
245010 122.5050 0.876396 10.580731
245020 122.5100 0.876213 10.577660
245030 122.5150 0.875731 10.569510
245040 122.5200 0.875095 10.558650
245050 122.5250 0.874489 10.548179
245060 122.5300 0.873651 10.533500
245070 122.5350 0.872765 10.517751
245080 122.5400 0.871754 10.499460
245090 122.5450 0.870486 10.476056
245100 122.5500 0.868980 10.447619
245110 122.5550 0.867135 10.424709
245120 122.5600 0.865165 10.385318
245130 122.5650 0.863319 10.347349
245140 122.5700 0.861415 10.307136
245150 122.5750 0.859345 10.262280
245160 122.5800 0.856991 10.209817
245170 122.5850 0.854275 10.147526
245180 122.5900 0.851634 10.085206
245190 122.5950 0.849082 10.023513
245200 122.6000 0.846415 9.957585
245210 122.6050 0.843675 9.903237
245220 122.6100 0.841060 9.836088
245230 122.6150 0.838536 9.770324
245240 122.6200 0.835876 9.700180
245250 122.6250 0.833119 9.626740
245260 122.6300 0.830527 9.557221
245270 122.6350 0.827861 9.485398
245280 122.6400 0.825047 9.409504
245290 122.6450 0.822167 9.331937
245300 122.6500 0.819202 9.252502
245310 122.6550 0.816125 9.188753
245320 122.6600 0.813188 9.111648
245330 122.6650 0.810492 9.041924
245340 122.6700 0.807968 8.977740
245350 122.6750 0.805434 8.914540
245360 122.6800 0.803058 8.856544
245370 122.6850 0.800827 8.803353
245380 122.6900 0.798644 8.752606
245390 122.6950 0.796568 8.705596
245400 122.7000 0.794471 8.659474
245410 122.7050 0.792435 8.637286
245420 122.7100 0.790594 8.599194
245430 122.7150 0.789021 8.567608
245440 122.7200 0.787575 8.539347
245450 122.7250 0.786372 8.516447
245460 122.7300 0.785313 8.496740
245470 122.7350 0.784690 8.485348
245480 122.7400 0.784393 8.479967
245490 122.7450 0.784322 8.478689
245500 122.7500 0.784396 8.480017
245510 122.7550 0.784503 8.504281
245520 122.7600 0.784860 8.510754
245530 122.7650 0.785379 8.520264
245540 122.7700 0.786052 8.532760
245550 122.7750 0.787006 8.550748
245560 122.7800 0.788063 8.571054
245570 122.7850 0.789225 8.593865
245580 122.7900 0.790518 8.619802
245590 122.7950 0.792065 8.651585
245600 122.8000 0.793771 8.687551
245610 122.8050 0.795514 8.746317
245620 122.8100 0.797329 8.786496
245630 122.8150 0.799132 8.827292
245640 122.8200 0.801169 8.874432
245650 122.8250 0.803280 8.924295
245660 122.8300 0.805545 8.978912
245670 122.8350 0.808086 9.041353
245680 122.8400 0.810796 9.109178
245690 122.8450 0.813620 9.180946
245700 122.8500 0.816548 9.256360
245710 122.8550 0.819378 9.347854
245720 122.8600 0.822181 9.421058
245730 122.8650 0.824989 9.494539
245740 122.8700 0.827782 9.567564
245750 122.8750 0.830339 9.634192
245760 122.8800 0.833046 9.704256
245770 122.8850 0.835926 9.778129
245780 122.8900 0.838737 9.849329
245790 122.8950 0.841539 9.919209
245800 122.9000 0.844296 9.986741
245810 122.9050 0.846926 10.064538
245820 122.9100 0.849321 10.120777
245830 122.9150 0.851669 10.174683
245840 122.9200 0.853929 10.225324
245850 122.9250 0.856141 10.273671
245860 122.9300 0.858363 10.320926
245870 122.9350 0.860650 10.368147
245880 122.9400 0.863101 10.417100
245890 122.9450 0.865536 10.464013
245900 122.9500 0.867919 10.508168
245910 122.9550 0.870013 10.558193
245920 122.9600 0.871866 10.590077
245930 122.9650 0.874017 10.625718
245940 122.9700 0.876246 10.661057
245950 122.9750 0.878603 10.696657
245960 122.9800 0.880832 10.728656
245970 122.9850 0.883029 10.758613
245980 122.9900 0.885251 10.787286
245990 122.9950 0.887464 10.814254
246000 123.0000 0.889710 10.840023
246010 123.0050 0.892040 10.876573
246020 123.0100 0.894246 10.898663
246030 123.0150 0.896330 10.918132
246040 123.0200 0.898573 10.937586
246050 123.0250 0.900653 10.954271
246060 123.0300 0.902648 10.969067
246070 123.0350 0.904828 10.983919
246080 123.0400 0.907172 10.998390
246090 123.0450 0.909596 11.011775
246100 123.0500 0.911913 11.023103
246110 123.0550 0.914251 11.044092
246120 123.0600 0.916459 11.052280
246130 123.0650 0.918495 11.058773
246140 123.0700 0.920366 11.063867
246150 123.0750 0.921953 11.067553
246160 123.0800 0.923523 11.070639
246170 123.0850 0.924982 11.073021
246180 123.0900 0.926287 11.074764
246190 123.0950 0.927405 11.075972
246200 123.1000 0.928322 11.076768
246210 123.1050 0.929344 11.088256
246220 123.1100 0.930380 11.088732
246230 123.1150 0.931238 11.088963
246240 123.1200 0.932030 11.089046
246250 123.1250 0.932767 11.089013
246260 123.1300 0.933362 11.088909
246270 123.1350 0.934019 11.088716
246280 123.1400 0.934698 11.088430
246290 123.1450 0.935165 11.088184
246300 123.1500 0.935658 11.087879
246310 123.1550 0.936107 11.098332
246320 123.1600 0.936500 11.098023
246330 123.1650 0.936952 11.097633
246340 123.1700 0.937217 11.097387
246350 123.1750 0.937484 11.097126
246360 123.1800 0.937737 11.096866
246370 123.1850 0.938099 11.096475
246380 123.1900 0.938362 11.096174
246390 123.1950 0.938816 11.095628
246400 123.2000 0.939427 11.094834
246410 123.2050 0.939982 11.104802
246420 123.2100 0.940541 11.103960
246430 123.2150 0.941047 11.103152
246440 123.2200 0.941481 11.102421
246450 123.2250 0.941765 11.101924
246460 123.2300 0.941861 11.101752
246470 123.2350 0.942016 11.101474
246480 123.2400 0.942054 11.101404
246490 123.2450 0.942104 11.101313
246500 123.2500 0.942163 11.101204
246510 123.2550 0.942211 11.111846
246520 123.2600 0.942117 11.112018
246530 123.2650 0.942000 11.112231
246540 123.2700 0.941984 11.112261
246550 123.2750 0.942142 11.111973
246560 123.2800 0.942172 11.111916
246570 123.2850 0.942287 11.111703
246580 123.2900 0.942429 11.111438
246590 123.2950 0.942528 11.111249
246600 123.3000 0.942580 11.111150
246610 123.3050 0.942460 11.122078
246620 123.3100 0.942089 11.122768
246630 123.3150 0.941708 11.123451
246640 123.3200 0.941194 11.124329
246650 123.3250 0.940686 11.125150
246660 123.3300 0.940114 11.126015
246670 123.3350 0.939606 11.126732
246680 123.3400 0.939091 11.127409
246690 123.3450 0.938543 11.128073
246700 123.3500 0.937837 11.128843
246710 123.3550 0.936891 11.140367
246720 123.3600 0.936089 11.140970
246730 123.3650 0.935413 11.141375
246740 123.3700 0.934686 11.141706
246750 123.3750 0.933931 11.141932
246760 123.3800 0.933296 11.142030
246770 123.3850 0.932622 11.142040
246780 123.3900 0.931987 11.141959
246790 123.3950 0.931225 11.141748
246800 123.4000 0.930290 11.141315
246810 123.4050 0.929115 11.151102
246820 123.4100 0.928224 11.150266
246830 123.4150 0.927339 11.149254
246840 123.4200 0.926619 11.148295
246850 123.4250 0.926411 11.147997
246860 123.4300 0.926322 11.147864
246870 123.4350 0.926286 11.147811
246880 123.4400 0.926499 11.148124
246890 123.4450 0.926610 11.148283
246900 123.4500 0.926723 11.148442
246910 123.4550 0.926902 11.159276
246920 123.4600 0.927161 11.159617
246930 123.4650 0.927425 11.159949
246940 123.4700 0.927535 11.160082
246950 123.4750 0.927767 11.160353
246960 123.4800 0.927940 11.160547
246970 123.4850 0.928086 11.160705
246980 123.4900 0.928332 11.160961
246990 123.4950 0.928447 11.161075
247000 123.5000 0.928403 11.161031
247010 123.5050 0.928442 11.171621
247020 123.5100 0.928481 11.171659
247030 123.5150 0.928433 11.171612
247040 123.5200 0.928130 11.171303
247050 123.5250 0.927746 11.170879
247060 123.5300 0.927348 11.170402
247070 123.5350 0.926920 11.169846
247080 123.5400 0.926529 11.169299
247090 123.5450 0.926331 11.169008
247100 123.5500 0.926046 11.168572
247110 123.5550 0.925566 11.178321
247120 123.5600 0.925100 11.177507
247130 123.5650 0.924679 11.176723
247140 123.5700 0.924378 11.176136
247150 123.5750 0.924072 11.175515
247160 123.5800 0.923311 11.173867
247170 123.5850 0.922369 11.171616
247180 123.5900 0.921313 11.168817
247190 123.5950 0.920063 11.165120
247200 123.6000 0.918776 11.160872
247210 123.6050 0.917431 11.166500
247220 123.6100 0.916163 11.161389
247230 123.6150 0.914790 11.155339
247240 123.6200 0.913480 11.149059
247250 123.6250 0.912494 11.143998
247260 123.6300 0.911638 11.139376
247270 123.6350 0.910521 11.133017
247280 123.6400 0.909484 11.126774
247290 123.6450 0.908426 11.120068
247300 123.6500 0.907223 11.112031
247310 123.6550 0.905805 11.112676
247320 123.6600 0.904137 11.100036
247330 123.6650 0.902506 11.086807
247340 123.6700 0.900782 11.071906
247350 123.6750 0.899256 11.057894
247360 123.6800 0.897755 11.043370
247370 123.6850 0.896102 11.026508
247380 123.6900 0.894420 11.008419
247390 123.6950 0.892867 10.990877
247400 123.7000 0.891384 10.973368
247410 123.7050 0.890019 10.967703
247420 123.7100 0.888359 10.946427
247430 123.7150 0.886607 10.922957
247440 123.7200 0.884767 10.897166
247450 123.7250 0.882915 10.870027
247460 123.7300 0.881348 10.846150
247470 123.7350 0.880095 10.826464
247480 123.7400 0.878988 10.808623
247490 123.7450 0.877945 10.791445
247500 123.7500 0.876942 10.774557
247510 123.7550 0.875928 10.768914
247520 123.7600 0.874981 10.752352
247530 123.7650 0.873971 10.734354
247540 123.7700 0.873164 10.719732
247550 123.7750 0.872488 10.707319
247560 123.7800 0.871850 10.695466
247570 123.7850 0.871120 10.681721
247580 123.7900 0.870536 10.670616
247590 123.7950 0.870080 10.661880
247600 123.8000 0.869726 10.655032
247610 123.8050 0.869389 10.660641
247620 123.8100 0.869157 10.656117
247630 123.8150 0.869008 10.653204
247640 123.8200 0.869109 10.655180
247650 123.8250 0.869206 10.657077
247660 123.8300 0.869439 10.661618
247670 123.8350 0.869609 10.664926
247680 123.8400 0.869723 10.667122
247690 123.8450 0.869849 10.669564
247700 123.8500 0.869903 10.670619
247710 123.8550 0.870198 10.688404
247720 123.8600 0.870358 10.691465
247730 123.8650 0.870606 10.696203
247740 123.8700 0.871060 10.704839
247750 123.8750 0.871700 10.716899
247760 123.8800 0.872422 10.730311
247770 123.8850 0.873141 10.743517
247780 123.8900 0.873760 10.754733
247790 123.8950 0.874145 10.761636
247800 123.9000 0.874446 10.767008
247810 123.9050 0.874676 10.782869
247820 123.9100 0.874822 10.785451
247830 123.9150 0.874919 10.787162
247840 123.9200 0.874829 10.785575
247850 123.9250 0.874874 10.786366
247860 123.9300 0.874968 10.788031
247870 123.9350 0.875077 10.789944
247880 123.9400 0.875125 10.790786
247890 123.9450 0.875199 10.792087
247900 123.9500 0.875275 10.793422
247910 123.9550 0.875576 10.810364
247920 123.9600 0.875803 10.814301
247930 123.9650 0.875690 10.812341
247940 123.9700 0.875320 10.805894
247950 123.9750 0.875033 10.800862
247960 123.9800 0.874651 10.794129
247970 123.9850 0.874241 10.786832
247980 123.9900 0.873962 10.781839
247990 123.9950 0.873703 10.777168
248000 124.0000 0.873455 10.772688
248010 124.0050 0.873202 10.779852
248020 124.0100 0.872980 10.775789
248030 124.0150 0.872435 10.765755
248040 124.0200 0.871875 10.755351
248050 124.0250 0.871541 10.749086
248060 124.0300 0.871417 10.746753
248070 124.0350 0.871111 10.740970
248080 124.0400 0.871028 10.739382
248090 124.0450 0.871093 10.740622
248100 124.0500 0.871272 10.744001
248110 124.0550 0.871446 10.759143
248120 124.0600 0.871563 10.761360
248130 124.0650 0.871741 10.764690
248140 124.0700 0.872119 10.771756
248150 124.0750 0.872558 10.779882
248160 124.0800 0.872960 10.787276
248170 124.0850 0.873306 10.793584
248180 124.0900 0.873573 10.798424
248190 124.0950 0.873652 10.799844
248200 124.1000 0.873899 10.804304
248210 124.1050 0.874263 10.822475
248220 124.1100 0.874574 10.827997
248230 124.1150 0.874594 10.828363
248240 124.1200 0.874581 10.828129
248250 124.1250 0.874604 10.828532
248260 124.1300 0.874791 10.831835
248270 124.1350 0.874993 10.835395
248280 124.1400 0.875320 10.841114
248290 124.1450 0.875734 10.848306
248300 124.1500 0.876044 10.853655
248310 124.1550 0.876180 10.867490
248320 124.1600 0.876452 10.872126
248330 124.1650 0.876905 10.879797
248340 124.1700 0.877338 10.887069
248350 124.1750 0.877597 10.891378
248360 124.1800 0.877893 10.896274
248370 124.1850 0.878075 10.899272
248380 124.1900 0.878247 10.902090
248390 124.1950 0.878651 10.908650
248400 124.2000 0.879235 10.918047
248410 124.2050 0.879957 10.940786
248420 124.2100 0.880692 10.952213
248430 124.2150 0.881320 10.961815
248440 124.2200 0.881936 10.971081
248450 124.2250 0.882692 10.982271
248460 124.2300 0.883504 10.994034
248470 124.2350 0.884430 11.007127
248480 124.2400 0.885102 11.016431
248490 124.2450 0.885726 11.024911
248500 124.2500 0.886259 11.032035
248510 124.2550 0.886658 11.048236
248520 124.2600 0.887147 11.054601
248530 124.2650 0.887761 11.062454
248540 124.2700 0.888447 11.071052
248550 124.2750 0.889084 11.078881
248560 124.2800 0.889638 11.085565
248570 124.2850 0.890042 11.090352
248580 124.2900 0.890286 11.093224
248590 124.2950 0.890367 11.094169
248600 124.3000 0.890407 11.094634
248610 124.3050 0.890509 11.106564
248620 124.3100 0.890569 11.107263
248630 124.3150 0.890553 11.107073
248640 124.3200 0.890572 11.107294
248650 124.3250 0.890637 11.108053
248660 124.3300 0.890670 11.108433
248670 124.3350 0.890632 11.107990
248680 124.3400 0.890444 11.105811
248690 124.3450 0.890288 11.103997
248700 124.3500 0.890229 11.103296
248710 124.3550 0.890185 11.113511
248720 124.3600 0.890014 11.111495
248730 124.3650 0.889791 11.108858
248740 124.3700 0.889568 11.106187
248750 124.3750 0.889321 11.103223
248760 124.3800 0.888912 11.098252
248770 124.3850 0.888707 11.095727
248780 124.3900 0.888577 11.094126
248790 124.3950 0.888128 11.088531
248800 124.4000 0.887508 11.080671
248810 124.4050 0.886933 11.084029
248820 124.4100 0.886461 11.077837
248830 124.4150 0.886214 11.074559
248840 124.4200 0.886207 11.074467
248850 124.4250 0.886165 11.073913
248860 124.4300 0.886028 11.072072
248870 124.4350 0.885794 11.068937
248880 124.4400 0.885458 11.064372
248890 124.4450 0.885252 11.061564
248900 124.4500 0.885220 11.061128
248910 124.4550 0.885158 11.071117
248920 124.4600 0.885125 11.070669
248930 124.4650 0.885097 11.070274
248940 124.4700 0.885121 11.070605
248950 124.4750 0.885288 11.072904
248960 124.4800 0.885614 11.077348
248970 124.4850 0.886003 11.082584
248980 124.4900 0.886526 11.089540
248990 124.4950 0.886886 11.094268
249000 124.5000 0.887078 11.096766
249010 124.5050 0.887234 11.109518
249020 124.5100 0.887310 11.110498
249030 124.5150 0.887519 11.113187
249040 124.5200 0.887782 11.116529
249050 124.5250 0.887897 11.117989
249060 124.5300 0.887955 11.118721
249070 124.5350 0.887833 11.117174
249080 124.5400 0.887711 11.115624
249090 124.5450 0.887778 11.116481
249100 124.5500 0.887836 11.117208
249110 124.5550 0.887782 11.127209
249120 124.5600 0.887603 11.124932
249130 124.5650 0.887353 11.121742
249140 124.5700 0.886988 11.117015
249150 124.5750 0.886573 11.111579
249160 124.5800 0.886245 11.107240
249170 124.5850 0.885957 11.103390
249180 124.5900 0.885576 11.098237
249190 124.5950 0.885180 11.092828
249200 124.6000 0.884901 11.088970
249210 124.6050 0.884978 11.100809
249220 124.6100 0.885118 11.102731
249230 124.6150 0.884925 11.100067
249240 124.6200 0.884266 11.090842
249250 124.6250 0.883473 11.079488
249260 124.6300 0.882592 11.066574
249270 124.6350 0.881856 11.055542
249280 124.6400 0.881151 11.044747
249290 124.6450 0.880549 11.035373
249300 124.6500 0.880000 11.026688
249310 124.6550 0.879317 11.026667
249320 124.6600 0.878571 11.014439
249330 124.6650 0.877557 10.997462
249340 124.6700 0.876472 10.978805
249350 124.6750 0.875314 10.958368
249360 124.6800 0.874026 10.934981
249370 124.6850 0.872593 10.908163
249380 124.6900 0.870986 10.877096
249390 124.6950 0.869086 10.839026
249400 124.7000 0.867050 10.796675
249410 124.7050 0.864765 10.758947
249420 124.7100 0.862430 10.706414
249430 124.7150 0.860033 10.650451
249440 124.7200 0.857430 10.587443
249450 124.7250 0.854968 10.525824
249460 124.7300 0.852825 10.470689
249470 124.7350 0.850678 10.414123
249480 124.7400 0.848819 10.364123
249490 124.7450 0.846960 10.313285
249500 124.7500 0.845020 10.259340
249510 124.7550 0.843167 10.220653
249520 124.7600 0.841481 10.172524
249530 124.7650 0.839666 10.120116
249540 124.7700 0.837804 10.065805
249550 124.7750 0.835718 10.004393
249560 124.7800 0.833572 9.940682
249570 124.7850 0.831717 9.885243
249580 124.7900 0.830112 9.837095
249590 124.7950 0.828558 9.790363
249600 124.8000 0.827037 9.744565
249610 124.8050 0.825542 9.715160
249620 124.8100 0.824179 9.674067
249630 124.8150 0.822987 9.638139
249640 124.8200 0.821913 9.605813
249650 124.8250 0.820710 9.569653
249660 124.8300 0.819617 9.536885
249670 124.8350 0.818714 9.509883
249680 124.8400 0.817980 9.487973
249690 124.8450 0.817486 9.473236
249700 124.8500 0.817352 9.469247
249710 124.8550 0.817634 9.494574
249720 124.8600 0.817976 9.504783
249730 124.8650 0.818424 9.518137
249740 124.8700 0.818990 9.535046
249750 124.8750 0.819947 9.563698
249760 124.8800 0.821224 9.601979
249770 124.8850 0.822716 9.646804
249780 124.8900 0.824182 9.690935
249790 124.8950 0.825677 9.735933
249800 124.9000 0.827264 9.783690
249810 124.9050 0.829076 9.853583
249820 124.9100 0.830854 9.906820
249830 124.9150 0.832675 9.961050
249840 124.9200 0.834685 10.020547
249850 124.9250 0.836880 10.084942
249860 124.9300 0.839034 10.147454
249870 124.9350 0.841342 10.213580
249880 124.9400 0.843801 10.282865
249890 124.9450 0.846258 10.350753
249900 124.9500 0.848797 10.419350
249910 124.9550 0.851226 10.496342
249920 124.9600 0.853511 10.554956
249930 124.9650 0.855619 10.607612
249940 124.9700 0.857698 10.658079
249950 124.9750 0.859816 10.707957
249960 124.9800 0.861805 10.753328
249970 124.9850 0.863722 10.795688
249980 124.9900 0.865592 10.835637
249990 124.9950 0.867441 10.873792
250000 125.0000 0.869191 10.908663
250010 125.0050 0.870762 10.950215
250020 125.0100 0.872222 10.977382
250030 125.0150 0.873515 11.000713
250040 125.0200 0.874750 11.022319
250050 125.0250 0.875759 11.039492
250060 125.0300 0.876726 11.055541
250070 125.0350 0.877897 11.074424
250080 125.0400 0.878995 11.091603
250090 125.0450 0.879950 11.106126
250100 125.0500 0.880775 11.118345
250110 125.0550 0.881578 11.140648
250120 125.0600 0.882304 11.150903
250130 125.0650 0.883147 11.162521
250140 125.0700 0.883905 11.172702
250150 125.0750 0.884561 11.181315
250160 125.0800 0.885194 11.189446
250170 125.0850 0.885919 11.198541
250180 125.0900 0.886678 11.207812
250190 125.0950 0.887363 11.215977
250200 125.1000 0.888208 11.225758
250210 125.1050 0.889053 11.245601
250220 125.1100 0.890016 11.256016
250230 125.1150 0.891046 11.266723
250240 125.1200 0.891921 11.275458
250250 125.1250 0.892675 11.282714
250260 125.1300 0.893549 11.290833
250270 125.1350 0.894439 11.298759
250280 125.1400 0.895559 11.308271
250290 125.1450 0.896729 11.317644
250300 125.1500 0.898013 11.327285
250310 125.1550 0.899560 11.348068
250320 125.1600 0.901285 11.358879
250330 125.1650 0.902774 11.367251
250340 125.1700 0.904247 11.374682
250350 125.1750 0.905539 11.380514
250360 125.1800 0.906724 11.385306
250370 125.1850 0.907884 11.389492
250380 125.1900 0.908838 11.392568
250390 125.1950 0.909586 11.394750
250400 125.2000 0.910278 11.396590
250410 125.2050 0.910832 11.407820
250420 125.2100 0.911363 11.409014
250430 125.2150 0.911993 11.410302
250440 125.2200 0.912482 11.411207
250450 125.2250 0.913048 11.412150
250460 125.2300 0.913568 11.412922
250470 125.2350 0.913985 11.413475
250480 125.2400 0.914481 11.414055
250490 125.2450 0.915049 11.414622
250500 125.2500 0.915595 11.415065
250510 125.2550 0.915932 11.425118
250520 125.2600 0.916194 11.425267
250530 125.2650 0.916556 11.425436
250540 125.2700 0.916989 11.425583
250550 125.2750 0.917378 11.425663
250560 125.2800 0.917776 11.425695
250570 125.2850 0.918246 11.425669
250580 125.2900 0.918561 11.425612
250590 125.2950 0.918758 11.425561
250600 125.3000 0.918911 11.425513
250610 125.3050 0.919002 11.435280
250620 125.3100 0.918894 11.435318
250630 125.3150 0.918898 11.435316
250640 125.3200 0.918899 11.435316
250650 125.3250 0.918634 11.435394
250660 125.3300 0.918162 11.435477
250670 125.3350 0.917662 11.435487
250680 125.3400 0.917274 11.435440
250690 125.3450 0.916927 11.435357
250700 125.3500 0.916727 11.435291
250710 125.3550 0.916512 11.444978
250720 125.3600 0.916501 11.444973
250730 125.3650 0.916662 11.445039
250740 125.3700 0.916694 11.445051
250750 125.3750 0.916613 11.445020
250760 125.3800 0.916662 11.445039
250770 125.3850 0.916873 11.445113
250780 125.3900 0.917330 11.445222
250790 125.3950 0.917693 11.445260
250800 125.4000 0.917948 11.445261
250810 125.4050 0.918183 11.454988
250820 125.4100 0.918507 11.454934
250830 125.4150 0.918770 11.454865
250840 125.4200 0.918799 11.454856
250850 125.4250 0.918788 11.454859
250860 125.4300 0.918688 11.454889
250870 125.4350 0.918642 11.454901
250880 125.4400 0.918739 11.454874
250890 125.4450 0.918664 11.454895
250900 125.4500 0.918460 11.454944
250910 125.4550 0.918133 11.464712
250920 125.4600 0.917759 11.464725
250930 125.4650 0.917391 11.464693
250940 125.4700 0.917225 11.464663
250950 125.4750 0.916967 11.464599
250960 125.4800 0.916645 11.464487
250970 125.4850 0.916255 11.464305
250980 125.4900 0.915430 11.463747
250990 125.4950 0.914182 11.462456
251000 125.5000 0.912606 11.460036
251010 125.5050 0.910889 11.466072
251020 125.5100 0.909032 11.460860
251030 125.5150 0.907132 11.454146
251040 125.5200 0.905023 11.445024
251050 125.5250 0.902576 11.432178
251060 125.5300 0.899940 11.415543
251070 125.5350 0.897238 11.395414
251080 125.5400 0.894349 11.370370
251090 125.5450 0.891240 11.339259
251100 125.5500 0.888143 11.303935
251110 125.5550 0.884782 11.270759
251120 125.5600 0.881398 11.221894
251130 125.5650 0.877867 11.165270
251140 125.5700 0.873975 11.096295
251150 125.5750 0.869828 11.015394
251160 125.5800 0.865566 10.924571
251170 125.5850 0.861212 10.824185
251180 125.5900 0.856666 10.711701
251190 125.5950 0.851915 10.586548
251200 125.6000 0.847054 10.451445
251210 125.6050 0.842307 10.326495
251220 125.6100 0.837585 10.184746
251230 125.6150 0.832678 10.033812
251240 125.6200 0.827708 9.878632
251250 125.6250 0.822601 9.718323
251260 125.6300 0.817269 9.551835
251270 125.6350 0.811748 9.382406
251280 125.6400 0.806404 9.223246
251290 125.6450 0.801089 9.071414
251300 125.6500 0.795791 8.928232
251310 125.6550 0.790390 8.811752
251320 125.6600 0.784904 8.684962
251330 125.6650 0.779390 8.570507
251340 125.6700 0.774108 8.474133
251350 125.6750 0.768982 8.393737
251360 125.6800 0.764084 8.329435
251370 125.6850 0.759472 8.280334
251380 125.6900 0.754921 8.242823
251390 125.6950 0.750519 8.216838
251400 125.7000 0.746475 8.201753
251410 125.7050 0.742757 8.219210
251420 125.7100 0.739277 8.218968
251430 125.7150 0.736101 8.223652
251440 125.7200 0.733392 8.231220
251450 125.7250 0.731067 8.240255
251460 125.7300 0.729050 8.249924
251470 125.7350 0.727509 8.258436
251480 125.7400 0.726651 8.263583
251490 125.7450 0.726179 8.266537
251500 125.7500 0.726007 8.267640
251510 125.7550 0.726378 8.288976
251520 125.7600 0.727184 8.284039
251530 125.7650 0.728340 8.277397
251540 125.7700 0.729846 8.269531
251550 125.7750 0.731752 8.260891
251560 125.7800 0.734121 8.252248
251570 125.7850 0.737303 8.244433
251580 125.7900 0.740822 8.241045
251590 125.7950 0.744687 8.243930
251600 125.8000 0.748790 8.254832
251610 125.8050 0.753321 8.300210
251620 125.8100 0.758157 8.334490
251630 125.8150 0.763335 8.384225
251640 125.8200 0.768436 8.446408
251650 125.8250 0.773503 8.520937
251660 125.8300 0.778556 8.607603
251670 125.8350 0.783666 8.707200
251680 125.8400 0.788577 8.813571
251690 125.8450 0.793589 8.932038
251700 125.8500 0.798624 9.060092
251710 125.8550 0.803890 9.221317
251720 125.8600 0.809204 9.371875
251730 125.8650 0.814486 9.526887
251740 125.8700 0.819600 9.680470
251750 125.8750 0.824526 9.830114
251760 125.8800 0.829127 9.970146
251770 125.8850 0.833635 10.106398
251780 125.8900 0.837993 10.236162
251790 125.8950 0.842138 10.356947
251800 125.9000 0.846024 10.467127
251810 125.9050 0.849897 10.586095
251820 125.9100 0.853342 10.676987
251830 125.9150 0.856462 10.756072
251840 125.9200 0.859582 10.831870
251850 125.9250 0.862680 10.903599
251860 125.9300 0.865674 10.969416
251870 125.9350 0.868498 11.028165
251880 125.9400 0.871244 11.082121
251890 125.9450 0.873951 11.132120
251900 125.9500 0.876508 11.176398
251910 125.9550 0.879071 11.228340
251920 125.9600 0.881370 11.262976
251930 125.9650 0.883383 11.291303
251940 125.9700 0.885416 11.318033
251950 125.9750 0.887175 11.339626
251960 125.9800 0.888731 11.357551
251970 125.9850 0.890139 11.372825
251980 125.9900 0.891394 11.385672
251990 125.9950 0.892281 11.394324
252000 126.0000 0.893135 11.402318
252010 126.0050 0.893785 11.418055
252020 126.0100 0.894206 11.421753
252030 126.0150 0.894432 11.423704
252040 126.0200 0.894907 11.427733
252050 126.0250 0.895171 11.429930
252060 126.0300 0.895204 11.430203
252070 126.0350 0.895049 11.428916
252080 126.0400 0.894727 11.426220
252090 126.0450 0.894253 11.422163
252100 126.0500 0.893590 11.416313
252110 126.0550 0.892866 11.419520
252120 126.0600 0.892182 11.413055
252130 126.0650 0.891218 11.403578
252140 126.0700 0.889896 11.389892
252150 126.0750 0.888368 11.373058
252160 126.0800 0.886829 11.355013
252170 126.0850 0.885423 11.337557
252180 126.0900 0.883975 11.318626
252190 126.0950 0.882472 11.297934
252200 126.1000 0.880948 11.275888
252210 126.1050 0.879488 11.263954
252220 126.1100 0.877872 11.238290
252230 126.1150 0.876022 11.207411
252240 126.1200 0.874101 11.173690
252250 126.1250 0.871871 11.132446
252260 126.1300 0.869476 11.085667
252270 126.1350 0.866814 11.030762
252280 126.1400 0.863961 10.968575
252290 126.1450 0.861255 10.906561
252300 126.1500 0.858361 10.837073
252310 126.1550 0.855320 10.772339
252320 126.1600 0.852416 10.696485
252330 126.1650 0.849476 10.616973
252340 126.1700 0.846765 10.541420
252350 126.1750 0.844220 10.468747
252360 126.1800 0.841579 10.391758
252370 126.1850 0.838539 10.301372
252380 126.1900 0.835290 10.203089
252390 126.1950 0.831869 10.098159
252400 126.2000 0.828150 9.982940
252410 126.2050 0.824403 9.880934
252420 126.2100 0.820649 9.764099
252430 126.2150 0.816776 9.644324
252440 126.2200 0.812784 9.522416
252450 126.2250 0.808838 9.404234
252460 126.2300 0.805108 9.295341
252470 126.2350 0.801395 9.190224
252480 126.2400 0.797690 9.089160
252490 126.2450 0.793999 8.992831
252500 126.2500 0.790388 8.903255
252510 126.2550 0.786901 8.841270
252520 126.2600 0.783565 8.767578
252530 126.2650 0.780528 8.704653
252540 126.2700 0.777594 8.647740
252550 126.2750 0.774706 8.595619
252560 126.2800 0.772068 8.551479
252570 126.2850 0.769592 8.513129
252580 126.2900 0.767167 8.478498
252590 126.2950 0.765020 8.450289
252600 126.3000 0.763147 8.427573
252610 126.3050 0.761550 8.432255
252620 126.3100 0.760176 8.417804
252630 126.3150 0.759138 8.407507
252640 126.3200 0.758397 8.400490
252650 126.3250 0.757717 8.394283
252660 126.3300 0.757099 8.388851
252670 126.3350 0.756505 8.383805
252680 126.3400 0.755965 8.379369
252690 126.3450 0.755692 8.377179
252700 126.3500 0.755657 8.376902
252710 126.3550 0.755804 8.401051
252720 126.3600 0.756059 8.403105
252730 126.3650 0.756338 8.405389
252740 126.3700 0.756913 8.410220
252750 126.3750 0.757623 8.416404
252760 126.3800 0.758863 8.427800
252770 126.3850 0.760321 8.442156
252780 126.3900 0.761681 8.456488
252790 126.3950 0.763227 8.473882
252800 126.4000 0.764741 8.492037
252810 126.4050 0.766488 8.536614
252820 126.4100 0.768232 8.560351
252830 126.4150 0.770383 8.591586
252840 126.4200 0.772671 8.627183
252850 126.4250 0.775072 8.667118
252860 126.4300 0.777694 8.713701
252870 126.4350 0.780354 8.764045
252880 126.4400 0.783087 8.818916
252890 126.4450 0.785854 8.877586
252900 126.4500 0.788580 8.938346
252910 126.4550 0.791298 9.021306
252920 126.4600 0.793929 9.085016
252930 126.4650 0.796465 9.148596
252940 126.4700 0.798802 9.208912
252950 126.4750 0.801142 9.270848
252960 126.4800 0.803262 9.328177
252970 126.4850 0.805417 9.387576
252980 126.4900 0.807808 9.454674
252990 126.4950 0.810168 9.521969
253000 126.5000 0.812422 9.587121
253010 126.5050 0.814681 9.669502
253020 126.5100 0.816856 9.733591
253030 126.5150 0.818999 9.797125
253040 126.5200 0.821308 9.865891
253050 126.5250 0.823626 9.935106
253060 126.5300 0.825714 9.997491
253070 126.5350 0.827579 10.053178
253080 126.5400 0.829302 10.104480
253090 126.5450 0.831064 10.156741
253100 126.5500 0.832838 10.209152
253110 126.5550 0.834619 10.275159
253120 126.5600 0.836370 10.326154
253130 126.5650 0.837922 10.370971
253140 126.5700 0.839312 10.410790
253150 126.5750 0.840437 10.442749
253160 126.5800 0.841318 10.467595
253170 126.5850 0.842033 10.487672
253180 126.5900 0.842632 10.504373
253190 126.5950 0.843108 10.517618
253200 126.6000 0.843257 10.521750
253210 126.6050 0.843286 10.535170
253220 126.6100 0.843337 10.536570
253230 126.6150 0.843346 10.536827
253240 126.6200 0.842799 10.521653
253250 126.6250 0.842058 10.500969
253260 126.6300 0.841003 10.471328
253270 126.6350 0.839645 10.432857
253280 126.6400 0.838082 10.388126
253290 126.6450 0.836428 10.340336
253300 126.6500 0.834766 10.291903
253310 126.6550 0.833061 10.255283
253320 126.6600 0.831175 10.199470
253330 126.6650 0.829122 10.138344
253340 126.6700 0.826930 10.072739
253350 126.6750 0.824481 9.999162
253360 126.6800 0.821756 9.917210
253370 126.6850 0.818954 9.833049
253380 126.6900 0.816134 9.748727
253390 126.6950 0.813384 9.667120
253400 126.7000 0.810824 9.591939
253410 126.7050 0.808309 9.535311
253420 126.7100 0.805746 9.462040
253430 126.7150 0.803156 9.389279
253440 126.7200 0.800595 9.318779
253450 126.7250 0.798035 9.249940
253460 126.7300 0.795339 9.179402
253470 126.7350 0.792756 9.113837
253480 126.7400 0.790281 9.053020
253490 126.7450 0.787868 8.995770
253500 126.7500 0.785482 8.941219
253510 126.7550 0.783195 8.910566
253520 126.7600 0.780699 8.858025
253530 126.7650 0.778290 8.809713
253540 126.7700 0.776098 8.767851
253550 126.7750 0.774022 8.730117
253560 126.7800 0.772141 8.697567
253570 126.7850 0.770549 8.671253
253580 126.7900 0.769282 8.651123
253590 126.7950 0.768137 8.633573
253600 126.8000 0.767134 8.618690
253610 126.8050 0.766209 8.626859
253620 126.8100 0.765491 8.616797
253630 126.8150 0.765056 8.610823
253640 126.8200 0.765104 8.611479
253650 126.8250 0.765178 8.612494
253660 126.8300 0.765153 8.612151
253670 126.8350 0.765266 8.613695
253680 126.8400 0.765453 8.616275
253690 126.8450 0.765690 8.619564
253700 126.8500 0.766107 8.625416
253710 126.8550 0.766571 8.653466
253720 126.8600 0.767044 8.660288
253730 126.8650 0.767719 8.670224
253740 126.8700 0.768491 8.681821
253750 126.8750 0.769366 8.695276
253760 126.8800 0.770625 8.715252
253770 126.8850 0.771796 8.734447
253780 126.8900 0.773011 8.754991
253790 126.8950 0.774221 8.776072
253800 126.9000 0.775483 8.798716
253810 126.9050 0.776779 8.843098
253820 126.9100 0.778189 8.869918
253830 126.9150 0.779692 8.899376
253840 126.9200 0.780748 8.920581
253850 126.9250 0.781618 8.938382
253860 126.9300 0.782779 8.962578
253870 126.9350 0.784061 8.989868
253880 126.9400 0.785570 9.022766
253890 126.9450 0.787122 9.057428
253900 126.9500 0.788568 9.090458
253910 126.9550 0.789988 9.142367
253920 126.9600 0.791120 9.169218
253930 126.9650 0.792424 9.200602
253940 126.9700 0.793860 9.235759
253950 126.9750 0.795409 9.274306
253960 126.9800 0.797109 9.317362
253970 126.9850 0.798767 9.360056
253980 126.9900 0.800161 9.396455
253990 126.9950 0.801690 9.436909
254000 127.0000 0.803467 9.484504
254010 127.0050 0.805264 9.550143
254020 127.0100 0.807191 9.603038
254030 127.0150 0.808993 9.652991
254040 127.0200 0.810646 9.699238
254050 127.0250 0.812290 9.745516
254060 127.0300 0.813762 9.787180
254070 127.0350 0.815012 9.822731
254080 127.0400 0.816118 9.854242
254090 127.0450 0.817233 9.886109
254100 127.0500 0.817996 9.907960
254110 127.0550 0.818697 9.943005
254120 127.0600 0.819187 9.957049
254130 127.0650 0.819515 9.966462
254140 127.0700 0.819538 9.967113
254150 127.0750 0.819329 9.961141
254160 127.0800 0.819096 9.954461
254170 127.0850 0.818592 9.939997
254180 127.0900 0.817887 9.919815
254190 127.0950 0.817160 9.898999
254200 127.1000 0.816452 9.878759
254210 127.1050 0.815600 9.869530
254220 127.1100 0.814828 9.847533
254230 127.1150 0.813976 9.823266
254240 127.1200 0.812751 9.788507
254250 127.1250 0.811328 9.748255
254260 127.1300 0.809833 9.706193
254270 127.1350 0.808401 9.666142
254280 127.1400 0.806992 9.626998
254290 127.1450 0.805394 9.582912
254300 127.1500 0.803781 9.538860
254310 127.1550 0.802110 9.510276
254320 127.1600 0.800474 9.466531
254330 127.1650 0.798840 9.423382
254340 127.1700 0.797359 9.384760
254350 127.1750 0.795662 9.341125
254360 127.1800 0.793896 9.296453
254370 127.1850 0.792051 9.250645
254380 127.1900 0.789962 9.199921
254390 127.1950 0.787913 9.151407
254400 127.2000 0.785865 9.104222
254410 127.2050 0.784062 9.082529
254420 127.2100 0.782513 9.048646
254430 127.2150 0.780865 9.013474
254440 127.2200 0.779284 8.980649
254450 127.2250 0.777489 8.944479
254460 127.2300 0.775707 8.909751
254470 127.2350 0.773930 8.876342
254480 127.2400 0.772382 8.848257
254490 127.2450 0.771153 8.826629
254500 127.2500 0.770133 8.809144
254510 127.2550 0.769168 8.813365
254520 127.2600 0.768476 8.802014
254530 127.2650 0.768094 8.795833
254540 127.2700 0.767915 8.792972
254550 127.2750 0.767931 8.793218
254560 127.2800 0.767936 8.793296
254570 127.2850 0.768013 8.794540
254580 127.2900 0.768171 8.797086
254590 127.2950 0.768433 8.801312
254600 127.3000 0.768924 8.809345
254610 127.3050 0.769605 8.840984
254620 127.3100 0.770502 8.856140
254630 127.3150 0.771564 8.874486
254640 127.3200 0.772717 8.894894
254650 127.3250 0.773770 8.913983
254660 127.3300 0.774662 8.930479
254670 127.3350 0.775475 8.945757
254680 127.3400 0.776314 8.961802
254690 127.3450 0.777258 8.980160
254700 127.3500 0.778063 8.996060
254710 127.3550 0.778838 9.030906
254720 127.3600 0.779486 9.044036
254730 127.3650 0.780287 9.060472
254740 127.3700 0.781109 9.077558
254750 127.3750 0.781779 9.091656
254760 127.3800 0.782261 9.101883
254770 127.3850 0.782717 9.111628
254780 127.3900 0.783221 9.122484
254790 127.3950 0.783807 9.135196
254800 127.4000 0.784471 9.149724
254810 127.4050 0.785216 9.184690
254820 127.4100 0.785936 9.200763
254830 127.4150 0.786669 9.217274
254840 127.4200 0.787243 9.230296
254850 127.4250 0.787834 9.243809
254860 127.4300 0.788529 9.259840
254870 127.4350 0.789143 9.274093
254880 127.4400 0.789652 9.285998
254890 127.4450 0.790185 9.298515
254900 127.4500 0.790818 9.313479
254910 127.4550 0.791682 9.351768
254920 127.4600 0.792709 9.376479
254930 127.4650 0.793520 9.396167
254940 127.4700 0.794061 9.409394
254950 127.4750 0.794402 9.417756
254960 127.4800 0.794600 9.422605
254970 127.4850 0.794892 9.429798
254980 127.4900 0.795259 9.438884
254990 127.4950 0.795683 9.449392
255000 127.5000 0.796066 9.458904
255010 127.5050 0.796456 9.485611
255020 127.5100 0.796840 9.495224
255030 127.5150 0.797165 9.503391
255040 127.5200 0.797635 9.515211
255050 127.5250 0.798119 9.527428
255060 127.5300 0.798472 9.536377
255070 127.5350 0.798806 9.544848
255080 127.5400 0.799225 9.555521
255090 127.5450 0.799832 9.571019
255100 127.5500 0.800592 9.590494
255110 127.5550 0.801308 9.625327
255120 127.5600 0.802230 9.649193
255130 127.5650 0.803292 9.676821
255140 127.5700 0.804239 9.701571
255150 127.5750 0.805138 9.725192
255160 127.5800 0.806079 9.749983
255170 127.5850 0.807223 9.780266
255180 127.5900 0.808678 9.818949
255190 127.5950 0.810048 9.855538
255200 127.6000 0.811308 9.889302
255210 127.6050 0.812474 9.935678
255220 127.6100 0.813468 9.962415
255230 127.6150 0.814316 9.985279
255240 127.6200 0.815200 10.009090
255250 127.6250 0.815931 10.028816
255260 127.6300 0.816582 10.046368
255270 127.6350 0.816929 10.055738
255280 127.6400 0.817321 10.066320
255290 127.6450 0.817687 10.076183
255300 127.6500 0.817982 10.084137
255310 127.6550 0.818301 10.107018
255320 127.6600 0.818588 10.114760
255330 127.6650 0.818763 10.119473
255340 127.6700 0.818922 10.123744
255350 127.6750 0.818744 10.118944
255360 127.6800 0.818270 10.106176
255370 127.6850 0.817507 10.085603
255380 127.6900 0.816450 10.057070
255390 127.6950 0.815397 10.028659
255400 127.7000 0.813989 9.990674
255410 127.7050 0.812156 9.955911
255420 127.7100 0.809785 9.892204
255430 127.7150 0.807148 9.821697
255440 127.7200 0.804418 9.749305
255450 127.7250 0.801674 9.677264
255460 127.7300 0.798805 9.602989
255470 127.7350 0.795875 9.528429
255480 127.7400 0.792915 9.454619
255490 127.7450 0.790040 9.384650
255500 127.7500 0.787255 9.318636
255510 127.7550 0.784480 9.272412
255520 127.7600 0.781590 9.208010
255530 127.7650 0.778831 9.148770
255540 127.7700 0.776276 9.095943
255550 127.7750 0.773805 9.046874
255560 127.7800 0.771372 9.000558
255570 127.7850 0.769003 8.957448
255580 127.7900 0.766700 8.917520
255590 127.7950 0.764782 8.885805
255600 127.8000 0.763005 8.857676
255610 127.8050 0.761177 8.850126
255620 127.8100 0.759356 8.823913
255630 127.8150 0.757468 8.798128
255640 127.8200 0.755672 8.774967
255650 127.8250 0.754242 8.757476
255660 127.8300 0.752901 8.741843
255670 127.8350 0.751829 8.729901
255680 127.8400 0.750785 8.718731
255690 127.8450 0.750147 8.712130
255700 127.8500 0.749817 8.708787
255710 127.8550 0.749832 8.729885
255720 127.8600 0.750231 8.733933
255730 127.8650 0.750844 8.740282
255740 127.8700 0.751589 8.748216
255750 127.8750 0.752491 8.758127
255760 127.8800 0.753534 8.770017
255770 127.8850 0.754728 8.784159
255780 127.8900 0.756112 8.801292
255790 127.8950 0.757622 8.820867
255800 127.9000 0.759352 8.844416
255810 127.9050 0.761218 8.891287
255820 127.9100 0.763340 8.923269
255830 127.9150 0.765569 8.958649
255840 127.9200 0.767580 8.992117
255850 127.9250 0.769840 9.031399
255860 127.9300 0.772200 9.074283
255870 127.9350 0.774461 9.117081
255880 127.9400 0.776710 9.161238
255890 127.9450 0.778882 9.205299
255900 127.9500 0.781026 9.250132
255910 127.9550 0.782999 9.310480
255920 127.9600 0.784781 9.349590
255930 127.9650 0.786518 9.388415
255940 127.9700 0.788418 9.431670
255950 127.9750 0.790451 9.478793
255960 127.9800 0.792377 9.524207
255970 127.9850 0.794090 9.565176
255980 127.9900 0.795731 9.604866
255990 127.9950 0.797256 9.642151
256000 128.0000 0.798592 9.675096
256010 128.0050 0.799507 9.713759
256020 128.0100 0.800223 9.731589
256030 128.0150 0.800944 9.749617
256040 128.0200 0.801609 9.766283
256050 128.0250 0.802082 9.778173
256060 128.0300 0.802490 9.788430
256070 128.0350 0.802705 9.793851
256080 128.0400 0.802889 9.798506
256090 128.0450 0.802848 9.797474
256100 128.0500 0.802707 9.793908
256110 128.0550 0.802424 9.802251
256120 128.0600 0.802166 9.795736
256130 128.0650 0.802035 9.792440
256140 128.0700 0.801729 9.784772
256150 128.0750 0.801161 9.770509
256160 128.0800 0.800318 9.749422
256170 128.0850 0.799711 9.734271
256180 128.0900 0.798980 9.716093
256190 128.0950 0.798344 9.700352
256200 128.1000 0.797594 9.681821
256210 128.1050 0.796782 9.677807
256220 128.1100 0.796014 9.658992
256230 128.1150 0.795039 9.635231
256240 128.1200 0.793844 9.606291
256250 128.1250 0.792403 9.571706
256260 128.1300 0.791029 9.539013
256270 128.1350 0.789539 9.503951
256280 128.1400 0.788015 9.468537
256290 128.1450 0.786569 9.435349
256300 128.1500 0.785135 9.402857
256310 128.1550 0.783627 9.386424
256320 128.1600 0.782205 9.355135
256330 128.1650 0.780718 9.322911
256340 128.1700 0.779290 9.292474
256350 128.1750 0.777888 9.263106
256360 128.1800 0.776519 9.234928
256370 128.1850 0.775231 9.208873
256380 128.1900 0.774140 9.187180
256390 128.1950 0.773325 9.171201
256400 128.2000 0.772433 9.153938
256410 128.2050 0.771633 9.157141
256420 128.2100 0.771131 9.147643
256430 128.2150 0.770756 9.140600
256440 128.2200 0.770575 9.137217
256450 128.2250 0.770397 9.133894
256460 128.2300 0.770229 9.130783
256470 128.2350 0.770195 9.130151
256480 128.2400 0.770417 9.134273
256490 128.2450 0.770649 9.138595
256500 128.2500 0.770843 9.142231
256510 128.2550 0.770945 9.162704
256520 128.2600 0.771226 9.167978
256530 128.2650 0.771503 9.173220
256540 128.2700 0.771806 9.178975
256550 128.2750 0.772237 9.187203
256560 128.2800 0.772725 9.196598
256570 128.2850 0.773064 9.203142
256580 128.2900 0.773254 9.206836
256590 128.2950 0.773284 9.207416
256600 128.3000 0.773262 9.206992
256610 128.3050 0.773348 9.226887
256620 128.3100 0.773386 9.227634
256630 128.3150 0.773474 9.229339
256640 128.3200 0.773355 9.227023
256650 128.3250 0.773054 9.221171
256660 128.3300 0.772754 9.215377
256670 128.3350 0.772366 9.207898
256680 128.3400 0.771879 9.198581
256690 128.3450 0.771164 9.185022
256700 128.3500 0.770469 9.171987
256710 128.3550 0.769879 9.179412
256720 128.3600 0.769504 9.172513
256730 128.3650 0.769271 9.168238
256740 128.3700 0.768975 9.162818
256750 128.3750 0.768778 9.159230
256760 128.3800 0.768500 9.154203
256770 128.3850 0.768326 9.151055
256780 128.3900 0.768126 9.147455
256790 128.3950 0.767822 9.141989
256800 128.4000 0.767366 9.133876
256810 128.4050 0.766688 9.140490
256820 128.4100 0.766063 9.129588
256830 128.4150 0.765825 9.125466
256840 128.4200 0.765527 9.120317
256850 128.4250 0.765221 9.115065
256860 128.4300 0.764793 9.107770
256870 128.4350 0.764199 9.097745
256880 128.4400 0.763611 9.087927
256890 128.4450 0.762921 9.076550
256900 128.4500 0.762275 9.066024
256910 128.4550 0.761508 9.072649
256920 128.4600 0.760943 9.063710
256930 128.4650 0.760453 9.056018
256940 128.4700 0.759843 9.046570
256950 128.4750 0.759183 9.036466
256960 128.4800 0.758610 9.027825
256970 128.4850 0.758016 9.018981
256980 128.4900 0.757370 9.009495
256990 128.4950 0.756555 8.997732
257000 128.5000 0.755614 8.984436
257010 128.5050 0.754593 8.989734
257020 128.5100 0.753450 8.974397
257030 128.5150 0.752173 8.957785
257040 128.5200 0.750852 8.941219
257050 128.5250 0.749617 8.926295
257060 128.5300 0.748450 8.912712
257070 128.5350 0.747286 8.899659
257080 128.5400 0.746335 8.889365
257090 128.5450 0.745495 8.880550
257100 128.5500 0.744762 8.873082
257110 128.5550 0.744082 8.886330
257120 128.5600 0.743413 8.879862
257130 128.5650 0.742737 8.873488
257140 128.5700 0.742132 8.867928
257150 128.5750 0.741790 8.864852
257160 128.5800 0.741385 8.861258
257170 128.5850 0.740972 8.857662
257180 128.5900 0.740724 8.855536
257190 128.5950 0.740605 8.854523
257200 128.6000 0.740657 8.854971
257210 128.6050 0.740489 8.873645
257220 128.6100 0.740177 8.871032
257230 128.6150 0.739902 8.868750
257240 128.6200 0.739650 8.866692
257250 128.6250 0.739660 8.866770
257260 128.6300 0.739733 8.867364
257270 128.6350 0.739860 8.868405
257280 128.6400 0.739806 8.867965
257290 128.6450 0.739492 8.865414
257300 128.6500 0.739574 8.866070
257310 128.6550 0.739898 8.888762
257320 128.6600 0.740383 8.892795
257330 128.6650 0.740866 8.896896
257340 128.6700 0.741305 8.900695
257350 128.6750 0.741615 8.903419
257360 128.6800 0.741774 8.904833
257370 128.6850 0.741733 8.904468
257380 128.6900 0.741704 8.904205
257390 128.6950 0.741817 8.905218
257400 128.7000 0.741874 8.905727
257410 128.7050 0.741788 8.924775
257420 128.7100 0.741773 8.924641
257430 128.7150 0.741875 8.925557
257440 128.7200 0.741983 8.926525
257450 128.7250 0.742035 8.926992
257460 128.7300 0.742107 8.927637
257470 128.7350 0.742212 8.928591
257480 128.7400 0.742283 8.929235
257490 128.7450 0.742243 8.928867
257500 128.7500 0.742042 8.927054
257510 128.7550 0.741965 8.946059
257520 128.7600 0.741903 8.945511
257530 128.7650 0.741901 8.945490
257540 128.7700 0.742066 8.946971
257550 128.7750 0.742266 8.948777
257560 128.7800 0.742394 8.949945
257570 128.7850 0.742523 8.951126
257580 128.7900 0.742907 8.954673
257590 128.7950 0.743436 8.959640
257600 128.8000 0.743981 8.964862
257610 128.8050 0.744420 8.988637
257620 128.8100 0.744511 8.989531
257630 128.8150 0.744629 8.990690
257640 128.8200 0.744716 8.991554
257650 128.8250 0.744615 8.990553
257660 128.8300 0.744284 8.987301
257670 128.8350 0.743950 8.984058
257680 128.8400 0.743592 8.980619
257690 128.8450 0.743215 8.977044
257700 128.8500 0.742753 8.972739
257710 128.8550 0.742297 8.987997
257720 128.8600 0.741944 8.984803
257730 128.8650 0.741883 8.984258
257740 128.8700 0.741856 8.984019
257750 128.8750 0.741780 8.983339
257760 128.8800 0.741620 8.981908
257770 128.8850 0.741391 8.979883
257780 128.8900 0.741147 8.977748
257790 128.8950 0.740786 8.974616
257800 128.9000 0.740449 8.971733
257810 128.9050 0.740091 8.988169
257820 128.9100 0.739709 8.984999
257830 128.9150 0.739197 8.980810
257840 128.9200 0.738463 8.974965
257850 128.9250 0.737699 8.969076
257860 128.9300 0.736960 8.963555
257870 128.9350 0.736113 8.957455
257880 128.9400 0.735121 8.950609
257890 128.9450 0.734190 8.944491
257900 128.9500 0.733500 8.940143
257910 128.9550 0.732807 8.955566
257920 128.9600 0.732051 8.951153
257930 128.9650 0.731293 8.946925
257940 128.9700 0.730738 8.943950
257950 128.9750 0.730085 8.940581
257960 128.9800 0.729320 8.936814
257970 128.9850 0.728554 8.933238
257980 128.9900 0.727945 8.930533
257990 128.9950 0.727563 8.928900
258000 129.0000 0.727261 8.927645
258010 129.0050 0.727007 8.946314
258020 129.0100 0.726883 8.945816
258030 129.0150 0.726859 8.945723
258040 129.0200 0.726917 8.945953
258050 129.0250 0.726845 8.945668
258060 129.0300 0.726597 8.944691
258070 129.0350 0.726234 8.943301
258080 129.0400 0.725866 8.941935
258090 129.0450 0.725442 8.940420
258100 129.0500 0.725238 8.939711
258110 129.0550 0.725220 8.959283
258120 129.0600 0.725235 8.959333
258130 129.0650 0.725164 8.959090
258140 129.0700 0.725142 8.959013
258150 129.0750 0.725149 8.959037
258160 129.0800 0.725275 8.959471
258170 129.0850 0.725376 8.959822
258180 129.0900 0.725704 8.960982
258190 129.0950 0.726139 8.962574
258200 129.1000 0.726755 8.964934
258210 129.1050 0.727352 8.986830
258220 129.1100 0.728007 8.989593
258230 129.1150 0.728856 8.993372
258240 129.1200 0.729998 8.998812
258250 129.1250 0.731243 9.005201
258260 129.1300 0.732720 9.013403
258270 129.1350 0.734197 9.022276
258280 129.1400 0.735422 9.030145
258290 129.1450 0.736576 9.037971
258300 129.1500 0.737615 9.045365
258310 129.1550 0.738500 9.070978
258320 129.1600 0.739310 9.077176
258330 129.1650 0.740178 9.084030
258340 129.1700 0.740853 9.089517
258350 129.1750 0.741314 9.093333
258360 129.1800 0.741592 9.095663
258370 129.1850 0.741825 9.097640
258380 129.1900 0.741803 9.097449
258390 129.1950 0.741704 9.096614
258400 129.2000 0.741688 9.096475
258410 129.2050 0.741519 9.113844
258420 129.2100 0.741323 9.112196
258430 129.2150 0.741034 9.109794
258440 129.2200 0.740875 9.108482
258450 129.2250 0.740610 9.106313
258460 129.2300 0.740251 9.103403
258470 129.2350 0.739717 9.099140
258480 129.2400 0.739198 9.095078
258490 129.2450 0.738590 9.090419
258500 129.2500 0.738073 9.086536
258510 129.2550 0.737568 9.101657
258520 129.2600 0.737303 9.099736
258530 129.2650 0.737028 9.097759
258540 129.2700 0.736690 9.095362
258550 129.2750 0.736302 9.092649
258560 129.2800 0.735889 9.089806
258570 129.2850 0.735460 9.086903
258580 129.2900 0.735039 9.084105
258590 129.2950 0.734781 9.082416
258600 129.3000 0.734571 9.081058
258610 129.3050 0.734240 9.097808
258620 129.3100 0.733534 9.093389
258630 129.3150 0.732743 9.088599
258640 129.3200 0.731938 9.083904
258650 129.3250 0.731092 9.079163
258660 129.3300 0.730097 9.073848
258670 129.3350 0.728971 9.068166
258680 129.3400 0.727732 9.062328
258690 129.3450 0.726666 9.057653
258700 129.3500 0.725643 9.053471
258710 129.3550 0.724667 9.068775
258720 129.3600 0.723725 9.065443
258730 129.3650 0.722967 9.062943
258740 129.3700 0.722309 9.060900
258750 129.3750 0.721716 9.059166
258760 129.3800 0.721426 9.058352
258770 129.3850 0.721234 9.057827
258780 129.3900 0.721030 9.057281
258790 129.3950 0.720837 9.056776
258800 129.4000 0.720666 9.056334
258810 129.4050 0.720722 9.075481
258820 129.4100 0.720809 9.075706
258830 129.4150 0.720980 9.076152
258840 129.4200 0.721334 9.077102
258850 129.4250 0.722021 9.079044
258860 129.4300 0.722948 9.081867
258870 129.4350 0.724111 9.085738
258880 129.4400 0.725257 9.089913
258890 129.4450 0.726669 9.095549
258900 129.4500 0.728270 9.102590
258910 129.4550 0.729861 9.129014
258920 129.4600 0.731515 9.137679
258930 129.4650 0.733252 9.147541
258940 129.4700 0.735071 9.158694
258950 129.4750 0.737187 9.172725
258960 129.4800 0.739538 9.189632
258970 129.4850 0.741955 9.208450
258980 129.4900 0.744403 9.228986
258990 129.4950 0.746984 9.252211
259000 129.5000 0.749620 9.277581
259010 129.5050 0.752236 9.322226
259020 129.5100 0.754745 9.349354
259030 129.5150 0.757414 9.379770
259040 129.5200 0.760015 9.410897
259050 129.5250 0.762580 9.443023
259060 129.5300 0.765313 9.478771
259070 129.5350 0.768203 9.518250
259080 129.5400 0.771012 9.558228
259090 129.5450 0.773789 9.599271
259100 129.5500 0.776329 9.638108
259110 129.5550 0.778770 9.692687
259120 129.5600 0.781073 9.729887
259130 129.5650 0.783195 9.764958
259140 129.5700 0.785249 9.799606
259150 129.5750 0.786937 9.828570
259160 129.5800 0.788365 9.853435
259170 129.5850 0.789664 9.876304
259180 129.5900 0.790606 9.893036
259190 129.5950 0.791554 9.909995
259200 129.6000 0.792418 9.925581
259210 129.6050 0.793316 9.956784
259220 129.6100 0.794033 9.969868
259230 129.6150 0.794309 9.974921
259240 129.6200 0.794168 9.972329
259250 129.6250 0.793807 9.965727
259260 129.6300 0.793351 9.957418
259270 129.6350 0.792689 9.945394
259280 129.6400 0.792016 9.933225
259290 129.6450 0.791074 9.916299
259300 129.6500 0.789777 9.893176
259310 129.6550 0.788158 9.879695
259320 129.6600 0.786407 9.849242
259330 129.6650 0.784819 9.821999
259340 129.6700 0.782985 9.790995
259350 129.6750 0.780736 9.753688
259360 129.6800 0.778228 9.713022
259370 129.6850 0.775699 9.673070
259380 129.6900 0.772986 9.631408
259390 129.6950 0.769946 9.586266
259400 129.7000 0.766628 9.538926
259410 129.7050 0.763268 9.509690
259420 129.7100 0.759776 9.464322
259430 129.7150 0.756102 9.419181
259440 129.7200 0.752384 9.376323
259450 129.7250 0.748582 9.335517
259460 129.7300 0.744771 9.297796
259470 129.7350 0.741016 9.263856
259480 129.7400 0.737329 9.233738
259490 129.7450 0.733583 9.206485
259500 129.7500 0.729940 9.183312
259510 129.7550 0.726468 9.182648
259520 129.7600 0.723042 9.166874
259530 129.7650 0.719770 9.154624
259540 129.7700 0.716655 9.145564
259550 129.7750 0.713742 9.139429
259560 129.7800 0.710901 9.135648
259570 129.7850 0.708228 9.134099
259580 129.7900 0.705830 9.134382
259590 129.7950 0.703704 9.135964
259600 129.8000 0.701711 9.138590
259610 129.8050 0.699946 9.160402
259620 129.8100 0.698459 9.163792
259630 129.8150 0.696906 9.167974
259640 129.8200 0.695419 9.172597
259650 129.8250 0.694266 9.176596
259660 129.8300 0.693284 9.180285
259670 129.8350 0.692651 9.182808
259680 129.8400 0.692209 9.184630
259690 129.8450 0.691928 9.185817
259700 129.8500 0.691695 9.186819
259710 129.8550 0.691651 9.205333
259720 129.8600 0.691912 9.204206
259730 129.8650 0.692465 9.201887
259740 129.8700 0.693322 9.198454
259750 129.8750 0.694282 9.194837
259760 129.8800 0.695377 9.191010
259770 129.8850 0.696660 9.186931
259780 129.8900 0.697955 9.183256
259790 129.8950 0.699328 9.179848
259800 129.9000 0.700738 9.176871
259810 129.9050 0.702340 9.192490
259820 129.9100 0.704062 9.190267
259830 129.9150 0.706009 9.188669
259840 129.9200 0.708128 9.188033
259850 129.9250 0.710171 9.188502
259860 129.9300 0.712072 9.189890
259870 129.9350 0.713811 9.191956
259880 129.9400 0.715525 9.194735
259890 129.9450 0.717156 9.198061
259900 129.9500 0.718763 9.201980
259910 129.9550 0.720106 9.223986
259920 129.9600 0.721196 9.227352
259930 129.9650 0.722253 9.230888
259940 129.9700 0.723478 9.235313
259950 129.9750 0.724747 9.240267
259960 129.9800 0.726124 9.246071
259970 129.9850 0.727565 9.252617
259980 129.9900 0.728973 9.259474
259990 129.9950 0.730168 9.265655
260000 130.0000 0.731498 9.272916
260010 130.0050 0.732961 9.299242
260020 130.0100 0.734367 9.307799
260030 130.0150 0.735737 9.316547
260040 130.0200 0.737171 9.326137
260050 130.0250 0.738449 9.335056
260060 130.0300 0.739375 9.341739
260070 130.0350 0.740283 9.348470
260080 130.0400 0.741381 9.356839
260090 130.0450 0.742406 9.364880
260100 130.0500 0.743545 9.374073
260110 130.0550 0.744523 9.399570
260120 130.0600 0.745457 9.407486
260130 130.0650 0.746302 9.414805
260140 130.0700 0.747119 9.422018
260150 130.0750 0.747968 9.429648
260160 130.0800 0.748803 9.437291
260170 130.0850 0.749530 9.444062
260180 130.0900 0.750359 9.451908
260190 130.0950 0.751306 9.461030
260200 130.1000 0.752149 9.469298
260210 130.1050 0.752951 9.494218
260220 130.1100 0.753732 9.502121
260230 130.1150 0.754474 9.509728
260240 130.1200 0.755307 9.518397
260250 130.1250 0.756038 9.526104
260260 130.1300 0.756780 9.534023
260270 130.1350 0.757535 9.542190
260280 130.1400 0.758239 9.549902
260290 130.1450 0.758784 9.555929
260300 130.1500 0.759456 9.563434
260310 130.1550 0.760137 9.587624
260320 130.1600 0.760833 9.595559
260330 130.1650 0.761743 9.606072
260340 130.1700 0.762519 9.615149
260350 130.1750 0.763361 9.625115
260360 130.1800 0.764183 9.634965
260370 130.1850 0.764916 9.643839
260380 130.1900 0.765562 9.651727
260390 130.1950 0.765961 9.656643
260400 130.2000 0.766230 9.659977
260410 130.2050 0.766411 9.678264
260420 130.2100 0.766603 9.680654
260430 130.2150 0.766853 9.683781
260440 130.2200 0.767044 9.686166
260450 130.2250 0.767241 9.688636
260460 130.2300 0.767239 9.688611
260470 130.2350 0.767148 9.687472
260480 130.2400 0.766976 9.685313
260490 130.2450 0.766730 9.682245
260500 130.2500 0.766436 9.678585
260510 130.2550 0.766085 9.690196
260520 130.2600 0.765573 9.683881
260530 130.2650 0.764899 9.675632
260540 130.2700 0.764169 9.666785
260550 130.2750 0.763427 9.657874
260560 130.2800 0.762566 9.647640
260570 130.2850 0.761670 9.637108
260580 130.2900 0.760847 9.627556
260590 130.2950 0.759845 9.616065
260600 130.3000 0.758595 9.601959
260610 130.3050 0.757253 9.603409
260620 130.3100 0.755669 9.586234
260630 130.3150 0.754115 9.569764
260640 130.3200 0.752742 9.555541
260650 130.3250 0.751305 9.540974
260660 130.3300 0.749836 9.526434
260670 130.3350 0.748442 9.512973
260680 130.3400 0.747075 9.500086
260690 130.3450 0.745808 9.488420
260700 130.3500 0.744602 9.477573
260710 130.3550 0.743294 9.482985
260720 130.3600 0.742217 9.473741
260730 130.3650 0.741233 9.465475
260740 130.3700 0.740360 9.458276
260750 130.3750 0.739506 9.451366
260760 130.3800 0.738715 9.445073
260770 130.3850 0.737913 9.438809
260780 130.3900 0.737136 9.432847
260790 130.3950 0.736549 9.428416
260800 130.4000 0.736133 9.425311
260810 130.4050 0.735925 9.440912
260820 130.4100 0.735940 9.441022
260830 130.4150 0.736156 9.442628
260840 130.4200 0.736479 9.445032
260850 130.4250 0.736912 9.448292
260860 130.4300 0.737552 9.453161
260870 130.4350 0.738367 9.459465
260880 130.4400 0.739176 9.465834
260890 130.4450 0.739907 9.471687
260900 130.4500 0.740532 9.476763
260910 130.4550 0.741220 9.499312
260920 130.4600 0.741641 9.502818
260930 130.4650 0.741953 9.505426
260940 130.4700 0.742290 9.508262
260950 130.4750 0.742475 9.509826
260960 130.4800 0.742793 9.512534
260970 130.4850 0.743171 9.515763
260980 130.4900 0.743448 9.518148
260990 130.4950 0.743568 9.519189
261000 130.5000 0.743727 9.520558
261010 130.5050 0.743693 9.536953
261020 130.5100 0.743469 9.535019
261030 130.5150 0.743273 9.533329
261040 130.5200 0.743188 9.532597
261050 130.5250 0.743144 9.532225
261060 130.5300 0.743110 9.531927
261070 130.5350 0.742790 9.529191
261080 130.5400 0.742413 9.525990
261090 130.5450 0.741807 9.520879
261100 130.5500 0.741110 9.515077
261110 130.5550 0.740483 9.526630
261120 130.5600 0.739795 9.521028
261130 130.5650 0.739242 9.516580
261140 130.5700 0.738575 9.511275
261150 130.5750 0.737876 9.505782
261160 130.5800 0.737207 9.500602
261170 130.5850 0.736590 9.495877
261180 130.5900 0.736000 9.491416
261190 130.5950 0.735350 9.486567
261200 130.6000 0.734742 9.482088
261210 130.6050 0.734137 9.494555
261220 130.6100 0.733672 9.491213
261230 130.6150 0.733403 9.489291
261240 130.6200 0.732900 9.485728
261250 130.6250 0.732116 9.480260
261260 130.6300 0.731446 9.475661
261270 130.6350 0.730831 9.471499
261280 130.6400 0.730298 9.467943
261290 130.6450 0.729739 9.464255
261300 130.6500 0.729169 9.460556
261310 130.6550 0.728627 9.474055
261320 130.6600 0.728080 9.470600
261330 130.6650 0.727410 9.466426
261340 130.6700 0.726603 9.461500
261350 130.6750 0.725698 9.456097
261360 130.6800 0.724710 9.450356
261370 130.6850 0.723789 9.445152
261380 130.6900 0.723111 9.441412
261390 130.6950 0.722696 9.439163
261400 130.7000 0.722046 9.435701
261410 130.7050 0.721444 9.449647
261420 130.7100 0.720938 9.447053
261430 130.7150 0.720528 9.444980
261440 130.7200 0.720225 9.443471
261450 130.7250 0.719936 9.442044
261460 130.7300 0.719626 9.440531
261470 130.7350 0.719259 9.438758
261480 130.7400 0.718913 9.437110
261490 130.7450 0.718739 9.436290
261500 130.7500 0.718650 9.435870
261510 130.7550 0.718664 9.453029
261520 130.7600 0.718616 9.452805
261530 130.7650 0.718547 9.452480
261540 130.7700 0.718518 9.452344
261550 130.7750 0.718503 9.452276
261560 130.7800 0.718397 9.451785
261570 130.7850 0.718568 9.452580
261580 130.7900 0.719029 9.454752
261590 130.7950 0.719418 9.456613
261600 130.8000 0.720049 9.459684
261610 130.8050 0.720891 9.480863
261620 130.8100 0.721724 9.485125
261630 130.8150 0.722618 9.489827
261640 130.8200 0.723817 9.496318
261650 130.8250 0.725119 9.503610
261660 130.8300 0.726463 9.511404
261670 130.8350 0.727621 9.518318
261680 130.8400 0.728669 9.524746
261690 130.8450 0.729774 9.531677
261700 130.8500 0.730841 9.538537
261710 130.8550 0.731998 9.562739
261720 130.8600 0.732907 9.568827
261730 130.8650 0.733817 9.575018
261740 130.8700 0.734461 9.579466
261750 130.8750 0.735197 9.584606
261760 130.8800 0.735996 9.590258
261770 130.8850 0.736788 9.595933
261780 130.8900 0.737544 9.601417
261790 130.8950 0.738020 9.604904
261800 130.9000 0.738279 9.606812
261810 130.9050 0.738444 9.624324
261820 130.9100 0.738608 9.625540
261830 130.9150 0.738625 9.625664
261840 130.9200 0.738530 9.624961
261850 130.9250 0.738156 9.622193
261860 130.9300 0.737692 9.618790
261870 130.9350 0.737524 9.617557
261880 130.9400 0.737414 9.616755
261890 130.9450 0.737241 9.615496
261900 130.9500 0.736941 9.613324
261910 130.9550 0.736550 9.626767
261920 130.9600 0.736178 9.624096
261930 130.9650 0.735892 9.622049
261940 130.9700 0.735753 9.621062
261950 130.9750 0.735511 9.619338
261960 130.9800 0.735415 9.618662
261970 130.9850 0.735447 9.618889
261980 130.9900 0.735617 9.620096
261990 130.9950 0.736031 9.623042
262000 131.0000 0.736544 9.626723
262010 131.0050 0.737130 9.647154
262020 131.0100 0.737713 9.651401
262030 131.0150 0.738333 9.655951
262040 131.0200 0.738996 9.660858
262050 131.0250 0.739795 9.666826
262060 131.0300 0.740566 9.672633
262070 131.0350 0.741273 9.678014
262080 131.0400 0.741890 9.682742
262090 131.0450 0.742391 9.686610
262100 131.0500 0.742859 9.690244
262110 131.0550 0.743277 9.709419
262120 131.0600 0.743636 9.712233
262130 131.0650 0.744125 9.716081
262140 131.0700 0.744777 9.721242
262150 131.0750 0.745379 9.726041
262160 131.0800 0.746032 9.731275
262170 131.0850 0.746740 9.736991
262180 131.0900 0.747566 9.743713
262190 131.0950 0.748318 9.749879
262200 131.1000 0.748878 9.754496
262210 131.1050 0.749334 9.773919
262220 131.1100 0.749568 9.775861
262230 131.1150 0.749682 9.776814
262240 131.1200 0.749939 9.778962
262250 131.1250 0.750355 9.782447
262260 131.1300 0.750937 9.787338
262270 131.1350 0.751632 9.793219
262280 131.1400 0.752090 9.797118
262290 131.1450 0.752301 9.798916
262300 131.1500 0.752393 9.799699
262310 131.1550 0.752355 9.814814
262320 131.1600 0.752037 9.812099
262330 131.1650 0.751580 9.808211
262340 131.1700 0.750955 9.802923
262350 131.1750 0.750463 9.798779
262360 131.1800 0.749571 9.791300
262370 131.1850 0.748676 9.783855
262380 131.1900 0.747672 9.775572
262390 131.1950 0.746952 9.769677
262400 131.2000 0.746352 9.764787
262410 131.2050 0.745853 9.776337
262420 131.2100 0.745343 9.772217
262430 131.2150 0.744612 9.766341
262440 131.2200 0.743742 9.759392
262450 131.2250 0.742897 9.752697
262460 131.2300 0.742054 9.746059
262470 131.2350 0.741171 9.739151
262480 131.2400 0.740325 9.732587
262490 131.2450 0.739730 9.728004
262500 131.2500 0.739304 9.724732
262510 131.2550 0.738804 9.736673
262520 131.2600 0.738419 9.733743
262530 131.2650 0.738273 9.732633
262540 131.2700 0.737987 9.730462
262550 131.2750 0.737721 9.728445
262560 131.2800 0.737209 9.724582
262570 131.2850 0.736421 9.718671
262580 131.2900 0.735430 9.711298
262590 131.2950 0.734365 9.703450
262600 131.3000 0.733163 9.694689
262610 131.3050 0.732053 9.702588
262620 131.3100 0.731055 9.695476
262630 131.3150 0.730254 9.689812
262640 131.3200 0.729380 9.683690
262650 131.3250 0.728533 9.677817
262660 131.3300 0.727639 9.671682
262670 131.3350 0.726676 9.665146
262680 131.3400 0.725684 9.658498
262690 131.3450 0.724803 9.652661
262700 131.3500 0.723981 9.647288
262710 131.3550 0.723328 9.659172
262720 131.3600 0.722787 9.655702
262730 131.3650 0.722170 9.651782
262740 131.3700 0.721408 9.646987
262750 131.3750 0.720587 9.641885
262760 131.3800 0.719766 9.636853
262770 131.3850 0.718924 9.631767
262780 131.3900 0.718350 9.628348
262790 131.3950 0.717746 9.624784
262800 131.4000 0.716962 9.620226
262810 131.4050 0.716237 9.632308
262820 131.4100 0.715419 9.627701
262830 131.4150 0.714373 9.621923
262840 131.4200 0.713031 9.614713
262850 131.4250 0.711626 9.607425
262860 131.4300 0.710177 9.600189
262870 131.4350 0.708813 9.593663
262880 131.4400 0.707381 9.587115
262890 131.4450 0.706183 9.581892
262900 131.4500 0.705034 9.577106
262910 131.4550 0.703768 9.588526
262920 131.4600 0.702886 9.585193
262930 131.4650 0.701902 9.581642
262940 131.4700 0.701066 9.578766
262950 131.4750 0.700327 9.576329
262960 131.4800 0.699861 9.574845
262970 131.4850 0.699414 9.573461
262980 131.4900 0.699159 9.572691
262990 131.4950 0.699204 9.572827
263000 131.5000 0.699517 9.573778
263010 131.5050 0.699911 9.591446
263020 131.5100 0.700251 9.592527
263030 131.5150 0.700339 9.592809
263040 131.5200 0.700338 9.592805
263050 131.5250 0.700299 9.592680
263060 131.5300 0.700060 9.591917
263070 131.5350 0.699951 9.591571
263080 131.5400 0.699891 9.591384
263090 131.5450 0.699714 9.590830
263100 131.5500 0.699452 9.590023
263110 131.5550 0.698894 9.604715
263120 131.5600 0.698330 9.603075
263130 131.5650 0.697866 9.601772
263140 131.5700 0.697291 9.600215
263150 131.5750 0.696361 9.597829
263160 131.5800 0.695397 9.595536
263170 131.5850 0.694541 9.593657
263180 131.5900 0.693919 9.592388
263190 131.5950 0.693355 9.591305
263200 131.6000 0.692844 9.590382
263210 131.6050 0.692546 9.606236
263220 131.6100 0.692579 9.606292
263230 131.6150 0.692569 9.606275
263240 131.6200 0.692711 9.606518
263250 131.6250 0.692687 9.606477
263260 131.6300 0.692665 9.606440
263270 131.6350 0.692654 9.606420
263280 131.6400 0.692672 9.606452
263290 131.6450 0.692697 9.606495
263300 131.6500 0.692566 9.606271
263310 131.6550 0.692654 9.622716
263320 131.6600 0.692806 9.622979
263330 131.6650 0.692965 9.623258
263340 131.6700 0.693115 9.623527
263350 131.6750 0.693321 9.623902
263360 131.6800 0.693497 9.624231
263370 131.6850 0.693788 9.624786
263380 131.6900 0.694226 9.625654
263390 131.6950 0.694600 9.626423
263400 131.7000 0.695085 9.627462
263410 131.7050 0.695703 9.645047
263420 131.7100 0.696419 9.646742
263430 131.7150 0.697342 9.649056
263440 131.7200 0.698489 9.652138
263450 131.7250 0.699675 9.655559
263460 131.7300 0.700909 9.659357
263470 131.7350 0.702187 9.663539
263480 131.7400 0.703386 9.667683
263490 131.7450 0.704654 9.672293
263500 131.7500 0.705975 9.677328
263510 131.7550 0.707016 9.697430
263520 131.7600 0.708207 9.702309
263530 131.7650 0.709497 9.707778
263540 131.7700 0.710964 9.714212
263550 131.7750 0.712170 9.719667
263560 131.7800 0.713278 9.724799
263570 131.7850 0.714440 9.730305
263580 131.7900 0.715436 9.735117
263590 131.7950 0.716417 9.739939
263600 131.8000 0.717326 9.744475
263610 131.8050 0.718009 9.763599
263620 131.8100 0.718772 9.767488
263630 131.8150 0.719425 9.770843
263640 131.8200 0.720162 9.774662
263650 131.8250 0.720863 9.778324
263660 131.8300 0.721457 9.781454
263670 131.8350 0.721785 9.783189
263680 131.8400 0.721883 9.783706
263690 131.8450 0.721905 9.783820
263700 131.8500 0.721688 9.782672
263710 131.8550 0.721189 9.795548
263720 131.8600 0.720482 9.791838
263730 131.8650 0.719469 9.786566
263740 131.8700 0.718290 9.780503
263750 131.8750 0.716967 9.773796
263760 131.8800 0.715406 9.766028
263770 131.8850 0.713727 9.757869
263780 131.8900 0.711996 9.749683
263790 131.8950 0.710173 9.741340
263800 131.9000 0.708101 9.732232
263810 131.9050 0.706143 9.739753
263820 131.9100 0.704100 9.731616
263830 131.9150 0.701698 9.722681
263840 131.9200 0.698710 9.712608
263850 131.9250 0.695613 9.703534
263860 131.9300 0.692241 9.695409
263870 131.9350 0.688930 9.689399
263880 131.9400 0.685677 9.685563
263890 131.9450 0.682297 9.683919
263900 131.9500 0.678819 9.684881
263910 131.9550 0.675358 9.704558
263920 131.9600 0.671891 9.711158
263930 131.9650 0.668641 9.720015
263940 131.9700 0.665509 9.731039
263950 131.9750 0.662444 9.744202
263960 131.9800 0.659255 9.760373
263970 131.9850 0.656161 9.778431
263980 131.9900 0.653244 9.797524
263990 131.9950 0.650563 9.816773
264000 132.0000 0.648040 9.836301
264010 132.0050 0.645636 9.871364
264020 132.0100 0.643512 9.889714
264030 132.0150 0.641628 9.906634
264040 132.0200 0.640057 9.921156
264050 132.0250 0.638753 9.933476
264060 132.0300 0.637689 9.943701
264070 132.0350 0.636758 9.952759
264080 132.0400 0.636244 9.957802
264090 132.0450 0.636131 9.958914
264100 132.0500 0.636257 9.957678
264110 132.0550 0.636484 9.970212
264120 132.0600 0.636983 9.965333
264130 132.0650 0.637692 9.958436
264140 132.0700 0.638667 9.949055
264150 132.0750 0.639845 9.937877
264160 132.0800 0.641118 9.926008
264170 132.0850 0.642500 9.913384
264180 132.0900 0.644147 9.898739
264190 132.0950 0.645728 9.885098
264200 132.1000 0.647248 9.872398
264210 132.1050 0.648950 9.873799
264220 132.1100 0.650924 9.858580
264230 132.1150 0.653060 9.842981
264240 132.1200 0.654948 9.829987
264250 132.1250 0.656728 9.818438
264260 132.1300 0.658757 9.806135
264270 132.1350 0.660877 9.794277
264280 132.1400 0.663057 9.783172
264290 132.1450 0.665389 9.772528
264300 132.1500 0.667740 9.763097
264310 132.1550 0.670285 9.769946
264320 132.1600 0.672859 9.762612
264330 132.1650 0.675277 9.757095
264340 132.1700 0.677875 9.752619
264350 132.1750 0.680493 9.749595
264360 132.1800 0.683385 9.747930
264370 132.1850 0.686554 9.748038
264380 132.1900 0.689739 9.750072
264390 132.1950 0.692747 9.753648
264400 132.2000 0.695690 9.758593
264410 132.2050 0.698603 9.780370
264420 132.2100 0.701535 9.787711
264430 132.2150 0.704356 9.795740
264440 132.2200 0.707216 9.804747
264450 132.2250 0.709911 9.813944
264460 132.2300 0.712547 9.823529
264470 132.2350 0.715198 9.833681
264480 132.2400 0.717451 9.842668
264490 132.2450 0.719600 9.851510
264500 132.2500 0.721369 9.858971
264510 132.2550 0.723016 9.881217
264520 132.2600 0.724585 9.888041
264530 132.2650 0.726162 9.894983
264540 132.2700 0.727840 9.902457
264550 132.2750 0.729578 9.910281
264560 132.2800 0.731306 9.918139
264570 132.2850 0.732684 9.924462
264580 132.2900 0.734160 9.931284
264590 132.2950 0.735735 9.938631
264600 132.3000 0.737465 9.946768
264610 132.3050 0.739133 9.969494
264620 132.3100 0.740701 9.976988
264630 132.3150 0.742165 9.984036
264640 132.3200 0.743567 9.990834
264650 132.3250 0.745064 9.998153
264660 132.3300 0.746483 10.005155
264670 132.3350 0.748098 10.013209
264680 132.3400 0.749626 10.020916
264690 132.3450 0.751216 10.029037
264700 132.3500 0.752610 10.036255
264710 132.3550 0.753822 10.057057
264720 132.3600 0.754898 10.062753
264730 132.3650 0.755790 10.067522
264740 132.3700 0.756569 10.071721
264750 132.3750 0.757433 10.076417
264760 132.3800 0.758424 10.081865
264770 132.3850 0.759293 10.086691
264780 132.3900 0.760198 10.091775
264790 132.3950 0.760988 10.096256
264800 132.4000 0.761710 10.100393
264810 132.4050 0.762292 10.117952
264820 132.4100 0.762330 10.118172
264830 132.4150 0.762102 10.116850
264840 132.4200 0.761720 10.114646
264850 132.4250 0.761198 10.111649
264860 132.4300 0.760586 10.108157
264870 132.4350 0.759794 10.103680
264880 132.4400 0.758829 10.098275
264890 132.4450 0.757632 10.091652
264900 132.4500 0.756476 10.085334
264910 132.4550 0.755206 10.092718
264920 132.4600 0.753681 10.084559
264930 132.4650 0.751890 10.075079
264940 132.4700 0.749887 10.064602
264950 132.4750 0.747652 10.053031
264960 132.4800 0.745300 10.040959
264970 132.4850 0.742371 10.026049
264980 132.4900 0.739125 10.009627
264990 132.4950 0.735745 9.992615
265000 132.5000 0.732200 9.974856
265010 132.5050 0.728565 9.971417
265020 132.5100 0.724866 9.953045
265030 132.5150 0.721092 9.934508
265040 132.5200 0.717175 9.915630
265050 132.5250 0.713064 9.896449
265060 132.5300 0.708819 9.877612
265070 132.5350 0.704660 9.860453
265080 132.5400 0.700558 9.845135
265090 132.5450 0.696622 9.832275
265100 132.5500 0.692685 9.821541
265110 132.5550 0.688837 9.828710
265120 132.5600 0.685102 9.823191
265130 132.5650 0.681308 9.820270
265140 132.5700 0.677531 9.820267
265150 132.5750 0.673880 9.823193
265160 132.5800 0.670455 9.828673
265170 132.5850 0.667134 9.836586
265180 132.5900 0.663926 9.846697
265190 132.5950 0.660796 9.858896
265200 132.6000 0.657880 9.872320
265210 132.6050 0.655405 9.900348
265220 132.6100 0.653448 9.911484
265230 132.6150 0.651758 9.921747
265240 132.6200 0.650266 9.931296
265250 132.6250 0.648963 9.939987
265260 132.6300 0.647932 9.947100
265270 132.6350 0.647067 9.953215
265280 132.6400 0.646235 9.959225
265290 132.6450 0.645556 9.964223
265300 132.6500 0.645145 9.967285
265310 132.6550 0.644941 9.983553
265320 132.6600 0.644938 9.983571
265330 132.6650 0.644909 9.983790
265340 132.6700 0.644946 9.983511
265350 132.6750 0.644868 9.984101
265360 132.6800 0.644945 9.983524
265370 132.6850 0.645328 9.980652
265380 132.6900 0.645975 9.975861
265390 132.6950 0.646630 9.971087
265400 132.7000 0.647238 9.966714
265410 132.7050 0.647798 9.977480
265420 132.7100 0.648715 9.971104
265430 132.7150 0.649861 9.963340
265440 132.7200 0.650962 9.956113
265450 132.7250 0.651908 9.950082
265460 132.7300 0.652755 9.944829
265470 132.7350 0.653594 9.939764
265480 132.7400 0.654567 9.934062
265490 132.7450 0.655543 9.928543
265500 132.7500 0.656655 9.922486
265510 132.7550 0.658026 9.930288
265520 132.7600 0.659579 9.922693
265530 132.7650 0.661055 9.915941
265540 132.7700 0.662367 9.910328
265550 132.7750 0.663594 9.905412
265560 132.7800 0.664701 9.901253
265570 132.7850 0.665970 9.896808
265580 132.7900 0.667344 9.892386
265590 132.7950 0.669205 9.887046
265600 132.8000 0.671489 9.881507
265610 132.8050 0.674203 9.891431
265620 132.8100 0.676967 9.887702
265630 132.8150 0.679679 9.885504
265640 132.8200 0.682475 9.884696
265650 132.8250 0.685217 9.885279
265660 132.8300 0.688079 9.887263
265670 132.8350 0.690956 9.890582
265680 132.8400 0.693787 9.895055
265690 132.8450 0.696838 9.901096
265700 132.8500 0.699810 9.908085
265710 132.8550 0.702705 9.930776
265720 132.8600 0.705623 9.939323
265730 132.8650 0.708661 9.948923
265740 132.8700 0.711883 9.959761
265750 132.8750 0.715153 9.971321
265760 132.8800 0.718335 9.982994
265770 132.8850 0.721654 9.995510
265780 132.8900 0.725009 10.008416
265790 132.8950 0.728388 10.021602
265800 132.9000 0.731785 10.034991
265810 132.9050 0.735120 10.062669
265820 132.9100 0.738405 10.075733
265830 132.9150 0.741980 10.090021
265840 132.9200 0.745699 10.105032
265850 132.9250 0.749177 10.119299
265860 132.9300 0.752610 10.133703
265870 132.9350 0.755810 10.147535
265880 132.9400 0.758640 10.160189
265890 132.9450 0.761386 10.172936
265900 132.9500 0.764047 10.185805
265910 132.9550 0.766532 10.212198
265920 132.9600 0.768687 10.223513
265930 132.9650 0.770807 10.235094
265940 132.9700 0.772615 10.245345
265950 132.9750 0.773891 10.252810
265960 132.9800 0.774757 10.257988
265970 132.9850 0.775389 10.261828
265980 132.9900 0.775650 10.263425
265990 132.9950 0.775722 10.263865
266000 133.0000 0.775638 10.263350
266010 133.0050 0.775202 10.274244
266020 133.0100 0.774534 10.270206
266030 133.0150 0.773684 10.265138
266040 133.0200 0.772492 10.258173
266050 133.0250 0.771160 10.250569
266060 133.0300 0.769759 10.242776
266070 133.0350 0.768001 10.233268
266080 133.0400 0.765819 10.221854
266090 133.0450 0.763238 10.208838
266100 133.0500 0.760205 10.194140
266110 133.0550 0.757033 10.193125
266120 133.0600 0.753956 10.179109
266130 133.0650 0.751129 10.166470
266140 133.0700 0.748184 10.153470
266150 133.0750 0.745190 10.140356
266160 133.0800 0.742113 10.126922
266170 133.0850 0.739011 10.113380
266180 133.0900 0.735795 10.099310
266190 133.0950 0.732496 10.084825
266200 133.1000 0.729116 10.069945
266210 133.1050 0.725649 10.068960
266220 133.1100 0.722116 10.053376
266230 133.1150 0.718486 10.037474
266240 133.1200 0.714806 10.021617
266250 133.1250 0.711257 10.006746
266260 133.1300 0.707823 9.992928
266270 133.1350 0.704480 9.980194
266280 133.1400 0.701173 9.968468
266290 133.1450 0.697999 9.958200
266300 133.1500 0.694832 9.949078
266310 133.1550 0.691734 9.956171
266320 133.1600 0.688724 9.949934
266330 133.1650 0.685882 9.945301
266340 133.1700 0.683112 9.942055
266350 133.1750 0.680349 9.940154
266360 133.1800 0.677644 9.939660
266370 133.1850 0.674776 9.940684
266380 133.1900 0.671894 9.943380
266390 133.1950 0.669285 9.947304
266400 133.2000 0.666901 9.952146
266410 133.2050 0.664808 9.972175
266420 133.2100 0.663044 9.977293
266430 133.2150 0.661638 9.981833
266440 133.2200 0.660212 9.986858
266450 133.2250 0.658930 9.991727
266460 133.2300 0.657947 9.995689
266470 133.2350 0.657128 9.999138
266480 133.2400 0.656412 10.002265
266490 133.2450 0.655900 10.004560
266500 133.2500 0.655558 10.006124
266510 133.2550 0.655269 10.022036
266520 133.2600 0.654964 10.023464
266530 133.2650 0.654631 10.025046
266540 133.2700 0.654335 10.026470
266550 133.2750 0.654266 10.026806
266560 133.2800 0.654395 10.026180
266570 133.2850 0.654629 10.025057
266580 133.2900 0.655039 10.023113
266590 133.2950 0.655693 10.020077
266600 133.3000 0.656601 10.015997
266610 133.3050 0.657779 10.025473
266620 133.3100 0.659271 10.019444
266630 133.3150 0.660956 10.013148
266640 133.3200 0.662815 10.006845
266650 133.3250 0.664752 10.000994
266660 133.3300 0.666616 9.996062
266670 133.3350 0.668326 9.992137
266680 133.3400 0.670119 9.988636
266690 133.3450 0.672146 9.985427
266700 133.3500 0.674182 9.982995
266710 133.3550 0.676152 9.996037
266720 133.3600 0.677783 9.995213
266730 133.3650 0.679451 9.994848
266740 133.3700 0.681294 9.994989
266750 133.3750 0.683358 9.995804
266760 133.3800 0.685577 9.997423
266770 133.3850 0.687878 9.999872
266780 133.3900 0.690330 10.003293
266790 133.3950 0.692785 10.007501
266800 133.4000 0.695118 10.012166
266810 133.4050 0.697370 10.031765
266820 133.4100 0.699769 10.037670
266830 133.4150 0.702150 10.044003
266840 133.4200 0.704505 10.050670
266850 133.4250 0.706857 10.057678
266860 133.4300 0.709085 10.064590
266870 133.4350 0.711347 10.071827
266880 133.4400 0.713641 10.079359
266890 133.4450 0.715897 10.086910
266900 133.4500 0.718297 10.095056
266910 133.4550 0.720706 10.117515
266920 133.4600 0.723065 10.125605
266930 133.4650 0.725406 10.133621
266940 133.4700 0.727957 10.142317
266950 133.4750 0.730634 10.151385
266960 133.4800 0.732951 10.159171
266970 133.4850 0.735084 10.166293
266980 133.4900 0.737095 10.172964
266990 133.4950 0.738773 10.178508
267000 133.5000 0.740238 10.183332
267010 133.5050 0.741744 10.202145
267020 133.5100 0.743128 10.206678
267030 133.5150 0.744469 10.211060
267040 133.5200 0.745850 10.215571
267050 133.5250 0.747270 10.220214
267060 133.5300 0.748568 10.224472
267070 133.5350 0.749703 10.228209
267080 133.5400 0.750901 10.232173
267090 133.5450 0.752001 10.235837
267100 133.5500 0.753032 10.239294
267110 133.5550 0.753919 10.255944
267120 133.5600 0.754603 10.258264
267130 133.5650 0.755263 10.260518
267140 133.5700 0.755916 10.262758
267150 133.5750 0.756347 10.264246
267160 133.5800 0.756585 10.265072
267170 133.5850 0.756614 10.265173
267180 133.5900 0.756315 10.264136
267190 133.5950 0.755870 10.262603
267200 133.6000 0.755459 10.261190
267210 133.6050 0.755147 10.273692
267220 133.6100 0.754583 10.271766
267230 133.6150 0.753622 10.268498
267240 133.6200 0.752725 10.265463
267250 133.6250 0.751751 10.262184
267260 133.6300 0.750560 10.258183
267270 133.6350 0.749241 10.253765
267280 133.6400 0.747854 10.249121
267290 133.6450 0.746579 10.244852
267300 133.6500 0.745322 10.240631
267310 133.6550 0.743858 10.249338
267320 133.6600 0.742308 10.244066
267330 133.6650 0.740552 10.238032
267340 133.6700 0.738816 10.231994
267350 133.6750 0.737086 10.225897
267360 133.6800 0.735494 10.220216
267370 133.6850 0.733818 10.214154
267380 133.6900 0.732045 10.207651
267390 133.6950 0.730080 10.200343
267400 133.7000 0.727878 10.192023
267410 133.7050 0.725614 10.197166
267420 133.7100 0.723471 10.188811
267430 133.7150 0.721288 10.180194
267440 133.7200 0.719070 10.171355
267450 133.7250 0.716929 10.162776
267460 133.7300 0.714656 10.153647
267470 133.7350 0.712385 10.144551
267480 133.7400 0.710079 10.135389
267490 133.7450 0.707875 10.126749
267500 133.7500 0.705955 10.119358
267510 133.7550 0.704398 10.127587
267520 133.7600 0.703063 10.122626
267530 133.7650 0.701644 10.117456
267540 133.7700 0.700140 10.112105
267550 133.7750 0.698619 10.106849
267560 133.7800 0.697176 10.102021
267570 133.7850 0.696037 10.098330
267580 133.7900 0.695220 10.095755
267590 133.7950 0.694670 10.094054
267600 133.8000 0.694304 10.092937
267610 133.8050 0.694291 10.107122
267620 133.8100 0.694353 10.107309
267630 133.8150 0.694335 10.107254
267640 133.8200 0.694384 10.107403
267650 133.8250 0.694637 10.108176
267660 133.8300 0.695333 10.110327
267670 133.8350 0.696166 10.112957
267680 133.8400 0.696827 10.115084
267690 133.8450 0.697376 10.116876
267700 133.8500 0.698059 10.119137
267710 133.8550 0.698887 10.136044
267720 133.8600 0.699925 10.139594
267730 133.8650 0.701043 10.143488
267740 133.8700 0.702146 10.147392
267750 133.8750 0.703369 10.151787
267760 133.8800 0.704794 10.156979
267770 133.8850 0.706226 10.162265
267780 133.8900 0.707696 10.167746
267790 133.8950 0.709356 10.173980
267800 133.9000 0.711108 10.180595
267810 133.9050 0.712951 10.201436
267820 133.9100 0.714863 10.208626
267830 133.9150 0.716914 10.216272
267840 133.9200 0.719180 10.224608
267850 133.9250 0.721671 10.233598
267860 133.9300 0.724168 10.242386
267870 133.9350 0.726649 10.250868
267880 133.9400 0.729048 10.258818
267890 133.9450 0.731293 10.266017
267900 133.9500 0.733581 10.273115
267910 133.9550 0.735793 10.293261
267920 133.9600 0.737802 10.299068
267930 133.9650 0.739490 10.303803
267940 133.9700 0.741045 10.308052
267950 133.9750 0.742465 10.311848
267960 133.9800 0.743843 10.315460
267970 133.9850 0.745081 10.318656
267980 133.9900 0.746170 10.321426
267990 133.9950 0.747062 10.323674
268000 134.0000 0.747950 10.325893
268010 134.0050 0.748926 10.341640
268020 134.0100 0.749748 10.343663
268030 134.0150 0.750370 10.345186
268040 134.0200 0.750760 10.346137
268050 134.0250 0.751034 10.346805
268060 134.0300 0.751156 10.347101
268070 134.0350 0.751164 10.347121
268080 134.0400 0.750863 10.346388
268090 134.0450 0.750424 10.345317
268100 134.0500 0.750118 10.344569
268110 134.0550 0.749799 10.357044
268120 134.0600 0.749476 10.356249
268130 134.0650 0.749200 10.355569
268140 134.0700 0.749072 10.355254
268150 134.0750 0.748826 10.354645
268160 134.0800 0.748417 10.353629
268170 134.0850 0.748053 10.352721
268180 134.0900 0.747775 10.352025
268190 134.0950 0.747318 10.350875
268200 134.1000 0.746638 10.349154
268210 134.1050 0.746041 10.360866
268220 134.1100 0.745296 10.358941
268230 134.1150 0.744468 10.356771
268240 134.1200 0.743636 10.354560
268250 134.1250 0.742841 10.352415
268260 134.1300 0.742142 10.350502
268270 134.1350 0.741455 10.348598
268280 134.1400 0.740741 10.346590
268290 134.1450 0.740135 10.344865
268300 134.1500 0.739602 10.343329
268310 134.1550 0.739253 10.355576
268320 134.1600 0.738781 10.354189
268330 134.1650 0.738152 10.352323
268340 134.1700 0.737342 10.349877
268350 134.1750 0.736434 10.347083
268360 134.1800 0.735461 10.344029
268370 134.1850 0.734406 10.340641
268380 134.1900 0.733336 10.337126
268390 134.1950 0.732373 10.333896
268400 134.2000 0.731464 10.330784
268410 134.2050 0.730439 10.340514
268420 134.2100 0.729458 10.337012
268430 134.2150 0.728406 10.333179
268440 134.2200 0.727100 10.328310
268450 134.2250 0.725720 10.323032
268460 134.2300 0.724361 10.317704
268470 134.2350 0.723021 10.312330
268480 134.2400 0.721672 10.306809
268490 134.2450 0.720347 10.301276
268500 134.2500 0.718949 10.295332
268510 134.2550 0.717427 10.302182
268520 134.2600 0.715882 10.295374
268530 134.2650 0.714357 10.288545
268540 134.2700 0.712851 10.281714
268550 134.2750 0.711152 10.273920
268560 134.2800 0.709110 10.264469
268570 134.2850 0.707154 10.255364
268580 134.2900 0.705153 10.246041
268590 134.2950 0.703189 10.236922
268600 134.3000 0.701330 10.228367
268610 134.3050 0.699518 10.233814
268620 134.3100 0.697849 10.226328
268630 134.3150 0.696180 10.218975
268640 134.3200 0.694776 10.212917
268650 134.3250 0.693527 10.207634
268660 134.3300 0.692383 10.202898
268670 134.3350 0.691514 10.199371
268680 134.3400 0.691014 10.197371
268690 134.3450 0.690766 10.196389
268700 134.3500 0.690778 10.196435
268710 134.3550 0.690955 10.210957
268720 134.3600 0.691049 10.211330
268730 134.3650 0.691288 10.212282
268740 134.3700 0.691612 10.213582
268750 134.3750 0.691933 10.214875
268760 134.3800 0.692260 10.216204
268770 134.3850 0.692838 10.218572
268780 134.3900 0.693470 10.221190
268790 134.3950 0.694066 10.223688
268800 134.4000 0.694585 10.225876
268810 134.4050 0.695273 10.242512
268820 134.4100 0.696119 10.246145
268830 134.4150 0.697060 10.250231
268840 134.4200 0.698155 10.255028
268850 134.4250 0.699324 10.260197
268860 134.4300 0.700587 10.265827
268870 134.4350 0.702103 10.272624
268880 134.4400 0.703629 10.279492
268890 134.4450 0.705014 10.285729
268900 134.4500 0.706490 10.292365
268910 134.4550 0.708217 10.313530
268920 134.4600 0.710123 10.321945
268930 134.4650 0.712237 10.331120
268940 134.4700 0.714513 10.340755
268950 134.4750 0.716965 10.350803
268960 134.4800 0.719613 10.361202
268970 134.4850 0.722300 10.371219
268980 134.4900 0.725130 10.381131
268990 134.4950 0.727963 10.390361
269000 134.5000 0.730741 10.398715
269010 134.5050 0.733387 10.419066
269020 134.5100 0.735988 10.425593
269030 134.5150 0.738670 10.431682
269040 134.5200 0.741421 10.437292
269050 134.5250 0.744127 10.442238
269060 134.5300 0.746936 10.446842
269070 134.5350 0.749785 10.451058
269080 134.5400 0.752537 10.454795
269090 134.5450 0.755215 10.458222
269100 134.5500 0.757769 10.461401
269110 134.5550 0.760409 10.477518
269120 134.5600 0.762845 10.480636
269130 134.5650 0.765255 10.483899
269140 134.5700 0.767550 10.487259
269150 134.5750 0.769652 10.490625
269160 134.5800 0.771684 10.494205
269170 134.5850 0.773699 10.498127
269180 134.5900 0.775624 10.502270
269190 134.5950 0.777301 10.506236
269200 134.6000 0.778502 10.509297
269210 134.6050 0.779326 10.524168
269220 134.6100 0.779991 10.526018
269230 134.6150 0.780418 10.527240
269240 134.6200 0.780653 10.527924
269250 134.6250 0.780630 10.527855
269260 134.6300 0.780412 10.527223
269270 134.6350 0.779904 10.525773
269280 134.6400 0.779450 10.524507
269290 134.6450 0.778918 10.523061
269300 134.6500 0.778248 10.521292
269310 134.6550 0.777428 10.531824
269320 134.6600 0.776383 10.529280
269330 134.6650 0.775274 10.526715
269340 134.6700 0.773949 10.523821
269350 134.6750 0.772453 10.520755
269360 134.6800 0.770697 10.517404
269370 134.6850 0.768891 10.514198
269380 134.6900 0.766913 10.510918
269390 134.6950 0.764953 10.507860
269400 134.7000 0.763144 10.505159
269410 134.7050 0.761117 10.514890
269420 134.7100 0.759082 10.511957
269430 134.7150 0.756884 10.508754
269440 134.7200 0.754694 10.505463
269450 134.7250 0.752438 10.501905
269460 134.7300 0.750162 10.498080
269470 134.7350 0.747823 10.493845
269480 134.7400 0.745436 10.489142
269490 134.7450 0.742858 10.483572
269500 134.7500 0.740175 10.477173
269510 134.7550 0.737556 10.483043
269520 134.7600 0.734745 10.474851
269530 134.7650 0.731897 10.465701
269540 134.7700 0.729115 10.455928
269550 134.7750 0.726006 10.444044
269560 134.7800 0.722740 10.430510
269570 134.7850 0.719445 10.415845
269580 134.7900 0.716368 10.401329
269590 134.7950 0.713304 10.386204
269600 134.8000 0.710211 10.370387
269610 134.8050 0.706948 10.366407
269620 134.8100 0.703689 10.348993
269630 134.8150 0.700406 10.331358
269640 134.8200 0.697104 10.313773
269650 134.8250 0.693856 10.296854
269660 134.8300 0.690616 10.280584
269670 134.8350 0.687453 10.265508
269680 134.8400 0.684387 10.251852
269690 134.8450 0.681291 10.239216
269700 134.8500 0.677836 10.226694
269710 134.8550 0.674351 10.229642
269720 134.8600 0.670801 10.220801
269730 134.8650 0.667229 10.214245
269740 134.8700 0.663705 10.210216
269750 134.8750 0.660209 10.208712
269760 134.8800 0.656928 10.209606
269770 134.8850 0.653829 10.212508
269780 134.8900 0.650857 10.217146
269790 134.8950 0.647742 10.223903
269800 134.9000 0.644607 10.232578
269810 134.9050 0.641755 10.255661
269820 134.9100 0.638945 10.266200
269830 134.9150 0.636279 10.277253
269840 134.9200 0.633763 10.288514
269850 134.9250 0.631313 10.300142
269860 134.9300 0.629088 10.311161
269870 134.9350 0.627375 10.319894
269880 134.9400 0.626099 10.326497
269890 134.9450 0.625132 10.331552
269900 134.9500 0.624506 10.334845
269910 134.9550 0.624102 10.350267
269920 134.9600 0.624070 10.350433
269930 134.9650 0.624591 10.347688
269940 134.9700 0.625598 10.342405
269950 134.9750 0.627012 10.335038
269960 134.9800 0.628590 10.326928
269970 134.9850 0.630330 10.318165
269980 134.9900 0.632187 10.309060
269990 134.9950 0.634395 10.298653
270000 135.0000 0.636992 10.287087
270010 135.0050 0.639883 10.288679
270020 135.0100 0.643062 10.276965
270030 135.0150 0.646566 10.265899
270040 135.0200 0.650207 10.256648
270050 135.0250 0.654174 10.249363
270060 135.0300 0.658384 10.244960
270070 135.0350 0.662973 10.244137
270080 135.0400 0.667839 10.247738
270090 135.0450 0.672846 10.256031
270100 135.0500 0.678110 10.269340
270110 135.0550 0.683501 10.300659
270120 135.0600 0.689136 10.322769
270130 135.0650 0.694926 10.348148
270140 135.0700 0.700918 10.375963
270150 135.0750 0.707124 10.405013
270160 135.0800 0.713438 10.433413
270170 135.0850 0.719670 10.459082
270180 135.0900 0.725967 10.481695
270190 135.0950 0.732315 10.500548
270200 135.1000 0.738652 10.515274
270210 135.1050 0.745049 10.538840
270220 135.1100 0.751295 10.546331
270230 135.1150 0.757267 10.551575
270240 135.1200 0.763127 10.556091
270250 135.1250 0.768961 10.561287
270260 135.1300 0.774570 10.568232
270270 135.1350 0.779893 10.577728
270280 135.1400 0.784947 10.590285
270290 135.1450 0.789906 10.606714
270300 135.1500 0.794531 10.626243
270310 135.1550 0.798898 10.660967
270320 135.1600 0.802789 10.684429
270330 135.1650 0.806226 10.707921
270340 135.1700 0.809495 10.732683
270350 135.1750 0.812441 10.757007
270360 135.1800 0.815182 10.781302
270370 135.1850 0.817582 10.803847
270380 135.1900 0.819573 10.823410
270390 135.1950 0.821193 10.839885
270400 135.2000 0.822443 10.852929
270410 135.2050 0.823518 10.875858
270420 135.2100 0.824375 10.885104
270430 135.2150 0.824847 10.890259
270440 135.2200 0.824873 10.890533
270450 135.2250 0.824374 10.885103
270460 135.2300 0.823399 10.874578
270470 135.2350 0.822074 10.860551
270480 135.2400 0.820309 10.842326
270490 135.2450 0.818150 10.820810
270500 135.2500 0.815633 10.796843
270510 135.2550 0.812610 10.781403
270520 135.2600 0.809368 10.754384
270530 135.2650 0.805842 10.727512
270540 135.2700 0.802010 10.701301
270550 135.2750 0.797992 10.677152
270560 135.2800 0.793817 10.655579
270570 135.2850 0.789425 10.636545
270580 135.2900 0.785015 10.620889
270590 135.2950 0.780751 10.608670
270600 135.3000 0.776598 10.599114
270610 135.3050 0.772175 10.603280
270620 135.3100 0.767614 10.596372
270630 135.3150 0.763194 10.590561
270640 135.3200 0.758440 10.584631
270650 135.3250 0.753663 10.578341
270660 135.3300 0.748836 10.571023
270670 135.3350 0.744092 10.562365
270680 135.3400 0.739298 10.551721
270690 135.3450 0.734423 10.538653
270700 135.3500 0.729548 10.523163
270710 135.3550 0.724739 10.518070
270720 135.3600 0.720002 10.498364
270730 135.3650 0.715323 10.476961
270740 135.3700 0.710761 10.454617
270750 135.3750 0.706082 10.430655
270760 135.3800 0.701480 10.406604
270770 135.3850 0.697058 10.383598
270780 135.3900 0.692607 10.361113
270790 135.3950 0.688248 10.340296
270800 135.4000 0.683927 10.321367
270810 135.4050 0.679536 10.317660
270820 135.4100 0.675308 10.303711
270830 135.4150 0.671150 10.292718
270840 135.4200 0.667080 10.284845
270850 135.4250 0.663363 10.280328
270860 135.4300 0.659853 10.278501
270870 135.4350 0.656644 10.278940
270880 135.4400 0.653777 10.281038
270890 135.4450 0.651126 10.284390
270900 135.4500 0.648611 10.288792
270910 135.4550 0.646077 10.307836
270920 135.4600 0.643685 10.314090
270930 135.4650 0.641711 10.319931
270940 135.4700 0.639748 10.326312
270950 135.4750 0.638057 10.332234
270960 135.4800 0.636630 10.337515
270970 135.4850 0.635294 10.342674
270980 135.4900 0.634317 10.346571
270990 135.4950 0.633510 10.349866
271000 135.5000 0.632659 10.353408
271010 135.5050 0.632078 10.369086
271020 135.5100 0.631830 10.370139
271030 135.5150 0.631898 10.369852
271040 135.5200 0.632370 10.367847
271050 135.5250 0.633034 10.365061
271060 135.5300 0.633767 10.362031
271070 135.5350 0.634649 10.358451
271080 135.5400 0.635674 10.354386
271090 135.5450 0.636825 10.349955
271100 135.5500 0.638273 10.344594
271110 135.5550 0.640184 10.351169
271120 135.5600 0.642542 10.343577
271130 135.5650 0.645064 10.336330
271140 135.5700 0.647837 10.329488
271150 135.5750 0.650808 10.323561
271160 135.5800 0.653879 10.319038
271170 135.5850 0.657057 10.316138
271180 135.5900 0.660398 10.315081
271190 135.5950 0.663933 10.316193
271200 135.6000 0.667605 10.319739
271210 135.6050 0.671451 10.339280
271220 135.6100 0.675554 10.348469
271230 135.6150 0.679995 10.361135
271240 135.6200 0.684588 10.376811
271250 135.6250 0.689188 10.394649
271260 135.6300 0.693764 10.413971
271270 135.6350 0.698309 10.434169
271280 135.6400 0.702769 10.454413
271290 135.6450 0.707246 10.474637
271300 135.6500 0.711752 10.494392
271310 135.6550 0.716220 10.525611
271320 135.6600 0.720564 10.542166
271330 135.6650 0.724784 10.556641
271340 135.6700 0.729013 10.569384
271350 135.6750 0.733176 10.580125
271360 135.6800 0.737059 10.588536
271370 135.6850 0.740749 10.595147
271380 135.6900 0.744332 10.600385
271390 135.6950 0.747910 10.604597
271400 135.7000 0.751228 10.607751
271410 135.7050 0.754288 10.622464
271420 135.7100 0.757157 10.624382
271430 135.7150 0.759928 10.626064
271440 135.7200 0.762697 10.627713
271450 135.7250 0.765291 10.629351
271460 135.7300 0.767831 10.631158
271470 135.7350 0.770050 10.632989
271480 135.7400 0.771930 10.634785
271490 135.7450 0.773628 10.636638
271500 135.7500 0.775438 10.638896
271510 135.7550 0.777136 10.653516
271520 135.7600 0.778789 10.656158
271530 135.7650 0.780162 10.658595
271540 135.7700 0.781154 10.660504
271550 135.7750 0.781898 10.662020
271560 135.7800 0.782431 10.663151
271570 135.7850 0.782859 10.664089
271580 135.7900 0.783239 10.664944
271590 135.7950 0.783598 10.665772
271600 135.8000 0.783801 10.666247
271610 135.8050 0.783661 10.678035
271620 135.8100 0.783217 10.677010
271630 135.8150 0.782437 10.675278
271640 135.8200 0.781316 10.672930
271650 135.8250 0.779876 10.670148
271660 135.8300 0.778112 10.667078
271670 135.8350 0.776168 10.664082
271680 135.8400 0.773894 10.661035
271690 135.8450 0.771522 10.658302
271700 135.8500 0.768909 10.655709
271710 135.8550 0.766079 10.665393
271720 135.8600 0.763192 10.663066
271730 135.8650 0.760172 10.660667
271740 135.8700 0.757029 10.658022
271750 135.8750 0.753916 10.655076
271760 135.8800 0.750724 10.651542
271770 135.8850 0.747485 10.647262
271780 135.8900 0.744348 10.642316
271790 135.8950 0.741154 10.636355
271800 135.9000 0.738077 10.629648
271810 135.9050 0.734932 10.633970
271820 135.9100 0.731690 10.624628
271830 135.9150 0.728431 10.614022
271840 135.9200 0.725041 10.601725
271850 135.9250 0.721506 10.587604
271860 135.9300 0.717758 10.571309
271870 135.9350 0.714340 10.555412
271880 135.9400 0.711003 10.539097
271890 135.9450 0.707700 10.522371
271900 135.9500 0.704443 10.505493
271910 135.9550 0.701169 10.500993
271920 135.9600 0.697912 10.483895
271930 135.9650 0.694688 10.467167
271940 135.9700 0.691696 10.452013
271950 135.9750 0.688849 10.438082
271960 135.9800 0.686371 10.426454
271970 135.9850 0.684122 10.416390
271980 135.9900 0.681962 10.407223
271990 135.9950 0.679656 10.398039
272000 136.0000 0.677527 10.390172
272010 136.0050 0.675557 10.396532
272020 136.0100 0.673465 10.389998
272030 136.0150 0.671414 10.384236
272040 136.0200 0.669447 10.379338
272050 136.0250 0.667736 10.375600
272060 136.0300 0.665936 10.372205
272070 136.0350 0.664002 10.369190
272080 136.0400 0.662331 10.367121
272090 136.0450 0.660803 10.365670
272100 136.0500 0.659315 10.364665
272110 136.0550 0.658001 10.377292
272120 136.0600 0.656789 10.377051
272130 136.0650 0.655529 10.377077
272140 136.0700 0.654273 10.377382
272150 136.0750 0.653224 10.377849
272160 136.0800 0.652236 10.378463
272170 136.0850 0.651440 10.379080
272180 136.0900 0.650787 10.379668
272190 136.0950 0.650210 10.380247
272200 136.1000 0.649723 10.380779
272210 136.1050 0.649256 10.394450
272220 136.1100 0.648945 10.394833
272230 136.1150 0.648969 10.394802
272240 136.1200 0.649276 10.394425
272250 136.1250 0.649984 10.393612
272260 136.1300 0.650804 10.392771
272270 136.1350 0.651576 10.392082
272280 136.1400 0.652333 10.391500
272290 136.1450 0.653051 10.391038
272300 136.1500 0.653833 10.390633
272310 136.1550 0.654848 10.403347
272320 136.1600 0.655909 10.403138
272330 136.1650 0.657116 10.403130
272340 136.1700 0.658529 10.403428
272350 136.1750 0.660051 10.404124
272360 136.1800 0.661635 10.405260
272370 136.1850 0.663389 10.407003
272380 136.1900 0.665306 10.409487
272390 136.1950 0.667270 10.412647
272400 136.2000 0.669304 10.416560
272410 136.2050 0.671428 10.434299
272420 136.2100 0.673909 10.440647
272430 136.2150 0.676519 10.448209
272440 136.2200 0.679103 10.456517
272450 136.2250 0.681777 10.465894
272460 136.2300 0.684383 10.475716
272470 136.2350 0.686948 10.485954
272480 136.2400 0.689359 10.496007
272490 136.2450 0.691731 10.506231
272500 136.2500 0.694244 10.517339
272510 136.2550 0.696656 10.540803
272520 136.2600 0.699026 10.551514
272530 136.2650 0.701641 10.563312
272540 136.2700 0.704352 10.575429
272550 136.2750 0.706954 10.586842
272560 136.2800 0.709527 10.597831
272570 136.2850 0.712051 10.608242
272580 136.2900 0.714347 10.617338
272590 136.2950 0.716681 10.626165
272600 136.3000 0.718835 10.633893
272610 136.3050 0.720718 10.652514
272620 136.3100 0.722448 10.658067
272630 136.3150 0.723975 10.662703
272640 136.3200 0.725357 10.666678
272650 136.3250 0.726570 10.669989
272660 136.3300 0.727633 10.672754
272670 136.3350 0.728603 10.675164
272680 136.3400 0.729444 10.677165
272690 136.3450 0.730055 10.678567
272700 136.3500 0.730672 10.679940
272710 136.3550 0.731444 10.693665
272720 136.3600 0.732120 10.695054
272730 136.3650 0.732884 10.696559
272740 136.3700 0.733777 10.698228
272750 136.3750 0.734704 10.699861
272760 136.3800 0.735708 10.701514
272770 136.3850 0.736593 10.702874
272780 136.3900 0.737564 10.704263
272790 136.3950 0.738822 10.705902
272800 136.4000 0.740220 10.707517
272810 136.4050 0.741653 10.720928
272820 136.4100 0.742948 10.722031
272830 136.4150 0.744210 10.722939
272840 136.4200 0.745493 10.723698
272850 136.4250 0.746852 10.724333
272860 136.4300 0.748061 10.724759
272870 136.4350 0.749046 10.725016
272880 136.4400 0.750028 10.725195
272890 136.4450 0.751122 10.725311
272900 136.4500 0.752092 10.725345
272910 136.4550 0.752842 10.737247
272920 136.4600 0.753619 10.737193
272930 136.4650 0.754418 10.737100
272940 136.4700 0.755326 10.736952
272950 136.4750 0.755865 10.736845
272960 136.4800 0.756334 10.736740
272970 136.4850 0.756707 10.736651
272980 136.4900 0.757181 10.736528
272990 136.4950 0.757628 10.736405
273000 136.5000 0.758047 10.736284
273010 136.5050 0.758652 10.747979
273020 136.5100 0.759065 10.747845
273030 136.5150 0.759144 10.747819
273040 136.5200 0.758835 10.747920
273050 136.5250 0.758291 10.748092
273060 136.5300 0.757706 10.748264
273070 136.5350 0.757094 10.748431
273080 136.5400 0.756462 10.748586
273090 136.5450 0.755619 10.748763
273100 136.5500 0.754693 10.748915
273110 136.5550 0.753462 10.760875
273120 136.5600 0.751926 10.760876
273130 136.5650 0.750132 10.760643
273140 136.5700 0.748486 10.760181
273150 136.5750 0.746932 10.759509
273160 136.5800 0.745206 10.758472
273170 136.5850 0.743316 10.756962
273180 136.5900 0.741426 10.755039
273190 136.5950 0.739398 10.752491
273200 136.6000 0.737344 10.749379
273210 136.6050 0.735093 10.757162
273220 136.6100 0.732840 10.752403
273230 136.6150 0.730292 10.746166
273240 136.6200 0.727512 10.738333
273250 136.6250 0.724512 10.728698
273260 136.6300 0.721252 10.716890
273270 136.6350 0.717875 10.703277
273280 136.6400 0.714442 10.688142
273290 136.6450 0.710948 10.671566
273300 136.6500 0.707546 10.654489
273310 136.6550 0.704212 10.649194
273320 136.6600 0.700931 10.631512
273330 136.6650 0.697894 10.614898
273340 136.6700 0.694785 10.597835
273350 136.6750 0.691509 10.580011
273360 136.6800 0.688351 10.563197
273370 136.6850 0.685388 10.547928
273380 136.6900 0.682636 10.534329
273390 136.6950 0.680132 10.522559
273400 136.7000 0.677952 10.512845
273410 136.7050 0.676004 10.517276
273420 136.7100 0.674215 10.510129
273430 136.7150 0.672550 10.503853
273440 136.7200 0.670932 10.498113
273450 136.7250 0.669552 10.493514
273460 136.7300 0.668703 10.490825
273470 136.7350 0.668192 10.489257
273480 136.7400 0.667930 10.488470
273490 136.7450 0.668024 10.488752
273500 136.7500 0.668181 10.489225
273510 136.7550 0.668447 10.502765
273520 136.7600 0.668925 10.504249
273530 136.7650 0.669568 10.506293
273540 136.7700 0.670339 10.508825
273550 136.7750 0.671300 10.512093
273560 136.7800 0.672353 10.515822
273570 136.7850 0.673423 10.519760
273580 136.7900 0.674605 10.524279
273590 136.7950 0.675864 10.529284
273600 136.8000 0.677055 10.534187
273610 136.8050 0.678460 10.552740
273620 136.8100 0.680050 10.559750
273630 136.8150 0.681793 10.567692
273640 136.8200 0.683465 10.575549
273650 136.8250 0.685158 10.583708
273660 136.8300 0.686853 10.592061
273670 136.8350 0.688359 10.599602
273680 136.8400 0.689647 10.606138
273690 136.8450 0.690813 10.612102
273700 136.8500 0.691850 10.617437
273710 136.8550 0.692922 10.635260
273720 136.8600 0.693968 10.640674
273730 136.8650 0.694885 10.645424
273740 136.8700 0.695739 10.649848
273750 136.8750 0.696376 10.653139
273760 136.8800 0.696874 10.655713
273770 136.8850 0.697261 10.657712
273780 136.8900 0.697677 10.659852
273790 136.8950 0.698048 10.661761
273800 136.9000 0.698272 10.662916
273810 136.9050 0.698240 10.674877
273820 136.9100 0.697919 10.673228
273830 136.9150 0.697418 10.670645
273840 136.9200 0.696837 10.667645
273850 136.9250 0.696343 10.665087
273860 136.9300 0.696014 10.663385
273870 136.9350 0.695675 10.661623
273880 136.9400 0.694998 10.658108
273890 136.9450 0.694004 10.652945
273900 136.9500 0.693084 10.648161
273910 136.9550 0.692179 10.655631
273920 136.9600 0.691004 10.649532
273930 136.9650 0.689537 10.641936
273940 136.9700 0.687875 10.633395
273950 136.9750 0.685777 10.622736
273960 136.9800 0.683932 10.613528
273970 136.9850 0.682247 10.605281
273980 136.9900 0.680832 10.598496
273990 136.9950 0.679676 10.593068
274000 137.0000 0.678552 10.587892
274010 137.0050 0.677293 10.594603
274020 137.0100 0.676028 10.589045
274030 137.0150 0.674771 10.583668
274040 137.0200 0.673638 10.578961
274050 137.0250 0.672610 10.574810
274060 137.0300 0.671704 10.571246
274070 137.0350 0.670727 10.567508
274080 137.0400 0.669904 10.564447
274090 137.0450 0.669009 10.561212
274100 137.0500 0.668185 10.558322
274110 137.0550 0.667397 10.568127
274120 137.0600 0.666754 10.565995
274130 137.0650 0.666030 10.563661
274140 137.0700 0.665351 10.561529
274150 137.0750 0.664779 10.559783
274160 137.0800 0.664363 10.558542
274170 137.0850 0.664012 10.557511
274180 137.0900 0.663872 10.557106
274190 137.0950 0.663733 10.556705
274200 137.1000 0.663653 10.556475
274210 137.1050 0.663771 10.569307
274220 137.1100 0.663859 10.569562
274230 137.1150 0.663682 10.569053
274240 137.1200 0.663504 10.568545
274250 137.1250 0.663543 10.568654
274260 137.1300 0.663833 10.569487
274270 137.1350 0.664208 10.570577
274280 137.1400 0.664507 10.571461
274290 137.1450 0.664545 10.571574
274300 137.1500 0.664528 10.571523
274310 137.1550 0.664554 10.584043
274320 137.1600 0.664329 10.583375
274330 137.1650 0.663960 10.582296
274340 137.1700 0.663628 10.581337
274350 137.1750 0.663040 10.579676
274360 137.1800 0.662394 10.577902
274370 137.1850 0.661663 10.575961
274380 137.1900 0.660966 10.574175
274390 137.1950 0.660491 10.572993
274400 137.2000 0.660206 10.572301
274410 137.2050 0.660204 10.584734
274420 137.2100 0.660184 10.584685
274430 137.2150 0.660148 10.584599
274440 137.2200 0.660062 10.584394
274450 137.2250 0.659988 10.584216
274460 137.2300 0.659940 10.584102
274470 137.2350 0.659985 10.584210
274480 137.2400 0.660101 10.584487
274490 137.2450 0.660267 10.584887
274500 137.2500 0.660456 10.585347
274510 137.2550 0.660534 10.597933
274520 137.2600 0.660676 10.598282
274530 137.2650 0.661056 10.599230
274540 137.2700 0.661371 10.600031
274550 137.2750 0.661576 10.600559
274560 137.2800 0.661866 10.601312
274570 137.2850 0.662069 10.601848
274580 137.2900 0.662467 10.602910
274590 137.2950 0.662892 10.604064
274600 137.3000 0.663249 10.605053
274610 137.3050 0.663813 10.618965
274620 137.3100 0.664690 10.621509
274630 137.3150 0.665786 10.624803
274640 137.3200 0.666898 10.628277
274650 137.3250 0.667861 10.631386
274660 137.3300 0.668828 10.634606
274670 137.3350 0.669796 10.637918
274680 137.3400 0.670951 10.641982
274690 137.3450 0.672116 10.646203
274700 137.3500 0.673068 10.649738
274710 137.3550 0.674068 10.665701
274720 137.3600 0.675072 10.669578
274730 137.3650 0.675785 10.672371
274740 137.3700 0.676332 10.674538
274750 137.3750 0.676662 10.675853
274760 137.3800 0.676924 10.676904
274770 137.3850 0.677279 10.678332
274780 137.3900 0.677793 10.680412
274790 137.3950 0.678254 10.682289
274800 137.4000 0.678607 10.683735
274810 137.4050 0.678908 10.697029
274820 137.4100 0.678976 10.697311
274830 137.4150 0.678906 10.697021
274840 137.4200 0.679001 10.697412
274850 137.4250 0.679151 10.698033
274860 137.4300 0.679119 10.697900
274870 137.4350 0.678983 10.697339
274880 137.4400 0.678790 10.696544
274890 137.4450 0.678560 10.695599
274900 137.4500 0.678251 10.694333
274910 137.4550 0.678102 10.705748
274920 137.4600 0.678078 10.705650
274930 137.4650 0.677980 10.705247
274940 137.4700 0.677667 10.703976
274950 137.4750 0.677524 10.703393
274960 137.4800 0.677578 10.703613
274970 137.4850 0.677690 10.704070
274980 137.4900 0.678088 10.705691
274990 137.4950 0.678388 10.706915
275000 137.5000 0.678762 10.708448
275010 137.5050 0.679046 10.721594
275020 137.5100 0.679375 10.722949
275030 137.5150 0.679847 10.724901
275040 137.5200 0.680590 10.727991
275050 137.5250 0.681397 10.731361
275060 137.5300 0.682269 10.735020
275070 137.5350 0.683147 10.738714
275080 137.5400 0.684061 10.742576
275090 137.5450 0.684819 10.745784
275100 137.5500 0.685560 10.748923
275110 137.5550 0.686491 10.764703
275120 137.5600 0.687257 10.767942
275130 137.5650 0.687748 10.770014
275140 137.5700 0.688078 10.771403
275150 137.5750 0.688206 10.771942
275160 137.5800 0.688326 10.772449
275170 137.5850 0.688554 10.773406
275180 137.5900 0.688567 10.773462
275190 137.5950 0.688482 10.773103
275200 137.6000 0.688092 10.771461
275210 137.6050 0.687628 10.781270
275220 137.6100 0.687025 10.778724
275230 137.6150 0.686431 10.776207
275240 137.6200 0.685852 10.773750
275250 137.6250 0.685292 10.771373
275260 137.6300 0.684955 10.769939
275270 137.6350 0.684526 10.768114
275280 137.6400 0.683965 10.765728
275290 137.6450 0.683401 10.763328
275300 137.6500 0.682854 10.761002
275310 137.6550 0.682255 10.770257
275320 137.6600 0.681638 10.767638
275330 137.6650 0.681290 10.766161
275340 137.6700 0.680942 10.764682
275350 137.6750 0.680753 10.763884
275360 137.6800 0.680538 10.762973
275370 137.6850 0.680477 10.762715
275380 137.6900 0.680433 10.762528
275390 137.6950 0.680386 10.762327
275400 137.7000 0.680108 10.761152
275410 137.7050 0.679803 10.771665
275420 137.7100 0.679494 10.770357
275430 137.7150 0.679403 10.769975
275440 137.7200 0.679375 10.769855
275450 137.7250 0.679594 10.770781
275460 137.7300 0.679826 10.771760
275470 137.7350 0.680003 10.772508
275480 137.7400 0.680447 10.774388
275490 137.7450 0.681234 10.777720
275500 137.7500 0.682006 10.780992
275510 137.7550 0.682691 10.795627
275520 137.7600 0.683491 10.799013
275530 137.7650 0.684415 10.802913
275540 137.7700 0.685442 10.807234
275550 137.7750 0.686373 10.811131
275560 137.7800 0.687240 10.814735
275570 137.7850 0.688095 10.818271
275580 137.7900 0.688933 10.821713
275590 137.7950 0.689895 10.825627
275600 137.8000 0.690919 10.829752
275610 137.8050 0.691941 10.845387
275620 137.8100 0.692762 10.848606
275630 137.8150 0.693576 10.851751
275640 137.8200 0.694310 10.854552
275650 137.8250 0.695058 10.857367
275660 137.8300 0.695905 10.860509
275670 137.8350 0.696860 10.863976
275680 137.8400 0.697857 10.867521
275690 137.8450 0.698761 10.870660
275700 137.8500 0.699615 10.873556
275710 137.8550 0.700306 10.887284
275720 137.8600 0.700900 10.889214
275730 137.8650 0.701622 10.891512
275740 137.8700 0.702347 10.893764
275750 137.8750 0.702838 10.895257
275760 137.8800 0.703221 10.896401
275770 137.8850 0.703643 10.897644
275780 137.8900 0.704227 10.899331
275790 137.8950 0.704806 10.900964
275800 137.9000 0.705521 10.902923
275810 137.9050 0.706234 10.916155
275820 137.9100 0.707129 10.918439
275830 137.9150 0.708057 10.920694
275840 137.9200 0.708841 10.922509
275850 137.9250 0.709632 10.924256
275860 137.9300 0.710606 10.926288
275870 137.9350 0.711540 10.928110
275880 137.9400 0.712566 10.929970
275890 137.9450 0.713748 10.931922
275900 137.9500 0.714778 10.933457
275910 137.9550 0.715474 10.945647
275920 137.9600 0.716240 10.946601
275930 137.9650 0.716934 10.947387
275940 137.9700 0.717559 10.948030
275950 137.9750 0.718215 10.948640
275960 137.9800 0.718894 10.949200
275970 137.9850 0.719388 10.949562
275980 137.9900 0.719819 10.949846
275990 137.9950 0.720226 10.950087
276000 138.0000 0.720502 10.950236
276010 138.0050 0.720783 10.961566
276020 138.0100 0.720943 10.961640
276030 138.0150 0.721031 10.961678
276040 138.0200 0.721099 10.961707
276050 138.0250 0.721111 10.961712
276060 138.0300 0.721011 10.961669
276070 138.0350 0.720683 10.961518
276080 138.0400 0.720277 10.961307
276090 138.0450 0.719953 10.961119
276100 138.0500 0.719598 10.960893
276110 138.0550 0.719372 10.971898
276120 138.0600 0.719405 10.971920
276130 138.0650 0.719391 10.971911
276140 138.0700 0.719336 10.971872
276150 138.0750 0.719439 10.971944
276160 138.0800 0.719440 10.971945
276170 138.0850 0.719427 10.971936
276180 138.0900 0.719477 10.971970
276190 138.0950 0.719308 10.971852
276200 138.1000 0.719249 10.971810
276210 138.1050 0.719094 10.982821
276220 138.1100 0.719040 10.982780
276230 138.1150 0.719223 10.982915
276240 138.1200 0.719248 10.982934
276250 138.1250 0.719120 10.982840
276260 138.1300 0.718721 10.982529
276270 138.1350 0.718230 10.982110
276280 138.1400 0.717593 10.981505
276290 138.1450 0.716963 10.980837
276300 138.1500 0.716197 10.979936
276310 138.1550 0.715107 10.989579
276320 138.1600 0.713893 10.987719
276330 138.1650 0.712741 10.985721
276340 138.1700 0.711615 10.983555
276350 138.1750 0.710422 10.981033
276360 138.1800 0.709175 10.978149
276370 138.1850 0.708056 10.975352
276380 138.1900 0.706788 10.971947
276390 138.1950 0.705360 10.967824
276400 138.2000 0.703805 10.962996
276410 138.2050 0.702191 10.968776
276420 138.2100 0.700558 10.962974
276430 138.2150 0.698921 10.956812
276440 138.2200 0.697320 10.950469
276450 138.2250 0.695832 10.944305
276460 138.2300 0.694202 10.937289
276470 138.2350 0.692610 10.930176
276480 138.2400 0.691082 10.923140
276490 138.2450 0.689591 10.916097
276500 138.2500 0.688161 10.909184
276510 138.2550 0.686643 10.913024
276520 138.2600 0.685127 10.905413
276530 138.2650 0.683546 10.897358
276540 138.2700 0.681923 10.888978
276550 138.2750 0.680254 10.880284
276560 138.2800 0.678659 10.871918
276570 138.2850 0.676906 10.862691
276580 138.2900 0.675367 10.854589
276590 138.2950 0.673882 10.846790
276600 138.3000 0.672247 10.838247
276610 138.3050 0.670644 10.841485
276620 138.3100 0.668990 10.832989
276630 138.3150 0.667350 10.824677
276640 138.3200 0.665846 10.817164
276650 138.3250 0.664421 10.810157
276660 138.3300 0.662963 10.803121
276670 138.3350 0.661379 10.795642
276680 138.3400 0.659669 10.787778
276690 138.3450 0.658037 10.780490
276700 138.3500 0.656638 10.774430
276710 138.3550 0.655303 10.780562
276720 138.3600 0.654035 10.775372
276730 138.3650 0.653049 10.771439
276740 138.3700 0.652406 10.768923
276750 138.3750 0.651732 10.766332
276760 138.3800 0.651184 10.764257
276770 138.3850 0.650670 10.762334
276780 138.3900 0.650263 10.760833
276790 138.3950 0.649965 10.759744
276800 138.4000 0.649737 10.758919
276810 138.4050 0.649585 10.770174
276820 138.4100 0.649540 10.770014
276830 138.4150 0.649610 10.770265
276840 138.4200 0.649705 10.770610
276850 138.4250 0.649800 10.770952
276860 138.4300 0.650141 10.772191
276870 138.4350 0.650744 10.774415
276880 138.4400 0.651295 10.776473
276890 138.4450 0.651723 10.778092
276900 138.4500 0.652440 10.780846
276910 138.4550 0.653084 10.795091
276920 138.4600 0.653679 10.797444
276930 138.4650 0.654439 10.800491
276940 138.4700 0.655352 10.804213
276950 138.4750 0.656273 10.808040
276960 138.4800 0.657111 10.811578
276970 138.4850 0.657929 10.815081
276980 138.4900 0.658715 10.818496
276990 138.4950 0.659351 10.821289
277000 138.5000 0.660167 10.824919
277010 138.5050 0.661072 10.840581
277020 138.5100 0.662065 10.845101
277030 138.5150 0.663067 10.849716
277040 138.5200 0.663722 10.852760
277050 138.5250 0.664381 10.855844
277060 138.5300 0.665111 10.859282
277070 138.5350 0.665632 10.861748
277080 138.5400 0.666056 10.863763
277090 138.5450 0.666373 10.865276
277100 138.5500 0.666452 10.865653
277110 138.5550 0.666565 10.877653
277120 138.5600 0.666826 10.878903
277130 138.5650 0.667158 10.880493
277140 138.5700 0.667415 10.881725
277150 138.5750 0.667742 10.883296
277160 138.5800 0.667945 10.884274
277170 138.5850 0.667887 10.883995
277180 138.5900 0.667586 10.882547
277190 138.5950 0.667086 10.880148
277200 138.6000 0.666587 10.877758
277210 138.6050 0.666150 10.887092
277220 138.6100 0.665839 10.885613
277230 138.6150 0.665611 10.884525
277240 138.6200 0.665425 10.883644
277250 138.6250 0.665343 10.883255
277260 138.6300 0.665375 10.883406
277270 138.6350 0.665435 10.883689
277280 138.6400 0.665646 10.884694
277290 138.6450 0.665886 10.885835
277300 138.6500 0.666053 10.886628
277310 138.6550 0.666174 10.898600
277320 138.6600 0.666151 10.898488
277330 138.6650 0.665948 10.897521
277340 138.6700 0.665685 10.896269
277350 138.6750 0.665249 10.894197
277360 138.6800 0.664888 10.892486
277370 138.6850 0.664408 10.890216
277380 138.6900 0.663971 10.888158
277390 138.6950 0.663616 10.886487
277400 138.7000 0.663094 10.884037
277410 138.7050 0.662567 10.892980
277420 138.7100 0.662059 10.890617
277430 138.7150 0.661667 10.888800
277440 138.7200 0.661339 10.887282
277450 138.7250 0.661049 10.885947
277460 138.7300 0.660707 10.884374
277470 138.7350 0.660359 10.882775
277480 138.7400 0.660106 10.881619
277490 138.7450 0.659743 10.879966
277500 138.7500 0.659548 10.879078
277510 138.7550 0.659442 10.890015
277520 138.7600 0.659244 10.889116
277530 138.7650 0.658784 10.887039
277540 138.7700 0.658152 10.884198
277550 138.7750 0.657427 10.880961
277560 138.7800 0.656949 10.878844
277570 138.7850 0.656542 10.877045
277580 138.7900 0.656139 10.875277
277590 138.7950 0.655865 10.874077
277600 138.8000 0.655708 10.873393
277610 138.8050 0.655487 10.883865
277620 138.8100 0.655213 10.882674
277630 138.8150 0.655021 10.881845
277640 138.8200 0.654772 10.880770
277650 138.8250 0.654751 10.880676
277660 138.8300 0.654989 10.881705
277670 138.8350 0.655264 10.882897
277680 138.8400 0.655539 10.884092
277690 138.8450 0.655926 10.885776
277700 138.8500 0.656249 10.887192
277710 138.8550 0.656484 10.899614
277720 138.8600 0.656782 10.900927
277730 138.8650 0.656921 10.901540
277740 138.8700 0.656948 10.901656
277750 138.8750 0.656923 10.901550
277760 138.8800 0.656863 10.901285
277770 138.8850 0.656897 10.901435
277780 138.8900 0.656908 10.901481
277790 138.8950 0.657092 10.902296
277800 138.9000 0.657441 10.903838
277810 138.9050 0.657952 10.917448
277820 138.9100 0.658595 10.920315
277830 138.9150 0.659203 10.923041
277840 138.9200 0.659715 10.925341
277850 138.9250 0.660301 10.927987
277860 138.9300 0.661034 10.931304
277870 138.9350 0.662071 10.936017
277880 138.9400 0.663181 10.941086
277890 138.9450 0.664526 10.947247
277900 138.9500 0.665981 10.953931
277910 138.9550 0.667571 10.972409
277920 138.9600 0.669118 10.979488
277930 138.9650 0.670564 10.986068
277940 138.9700 0.672055 10.992799
277950 138.9750 0.673565 10.999548
277960 138.9800 0.675150 11.006539
277970 138.9850 0.676933 11.014265
277980 138.9900 0.678587 11.021281
277990 138.9950 0.680094 11.027530
278000 139.0000 0.681742 11.034177
278010 139.0050 0.683363 11.051440
278020 139.0100 0.684912 11.057274
278030 139.0150 0.686538 11.063146
278040 139.0200 0.688086 11.068486
278050 139.0250 0.689588 11.073415
278060 139.0300 0.691034 11.077911
278070 139.0350 0.692362 11.081815
278080 139.0400 0.693603 11.085261
278090 139.0450 0.694878 11.088588
278100 139.0500 0.696282 11.091994
278110 139.0550 0.697537 11.105558
278120 139.0600 0.698713 11.107971
278130 139.0650 0.699916 11.110220
278140 139.0700 0.701137 11.112271
278150 139.0750 0.702424 11.114174
278160 139.0800 0.703848 11.115963
278170 139.0850 0.705198 11.117346
278180 139.0900 0.706491 11.118382
278190 139.0950 0.707735 11.119107
278200 139.1000 0.708822 11.119521
278210 139.1050 0.709811 11.130391
278220 139.1100 0.711013 11.130390
278230 139.1150 0.712276 11.130108
278240 139.1200 0.713299 11.129666
278250 139.1250 0.714188 11.129129
278260 139.1300 0.714939 11.128561
278270 139.1350 0.715634 11.127946
278280 139.1400 0.716214 11.127364
278290 139.1450 0.716705 11.126825
278300 139.1500 0.717223 11.126208
278310 139.1550 0.717947 11.135917
278320 139.1600 0.718544 11.135065
278330 139.1650 0.719071 11.134259
278340 139.1700 0.719583 11.133427
278350 139.1750 0.719898 11.132892
278360 139.1800 0.720173 11.132410
278370 139.1850 0.720359 11.132076
278380 139.1900 0.720643 11.131553
278390 139.1950 0.720838 11.131186
278400 139.2000 0.720878 11.131110
278410 139.2050 0.720860 11.141784
278420 139.2100 0.720921 11.141668
278430 139.2150 0.720946 11.141620
278440 139.2200 0.721028 11.141461
278450 139.2250 0.721038 11.141442
278460 139.2300 0.720774 11.141946
278470 139.2350 0.720062 11.143244
278480 139.2400 0.719154 11.144761
278490 139.2450 0.718129 11.146289
278500 139.2500 0.717305 11.147372
278510 139.2550 0.716244 11.159168
278520 139.2600 0.715055 11.160258
278530 139.2650 0.713744 11.161141
278540 139.2700 0.712250 11.161739
278550 139.2750 0.710559 11.161892
278560 139.2800 0.708832 11.161480
278570 139.2850 0.706851 11.160305
278580 139.2900 0.704780 11.158286
278590 139.2950 0.702542 11.155218
278600 139.3000 0.700260 11.151166
278610 139.3050 0.697506 11.155649
278620 139.3100 0.694633 11.147932
278630 139.3150 0.691653 11.138560
278640 139.3200 0.688501 11.127253
278650 139.3250 0.685364 11.114722
278660 139.3300 0.682263 11.101221
278670 139.3350 0.679180 11.086866
278680 139.3400 0.675934 11.070917
278690 139.3450 0.672798 11.054863
278700 139.3500 0.669480 11.037382
278710 139.3550 0.666177 11.030561
278720 139.3600 0.662765 11.012049
278730 139.3650 0.659251 10.992994
278740 139.3700 0.655635 10.973602
278750 139.3750 0.651980 10.954414
278760 139.3800 0.648436 10.936359
278770 139.3850 0.645031 10.919639
278780 139.3900 0.641805 10.904423
278790 139.3950 0.638634 10.890094
278800 139.4000 0.635611 10.877026
278810 139.4050 0.632516 10.875612
278820 139.4100 0.629231 10.862519
278830 139.4150 0.625915 10.849761
278840 139.4200 0.622781 10.838019
278850 139.4250 0.619914 10.827424
278860 139.4300 0.617055 10.816879
278870 139.4350 0.614335 10.806735
278880 139.4400 0.611896 10.797437
278890 139.4450 0.609343 10.787391
278900 139.4500 0.606661 10.776343
278910 139.4550 0.604221 10.777466
278920 139.4600 0.602329 10.768759
278930 139.4650 0.600602 10.760401
278940 139.4700 0.598736 10.750877
278950 139.4750 0.596860 10.740732
278960 139.4800 0.595077 10.730509
278970 139.4850 0.593434 10.720534
278980 139.4900 0.591855 10.710424
278990 139.4950 0.590646 10.702302
279000 139.5000 0.589458 10.693998
279010 139.5050 0.588439 10.698620
279020 139.5100 0.587637 10.692602
279030 139.5150 0.586965 10.687440
279040 139.5200 0.586578 10.684403
279050 139.5250 0.586233 10.681668
279060 139.5300 0.586141 10.680932
279070 139.5350 0.586234 10.681675
279080 139.5400 0.586298 10.682190
279090 139.5450 0.586143 10.680948
279100 139.5500 0.586320 10.682360
279110 139.5550 0.586727 10.697641
279120 139.5600 0.587020 10.699922
279130 139.5650 0.587633 10.704634
279140 139.5700 0.588319 10.709779
279150 139.5750 0.588992 10.714712
279160 139.5800 0.589608 10.719124
279170 139.5850 0.590345 10.724277
279180 139.5900 0.591155 10.729783
279190 139.5950 0.592408 10.737999
279200 139.6000 0.593754 10.746430
279210 139.6050 0.595355 10.767788
279220 139.6100 0.597040 10.777231
279230 139.6150 0.598795 10.786486
279240 139.6200 0.600730 10.796064
279250 139.6250 0.602707 10.805232
279260 139.6300 0.604538 10.813234
279270 139.6350 0.606402 10.820946
279280 139.6400 0.608299 10.828405
279290 139.6450 0.610067 10.835052
279300 139.6500 0.611784 10.841272
279310 139.6550 0.613328 10.858228
279320 139.6600 0.615081 10.864216
279330 139.6650 0.616799 10.869944
279340 139.6700 0.618227 10.874627
279350 139.6750 0.619755 10.879584
279360 139.6800 0.621333 10.884667
279370 139.6850 0.623015 10.890072
279380 139.6900 0.624729 10.895587
279390 139.6950 0.626244 10.900492
279400 139.7000 0.627613 10.904960
279410 139.7050 0.628796 10.920192
279420 139.7100 0.630045 10.924343
279430 139.7150 0.631356 10.928751
279440 139.7200 0.632655 10.933178
279450 139.7250 0.633715 10.936834
279460 139.7300 0.634709 10.940305
279470 139.7350 0.635680 10.943734
279480 139.7400 0.636816 10.947802
279490 139.7450 0.638082 10.952405
279500 139.7500 0.639496 10.957635
279510 139.7550 0.640957 10.974308
279520 139.7600 0.642359 10.979680
279530 139.7650 0.643685 10.984843
279540 139.7700 0.644916 10.989710
279550 139.7750 0.645865 10.993507
279560 139.7800 0.646589 10.996431
279570 139.7850 0.647338 10.999480
279580 139.7900 0.647998 11.002184
279590 139.7950 0.648544 11.004439
279600 139.8000 0.649040 11.006495
279610 139.8050 0.649401 11.019016
279620 139.8100 0.649760 11.020515
279630 139.8150 0.650135 11.022086
279640 139.8200 0.650456 11.023434
279650 139.8250 0.650816 11.024948
279660 139.8300 0.651152 11.026371
279670 139.8350 0.651506 11.027869
279680 139.8400 0.651757 11.028933
279690 139.8450 0.651936 11.029693
279700 139.8500 0.652125 11.030499
279710 139.8550 0.652367 11.042472
279720 139.8600 0.652389 11.042568
279730 139.8650 0.652268 11.042052
279740 139.8700 0.652302 11.042196
279750 139.8750 0.652317 11.042260
279760 139.8800 0.652169 11.041628
279770 139.8850 0.651924 11.040587
279780 139.8900 0.651589 11.039163
279790 139.8950 0.651302 11.037943
279800 139.9000 0.651179 11.037424
279810 139.9050 0.651289 11.048813
279820 139.9100 0.651519 11.049789
279830 139.9150 0.651804 11.050998
279840 139.9200 0.652190 11.052636
279850 139.9250 0.652561 11.054220
279860 139.9300 0.652756 11.055050
279870 139.9350 0.653058 11.056338
279880 139.9400 0.653260 11.057204
279890 139.9450 0.653670 11.058956
279900 139.9500 0.654017 11.060447
279910 139.9550 0.654050 11.071438
279920 139.9600 0.653992 11.071191
279930 139.9650 0.653893 11.070765
279940 139.9700 0.653924 11.070897
279950 139.9750 0.653787 11.070310
279960 139.9800 0.653755 11.070172
279970 139.9850 0.653640 11.069682
279980 139.9900 0.653281 11.068145
279990 139.9950 0.652696 11.065644
280000 140.0000 0.652079 11.063009
280010 140.0050 0.651521 11.071479
280020 140.0100 0.651121 11.069779
280030 140.0150 0.650580 11.067479
280040 140.0200 0.649989 11.064976
280050 140.0250 0.649399 11.062483
280060 140.0300 0.648741 11.059712
280070 140.0350 0.647915 11.056238
280080 140.0400 0.647196 11.053230
280090 140.0450 0.646269 11.049369
280100 140.0500 0.645240 11.045100
280110 140.0550 0.644499 11.052943
280120 140.0600 0.643903 11.050491
280130 140.0650 0.643431 11.048554
280140 140.0700 0.642927 11.046491
280150 140.0750 0.642569 11.045030
280160 140.0800 0.642515 11.044809
280170 140.0850 0.642470 11.044626
280180 140.0900 0.642401 11.044342
280190 140.0950 0.642433 11.044476
280200 140.1000 0.642670 11.045441
280210 140.1050 0.642863 11.057126
280220 140.1100 0.643064 11.057949
280230 140.1150 0.643459 11.059564
280240 140.1200 0.643974 11.061676
280250 140.1250 0.644460 11.063672
280260 140.1300 0.645093 11.066279
280270 140.1350 0.645857 11.069430
280280 140.1400 0.646490 11.072049
280290 140.1450 0.646896 11.073728
280300 140.1500 0.647295 11.075386
280310 140.1550 0.647900 11.088704
280320 140.1600 0.648612 11.091667
280330 140.1650 0.649227 11.094227
280340 140.1700 0.649661 11.096035
280350 140.1750 0.650361 11.098951
280360 140.1800 0.651103 11.102044
280370 140.1850 0.651898 11.105359
280380 140.1900 0.652545 11.108060
280390 140.1950 0.653326 11.111314
280400 140.2000 0.654127 11.114656
280410 140.2050 0.654948 11.128762
280420 140.2100 0.655821 11.132385
280430 140.2150 0.656588 11.135562
280440 140.2200 0.657495 11.139304
280450 140.2250 0.658337 11.142766
280460 140.2300 0.659176 11.146201
280470 140.2350 0.660080 11.149885
280480 140.2400 0.660880 11.153127
280490 140.2450 0.661500 11.155624
280500 140.2500 0.662251 11.158636
280510 140.2550 0.663013 11.172226
280520 140.2600 0.663625 11.174648
280530 140.2650 0.664043 11.176292
280540 140.2700 0.664249 11.177099
280550 140.2750 0.664283 11.177230
280560 140.2800 0.664330 11.177416
280570 140.2850 0.664351 11.177496
280580 140.2900 0.664419 11.177762
280590 140.2950 0.664501 11.178081
280600 140.3000 0.664389 11.177645
280610 140.3050 0.664331 11.187922
280620 140.3100 0.664391 11.188155
280630 140.3150 0.664653 11.189176
280640 140.3200 0.665201 11.191303
280650 140.3250 0.665686 11.193172
280660 140.3300 0.666149 11.194943
280670 140.3350 0.666611 11.196699
280680 140.3400 0.666887 11.197743
280690 140.3450 0.666792 11.197384
280700 140.3500 0.666595 11.196637
280710 140.3550 0.666353 11.206167
280720 140.3600 0.666366 11.206214
280730 140.3650 0.666566 11.206976
280740 140.3700 0.666663 11.207341
280750 140.3750 0.667002 11.208623
280760 140.3800 0.667527 11.210587
280770 140.3850 0.668107 11.212740
280780 140.3900 0.668574 11.214457
280790 140.3950 0.668956 11.215849
280800 140.4000 0.669280 11.217021
280810 140.4050 0.669579 11.228485
280820 140.4100 0.669725 11.229004
280830 140.4150 0.669937 11.229762
280840 140.4200 0.670376 11.231315
280850 140.4250 0.670972 11.233399
280860 140.4300 0.671621 11.235635
280870 140.4350 0.672301 11.237939
280880 140.4400 0.673174 11.240838
280890 140.4450 0.674034 11.243625
280900 140.4500 0.674718 11.245793
280910 140.4550 0.675824 11.259498
280920 140.4600 0.676914 11.262729
280930 140.4650 0.678077 11.266029
280940 140.4700 0.679256 11.269216
280950 140.4750 0.680310 11.271925
280960 140.4800 0.681300 11.274349
280970 140.4850 0.682359 11.276802
280980 140.4900 0.683256 11.278768
280990 140.4950 0.683875 11.280061
281000 140.5000 0.684406 11.281130
281010 140.5050 0.684880 11.292253
281020 140.5100 0.685275 11.292997
281030 140.5150 0.685873 11.294078
281040 140.5200 0.686614 11.295347
281050 140.5250 0.687355 11.296534
281060 140.5300 0.688079 11.297615
281070 140.5350 0.688793 11.298602
281080 140.5400 0.689350 11.299319
281090 140.5450 0.689982 11.300073
281100 140.5500 0.690573 11.300720
281110 140.5550 0.691322 11.311606
281120 140.5600 0.692130 11.312301
281130 140.5650 0.692719 11.312738
281140 140.5700 0.693248 11.313080
281150 140.5750 0.693687 11.313329
281160 140.5800 0.694047 11.313508
281170 140.5850 0.694508 11.313705
281180 140.5900 0.694761 11.313797
281190 140.5950 0.695194 11.313929
281200 140.6000 0.695593 11.314022
281210 140.6050 0.695763 11.324163
281220 140.6100 0.695984 11.324196
281230 140.6150 0.696101 11.324209
281240 140.6200 0.696136 11.324213
281250 140.6250 0.696027 11.324201
281260 140.6300 0.695870 11.324180
281270 140.6350 0.695789 11.324167
281280 140.6400 0.695880 11.324181
281290 140.6450 0.695657 11.324144
281300 140.6500 0.695337 11.324075
281310 140.6550 0.695161 11.334110
281320 140.6600 0.695086 11.334089
281330 140.6650 0.695094 11.334092
281340 140.6700 0.694908 11.334035
281350 140.6750 0.694585 11.333921
281360 140.6800 0.693875 11.333606
281370 140.6850 0.693144 11.333185
281380 140.6900 0.692187 11.332493
281390 140.6950 0.691016 11.331427
281400 140.7000 0.689764 11.330024
281410 140.7050 0.688614 11.338565
281420 140.7100 0.687419 11.336744
281430 140.7150 0.686362 11.334936
281440 140.7200 0.685398 11.333128
281450 140.7250 0.684483 11.331273
281460 140.7300 0.683553 11.329256
281470 140.7350 0.682686 11.327256
281480 140.7400 0.681849 11.325215
281490 140.7450 0.681001 11.323046
281500 140.7500 0.680115 11.320667
281510 140.7550 0.679241 11.328304
281520 140.7600 0.678483 11.326086
281530 140.7650 0.677741 11.323838
281540 140.7700 0.676980 11.321457
281550 140.7750 0.676101 11.318610
281560 140.7800 0.675300 11.315932
281570 140.7850 0.674399 11.312821
281580 140.7900 0.673739 11.310481
281590 140.7950 0.673199 11.308526
281600 140.8000 0.672493 11.305923
281610 140.8050 0.671646 11.312853
281620 140.8100 0.670733 11.309314
281630 140.8150 0.669690 11.305158
281640 140.8200 0.668372 11.299742
281650 140.8250 0.666597 11.292177
281660 140.8300 0.664841 11.284408
281670 140.8350 0.663239 11.277100
281680 140.8400 0.661774 11.270239
281690 140.8450 0.660401 11.263673
281700 140.8500 0.659038 11.257035
281710 140.8550 0.657785 11.261105
281720 140.8600 0.656620 11.255251
281730 140.8650 0.655500 11.249559
281740 140.8700 0.654632 11.245106
281750 140.8750 0.654050 11.242095
281760 140.8800 0.653362 11.238524
281770 140.8850 0.652542 11.234237
281780 140.8900 0.651669 11.229646
281790 140.8950 0.650928 11.225728
281800 140.9000 0.650292 11.222345
281810 140.9050 0.649563 11.228827
281820 140.9100 0.648832 11.224910
281830 140.9150 0.648131 11.221135
281840 140.9200 0.647474 11.217586
281850 140.9250 0.646712 11.213449
281860 140.9300 0.645798 11.208473
281870 140.9350 0.644894 11.203531
281880 140.9400 0.644265 11.200079
281890 140.9450 0.643671 11.196815
281900 140.9500 0.642863 11.192364
281910 140.9550 0.641960 11.197828
281920 140.9600 0.641180 11.193504
281930 140.9650 0.640504 11.189747
281940 140.9700 0.640167 11.187870
281950 140.9750 0.639937 11.186586
281960 140.9800 0.639590 11.184652
281970 140.9850 0.639185 11.182389
281980 140.9900 0.638814 11.180313
281990 140.9950 0.638680 11.179561
282000 141.0000 0.638636 11.179318
282010 141.0050 0.639020 11.191961
282020 141.0100 0.639633 11.195389
282030 141.0150 0.640231 11.198716
282040 141.0200 0.640767 11.201695
282050 141.0250 0.641186 11.204024
282060 141.0300 0.641440 11.205431
282070 141.0350 0.641670 11.206703
282080 141.0400 0.642105 11.209106
282090 141.0450 0.642543 11.211519
282100 141.0500 0.642937 11.213686
282110 141.0550 0.643282 11.225981
282120 141.0600 0.643675 11.228137
282130 141.0650 0.644088 11.230396
282140 141.0700 0.644412 11.232161
282150 141.0750 0.644746 11.233982
282160 141.0800 0.644928 11.234971
282170 141.0850 0.645052 11.235647
282180 141.0900 0.645228 11.236600
282190 141.0950 0.645552 11.238356
282200 141.1000 0.646100 11.241318
282210 141.1050 0.647004 11.256492
282220 141.1100 0.647883 11.261181
282230 141.1150 0.648894 11.266528
282240 141.1200 0.649758 11.271060
282250 141.1250 0.650602 11.275451
282260 141.1300 0.651512 11.280144
282270 141.1350 0.652437 11.284869
282280 141.1400 0.653400 11.289731
282290 141.1450 0.654518 11.295305
282300 141.1500 0.655614 11.300688
282310 141.1550 0.656597 11.315596
282320 141.1600 0.657369 11.319280
282330 141.1650 0.658230 11.323330
282340 141.1700 0.658845 11.326191
282350 141.1750 0.659323 11.328388
282360 141.1800 0.659842 11.330753
282370 141.1850 0.660501 11.333723
282380 141.1900 0.661092 11.336350
282390 141.1950 0.661495 11.338124
282400 141.2000 0.661835 11.339611
282410 141.2050 0.662198 11.351223
282420 141.2100 0.662764 11.353648
282430 141.2150 0.663345 11.356101
282440 141.2200 0.663926 11.358522
282450 141.2250 0.664443 11.360645
282460 141.2300 0.664856 11.362318
282470 141.2350 0.665046 11.363084
282480 141.2400 0.665299 11.364095
282490 141.2450 0.665669 11.365560
282500 141.2500 0.666066 11.367116
282510 141.2550 0.666512 11.378801
282520 141.2600 0.666897 11.380270
282530 141.2650 0.667412 11.382210
282540 141.2700 0.668174 11.385012
282550 141.2750 0.668932 11.387729
282560 141.2800 0.669911 11.391129
282570 141.2850 0.670951 11.394596
282580 141.2900 0.671982 11.397887
282590 141.2950 0.672986 11.400947
282600 141.3000 0.673982 11.403837
282610 141.3050 0.674729 11.415765
282620 141.3100 0.675252 11.417163
282630 141.3150 0.675582 11.418022
282640 141.3200 0.675878 11.418779
282650 141.3250 0.676154 11.419472
282660 141.3300 0.676636 11.420652
282670 141.3350 0.676874 11.421222
282680 141.3400 0.677019 11.421566
282690 141.3450 0.677134 11.421834
282700 141.3500 0.677191 11.421967
282710 141.3550 0.677186 11.431762
282720 141.3600 0.677003 11.431336
282730 141.3650 0.676608 11.430394
282740 141.3700 0.676093 11.429127
282750 141.3750 0.675248 11.426954
282760 141.3800 0.674356 11.424536
282770 141.3850 0.673464 11.421992
282780 141.3900 0.672437 11.418909
282790 141.3950 0.671324 11.415390
282800 141.4000 0.670333 11.412102
282810 141.4050 0.669229 11.418109
282820 141.4100 0.667908 11.413296
282830 141.4150 0.666473 11.407792
282840 141.4200 0.664981 11.401782
282850 141.4250 0.663501 11.395540
282860 141.4300 0.661656 11.387390
282870 141.4350 0.659557 11.377645
282880 141.4400 0.657246 11.366380
282890 141.4450 0.654960 11.354731
282900 141.4500 0.652744 11.343001
282910 141.4550 0.650463 11.340532
282920 141.4600 0.648502 11.329466
282930 141.4650 0.646729 11.319234
282940 141.4700 0.645160 11.310011
282950 141.4750 0.643475 11.299943
282960 141.4800 0.641790 11.289714
282970 141.4850 0.640316 11.280646
282980 141.4900 0.638931 11.272031
282990 141.4950 0.637589 11.263599
283000 141.5000 0.636339 11.255672
283010 141.5050 0.635314 11.259393
283020 141.5100 0.634448 11.253822
283030 141.5150 0.633577 11.248184
283040 141.5200 0.632709 11.242535
283050 141.5250 0.632175 11.239039
283060 141.5300 0.631681 11.235797
283070 141.5350 0.631165 11.232399
283080 141.5400 0.630780 11.229856
283090 141.5450 0.630438 11.227587
283100 141.5500 0.630170 11.225808
283110 141.5550 0.629897 11.234359
283120 141.5600 0.629787 11.233621
283130 141.5650 0.629638 11.232633
283140 141.5700 0.629468 11.231494
283150 141.5750 0.629226 11.229877
283160 141.5800 0.628993 11.228322
283170 141.5850 0.628772 11.226839
283180 141.5900 0.628438 11.224598
283190 141.5950 0.628222 11.223143
283200 141.6000 0.628070 11.222120
283210 141.6050 0.627827 11.230853
283220 141.6100 0.627486 11.228542
283230 141.6150 0.627261 11.227018
283240 141.6200 0.627188 11.226524
283250 141.6250 0.627323 11.227437
283260 141.6300 0.627474 11.228464
283270 141.6350 0.627610 11.229384
283280 141.6400 0.627903 11.231364
283290 141.6450 0.628299 11.234032
283300 141.6500 0.628773 11.237218
283310 141.6550 0.629210 11.250472
283320 141.6600 0.629737 11.253981
283330 141.6650 0.630258 11.257442
283340 141.6700 0.630707 11.260412
283350 141.6750 0.631135 11.263230
283360 141.6800 0.631733 11.267146
283370 141.6850 0.632367 11.271284
283380 141.6900 0.633090 11.275974
283390 141.6950 0.633825 11.280711
283400 141.7000 0.634368 11.284188
283410 141.7050 0.634952 11.298104
283420 141.7100 0.635562 11.301966
283430 141.7150 0.636183 11.305879
283440 141.7200 0.636861 11.310125
283450 141.7250 0.637617 11.314821
283460 141.7300 0.638531 11.320448
283470 141.7350 0.639498 11.326347
283480 141.7400 0.640378 11.331656
283490 141.7450 0.641276 11.337023
283500 141.7500 0.642147 11.342177
283510 141.7550 0.643014 11.357278
283520 141.7600 0.644131 11.363729
283530 141.7650 0.645594 11.372020
283540 141.7700 0.647244 11.381162
283550 141.7750 0.648755 11.389326
283560 141.7800 0.650086 11.396345
283570 141.7850 0.651320 11.402702
283580 141.7900 0.652729 11.409774
283590 141.7950 0.654126 11.416585
283600 141.8000 0.655470 11.422940
283610 141.8050 0.656853 11.439073
283620 141.8100 0.658180 11.444926
283630 141.8150 0.659286 11.449638
283640 141.8200 0.660402 11.454235
283650 141.8250 0.661611 11.459031
283660 141.8300 0.662896 11.463910
283670 141.8350 0.664341 11.469117
283680 141.8400 0.665708 11.473769
283690 141.8450 0.666922 11.477668
283700 141.8500 0.667995 11.480927
283710 141.8550 0.669018 11.493516
283720 141.8600 0.669997 11.496168
283730 141.8650 0.670918 11.498517
283740 141.8700 0.671686 11.500367
283750 141.8750 0.672509 11.502241
283760 141.8800 0.673470 11.504277
283770 141.8850 0.674435 11.506162
283780 141.8900 0.675360 11.507811
283790 141.8950 0.676250 11.509253
283800 141.9000 0.677253 11.510704
283810 141.9050 0.678300 11.521588
283820 141.9100 0.679281 11.522631
283830 141.9150 0.680263 11.523488
283840 141.9200 0.681094 11.524067
283850 141.9250 0.681843 11.524473
283860 141.9300 0.682415 11.524708
283870 141.9350 0.682888 11.524854
283880 141.9400 0.683328 11.524949
283890 141.9450 0.683720 11.525001
283900 141.9500 0.684046 11.525020
283910 141.9550 0.684399 11.534548
283920 141.9600 0.684987 11.534486
283930 141.9650 0.685735 11.534304
283940 141.9700 0.686443 11.534025
283950 141.9750 0.687021 11.533720
283960 141.9800 0.687422 11.533467
283970 141.9850 0.687903 11.533119
283980 141.9900 0.688355 11.532748
283990 141.9950 0.688694 11.532442
284000 142.0000 0.689052 11.532093
284010 142.0050 0.689389 11.541250
284020 142.0100 0.689604 11.541011
284030 142.0150 0.689708 11.540891
284040 142.0200 0.689760 11.540832
284050 142.0250 0.689619 11.540995
284060 142.0300 0.689370 11.541271
284070 142.0350 0.688953 11.541703
284080 142.0400 0.688731 11.541918
284090 142.0450 0.688479 11.542150
284100 142.0500 0.688033 11.542527
284110 142.0550 0.687513 11.552395
284120 142.0600 0.686924 11.552760
284130 142.0650 0.686298 11.553066
284140 142.0700 0.685540 11.553323
284150 142.0750 0.684642 11.553467
284160 142.0800 0.683595 11.553419
284170 142.0850 0.682434 11.553093
284180 142.0900 0.681211 11.552445
284190 142.0950 0.680025 11.551518
284200 142.1000 0.678829 11.550291
284210 142.1050 0.677511 11.558064
284220 142.1100 0.676035 11.555750
284230 142.1150 0.674246 11.552362
284240 142.1200 0.672348 11.548087
284250 142.1250 0.670500 11.543268
284260 142.1300 0.668689 11.537933
284270 142.1350 0.666992 11.532406
284280 142.1400 0.665347 11.526573
284290 142.1450 0.663805 11.520697
284300 142.1500 0.662410 11.515047
284310 142.1550 0.660871 11.518021
284320 142.1600 0.659203 11.510469
284330 142.1650 0.657689 11.503260
284340 142.1700 0.656248 11.496092
284350 142.1750 0.654701 11.488087
284360 142.1800 0.653443 11.481341
284370 142.1850 0.652187 11.474411
284380 142.1900 0.650842 11.466776
284390 142.1950 0.649538 11.459168
284400 142.2000 0.648191 11.451113
284410 142.2050 0.646737 11.451923
284420 142.2100 0.645287 11.442808
284430 142.2150 0.643967 11.434323
284440 142.2200 0.642529 11.424881
284450 142.2250 0.641138 11.415570
284460 142.2300 0.639683 11.405639
284470 142.2350 0.638294 11.395988
284480 142.2400 0.637126 11.387746
284490 142.2450 0.636199 11.381134
284500 142.2500 0.635279 11.374499
284510 142.2550 0.634674 11.380040
284520 142.2600 0.634100 11.375834
284530 142.2650 0.633446 11.371019
284540 142.2700 0.632992 11.367657
284550 142.2750 0.632755 11.365893
284560 142.2800 0.632765 11.365965
284570 142.2850 0.632859 11.366666
284580 142.2900 0.633016 11.367836
284590 142.2950 0.633356 11.370352
284600 142.3000 0.633688 11.372808
284610 142.3050 0.633864 11.384050
284620 142.3100 0.634017 11.385173
284630 142.3150 0.634045 11.385375
284640 142.3200 0.634193 11.386467
284650 142.3250 0.634409 11.388048
284660 142.3300 0.634547 11.389052
284670 142.3350 0.634892 11.391565
284680 142.3400 0.635404 11.395282
284690 142.3450 0.635987 11.399478
284700 142.3500 0.636571 11.403660
284710 142.3550 0.637543 11.420407
284720 142.3600 0.638647 11.428121
284730 142.3650 0.639909 11.436792
284740 142.3700 0.641241 11.445784
284750 142.3750 0.642397 11.453433
284760 142.3800 0.643520 11.460736
284770 142.3850 0.644309 11.465780
284780 142.3900 0.645129 11.470957
284790 142.3950 0.646118 11.477094
284800 142.4000 0.647170 11.483498
284810 142.4050 0.648415 11.500550
284820 142.4100 0.649568 11.507231
284830 142.4150 0.650445 11.512203
284840 142.4200 0.651256 11.516705
284850 142.4250 0.652119 11.521400
284860 142.4300 0.652602 11.523983
284870 142.4350 0.652747 11.524751
284880 142.4400 0.652971 11.525932
284890 142.4450 0.652979 11.525976
284900 142.4500 0.653059 11.526397
284910 142.4550 0.653013 11.535683
284920 142.4600 0.653033 11.535788
284930 142.4650 0.653083 11.536047
284940 142.4700 0.652984 11.535527
284950 142.4750 0.652838 11.534758
284960 142.4800 0.652783 11.534470
284970 142.4850 0.652540 11.533181
284980 142.4900 0.652141 11.531043
284990 142.4950 0.652063 11.530626
285000 142.5000 0.652134 11.531008
285010 142.5050 0.652180 11.540767
285020 142.5100 0.652613 11.543081
285030 142.5150 0.653046 11.545367
285040 142.5200 0.653539 11.547937
285050 142.5250 0.654309 11.551872
285060 142.5300 0.654936 11.555014
285070 142.5350 0.655326 11.556937
285080 142.5400 0.655718 11.558843
285090 142.5450 0.656144 11.560886
285100 142.5500 0.656595 11.563019
285110 142.5550 0.657009 11.574377
285120 142.5600 0.657487 11.576572
285130 142.5650 0.657967 11.578731
285140 142.5700 0.658423 11.580749
285150 142.5750 0.658819 11.582473
285160 142.5800 0.659339 11.584693
285170 142.5850 0.659846 11.586816
285180 142.5900 0.660459 11.589318
285190 142.5950 0.661145 11.592041
285200 142.6000 0.661819 11.594632
285210 142.6050 0.662429 11.606249
285220 142.6100 0.662942 11.608107
285230 142.6150 0.663191 11.608991
285240 142.6200 0.663347 11.609537
285250 142.6250 0.663393 11.609699
285260 142.6300 0.663341 11.609517
285270 142.6350 0.663503 11.610081
285280 142.6400 0.663724 11.610842
285290 142.6450 0.663693 11.610735
285300 142.6500 0.663439 11.609860
285310 142.6550 0.662897 11.617253
285320 142.6600 0.662259 11.614927
285330 142.6650 0.661630 11.612560
285340 142.6700 0.661064 11.610364
285350 142.6750 0.660412 11.607761
285360 142.6800 0.659716 11.604896
285370 142.6850 0.659245 11.602905
285380 142.6900 0.658837 11.601147
285390 142.6950 0.658491 11.599634
285400 142.7000 0.658540 11.599849
285410 142.7050 0.658628 11.609569
285420 142.7100 0.658635 11.609600
285430 142.7150 0.658708 11.609919
285440 142.7200 0.658533 11.609153
285450 142.7250 0.658341 11.608307
285460 142.7300 0.658247 11.607890
285470 142.7350 0.658065 11.607077
285480 142.7400 0.657883 11.606256
285490 142.7450 0.657684 11.605353
285500 142.7500 0.657466 11.604359
285510 142.7550 0.657286 11.612850
285520 142.7600 0.657211 11.612502
285530 142.7650 0.657277 11.612810
285540 142.7700 0.657411 11.613428
285550 142.7750 0.657453 11.613619
285560 142.7800 0.657261 11.612734
285570 142.7850 0.656836 11.610749
285580 142.7900 0.656483 11.609080
285590 142.7950 0.656149 11.607477
285600 142.8000 0.655940 11.606460
285610 142.8050 0.655437 11.613305
285620 142.8100 0.654823 11.610230
285630 142.8150 0.654347 11.607797
285640 142.8200 0.653978 11.605883
285650 142.8250 0.653652 11.604175
285660 142.8300 0.653232 11.601947
285670 142.8350 0.652485 11.597904
285680 142.8400 0.651609 11.593043
285690 142.8450 0.650774 11.588291
285700 142.8500 0.649946 11.583470
285710 142.8550 0.649303 11.589021
285720 142.8600 0.648811 11.586055
285730 142.8650 0.648217 11.582413
285740 142.8700 0.647679 11.579072
285750 142.8750 0.647276 11.576540
285760 142.8800 0.646672 11.572697
285770 142.8850 0.645978 11.568209
285780 142.8900 0.645137 11.562677
285790 142.8950 0.644316 11.557176
285800 142.9000 0.643434 11.551157
285810 142.9050 0.642568 11.554598
285820 142.9100 0.641628 11.547945
285830 142.9150 0.640904 11.542735
285840 142.9200 0.640058 11.536556
285850 142.9250 0.639142 11.529762
285860 142.9300 0.638223 11.522826
285870 142.9350 0.637428 11.516746
285880 142.9400 0.636564 11.510046
285890 142.9450 0.635686 11.503136
285900 142.9500 0.634604 11.494494
285910 142.9550 0.633603 11.495988
285920 142.9600 0.632717 11.488698
285930 142.9650 0.631952 11.482325
285940 142.9700 0.631450 11.478109
285950 142.9750 0.631118 11.475306
285960 142.9800 0.630834 11.472891
285970 142.9850 0.630889 11.473363
285980 142.9900 0.631206 11.476048
285990 142.9950 0.631582 11.479224
286000 143.0000 0.631950 11.482313
286010 143.0050 0.632366 11.495427
286020 143.0100 0.632806 11.499075
286030 143.0150 0.633456 11.504426
286040 143.0200 0.634009 11.508930
286050 143.0250 0.634614 11.513816
286060 143.0300 0.635226 11.518714
286070 143.0350 0.635960 11.524523
286080 143.0400 0.636645 11.529883
286090 143.0450 0.637401 11.535725
286100 143.0500 0.638158 11.541497
286110 143.0550 0.638763 11.555538
286120 143.0600 0.639553 11.561404
286130 143.0650 0.640463 11.568053
286140 143.0700 0.641332 11.574289
286150 143.0750 0.642240 11.580686
286160 143.0800 0.643066 11.586396
286170 143.0850 0.643988 11.592643
286180 143.0900 0.645103 11.600022
286190 143.0950 0.646292 11.607664
286200 143.1000 0.647372 11.614407
286210 143.1050 0.648178 11.628603
286220 143.1100 0.648900 11.632895
286230 143.1150 0.649851 11.638405
286240 143.1200 0.650785 11.643662
286250 143.1250 0.651817 11.649279
286260 143.1300 0.652651 11.653671
286270 143.1350 0.653130 11.656136
286280 143.1400 0.653542 11.658221
286290 143.1450 0.654146 11.661214
286300 143.1500 0.654704 11.663922
286310 143.1550 0.655232 11.675589
286320 143.1600 0.655775 11.678107
286330 143.1650 0.656301 11.680481
286340 143.1700 0.656638 11.681978
286350 143.1750 0.656913 11.683179
286360 143.1800 0.657216 11.684485
286370 143.1850 0.657473 11.685579
286380 143.1900 0.657757 11.686767
286390 143.1950 0.657964 11.687624
286400 143.2000 0.658314 11.689056
286410 143.2050 0.658682 11.699635
286420 143.2100 0.658901 11.700495
286430 143.2150 0.659023 11.700973
286440 143.2200 0.659133 11.701401
286450 143.2250 0.659162 11.701512
286460 143.2300 0.659004 11.700898
286470 143.2350 0.658516 11.698971
286480 143.2400 0.657913 11.696518
286490 143.2450 0.657266 11.693798
286500 143.2500 0.656596 11.690892
286510 143.2550 0.656066 11.697620
286520 143.2600 0.655488 11.694970
286530 143.2650 0.654852 11.691971
286540 143.2700 0.654064 11.688138
286550 143.2750 0.653103 11.683291
286560 143.2800 0.652210 11.678621
286570 143.2850 0.651277 11.673567
286580 143.2900 0.650206 11.667560
286590 143.2950 0.649027 11.660691
286600 143.3000 0.647787 11.653181
286610 143.3050 0.646430 11.653825
286620 143.3100 0.644979 11.644310
286630 143.3150 0.643246 11.632460
286640 143.3200 0.641261 11.618242
286650 143.3250 0.639166 11.602525
286660 143.3300 0.637059 11.586020
286670 143.3350 0.634836 11.567869
286680 143.3400 0.632788 11.550502
286690 143.3450 0.630790 11.532983
286700 143.3500 0.628715 11.514223
286710 143.3550 0.626575 11.503831
286720 143.3600 0.624281 11.481775
286730 143.3650 0.622125 11.460416
286740 143.3700 0.619930 11.438077
286750 143.3750 0.617709 11.414862
286760 143.3800 0.615706 11.393400
286770 143.3850 0.613691 11.371287
286780 143.3900 0.611876 11.350945
286790 143.3950 0.610151 11.331211
286800 143.4000 0.608440 11.311260
286810 143.4050 0.606601 11.299481
286820 143.4100 0.604618 11.275332
286830 143.4150 0.602687 11.251263
286840 143.4200 0.600692 11.225809
286850 143.4250 0.598912 11.202562
286860 143.4300 0.597185 11.179512
286870 143.4350 0.595609 11.158040
286880 143.4400 0.594064 11.136567
286890 143.4450 0.592658 11.116652
286900 143.4500 0.591216 11.095841
286910 143.4550 0.589836 11.086297
286920 143.4600 0.588653 11.068580
286930 143.4650 0.587745 11.054795
286940 143.4700 0.586827 11.040683
286950 143.4750 0.586007 11.027914
286960 143.4800 0.585039 11.012671
286970 143.4850 0.584253 11.000131
286980 143.4900 0.583600 10.989607
286990 143.4950 0.582877 10.977831
287000 143.5000 0.582365 10.969433
287010 143.5050 0.581925 10.973298
287020 143.5100 0.581465 10.965647
287030 143.5150 0.580840 10.955169
287040 143.5200 0.580329 10.946529
287050 143.5250 0.579773 10.937050
287060 143.5300 0.579266 10.928358
287070 143.5350 0.578596 10.916754
287080 143.5400 0.577867 10.904002
287090 143.5450 0.577049 10.889537
287100 143.5500 0.576201 10.874371
287110 143.5550 0.575549 10.873988
287120 143.5600 0.575073 10.865314
287130 143.5650 0.574406 10.853037
287140 143.5700 0.573786 10.841535
287150 143.5750 0.573213 10.830792
287160 143.5800 0.572703 10.821162
287170 143.5850 0.572255 10.812648
287180 143.5900 0.571740 10.802784
287190 143.5950 0.571426 10.796743
287200 143.6000 0.571205 10.792477
287210 143.6050 0.571168 10.803455
287220 143.6100 0.571078 10.801715
287230 143.6150 0.571104 10.802221
287240 143.6200 0.571486 10.809594
287250 143.6250 0.572023 10.819904
287260 143.6300 0.572575 10.830431
287270 143.6350 0.573135 10.841012
287280 143.6400 0.574059 10.858287
287290 143.6450 0.575267 10.880513
287300 143.6500 0.576677 10.905963
287310 143.6550 0.578169 10.943630
287320 143.6600 0.579755 10.970994
287330 143.6650 0.581698 11.003599
287340 143.6700 0.583758 11.037141
287350 143.6750 0.585903 11.070949
287360 143.6800 0.588054 11.103772
287370 143.6850 0.590271 11.136511
287380 143.6900 0.592434 11.167412
287390 143.6950 0.594551 11.196724
287400 143.7000 0.596806 11.226955
287410 143.7050 0.599000 11.265807
287420 143.7100 0.601266 11.294297
287430 143.7150 0.603525 11.321795
287440 143.7200 0.605720 11.347689
287450 143.7250 0.608001 11.373782
287460 143.7300 0.610259 11.398804
287470 143.7350 0.612419 11.422034
287480 143.7400 0.614498 11.443748
287490 143.7450 0.616684 11.465926
287500 143.7500 0.619036 11.489037
287510 143.7550 0.621291 11.520093
287520 143.7600 0.623407 11.539551
287530 143.7650 0.625341 11.556777
287540 143.7700 0.627200 11.572848
287550 143.7750 0.629011 11.588015
287560 143.7800 0.630670 11.601499
287570 143.7850 0.632171 11.613347
287580 143.7900 0.633567 11.624063
287590 143.7950 0.635050 11.635122
287600 143.8000 0.636637 11.646576
287610 143.8050 0.638076 11.665826
287620 143.8100 0.639391 11.674694
287630 143.8150 0.640626 11.682765
287640 143.8200 0.641699 11.689562
287650 143.8250 0.642760 11.696087
287660 143.8300 0.643840 11.702519
287670 143.8350 0.644612 11.706992
287680 143.8400 0.645343 11.711124
287690 143.8450 0.646186 11.715769
287700 143.8500 0.647170 11.721025
287710 143.8550 0.647859 11.733617
287720 143.8600 0.648377 11.736240
287730 143.8650 0.648811 11.738401
287740 143.8700 0.648871 11.738691
287750 143.8750 0.648539 11.737053
287760 143.8800 0.648122 11.734958
287770 143.8850 0.647742 11.733021
287780 143.8900 0.647342 11.730950
287790 143.8950 0.646755 11.727857
287800 143.9000 0.646026 11.723920
287810 143.9050 0.645098 11.727780
287820 143.9100 0.644139 11.722279
287830 143.9150 0.643061 11.715891
287840 143.9200 0.641874 11.708609
287850 143.9250 0.640650 11.700829
287860 143.9300 0.639558 11.693661
287870 143.9350 0.638314 11.685242
287880 143.9400 0.636698 11.673902
287890 143.9450 0.634992 11.661453
287900 143.9500 0.633309 11.648703
287910 143.9550 0.631695 11.645244
287920 143.9600 0.629999 11.631483
287930 143.9650 0.628040 11.615005
287940 143.9700 0.625937 11.596654
287950 143.9750 0.623769 11.577015
287960 143.9800 0.621317 11.553945
287970 143.9850 0.618775 11.529053
287980 143.9900 0.616140 11.502214
287990 143.9950 0.613656 11.475932
288000 144.0000 0.611002 11.446793
288010 144.0050 0.608459 11.427540
288020 144.0100 0.605899 11.397258
288030 144.0150 0.603341 11.365855
288040 144.0200 0.600859 11.334263
288050 144.0250 0.598340 11.301005
288060 144.0300 0.595905 11.267663
288070 144.0350 0.593459 11.232958
288080 144.0400 0.590871 11.194837
288090 144.0450 0.588262 11.154891
288100 144.0500 0.585703 11.114159
288110 144.0550 0.583201 11.083469
288120 144.0600 0.580582 11.038445
288130 144.0650 0.577997 10.992208
288140 144.0700 0.575476 10.945359
288150 144.0750 0.573096 10.899496
288160 144.0800 0.570777 10.853270
288170 144.0850 0.568617 10.808792
288180 144.0900 0.566521 10.764334
288190 144.0950 0.564354 10.716997
288200 144.1000 0.562140 10.667216
288210 144.1050 0.559843 10.626167
288220 144.1100 0.557278 10.564920
288230 144.1150 0.554728 10.502159
288240 144.1200 0.552173 10.437430
288250 144.1250 0.549554 10.369194
288260 144.1300 0.546942 10.299360
288270 144.1350 0.544267 10.226066
288280 144.1400 0.541569 10.150466
288290 144.1450 0.539041 10.078184
288300 144.1500 0.536620 10.007819
288310 144.1550 0.534349 9.955396
288320 144.1600 0.532261 9.893093
288330 144.1650 0.530267 9.832990
288340 144.1700 0.528318 9.773764
288350 144.1750 0.526653 9.722873
288360 144.1800 0.525261 9.680118
288370 144.1850 0.523874 9.637370
288380 144.1900 0.522648 9.599514
288390 144.1950 0.521597 9.566992
288400 144.2000 0.520485 9.532527
288410 144.2050 0.519413 9.515918
288420 144.2100 0.518509 9.487890
288430 144.2150 0.517562 9.458491
288440 144.2200 0.516573 9.427781
288450 144.2250 0.515629 9.398476
288460 144.2300 0.514690 9.369351
288470 144.2350 0.513747 9.340133
288480 144.2400 0.512681 9.307146
288490 144.2450 0.511535 9.271723
288500 144.2500 0.510537 9.240962
288510 144.2550 0.509509 9.227383
288520 144.2600 0.508525 9.197185
288530 144.2650 0.507594 9.168706
288540 144.2700 0.506529 9.136186
288550 144.2750 0.505507 9.105095
288560 144.2800 0.504534 9.075602
288570 144.2850 0.503647 9.048829
288580 144.2900 0.502761 9.022146
288590 144.2950 0.502017 8.999850
288600 144.3000 0.501266 8.977402
288610 144.3050 0.500515 8.974469
288620 144.3100 0.499833 8.954241
288630 144.3150 0.499433 8.942385
288640 144.3200 0.499093 8.932348
288650 144.3250 0.498926 8.927424
288660 144.3300 0.499025 8.930345
288670 144.3350 0.499244 8.936820
288680 144.3400 0.499391 8.941160
288690 144.3450 0.499502 8.944447
288700 144.3500 0.499898 8.956163
288710 144.3550 0.500573 8.995727
288720 144.3600 0.501199 9.014375
288730 144.3650 0.502128 9.042127
288740 144.3700 0.503016 9.068743
288750 144.3750 0.503916 9.095820
288760 144.3800 0.504854 9.124112
288770 144.3850 0.505874 9.155003
288780 144.3900 0.507090 9.191930
288790 144.3950 0.508534 9.235951
288800 144.4000 0.510268 9.288978
288810 144.4050 0.512237 9.367184
288820 144.4100 0.514037 9.422452
288830 144.4150 0.515625 9.471253
288840 144.4200 0.517251 9.521207
288850 144.4250 0.518988 9.574500
288860 144.4300 0.520686 9.626446
288870 144.4350 0.522413 9.679137
288880 144.4400 0.524015 9.727802
288890 144.4450 0.525489 9.772359
288900 144.4500 0.526712 9.809180
288910 144.4550 0.527987 9.862742
288920 144.4600 0.529230 9.899758
288930 144.4650 0.530209 9.928767
288940 144.4700 0.531022 9.952719
288950 144.4750 0.531861 9.977339
288960 144.4800 0.532678 10.001201
288970 144.4850 0.533489 10.024771
288980 144.4900 0.534116 10.042894
288990 144.4950 0.534569 10.055969
289000 144.5000 0.534795 10.062447
289010 144.5050 0.534937 10.080885
289020 144.5100 0.535115 10.085980
289030 144.5150 0.535321 10.091883
289040 144.5200 0.535656 10.101476
289050 144.5250 0.535886 10.108033
289060 144.5300 0.536039 10.112389
289070 144.5350 0.535974 10.110545
289080 144.5400 0.535518 10.097540
289090 144.5450 0.535020 10.083267
289100 144.5500 0.534767 10.075989
289110 144.5550 0.534523 10.083266
289120 144.5600 0.534133 10.072037
289130 144.5650 0.533723 10.060155
289140 144.5700 0.533285 10.047477
289150 144.5750 0.532670 10.029571
289160 144.5800 0.531921 10.007688
289170 144.5850 0.531172 9.985679
289180 144.5900 0.530478 9.965239
289190 144.5950 0.529776 9.944453
289200 144.6000 0.529083 9.923862
289210 144.6050 0.528514 9.921786
289220 144.6100 0.527784 9.899949
289230 144.6150 0.527102 9.879468
289240 144.6200 0.526337 9.856415
289250 144.6250 0.525505 9.831256
289260 144.6300 0.524424 9.798445
289270 144.6350 0.523083 9.757521
289280 144.6400 0.521687 9.714753
289290 144.6450 0.520095 9.665732
289300 144.6500 0.518493 9.616238
289310 144.6550 0.517069 9.588340
289320 144.6600 0.515760 9.547683
289330 144.6650 0.514570 9.510667
289340 144.6700 0.513332 9.472115
289350 144.6750 0.512148 9.435258
289360 144.6800 0.511135 9.403697
289370 144.6850 0.510214 9.374992
289380 144.6900 0.509277 9.345832
289390 144.6950 0.508447 9.320040
289400 144.7000 0.507796 9.299820
289410 144.7050 0.506849 9.288155
289420 144.7100 0.506002 9.261906
289430 144.7150 0.505313 9.240586
289440 144.7200 0.504715 9.222106
289450 144.7250 0.504131 9.204056
289460 144.7300 0.503581 9.187089
289470 144.7350 0.503019 9.169802
289480 144.7400 0.502549 9.155355
289490 144.7450 0.502191 9.144333
289500 144.7500 0.501791 9.132068
289510 144.7550 0.501349 9.137136
289520 144.7600 0.500965 9.125378
289530 144.7650 0.500587 9.113816
289540 144.7700 0.500417 9.108606
289550 144.7750 0.500333 9.106043
289560 144.7800 0.500101 9.098959
289570 144.7850 0.500055 9.097560
289580 144.7900 0.500297 9.104943
289590 144.7950 0.500897 9.123288
289600 144.8000 0.501551 9.143314
289610 144.8050 0.502209 9.182039
289620 144.8100 0.502964 9.205247
289630 144.8150 0.503917 9.234580
289640 144.8200 0.504984 9.267472
289650 144.8250 0.506159 9.303770
289660 144.8300 0.507339 9.340284
289670 144.8350 0.508598 9.379273
289680 144.8400 0.509943 9.420951
289690 144.8450 0.511076 9.456072
289700 144.8500 0.512298 9.493922
289710 144.8550 0.513421 9.545493
289720 144.8600 0.514458 9.577532
289730 144.8650 0.515509 9.609962
289740 144.8700 0.516383 9.636872
289750 144.8750 0.517128 9.659797
289760 144.8800 0.517738 9.678502
289770 144.8850 0.518257 9.694403
289780 144.8900 0.518788 9.710652
289790 144.8950 0.519353 9.727906
289800 144.9000 0.520034 9.748662
289810 144.9050 0.520657 9.783278
289820 144.9100 0.521076 9.796009
289830 144.9150 0.521359 9.804592
289840 144.9200 0.521588 9.811510
289850 144.9250 0.521744 9.816230
289860 144.9300 0.521804 9.818040
289870 144.9350 0.521960 9.822762
289880 144.9400 0.522101 9.827009
289890 144.9450 0.522369 9.835101
289900 144.9500 0.522616 9.842544
289910 144.9550 0.523019 9.869933
289920 144.9600 0.523470 9.883499
289930 144.9650 0.523916 9.896850
289940 144.9700 0.524391 9.911067
289950 144.9750 0.524659 9.919052
289960 144.9800 0.524835 9.924294
289970 144.9850 0.525089 9.931873
289980 144.9900 0.525369 9.940179
289990 144.9950 0.525369 9.940181
290000 145.0000 0.525371 9.940251
290010 145.0050 0.525431 9.956876
290020 145.0100 0.525534 9.959916
290030 145.0150 0.525596 9.961774
290040 145.0200 0.525719 9.965399
290050 145.0250 0.525851 9.969323
290060 145.0300 0.525997 9.973648
290070 145.0350 0.526014 9.974158
290080 145.0400 0.526050 9.975223
290090 145.0450 0.526123 9.977379
290100 145.0500 0.525984 9.973262
290110 145.0550 0.525752 9.981096
290120 145.0600 0.525370 9.969761
290130 145.0650 0.524795 9.952641
290140 145.0700 0.524311 9.938193
290150 145.0750 0.523884 9.925427
290160 145.0800 0.523318 9.908453
290170 145.0850 0.522726 9.890637
290180 145.0900 0.522092 9.871486
290190 145.0950 0.520982 9.837813
290200 145.1000 0.519590 9.795366
290210 145.1050 0.518098 9.765042
290220 145.1100 0.516657 9.720583
290230 145.1150 0.515109 9.672607
290240 145.1200 0.513599 9.625584
290250 145.1250 0.512054 9.577302
290260 145.1300 0.510551 9.530242
290270 145.1350 0.508848 9.476778
290280 145.1400 0.506939 9.416809
290290 145.1450 0.504927 9.353567
290300 145.1500 0.503030 9.293997
290310 145.1550 0.501280 9.256968
290320 145.1600 0.499523 9.202040
290330 145.1650 0.497837 9.149513
290340 145.1700 0.496054 9.094210
290350 145.1750 0.494153 9.035539
290360 145.1800 0.492023 8.970284
290370 145.1850 0.489657 8.898454
290380 145.1900 0.487115 8.822097
290390 145.1950 0.484577 8.746875
290400 145.2000 0.482128 8.675316
290410 145.2050 0.479848 8.630753
290420 145.2100 0.477716 8.570169
290430 145.2150 0.475650 8.512239
290440 145.2200 0.473394 8.449928
290450 145.2250 0.471175 8.389609
290460 145.2300 0.468921 8.329328
290470 145.2350 0.466737 8.271863
290480 145.2400 0.464660 8.218126
290490 145.2450 0.462734 8.169089
290500 145.2500 0.461004 8.125640
290510 145.2550 0.459107 8.103321
290520 145.2600 0.457197 8.056713
290530 145.2650 0.455306 8.011235
290540 145.2700 0.453544 7.969421
290550 145.2750 0.451942 7.931891
290560 145.2800 0.450362 7.895323
290570 145.2850 0.448892 7.861688
290580 145.2900 0.447609 7.832630
290590 145.2950 0.445949 7.795444
290600 145.3000 0.444350 7.760057
290610 145.3050 0.442726 7.751840
290620 145.3100 0.441070 7.716023
290630 145.3150 0.439366 7.679574
290640 145.3200 0.437767 7.645774
290650 145.3250 0.436315 7.615402
290660 145.3300 0.434977 7.587674
290670 145.3350 0.433911 7.565775
290680 145.3400 0.433060 7.548397
290690 145.3450 0.432249 7.531947
290700 145.3500 0.431456 7.515926
290710 145.3550 0.430762 7.531238
290720 145.3600 0.430185 7.519690
290730 145.3650 0.429824 7.512503
290740 145.3700 0.429552 7.507084
290750 145.3750 0.429377 7.503617
290760 145.3800 0.429244 7.500974
290770 145.3850 0.429213 7.500352
290780 145.3900 0.429365 7.503378
290790 145.3950 0.429510 7.506244
290800 145.4000 0.429505 7.506159
290810 145.4050 0.429481 7.534989
290820 145.4100 0.429581 7.536973
290830 145.4150 0.429874 7.542805
290840 145.4200 0.430373 7.552761
290850 145.4250 0.431208 7.569475
290860 145.4300 0.432163 7.588694
290870 145.4350 0.433292 7.611566
290880 145.4400 0.434593 7.638103
290890 145.4450 0.436121 7.669517
290900 145.4500 0.437718 7.702679
290910 145.4550 0.439260 7.762705
290920 145.4600 0.440963 7.798667
290930 145.4650 0.442658 7.834787
290940 145.4700 0.444398 7.872243
290950 145.4750 0.446465 7.917176
290960 145.4800 0.448750 7.967494
290970 145.4850 0.451098 8.019911
290980 145.4900 0.453449 8.073121
290990 145.4950 0.455803 8.127188
291000 145.5000 0.458026 8.179000
291010 145.5050 0.460227 8.255306
291020 145.5100 0.462220 8.303028
291030 145.5150 0.464034 8.346990
291040 145.5200 0.465748 8.388987
291050 145.5250 0.467591 8.434662
291060 145.5300 0.469519 8.483036
291070 145.5350 0.471474 8.532690
291080 145.5400 0.473283 8.579201
291090 145.5450 0.475193 8.628878
291100 145.5500 0.477055 8.677886
291110 145.5550 0.478985 8.750366
291120 145.5600 0.481110 8.807577
291130 145.5650 0.483203 8.864555
291140 145.5700 0.485098 8.916652
291150 145.5750 0.486810 8.964146
291160 145.5800 0.488289 9.005484
291170 145.5850 0.489540 9.040673
291180 145.5900 0.490930 9.079939
291190 145.5950 0.492285 9.118439
291200 145.6000 0.493342 9.148603
291210 145.6050 0.494177 9.191044
291220 145.6100 0.494838 9.210013
291230 145.6150 0.495630 9.232775
291240 145.6200 0.496285 9.251638
291250 145.6250 0.496727 9.264391
291260 145.6300 0.497192 9.277802
291270 145.6350 0.497852 9.296880
291280 145.6400 0.498522 9.316261
291290 145.6450 0.499029 9.330968
291300 145.6500 0.499540 9.345790
291310 145.6550 0.499920 9.374347
291320 145.6600 0.500117 9.380064
291330 145.6650 0.500089 9.379248
291340 145.6700 0.499990 9.376363
291350 145.6750 0.499814 9.371253
291360 145.6800 0.499603 9.365141
291370 145.6850 0.499620 9.365632
291380 145.6900 0.499777 9.370172
291390 145.6950 0.499817 9.371353
291400 145.7000 0.499924 9.374447
291410 145.7050 0.500363 9.404584
291420 145.7100 0.500928 9.421014
291430 145.7150 0.501264 9.430774
291440 145.7200 0.501446 9.436056
291450 145.7250 0.501826 9.447101
291460 145.7300 0.502231 9.458892
291470 145.7350 0.502723 9.473199
291480 145.7400 0.503237 9.488128
291490 145.7450 0.503906 9.507615
291500 145.7500 0.504435 9.523006
291510 145.7550 0.504901 9.553238
291520 145.7600 0.505161 9.560797
291530 145.7650 0.505195 9.561786
291540 145.7700 0.505155 9.560608
291550 145.7750 0.505116 9.559479
291560 145.7800 0.505024 9.556790
291570 145.7850 0.504929 9.554041
291580 145.7900 0.504953 9.554746
291590 145.7950 0.504937 9.554283
291600 145.8000 0.504764 9.549246
291610 145.8050 0.504375 9.554483
291620 145.8100 0.503749 9.536277
291630 145.8150 0.503231 9.521185
291640 145.8200 0.502724 9.506439
291650 145.8250 0.502058 9.487055
291660 145.8300 0.501415 9.468315
291670 145.8350 0.500648 9.445988
291680 145.8400 0.499900 9.424232
291690 145.8450 0.499222 9.404516
291700 145.8500 0.498448 9.382024
291710 145.8550 0.497566 9.373757
291720 145.8600 0.496653 9.347242
291730 145.8650 0.495655 9.318319
291740 145.8700 0.494455 9.283589
291750 145.8750 0.493163 9.246261
291760 145.8800 0.492020 9.213315
291770 145.8850 0.490831 9.179144
291780 145.8900 0.489503 9.141091
291790 145.8950 0.488140 9.102190
291800 145.9000 0.486833 9.065033
291810 145.9050 0.485670 9.051038
291820 145.9100 0.484527 9.018758
291830 145.9150 0.483364 8.986063
291840 145.9200 0.482205 8.953606
291850 145.9250 0.481294 8.928172
291860 145.9300 0.480501 8.906123
291870 145.9350 0.479876 8.888778
291880 145.9400 0.479380 8.875066
291890 145.9450 0.478846 8.860313
291900 145.9500 0.478264 8.844256
291910 145.9550 0.477577 8.845536
291920 145.9600 0.476998 8.829652
291930 145.9650 0.476407 8.813498
291940 145.9700 0.475476 8.788085
291950 145.9750 0.474475 8.760903
291960 145.9800 0.473739 8.740972
291970 145.9850 0.473207 8.726615
291980 145.9900 0.472733 8.713840
291990 145.9950 0.472349 8.703512
292000 146.0000 0.472205 8.699638
292010 146.0050 0.472255 8.721964
292020 146.0100 0.472437 8.726878
292030 146.0150 0.472715 8.734351
292040 146.0200 0.472991 8.741776
292050 146.0250 0.473207 8.747609
292060 146.0300 0.473516 8.755945
292070 146.0350 0.474079 8.771148
292080 146.0400 0.474842 8.791822
292090 146.0450 0.475692 8.814934
292100 146.0500 0.476633 8.840594
292110 146.0550 0.477755 8.891483
292120 146.0600 0.478958 8.924535
292130 146.0650 0.480090 8.955739
292140 146.0700 0.481094 8.983525
292150 146.0750 0.481917 9.006346
292160 146.0800 0.482759 9.029746
292170 146.0850 0.483744 9.057209
292180 146.0900 0.484810 9.086994
292190 146.0950 0.485977 9.119701
292200 146.1000 0.486894 9.145440
292210 146.1050 0.487732 9.187564
292220 146.1100 0.488503 9.209291
292230 146.1150 0.489329 9.232589
292240 146.1200 0.490393 9.262648
292250 146.1250 0.491445 9.292406
292260 146.1300 0.492403 9.319561
292270 146.1350 0.493315 9.345410
292280 146.1400 0.494356 9.374940
292290 146.1450 0.495183 9.398403
292300 146.1500 0.496135 9.425433
292310 146.1550 0.497061 9.468851
292320 146.1600 0.497866 9.491705
292330 146.1650 0.498657 9.514140
292340 146.1700 0.499620 9.541455
292350 146.1750 0.500648 9.570575
292360 146.1800 0.501742 9.601533
292370 146.1850 0.502744 9.629875
292380 146.1900 0.503590 9.653725
292390 146.1950 0.504475 9.678672
292400 146.2000 0.505476 9.706807
292410 146.2050 0.506464 9.750369
292420 146.2100 0.507469 9.778508
292430 146.2150 0.508568 9.809134
292440 146.2200 0.509639 9.838891
292450 146.2250 0.510513 9.863096
292460 146.2300 0.511410 9.887859
292470 146.2350 0.512297 9.912247
292480 146.2400 0.513261 9.938625
292490 146.2450 0.514266 9.966030
292500 146.2500 0.515212 9.991682
292510 146.2550 0.515990 10.027340
292520 146.2600 0.516652 10.045130
292530 146.2650 0.517137 10.058148
292540 146.2700 0.517775 10.075177
292550 146.2750 0.518478 10.093894
292560 146.2800 0.519103 10.110429
292570 146.2850 0.519651 10.124915
292580 146.2900 0.520180 10.138805
292590 146.2950 0.520630 10.150604
292600 146.3000 0.521162 10.164503
292610 146.3050 0.521698 10.192389
292620 146.3100 0.522331 10.208785
292630 146.3150 0.523058 10.227518
292640 146.3200 0.523708 10.244165
292650 146.3250 0.524421 10.262333
292660 146.3300 0.525341 10.285630
292670 146.3350 0.526244 10.308298
292680 146.3400 0.527250 10.333333
292690 146.3450 0.528428 10.362379
292700 146.3500 0.529712 10.393650
292710 146.3550 0.531240 10.443414
292720 146.3600 0.532754 10.479170
292730 146.3650 0.534185 10.512436
292740 146.3700 0.535686 10.546735
292750 146.3750 0.537247 10.581761
292760 146.3800 0.538795 10.615819
292770 146.3850 0.540113 10.644299
292780 146.3900 0.541556 10.674906
292790 146.3950 0.542891 10.702679
292800 146.4000 0.544252 10.730483
292810 146.4050 0.545453 10.766471
292820 146.4100 0.546731 10.791621
292830 146.4150 0.547883 10.813880
292840 146.4200 0.548944 10.834045
292850 146.4250 0.549762 10.849357
292860 146.4300 0.550570 10.864284
292870 146.4350 0.551744 10.885618
292880 146.4400 0.553092 10.909646
292890 146.4450 0.554478 10.933770
292900 146.4500 0.555789 10.956096
292910 146.4550 0.557287 10.992163
292920 146.4600 0.558837 11.017252
292930 146.4650 0.560333 11.040802
292940 146.4700 0.561682 11.061520
292950 146.4750 0.563082 11.082475
292960 146.4800 0.564508 11.103290
292970 146.4850 0.565943 11.123697
292980 146.4900 0.567348 11.143162
292990 146.4950 0.568660 11.160902
293000 146.5000 0.569857 11.176705
293010 146.5050 0.570795 11.199355
293020 146.5100 0.571594 11.209547
293030 146.5150 0.572469 11.220528
293040 146.5200 0.573500 11.233230
293050 146.5250 0.574387 11.243979
293060 146.5300 0.575030 11.251656
293070 146.5350 0.575601 11.258409
293080 146.5400 0.575986 11.262911
293090 146.5450 0.576461 11.268437
293100 146.5500 0.576989 11.274515
293110 146.5550 0.577728 11.293149
293120 146.5600 0.578460 11.301381
293130 146.5650 0.579420 11.312001
293140 146.5700 0.580434 11.323028
293150 146.5750 0.581290 11.332178
293160 146.5800 0.581967 11.339321
293170 146.5850 0.582619 11.346123
293180 146.5900 0.583295 11.353095
293190 146.5950 0.583973 11.360006
293200 146.6000 0.584647 11.366800
293210 146.6050 0.585196 11.382231
293220 146.6100 0.585660 11.386824
293230 146.6150 0.586103 11.391175
293240 146.6200 0.586475 11.394798
293250 146.6250 0.586810 11.398044
293260 146.6300 0.587054 11.400394
293270 146.6350 0.587470 11.404390
293280 146.6400 0.587721 11.406785
293290 146.6450 0.587852 11.408029
293300 146.6500 0.587961 11.409059
293310 146.6550 0.587959 11.418890
293320 146.6600 0.587874 11.418077
293330 146.6650 0.587766 11.417053
293340 146.6700 0.587452 11.414057
293350 146.6750 0.586932 11.409063
293360 146.6800 0.586340 11.403325
293370 146.6850 0.585899 11.399007
293380 146.6900 0.585415 11.394235
293390 146.6950 0.584779 11.387906
293400 146.7000 0.584088 11.380941
293410 146.7050 0.583329 11.383120
293420 146.7100 0.582401 11.373506
293430 146.7150 0.581566 11.364713
293440 146.7200 0.580634 11.354745
293450 146.7250 0.579487 11.342228
293460 146.7300 0.578283 11.328794
293470 146.7350 0.576945 11.313503
293480 146.7400 0.575594 11.297670
293490 146.7450 0.574243 11.281413
293500 146.7500 0.572848 11.264178
293510 146.7550 0.571614 11.258786
293520 146.7600 0.570466 11.243889
293530 146.7650 0.569504 11.231144
293540 146.7700 0.568479 11.217293
293550 146.7750 0.567188 11.199459
293560 146.7800 0.565868 11.180738
293570 146.7850 0.564420 11.159661
293580 146.7900 0.562950 11.137631
293590 146.7950 0.561587 11.116661
293600 146.8000 0.560057 11.092479
293610 146.8050 0.558258 11.073889
293620 146.8100 0.556315 11.041081
293630 146.8150 0.554074 11.001771
293640 146.8200 0.551774 10.959779
293650 146.8250 0.549393 10.914567
293660 146.8300 0.546965 10.866591
293670 146.8350 0.544399 10.813876
293680 146.8400 0.541773 10.757801
293690 146.8450 0.539279 10.702584
293700 146.8500 0.536684 10.643136
293710 146.8550 0.533925 10.589979
293720 146.8600 0.531035 10.519213
293730 146.8650 0.527993 10.442277
293740 146.8700 0.524886 10.361344
293750 146.8750 0.521708 10.276227
293760 146.8800 0.518323 10.183264
293770 146.8850 0.514760 10.083158
293780 146.8900 0.511067 9.977369
293790 146.8950 0.507171 9.863896
293800 146.9000 0.503041 9.742105
293810 146.9050 0.498851 9.633150
293820 146.9100 0.494502 9.503140
293830 146.9150 0.490147 9.372933
293840 146.9200 0.485989 9.249004
293850 146.9250 0.481753 9.123636
293860 146.9300 0.477518 8.999463
293870 146.9350 0.473426 8.880929
293880 146.9400 0.469162 8.759075
293890 146.9450 0.465039 8.643022
293900 146.9500 0.460973 8.530397
293910 146.9550 0.457001 8.444114
293920 146.9600 0.453388 8.347065
293930 146.9650 0.449882 8.254196
293940 146.9700 0.446279 8.160136
293950 146.9750 0.442569 8.064808
293960 146.9800 0.439062 7.976106
293970 146.9850 0.435769 7.894107
293980 146.9900 0.432564 7.815591
293990 146.9950 0.429465 7.740895
294000 147.0000 0.426510 7.670912
294010 147.0050 0.423681 7.633023
294020 147.0100 0.421121 7.574383
294030 147.0150 0.418703 7.519919
294040 147.0200 0.416468 7.470397
294050 147.0250 0.414307 7.423327
294060 147.0300 0.412287 7.380094
294070 147.0350 0.410352 7.339412
294080 147.0400 0.408616 7.303541
294090 147.0450 0.407103 7.272803
294100 147.0500 0.406017 7.251027
294110 147.0550 0.405299 7.268262
294120 147.0600 0.404800 7.258429
294130 147.0650 0.404531 7.253141
294140 147.0700 0.404358 7.249760
294150 147.0750 0.404203 7.246716
294160 147.0800 0.404275 7.248125
294170 147.0850 0.404555 7.253618
294180 147.0900 0.405107 7.264471
294190 147.0950 0.405906 7.280300
294200 147.1000 0.407083 7.303873
294210 147.1050 0.408410 7.361780
294220 147.1100 0.409941 7.393212
294230 147.1150 0.411479 7.425204
294240 147.1200 0.413357 7.464814
294250 147.1250 0.415401 7.508577
294260 147.1300 0.417485 7.553849
294270 147.1350 0.419774 7.604274
294280 147.1400 0.422173 7.657876
294290 147.1450 0.424833 7.718177
294300 147.1500 0.427449 7.778276
294310 147.1550 0.430183 7.869013
294320 147.1600 0.433049 7.936435
294330 147.1650 0.436144 8.010057
294340 147.1700 0.439485 8.090478
294350 147.1750 0.442729 8.169474
294360 147.1800 0.445954 8.248875
294370 147.1850 0.449160 8.328686
294380 147.1900 0.452518 8.413245
294390 147.1950 0.456000 8.502015
294400 147.2000 0.459648 8.596230
294410 147.2050 0.463370 8.715209
294420 147.2100 0.467004 8.811476
294430 147.2150 0.470753 8.912016
294440 147.2200 0.474386 9.010604
294450 147.2250 0.477898 9.106987
294460 147.2300 0.481424 9.204700
294470 147.2350 0.484768 9.298140
294480 147.2400 0.488138 9.392962
294490 147.2450 0.491595 9.490701
294500 147.2500 0.495038 9.588362
294510 147.2550 0.498457 9.701729
294520 147.2600 0.501679 9.792892
294530 147.2650 0.504773 9.879979
294540 147.2700 0.507748 9.963123
294550 147.2750 0.510449 10.037895
294560 147.2800 0.512771 10.101540
294570 147.2850 0.515037 10.162997
294580 147.2900 0.517261 10.222557
294590 147.2950 0.519135 10.272145
294600 147.3000 0.520975 10.320188
294610 147.3050 0.522502 10.372942
294620 147.3100 0.523827 10.406723
294630 147.3150 0.524724 10.429395
294640 147.3200 0.525511 10.449117
294650 147.3250 0.526084 10.463395
294660 147.3300 0.526543 10.474799
294670 147.3350 0.527028 10.486759
294680 147.3400 0.527352 10.494727
294690 147.3450 0.527517 10.498785
294700 147.3500 0.527360 10.494940
294710 147.3550 0.527007 10.498964
294720 147.3600 0.526326 10.482120
294730 147.3650 0.525557 10.462967
294740 147.3700 0.524535 10.437308
294750 147.3750 0.523273 10.405325
294760 147.3800 0.522133 10.376111
294770 147.3850 0.521086 10.349034
294780 147.3900 0.519942 10.319194
294790 147.3950 0.518615 10.284297
294800 147.4000 0.517171 10.245923
294810 147.4050 0.515421 10.212561
294820 147.4100 0.513540 10.161511
294830 147.4150 0.511701 10.111065
294840 147.4200 0.509985 10.063599
294850 147.4250 0.508227 10.014589
294860 147.4300 0.505981 9.951475
294870 147.4350 0.503691 9.886681
294880 147.4400 0.501352 9.820075
294890 147.4450 0.498732 9.745121
294900 147.4500 0.495922 9.664469
294910 147.4550 0.493072 9.598550
294920 147.4600 0.490043 9.511394
294930 147.4650 0.486982 9.423422
294940 147.4700 0.483903 9.335215
294950 147.4750 0.480742 9.245088
294960 147.4800 0.477598 9.155995
294970 147.4850 0.474489 9.068498
294980 147.4900 0.471447 8.983575
294990 147.4950 0.468445 8.900472
295000 147.5000 0.465446 8.818204
295010 147.5050 0.462579 8.760545
295020 147.5100 0.459882 8.687777
295030 147.5150 0.457315 8.619036
295040 147.5200 0.454916 8.555269
295050 147.5250 0.452704 8.496859
295060 147.5300 0.450818 8.447378
295070 147.5350 0.449026 8.400610
295080 147.5400 0.447311 8.356065
295090 147.5450 0.445729 8.315205
295100 147.5500 0.444529 8.284329
295110 147.5550 0.443529 8.282266
295120 147.5600 0.442751 8.262352
295130 147.5650 0.441795 8.237944
295140 147.5700 0.440740 8.211090
295150 147.5750 0.439796 8.187146
295160 147.5800 0.438896 8.164358
295170 147.5850 0.438256 8.148193
295180 147.5900 0.437967 8.140887
295190 147.5950 0.437748 8.135367
295200 147.6000 0.437389 8.126328
295210 147.6050 0.437068 8.142897
295220 147.6100 0.436572 8.130442
295230 147.6150 0.436180 8.120578
295240 147.6200 0.435874 8.112910
295250 147.6250 0.435840 8.112053
295260 147.6300 0.435776 8.110451
295270 147.6350 0.435830 8.111804
295280 147.6400 0.436029 8.116810
295290 147.6450 0.436432 8.126912
295300 147.6500 0.437182 8.145764
295310 147.6550 0.438088 8.193109
295320 147.6600 0.439212 8.221456
295330 147.6650 0.440451 8.252818
295340 147.6700 0.441428 8.277589
295350 147.6750 0.442317 8.300174
295360 147.6800 0.443288 8.324886
295370 147.6850 0.444243 8.349262
295380 147.6900 0.445171 8.372975
295390 147.6950 0.446336 8.402777
295400 147.7000 0.447475 8.432017
295410 147.7050 0.448581 8.483085
295420 147.7100 0.449586 8.508946
295430 147.7150 0.450697 8.537625
295440 147.7200 0.451813 8.566450
295450 147.7250 0.453119 8.600265
295460 147.7300 0.454426 8.634183
295470 147.7350 0.455841 8.670989
295480 147.7400 0.457229 8.707169
295490 147.7450 0.458544 8.741539
295500 147.7500 0.459770 8.773656
295510 147.7550 0.460960 8.825455
295520 147.7600 0.462045 8.853987
295530 147.7650 0.462786 8.873486
295540 147.7700 0.463597 8.894862
295550 147.7750 0.464573 8.920635
295560 147.7800 0.465458 8.944036
295570 147.7850 0.466186 8.963303
295580 147.7900 0.466933 8.983117
295590 147.7950 0.467510 8.998420
295600 147.8000 0.467973 9.010720
295610 147.8050 0.468408 9.041509
295620 147.8100 0.468754 9.050720
295630 147.8150 0.468824 9.052581
295640 147.8200 0.468665 9.048350
295650 147.8250 0.468367 9.040430
295660 147.8300 0.468069 9.032510
295670 147.8350 0.467910 9.028288
295680 147.8400 0.467790 9.025103
295690 147.8450 0.467659 9.021608
295700 147.8500 0.467597 9.019985
295710 147.8550 0.467539 9.037619
295720 147.8600 0.467665 9.040963
295730 147.8650 0.467882 9.046733
295740 147.8700 0.468175 9.054525
295750 147.8750 0.468191 9.054943
295760 147.8800 0.468044 9.051051
295770 147.8850 0.468093 9.052330
295780 147.8900 0.468119 9.053020
295790 147.8950 0.468346 9.059058
295800 147.9000 0.468498 9.063098
295810 147.9050 0.468576 9.084146
295820 147.9100 0.468703 9.087532
295830 147.9150 0.468840 9.091164
295840 147.9200 0.468896 9.092649
295850 147.9250 0.468905 9.092881
295860 147.9300 0.468682 9.086953
295870 147.9350 0.468246 9.075382
295880 147.9400 0.467913 9.066523
295890 147.9450 0.467607 9.058398
295900 147.9500 0.467363 9.051928
295910 147.9550 0.467130 9.064755
295920 147.9600 0.466644 9.051851
295930 147.9650 0.466103 9.037514
295940 147.9700 0.465394 9.018694
295950 147.9750 0.464414 8.992694
295960 147.9800 0.463355 8.964629
295970 147.9850 0.462375 8.938656
295980 147.9900 0.461688 8.920445
295990 147.9950 0.460959 8.901151
296000 148.0000 0.460171 8.880275
296010 148.0050 0.459555 8.883934
296020 148.0100 0.458936 8.867553
296030 148.0150 0.458449 8.854669
296040 148.0200 0.457850 8.838813
296050 148.0250 0.456867 8.812807
296060 148.0300 0.455677 8.781302
296070 148.0350 0.454532 8.751015
296080 148.0400 0.453425 8.721708
296090 148.0450 0.452509 8.697479
296100 148.0500 0.451782 8.678226
296110 148.0550 0.451113 8.681657
296120 148.0600 0.450363 8.661799
296130 148.0650 0.449836 8.647842
296140 148.0700 0.449412 8.636611
296150 148.0750 0.449226 8.631689
296160 148.0800 0.449056 8.627189
296170 148.0850 0.448825 8.621083
296180 148.0900 0.448653 8.616527
296190 148.0950 0.448589 8.614821
296200 148.1000 0.448610 8.615385
296210 148.1050 0.448453 8.632706
296220 148.1100 0.448377 8.630711
296230 148.1150 0.448410 8.631571
296240 148.1200 0.448338 8.629669
296250 148.1250 0.448104 8.623483
296260 148.1300 0.447773 8.614697
296270 148.1350 0.447374 8.604128
296280 148.1400 0.447096 8.596758
296290 148.1450 0.446764 8.587969
296300 148.1500 0.446614 8.583990
296310 148.1550 0.446401 8.600027
296320 148.1600 0.446091 8.591788
296330 148.1650 0.445931 8.587552
296340 148.1700 0.445980 8.588858
296350 148.1750 0.446285 8.596938
296360 148.1800 0.446569 8.604476
296370 148.1850 0.446992 8.615678
296380 148.1900 0.447299 8.623816
296390 148.1950 0.447610 8.632075
296400 148.2000 0.447827 8.637820
296410 148.2050 0.447909 8.661348
296420 148.2100 0.448109 8.666632
296430 148.2150 0.448566 8.678742
296440 148.2200 0.449097 8.692780
296450 148.2250 0.449676 8.708098
296460 148.2300 0.450339 8.725595
296470 148.2350 0.450993 8.742876
296480 148.2400 0.451764 8.763209
296490 148.2450 0.452553 8.783994
296500 148.2500 0.453339 8.804661
296510 148.2550 0.454083 8.844620
296520 148.2600 0.454974 8.868012
296530 148.2650 0.456033 8.895780
296540 148.2700 0.457073 8.923001
296550 148.2750 0.458123 8.950424
296560 148.2800 0.459129 8.976684
296570 148.2850 0.459974 8.998712
296580 148.2900 0.460732 9.018441
296590 148.2950 0.461680 9.043080
296600 148.3000 0.462820 9.072653
296610 148.3050 0.463986 9.121796
296620 148.3100 0.464986 9.147674
296630 148.3150 0.466009 9.174089
296640 148.3200 0.467345 9.208530
296650 148.3250 0.468991 9.250881
296660 148.3300 0.470980 9.301919
296670 148.3350 0.472871 9.350310
296680 148.3400 0.474866 9.401250
296690 148.3450 0.477085 9.457767
296700 148.3500 0.479100 9.508960
296710 148.3550 0.480894 9.571161
296720 148.3600 0.482594 9.614141
296730 148.3650 0.484237 9.655543
296740 148.3700 0.485810 9.695105
296750 148.3750 0.487364 9.734105
296760 148.3800 0.488603 9.765099
296770 148.3850 0.489832 9.795792
296780 148.3900 0.490939 9.823380
296790 148.3950 0.492083 9.851837
296800 148.4000 0.493367 9.883682
296810 148.4050 0.494713 9.932052
296820 148.4100 0.495982 9.963330
296830 148.4150 0.497137 9.991681
296840 148.4200 0.498307 10.020328
296850 148.4250 0.499465 10.048589
296860 148.4300 0.500512 10.074045
296870 148.4350 0.501353 10.094413
296880 148.4400 0.502056 10.111400
296890 148.4450 0.502747 10.128066
296900 148.4500 0.503395 10.143653
296910 148.4550 0.503925 10.170367
296920 148.4600 0.504330 10.180065
296930 148.4650 0.504708 10.189110
296940 148.4700 0.504949 10.194855
296950 148.4750 0.505155 10.199769
296960 148.4800 0.505228 10.201524
296970 148.4850 0.505175 10.200263
296980 148.4900 0.504801 10.191336
296990 148.4950 0.504212 10.177243
297000 148.5000 0.503567 10.161805
297010 148.5050 0.502879 10.159211
297020 148.5100 0.502106 10.140565
297030 148.5150 0.501140 10.117215
297040 148.5200 0.499828 10.085322
297050 148.5250 0.498427 10.051096
297060 148.5300 0.497000 10.016081
297070 148.5350 0.495507 9.979243
297080 148.5400 0.494014 9.942241
297090 148.5450 0.492226 9.897733
297100 148.5500 0.490154 9.845868
297110 148.5550 0.488066 9.808574
297120 148.5600 0.485817 9.751660
297130 148.5650 0.483491 9.692488
297140 148.5700 0.481115 9.631691
297150 148.5750 0.478572 9.566291
297160 148.5800 0.476044 9.500909
297170 148.5850 0.473399 9.432120
297180 148.5900 0.470773 9.363477
297190 148.5950 0.468023 9.291158
297200 148.6000 0.465239 9.217519
297210 148.6050 0.462500 9.162797
297220 148.6100 0.459561 9.084028
297230 148.6150 0.456739 9.007885
297240 148.6200 0.453909 8.931012
297250 148.6250 0.450781 8.845416
297260 148.6300 0.447684 8.760108
297270 148.6350 0.444625 8.675304
297280 148.6400 0.441545 8.589475
297290 148.6450 0.438416 8.501865
297300 148.6500 0.435309 8.414601
297310 148.6550 0.432292 8.352387
297320 148.6600 0.429130 8.263274
297330 148.6650 0.426079 8.177365
297340 148.6700 0.423263 8.098311
297350 148.6750 0.420797 8.029402
297360 148.6800 0.418400 7.962811
297370 148.6850 0.416054 7.898141
297380 148.6900 0.413821 7.837107
297390 148.6950 0.411723 7.780389
297400 148.7000 0.409763 7.727949
297410 148.7050 0.407731 7.701784
297420 148.7100 0.405590 7.645953
297430 148.7150 0.403444 7.590896
297440 148.7200 0.401260 7.535847
297450 148.7250 0.399125 7.483100
297460 148.7300 0.397048 7.432853
297470 148.7350 0.394989 7.384204
297480 148.7400 0.392889 7.335831
297490 148.7450 0.390941 7.292124
297500 148.7500 0.388971 7.249142
297510 148.7550 0.387160 7.242220
297520 148.7600 0.385559 7.209162
297530 148.7650 0.384178 7.181335
297540 148.7700 0.383273 7.163465
297550 148.7750 0.382610 7.150548
297560 148.7800 0.382123 7.141144
297570 148.7850 0.381956 7.137941
297580 148.7900 0.382078 7.140277
297590 148.7950 0.382214 7.142899
297600 148.8000 0.382352 7.145547
297610 148.8050 0.382597 7.182707
297620 148.8100 0.383306 7.196510
297630 148.8150 0.383988 7.209956
297640 148.8200 0.384824 7.226661
297650 148.8250 0.385826 7.246961
297660 148.8300 0.386775 7.266489
297670 148.8350 0.387689 7.285576
297680 148.8400 0.388715 7.307312
297690 148.8450 0.389957 7.334036
297700 148.8500 0.391470 7.367225
297710 148.8550 0.393002 7.431952
297720 148.8600 0.394629 7.468983
297730 148.8650 0.396352 7.508957
297740 148.8700 0.397752 7.541923
297750 148.8750 0.399117 7.574529
297760 148.8800 0.400481 7.607494
297770 148.8850 0.402020 7.645138
297780 148.8900 0.403546 7.682906
297790 148.8950 0.405397 7.729277
297800 148.9000 0.407288 7.777228
297810 148.9050 0.409124 7.851464
297820 148.9100 0.411017 7.900391
297830 148.9150 0.412972 7.951300
297840 148.9200 0.414848 8.000507
297850 148.9250 0.416672 8.048584
297860 148.9300 0.418666 8.101364
297870 148.9350 0.420514 8.150472
297880 148.9400 0.422276 8.197365
297890 148.9450 0.424372 8.253271
297900 148.9500 0.426718 8.315880
297910 148.9550 0.429135 8.403716
297920 148.9600 0.431504 8.466744
297930 148.9650 0.434011 8.533201
297940 148.9700 0.436734 8.605076
297950 148.9750 0.439461 8.676656
297960 148.9800 0.442158 8.747016
297970 148.9850 0.444874 8.817393
297980 148.9900 0.447630 8.888274
297990 148.9950 0.450502 8.961588
298000 149.0000 0.453402 9.035026
298010 149.0050 0.456257 9.125849
298020 149.0100 0.459070 9.195921
298030 149.0150 0.461832 9.264201
298040 149.0200 0.464596 9.332039
298050 149.0250 0.467176 9.394915
298060 149.0300 0.469585 9.453321
298070 149.0350 0.471934 9.509943
298080 149.0400 0.474249 9.565506
298090 149.0450 0.476642 9.622663
298100 149.0500 0.478898 9.676304
298110 149.0550 0.481145 9.745481
298120 149.0600 0.483220 9.794394
298130 149.0650 0.485061 9.837608
298140 149.0700 0.486828 9.878919
298150 149.0750 0.488354 9.914501
298160 149.0800 0.489726 9.946360
298170 149.0850 0.491063 9.977321
298180 149.0900 0.492333 10.006634
298190 149.0950 0.493749 10.039186
298200 149.1000 0.495177 10.071919
298210 149.1050 0.496517 10.116815
298220 149.1100 0.497696 10.143614
298230 149.1150 0.498865 10.170075
298240 149.1200 0.499606 10.186794
298250 149.1250 0.500220 10.200614
298260 149.1300 0.500587 10.208866
298270 149.1350 0.500641 10.210087
298280 149.1400 0.500563 10.208322
298290 149.1450 0.500407 10.204817
298300 149.1500 0.500148 10.199009
298310 149.1550 0.499849 10.206079
298320 149.1600 0.499140 10.190101
298330 149.1650 0.498293 10.170947
298340 149.1700 0.497482 10.152538
298350 149.1750 0.496492 10.130008
298360 149.1800 0.495401 10.105084
298370 149.1850 0.493901 10.070695
298380 149.1900 0.492084 10.028785
298390 149.1950 0.490142 9.983761
298400 149.2000 0.488157 9.937493
298410 149.2050 0.486076 9.903547
298420 149.2100 0.483981 9.854132
298430 149.2150 0.481923 9.805318
298440 149.2200 0.479728 9.752946
298450 149.2250 0.477311 9.694924
298460 149.2300 0.474902 9.636723
298470 149.2350 0.472386 9.575517
298480 149.2400 0.469669 9.508949
298490 149.2450 0.466705 9.435741
298500 149.2500 0.463676 9.360257
298510 149.2550 0.460735 9.303708
298520 149.2600 0.457709 9.226797
298530 149.2650 0.454889 9.154405
298540 149.2700 0.452013 9.079829
298550 149.2750 0.449088 9.003217
298560 149.2800 0.445992 8.921282
298570 149.2850 0.442865 8.837705
298580 149.2900 0.439787 8.754661
298590 149.2950 0.437056 8.680424
298600 149.3000 0.434309 8.605223
298610 149.3050 0.431668 8.554108
298620 149.3100 0.428911 8.477840
298630 149.3150 0.426144 8.401026
298640 149.3200 0.423441 8.325855
298650 149.3250 0.420897 8.255095
298660 149.3300 0.418248 8.181528
298670 149.3350 0.415672 8.110234
298680 149.3400 0.413046 8.037959
298690 149.3450 0.410721 7.974441
298700 149.3500 0.408605 7.917126
298710 149.3550 0.406771 7.893984
298720 149.3600 0.404973 7.846084
298730 149.3650 0.403188 7.799027
298740 149.3700 0.401509 7.755212
298750 149.3750 0.400194 7.721224
298760 149.3800 0.399036 7.691588
298770 149.3850 0.398109 7.668045
298780 149.3900 0.397321 7.648176
298790 149.3950 0.396731 7.633397
298800 149.4000 0.396281 7.622152
298810 149.4050 0.395852 7.639869
298820 149.4100 0.395760 7.637585
298830 149.4150 0.395736 7.636988
298840 149.4200 0.395670 7.635365
298850 149.4250 0.395671 7.635386
298860 149.4300 0.395941 7.642072
298870 149.4350 0.396208 7.648731
298880 149.4400 0.396543 7.657071
298890 149.4450 0.397144 7.672114
298900 149.4500 0.397718 7.686529
298910 149.4550 0.398012 7.721837
298920 149.4600 0.398337 7.730053
298930 149.4650 0.398664 7.738338
298940 149.4700 0.399131 7.750194
298950 149.4750 0.399668 7.763886
298960 149.4800 0.400293 7.779904
298970 149.4850 0.401146 7.801853
298980 149.4900 0.401900 7.821338
298990 149.4950 0.402961 7.848913
299000 149.5000 0.404212 7.881627
299010 149.5050 0.405484 7.941481
299020 149.5100 0.406758 7.975181
299030 149.5150 0.408162 8.012487
299040 149.5200 0.409501 8.048216
299050 149.5250 0.410614 8.078030
299060 149.5300 0.411834 8.110771
299070 149.5350 0.413090 8.144593
299080 149.5400 0.414482 8.182111
299090 149.5450 0.416013 8.223476
299100 149.5500 0.417578 8.265800
299110 149.5550 0.419133 8.331555
299120 149.5600 0.420721 8.374477
299130 149.5650 0.422501 8.422488
299140 149.5700 0.424340 8.471982
299150 149.5750 0.426012 8.516855
299160 149.5800 0.427561 8.558275
299170 149.5850 0.429055 8.598066
299180 149.5900 0.430442 8.634887
299190 149.5950 0.431876 8.672783
299200 149.6000 0.433446 8.714088
299210 149.6050 0.434994 8.775501
299220 149.6100 0.436462 8.813681
299230 149.6150 0.437920 8.851389
299240 149.6200 0.439384 8.888997
299250 149.6250 0.440934 8.928584
299260 149.6300 0.442419 8.966258
299270 149.6350 0.443896 9.003462
299280 149.6400 0.445633 9.046930
299290 149.6450 0.447355 9.089660
299300 149.6500 0.448906 9.127871
299310 149.6550 0.450362 9.182132
299320 149.6600 0.452077 9.223768
299330 149.6650 0.453721 9.263370
299340 149.6700 0.455321 9.301614
299350 149.6750 0.457006 9.341584
299360 149.6800 0.458684 9.381078
299370 149.6850 0.460369 9.420470
299380 149.6900 0.461884 9.455654
299390 149.6950 0.463412 9.490909
299400 149.7000 0.464715 9.520814
299410 149.7050 0.465920 9.565017
299420 149.7100 0.467143 9.592796
299430 149.7150 0.468360 9.620331
299440 149.7200 0.469618 9.648647
299450 149.7250 0.470695 9.672787
299460 149.7300 0.471597 9.692949
299470 149.7350 0.472413 9.711111
299480 149.7400 0.473139 9.727250
299490 149.7450 0.473835 9.742669
299500 149.7500 0.474476 9.756854
299510 149.7550 0.475161 9.787587
299520 149.7600 0.475689 9.799222
299530 149.7650 0.476180 9.810022
299540 149.7700 0.476420 9.815291
299550 149.7750 0.476680 9.820997
299560 149.7800 0.476636 9.820035
299570 149.7850 0.476463 9.816237
299580 149.7900 0.476087 9.807969
299590 149.7950 0.475705 9.799572
299600 149.8000 0.475230 9.789105
299610 149.8050 0.474591 9.790487
299620 149.8100 0.473910 9.775443
299630 149.8150 0.473048 9.756311
299640 149.8200 0.471924 9.731282
299650 149.8250 0.470844 9.707131
299660 149.8300 0.469631 9.679868
299670 149.8350 0.468498 9.654294
299680 149.8400 0.467385 9.629051
299690 149.8450 0.466011 9.597712
299700 149.8500 0.464564 9.564498
299710 149.8550 0.463160 9.548539
299720 149.8600 0.461863 9.518369
299730 149.8650 0.460684 9.490763
299740 149.8700 0.459441 9.461484
299750 149.8750 0.458194 9.431905
299760 149.8800 0.457026 9.404046
299770 149.8850 0.455903 9.377066
299780 149.8900 0.454688 9.347718
299790 149.8950 0.453433 9.317174
299800 149.9000 0.452216 9.287374
299810 149.9050 0.451144 9.278768
299820 149.9100 0.450083 9.252445
299830 149.9150 0.448871 9.222170
299840 149.9200 0.447609 9.190427
299850 149.9250 0.446133 9.153002
299860 149.9300 0.444614 9.114168
299870 149.9350 0.443140 9.076160
299880 149.9400 0.441506 9.033677
299890 149.9450 0.439939 8.992559
299900 149.9500 0.438239 8.947583
299910 149.9550 0.436414 8.918443
299920 149.9600 0.434454 8.865612
299930 149.9650 0.432568 8.814296
299940 149.9700 0.430694 8.762896
299950 149.9750 0.428815 8.710918
299960 149.9800 0.426968 8.659504
299970 149.9850 0.425107 8.607387
299980 149.9900 0.423180 8.553109
299990 149.9950 0.421083 8.493780
