# step t_ps cv bias_e
0 0.0000 -1.483269 0.000000
10 0.0050 -1.482481 0.716929
20 0.0100 -1.481202 0.716405
30 0.0150 -1.479517 0.715002
40 0.0200 -1.477467 0.712207
50 0.0250 -1.475027 0.707342
60 0.0300 -1.472387 0.700236
70 0.0350 -1.469277 0.689487
80 0.0400 -1.466077 0.675862
90 0.0450 -1.462890 0.659870
100 0.0500 -1.459622 0.641150
110 0.0550 -1.456454 0.620972
120 0.0600 -1.453371 0.599638
130 0.0650 -1.450243 0.576491
140 0.0700 -1.447079 0.551785
150 0.0750 -1.444117 0.527700
160 0.0800 -1.441411 0.505063
170 0.0850 -1.439000 0.484515
180 0.0900 -1.437082 0.467993
190 0.0950 -1.435404 0.453450
200 0.1000 -1.434184 0.442850
210 0.1050 -1.433395 1.136794
220 0.1100 -1.433046 1.133671
230 0.1150 -1.433080 1.133978
240 0.1200 -1.433345 1.136349
250 0.1250 -1.433534 1.138034
260 0.1300 -1.433518 1.137889
270 0.1350 -1.433563 1.138288
280 0.1400 -1.433863 1.140945
290 0.1450 -1.434288 1.144652
300 0.1500 -1.434674 1.147971
310 0.1550 -1.435085 1.151462
320 0.1600 -1.435408 1.154173
330 0.1650 -1.435701 1.156602
340 0.1700 -1.435949 1.158641
350 0.1750 -1.436254 1.161117
360 0.1800 -1.436605 1.163937
370 0.1850 -1.436836 1.165774
380 0.1900 -1.436834 1.165759
390 0.1950 -1.436588 1.163804
400 0.2000 -1.436151 1.160285
410 0.2050 -1.435620 1.831442
420 0.2100 -1.434849 1.824784
430 0.2150 -1.433656 1.813818
440 0.2200 -1.432384 1.801272
450 0.2250 -1.430862 1.785097
460 0.2300 -1.428895 1.762397
470 0.2350 -1.426706 1.734823
480 0.2400 -1.424362 1.702724
490 0.2450 -1.421827 1.665204
500 0.2500 -1.419192 1.623307
510 0.2550 -1.416525 1.578148
520 0.2600 -1.413898 1.531236
530 0.2650 -1.411428 1.485155
540 0.2700 -1.409051 1.439266
550 0.2750 -1.406886 1.396286
560 0.2800 -1.404929 1.356632
570 0.2850 -1.403255 1.322187
580 0.2900 -1.401782 1.291565
590 0.2950 -1.400625 1.267311
600 0.3000 -1.399907 1.252197
610 0.3050 -1.399406 1.913960
620 0.3100 -1.399265 1.910952
630 0.3150 -1.399423 1.914328
640 0.3200 -1.400005 1.926628
650 0.3250 -1.400845 1.944178
660 0.3300 -1.401740 1.962594
670 0.3350 -1.402673 1.981468
680 0.3400 -1.403594 1.999748
690 0.3450 -1.404765 2.022468
700 0.3500 -1.406068 2.047081
710 0.3550 -1.407518 2.073562
720 0.3600 -1.409198 2.102996
730 0.3650 -1.411001 2.133041
740 0.3700 -1.413031 2.164857
750 0.3750 -1.415098 2.194978
760 0.3800 -1.417246 2.223732
770 0.3850 -1.419764 2.254011
780 0.3900 -1.422218 2.279825
790 0.3950 -1.424828 2.303142
800 0.4000 -1.427582 2.323015
810 0.4050 -1.430150 2.972633
820 0.4100 -1.432484 2.979413
830 0.4150 -1.434479 2.981240
840 0.4200 -1.436177 2.979923
850 0.4250 -1.437480 2.977130
860 0.4300 -1.438330 2.974476
870 0.4350 -1.438594 2.973519
880 0.4400 -1.438159 2.975061
890 0.4450 -1.437142 2.978002
900 0.4500 -1.435697 2.980563
910 0.4550 -1.433793 2.981024
920 0.4600 -1.431372 2.976806
930 0.4650 -1.428564 2.965179
940 0.4700 -1.425486 2.944172
950 0.4750 -1.422234 2.912737
960 0.4800 -1.418750 2.868819
970 0.4850 -1.414704 2.805062
980 0.4900 -1.410214 2.719253
990 0.4950 -1.405330 2.609624
1000 0.5000 -1.400004 2.473195
1010 0.5050 -1.394522 2.945402
1020 0.5100 -1.388846 2.760460
1030 0.5150 -1.382825 2.547302
1040 0.5200 -1.376790 2.321893
1050 0.5250 -1.370745 2.090383
1060 0.5300 -1.364720 1.859576
1070 0.5350 -1.358796 1.637598
1080 0.5400 -1.353116 1.433338
1090 0.5450 -1.347670 1.248336
1100 0.5500 -1.342629 1.088342
1110 0.5550 -1.337993 0.951863
1120 0.5600 -1.333939 0.841375
1130 0.5650 -1.330405 0.752015
1140 0.5700 -1.327404 0.681243
1150 0.5750 -1.325000 0.627937
1160 0.5800 -1.323158 0.589112
1170 0.5850 -1.321904 0.563658
1180 0.5900 -1.321202 0.549772
1190 0.5950 -1.320917 0.544195
1200 0.6000 -1.321164 0.549024
1210 0.6050 -1.321727 1.257174
1220 0.6100 -1.322506 1.272618
1230 0.6150 -1.323412 1.290738
1240 0.6200 -1.324370 1.310115
1250 0.6250 -1.325540 1.334078
1260 0.6300 -1.326900 1.362330
1270 0.6350 -1.328137 1.388436
1280 0.6400 -1.329395 1.415379
1290 0.6450 -1.330461 1.438533
1300 0.6500 -1.331276 1.456425
1310 0.6550 -1.331868 1.469518
1320 0.6600 -1.332260 1.478257
1330 0.6650 -1.332459 1.482697
1340 0.6700 -1.332329 1.479792
1350 0.6750 -1.331948 1.471295
1360 0.6800 -1.331312 1.457204
1370 0.6850 -1.330569 1.440892
1380 0.6900 -1.329674 1.421404
1390 0.6950 -1.328737 1.401233
1400 0.7000 -1.327542 1.375844
1410 0.7050 -1.326351 2.018782
1420 0.7100 -1.325063 1.991554
1430 0.7150 -1.323752 1.963789
1440 0.7200 -1.322338 1.933770
1450 0.7250 -1.320881 1.902772
1460 0.7300 -1.319560 1.874600
1470 0.7350 -1.318214 1.845834
1480 0.7400 -1.316779 1.815062
1490 0.7450 -1.315115 1.779297
1500 0.7500 -1.313554 1.745622
1510 0.7550 -1.311997 1.711918
1520 0.7600 -1.310487 1.679138
1530 0.7650 -1.309085 1.648628
1540 0.7700 -1.307932 1.623469
1550 0.7750 -1.306837 1.599531
1560 0.7800 -1.305877 1.578508
1570 0.7850 -1.305077 1.560986
1580 0.7900 -1.304647 1.551541
1590 0.7950 -1.304352 1.545077
1600 0.8000 -1.304299 1.543900
1610 0.8050 -1.304505 2.210785
1620 0.8100 -1.305000 2.221584
1630 0.8150 -1.305691 2.236545
1640 0.8200 -1.306543 2.254796
1650 0.8250 -1.307336 2.271605
1660 0.8300 -1.308250 2.290718
1670 0.8350 -1.309129 2.308864
1680 0.8400 -1.310148 2.329616
1690 0.8450 -1.311126 2.349244
1700 0.8500 -1.312106 2.368627
1710 0.8550 -1.313020 2.386442
1720 0.8600 -1.313900 2.403360
1730 0.8650 -1.314444 2.413707
1740 0.8700 -1.314751 2.419508
1750 0.8750 -1.314734 2.419179
1760 0.8800 -1.314275 2.410504
1770 0.8850 -1.313253 2.390944
1780 0.8900 -1.311697 2.360568
1790 0.8950 -1.309704 2.320610
1800 0.9000 -1.307430 2.273571
1810 0.9050 -1.304902 2.856666
1820 0.9100 -1.302150 2.792876
1830 0.9150 -1.299309 2.722817
1840 0.9200 -1.296457 2.648339
1850 0.9250 -1.293342 2.562507
1860 0.9300 -1.290327 2.475342
1870 0.9350 -1.287073 2.377211
1880 0.9400 -1.283691 2.271382
1890 0.9450 -1.280494 2.168340
1900 0.9500 -1.277298 2.063104
1910 0.9550 -1.273976 1.952061
1920 0.9600 -1.270564 1.837056
1930 0.9650 -1.267135 1.721348
1940 0.9700 -1.263675 1.605269
1950 0.9750 -1.260227 1.491078
1960 0.9800 -1.256844 1.381200
1970 0.9850 -1.253428 1.273150
1980 0.9900 -1.249911 1.165512
1990 0.9950 -1.246503 1.065317
2000 1.0000 -1.243643 0.984610
2010 1.0050 -1.241315 1.602335
2020 1.0100 -1.239206 1.545128
2030 1.0150 -1.237560 1.501013
2040 1.0200 -1.236417 1.470658
2050 1.0250 -1.235714 1.452134
2060 1.0300 -1.235368 1.443028
2070 1.0350 -1.235547 1.447739
2080 1.0400 -1.236073 1.461582
2090 1.0450 -1.237094 1.488613
2100 1.0500 -1.238650 1.530186
2110 1.0550 -1.240558 1.581721
2120 1.0600 -1.242879 1.645210
2130 1.0650 -1.245594 1.720468
2140 1.0700 -1.248631 1.805663
2150 1.0750 -1.251854 1.897029
2160 1.0800 -1.255030 1.987653
2170 1.0850 -1.258040 2.073743
2180 1.0900 -1.260804 2.152731
2190 1.0950 -1.263329 2.224543
2200 1.1000 -1.265583 2.288237
2210 1.1050 -1.267683 2.984039
2220 1.1100 -1.269630 3.036509
2230 1.1150 -1.271451 3.084145
2240 1.1200 -1.273140 3.127028
2250 1.1250 -1.274522 3.161145
2260 1.1300 -1.275570 3.186389
2270 1.1350 -1.276526 3.208970
2280 1.1400 -1.277447 3.230287
2290 1.1450 -1.278246 3.248434
2300 1.1500 -1.278972 3.264623
2310 1.1550 -1.279267 3.271122
2320 1.1600 -1.279090 3.267222
2330 1.1650 -1.278514 3.254443
2340 1.1700 -1.277574 3.233193
2350 1.1750 -1.276590 3.210457
2360 1.1800 -1.275467 3.183944
2370 1.1850 -1.274291 3.155515
2380 1.1900 -1.272990 3.123287
2390 1.1950 -1.271553 3.086772
2400 1.2000 -1.270139 3.049982
2410 1.2050 -1.268624 3.622379
2420 1.2100 -1.267067 3.579042
2430 1.2150 -1.265330 3.528873
2440 1.2200 -1.263420 3.471624
2450 1.2250 -1.261316 3.406144
2460 1.2300 -1.258906 3.328196
2470 1.2350 -1.256310 3.240975
2480 1.2400 -1.253614 3.147207
2490 1.2450 -1.250867 3.048647
2500 1.2500 -1.248016 2.943629
2510 1.2550 -1.245173 2.836525
2520 1.2600 -1.242554 2.736157
2530 1.2650 -1.239919 2.633963
2540 1.2700 -1.237159 2.525978
2550 1.2750 -1.234563 2.423893
2560 1.2800 -1.232338 2.336241
2570 1.2850 -1.230296 2.255906
2580 1.2900 -1.228107 2.170082
2590 1.2950 -1.225779 2.079313
2600 1.3000 -1.223527 1.992253
2610 1.3050 -1.221330 2.554839
2620 1.3100 -1.219204 2.472663
2630 1.3150 -1.217437 2.404297
2640 1.3200 -1.216010 2.349118
2650 1.3250 -1.214700 2.298579
2660 1.3300 -1.213454 2.250576
2670 1.3350 -1.212700 2.221583
2680 1.3400 -1.212373 2.209024
2690 1.3450 -1.212405 2.210249
2700 1.3500 -1.212840 2.226952
2710 1.3550 -1.213470 2.251174
2720 1.3600 -1.214169 2.278079
2730 1.3650 -1.215228 2.318925
2740 1.3700 -1.216541 2.369656
2750 1.3750 -1.217845 2.420073
2760 1.3800 -1.219267 2.475073
2770 1.3850 -1.221058 2.544337
2780 1.3900 -1.222906 2.615624
2790 1.3950 -1.224835 2.689779
2800 1.4000 -1.227036 2.773953
2810 1.4050 -1.229181 3.476559
2820 1.4100 -1.231432 3.559279
2830 1.4150 -1.233808 3.644037
2840 1.4200 -1.235942 3.717820
2850 1.4250 -1.237832 3.781205
2860 1.4300 -1.239723 3.842651
2870 1.4350 -1.241367 3.894457
2880 1.4400 -1.242950 3.942797
2890 1.4450 -1.244135 3.977996
2900 1.4500 -1.245006 4.003337
2910 1.4550 -1.245412 4.014991
2920 1.4600 -1.245447 4.015976
2930 1.4650 -1.245132 4.006951
2940 1.4700 -1.244630 3.992476
2950 1.4750 -1.243682 3.964659
2960 1.4800 -1.242337 3.924247
2970 1.4850 -1.240617 3.871013
2980 1.4900 -1.238618 3.807008
2990 1.4950 -1.236522 3.737488
3000 1.5000 -1.234220 3.658475
3010 1.5050 -1.232038 4.174811
3020 1.5100 -1.229971 4.097930
3030 1.5150 -1.227945 4.019811
3040 1.5200 -1.226094 3.946146
3050 1.5250 -1.224736 3.890780
3060 1.5300 -1.223768 3.850665
3070 1.5350 -1.222924 3.815305
3080 1.5400 -1.221990 3.775660
3090 1.5450 -1.221171 3.740572
3100 1.5500 -1.220520 3.712401
3110 1.5550 -1.220413 3.707762
3120 1.5600 -1.220670 3.718929
3130 1.5650 -1.221236 3.743382
3140 1.5700 -1.222142 3.782161
3150 1.5750 -1.223233 3.828310
3160 1.5800 -1.224586 3.884601
3170 1.5850 -1.226148 3.948309
3180 1.5900 -1.228125 4.026836
3190 1.5950 -1.230335 4.111659
3200 1.6000 -1.232870 4.204906
3210 1.6050 -1.235630 4.878072
3220 1.6100 -1.238766 4.977352
3230 1.6150 -1.242166 5.073662
3240 1.6200 -1.245459 5.155475
3250 1.6250 -1.248815 5.227005
3260 1.6300 -1.252158 5.286351
3270 1.6350 -1.255615 5.335266
3280 1.6400 -1.259139 5.372248
3290 1.6450 -1.262651 5.396453
3300 1.6500 -1.265846 5.407823
3310 1.6550 -1.268648 5.409731
3320 1.6600 -1.271187 5.405187
3330 1.6650 -1.273136 5.397800
3340 1.6700 -1.274312 5.391755
3350 1.6750 -1.274818 5.388793
3360 1.6800 -1.274951 5.387979
3370 1.6850 -1.274606 5.390060
3380 1.6900 -1.273886 5.394081
3390 1.6950 -1.272610 5.400122
3400 1.7000 -1.270794 5.406271
3410 1.7050 -1.268375 5.952442
3420 1.7100 -1.265360 5.946742
3430 1.7150 -1.261907 5.927060
3440 1.7200 -1.258085 5.888476
3450 1.7250 -1.253887 5.825410
3460 1.7300 -1.249535 5.737050
3470 1.7350 -1.244865 5.616407
3480 1.7400 -1.240006 5.463249
3490 1.7450 -1.235112 5.281822
3500 1.7500 -1.230210 5.074685
3510 1.7550 -1.225398 4.848990
3520 1.7600 -1.220561 4.602642
3530 1.7650 -1.216012 4.356114
3540 1.7700 -1.211717 4.112775
3550 1.7750 -1.207508 3.866943
3560 1.7800 -1.203542 3.630880
3570 1.7850 -1.200065 3.422200
3580 1.7900 -1.197116 3.245028
3590 1.7950 -1.194666 3.098310
3600 1.8000 -1.192813 2.987981
3610 1.8050 -1.191600 3.531037
3620 1.8100 -1.190993 3.494982
3630 1.8150 -1.190974 3.493839
3640 1.8200 -1.191714 3.537762
3650 1.8250 -1.193328 3.633592
3660 1.8300 -1.195731 3.776002
3670 1.8350 -1.198817 3.957805
3680 1.8400 -1.202608 4.178242
3690 1.8450 -1.207046 4.430222
3700 1.8500 -1.212152 4.708491
3710 1.8550 -1.217941 5.004281
3720 1.8600 -1.224136 5.291922
3730 1.8650 -1.230674 5.557034
3740 1.8700 -1.237701 5.792137
3750 1.8750 -1.245039 5.977814
3760 1.8800 -1.252765 6.104584
3770 1.8850 -1.260549 6.161069
3780 1.8900 -1.268183 6.149855
3790 1.8950 -1.275691 6.079490
3800 1.9000 -1.283040 5.960081
3810 1.9050 -1.290101 6.328104
3820 1.9100 -1.296683 6.141311
3830 1.9150 -1.302898 5.938395
3840 1.9200 -1.308566 5.736774
3850 1.9250 -1.313534 5.551560
3860 1.9300 -1.317685 5.393642
3870 1.9350 -1.321026 5.266080
3880 1.9400 -1.323563 5.169732
3890 1.9450 -1.325478 5.097614
3900 1.9500 -1.326582 5.056373
3910 1.9550 -1.326773 5.049268
3920 1.9600 -1.326184 5.071201
3930 1.9650 -1.324760 5.124586
3940 1.9700 -1.322851 5.196679
3950 1.9750 -1.320464 5.287510
3960 1.9800 -1.317592 5.397201
3970 1.9850 -1.313965 5.535263
3980 1.9900 -1.309628 5.697707
3990 1.9950 -1.305138 5.860279
4000 2.0000 -1.300661 6.013938
4010 2.0050 -1.296121 6.682827
4020 2.0100 -1.291650 6.805157
4030 2.0150 -1.287131 6.908541
4040 2.0200 -1.282991 6.983644
4050 2.0250 -1.279339 7.033302
4060 2.0300 -1.275765 7.066075
4070 2.0350 -1.272792 7.081008
4080 2.0400 -1.270365 7.084703
4090 2.0450 -1.268652 7.082649
4100 2.0500 -1.267330 7.078402
4110 2.0550 -1.266658 7.075353
4120 2.0600 -1.266541 7.074759
4130 2.0650 -1.266713 7.075625
4140 2.0700 -1.267372 7.078574
4150 2.0750 -1.268561 7.082430
4160 2.0800 -1.270367 7.084703
4170 2.0850 -1.272798 7.080992
4180 2.0900 -1.275546 7.067566
4190 2.0950 -1.278782 7.039456
4200 2.1000 -1.282420 6.992464
4210 2.1050 -1.286313 7.424116
4220 2.1100 -1.290615 7.324767
4230 2.1150 -1.295078 7.197988
4240 2.1200 -1.299658 7.045213
4250 2.1250 -1.304454 6.863736
4260 2.1300 -1.309036 6.673280
4270 2.1350 -1.313493 6.475355
4280 2.1400 -1.318078 6.262447
4290 2.1450 -1.322495 6.051983
4300 2.1500 -1.326704 5.849854
4310 2.1550 -1.330761 5.656308
4320 2.1600 -1.334595 5.476904
4330 2.1650 -1.338203 5.313140
4340 2.1700 -1.341751 5.158346
4350 2.1750 -1.344919 5.026506
4360 2.1800 -1.347246 4.933991
4370 2.1850 -1.348780 4.875141
4380 2.1900 -1.349755 4.838702
4390 2.1950 -1.350049 4.827850
4400 2.2000 -1.349606 4.844214
4410 2.2050 -1.348565 5.442292
4420 2.2100 -1.347022 5.501062
4430 2.2150 -1.345078 5.576877
4440 2.2200 -1.342711 5.671557
4450 2.2250 -1.340013 5.782203
4460 2.2300 -1.337172 5.901413
4470 2.2350 -1.334236 6.026817
4480 2.2400 -1.331523 6.144016
4490 2.2450 -1.329185 6.245535
4500 2.2500 -1.327109 6.335711
4510 2.2550 -1.325325 6.413003
4520 2.2600 -1.323776 6.479779
4530 2.2650 -1.322580 6.531065
4540 2.2700 -1.321860 6.561774
4550 2.2750 -1.321529 6.575840
4560 2.2800 -1.321642 6.571073
4570 2.2850 -1.322229 6.546044
4580 2.2900 -1.323259 6.501969
4590 2.2950 -1.324877 6.432340
4600 2.3000 -1.327184 6.332422
4610 2.3050 -1.330106 6.722620
4620 2.3100 -1.333560 6.569721
4630 2.3150 -1.337298 6.403593
4640 2.3200 -1.341563 6.215284
4650 2.3250 -1.346175 6.015800
4660 2.3300 -1.351223 5.805483
4670 2.3350 -1.356499 5.597783
4680 2.3400 -1.361898 5.400770
4690 2.3450 -1.367280 5.221846
4700 2.3500 -1.372661 5.061273
4710 2.3550 -1.377806 4.924652
4720 2.3600 -1.382628 4.810656
4730 2.3650 -1.387241 4.712993
4740 2.3700 -1.391635 4.628742
4750 2.3750 -1.395617 4.558286
4760 2.3800 -1.399114 4.499881
4770 2.3850 -1.402304 4.448496
4780 2.3900 -1.404934 4.406941
4790 2.3950 -1.406879 4.376373
4800 2.4000 -1.408114 4.356951
4810 2.4050 -1.408884 4.918034
4820 2.4100 -1.409078 4.914926
4830 2.4150 -1.408557 4.923224
4840 2.4200 -1.407553 4.939016
4850 2.4250 -1.405996 4.963012
4860 2.4300 -1.404135 4.990988
4870 2.4350 -1.401926 5.023435
4880 2.4400 -1.399353 5.060520
4890 2.4450 -1.396635 5.099380
4900 2.4500 -1.393844 5.139464
4910 2.4550 -1.390780 5.184398
4920 2.4600 -1.387782 5.229985
4930 2.4650 -1.384718 5.278976
4940 2.4700 -1.381935 5.326118
4950 2.4750 -1.379716 5.365828
4960 2.4800 -1.377914 5.399644
4970 2.4850 -1.376522 5.426789
4980 2.4900 -1.375597 5.445342
4990 2.4950 -1.375143 5.454618
5000 2.5000 -1.375063 5.456242
5010 2.5050 -1.375747 5.984069
5020 2.5100 -1.377147 5.955843
5030 2.5150 -1.379087 5.917537
5040 2.5200 -1.381580 5.869568
5050 2.5250 -1.384412 5.816455
5060 2.5300 -1.387353 5.762381
5070 2.5350 -1.390483 5.705482
5080 2.5400 -1.393661 5.647726
5090 2.5450 -1.396882 5.588446
5100 2.5500 -1.400172 5.526400
5110 2.5550 -1.403655 5.458183
5120 2.5600 -1.407414 5.380689
5130 2.5650 -1.411263 5.296089
5140 2.5700 -1.415042 5.206970
5150 2.5750 -1.418778 5.112233
5160 2.5800 -1.422265 5.017322
5170 2.5850 -1.425443 4.925102
5180 2.5900 -1.428359 4.835525
5190 2.5950 -1.431051 4.748580
5200 2.6000 -1.433553 4.664151
5210 2.6050 -1.435744 5.151095
5220 2.6100 -1.437634 5.081432
5230 2.6150 -1.439277 5.018702
5240 2.6200 -1.440697 4.962860
5250 2.6250 -1.441565 4.928034
5260 2.6300 -1.442061 4.907864
5270 2.6350 -1.442156 4.903981
5280 2.6400 -1.441933 4.913102
5290 2.6450 -1.441351 4.936662
5300 2.6500 -1.440488 4.971183
5310 2.6550 -1.439485 5.010614
5320 2.6600 -1.438258 5.057864
5330 2.6650 -1.436807 5.112263
5340 2.6700 -1.435214 5.170151
5350 2.6750 -1.433314 5.236639
5360 2.6800 -1.431325 5.303249
5370 2.6850 -1.429477 5.362351
5380 2.6900 -1.427958 5.408901
5390 2.6950 -1.426701 5.446073
5400 2.7000 -1.425950 5.467698
5410 2.7050 -1.425655 6.017541
5420 2.7100 -1.425717 6.015792
5430 2.7150 -1.426336 5.998122
5440 2.7200 -1.427412 5.966477
5450 2.7250 -1.428974 5.918471
5460 2.7300 -1.430884 5.856482
5470 2.7350 -1.433286 5.773324
5480 2.7400 -1.436091 5.669005
5490 2.7450 -1.439324 5.539328
5500 2.7500 -1.442665 5.395173
5510 2.7550 -1.446284 5.227989
5520 2.7600 -1.450392 5.025552
5530 2.7650 -1.454954 4.786822
5540 2.7700 -1.460007 4.508366
5550 2.7750 -1.465109 4.215953
5560 2.7800 -1.470425 3.903744
5570 2.7850 -1.475855 3.581614
5580 2.7900 -1.481181 3.267151
5590 2.7950 -1.486524 2.957438
5600 2.8000 -1.491729 2.664951
5610 2.8050 -1.496696 3.019266
5620 2.8100 -1.501363 2.771096
5630 2.8150 -1.505555 2.554866
5640 2.8200 -1.509107 2.377444
5650 2.8250 -1.512090 2.232969
5660 2.8300 -1.514183 2.134167
5670 2.8350 -1.515597 2.068733
5680 2.8400 -1.516365 2.033587
5690 2.8450 -1.516430 2.030630
5700 2.8500 -1.515713 2.063387
5710 2.8550 -1.514621 2.113812
5720 2.8600 -1.512941 2.192521
5730 2.8650 -1.510559 2.306566
5740 2.8700 -1.507898 2.437239
5750 2.8750 -1.505019 2.582136
5760 2.8800 -1.501973 2.739209
5770 2.8850 -1.498756 2.908847
5780 2.8900 -1.495458 3.086220
5790 2.8950 -1.492070 3.271445
5800 2.9000 -1.488766 3.454383
5810 2.9050 -1.485614 4.229543
5820 2.9100 -1.482834 4.382309
5830 2.9150 -1.480526 4.507770
5840 2.9200 -1.478676 4.607307
5850 2.9250 -1.477205 4.685689
5860 2.9300 -1.476235 4.736993
5870 2.9350 -1.475884 4.755485
5880 2.9400 -1.476070 4.745672
5890 2.9450 -1.476468 4.724697
5900 2.9500 -1.477330 4.679073
5910 2.9550 -1.478427 4.620668
5920 2.9600 -1.479989 4.536769
5930 2.9650 -1.481926 4.431845
5940 2.9700 -1.484574 4.286869
5950 2.9750 -1.487602 4.119515
5960 2.9800 -1.490776 3.942841
5970 2.9850 -1.493959 3.765057
5980 2.9900 -1.497294 3.578903
5990 2.9950 -1.500772 3.385530
6000 3.0000 -1.504236 3.194583
6010 3.0050 -1.507674 3.614504
6020 3.0100 -1.510691 3.449096
6030 3.0150 -1.513478 3.296880
6040 3.0200 -1.516244 3.146694
6050 3.0250 -1.518641 3.017498
6060 3.0300 -1.520872 2.898361
6070 3.0350 -1.522737 2.799691
6080 3.0400 -1.524178 2.724059
6090 3.0450 -1.525368 2.662079
6100 3.0500 -1.526258 2.616047
6110 3.0550 -1.526792 2.588545
6120 3.0600 -1.527043 2.575609
6130 3.0650 -1.527121 2.571611
6140 3.0700 -1.526807 2.587748
6150 3.0750 -1.526163 2.620934
6160 3.0800 -1.525287 2.666316
6170 3.0850 -1.524336 2.715828
6180 3.0900 -1.523050 2.783177
6190 3.0950 -1.521556 2.862065
6200 3.1000 -1.519841 2.953286
6210 3.1050 -1.518027 3.666193
6220 3.1100 -1.516238 3.761541
6230 3.1150 -1.514701 3.843183
6240 3.1200 -1.513320 3.916381
6250 3.1250 -1.512268 3.971997
6260 3.1300 -1.511503 4.012288
6270 3.1350 -1.511066 4.035297
6280 3.1400 -1.510843 4.047042
6290 3.1450 -1.510737 4.052605
6300 3.1500 -1.510733 4.052821
6310 3.1550 -1.511121 4.032392
6320 3.1600 -1.511825 3.995357
6330 3.1650 -1.512732 3.947502
6340 3.1700 -1.513931 3.884031
6350 3.1750 -1.515377 3.807293
6360 3.1800 -1.517068 3.717358
6370 3.1850 -1.518821 3.623884
6380 3.1900 -1.520814 3.517458
6390 3.1950 -1.523049 3.398084
6400 3.2000 -1.525246 3.280985
6410 3.2050 -1.527484 3.767223
6420 3.2100 -1.529724 3.646846
6430 3.2150 -1.532031 3.522434
6440 3.2200 -1.534316 3.398994
6450 3.2250 -1.536423 3.285095
6460 3.2300 -1.538186 3.189949
6470 3.2350 -1.539882 3.098631
6480 3.2400 -1.541427 3.015742
6490 3.2450 -1.543085 2.927125
6500 3.2500 -1.544628 2.845100
6510 3.2550 -1.546217 2.761109
6520 3.2600 -1.547537 2.691790
6530 3.2650 -1.548868 2.622392
6540 3.2700 -1.550020 2.562707
6550 3.2750 -1.551070 2.508657
6560 3.2800 -1.552085 2.456773
6570 3.2850 -1.553039 2.408283
6580 3.2900 -1.553780 2.370894
6590 3.2950 -1.554002 2.359742
6600 3.3000 -1.553838 2.367959
6610 3.3050 -1.553405 3.024676
6620 3.3100 -1.552732 3.058654
6630 3.3150 -1.551595 3.116061
6640 3.3200 -1.550292 3.182015
6650 3.3250 -1.548815 3.256846
6660 3.3300 -1.547256 3.335993
6670 3.3350 -1.545649 3.417545
6680 3.3400 -1.544058 3.498252
6690 3.3450 -1.542354 3.584548
6700 3.3500 -1.540705 3.667809
6710 3.3550 -1.539235 3.741855
6720 3.3600 -1.537891 3.809279
6730 3.3650 -1.536614 3.873124
6740 3.3700 -1.535308 3.938159
6750 3.3750 -1.534162 3.994907
6760 3.3800 -1.533177 4.043499
6770 3.3850 -1.532233 4.089857
6780 3.3900 -1.531589 4.121387
6790 3.3950 -1.531397 4.130780
6800 3.4000 -1.531518 4.124883
6810 3.4050 -1.531921 4.685275
6820 3.4100 -1.532645 4.649686
6830 3.4150 -1.533625 4.601092
6840 3.4200 -1.534843 4.540090
6850 3.4250 -1.536099 4.476510
6860 3.4300 -1.537521 4.403832
6870 3.4350 -1.539145 4.319831
6880 3.4400 -1.540795 4.233547
6890 3.4450 -1.542520 4.142386
6900 3.4500 -1.544260 4.049582
6910 3.4550 -1.546164 3.947165
6920 3.4600 -1.548063 3.844239
6930 3.4650 -1.549993 3.738993
6940 3.4700 -1.551947 3.631946
6950 3.4750 -1.553937 3.522600
6960 3.4800 -1.556003 3.408862
6970 3.4850 -1.558028 3.297421
6980 3.4900 -1.559854 3.197058
6990 3.4950 -1.561553 3.104002
7000 3.5000 -1.562862 3.032501
7010 3.5050 -1.563996 3.584297
7020 3.5100 -1.565091 3.524508
7030 3.5150 -1.565959 3.477065
7040 3.5200 -1.566381 3.453992
7050 3.5250 -1.566915 3.424764
7060 3.5300 -1.567274 3.405148
7070 3.5350 -1.567200 3.409226
7080 3.5400 -1.566842 3.428759
7090 3.5450 -1.566300 3.458407
7100 3.5500 -1.565152 3.521128
7110 3.5550 -1.563682 3.601413
7120 3.5600 -1.562021 3.691935
7130 3.5650 -1.560384 3.780891
7140 3.5700 -1.558762 3.868608
7150 3.5750 -1.557193 3.953060
7160 3.5800 -1.555574 4.039628
7170 3.5850 -1.554017 4.122289
7180 3.5900 -1.552684 4.192536
7190 3.5950 -1.551710 4.243527
7200 3.6000 -1.551054 4.277686
7210 3.6050 -1.550698 4.871750
7220 3.6100 -1.550789 4.867036
7230 3.6150 -1.551161 4.847754
7240 3.6200 -1.551844 4.812076
7250 3.6250 -1.552672 4.768465
7260 3.6300 -1.553867 4.704940
7270 3.6350 -1.555315 4.626966
7280 3.6400 -1.556738 4.549317
7290 3.6450 -1.558307 4.462713
7300 3.6500 -1.560169 4.358654
7310 3.6550 -1.562213 4.242964
7320 3.6600 -1.564357 4.120157
7330 3.6650 -1.566390 4.002678
7340 3.6700 -1.568090 3.903713
7350 3.6750 -1.569735 3.807522
7360 3.6800 -1.571391 3.710394
7370 3.6850 -1.573034 3.613743
7380 3.6900 -1.574455 3.530167
7390 3.6950 -1.575765 3.453073
7400 3.7000 -1.576928 3.384736
7410 3.7050 -1.577610 3.947220
7420 3.7100 -1.578105 3.918088
7430 3.7150 -1.578261 3.908897
7440 3.7200 -1.578157 3.915035
7450 3.7250 -1.577856 3.932765
7460 3.7300 -1.577186 3.972201
7470 3.7350 -1.576296 4.024441
7480 3.7400 -1.575054 4.097089
7490 3.7450 -1.573496 4.187813
7500 3.7500 -1.571644 4.294747
7510 3.7550 -1.569581 4.412687
7520 3.7600 -1.567220 4.545815
7530 3.7650 -1.564810 4.679241
7540 3.7700 -1.562272 4.816905
7550 3.7750 -1.559619 4.957132
7560 3.7800 -1.557006 5.091267
7570 3.7850 -1.554673 5.207422
7580 3.7900 -1.552524 5.311226
7590 3.7950 -1.550395 5.410906
7600 3.8000 -1.548533 5.495402
7610 3.8050 -1.547071 6.100398
7620 3.8100 -1.545649 6.160904
7630 3.8150 -1.544497 6.208482
7640 3.8200 -1.543635 6.243198
7650 3.8250 -1.543012 6.267810
7660 3.8300 -1.542510 6.287389
7670 3.8350 -1.542311 6.295066
7680 3.8400 -1.542315 6.294920
7690 3.8450 -1.542491 6.288111
7700 3.8500 -1.542747 6.278183
7710 3.8550 -1.543140 6.262775
7720 3.8600 -1.543652 6.242505
7730 3.8650 -1.544240 6.218890
7740 3.8700 -1.544872 6.193123
7750 3.8750 -1.545525 6.166113
7760 3.8800 -1.546217 6.136970
7770 3.8850 -1.546817 6.111344
7780 3.8900 -1.547518 6.080964
7790 3.8950 -1.548266 6.047993
7800 3.9000 -1.549105 6.010404
7810 3.9050 -1.549937 6.498978
7820 3.9100 -1.550687 6.463998
7830 3.9150 -1.551351 6.432498
7840 3.9200 -1.552018 6.400386
7850 3.9250 -1.552605 6.371671
7860 3.9300 -1.553248 6.339751
7870 3.9350 -1.553789 6.312603
7880 3.9400 -1.554264 6.288457
7890 3.9450 -1.554629 6.269730
7900 3.9500 -1.554826 6.259590
7910 3.9550 -1.555011 6.250000
7920 3.9600 -1.555016 6.249740
7930 3.9650 -1.554646 6.268881
7940 3.9700 -1.554288 6.287223
7950 3.9750 -1.553857 6.309166
7960 3.9800 -1.553239 6.340204
7970 3.9850 -1.552717 6.366143
7980 3.9900 -1.552153 6.393777
7990 3.9950 -1.551748 6.413460
8000 4.0000 -1.551514 6.424687
8010 4.0050 -1.551349 6.948152
8020 4.0100 -1.551168 6.956793
8030 4.0150 -1.551054 6.962166
8040 4.0200 -1.551094 6.960270
8050 4.0250 -1.551078 6.961060
8060 4.0300 -1.551074 6.961242
8070 4.0350 -1.551157 6.957291
8080 4.0400 -1.551067 6.961558
8090 4.0450 -1.550807 6.973822
8100 4.0500 -1.550824 6.973058
8110 4.0550 -1.550894 6.969742
8120 4.0600 -1.550907 6.969124
8130 4.0650 -1.550818 6.973344
8140 4.0700 -1.550797 6.974322
8150 4.0750 -1.550942 6.967461
8160 4.0800 -1.551353 6.947975
8170 4.0850 -1.551804 6.926283
8180 4.0900 -1.552422 6.896087
8190 4.0950 -1.553124 6.861206
8200 4.1000 -1.554079 6.812738
8210 4.1050 -1.555181 7.260539
8220 4.1100 -1.556087 7.211897
8230 4.1150 -1.556943 7.164821
8240 4.1200 -1.557809 7.116077
8250 4.1250 -1.558685 7.065776
8260 4.1300 -1.559519 7.016842
8270 4.1350 -1.560325 6.968597
8280 4.1400 -1.561035 6.925435
8290 4.1450 -1.561608 6.890087
8300 4.1500 -1.562232 6.851126
8310 4.1550 -1.562848 6.812170
8320 4.1600 -1.563402 6.776691
8330 4.1650 -1.563747 6.754385
8340 4.1700 -1.564223 6.723430
8350 4.1750 -1.564689 6.692824
8360 4.1800 -1.565016 6.671193
8370 4.1850 -1.565283 6.653460
8380 4.1900 -1.565186 6.659874
8390 4.1950 -1.564778 6.686946
8400 4.2000 -1.564248 6.721757
8410 4.2050 -1.563538 7.275591
8420 4.2100 -1.562644 7.332553
8430 4.2150 -1.561662 7.393794
8440 4.2200 -1.560475 7.465853
8450 4.2250 -1.559131 7.544795
8460 4.2300 -1.557821 7.618960
8470 4.2350 -1.556530 7.689367
8480 4.2400 -1.555280 7.754912
8490 4.2450 -1.554117 7.813561
8500 4.2500 -1.553125 7.861757
8510 4.2550 -1.552320 7.899659
8520 4.2600 -1.551850 7.921259
8530 4.2650 -1.551531 7.935698
8540 4.2700 -1.551558 7.934490
8550 4.2750 -1.551859 7.920820
8560 4.2800 -1.552339 7.898766
8570 4.2850 -1.553246 7.855956
8580 4.2900 -1.554384 7.800301
8590 4.2950 -1.555593 7.738765
8600 4.3000 -1.556910 7.668950
8610 4.3050 -1.558450 8.067067
8620 4.3100 -1.559944 7.980088
8630 4.3150 -1.561256 7.900454
8640 4.3200 -1.562720 7.808116
8650 4.3250 -1.564294 7.704905
8660 4.3300 -1.565975 7.590169
8670 4.3350 -1.567674 7.469792
8680 4.3400 -1.569157 7.361267
8690 4.3450 -1.570658 7.248166
8700 4.3500 -1.571993 7.145049
8710 4.3550 -1.573242 7.046536
8720 4.3600 -1.574176 6.971611
8730 4.3650 -1.575053 6.900268
8740 4.3700 -1.575993 6.822943
8750 4.3750 -1.576943 6.743725
8760 4.3800 -1.577707 6.679395
8770 4.3850 -1.578176 6.639545
8780 4.3900 -1.578357 6.624138
8790 4.3950 -1.578328 6.626608
8800 4.4000 -1.578054 6.649947
8810 4.4050 -1.577535 7.203498
8820 4.4100 -1.576920 7.255113
8830 4.4150 -1.575997 7.331723
8840 4.4200 -1.575038 7.410191
8850 4.4250 -1.574122 7.484022
8860 4.4300 -1.573205 7.556658
8870 4.4350 -1.572321 7.625660
8880 4.4400 -1.571270 7.706176
8890 4.4450 -1.570113 7.792796
8900 4.4500 -1.568955 7.877456
8910 4.4550 -1.567764 7.962250
8920 4.4600 -1.566406 8.056042
8930 4.4650 -1.565048 8.146613
8940 4.4700 -1.563712 8.232610
8950 4.4750 -1.562233 8.323959
8960 4.4800 -1.560825 8.407172
8970 4.4850 -1.559238 8.496447
8980 4.4900 -1.557687 8.579022
8990 4.4950 -1.556287 8.649430
9000 4.5000 -1.555094 8.706381
9010 4.5050 -1.554270 9.202503
9020 4.5100 -1.553629 9.230706
9030 4.5150 -1.552999 9.257536
9040 4.5200 -1.552551 9.276047
9050 4.5250 -1.552089 9.294731
9060 4.5300 -1.551697 9.310184
9070 4.5350 -1.551682 9.310759
9080 4.5400 -1.551935 9.300832
9090 4.5450 -1.552516 9.277475
9100 4.5500 -1.553137 9.251712
9110 4.5550 -1.553788 9.223784
9120 4.5600 -1.554624 9.186519
9130 4.5650 -1.555775 9.132725
9140 4.5700 -1.557107 9.066804
9150 4.5750 -1.558524 8.992488
9160 4.5800 -1.560109 8.904292
9170 4.5850 -1.561930 8.796471
9180 4.5900 -1.563611 8.690913
9190 4.5950 -1.565286 8.580123
9200 4.6000 -1.567038 8.458391
9210 4.6050 -1.568901 8.786787
9220 4.6100 -1.570885 8.634458
9230 4.6150 -1.572897 8.472416
9240 4.6200 -1.574917 8.302571
9250 4.6250 -1.576859 8.132874
9260 4.6300 -1.578677 7.968665
9270 4.6350 -1.580160 7.831184
9280 4.6400 -1.581635 7.691611
9290 4.6450 -1.582990 7.560905
9300 4.6500 -1.584278 7.434664
9310 4.6550 -1.585494 7.313942
9320 4.6600 -1.586281 7.234991
9330 4.6650 -1.586893 7.173243
9340 4.6700 -1.587342 7.127715
9350 4.6750 -1.587597 7.101702
9360 4.6800 -1.587503 7.111348
9370 4.6850 -1.587362 7.125635
9380 4.6900 -1.587133 7.148887
9390 4.6950 -1.586893 7.173246
9400 4.7000 -1.586631 7.199677
9410 4.7050 -1.586246 7.733967
9420 4.7100 -1.585755 7.783157
9430 4.7150 -1.585284 7.830135
9440 4.7200 -1.584976 7.860759
9450 4.7250 -1.584671 7.890914
9460 4.7300 -1.584492 7.908568
9470 4.7350 -1.584181 7.939118
9480 4.7400 -1.583891 7.967540
9490 4.7450 -1.583632 7.992713
9500 4.7500 -1.583536 8.002054
9510 4.7550 -1.583651 7.990891
9520 4.7600 -1.584124 7.944679
9530 4.7650 -1.584980 7.860350
9540 4.7700 -1.585986 7.760092
9550 4.7750 -1.587105 7.647161
9560 4.7800 -1.588372 7.517692
9570 4.7850 -1.589791 7.370858
9580 4.7900 -1.591323 7.210305
9590 4.7950 -1.592924 7.040596
9600 4.8000 -1.594900 6.828782
9610 4.8050 -1.597273 7.076315
9620 4.8100 -1.599583 6.822665
9630 4.8150 -1.601721 6.586005
9640 4.8200 -1.603809 6.353929
9650 4.8250 -1.605794 6.132898
9660 4.8300 -1.607664 5.924827
9670 4.8350 -1.609395 5.732701
9680 4.8400 -1.610938 5.562130
9690 4.8450 -1.612260 5.416749
9700 4.8500 -1.613432 5.288479
9710 4.8550 -1.614463 5.176172
9720 4.8600 -1.615150 5.101776
9730 4.8650 -1.615479 5.066164
9740 4.8700 -1.615386 5.076267
9750 4.8750 -1.615064 5.111084
9760 4.8800 -1.614292 5.194755
9770 4.8850 -1.613245 5.308857
9780 4.8900 -1.611851 5.461664
9790 4.8950 -1.609796 5.688267
9800 4.9000 -1.607442 5.949487
9810 4.9050 -1.604881 6.762095
9820 4.9100 -1.602143 7.064511
9830 4.9150 -1.599371 7.367403
9840 4.9200 -1.596722 7.652632
9850 4.9250 -1.594335 7.904893
9860 4.9300 -1.592301 8.115678
9870 4.9350 -1.590590 8.289551
9880 4.9400 -1.589331 8.415205
9890 4.9450 -1.588229 8.523552
9900 4.9500 -1.587332 8.610510
9910 4.9550 -1.586617 8.679020
9920 4.9600 -1.586401 8.699578
9930 4.9650 -1.586568 8.683687
9940 4.9700 -1.587126 8.630315
9950 4.9750 -1.588193 8.527013
9960 4.9800 -1.589717 8.376853
9970 4.9850 -1.591840 8.162864
9980 4.9900 -1.594471 7.890652
9990 4.9950 -1.597482 7.571364
10000 5.0000 -1.600794 7.212376
10010 5.0050 -1.604147 7.337410
10020 5.0100 -1.607735 6.935464
10030 5.0150 -1.611346 6.527994
10040 5.0200 -1.615032 6.112134
10050 5.0250 -1.618782 5.692295
10060 5.0300 -1.622576 5.274048
10070 5.0350 -1.626267 4.875975
10080 5.0400 -1.629980 4.487069
10090 5.0450 -1.633353 4.145385
10100 5.0500 -1.636218 3.865000
10110 5.0550 -1.638426 3.655544
10120 5.0600 -1.639972 3.512506
10130 5.0650 -1.640612 3.454164
10140 5.0700 -1.640514 3.463077
10150 5.0750 -1.639750 3.532880
10160 5.0800 -1.638155 3.680928
10170 5.0850 -1.636015 3.884487
10180 5.0900 -1.633124 4.168201
10190 5.0950 -1.629783 4.507330
10200 5.1000 -1.625972 4.907412
10210 5.1050 -1.621704 5.924664
10220 5.1100 -1.617513 6.383255
10230 5.1150 -1.613318 6.845078
10240 5.1200 -1.609111 7.306950
10250 5.1250 -1.605245 7.726381
10260 5.1300 -1.601758 8.097452
10270 5.1350 -1.598993 8.385037
10280 5.1400 -1.596743 8.613651
10290 5.1450 -1.594912 8.795602
10300 5.1500 -1.593597 8.923788
10310 5.1550 -1.592755 9.004725
10320 5.1600 -1.592302 9.047799
10330 5.1650 -1.592289 9.049075
10340 5.1700 -1.592926 8.988335
10350 5.1750 -1.594172 8.867972
10360 5.1800 -1.596027 8.685253
10370 5.1850 -1.598271 8.458876
10380 5.1900 -1.601117 8.164647
10390 5.1950 -1.604583 7.797417
10400 5.2000 -1.608653 7.356980
10410 5.2050 -1.613181 7.349545
10420 5.2100 -1.617969 6.816060
10430 5.2150 -1.622830 6.274534
10440 5.2200 -1.627949 5.711305
10450 5.2250 -1.633284 5.138858
10460 5.2300 -1.638717 4.578076
10470 5.2350 -1.644004 4.059148
10480 5.2400 -1.649098 3.588362
10490 5.2450 -1.653782 3.183201
10500 5.2500 -1.657658 2.869228
10510 5.2550 -1.660672 2.638826
10520 5.2600 -1.662601 2.497710
10530 5.2650 -1.663587 2.427535
10540 5.2700 -1.663621 2.425115
10550 5.2750 -1.662667 2.492984
10560 5.2800 -1.660875 2.623736
10570 5.2850 -1.658053 2.838362
10580 5.2900 -1.654142 3.153232
10590 5.2950 -1.649478 3.554465
10600 5.3000 -1.644450 4.016716
10610 5.3050 -1.639163 5.113285
10620 5.3100 -1.633872 5.647426
10630 5.3150 -1.628390 6.217374
10640 5.3200 -1.623064 6.781007
10650 5.3250 -1.617963 7.323831
10660 5.3300 -1.613403 7.805990
10670 5.3350 -1.609584 8.204027
10680 5.3400 -1.606293 8.540174
10690 5.3450 -1.603547 8.814401
10700 5.3500 -1.601529 9.011593
10710 5.3550 -1.600339 9.125813
10720 5.3600 -1.600071 9.151363
10730 5.3650 -1.600711 9.090242
10740 5.3700 -1.602406 8.926387
10750 5.3750 -1.604834 8.686742
10760 5.3800 -1.608054 8.361241
10770 5.3850 -1.612079 7.944788
10780 5.3900 -1.616643 7.463927
10790 5.3950 -1.621556 6.941421
10800 5.4000 -1.626833 6.381456
10810 5.4050 -1.632343 6.318535
10820 5.4100 -1.638049 5.728042
10830 5.4150 -1.643753 5.154389
10840 5.4200 -1.649293 4.618644
10850 5.4250 -1.654467 4.141575
10860 5.4300 -1.659218 3.725847
10870 5.4350 -1.663345 3.383538
10880 5.4400 -1.666660 3.121943
10890 5.4450 -1.669241 2.926782
10900 5.4500 -1.670914 2.804273
10910 5.4550 -1.671632 2.752670
10920 5.4600 -1.671259 2.779423
10930 5.4650 -1.670158 2.859219
10940 5.4700 -1.668212 3.003662
10950 5.4750 -1.665485 3.213306
10960 5.4800 -1.662270 3.470997
10970 5.4850 -1.658608 3.777944
10980 5.4900 -1.654347 4.152413
10990 5.4950 -1.649723 4.578138
11000 5.5000 -1.644953 5.036378
11010 5.5050 -1.640049 6.075638
11020 5.5100 -1.635130 6.571483
11030 5.5150 -1.630357 7.057241
11040 5.5200 -1.625994 7.501926
11050 5.5250 -1.622268 7.879698
11060 5.5300 -1.619179 8.189912
11070 5.5350 -1.616620 8.443917
11080 5.5400 -1.614641 8.637909
11090 5.5450 -1.613317 8.766391
11100 5.5500 -1.612768 8.819335
11110 5.5550 -1.612918 8.804935
11120 5.5600 -1.613788 8.720874
11130 5.5650 -1.615346 8.569097
11140 5.5700 -1.617885 8.318699
11150 5.5750 -1.621086 7.998771
11160 5.5800 -1.624812 7.622065
11170 5.5850 -1.629270 7.168171
11180 5.5900 -1.634135 6.672496
11190 5.5950 -1.639291 6.151609
11200 5.6000 -1.644560 5.628467
11210 5.6050 -1.649925 5.643982
11220 5.6100 -1.655393 5.125117
11230 5.6150 -1.660616 4.645065
11240 5.6200 -1.665409 4.220766
11250 5.6250 -1.669642 3.860743
11260 5.6300 -1.673082 3.579245
11270 5.6350 -1.675922 3.354952
11280 5.6400 -1.678064 3.190703
11290 5.6450 -1.679357 3.093657
11300 5.6500 -1.679865 3.055974
11310 5.6550 -1.679525 3.081212
11320 5.6600 -1.678234 3.177843
11330 5.6650 -1.675995 3.349222
11340 5.6700 -1.672851 3.597892
11350 5.6750 -1.669037 3.911322
11360 5.6800 -1.664756 4.277526
11370 5.6850 -1.660084 4.693186
11380 5.6900 -1.655223 5.141000
11390 5.6950 -1.650237 5.614035
11400 5.7000 -1.645106 6.112058
11410 5.7050 -1.640132 7.123556
11420 5.7100 -1.635469 7.579609
11430 5.7150 -1.631465 7.967937
11440 5.7200 -1.627980 8.301975
11450 5.7250 -1.625118 8.572585
11460 5.7300 -1.623105 8.760429
11470 5.7350 -1.621773 8.883512
11480 5.7400 -1.621209 8.935310
11490 5.7450 -1.621422 8.915756
11500 5.7500 -1.622325 8.832698
11510 5.7550 -1.623724 8.702915
11520 5.7600 -1.625955 8.493814
11530 5.7650 -1.629206 8.185001
11540 5.7700 -1.633097 7.810200
11550 5.7750 -1.637796 7.352411
11560 5.7800 -1.643113 6.831224
11570 5.7850 -1.648760 6.278807
11580 5.7900 -1.654576 5.716196
11590 5.7950 -1.660264 5.177248
11600 5.8000 -1.665890 4.659681
11610 5.8050 -1.671464 4.727257
11620 5.8100 -1.676745 4.271384
11630 5.8150 -1.681568 3.870516
11640 5.8200 -1.685814 3.531502
11650 5.8250 -1.689338 3.261142
11660 5.8300 -1.692165 3.051930
11670 5.8350 -1.694145 2.909621
11680 5.8400 -1.695309 2.827698
11690 5.8450 -1.695365 2.823720
11700 5.8500 -1.694712 2.869545
11710 5.8550 -1.693151 2.980617
11720 5.8600 -1.690882 3.146010
11730 5.8650 -1.687996 3.362868
11740 5.8700 -1.684590 3.627784
11750 5.8750 -1.680838 3.930180
11760 5.8800 -1.676663 4.278344
11770 5.8850 -1.672400 4.645312
11780 5.8900 -1.667887 5.044479
11790 5.8950 -1.663686 5.424199
11800 5.9000 -1.659865 5.774953
11810 5.9050 -1.656407 6.627386
11820 5.9100 -1.653343 6.910182
11830 5.9150 -1.650791 7.144945
11840 5.9200 -1.648946 7.314126
11850 5.9250 -1.647768 7.421799
11860 5.9300 -1.647258 7.468300
11870 5.9350 -1.647257 7.468360
11880 5.9400 -1.647885 7.411079
11890 5.9450 -1.649101 7.299965
11900 5.9500 -1.651104 7.116167
11910 5.9550 -1.653806 6.867488
11920 5.9600 -1.657352 6.540100
11930 5.9650 -1.661723 6.136489
11940 5.9700 -1.666492 5.698122
11950 5.9750 -1.671545 5.238788
11960 5.9800 -1.676612 4.786609
11970 5.9850 -1.681855 4.331060
11980 5.9900 -1.686945 3.903967
11990 5.9950 -1.691624 3.527019
12000 6.0000 -1.696127 3.180592
12010 6.0050 -1.700233 3.486874
12020 6.0100 -1.703754 3.236575
12030 6.0150 -1.706597 3.041102
12040 6.0200 -1.708940 2.884649
12050 6.0250 -1.710747 2.767011
12060 6.0300 -1.711666 2.708223
12070 6.0350 -1.711683 2.707140
12080 6.0400 -1.711039 2.748292
12090 6.0450 -1.709643 2.838608
12100 6.0500 -1.707616 2.972532
12110 6.0550 -1.705218 3.135123
12120 6.0600 -1.702491 3.325300
12130 6.0650 -1.699161 3.564835
12140 6.0700 -1.695536 3.834003
12150 6.0750 -1.691919 4.110655
12160 6.0800 -1.688257 4.398068
12170 6.0850 -1.684502 4.699602
12180 6.0900 -1.680540 5.024007
12190 6.0950 -1.676693 5.344134
12200 6.1000 -1.673213 5.637090
12210 6.1050 -1.670181 6.430139
12220 6.1100 -1.667593 6.648386
12230 6.1150 -1.665579 6.817651
12240 6.1200 -1.664100 6.941554
12250 6.1250 -1.663173 7.019017
12260 6.1300 -1.662853 7.045729
12270 6.1350 -1.663471 6.994109
12280 6.1400 -1.664732 6.888667
12290 6.1450 -1.666435 6.745729
12300 6.1500 -1.668554 6.567450
12310 6.1550 -1.671178 6.345950
12320 6.1600 -1.674207 6.089834
12330 6.1650 -1.677437 5.816842
12340 6.1700 -1.680757 5.536833
12350 6.1750 -1.684043 5.261270
12360 6.1800 -1.687522 4.971915
12370 6.1850 -1.690787 4.703445
12380 6.1900 -1.693796 4.459309
12390 6.1950 -1.696388 4.252167
12400 6.2000 -1.698385 4.094639
12410 6.2050 -1.699966 4.552245
12420 6.2100 -1.701116 4.462879
12430 6.2150 -1.701755 4.413414
12440 6.2200 -1.701879 4.403843
12450 6.2250 -1.701196 4.456707
12460 6.2300 -1.699784 4.566367
12470 6.2350 -1.697820 4.720024
12480 6.2400 -1.695494 4.903384
12490 6.2450 -1.692636 5.130216
12500 6.2500 -1.689480 5.382385
12510 6.2550 -1.686010 5.660801
12520 6.2600 -1.682288 5.959912
12530 6.2650 -1.678307 6.279403
12540 6.2700 -1.674016 6.622045
12550 6.2750 -1.669996 6.940331
12560 6.2800 -1.666369 7.224671
12570 6.2850 -1.662790 7.501957
12580 6.2900 -1.659461 7.756691
12590 6.2950 -1.656653 7.968871
12600 6.3000 -1.654402 8.137124
12610 6.3050 -1.652439 8.754276
12620 6.3100 -1.650874 8.868417
12630 6.3150 -1.649698 8.953272
12640 6.3200 -1.648906 9.010017
12650 6.3250 -1.648610 9.031142
12660 6.3300 -1.648969 9.005502
12670 6.3350 -1.649929 8.936681
12680 6.3400 -1.651408 8.829634
12690 6.3450 -1.653467 8.678579
12700 6.3500 -1.655962 8.492651
12710 6.3550 -1.658732 8.282349
12720 6.3600 -1.661839 8.041988
12730 6.3650 -1.665128 7.782610
12740 6.3700 -1.668554 7.507367
12750 6.3750 -1.672270 7.203532
12760 6.3800 -1.676346 6.865075
12770 6.3850 -1.680520 6.513844
12780 6.3900 -1.684655 6.162887
12790 6.3950 -1.688470 5.837627
12800 6.4000 -1.692002 5.536634
12810 6.4050 -1.695412 5.785435
12820 6.4100 -1.698657 5.508386
12830 6.4150 -1.701368 5.277310
12840 6.4200 -1.703438 5.101493
12850 6.4250 -1.704736 4.991631
12860 6.4300 -1.705245 4.948654
12870 6.4350 -1.705202 4.952257
12880 6.4400 -1.704455 5.015405
12890 6.4450 -1.703005 5.138198
12900 6.4500 -1.701098 5.300292
12910 6.4550 -1.698729 5.502260
12920 6.4600 -1.695853 5.747780
12930 6.4650 -1.692597 6.025532
12940 6.4700 -1.688953 6.335016
12950 6.4750 -1.685358 6.637840
12960 6.4800 -1.681709 6.941459
12970 6.4850 -1.678071 7.239433
12980 6.4900 -1.675011 7.485813
12990 6.4950 -1.672437 7.689609
13000 6.5000 -1.670330 7.854027
13010 6.5050 -1.668424 8.479380
13020 6.5100 -1.666861 8.597376
13030 6.5150 -1.665588 8.692123
13040 6.5200 -1.664729 8.755402
13050 6.5250 -1.664317 8.785519
13060 6.5300 -1.664578 8.766442
13070 6.5350 -1.665552 8.694813
13080 6.5400 -1.667136 8.576752
13090 6.5450 -1.669125 8.425898
13100 6.5500 -1.671599 8.234194
13110 6.5550 -1.674451 8.007810
13120 6.5600 -1.677514 7.758720
13130 6.5650 -1.680675 7.495581
13140 6.5700 -1.683762 7.233195
13150 6.5750 -1.686694 6.979749
13160 6.5800 -1.689597 6.725299
13170 6.5850 -1.692384 6.478317
13180 6.5900 -1.695197 6.227163
13190 6.5950 -1.697751 5.997836
13200 6.6000 -1.700062 5.789973
13210 6.6050 -1.702154 6.133798
13220 6.6100 -1.703975 5.968961
13230 6.6150 -1.705282 5.850428
13240 6.6200 -1.706160 5.770742
13250 6.6250 -1.706854 5.707747
13260 6.6300 -1.707189 5.677389
13270 6.6350 -1.707196 5.676756
13280 6.6400 -1.706889 5.704600
13290 6.6450 -1.706103 5.775929
13300 6.6500 -1.704874 5.887421
13310 6.6550 -1.703164 6.042448
13320 6.6600 -1.700990 6.238947
13330 6.6650 -1.698379 6.473709
13340 6.6700 -1.695524 6.728213
13350 6.6750 -1.692550 6.990191
13360 6.6800 -1.689371 7.265774
13370 6.6850 -1.686141 7.540207
13380 6.6900 -1.683088 7.793729
13390 6.6950 -1.680071 8.037991
13400 6.7000 -1.677255 8.259967
13410 6.7050 -1.674574 8.934137
13420 6.7100 -1.672126 9.115131
13430 6.7150 -1.669996 9.267654
13440 6.7200 -1.668085 9.400575
13450 6.7250 -1.666558 9.504106
13460 6.7300 -1.665432 9.578958
13470 6.7350 -1.664549 9.636696
13480 6.7400 -1.663791 9.685674
13490 6.7450 -1.663489 9.705018
13500 6.7500 -1.663684 9.692541
13510 6.7550 -1.664246 9.656337
13520 6.7600 -1.665438 9.578522
13530 6.7650 -1.667258 9.456937
13540 6.7700 -1.669357 9.312488
13550 6.7750 -1.671666 9.148471
13560 6.7800 -1.674319 8.953319
13570 6.7850 -1.677376 8.719729
13580 6.7900 -1.680695 8.456032
13590 6.7950 -1.684379 8.151692
13600 6.8000 -1.688414 7.805353
13610 6.8050 -1.692537 7.917696
13620 6.8100 -1.696561 7.545460
13630 6.8150 -1.700482 7.172382
13640 6.8200 -1.704217 6.809600
13650 6.8250 -1.707628 6.473706
13660 6.8300 -1.710905 6.148775
13670 6.8350 -1.714016 5.839456
13680 6.8400 -1.716874 5.555911
13690 6.8450 -1.719461 5.300535
13700 6.8500 -1.721792 5.072088
13710 6.8550 -1.723657 4.890890
13720 6.8600 -1.725331 4.729702
13730 6.8650 -1.726364 4.630903
13740 6.8700 -1.727047 4.566009
13750 6.8750 -1.726787 4.590684
13760 6.8800 -1.725823 4.682626
13770 6.8850 -1.724282 4.830568
13780 6.8900 -1.722206 5.031715
13790 6.8950 -1.719747 5.272330
13800 6.9000 -1.717028 5.540669
13810 6.9050 -1.713979 6.381572
13820 6.9100 -1.710876 6.686988
13830 6.9150 -1.707761 6.990879
13840 6.9200 -1.704744 7.281332
13850 6.9250 -1.701707 7.568781
13860 6.9300 -1.698980 7.821771
13870 6.9350 -1.696601 8.038046
13880 6.9400 -1.694586 8.217431
13890 6.9450 -1.692789 8.374404
13900 6.9500 -1.691307 8.501622
13910 6.9550 -1.690020 8.610348
13920 6.9600 -1.689031 8.692682
13930 6.9650 -1.688501 8.736448
13940 6.9700 -1.688277 8.754860
13950 6.9750 -1.688332 8.750312
13960 6.9800 -1.688481 8.738070
13970 6.9850 -1.688705 8.719606
13980 6.9900 -1.689081 8.688547
13990 6.9950 -1.689437 8.658961
14000 7.0000 -1.689949 8.616275
14010 7.0050 -1.690566 9.024994
14020 7.0100 -1.691480 8.947362
14030 7.0150 -1.692552 8.854962
14040 7.0200 -1.693899 8.737078
14050 7.0250 -1.695574 8.587679
14060 7.0300 -1.697727 8.391376
14070 7.0350 -1.700043 8.175168
14080 7.0400 -1.702484 7.942150
14090 7.0450 -1.705102 7.687095
14100 7.0500 -1.707815 7.417822
14110 7.0550 -1.710485 7.148717
14120 7.0600 -1.713135 6.878603
14130 7.0650 -1.715956 6.588559
14140 7.0700 -1.718689 6.306236
14150 7.0750 -1.721484 6.017030
14160 7.0800 -1.724211 5.735608
14170 7.0850 -1.726598 5.490464
14180 7.0900 -1.728557 5.290712
14190 7.0950 -1.730089 5.135521
14200 7.1000 -1.731078 5.035877
14210 7.1050 -1.731437 5.553497
14220 7.1100 -1.731312 5.566063
14230 7.1150 -1.730758 5.621731
14240 7.1200 -1.729790 5.719119
14250 7.1250 -1.728463 5.853101
14260 7.1300 -1.726682 6.033345
14270 7.1350 -1.724599 6.244626
14280 7.1400 -1.722293 6.478593
14290 7.1450 -1.719604 6.750783
14300 7.1500 -1.716798 7.033194
14310 7.1550 -1.713951 7.317013
14320 7.1600 -1.711171 7.590495
14330 7.1650 -1.708686 7.831220
14340 7.1700 -1.706562 8.033666
14350 7.1750 -1.704674 8.210741
14360 7.1800 -1.702823 8.381351
14370 7.1850 -1.701060 8.541076
14380 7.1900 -1.699567 8.673935
14390 7.1950 -1.698397 8.776473
14400 7.2000 -1.697549 8.849887
14410 7.2050 -1.697302 9.326345
14420 7.2100 -1.697317 9.325046
14430 7.2150 -1.697339 9.323187
14440 7.2200 -1.697672 9.294479
14450 7.2250 -1.698374 9.233568
14460 7.2300 -1.699344 9.148503
14470 7.2350 -1.700407 9.053835
14480 7.2400 -1.701907 8.918131
14490 7.2450 -1.703785 8.744701
14500 7.2500 -1.705855 8.549212
14510 7.2550 -1.708140 8.328695
14520 7.2600 -1.710648 8.081308
14530 7.2650 -1.713679 7.776066
14540 7.2700 -1.716830 7.452516
14550 7.2750 -1.719939 7.128733
14560 7.2800 -1.723111 6.795057
14570 7.2850 -1.726211 6.467337
14580 7.2900 -1.729283 6.142450
14590 7.2950 -1.732123 5.843150
14600 7.3000 -1.734540 5.590069
14610 7.3050 -1.736787 5.894394
14620 7.3100 -1.738719 5.694423
14630 7.3150 -1.740285 5.533196
14640 7.3200 -1.741058 5.454025
14650 7.3250 -1.741200 5.439556
14660 7.3300 -1.740719 5.488793
14670 7.3350 -1.739682 5.595219
14680 7.3400 -1.738220 5.745974
14690 7.3450 -1.736385 5.936171
14700 7.3500 -1.734409 6.141892
14710 7.3550 -1.732150 6.377745
14720 7.3600 -1.729657 6.638511
14730 7.3650 -1.727150 6.900256
14740 7.3700 -1.724542 7.171368
14750 7.3750 -1.722136 7.419700
14760 7.3800 -1.719983 7.639906
14770 7.3850 -1.717916 7.849066
14780 7.3900 -1.715990 8.041574
14790 7.3950 -1.714335 8.205031
14800 7.4000 -1.713040 8.331503
14810 7.4050 -1.711936 8.905535
14820 7.4100 -1.710995 8.995381
14830 7.4150 -1.710225 9.068183
14840 7.4200 -1.709815 9.106719
14850 7.4250 -1.709599 9.126905
14860 7.4300 -1.709925 9.096383
14870 7.4350 -1.710695 9.023853
14880 7.4400 -1.711957 8.903542
14890 7.4450 -1.713467 8.757397
14900 7.4500 -1.715207 8.586201
14910 7.4550 -1.717168 8.389951
14920 7.4600 -1.719498 8.152675
14930 7.4650 -1.721984 7.895292
14940 7.4700 -1.724545 7.626292
14950 7.4750 -1.727185 7.345654
14960 7.4800 -1.729748 7.071006
14970 7.4850 -1.732382 6.787300
14980 7.4900 -1.734891 6.516513
14990 7.4950 -1.737172 6.270487
15000 7.5000 -1.739195 6.052990
15010 7.5050 -1.741064 6.378056
15020 7.5100 -1.742673 6.205816
15030 7.5150 -1.743917 6.073120
15040 7.5200 -1.744782 5.980953
15050 7.5250 -1.745322 5.923641
15060 7.5300 -1.745558 5.898621
15070 7.5350 -1.745391 5.916283
15080 7.5400 -1.744696 5.990132
15090 7.5450 -1.743749 6.090958
15100 7.5500 -1.742430 6.231840
15110 7.5550 -1.740936 6.391751
15120 7.5600 -1.739390 6.557554
15130 7.5650 -1.737727 6.736035
15140 7.5700 -1.735829 6.939499
15150 7.5750 -1.733809 7.155659
15160 7.5800 -1.731653 7.385489
15170 7.5850 -1.729629 7.599744
15180 7.5900 -1.727900 7.781498
15190 7.5950 -1.726344 7.943824
15200 7.6000 -1.724720 8.111670
15210 7.6050 -1.723253 8.734396
15220 7.6100 -1.722196 8.841279
15230 7.6150 -1.721575 8.903563
15240 7.6200 -1.721364 8.924677
15250 7.6250 -1.721636 8.897442
15260 7.6300 -1.722330 8.827826
15270 7.6350 -1.723165 8.743315
15280 7.6400 -1.724286 8.629005
15290 7.6450 -1.725731 8.479978
15300 7.6500 -1.727290 8.317407
15310 7.6550 -1.729200 8.115785
15320 7.6600 -1.731423 7.878354
15330 7.6650 -1.734101 7.589004
15340 7.6700 -1.737100 7.261708
15350 7.6750 -1.740320 6.908049
15360 7.6800 -1.743677 6.538655
15370 7.6850 -1.747340 6.136848
15380 7.6900 -1.750899 5.750024
15390 7.6950 -1.754292 5.386301
15400 7.7000 -1.757576 5.040752
15410 7.7050 -1.760583 5.283536
15420 7.7100 -1.763371 5.000397
15430 7.7150 -1.765776 4.760610
15440 7.7200 -1.767648 4.576989
15450 7.7250 -1.768959 4.450271
15460 7.7300 -1.769829 4.366911
15470 7.7350 -1.770080 4.343054
15480 7.7400 -1.769670 4.382113
15490 7.7450 -1.768666 4.478411
15500 7.7500 -1.767034 4.636875
15510 7.7550 -1.764840 4.853424
15520 7.7600 -1.762060 5.132871
15530 7.7650 -1.758707 5.476813
15540 7.7700 -1.755110 5.852451
15550 7.7750 -1.751452 6.239745
15560 7.7800 -1.747591 6.651976
15570 7.7850 -1.743579 7.081612
15580 7.7900 -1.739515 7.515218
15590 7.7950 -1.735419 7.947289
15600 7.8000 -1.731652 8.337622
15610 7.8050 -1.728272 9.146440
15620 7.8100 -1.725264 9.441048
15630 7.8150 -1.722766 9.678174
15640 7.8200 -1.720919 9.848673
15650 7.8250 -1.719577 9.969932
15660 7.8300 -1.718743 10.044133
15670 7.8350 -1.718268 10.085958
15680 7.8400 -1.718543 10.061791
15690 7.8450 -1.719494 9.977354
15700 7.8500 -1.720850 9.854987
15710 7.8550 -1.722608 9.692909
15720 7.8600 -1.724732 9.492105
15730 7.8650 -1.727187 9.253811
15740 7.8700 -1.729742 8.999181
15750 7.8750 -1.732686 8.698553
15760 7.8800 -1.735869 8.365782
15770 7.8850 -1.739081 8.023433
15780 7.8900 -1.742251 7.680580
15790 7.8950 -1.745331 7.344220
15800 7.9000 -1.748380 7.009439
15810 7.9050 -1.751138 7.205729
15820 7.9100 -1.753433 6.952160
15830 7.9150 -1.755227 6.753811
15840 7.9200 -1.756696 6.591656
15850 7.9250 -1.757618 6.490065
15860 7.9300 -1.757986 6.449500
15870 7.9350 -1.757709 6.479963
15880 7.9400 -1.757082 6.549100
15890 7.9450 -1.755849 6.685175
15900 7.9500 -1.753821 6.909234
15910 7.9550 -1.751196 7.199393
15920 7.9600 -1.748205 7.529004
15930 7.9650 -1.744777 7.903861
15940 7.9700 -1.741092 8.301431
15950 7.9750 -1.737266 8.705664
15960 7.9800 -1.733288 9.114129
15970 7.9850 -1.729399 9.499277
15980 7.9900 -1.725254 9.891529
15990 7.9950 -1.721434 10.234260
16000 8.0000 -1.718019 10.523776
16010 8.0050 -1.715094 11.175298
16020 8.0100 -1.712698 11.356018
16030 8.0150 -1.710773 11.494034
16040 8.0200 -1.709380 11.589807
16050 8.0250 -1.708387 11.655901
16060 8.0300 -1.707556 11.709892
16070 8.0350 -1.706742 11.761587
16080 8.0400 -1.706160 11.797819
16090 8.0450 -1.705937 11.811511
16100 8.0500 -1.705807 11.819445
16110 8.0550 -1.705673 11.827628
16120 8.0600 -1.705712 11.825247
16130 8.0650 -1.706014 11.806803
16140 8.0700 -1.706518 11.775579
16150 8.0750 -1.707074 11.740649
16160 8.0800 -1.707837 11.691772
16170 8.0850 -1.708900 11.621973
16180 8.0900 -1.709928 11.552498
16190 8.0950 -1.710921 11.483614
16200 8.1000 -1.712020 11.405358
16210 8.1050 -1.713158 11.721173
16220 8.1100 -1.714144 11.646974
16230 8.1150 -1.714856 11.592265
16240 8.1200 -1.715425 11.547793
16250 8.1250 -1.715710 11.525363
16260 8.1300 -1.716021 11.500675
16270 8.1350 -1.716207 11.485821
16280 8.1400 -1.716028 11.500101
16290 8.1450 -1.715742 11.522794
16300 8.1500 -1.715251 11.561433
16310 8.1550 -1.714789 11.597446
16320 8.1600 -1.713966 11.660508
16330 8.1650 -1.712814 11.746639
16340 8.1700 -1.711339 11.853295
16350 8.1750 -1.709526 11.978576
16360 8.1800 -1.707329 12.121894
16370 8.1850 -1.704703 12.280665
16380 8.1900 -1.701794 12.440638
16390 8.1950 -1.698671 12.593754
16400 8.2000 -1.695224 12.740589
16410 8.2050 -1.691599 13.242209
16420 8.2100 -1.687820 13.348633
16430 8.2150 -1.683927 13.429868
16440 8.2200 -1.679922 13.485333
16450 8.2250 -1.675991 13.514372
16460 8.2300 -1.671937 13.520712
16470 8.2350 -1.668048 13.507127
16480 8.2400 -1.664177 13.477418
16490 8.2450 -1.660417 13.435925
16500 8.2500 -1.657104 13.391290
16510 8.2550 -1.654136 13.346484
16520 8.2600 -1.651369 13.301816
16530 8.2650 -1.648759 13.258077
16540 8.2700 -1.646835 13.225332
16550 8.2750 -1.645576 13.203857
16560 8.2800 -1.644764 13.190039
16570 8.2850 -1.644286 13.181916
16580 8.2900 -1.644280 13.181813
16590 8.2950 -1.644465 13.184948
16600 8.3000 -1.645013 13.194261
16610 8.3050 -1.645793 13.571670
16620 8.3100 -1.646930 13.590853
16630 8.3150 -1.648410 13.615471
16640 8.3200 -1.650140 13.643603
16650 8.3250 -1.651938 13.671857
16660 8.3300 -1.653759 13.699157
16670 8.3350 -1.655561 13.724612
16680 8.3400 -1.657203 13.746212
16690 8.3450 -1.658603 13.763247
16700 8.3500 -1.660016 13.779012
16710 8.3550 -1.661191 13.790937
16720 8.3600 -1.662398 13.801962
16730 8.3650 -1.663343 13.809682
16740 8.3700 -1.664081 13.815120
16750 8.3750 -1.664461 13.817709
16760 8.3800 -1.664535 13.818194
16770 8.3850 -1.664191 13.815885
16780 8.3900 -1.663523 13.811055
16790 8.3950 -1.662498 13.802817
16800 8.4000 -1.661028 13.789352
16810 8.4050 -1.659181 14.122838
16820 8.4100 -1.656794 14.092925
16830 8.4150 -1.653908 14.050964
16840 8.4200 -1.650702 13.998291
16850 8.4250 -1.647317 13.937491
16860 8.4300 -1.643681 13.868256
16870 8.4350 -1.639765 13.791542
16880 8.4400 -1.635762 13.713261
16890 8.4450 -1.631532 13.633160
16900 8.4500 -1.627193 13.556071
16910 8.4550 -1.622916 13.486851
16920 8.4600 -1.618669 13.425835
16930 8.4650 -1.614505 13.373956
16940 8.4700 -1.610512 13.331446
16950 8.4750 -1.606788 13.297647
16960 8.4800 -1.603501 13.271830
16970 8.4850 -1.600439 13.250430
16980 8.4900 -1.597744 13.233097
16990 8.4950 -1.595619 13.220007
17000 8.5000 -1.593896 13.209534
17010 8.5050 -1.592575 13.565215
17020 8.5100 -1.591770 13.560042
17030 8.5150 -1.591621 13.559065
17040 8.5200 -1.591868 13.560680
17050 8.5250 -1.592276 13.563313
17060 8.5300 -1.592908 13.567310
17070 8.5350 -1.594011 13.574104
17080 8.5400 -1.595152 13.580927
17090 8.5450 -1.596321 13.587740
17100 8.5500 -1.597592 13.595027
17110 8.5550 -1.598696 13.601299
17120 8.5600 -1.599573 13.606272
17130 8.5650 -1.600407 13.611016
17140 8.5700 -1.601301 13.616143
17150 8.5750 -1.602073 13.620617
17160 8.5800 -1.602408 13.622574
17170 8.5850 -1.602335 13.622144
17180 8.5900 -1.601907 13.619652
17190 8.5950 -1.601116 13.615080
17200 8.6000 -1.599859 13.607900
17210 8.6050 -1.598170 13.954616
17220 8.6100 -1.596180 13.942468
17230 8.6150 -1.593719 13.926155
17240 8.6200 -1.590732 13.903751
17250 8.6250 -1.587530 13.875541
17260 8.6300 -1.583928 13.837204
17270 8.6350 -1.579736 13.781694
17280 8.6400 -1.575390 13.709208
17290 8.6450 -1.570955 13.617034
17300 8.6500 -1.566339 13.499163
17310 8.6550 -1.561642 13.354259
17320 8.6600 -1.556644 13.170989
17330 8.6650 -1.551740 12.961615
17340 8.6700 -1.546871 12.725338
17350 8.6750 -1.542171 12.471926
17360 8.6800 -1.537586 12.203001
17370 8.6850 -1.533136 11.924174
17380 8.6900 -1.528877 11.643899
17390 8.6950 -1.524944 11.376118
17400 8.7000 -1.521368 11.127394
17410 8.7050 -1.518087 11.300850
17420 8.7100 -1.515052 11.084449
17430 8.7150 -1.512385 10.893570
17440 8.7200 -1.509997 10.722888
17450 8.7250 -1.508165 10.592443
17460 8.7300 -1.506674 10.486896
17470 8.7350 -1.505661 10.415526
17480 8.7400 -1.504873 10.360204
17490 8.7450 -1.504500 10.334106
17500 8.7500 -1.504601 10.341194
17510 8.7550 -1.504943 10.365143
17520 8.7600 -1.505579 10.409764
17530 8.7650 -1.506635 10.484089
17540 8.7700 -1.507948 10.577074
17550 8.7750 -1.509202 10.666236
17560 8.7800 -1.510668 10.770774
17570 8.7850 -1.512134 10.875612
17580 8.7900 -1.513659 10.984771
17590 8.7950 -1.515110 11.088546
17600 8.8000 -1.516427 11.182667
17610 8.8050 -1.517245 11.644706
17620 8.8100 -1.517754 11.680805
17630 8.8150 -1.517989 11.697435
17640 8.8200 -1.517804 11.684352
17650 8.8250 -1.517122 11.635911
17660 8.8300 -1.516062 11.560373
17670 8.8350 -1.514488 11.447558
17680 8.8400 -1.512341 11.292880
17690 8.8450 -1.509843 11.112178
17700 8.8500 -1.506967 10.904210
17710 8.8550 -1.503673 10.667341
17720 8.8600 -1.499814 10.393710
17730 8.8650 -1.495608 10.102859
17740 8.8700 -1.491006 9.796538
17750 8.8750 -1.485957 9.478277
17760 8.8800 -1.480590 9.163782
17770 8.8850 -1.474920 8.860938
17780 8.8900 -1.469305 8.592080
17790 8.8950 -1.463944 8.364080
17800 8.9000 -1.458769 8.169287
17810 8.9050 -1.453956 8.477885
17820 8.9100 -1.449533 8.340194
17830 8.9150 -1.445339 8.218543
17840 8.9200 -1.441467 8.112655
17850 8.9250 -1.438272 8.029140
17860 8.9300 -1.435556 7.960415
17870 8.9350 -1.433433 7.907922
17880 8.9400 -1.431816 7.868595
17890 8.9450 -1.430550 7.838163
17900 8.9500 -1.429357 7.809738
17910 8.9550 -1.428786 7.796222
17920 8.9600 -1.428555 7.790770
17930 8.9650 -1.428559 7.790848
17940 8.9700 -1.428716 7.794564
17950 8.9750 -1.429020 7.801748
17960 8.9800 -1.429537 7.814018
17970 8.9850 -1.430170 7.829088
17980 8.9900 -1.430967 7.848144
17990 8.9950 -1.431945 7.871710
18000 9.0000 -1.432946 7.896019
18010 9.0050 -1.433859 8.396322
18020 9.0100 -1.434565 8.413541
18030 9.0150 -1.434914 8.422071
18040 9.0200 -1.434853 8.420583
18050 9.0250 -1.434152 8.403457
18060 9.0300 -1.432942 8.373958
18070 9.0350 -1.431436 8.337229
18080 9.0400 -1.429369 8.286824
18090 9.0450 -1.426626 8.219742
18100 9.0500 -1.423465 8.142059
18110 9.0550 -1.419777 8.050804
18120 9.0600 -1.415779 7.951210
18130 9.0650 -1.411398 7.841759
18140 9.0700 -1.406532 7.720973
18150 9.0750 -1.401568 7.600510
18160 9.0800 -1.396258 7.477549
18170 9.0850 -1.390847 7.362034
18180 9.0900 -1.385348 7.258744
18190 9.0950 -1.380087 7.176866
18200 9.1000 -1.375097 7.117371
18210 9.1050 -1.370495 7.575489
18220 9.1100 -1.366180 7.551212
18230 9.1150 -1.362346 7.540502
18240 9.1200 -1.359065 7.539644
18250 9.1250 -1.356259 7.544999
18260 9.1300 -1.353757 7.554443
18270 9.1350 -1.351624 7.565887
18280 9.1400 -1.350162 7.575492
18290 9.1450 -1.349298 7.581820
18300 9.1500 -1.348943 7.584562
18310 9.1550 -1.348982 7.584257
18320 9.1600 -1.349412 7.580961
18330 9.1650 -1.350217 7.575110
18340 9.1700 -1.351180 7.568655
18350 9.1750 -1.352240 7.562267
18360 9.1800 -1.353687 7.554772
18370 9.1850 -1.355166 7.548587
18380 9.1900 -1.356544 7.544200
18390 9.1950 -1.357779 7.541405
18400 9.2000 -1.358717 7.540004
18410 9.2050 -1.359253 8.026294
18420 9.2100 -1.359420 8.026155
18430 9.2150 -1.359277 8.026274
18440 9.2200 -1.359215 8.026328
18450 9.2250 -1.358983 8.026551
18460 9.2300 -1.358470 8.027143
18470 9.2350 -1.357567 8.028516
18480 9.2400 -1.356218 8.031347
18490 9.2450 -1.354532 8.036189
18500 9.2500 -1.352538 8.043741
18510 9.2550 -1.350170 8.055210
18520 9.2600 -1.347231 8.073044
18530 9.2650 -1.343905 8.097661
18540 9.2700 -1.340173 8.130258
18550 9.2750 -1.336418 8.167507
18560 9.2800 -1.332720 8.207529
18570 9.2850 -1.329093 8.248937
18580 9.2900 -1.325778 8.287677
18590 9.2950 -1.322600 8.324778
18600 9.3000 -1.319599 8.359019
18610 9.3050 -1.316808 8.855599
18620 9.3100 -1.314197 8.880497
18630 9.3150 -1.311783 8.900562
18640 9.3200 -1.309695 8.915361
18650 9.3250 -1.307916 8.925923
18660 9.3300 -1.306270 8.933907
18670 9.3350 -1.304841 8.939368
18680 9.3400 -1.303340 8.943557
18690 9.3450 -1.301731 8.946214
18700 9.3500 -1.300067 8.946884
18710 9.3550 -1.298599 8.945653
18720 9.3600 -1.297550 8.943694
18730 9.3650 -1.297042 8.942414
18740 9.3700 -1.296628 8.941212
18750 9.3750 -1.296325 8.940238
18760 9.3800 -1.296094 8.939445
18770 9.3850 -1.295661 8.937830
18780 9.3900 -1.295212 8.935986
18790 9.3950 -1.294889 8.934550
18800 9.4000 -1.294567 8.933027
18810 9.4050 -1.294063 9.383664
18820 9.4100 -1.293479 9.380320
18830 9.4150 -1.292770 9.375765
18840 9.4200 -1.291908 9.369491
18850 9.4250 -1.291112 9.362968
18860 9.4300 -1.290193 9.354560
18870 9.4350 -1.289102 9.343350
18880 9.4400 -1.287920 9.329689
18890 9.4450 -1.286379 9.309469
18900 9.4500 -1.284551 9.281916
18910 9.4550 -1.282462 9.245640
18920 9.4600 -1.280242 9.201436
18930 9.4650 -1.277803 9.146100
18940 9.4700 -1.274839 9.069275
18950 9.4750 -1.271568 8.972314
18960 9.4800 -1.267948 8.850215
18970 9.4850 -1.264333 8.712962
18980 9.4900 -1.260685 8.559310
18990 9.4950 -1.256815 8.380135
19000 9.5000 -1.252671 8.170608
19010 9.5050 -1.248167 8.392728
19020 9.5100 -1.243483 8.109424
19030 9.5150 -1.238675 7.795179
19040 9.5200 -1.233948 7.465488
19050 9.5250 -1.228926 7.095779
19060 9.5300 -1.223710 6.694216
19070 9.5350 -1.218559 6.284227
19080 9.5400 -1.213551 5.876896
19090 9.5450 -1.208523 5.463412
19100 9.5500 -1.203789 5.073498
19110 9.5550 -1.199174 4.696209
19120 9.5600 -1.194770 4.341473
19130 9.5650 -1.190605 4.012960
19140 9.5700 -1.186955 3.732179
19150 9.5750 -1.183840 3.498789
19160 9.5800 -1.181283 3.311888
19170 9.5850 -1.179408 3.177814
19180 9.5900 -1.178108 3.086399
19190 9.5950 -1.177323 3.031771
19200 9.6000 -1.177178 3.021777
19210 9.6050 -1.177544 3.661047
19220 9.6100 -1.178450 3.724080
19230 9.6150 -1.179852 3.822389
19240 9.6200 -1.181640 3.949273
19250 9.6250 -1.183980 4.117465
19260 9.6300 -1.186704 4.316105
19270 9.6350 -1.189463 4.520035
19280 9.6400 -1.192423 4.741469
19290 9.6450 -1.195499 4.973880
19300 9.6500 -1.198711 5.218262
19310 9.6550 -1.202069 5.474886
19320 9.6600 -1.205494 5.736766
19330 9.6650 -1.208716 5.982492
19340 9.6700 -1.211632 6.203576
19350 9.6750 -1.214105 6.389670
19360 9.6800 -1.216008 6.531648
19370 9.6850 -1.217561 6.646715
19380 9.6900 -1.218948 6.748655
19390 9.6950 -1.219917 6.819415
19400 9.7000 -1.220170 6.837837
19410 9.7050 -1.219649 7.304563
19420 9.7100 -1.218601 7.227643
19430 9.7150 -1.217094 7.115964
19440 9.7200 -1.215128 6.968297
19450 9.7250 -1.212645 6.779005
19460 9.7300 -1.209586 6.542168
19470 9.7350 -1.206034 6.262963
19480 9.7400 -1.201940 5.937241
19490 9.7450 -1.197566 5.586654
19500 9.7500 -1.193028 5.222605
19510 9.7550 -1.188284 4.844404
19520 9.7600 -1.183349 4.456709
19530 9.7650 -1.178391 4.075953
19540 9.7700 -1.173733 3.728732
19550 9.7750 -1.169431 3.419084
19560 9.7800 -1.165454 3.143401
19570 9.7850 -1.162208 2.926705
19580 9.7900 -1.159642 2.761005
19590 9.7950 -1.157613 2.633628
19600 9.8000 -1.156087 2.540012
19610 9.8050 -1.155075 3.108161
19620 9.8100 -1.154653 3.082840
19630 9.8150 -1.154803 3.091816
19640 9.8200 -1.155465 3.131656
19650 9.8250 -1.156724 3.208128
19660 9.8300 -1.158394 3.310960
19670 9.8350 -1.160556 3.446269
19680 9.8400 -1.163479 3.633154
19690 9.8450 -1.166901 3.857227
19700 9.8500 -1.170841 4.121824
19710 9.8550 -1.174985 4.406905
19720 9.8600 -1.179321 4.711513
19730 9.8650 -1.183644 5.020289
19740 9.8700 -1.188126 5.344439
19750 9.8750 -1.192342 5.651529
19760 9.8800 -1.196393 5.947251
19770 9.8850 -1.200353 6.235545
19780 9.8900 -1.203912 6.492900
19790 9.8950 -1.206863 6.704286
19800 9.9000 -1.209313 6.877968
19810 9.9050 -1.211322 7.522196
19820 9.9100 -1.212753 7.620946
19830 9.9150 -1.213325 7.660023
19840 9.9200 -1.213524 7.673613
19850 9.9250 -1.213030 7.639871
19860 9.9300 -1.211735 7.550832
19870 9.9350 -1.210002 7.430084
19880 9.9400 -1.207777 7.272738
19890 9.9450 -1.205079 7.078600
19900 9.9500 -1.201859 6.842784
19910 9.9550 -1.198183 6.569064
19920 9.9600 -1.193959 6.250040
19930 9.9650 -1.189388 5.901436
19940 9.9700 -1.184444 5.522995
19950 9.9750 -1.179228 5.125151
19960 9.9800 -1.173912 4.724519
19970 9.9850 -1.168603 4.332307
19980 9.9900 -1.163321 3.952828
19990 9.9950 -1.158085 3.589802
20000 10.0000 -1.153320 3.272539
20010 10.0050 -1.149293 3.619425
20020 10.0100 -1.145682 3.392661
20030 10.0150 -1.142352 3.188906
20040 10.0200 -1.139685 3.029564
20050 10.0250 -1.137899 2.924895
20060 10.0300 -1.137078 2.877359
20070 10.0350 -1.136901 2.867157
20080 10.0400 -1.137137 2.880759
20090 10.0450 -1.137929 2.926654
20100 10.0500 -1.139408 3.013240
20110 10.0550 -1.141570 3.141820
20120 10.0600 -1.144258 3.304900
20130 10.0650 -1.147164 3.485023
20140 10.0700 -1.150592 3.702341
20150 10.0750 -1.154338 3.945159
20160 10.0800 -1.158026 4.189239
20170 10.0850 -1.161919 4.451482
20180 10.0900 -1.165850 4.720426
20190 10.0950 -1.169717 4.988166
20200 10.1000 -1.173357 5.242403
20210 10.1050 -1.176652 6.020425
20220 10.1100 -1.179554 6.221714
20230 10.1150 -1.181948 6.386503
20240 10.1200 -1.183716 6.507346
20250 10.1250 -1.185109 6.601930
20260 10.1300 -1.185973 6.660382
20270 10.1350 -1.186502 6.696026
20280 10.1400 -1.186478 6.694421
20290 10.1450 -1.185731 6.644054
20300 10.1500 -1.184594 6.566993
20310 10.1550 -1.182892 6.451126
20320 10.1600 -1.180559 6.291010
20330 10.1650 -1.177556 6.083284
20340 10.1700 -1.173969 5.833054
20350 10.1750 -1.169971 5.552427
20360 10.1800 -1.165894 5.265156
20370 10.1850 -1.161752 4.973380
20380 10.1900 -1.157478 4.673527
20390 10.1950 -1.153181 4.374523
20400 10.2000 -1.148783 4.072499
20410 10.2050 -1.144423 4.357903
20420 10.2100 -1.140127 4.068015
20430 10.2150 -1.136009 3.793533
20440 10.2200 -1.132122 3.538424
20450 10.2250 -1.128679 3.316710
20460 10.2300 -1.125690 3.127936
20470 10.2350 -1.123337 2.982116
20480 10.2400 -1.121909 2.894845
20490 10.2450 -1.121332 2.859923
20500 10.2500 -1.121249 2.854912
20510 10.2550 -1.121752 2.885342
20520 10.2600 -1.122852 2.952359
20530 10.2650 -1.124587 3.059244
20540 10.2700 -1.126916 3.204884
20550 10.2750 -1.129819 3.389670
20560 10.2800 -1.133261 3.612714
20570 10.2850 -1.137101 3.865939
20580 10.2900 -1.141440 4.156316
20590 10.2950 -1.146128 4.473562
20600 10.3000 -1.150993 4.804822
20610 10.3050 -1.156029 5.705382
20620 10.3100 -1.161301 6.053918
20630 10.3150 -1.166714 6.401695
20640 10.3200 -1.172081 6.735141
20650 10.3250 -1.177425 7.055038
20660 10.3300 -1.182552 7.349989
20670 10.3350 -1.187451 7.620618
20680 10.3400 -1.192123 7.868348
20690 10.3450 -1.196283 8.080393
20700 10.3500 -1.199997 8.262862
20710 10.3550 -1.203283 8.418860
20720 10.3600 -1.206087 8.547907
20730 10.3650 -1.208523 8.656959
20740 10.3700 -1.210326 8.735806
20750 10.3750 -1.211656 8.792956
20760 10.3800 -1.212539 8.830430
20770 10.3850 -1.212943 8.847448
20780 10.3900 -1.213033 8.851214
20790 10.3950 -1.212679 8.836351
20800 10.4000 -1.211764 8.797555
20810 10.4050 -1.210248 9.188635
20820 10.4100 -1.208201 9.097931
20830 10.4150 -1.205710 8.983832
20840 10.4200 -1.202843 8.847417
20850 10.4250 -1.199791 8.696385
20860 10.4300 -1.196683 8.536466
20870 10.4350 -1.193232 8.351747
20880 10.4400 -1.189692 8.154746
20890 10.4450 -1.186126 7.948686
20900 10.4500 -1.182584 7.736762
20910 10.4550 -1.178982 7.514003
20920 10.4600 -1.175430 7.287544
20930 10.4650 -1.171796 7.049347
20940 10.4700 -1.168287 6.813324
20950 10.4750 -1.164983 6.586239
20960 10.4800 -1.161774 6.361546
20970 10.4850 -1.158580 6.134349
20980 10.4900 -1.155638 5.922264
20990 10.4950 -1.153053 5.734126
21000 10.5000 -1.150903 5.576545
21010 10.5050 -1.149078 5.980267
21020 10.5100 -1.147869 5.890358
21030 10.5150 -1.147270 5.845595
21040 10.5200 -1.147232 5.842761
21050 10.5250 -1.147697 5.877517
21060 10.5300 -1.148915 5.968156
21070 10.5350 -1.150550 6.089085
21080 10.5400 -1.152532 6.234206
21090 10.5450 -1.154948 6.408972
21100 10.5500 -1.157803 6.611972
21110 10.5550 -1.160890 6.826858
21120 10.5600 -1.164209 7.052199
21130 10.5650 -1.167840 7.291384
21140 10.5700 -1.171986 7.554597
21150 10.5750 -1.176246 7.813727
21160 10.5800 -1.180566 8.064398
21170 10.5850 -1.185081 8.313204
21180 10.5900 -1.189733 8.555357
21190 10.5950 -1.194256 8.777110
21200 10.6000 -1.198425 8.969639
21210 10.6050 -1.202335 9.590967
21220 10.6100 -1.205905 9.734302
21230 10.6150 -1.209201 9.857480
21240 10.6200 -1.212331 9.966396
21250 10.6250 -1.215160 10.058192
21260 10.6300 -1.217767 10.137284
21270 10.6350 -1.220204 10.206488
21280 10.6400 -1.222437 10.265932
21290 10.6450 -1.224508 10.317700
21300 10.6500 -1.226335 10.360706
21310 10.6550 -1.227903 10.395633
21320 10.6600 -1.229195 10.423065
21330 10.6650 -1.229909 10.437699
21340 10.6700 -1.230407 10.447690
21350 10.6750 -1.230374 10.447041
21360 10.6800 -1.230006 10.439661
21370 10.6850 -1.229303 10.425315
21380 10.6900 -1.228610 10.410812
21390 10.6950 -1.227627 10.389635
21400 10.7000 -1.226543 10.365439
21410 10.7050 -1.225212 10.755507
21420 10.7100 -1.223940 10.724338
21430 10.7150 -1.222465 10.686342
21440 10.7200 -1.220901 10.643864
21450 10.7250 -1.219450 10.602450
21460 10.7300 -1.218135 10.563207
21470 10.7350 -1.216804 10.521873
21480 10.7400 -1.215853 10.491300
21490 10.7450 -1.215205 10.470024
21500 10.7500 -1.214726 10.454018
21510 10.7550 -1.214388 10.442591
21520 10.7600 -1.214579 10.449063
21530 10.7650 -1.215072 10.465589
21540 10.7700 -1.215766 10.488469
21550 10.7750 -1.216615 10.515844
21560 10.7800 -1.217709 10.550165
21570 10.7850 -1.219224 10.595804
21580 10.7900 -1.221279 10.654342
21590 10.7950 -1.223838 10.721762
21600 10.8000 -1.226821 10.792814
21610 10.8050 -1.230233 11.275166
21620 10.8100 -1.233953 11.337864
21630 10.8150 -1.237663 11.386028
21640 10.8200 -1.241571 11.421588
21650 10.8250 -1.245664 11.442570
21660 10.8300 -1.249818 11.447396
21670 10.8350 -1.253937 11.436401
21680 10.8400 -1.258235 11.408886
21690 10.8450 -1.262426 11.367004
21700 10.8500 -1.266375 11.314631
21710 10.8550 -1.270365 11.249704
21720 10.8600 -1.274141 11.177762
21730 10.8650 -1.277714 11.100853
21740 10.8700 -1.281118 11.020122
21750 10.8750 -1.284410 10.935586
21760 10.8800 -1.287480 10.851440
21770 10.8850 -1.290208 10.772700
21780 10.8900 -1.292512 10.703553
21790 10.8950 -1.294394 10.645362
21800 10.9000 -1.295993 10.594785
21810 10.9050 -1.297136 10.974134
21820 10.9100 -1.297660 10.957035
21830 10.9150 -1.297733 10.954619
21840 10.9200 -1.297260 10.970114
21850 10.9250 -1.296524 10.993928
21860 10.9300 -1.295253 11.034422
21870 10.9350 -1.293371 11.092756
21880 10.9400 -1.291309 11.154298
21890 10.9450 -1.288808 11.225457
21900 10.9500 -1.286128 11.297235
21910 10.9550 -1.283192 11.370307
21920 10.9600 -1.280037 11.442009
21930 10.9650 -1.276686 11.510087
21940 10.9700 -1.273283 11.570341
21950 10.9750 -1.269946 11.620428
21960 10.9800 -1.266393 11.663639
21970 10.9850 -1.262820 11.696273
21980 10.9900 -1.259282 11.717613
21990 10.9950 -1.255835 11.727652
22000 11.0000 -1.252566 11.727163
22010 11.0050 -1.249525 12.109726
22020 11.0100 -1.246879 12.092674
22030 11.0150 -1.244761 12.073441
22040 11.0200 -1.242956 12.053089
22050 11.0250 -1.241573 12.035030
22060 11.0300 -1.240673 12.022125
22070 11.0350 -1.239926 12.010721
22080 11.0400 -1.239577 12.005190
22090 11.0450 -1.239559 12.004899
22100 11.0500 -1.239792 12.008622
22110 11.0550 -1.240638 12.021610
22120 11.0600 -1.242031 12.041255
22130 11.0650 -1.243919 12.064403
22140 11.0700 -1.246376 12.088556
22150 11.0750 -1.249346 12.108814
22160 11.0800 -1.252645 12.119943
22170 11.0850 -1.256627 12.117657
22180 11.0900 -1.261104 12.094974
22190 11.0950 -1.265912 12.047587
22200 11.1000 -1.270921 11.973801
22210 11.1050 -1.276058 12.259188
22220 11.1100 -1.281461 12.121999
22230 11.1150 -1.286875 11.956477
22240 11.1200 -1.292280 11.765967
22250 11.1250 -1.297276 11.570243
22260 11.1300 -1.302187 11.362470
22270 11.1350 -1.307159 11.139760
22280 11.1400 -1.311775 10.924895
22290 11.1450 -1.316369 10.706325
22300 11.1500 -1.320772 10.495236
22310 11.1550 -1.324888 10.298968
22320 11.1600 -1.328757 10.117456
22330 11.1650 -1.332415 9.950134
22340 11.1700 -1.335647 9.806950
22350 11.1750 -1.338508 9.684647
22360 11.1800 -1.340813 9.589581
22370 11.1850 -1.342555 9.519999
22380 11.1900 -1.343855 9.469405
22390 11.1950 -1.344785 9.433963
22400 11.2000 -1.345065 9.423398
22410 11.2050 -1.344809 9.875003
22420 11.2100 -1.344175 9.899042
22430 11.2150 -1.343048 9.942266
22440 11.2200 -1.341629 9.997648
22450 11.2250 -1.339968 10.063708
22460 11.2300 -1.337929 10.146496
22470 11.2350 -1.335905 10.230336
22480 11.2400 -1.333754 10.321009
22490 11.2450 -1.331756 10.406469
22500 11.2500 -1.329909 10.486365
22510 11.2550 -1.328177 10.561861
22520 11.2600 -1.326809 10.621865
22530 11.2650 -1.325602 10.674945
22540 11.2700 -1.324654 10.716719
22550 11.2750 -1.324112 10.740610
22560 11.2800 -1.323873 10.751170
22570 11.2850 -1.323870 10.751288
22580 11.2900 -1.324201 10.736699
22590 11.2950 -1.325014 10.700827
22600 11.3000 -1.326122 10.652029
22610 11.3050 -1.327628 11.000666
22620 11.3100 -1.329738 10.907652
22630 11.3150 -1.332246 10.797237
22640 11.3200 -1.335096 10.672579
22650 11.3250 -1.338122 10.541757
22660 11.3300 -1.341376 10.403685
22670 11.3350 -1.344895 10.258457
22680 11.3400 -1.348608 10.110938
22690 11.3450 -1.352630 9.958985
22700 11.3500 -1.356497 9.821699
22710 11.3550 -1.360487 9.690065
22720 11.3600 -1.364461 9.569857
22730 11.3650 -1.368475 9.459930
22740 11.3700 -1.372424 9.363332
22750 11.3750 -1.376131 9.283091
22760 11.3800 -1.379427 9.220078
22770 11.3850 -1.382288 9.171568
22780 11.3900 -1.384642 9.135812
22790 11.3950 -1.386167 9.114583
22800 11.4000 -1.387222 9.100765
22810 11.4050 -1.387795 9.542861
22820 11.4100 -1.387710 9.543925
22830 11.4150 -1.386997 9.552991
22840 11.4200 -1.385660 9.570592
22850 11.4250 -1.383510 9.600652
22860 11.4300 -1.380644 9.644229
22870 11.4350 -1.377185 9.702477
22880 11.4400 -1.373215 9.777435
22890 11.4450 -1.369095 9.864760
22900 11.4500 -1.364858 9.965018
22910 11.4550 -1.360682 10.074223
22920 11.4600 -1.356768 10.185692
22930 11.4650 -1.353110 10.297501
22940 11.4700 -1.349836 10.403384
22950 11.4750 -1.347112 10.495328
22960 11.4800 -1.345028 10.567802
22970 11.4850 -1.343393 10.625877
22980 11.4900 -1.342496 10.658137
22990 11.4950 -1.342370 10.662713
23000 11.5000 -1.343027 10.638996
23010 11.5050 -1.344544 10.999908
23020 11.5100 -1.346750 10.921834
23030 11.5150 -1.349753 10.817592
23040 11.5200 -1.353433 10.693668
23050 11.5250 -1.357839 10.551718
23060 11.5300 -1.362929 10.397778
23070 11.5350 -1.368475 10.243542
23080 11.5400 -1.374504 10.092685
23090 11.5450 -1.380799 9.953903
23100 11.5500 -1.387096 9.833297
23110 11.5550 -1.393386 9.729384
23120 11.5600 -1.399540 9.641840
23130 11.5650 -1.405255 9.571465
23140 11.5700 -1.410672 9.513436
23150 11.5750 -1.415606 9.467529
23160 11.5800 -1.419872 9.433215
23170 11.5850 -1.423396 9.408882
23180 11.5900 -1.426210 9.392290
23190 11.5950 -1.428269 9.381890
23200 11.6000 -1.429435 9.376700
23210 11.6050 -1.429726 9.818501
23220 11.6100 -1.429068 9.821286
23230 11.6150 -1.427604 9.827804
23240 11.6200 -1.425542 9.837666
23250 11.6250 -1.422853 9.851580
23260 11.6300 -1.419643 9.869531
23270 11.6350 -1.415917 9.891976
23280 11.6400 -1.411965 9.917562
23290 11.6450 -1.407931 9.945678
23300 11.6500 -1.403631 9.978256
23310 11.6550 -1.399499 10.012708
23320 11.6600 -1.395749 10.047298
23330 11.6650 -1.392571 10.079574
23340 11.6700 -1.389940 10.108663
23350 11.6750 -1.387859 10.133377
23360 11.6800 -1.386268 10.153358
23370 11.6850 -1.385365 10.165133
23380 11.6900 -1.385317 10.165776
23390 11.6950 -1.386010 10.156682
23400 11.7000 -1.387388 10.139188
23410 11.7050 -1.389321 10.541545
23420 11.7100 -1.392026 10.509598
23430 11.7150 -1.395441 10.470818
23440 11.7200 -1.399496 10.426432
23450 11.7250 -1.403990 10.378577
23460 11.7300 -1.408863 10.327460
23470 11.7350 -1.414142 10.272427
23480 11.7400 -1.419778 10.214125
23490 11.7450 -1.425544 10.156047
23500 11.7500 -1.431452 10.100563
23510 11.7550 -1.437474 10.051978
23520 11.7600 -1.443382 10.016913
23530 11.7650 -1.449100 9.999984
23540 11.7700 -1.454696 10.004656
23550 11.7750 -1.459875 10.031850
23560 11.7800 -1.464732 10.080437
23570 11.7850 -1.469098 10.145135
23580 11.7900 -1.472765 10.215826
23590 11.7950 -1.475609 10.281247
23600 11.8000 -1.477681 10.334820
23610 11.8050 -1.478863 10.789265
23620 11.8100 -1.479068 10.795077
23630 11.8150 -1.478247 10.772055
23640 11.8200 -1.476816 10.733542
23650 11.8250 -1.474913 10.685472
23660 11.8300 -1.472398 10.627453
23670 11.8350 -1.469303 10.564560
23680 11.8400 -1.465749 10.503578
23690 11.8450 -1.461891 10.450394
23700 11.8500 -1.457631 10.406300
23710 11.8550 -1.453365 10.376096
23720 11.8600 -1.449352 10.358919
23730 11.8650 -1.445838 10.351621
23740 11.8700 -1.442767 10.350328
23750 11.8750 -1.440198 10.352379
23760 11.8800 -1.438178 10.355730
23770 11.8850 -1.436653 10.359155
23780 11.8900 -1.435928 10.361030
23790 11.8950 -1.435999 10.360840
23800 11.9000 -1.436724 10.358981
23810 11.9050 -1.438222 10.776683
23820 11.9100 -1.440495 10.772042
23830 11.9150 -1.443648 10.767467
23840 11.9200 -1.447506 10.765802
23850 11.9250 -1.451792 10.770678
23860 11.9300 -1.456591 10.786965
23870 11.9350 -1.461840 10.821080
23880 11.9400 -1.467546 10.881271
23890 11.9450 -1.473514 10.973763
23900 11.9500 -1.479547 11.100695
23910 11.9550 -1.485374 11.256264
23920 11.9600 -1.491187 11.442982
23930 11.9650 -1.496474 11.637990
23940 11.9700 -1.501020 11.822399
23950 11.9750 -1.504946 11.991982
23960 11.9800 -1.508176 12.137141
23970 11.9850 -1.510621 12.249625
23980 11.9900 -1.512273 12.326589
23990 11.9950 -1.512994 12.360370
24000 12.0000 -1.513171 12.368683
24010 12.0050 -1.512728 12.727789
24020 12.0100 -1.511493 12.669904
24030 12.0150 -1.509557 12.579386
24040 12.0200 -1.506858 12.454266
24050 12.0250 -1.503640 12.307709
24060 12.0300 -1.500045 12.148740
24070 12.0350 -1.495970 11.976559
24080 12.0400 -1.491743 11.809021
24090 12.0450 -1.487264 11.645819
24100 12.0500 -1.482762 11.498333
24110 12.0550 -1.478364 11.371249
24120 12.0600 -1.474307 11.269355
24130 12.0650 -1.470491 11.186867
24140 12.0700 -1.466917 11.121005
24150 12.0750 -1.463902 11.073667
24160 12.0800 -1.461609 11.042411
24170 12.0850 -1.459806 11.020574
24180 12.0900 -1.458713 11.008461
24190 12.0950 -1.458547 11.006693
24200 12.1000 -1.459198 11.013741
24210 12.1050 -1.460563 11.436615
24220 12.1100 -1.462413 11.459372
24230 12.1150 -1.464760 11.491193
24240 12.1200 -1.467483 11.532480
24250 12.1250 -1.470645 11.586722
24260 12.1300 -1.474317 11.658695
24270 12.1350 -1.478394 11.750439
24280 12.1400 -1.482579 11.857821
24290 12.1450 -1.486745 11.977906
24300 12.1500 -1.490795 12.106745
24310 12.1550 -1.494525 12.235235
24320 12.1600 -1.497524 12.344686
24330 12.1650 -1.500251 12.448445
24340 12.1700 -1.502619 12.541350
24350 12.1750 -1.504662 12.623291
24360 12.1800 -1.506007 12.677990
24370 12.1850 -1.506826 12.711586
24380 12.1900 -1.507093 12.722544
24390 12.1950 -1.506627 12.703377
24400 12.2000 -1.505213 12.645617
24410 12.2050 -1.503108 12.935047
24420 12.2100 -1.500209 12.819526
24430 12.2150 -1.496687 12.682781
24440 12.2200 -1.492633 12.531855
24450 12.2250 -1.488299 12.379686
24460 12.2300 -1.483661 12.229074
24470 12.2350 -1.479093 12.094225
24480 12.2400 -1.474559 11.974175
24490 12.2450 -1.469970 11.866713
24500 12.2500 -1.465372 11.772735
24510 12.2550 -1.460803 11.691922
24520 12.2600 -1.456586 11.627371
24530 12.2650 -1.452910 11.577945
24540 12.2700 -1.450046 11.543271
24550 12.2750 -1.447889 11.519081
24560 12.2800 -1.446308 11.502270
24570 12.2850 -1.445555 11.494525
24580 12.2900 -1.445629 11.495279
24590 12.2950 -1.446431 11.503553
24600 12.3000 -1.447738 11.517443
24610 12.3050 -1.449924 11.938389
24620 12.3100 -1.452910 11.972733
24630 12.3150 -1.456576 12.017977
24640 12.3200 -1.460727 12.074425
24650 12.3250 -1.465188 12.142693
24660 12.3300 -1.469830 12.223661
24670 12.3350 -1.474660 12.320054
24680 12.3400 -1.479375 12.427051
24690 12.3450 -1.483963 12.543764
24700 12.3500 -1.488278 12.664705
24710 12.3550 -1.492226 12.784293
24720 12.3600 -1.495630 12.893583
24730 12.3650 -1.498530 12.990702
24740 12.3700 -1.500926 13.073253
24750 12.3750 -1.502618 13.132683
24760 12.3800 -1.503674 13.170119
24770 12.3850 -1.504034 13.182966
24780 12.3900 -1.503433 13.161554
24790 12.3950 -1.502088 13.113984
24800 12.4000 -1.499934 13.038860
24810 12.4050 -1.497086 13.308407
24820 12.4100 -1.493414 13.185776
24830 12.4150 -1.489308 13.053980
24840 12.4200 -1.484841 12.918241
24850 12.4250 -1.480308 12.789637
24860 12.4300 -1.475661 12.667955
24870 12.4350 -1.470945 12.555053
24880 12.4400 -1.466351 12.454928
24890 12.4450 -1.461808 12.364663
24900 12.4500 -1.457459 12.285362
24910 12.4550 -1.453483 12.217983
24920 12.4600 -1.450140 12.164362
24930 12.4650 -1.447650 12.125876
24940 12.4700 -1.445880 12.099114
24950 12.4750 -1.445045 12.086624
24960 12.4800 -1.445271 12.089991
24970 12.4850 -1.446418 12.107191
24980 12.4900 -1.448530 12.139353
24990 12.4950 -1.451264 12.182121
25000 12.5000 -1.454400 12.233135
25010 12.5050 -1.457918 12.675079
25020 12.5100 -1.461767 12.742321
25030 12.5150 -1.465817 12.816619
25040 12.5200 -1.470127 12.900639
25050 12.5250 -1.474623 12.994721
25060 12.5300 -1.479135 13.096441
25070 12.5350 -1.483573 13.204002
25080 12.5400 -1.487468 13.304481
25090 12.5450 -1.490745 13.393157
25100 12.5500 -1.493579 13.472642
25110 12.5550 -1.495900 13.539466
25120 12.5600 -1.497548 13.587745
25130 12.5650 -1.498510 13.616184
25140 12.5700 -1.499049 13.632210
25150 12.5750 -1.498948 13.629208
25160 12.5800 -1.498101 13.604066
25170 12.5850 -1.496526 13.557730
25180 12.5900 -1.494316 13.493715
25190 12.5950 -1.491694 13.419514
25200 12.6000 -1.488401 13.329342
25210 12.6050 -1.484341 13.583812
25220 12.6100 -1.479940 13.471900
25230 12.6150 -1.475351 13.360146
25240 12.6200 -1.470380 13.244662
25250 12.6250 -1.465247 13.130768
25260 12.6300 -1.460143 13.021856
25270 12.6350 -1.454862 12.912224
25280 12.6400 -1.449691 12.806235
25290 12.6450 -1.444840 12.706664
25300 12.6500 -1.440455 12.615613
25310 12.6550 -1.436227 12.526298
25320 12.6600 -1.432175 12.439011
25330 12.6650 -1.428696 12.362700
25340 12.6700 -1.425901 12.300560
25350 12.6750 -1.423580 12.248464
25360 12.6800 -1.421845 12.209317
25370 12.6850 -1.420680 12.182928
25380 12.6900 -1.420189 12.171810
25390 12.6950 -1.420405 12.176702
25400 12.7000 -1.421455 12.200491
25410 12.7050 -1.422963 12.617604
25420 12.7100 -1.424942 12.661374
25430 12.7150 -1.427519 12.717043
25440 12.7200 -1.430547 12.780396
25450 12.7250 -1.434061 12.851097
25460 12.7300 -1.438075 12.928182
25470 12.7350 -1.442425 13.007647
25480 12.7400 -1.447068 13.088580
25490 12.7450 -1.451703 13.166541
25500 12.7500 -1.456376 13.243722
25510 12.7550 -1.460871 13.318056
25520 12.7600 -1.465136 13.390014
25530 12.7650 -1.469208 13.461087
25540 12.7700 -1.472768 13.525790
25550 12.7750 -1.475691 13.581051
25560 12.7800 -1.478160 13.629415
25570 12.7850 -1.479739 13.661176
25580 12.7900 -1.480432 13.675317
25590 12.7950 -1.480213 13.670838
25600 12.8000 -1.479055 13.647334
25610 12.8050 -1.476896 13.959903
25620 12.8100 -1.473692 13.896771
25630 12.8150 -1.469580 13.817181
25640 12.8200 -1.464742 13.724777
25650 12.8250 -1.459518 13.625214
25660 12.8300 -1.453783 13.514091
25670 12.8350 -1.447616 13.389900
25680 12.8400 -1.441220 13.253227
25690 12.8450 -1.434568 13.100526
25700 12.8500 -1.427959 12.937440
25710 12.8550 -1.421400 12.765470
25720 12.8600 -1.414985 12.590303
25730 12.8650 -1.408725 12.416957
25740 12.8700 -1.402954 12.259589
25750 12.8750 -1.397703 12.122493
25760 12.8800 -1.392873 12.004861
25770 12.8850 -1.388681 11.911674
25780 12.8900 -1.385541 11.848435
25790 12.8950 -1.383284 11.806889
25800 12.9000 -1.381816 11.781744
25810 12.9050 -1.381105 12.161632
25820 12.9100 -1.381239 12.163811
25830 12.9150 -1.382212 12.179917
25840 12.9200 -1.384034 12.211478
25850 12.9250 -1.386643 12.259673
25860 12.9300 -1.389778 12.321788
25870 12.9350 -1.393250 12.395125
25880 12.9400 -1.397156 12.482259
25890 12.9450 -1.401361 12.579941
25900 12.9500 -1.405634 12.681630
25910 12.9550 -1.409831 12.782210
25920 12.9600 -1.414228 12.886738
25930 12.9650 -1.418540 12.986985
25940 12.9700 -1.422573 13.077715
25950 12.9750 -1.426309 13.158580
25960 12.9800 -1.429848 13.232030
25970 12.9850 -1.432941 13.293571
25980 12.9900 -1.435286 13.338598
25990 12.9950 -1.436883 13.368472
26000 13.0000 -1.437691 13.383348
26010 13.0050 -1.437696 13.744086
26020 13.0100 -1.436993 13.731110
26030 13.0150 -1.435494 13.702815
26040 13.0200 -1.433158 13.656968
26050 13.0250 -1.430089 13.593410
26060 13.0300 -1.426459 13.513426
26070 13.0350 -1.422205 13.413327
26080 13.0400 -1.417066 13.284259
26090 13.0450 -1.411214 13.128721
26100 13.0500 -1.404833 12.953059
26110 13.0550 -1.398203 12.770274
26120 13.0600 -1.391322 12.588453
26130 13.0650 -1.384282 12.419771
26140 13.0700 -1.377371 12.279550
26150 13.0750 -1.370673 12.174051
26160 13.0800 -1.364166 12.104345
26170 13.0850 -1.358158 12.070389
26180 13.0900 -1.352612 12.064983
26190 13.0950 -1.347598 12.080616
26200 13.1000 -1.343368 12.107854
26210 13.1050 -1.340056 12.521543
26220 13.1100 -1.337700 12.544847
26230 13.1150 -1.336011 12.562897
26240 13.1200 -1.335077 12.573320
26250 13.1250 -1.335036 12.573786
26260 13.1300 -1.336026 12.562734
26270 13.1350 -1.337842 12.543375
26280 13.1400 -1.340347 12.518821
26290 13.1450 -1.343497 12.491895
26300 13.1500 -1.347196 12.466593
26310 13.1550 -1.351340 12.447343
26320 13.1600 -1.355913 12.438360
26330 13.1650 -1.360661 12.443648
26340 13.1700 -1.365606 12.465648
26350 13.1750 -1.370530 12.504392
26360 13.1800 -1.375341 12.558026
26370 13.1850 -1.379810 12.620930
26380 13.1900 -1.383758 12.686005
26390 13.1950 -1.387273 12.750580
26400 13.2000 -1.390183 12.808139
26410 13.2050 -1.392408 13.225379
26420 13.2100 -1.393874 13.256022
26430 13.2150 -1.394574 13.270771
26440 13.2200 -1.394449 13.268139
26450 13.2250 -1.393357 13.245183
26460 13.2300 -1.391522 13.207031
26470 13.2350 -1.388968 13.155037
26480 13.2400 -1.385695 13.090841
26490 13.2450 -1.381771 13.018437
26500 13.2500 -1.377263 12.942846
26510 13.2550 -1.372288 12.870632
26520 13.2600 -1.366988 12.808396
26530 13.2650 -1.361608 12.762030
26540 13.2700 -1.356232 12.733212
26550 13.2750 -1.350972 12.721761
26560 13.2800 -1.345951 12.725464
26570 13.2850 -1.341244 12.740760
26580 13.2900 -1.337081 12.762673
26590 13.2950 -1.333353 12.788005
26600 13.3000 -1.329827 12.816078
26610 13.3050 -1.326724 13.214015
26620 13.3100 -1.324030 13.237543
26630 13.3150 -1.321968 13.255555
26640 13.3200 -1.320352 13.269561
26650 13.3250 -1.319196 13.279474
26660 13.3300 -1.318579 13.284714
26670 13.3350 -1.318572 13.284776
26680 13.3400 -1.319075 13.280502
26690 13.3450 -1.320273 13.270237
26700 13.3500 -1.322027 13.255042
26710 13.3550 -1.324259 13.235539
26720 13.3600 -1.326948 13.212068
26730 13.3650 -1.330070 13.185324
26740 13.3700 -1.333553 13.156793
26750 13.3750 -1.337427 13.127615
26760 13.3800 -1.341366 13.101770
26770 13.3850 -1.345092 13.081834
26780 13.3900 -1.348845 13.067039
26790 13.3950 -1.352624 13.058259
26800 13.4000 -1.356447 13.056264
26810 13.4050 -1.359947 13.426791
26820 13.4100 -1.362912 13.433656
26830 13.4150 -1.365143 13.441108
26840 13.4200 -1.366716 13.447557
26850 13.4250 -1.367636 13.451784
26860 13.4300 -1.367757 13.452366
26870 13.4350 -1.367246 13.449950
26880 13.4400 -1.366117 13.444985
26890 13.4450 -1.364398 13.438401
26900 13.4500 -1.362064 13.431343
26910 13.4550 -1.359177 13.425565
26920 13.4600 -1.355872 13.422824
26930 13.4650 -1.352159 13.424388
26940 13.4700 -1.348128 13.431129
26950 13.4750 -1.343732 13.443628
26960 13.4800 -1.339020 13.461776
26970 13.4850 -1.334275 13.483531
26980 13.4900 -1.329700 13.506311
26990 13.4950 -1.325360 13.528199
27000 13.5000 -1.321254 13.548038
27010 13.5050 -1.317461 13.921311
27020 13.5100 -1.313815 13.932271
27030 13.5150 -1.310489 13.938283
27040 13.5200 -1.307659 13.940114
27050 13.5250 -1.305154 13.939046
27060 13.5300 -1.303155 13.936297
27070 13.5350 -1.301495 13.932692
27080 13.5400 -1.300642 13.930364
27090 13.5450 -1.300581 13.930187
27100 13.5500 -1.301082 13.931607
27110 13.5550 -1.301922 13.933737
27120 13.5600 -1.303425 13.936770
27130 13.5650 -1.305380 13.939250
27140 13.5700 -1.307758 13.940103
27150 13.5750 -1.310515 13.938252
27160 13.5800 -1.313709 13.932525
27170 13.5850 -1.317174 13.922326
27180 13.5900 -1.320926 13.907152
27190 13.5950 -1.325004 13.886567
27200 13.6000 -1.329191 13.862013
27210 13.6050 -1.333291 14.186429
27220 13.6100 -1.337264 14.156566
27230 13.6150 -1.341099 14.125818
27240 13.6200 -1.344688 14.096294
27250 13.6250 -1.347826 14.070609
27260 13.6300 -1.350376 14.050247
27270 13.6350 -1.352430 14.034404
27280 13.6400 -1.353954 14.023063
27290 13.6450 -1.354648 14.018041
27300 13.6500 -1.354732 14.017437
27310 13.6550 -1.354113 14.021905
27320 13.6600 -1.352903 14.030839
27330 13.6650 -1.351146 14.044238
27340 13.6700 -1.348741 14.063228
27350 13.6750 -1.345902 14.086310
27360 13.6800 -1.342511 14.114238
27370 13.6850 -1.338549 14.146417
27380 13.6900 -1.334297 14.179122
27390 13.6950 -1.330019 14.208682
27400 13.7000 -1.325654 14.233959
27410 13.7050 -1.321407 14.596557
27420 13.7100 -1.317145 14.604511
27430 13.7150 -1.313068 14.602486
27440 13.7200 -1.309228 14.591504
27450 13.7250 -1.305605 14.572822
27460 13.7300 -1.302313 14.548749
27470 13.7350 -1.299222 14.519988
27480 13.7400 -1.296413 14.488710
27490 13.7450 -1.293875 14.456293
27500 13.7500 -1.291550 14.423182
27510 13.7550 -1.289465 14.390739
27520 13.7600 -1.287805 14.363090
27530 13.7650 -1.286498 14.340212
27540 13.7700 -1.285454 14.321212
27550 13.7750 -1.285003 14.312818
27560 13.7800 -1.285144 14.315469
27570 13.7850 -1.285729 14.326276
27580 13.7900 -1.286679 14.343436
27590 13.7950 -1.288151 14.368990
27600 13.8000 -1.290200 14.402466
27610 13.8050 -1.292693 14.781697
27620 13.8100 -1.295776 14.821084
27630 13.8150 -1.299192 14.856443
27640 13.8200 -1.302802 14.884312
27650 13.8250 -1.306618 14.903157
27660 13.8300 -1.310360 14.911208
27670 13.8350 -1.314157 14.909118
27680 13.8400 -1.317973 14.897077
27690 13.8450 -1.321749 14.875973
27700 13.8500 -1.325436 14.847288
27710 13.8550 -1.328880 14.814062
27720 13.8600 -1.331919 14.780220
27730 13.8650 -1.334602 14.747333
27740 13.8700 -1.337020 14.715657
27750 13.8750 -1.339171 14.686133
27760 13.8800 -1.340808 14.662976
27770 13.8850 -1.341896 14.647318
27780 13.8900 -1.342387 14.640188
27790 13.8950 -1.342601 14.637082
27800 13.9000 -1.342478 14.638867
27810 13.9050 -1.341926 14.984986
27820 13.9100 -1.340954 14.998859
27830 13.9150 -1.339624 15.017359
27840 13.9200 -1.338097 15.037848
27850 13.9250 -1.336145 15.062753
27860 13.9300 -1.333999 15.088246
27870 13.9350 -1.331903 15.111053
27880 13.9400 -1.329640 15.133126
27890 13.9450 -1.327169 15.153933
27900 13.9500 -1.324629 15.171459
27910 13.9550 -1.321984 15.185250
27920 13.9600 -1.319298 15.194344
27930 13.9650 -1.316737 15.198189
27940 13.9700 -1.314102 15.197050
27950 13.9750 -1.311633 15.191175
27960 13.9800 -1.309171 15.180600
27970 13.9850 -1.306885 15.166517
27980 13.9900 -1.304698 15.149186
27990 13.9950 -1.302692 15.129969
28000 14.0000 -1.301239 15.114081
28010 14.0050 -1.300259 15.432339
28020 14.0100 -1.299756 15.425994
28030 14.0150 -1.299838 15.427046
28040 14.0200 -1.300284 15.432650
28050 14.0250 -1.301217 15.443796
28060 14.0300 -1.302427 15.457081
28070 14.0350 -1.304094 15.473170
28080 14.0400 -1.306095 15.489108
28090 14.0450 -1.308375 15.502791
28100 14.0500 -1.310893 15.512373
28110 14.0550 -1.313542 15.516262
28120 14.0600 -1.316654 15.512890
28130 14.0650 -1.320130 15.499317
28140 14.0700 -1.323639 15.475632
28150 14.0750 -1.326895 15.445286
28160 14.0800 -1.330174 15.407268
28170 14.0850 -1.333487 15.362030
28180 14.0900 -1.336640 15.313397
28190 14.0950 -1.339642 15.262803
28200 14.1000 -1.342368 15.213847
28210 14.1050 -1.344938 15.493479
28220 14.1100 -1.347227 15.448114
28230 14.1150 -1.349400 15.403621
28240 14.1200 -1.351398 15.361750
28250 14.1250 -1.353104 15.325445
28260 14.1300 -1.354476 15.295986
28270 14.1350 -1.355507 15.273727
28280 14.1400 -1.356230 15.258105
28290 14.1450 -1.356652 15.248954
28300 14.1500 -1.356654 15.248909
28310 14.1550 -1.356222 15.258265
28320 14.1600 -1.355536 15.273115
28330 14.1650 -1.354651 15.292214
28340 14.1700 -1.353220 15.322948
28350 14.1750 -1.351330 15.363175
28360 14.1800 -1.349143 15.408952
28370 14.1850 -1.346765 15.457418
28380 14.1900 -1.344117 15.509311
28390 14.1950 -1.341436 15.559096
28400 14.2000 -1.338710 15.606320
28410 14.2050 -1.335941 15.971432
28420 14.2100 -1.333299 16.007554
28430 14.2150 -1.330760 16.036994
28440 14.2200 -1.328305 16.060217
28450 14.2250 -1.326107 16.076390
28460 14.2300 -1.324156 16.086942
28470 14.2350 -1.322415 16.093247
28480 14.2400 -1.320712 16.096511
28490 14.2450 -1.318945 16.096803
28500 14.2500 -1.317611 16.094909
28510 14.2550 -1.316664 16.092449
28520 14.2600 -1.316165 16.090780
28530 14.2650 -1.316021 16.090251
28540 14.2700 -1.316326 16.091348
28550 14.2750 -1.316943 16.093272
28560 14.2800 -1.317884 16.095447
28570 14.2850 -1.318939 16.096799
28580 14.2900 -1.320050 16.096992
28590 14.2950 -1.321376 16.095585
28600 14.3000 -1.322779 16.092175
28610 14.3050 -1.324226 16.400305
28620 14.3100 -1.325798 16.391537
28630 14.3150 -1.327656 16.377775
28640 14.3200 -1.329728 16.358195
28650 14.3250 -1.332134 16.330094
28660 14.3300 -1.334866 16.291550
28670 14.3350 -1.337780 16.243213
28680 14.3400 -1.340670 16.188581
28690 14.3450 -1.343509 16.129091
28700 14.3500 -1.346234 16.067244
28710 14.3550 -1.348868 16.003668
28720 14.3600 -1.351665 15.932779
28730 14.3650 -1.354196 15.866265
28740 14.3700 -1.356489 15.804525
28750 14.3750 -1.358575 15.747503
28760 14.3800 -1.360553 15.692939
28770 14.3850 -1.362201 15.647312
28780 14.3900 -1.363376 15.614774
28790 14.3950 -1.364154 15.593251
28800 14.4000 -1.364743 15.576982
28810 14.4050 -1.365013 15.891746
28820 14.4100 -1.365013 15.891746
28830 14.4150 -1.364768 15.898496
28840 14.4200 -1.364273 15.912182
28850 14.4250 -1.363660 15.929060
28860 14.4300 -1.362608 15.957965
28870 14.4350 -1.361175 15.997151
28880 14.4400 -1.359582 16.040289
28890 14.4450 -1.357930 16.084451
28900 14.4500 -1.356278 16.127886
28910 14.4550 -1.354625 16.170493
28920 14.4600 -1.353187 16.206763
28930 14.4650 -1.351878 16.239001
28940 14.4700 -1.350514 16.271754
28950 14.4750 -1.349467 16.296278
28960 14.4800 -1.348734 16.313091
28970 14.4850 -1.348121 16.326926
28980 14.4900 -1.347720 16.335875
28990 14.4950 -1.347718 16.335919
29000 14.5000 -1.348209 16.324960
29010 14.5050 -1.349108 16.614588
29020 14.5100 -1.350375 16.584840
29030 14.5150 -1.351907 16.547534
29040 14.5200 -1.353895 16.497088
29050 14.5250 -1.356116 16.438337
29060 14.5300 -1.358719 16.366738
29070 14.5350 -1.361676 16.282520
29080 14.5400 -1.364836 16.190029
29090 14.5450 -1.368300 16.086858
29100 14.5500 -1.371966 15.976938
29110 14.5550 -1.375818 15.862092
29120 14.5600 -1.379932 15.741664
29130 14.5650 -1.384316 15.617399
29140 14.5700 -1.388981 15.491248
29150 14.5750 -1.393707 15.370970
29160 14.5800 -1.398436 15.258862
29170 14.5850 -1.402964 15.159519
29180 14.5900 -1.406989 15.077724
29190 14.5950 -1.410617 15.009091
29200 14.6000 -1.413754 14.953465
29210 14.6050 -1.416244 15.243937
29220 14.6100 -1.417976 15.215256
29230 14.6150 -1.418898 15.200211
29240 14.6200 -1.419038 15.197952
29250 14.6250 -1.418572 15.205513
29260 14.6300 -1.417587 15.221656
29270 14.6350 -1.416213 15.244465
29280 14.6400 -1.414373 15.275558
29290 14.6450 -1.412135 15.314273
29300 14.6500 -1.409507 15.361093
29310 14.6550 -1.406702 15.412772
29320 14.6600 -1.403970 15.464910
29330 14.6650 -1.401348 15.516703
29340 14.6700 -1.398757 15.569636
29350 14.6750 -1.396072 15.626387
29360 14.6800 -1.393488 15.682827
29370 14.6850 -1.391130 15.735895
29380 14.6900 -1.389107 15.782595
29390 14.6950 -1.387302 15.825121
29400 14.7000 -1.385910 15.858448
29410 14.7050 -1.385009 16.197805
29420 14.7100 -1.384362 16.213483
29430 14.7150 -1.384149 16.218645
29440 14.7200 -1.384132 16.219062
29450 14.7250 -1.384517 16.209731
29460 14.7300 -1.385317 16.190353
29470 14.7350 -1.386552 16.160577
29480 14.7400 -1.388318 16.118315
29490 14.7450 -1.390855 16.058242
29500 14.7500 -1.393823 15.989064
29510 14.7550 -1.397226 15.911328
29520 14.7600 -1.400976 15.827695
29530 14.7650 -1.405248 15.735010
29540 14.7700 -1.409929 15.636458
29550 14.7750 -1.414975 15.533535
29560 14.7800 -1.420345 15.427449
29570 14.7850 -1.425776 15.323645
29580 14.7900 -1.431351 15.220908
29590 14.7950 -1.436836 15.124239
29600 14.8000 -1.442199 15.034954
29610 14.8050 -1.447295 15.285831
29620 14.8100 -1.452243 15.211578
29630 14.8150 -1.456740 15.148770
29640 14.8200 -1.460625 15.099141
29650 14.8250 -1.463828 15.062048
29660 14.8300 -1.466266 15.036448
29670 14.8350 -1.467828 15.021328
29680 14.8400 -1.468529 15.014888
29690 14.8450 -1.468277 15.017178
29700 14.8500 -1.467279 15.026528
29710 14.8550 -1.465630 15.042902
29720 14.8600 -1.463220 15.068802
29730 14.8650 -1.460097 15.105603
29740 14.8700 -1.456375 15.153673
29750 14.8750 -1.452077 15.213994
29760 14.8800 -1.447493 15.282775
29770 14.8850 -1.442852 15.355796
29780 14.8900 -1.438344 15.428877
29790 14.8950 -1.434112 15.498649
29800 14.9000 -1.430164 15.564293
29810 14.9050 -1.426496 15.947091
29820 14.9100 -1.423096 16.001645
29830 14.9150 -1.419845 16.052630
29840 14.9200 -1.417022 16.096043
29850 14.9250 -1.414847 16.129031
29860 14.9300 -1.413397 16.150842
29870 14.9350 -1.412617 16.162523
29880 14.9400 -1.412535 16.163752
29890 14.9450 -1.413257 16.152934
29900 14.9500 -1.414383 16.136024
29910 14.9550 -1.416378 16.105842
29920 14.9600 -1.418919 16.066941
29930 14.9650 -1.421945 16.019829
29940 14.9700 -1.425625 15.961192
29950 14.9750 -1.429840 15.892117
29960 14.9800 -1.434496 15.813521
29970 14.9850 -1.439493 15.726964
29980 14.9900 -1.444618 15.636926
29990 14.9950 -1.449969 15.543225
30000 15.0000 -1.455348 15.451679
30010 15.0050 -1.460633 15.689331
30020 15.0100 -1.465711 15.609907
30030 15.0150 -1.470505 15.540505
30040 15.0200 -1.474677 15.485948
30050 15.0250 -1.478288 15.443951
30060 15.0300 -1.481183 15.414156
30070 15.0350 -1.483276 15.394898
30080 15.0400 -1.484640 15.383405
30090 15.0450 -1.485179 15.379096
30100 15.0500 -1.484879 15.381478
30110 15.0550 -1.483700 15.391230
30120 15.0600 -1.481769 15.408566
30130 15.0650 -1.479156 15.434644
30140 15.0700 -1.476004 15.469911
30150 15.0750 -1.472435 15.514519
30160 15.0800 -1.468566 15.567797
30170 15.0850 -1.464203 15.632961
30180 15.0900 -1.459472 15.708103
30190 15.0950 -1.454395 15.791840
30200 15.1000 -1.449162 15.879079
30210 15.1050 -1.443977 16.279782
30220 15.1100 -1.438897 16.355246
30230 15.1150 -1.434022 16.420764
30240 15.1200 -1.429463 16.475578
30250 15.1250 -1.425299 16.520283
30260 15.1300 -1.421672 16.555365
30270 15.1350 -1.418632 16.582332
30280 15.1400 -1.416586 16.599399
30290 15.1450 -1.415330 16.609504
30300 15.1500 -1.414913 16.612799
30310 15.1550 -1.415218 16.610394
30320 15.1600 -1.416107 16.603287
30330 15.1650 -1.417905 16.588489
30340 15.1700 -1.420411 16.566802
30350 15.1750 -1.423607 16.537074
30360 15.1800 -1.427610 16.496090
30370 15.1850 -1.432182 16.443650
30380 15.1900 -1.437269 16.377907
30390 15.1950 -1.442656 16.300060
30400 15.2000 -1.448409 16.208801
30410 15.2050 -1.454488 16.415390
30420 15.2100 -1.460475 16.304097
30430 15.2150 -1.466332 16.192191
30440 15.2200 -1.472165 16.082111
30450 15.2250 -1.477592 15.984628
30460 15.2300 -1.482451 15.903861
30470 15.2350 -1.486973 15.835756
30480 15.2400 -1.491119 15.780146
30490 15.2450 -1.494419 15.740814
30500 15.2500 -1.496924 15.713928
30510 15.2550 -1.498896 15.694531
30520 15.2600 -1.500206 15.682482
30530 15.2650 -1.500656 15.678498
30540 15.2700 -1.500370 15.681026
30550 15.2750 -1.499539 15.688533
30560 15.2800 -1.497773 15.705385
30570 15.2850 -1.495216 15.731990
30580 15.2900 -1.492121 15.767739
30590 15.2950 -1.488377 15.816171
30600 15.3000 -1.484266 15.875640
30610 15.3050 -1.479791 16.263243
30620 15.3100 -1.474993 16.342431
30630 15.3150 -1.470138 16.424851
30640 15.3200 -1.465278 16.507599
30650 15.3250 -1.460511 16.586867
30660 15.3300 -1.455922 16.659485
30670 15.3350 -1.451558 16.723584
30680 15.3400 -1.447672 16.775563
30690 15.3450 -1.444341 16.815725
30700 15.3500 -1.441627 16.845211
30710 15.3550 -1.439558 16.865669
30720 15.3600 -1.438425 16.876105
30730 15.3650 -1.438026 16.879652
30740 15.3700 -1.438290 16.877315
30750 15.3750 -1.439329 16.867816
30760 15.3800 -1.441132 16.850271
30770 15.3850 -1.443451 16.825722
30780 15.3900 -1.446432 16.791008
30790 15.3950 -1.449775 16.748080
30800 15.4000 -1.453605 16.694204
30810 15.4050 -1.457799 16.933526
30820 15.4100 -1.462596 16.851947
30830 15.4150 -1.467879 16.755522
30840 15.4200 -1.473299 16.652559
30850 15.4250 -1.478644 16.550269
30860 15.4300 -1.483771 16.454145
30870 15.4350 -1.488607 16.367284
30880 15.4400 -1.493181 16.289790
30890 15.4450 -1.497239 16.225442
30900 15.4500 -1.500691 16.174122
30910 15.4550 -1.503438 16.135519
30920 15.4600 -1.505582 16.106709
30930 15.4650 -1.506961 16.088754
30940 15.4700 -1.507683 16.079527
30950 15.4750 -1.507684 16.079508
30960 15.4800 -1.506846 16.090231
30970 15.4850 -1.505530 16.107396
30980 15.4900 -1.503496 16.134723
30990 15.4950 -1.500880 16.171403
31000 15.5000 -1.497803 16.216846
31010 15.5050 -1.494197 16.584282
31020 15.5100 -1.489985 16.651448
31030 15.5150 -1.485417 16.726467
31040 15.5200 -1.480626 16.806687
31050 15.5250 -1.475611 16.890783
31060 15.5300 -1.470304 16.977797
31070 15.5350 -1.465010 17.060023
31080 15.5400 -1.459806 17.133842
31090 15.5450 -1.454647 17.197794
31100 15.5500 -1.449773 17.248040
31110 15.5550 -1.445346 17.284026
31120 15.5600 -1.441632 17.306715
31130 15.5650 -1.438685 17.319762
31140 15.5700 -1.436529 17.326553
31150 15.5750 -1.434835 17.330283
31160 15.5800 -1.433796 17.331890
31170 15.5850 -1.433681 17.332035
31180 15.5900 -1.434277 17.331209
31190 15.5950 -1.435755 17.328429
31200 15.6000 -1.438125 17.321747
31210 15.6050 -1.441141 17.603267
31220 15.6100 -1.444796 17.579824
31230 15.6150 -1.449073 17.541989
31240 15.6200 -1.453832 17.487354
31250 15.6250 -1.458851 17.416786
31260 15.6300 -1.464220 17.328842
31270 15.6350 -1.469536 17.231939
31280 15.6400 -1.474785 17.129702
31290 15.6450 -1.479654 17.031679
31300 15.6500 -1.483979 16.943920
31310 15.6550 -1.487521 16.872527
31320 15.6600 -1.490338 16.816519
31330 15.6650 -1.492395 16.776212
31340 15.6700 -1.493759 16.749792
31350 15.6750 -1.494514 16.735293
31360 15.6800 -1.494664 16.732421
31370 15.6850 -1.494259 16.740179
31380 15.6900 -1.493114 16.762245
31390 15.6950 -1.491398 16.795684
31400 15.7000 -1.489246 16.838126
31410 15.7050 -1.486683 17.190953
31420 15.7100 -1.483580 17.252073
31430 15.7150 -1.480277 17.316248
31440 15.7200 -1.476579 17.386281
31450 15.7250 -1.472490 17.460518
31460 15.7300 -1.468185 17.533700
31470 15.7350 -1.463751 17.602163
31480 15.7400 -1.459123 17.664508
31490 15.7450 -1.454584 17.715089
31500 15.7500 -1.450185 17.752959
31510 15.7550 -1.446135 17.777425
31520 15.7600 -1.442174 17.791380
31530 15.7650 -1.438430 17.795482
31540 15.7700 -1.434965 17.791603
31550 15.7750 -1.432100 17.783077
31560 15.7800 -1.429972 17.773806
31570 15.7850 -1.428627 17.766727
31580 15.7900 -1.427705 17.761354
31590 15.7950 -1.427146 17.757901
31600 15.8000 -1.427188 17.758164
31610 15.8050 -1.427822 18.050115
31620 15.8100 -1.429090 18.057136
31630 15.8150 -1.430875 18.065332
31640 15.8200 -1.433334 18.073232
31650 15.8250 -1.436220 18.077258
31660 15.8300 -1.439662 18.074350
31670 15.8350 -1.443358 18.061651
31680 15.8400 -1.447002 18.039374
31690 15.8450 -1.450624 18.007811
31700 15.8500 -1.454252 17.967166
31710 15.8550 -1.457925 17.917409
31720 15.8600 -1.461491 17.861545
31730 15.8650 -1.464931 17.801382
31740 15.8700 -1.468047 17.742240
31750 15.8750 -1.470858 17.685665
31760 15.8800 -1.473025 17.640297
31770 15.8850 -1.474622 17.605991
31780 15.8900 -1.475678 17.582982
31790 15.8950 -1.476129 17.573079
31800 15.9000 -1.476061 17.574560
31810 15.9050 -1.475487 17.877952
31820 15.9100 -1.474598 17.897199
31830 15.9150 -1.473039 17.930257
31840 15.9200 -1.471016 17.971735
31850 15.9250 -1.468745 18.016162
31860 15.9300 -1.466140 18.064050
31870 15.9350 -1.463043 18.116235
31880 15.9400 -1.459414 18.170080
31890 15.9450 -1.455259 18.221062
31900 15.9500 -1.450943 18.260923
31910 15.9550 -1.446401 18.287598
31920 15.9600 -1.441826 18.298166
31930 15.9650 -1.437411 18.292916
31940 15.9700 -1.433105 18.273729
31950 15.9750 -1.429038 18.243744
31960 15.9800 -1.424967 18.203384
31970 15.9850 -1.420878 18.153940
31980 15.9900 -1.417049 18.101089
31990 15.9950 -1.413615 18.049648
32000 16.0000 -1.410571 18.001854
32010 16.0050 -1.408090 18.246156
32020 16.0100 -1.406362 18.217548
32030 16.0150 -1.405315 18.200023
32040 16.0200 -1.404679 18.189340
32050 16.0250 -1.404544 18.187079
32060 16.0300 -1.404957 18.194015
32070 16.0350 -1.405954 18.210731
32080 16.0400 -1.407149 18.230631
32090 16.0450 -1.408574 18.254089
32100 16.0500 -1.410323 18.282398
32110 16.0550 -1.412343 18.314197
32120 16.0600 -1.414490 18.346672
32130 16.0650 -1.416686 18.378197
32140 16.0700 -1.419083 18.410259
32150 16.0750 -1.421584 18.440718
32160 16.0800 -1.424127 18.468137
32170 16.0850 -1.426472 18.489894
32180 16.0900 -1.428686 18.507070
32190 16.0950 -1.430659 18.519442
32200 16.1000 -1.432327 18.527650
32210 16.1050 -1.433770 18.809831
32220 16.1100 -1.434836 18.812520
32230 16.1150 -1.435386 18.813503
32240 16.1200 -1.435594 18.813804
32250 16.1250 -1.435488 18.813656
32260 16.1300 -1.434991 18.812825
32270 16.1350 -1.433980 18.810441
32280 16.1400 -1.432520 18.805382
32290 16.1450 -1.430779 18.796889
32300 16.1500 -1.428946 18.785147
32310 16.1550 -1.427002 18.769660
32320 16.1600 -1.424739 18.747900
32330 16.1650 -1.422237 18.719462
32340 16.1700 -1.419525 18.683873
32350 16.1750 -1.416395 18.637331
32360 16.1800 -1.413079 18.582645
32370 16.1850 -1.409648 18.521394
32380 16.1900 -1.406078 18.454066
32390 16.1950 -1.402503 18.384460
32400 16.2000 -1.398903 18.313612
32410 16.2050 -1.395210 18.520856
32420 16.2100 -1.391631 18.450899
32430 16.2150 -1.388114 18.383787
32440 16.2200 -1.384769 18.322243
32450 16.2250 -1.381745 18.269072
32460 16.2300 -1.379124 18.225107
32470 16.2350 -1.376924 18.189864
32480 16.2400 -1.375369 18.165865
32490 16.2450 -1.374168 18.147865
32500 16.2500 -1.373289 18.134989
32510 16.2550 -1.372817 18.128169
32520 16.2600 -1.372766 18.127447
32530 16.2650 -1.373134 18.132752
32540 16.2700 -1.373815 18.142670
32550 16.2750 -1.374843 18.157923
32560 16.2800 -1.376290 18.179981
32570 16.2850 -1.378123 18.208879
32580 16.2900 -1.380078 18.240860
32590 16.2950 -1.382155 18.276126
32600 16.3000 -1.384248 18.312918
32610 16.3050 -1.386531 18.634046
32620 16.3100 -1.388862 18.676681
32630 16.3150 -1.391326 18.722210
32640 16.3200 -1.393793 18.767962
32650 16.3250 -1.395873 18.806435
32660 16.3300 -1.397682 18.839616
32670 16.3350 -1.399279 18.868584
32680 16.3400 -1.400536 18.891097
32690 16.3450 -1.401638 18.910555
32700 16.3500 -1.402460 18.924901
32710 16.3550 -1.402692 18.928907
32720 16.3600 -1.402279 18.921748
32730 16.3650 -1.401277 18.904208
32740 16.3700 -1.399647 18.875203
32750 16.3750 -1.397127 18.829484
32760 16.3800 -1.394220 18.775885
32770 16.3850 -1.390924 18.714767
32780 16.3900 -1.387158 18.645451
32790 16.3950 -1.382910 18.569139
32800 16.4000 -1.378451 18.492284
32810 16.4050 -1.374124 18.697916
32820 16.4100 -1.369732 18.626998
32830 16.4150 -1.365426 18.559138
32840 16.4200 -1.361401 18.496628
32850 16.4250 -1.357780 18.440459
32860 16.4300 -1.354513 18.389189
32870 16.4350 -1.351629 18.342968
32880 16.4400 -1.349183 18.302674
32890 16.4450 -1.347105 18.267413
32900 16.4500 -1.345387 18.237408
32910 16.4550 -1.344186 18.215911
32920 16.4600 -1.343240 18.198648
32930 16.4650 -1.342829 18.191059
32940 16.4700 -1.342878 18.191960
32950 16.4750 -1.343295 18.199667
32960 16.4800 -1.343988 18.212330
32970 16.4850 -1.344797 18.226893
32980 16.4900 -1.345887 18.246224
32990 16.4950 -1.347205 18.269133
33000 16.5000 -1.348534 18.291774
33010 16.5050 -1.349897 18.594750
33020 16.5100 -1.351390 18.618909
33030 16.5150 -1.353062 18.645221
33040 16.5200 -1.354866 18.672841
33050 16.5250 -1.356788 18.701480
33060 16.5300 -1.358472 18.726029
33070 16.5350 -1.360212 18.750952
33080 16.5400 -1.361622 18.770899
33090 16.5450 -1.362644 18.785229
33100 16.5500 -1.363452 18.796501
33110 16.5550 -1.364168 18.806465
33120 16.5600 -1.364589 18.812299
33130 16.5650 -1.364639 18.812997
33140 16.5700 -1.364171 18.806497
33150 16.5750 -1.363260 18.793831
33160 16.5800 -1.362086 18.777423
33170 16.5850 -1.360572 18.756074
33180 16.5900 -1.358673 18.728934
33190 16.5950 -1.356421 18.696070
33200 16.6000 -1.353787 18.656414
33210 16.6050 -1.350849 18.884860
33220 16.6100 -1.347803 18.832758
33230 16.6150 -1.344651 18.774277
33240 16.6200 -1.341293 18.706146
33250 16.6250 -1.337814 18.628485
33260 16.6300 -1.334221 18.539963
33270 16.6350 -1.330724 18.445111
33280 16.6400 -1.327114 18.337642
33290 16.6450 -1.323513 18.220403
33300 16.6500 -1.320001 18.096217
33310 16.6550 -1.316740 17.972148
33320 16.6600 -1.313656 17.847182
33330 16.6650 -1.310514 17.712421
33340 16.6700 -1.307463 17.574563
33350 16.6750 -1.304463 17.432613
33360 16.6800 -1.301642 17.293714
33370 16.6850 -1.299281 17.173682
33380 16.6900 -1.297416 17.076517
33390 16.6950 -1.295954 16.999078
33400 16.7000 -1.294841 16.939304
33410 16.7050 -1.294141 17.201862
33420 16.7100 -1.293784 17.182377
33430 16.7150 -1.293890 17.188165
33440 16.7200 -1.294271 17.208916
33450 16.7250 -1.295086 17.252956
33460 16.7300 -1.296044 17.304217
33470 16.7350 -1.297006 17.355121
33480 16.7400 -1.297896 17.401627
33490 16.7450 -1.298799 17.448275
33500 16.7500 -1.299680 17.493236
33510 16.7550 -1.300499 17.534566
33520 16.7600 -1.301542 17.586480
33530 16.7650 -1.302437 17.630373
33540 16.7700 -1.303264 17.670434
33550 16.7750 -1.303949 17.703213
33560 16.7800 -1.304466 17.727686
33570 16.7850 -1.304930 17.749498
33580 16.7900 -1.305348 17.769008
33590 16.7950 -1.305709 17.785764
33600 16.8000 -1.305956 17.797137
33610 16.8050 -1.305809 18.077857
33620 16.8100 -1.305294 18.053992
33630 16.8150 -1.304324 18.008333
33640 16.8200 -1.302904 17.940032
33650 16.8250 -1.301024 17.846894
33660 16.8300 -1.298622 17.723597
33670 16.8350 -1.295870 17.576661
33680 16.8400 -1.292756 17.403602
33690 16.8450 -1.289394 17.209229
33700 16.8500 -1.286001 17.006015
33710 16.8550 -1.282572 16.794264
33720 16.8600 -1.279103 16.574351
33730 16.8650 -1.275528 16.342581
33740 16.8700 -1.272005 16.109976
33750 16.8750 -1.268619 15.883223
33760 16.8800 -1.265414 15.666293
33770 16.8850 -1.262583 15.473138
33780 16.8900 -1.259951 15.292474
33790 16.8950 -1.257603 15.130676
33800 16.9000 -1.255481 14.983998
33810 16.9050 -1.253655 15.189455
33820 16.9100 -1.252119 15.082281
33830 16.9150 -1.250827 14.991797
33840 16.9200 -1.250119 14.942020
33850 16.9250 -1.249702 14.912683
33860 16.9300 -1.249400 14.891415
33870 16.9350 -1.249092 14.869737
33880 16.9400 -1.249151 14.873937
33890 16.9450 -1.249398 14.891290
33900 16.9500 -1.249780 14.918231
33910 16.9550 -1.250383 14.960603
33920 16.9600 -1.251118 15.012166
33930 16.9650 -1.252002 15.074091
33940 16.9700 -1.253138 15.153407
33950 16.9750 -1.254539 15.250878
33960 16.9800 -1.255983 15.350933
33970 16.9850 -1.257547 15.458718
33980 16.9900 -1.259029 15.560412
33990 16.9950 -1.260429 15.655905
34000 17.0000 -1.261626 15.737234
34010 17.0050 -1.262674 16.127629
34020 17.0100 -1.263683 16.195354
34030 17.0150 -1.264594 16.256221
34040 17.0200 -1.265154 16.293401
34050 17.0250 -1.265661 16.326952
34060 17.0300 -1.265861 16.340198
34070 17.0350 -1.265663 16.327100
34080 17.0400 -1.265188 16.295650
34090 17.0450 -1.264382 16.242058
34100 17.0500 -1.263303 16.169914
34110 17.0550 -1.261780 16.067242
34120 17.0600 -1.259892 15.938755
34130 17.0650 -1.257796 15.794502
34140 17.0700 -1.255272 15.618735
34150 17.0750 -1.252527 15.425118
34160 17.0800 -1.249536 15.211419
34170 17.0850 -1.246415 14.985517
34180 17.0900 -1.243163 14.747082
34190 17.0950 -1.240000 14.512307
34200 17.1000 -1.236860 14.276474
34210 17.1050 -1.233910 14.396462
34220 17.1100 -1.230968 14.169040
34230 17.1150 -1.228066 13.941348
34240 17.1200 -1.225390 13.728456
34250 17.1250 -1.222622 13.505384
34260 17.1300 -1.219984 13.289929
34270 17.1350 -1.217701 13.101387
34280 17.1400 -1.215761 12.939630
34290 17.1450 -1.213893 12.782543
34300 17.1500 -1.212268 12.644833
34310 17.1550 -1.211014 12.538002
34320 17.1600 -1.210023 12.453056
34330 17.1650 -1.209375 12.397441
34340 17.1700 -1.209094 12.373173
34350 17.1750 -1.209027 12.367392
34360 17.1800 -1.209122 12.375584
34370 17.1850 -1.209465 12.405155
34380 17.1900 -1.210018 12.452652
34390 17.1950 -1.210401 12.485548
34400 17.2000 -1.210704 12.511496
34410 17.2050 -1.211159 12.927470
34420 17.2100 -1.211720 12.975281
34430 17.2150 -1.212566 13.047086
34440 17.2200 -1.213384 13.116120
34450 17.2250 -1.214179 13.182920
34460 17.2300 -1.215094 13.259409
34470 17.2350 -1.215434 13.287659
34480 17.2400 -1.215528 13.295497
34490 17.2450 -1.215440 13.288158
34500 17.2500 -1.215101 13.260000
34510 17.2550 -1.214640 13.221512
34520 17.2600 -1.214036 13.170942
34530 17.2650 -1.213247 13.104569
34540 17.2700 -1.212246 13.019930
34550 17.2750 -1.211053 12.918428
34560 17.2800 -1.209751 12.806813
34570 17.2850 -1.208220 12.674469
34580 17.2900 -1.206613 12.534266
34590 17.2950 -1.204771 12.372053
34600 17.3000 -1.202611 12.179628
34610 17.3050 -1.200303 12.354893
34620 17.3100 -1.197850 12.129723
34630 17.3150 -1.195261 11.888245
34640 17.3200 -1.192458 11.622366
34650 17.3250 -1.189500 11.336971
34660 17.3300 -1.186310 11.024054
34670 17.3350 -1.182969 10.690937
34680 17.3400 -1.179454 10.334969
34690 17.3450 -1.175866 9.966488
34700 17.3500 -1.172309 9.596683
34710 17.3550 -1.168692 9.216794
34720 17.3600 -1.165262 8.853783
34730 17.3650 -1.161961 8.502495
34740 17.3700 -1.159060 8.192766
34750 17.3750 -1.156431 7.911801
34760 17.3800 -1.154073 7.659904
34770 17.3850 -1.152147 7.454446
34780 17.3900 -1.150467 7.275442
34790 17.3950 -1.149253 7.146390
34800 17.4000 -1.148378 7.053542
34810 17.4050 -1.147790 7.490399
34820 17.4100 -1.147679 7.478617
34830 17.4150 -1.147867 7.498571
34840 17.4200 -1.148204 7.534246
34850 17.4250 -1.148876 7.605586
34860 17.4300 -1.149924 7.716662
34870 17.4350 -1.151308 7.863271
34880 17.4400 -1.153015 8.043978
34890 17.4450 -1.154851 8.237953
34900 17.4500 -1.156758 8.438947
34910 17.4550 -1.158602 8.632688
34920 17.4600 -1.160181 8.797975
34930 17.4650 -1.161569 8.942738
34940 17.4700 -1.162632 9.053283
34950 17.4750 -1.163568 9.150294
34960 17.4800 -1.164163 9.211883
34970 17.4850 -1.164513 9.248045
34980 17.4900 -1.164733 9.270738
34990 17.4950 -1.164718 9.269122
35000 17.5000 -1.164439 9.240371
35010 17.5050 -1.163806 9.620980
35020 17.5100 -1.162869 9.523733
35030 17.5150 -1.161596 9.390915
35040 17.5200 -1.159913 9.214290
35050 17.5250 -1.157867 8.997855
35060 17.5300 -1.155652 8.761827
35070 17.5350 -1.153236 8.502448
35080 17.5400 -1.150243 8.179003
35090 17.5450 -1.146606 7.783467
35100 17.5500 -1.142859 7.374727
35110 17.5550 -1.138755 6.927047
35120 17.5600 -1.134369 6.451077
35130 17.5650 -1.129790 5.959624
35140 17.5700 -1.125217 5.477528
35150 17.5750 -1.120507 4.993279
35160 17.5800 -1.115804 4.525395
35170 17.5850 -1.111266 4.091552
35180 17.5900 -1.107078 3.708534
35190 17.5950 -1.103162 3.367107
35200 17.6000 -1.099744 3.083260
35210 17.6050 -1.096528 3.439446
35220 17.6100 -1.093808 3.230998
35230 17.6150 -1.091651 3.070921
35240 17.6200 -1.089910 2.945283
35250 17.6250 -1.088849 2.870232
35260 17.6300 -1.088581 2.851465
35270 17.6350 -1.088761 2.864060
35280 17.6400 -1.089285 2.900896
35290 17.6450 -1.090147 2.962200
35300 17.6500 -1.091554 3.063854
35310 17.6550 -1.093298 3.192723
35320 17.6600 -1.095332 3.346912
35330 17.6650 -1.097629 3.525945
35340 17.6700 -1.100114 3.725293
35350 17.6750 -1.102657 3.935309
35360 17.6800 -1.105322 4.161636
35370 17.6850 -1.107915 4.387542
35380 17.6900 -1.110737 4.639581
35390 17.6950 -1.113703 4.910897
35400 17.7000 -1.116546 5.176511
35410 17.7050 -1.119159 5.973990
35420 17.7100 -1.121486 6.196566
35430 17.7150 -1.123212 6.362711
35440 17.7200 -1.124588 6.495632
35450 17.7250 -1.125392 6.573525
35460 17.7300 -1.125894 6.622154
35470 17.7350 -1.125891 6.621850
35480 17.7400 -1.125441 6.578243
35490 17.7450 -1.124565 6.493443
35500 17.7500 -1.123281 6.369330
35510 17.7550 -1.121297 6.178444
35520 17.7600 -1.118787 5.938543
35530 17.7650 -1.116039 5.678388
35540 17.7700 -1.112962 5.390749
35550 17.7750 -1.109671 5.088127
35560 17.7800 -1.106371 4.790716
35570 17.7850 -1.102999 4.493862
35580 17.7900 -1.099982 4.234875
35590 17.7950 -1.097105 3.994226
35600 17.8000 -1.094486 3.780976
35610 17.8050 -1.092201 4.189387
35620 17.8100 -1.090225 4.034665
35630 17.8150 -1.088586 3.908258
35640 17.8200 -1.087542 3.828766
35650 17.8250 -1.087103 3.795538
35660 17.8300 -1.087031 3.790119
35670 17.8350 -1.087213 3.803831
35680 17.8400 -1.087609 3.833848
35690 17.8450 -1.088220 3.880287
35700 17.8500 -1.088957 3.936730
35710 17.8550 -1.089868 4.006982
35720 17.8600 -1.091156 4.107259
35730 17.8650 -1.092632 4.223499
35740 17.8700 -1.093994 4.331939
35750 17.8750 -1.095497 4.452996
35760 17.8800 -1.096976 4.573338
35770 17.8850 -1.098435 4.693355
35780 17.8900 -1.099950 4.819186
35790 17.8950 -1.101322 4.934127
35800 17.9000 -1.102645 5.045865
35810 17.9050 -1.103885 5.704460
35820 17.9100 -1.105056 5.804210
35830 17.9150 -1.105988 5.883834
35840 17.9200 -1.106827 5.955647
35850 17.9250 -1.107794 6.038630
35860 17.9300 -1.108465 6.096211
35870 17.9350 -1.108613 6.108920
35880 17.9400 -1.108370 6.088021
35890 17.9450 -1.107905 6.048114
35900 17.9500 -1.107107 5.979674
35910 17.9550 -1.105920 5.878015
35920 17.9600 -1.104567 5.762538
35930 17.9650 -1.103104 5.638089
35940 17.9700 -1.101550 5.506557
35950 17.9750 -1.099910 5.368306
35960 17.9800 -1.098392 5.241122
35970 17.9850 -1.096912 5.117898
35980 17.9900 -1.095303 4.984726
35990 17.9950 -1.093453 4.832834
36000 18.0000 -1.091742 4.693601
36010 18.0050 -1.089854 5.104504
36020 18.0100 -1.088050 4.959560
36030 18.0150 -1.086340 4.823018
36040 18.0200 -1.084858 4.705324
36050 18.0250 -1.083656 4.610481
36060 18.0300 -1.082673 4.533290
36070 18.0350 -1.081770 4.462678
36080 18.0400 -1.081165 4.415498
36090 18.0450 -1.080953 4.399001
36100 18.0500 -1.080889 4.394095
36110 18.0550 -1.081081 4.408943
36120 18.0600 -1.081381 4.432358
36130 18.0650 -1.081902 4.472972
36140 18.0700 -1.082728 4.537568
36150 18.0750 -1.083861 4.626604
36160 18.0800 -1.085215 4.733635
36170 18.0850 -1.086748 4.855518
36180 18.0900 -1.088473 4.993449
36190 18.0950 -1.090188 5.131430
36200 18.1000 -1.091773 5.259549
36210 18.1050 -1.093364 5.935711
36220 18.1100 -1.094904 6.060386
36230 18.1150 -1.096674 6.203570
36240 18.1200 -1.098370 6.340439
36250 18.1250 -1.099807 6.456152
36260 18.1300 -1.101153 6.564334
36270 18.1350 -1.102269 6.653859
36280 18.1400 -1.103136 6.723233
36290 18.1450 -1.103690 6.767458
36300 18.1500 -1.103930 6.786678
36310 18.1550 -1.103740 6.771513
36320 18.1600 -1.103355 6.740709
36330 18.1650 -1.102713 6.689386
36340 18.1700 -1.101908 6.624905
36350 18.1750 -1.101158 6.564731
36360 18.1800 -1.100588 6.518936
36370 18.1850 -1.100116 6.481001
36380 18.1900 -1.099892 6.462986
36390 18.1950 -1.099904 6.463987
36400 18.2000 -1.099942 6.466991
36410 18.2050 -1.100100 6.994144
36420 18.2100 -1.100280 7.008631
36430 18.2150 -1.100436 7.021135
36440 18.2200 -1.100518 7.027718
36450 18.2250 -1.100548 7.030134
36460 18.2300 -1.100641 7.037570
36470 18.2350 -1.100810 7.051140
36480 18.2400 -1.101063 7.071399
36490 18.2450 -1.101637 7.117266
36500 18.2500 -1.102215 7.163369
36510 18.2550 -1.102955 7.222221
36520 18.2600 -1.103742 7.284583
36530 18.2650 -1.104691 7.359481
36540 18.2700 -1.105600 7.430825
36550 18.2750 -1.106657 7.513451
36560 18.2800 -1.107645 7.590251
36570 18.2850 -1.108583 7.662795
36580 18.2900 -1.109517 7.734640
36590 18.2950 -1.110371 7.800046
36600 18.3000 -1.111278 7.869171
36610 18.3050 -1.111967 8.400025
36620 18.3100 -1.112367 8.430180
36630 18.3150 -1.112676 8.453435
36640 18.3200 -1.113095 8.484885
36650 18.3250 -1.113730 8.532298
36660 18.3300 -1.114035 8.554942
36670 18.3350 -1.114113 8.560747
36680 18.3400 -1.113947 8.548414
36690 18.3450 -1.113837 8.540202
36700 18.3500 -1.113580 8.521109
36710 18.3550 -1.113447 8.511182
36720 18.3600 -1.113250 8.496429
36730 18.3650 -1.112943 8.473500
36740 18.3700 -1.112448 8.436284
36750 18.3750 -1.111975 8.400666
36760 18.3800 -1.111440 8.360119
36770 18.3850 -1.110916 8.320259
36780 18.3900 -1.110432 8.283285
36790 18.3950 -1.109774 8.232816
36800 18.4000 -1.108990 8.172308
36810 18.4050 -1.108277 8.588235
36820 18.4100 -1.107606 8.535689
36830 18.4150 -1.106874 8.478009
36840 18.4200 -1.106041 8.411909
36850 18.4250 -1.105133 8.339143
36860 18.4300 -1.104279 8.270149
36870 18.4350 -1.103385 8.197411
36880 18.4400 -1.102423 8.118435
36890 18.4450 -1.101609 8.051070
36900 18.4500 -1.100754 7.979789
36910 18.4550 -1.099797 7.899356
36920 18.4600 -1.098927 7.825783
36930 18.4650 -1.098197 7.763611
36940 18.4700 -1.097661 7.717710
36950 18.4750 -1.097248 7.682260
36960 18.4800 -1.096907 7.652862
36970 18.4850 -1.096992 7.660188
36980 18.4900 -1.097284 7.685363
36990 18.4950 -1.097555 7.708597
37000 18.5000 -1.098006 7.747212
37010 18.5050 -1.098918 8.306605
37020 18.5100 -1.099834 8.383882
37030 18.5150 -1.100598 8.447746
37040 18.5200 -1.101455 8.518817
37050 18.5250 -1.102543 8.607998
37060 18.5300 -1.103722 8.703456
37070 18.5350 -1.104840 8.792752
37080 18.5400 -1.105989 8.883291
37090 18.5450 -1.107241 8.980510
37100 18.5500 -1.108482 9.075431
37110 18.5550 -1.109636 9.162250
37120 18.5600 -1.110793 9.248044
37130 18.5650 -1.112129 9.345488
37140 18.5700 -1.113698 9.457603
37150 18.5750 -1.115288 9.568850
37160 18.5800 -1.116969 9.683743
37170 18.5850 -1.118549 9.789209
37180 18.5900 -1.119778 9.869600
37190 18.5950 -1.121011 9.948848
37200 18.6000 -1.122267 10.028147
37210 18.6050 -1.123673 10.543427
37220 18.6100 -1.125258 10.638880
37230 18.6150 -1.126889 10.734335
37240 18.6200 -1.128534 10.827892
37250 18.6250 -1.130201 10.920022
37260 18.6300 -1.132074 11.020461
37270 18.6350 -1.133851 11.112800
37280 18.6400 -1.135467 11.194499
37290 18.6450 -1.136766 11.258556
37300 18.6500 -1.137673 11.302567
37310 18.6550 -1.138674 11.350356
37320 18.6600 -1.139961 11.410806
37330 18.6650 -1.141446 11.479128
37340 18.6700 -1.143245 11.559966
37350 18.6750 -1.145030 11.638318
37360 18.6800 -1.147141 11.728793
37370 18.6850 -1.149292 11.818804
37380 18.6900 -1.151757 11.919632
37390 18.6950 -1.154311 12.021912
37400 18.7000 -1.157068 12.130428
37410 18.7050 -1.159837 12.621994
37420 18.7100 -1.162642 12.728219
37430 18.7150 -1.165264 12.826112
37440 18.7200 -1.167834 12.921147
37450 18.7250 -1.170171 13.007082
37460 18.7300 -1.172217 13.082165
37470 18.7350 -1.173974 13.146688
37480 18.7400 -1.175604 13.206640
37490 18.7450 -1.177143 13.263386
37500 18.7500 -1.178312 13.306666
37510 18.7550 -1.179485 13.350177
37520 18.7600 -1.180545 13.389695
37530 18.7650 -1.181189 13.413766
37540 18.7700 -1.181456 13.423733
37550 18.7750 -1.181444 13.423303
37560 18.7800 -1.181103 13.410538
37570 18.7850 -1.180596 13.391594
37580 18.7900 -1.179830 13.363033
37590 18.7950 -1.178984 13.331584
37600 18.8000 -1.178324 13.307098
37610 18.8050 -1.177663 13.644652
37620 18.8100 -1.177340 13.632667
37630 18.8150 -1.177044 13.621684
37640 18.8200 -1.176999 13.619994
37650 18.8250 -1.177212 13.627892
37660 18.8300 -1.177644 13.643954
37670 18.8350 -1.178166 13.663298
37680 18.8400 -1.178902 13.690567
37690 18.8450 -1.179777 13.722962
37700 18.8500 -1.180821 13.761595
37710 18.8550 -1.181939 13.802977
37720 18.8600 -1.183286 13.852828
37730 18.8650 -1.184756 13.907259
37740 18.8700 -1.186403 13.968363
37750 18.8750 -1.188334 14.040168
37760 18.8800 -1.190232 14.110975
37770 18.8850 -1.192112 14.181413
37780 18.8900 -1.193879 14.247898
37790 18.8950 -1.195709 14.317105
37800 18.9000 -1.197507 14.385434
37810 18.9050 -1.199318 14.796986
37820 18.9100 -1.201327 14.873469
37830 18.9150 -1.203526 14.957132
37840 18.9200 -1.205639 15.037503
37850 18.9250 -1.207727 15.116925
37860 18.9300 -1.210008 15.203690
37870 18.9350 -1.212139 15.284816
37880 18.9400 -1.214027 15.356722
37890 18.9450 -1.215765 15.422939
37900 18.9500 -1.217489 15.488682
37910 18.9550 -1.219149 15.552040
37920 18.9600 -1.220318 15.596677
37930 18.9650 -1.221340 15.635738
37940 18.9700 -1.221974 15.659978
37950 18.9750 -1.222261 15.670978
37960 18.9800 -1.222287 15.671962
37970 18.9850 -1.222100 15.664809
37980 18.9900 -1.221577 15.644802
37990 18.9950 -1.220891 15.618565
38000 19.0000 -1.220163 15.590761
38010 19.0050 -1.219356 15.881893
38020 19.0100 -1.218422 15.846063
38030 19.0150 -1.217379 15.805968
38040 19.0200 -1.216239 15.762014
38050 19.0250 -1.215275 15.724700
38060 19.0300 -1.214528 15.695740
38070 19.0350 -1.214069 15.677925
38080 19.0400 -1.213995 15.675054
38090 19.0450 -1.214280 15.686118
38100 19.0500 -1.214828 15.707369
38110 19.0550 -1.215616 15.737916
38120 19.0600 -1.216767 15.782389
38130 19.0650 -1.218166 15.836229
38140 19.0700 -1.219613 15.891724
38150 19.0750 -1.221363 15.958535
38160 19.0800 -1.223056 16.022836
38170 19.0850 -1.224613 16.081771
38180 19.0900 -1.226283 16.144702
38190 19.0950 -1.227958 16.207556
38200 19.1000 -1.229642 16.270505
38210 19.1050 -1.231245 16.640970
38220 19.1100 -1.232890 16.701572
38230 19.1150 -1.234512 16.760769
38240 19.1200 -1.235857 16.809506
38250 19.1250 -1.236922 16.847843
38260 19.1300 -1.237823 16.880114
38270 19.1350 -1.238457 16.902773
38280 19.1400 -1.239172 16.928215
38290 19.1450 -1.239908 16.954314
38300 19.1500 -1.240652 16.980628
38310 19.1550 -1.241168 16.998818
38320 19.1600 -1.241632 17.015124
38330 19.1650 -1.242021 17.028785
38340 19.1700 -1.242162 17.033714
38350 19.1750 -1.242150 17.033301
38360 19.1800 -1.241984 17.027469
38370 19.1850 -1.241743 17.019023
38380 19.1900 -1.241429 17.007991
38390 19.1950 -1.240823 16.986643
38400 19.2000 -1.240127 16.962076
38410 19.2050 -1.239166 17.228034
38420 19.2100 -1.238068 17.188724
38430 19.2150 -1.237026 17.151111
38440 19.2200 -1.236177 17.120221
38450 19.2250 -1.235275 17.087140
38460 19.2300 -1.234310 17.051484
38470 19.2350 -1.233410 17.018008
38480 19.2400 -1.232703 16.991522
38490 19.2450 -1.232173 16.971544
38500 19.2500 -1.232006 16.965252
38510 19.2550 -1.231755 16.955758
38520 19.2600 -1.231502 16.946157
38530 19.2650 -1.231385 16.941698
38540 19.2700 -1.231535 16.947398
38550 19.2750 -1.231918 16.961909
38560 19.2800 -1.232574 16.986657
38570 19.2850 -1.233350 17.015763
38580 19.2900 -1.234510 17.058903
38590 19.2950 -1.235776 17.105550
38600 19.3000 -1.237410 17.165011
38610 19.3050 -1.239523 17.537459
38620 19.3100 -1.241835 17.618015
38630 19.3150 -1.244060 17.693540
38640 19.3200 -1.246287 17.767301
38650 19.3250 -1.248563 17.840791
38660 19.3300 -1.250810 17.911641
38670 19.3350 -1.252919 17.976616
38680 19.3400 -1.255212 18.045649
38690 19.3450 -1.257454 18.111652
38700 19.3500 -1.259681 18.175827
38710 19.3550 -1.261928 18.239184
38720 19.3600 -1.264176 18.301300
38730 19.3650 -1.266323 18.359432
38740 19.3700 -1.268204 18.409454
38750 19.3750 -1.269808 18.451463
38760 19.3800 -1.271132 18.485674
38770 19.3850 -1.272393 18.517881
38780 19.3900 -1.273429 18.544073
38790 19.3950 -1.274220 18.563920
38800 19.4000 -1.274595 18.573279
38810 19.4050 -1.274559 18.848649
38820 19.4100 -1.274076 18.836568
38830 19.4150 -1.273254 18.815844
38840 19.4200 -1.272260 18.790488
38850 19.4250 -1.271139 18.761472
38860 19.4300 -1.269878 18.728318
38870 19.4350 -1.268813 18.699913
38880 19.4400 -1.267735 18.670749
38890 19.4450 -1.266618 18.640096
38900 19.4500 -1.265399 18.606190
38910 19.4550 -1.264480 18.580261
38920 19.4600 -1.263830 18.561762
38930 19.4650 -1.263393 18.549241
38940 19.4700 -1.263298 18.546490
38950 19.4750 -1.263482 18.551790
38960 19.4800 -1.263636 18.556200
38970 19.4850 -1.264105 18.569595
38980 19.4900 -1.264929 18.592962
38990 19.4950 -1.265919 18.620710
39000 19.5000 -1.267217 18.656583
39010 19.5050 -1.268850 18.975828
39020 19.5100 -1.270795 19.026868
39030 19.5150 -1.272913 19.080489
39040 19.5200 -1.275007 19.131543
39050 19.5250 -1.276880 19.175533
39060 19.5300 -1.278944 19.222189
39070 19.5350 -1.280993 19.266608
39080 19.5400 -1.282856 19.305323
39090 19.5450 -1.284415 19.336506
39100 19.5500 -1.285866 19.364525
39110 19.5550 -1.287098 19.387552
39120 19.5600 -1.288107 19.405872
39130 19.5650 -1.289116 19.423713
39140 19.5700 -1.290056 19.439913
39150 19.5750 -1.290830 19.452916
39160 19.5800 -1.291463 19.463356
39170 19.5850 -1.292096 19.473582
39180 19.5900 -1.292465 19.479459
39190 19.5950 -1.292782 19.484463
39200 19.6000 -1.292803 19.484781
39210 19.6050 -1.292448 19.742826
39220 19.6100 -1.291947 19.734796
39230 19.6150 -1.291306 19.724307
39240 19.6200 -1.290514 19.711005
39250 19.6250 -1.289451 19.692589
39260 19.6300 -1.288309 19.672056
39270 19.6350 -1.287192 19.651260
39280 19.6400 -1.286030 19.628864
39290 19.6450 -1.284860 19.605542
39300 19.6500 -1.283672 19.581062
39310 19.6550 -1.282640 19.559160
39320 19.6600 -1.281718 19.539095
39330 19.6650 -1.280941 19.521816
39340 19.6700 -1.280276 19.506768
39350 19.6750 -1.280072 19.502105
39360 19.6800 -1.279925 19.498732
39370 19.6850 -1.279939 19.499049
39380 19.6900 -1.280077 19.502215
39390 19.6950 -1.280443 19.510571
39400 19.7000 -1.280839 19.519534
39410 19.7050 -1.281449 19.796305
39420 19.7100 -1.282306 19.815010
39430 19.7150 -1.283214 19.834295
39440 19.7200 -1.284141 19.853419
39450 19.7250 -1.285208 19.874725
39460 19.7300 -1.286170 19.893290
39470 19.7350 -1.287017 19.909102
39480 19.7400 -1.288221 19.930770
39490 19.7450 -1.289374 19.950591
39500 19.7500 -1.290293 19.965742
39510 19.7550 -1.291189 19.979957
39520 19.7600 -1.292191 19.995200
39530 19.7650 -1.293307 20.011365
39540 19.7700 -1.294538 20.028198
39550 19.7750 -1.295477 20.040339
39560 19.7800 -1.296370 20.051322
39570 19.7850 -1.297175 20.060746
39580 19.7900 -1.297841 20.068199
39590 19.7950 -1.298049 20.070463
39600 19.8000 -1.298155 20.071612
39610 19.8050 -1.298087 20.326693
39620 19.8100 -1.297676 20.322179
39630 19.8150 -1.297226 20.317095
39640 19.8200 -1.296708 20.311033
39650 19.8250 -1.296056 20.303107
39660 19.8300 -1.295299 20.293477
39670 19.8350 -1.294356 20.280850
39680 19.8400 -1.293522 20.269091
39690 19.8450 -1.292714 20.257179
39700 19.8500 -1.291916 20.244900
39710 19.8550 -1.290937 20.229171
39720 19.8600 -1.289809 20.210095
39730 19.8650 -1.288816 20.192497
39740 19.8700 -1.287668 20.171186
39750 19.8750 -1.286544 20.149327
39760 19.8800 -1.285450 20.127138
39770 19.8850 -1.284451 20.106061
39780 19.8900 -1.283490 20.085096
39790 19.8950 -1.282712 20.067593
39800 19.9000 -1.282260 20.057222
39810 19.9050 -1.282080 20.309052
39820 19.9100 -1.282401 20.316477
39830 19.9150 -1.282967 20.329357
39840 19.9200 -1.284025 20.352691
39850 19.9250 -1.285277 20.379075
39860 19.9300 -1.286834 20.409995
39870 19.9350 -1.288722 20.444662
39880 19.9400 -1.290968 20.481823
39890 19.9450 -1.293631 20.520129
39900 19.9500 -1.296441 20.553743
39910 19.9550 -1.299312 20.580861
39920 19.9600 -1.302296 20.601360
39930 19.9650 -1.305573 20.614956
39940 19.9700 -1.309138 20.619374
39950 19.9750 -1.312774 20.613132
39960 19.9800 -1.316600 20.595440
39970 19.9850 -1.320423 20.567151
39980 19.9900 -1.324221 20.529516
39990 19.9950 -1.327887 20.485235
40000 20.0000 -1.331572 20.433986
40010 20.0050 -1.335120 20.629931
40020 20.0100 -1.338395 20.574454
40030 20.0150 -1.341396 20.520644
40040 20.0200 -1.344121 20.470017
40050 20.0250 -1.346570 20.423598
40060 20.0300 -1.348662 20.383584
40070 20.0350 -1.350379 20.350721
40080 20.0400 -1.351987 20.320038
40090 20.0450 -1.353362 20.293974
40100 20.0500 -1.354092 20.280226
40110 20.0550 -1.354253 20.277201
40120 20.0600 -1.354198 20.278238
40130 20.0650 -1.353802 20.285677
40140 20.0700 -1.353021 20.300409
40150 20.0750 -1.351700 20.325493
40160 20.0800 -1.350124 20.355590
40170 20.0850 -1.348024 20.395798
40180 20.0900 -1.345763 20.438959
40190 20.0950 -1.343307 20.485284
40200 20.1000 -1.340743 20.532562
40210 20.1050 -1.338241 20.826665
40220 20.1100 -1.335605 20.870485
40230 20.1150 -1.333092 20.909083
40240 20.1200 -1.330537 20.944717
40250 20.1250 -1.328277 20.972840
40260 20.1300 -1.326193 20.995718
40270 20.1350 -1.324529 21.011735
40280 20.1400 -1.323355 21.021776
40290 20.1450 -1.322487 21.028514
40300 20.1500 -1.322036 21.031783
40310 20.1550 -1.322094 21.031372
40320 20.1600 -1.322955 21.024954
40330 20.1650 -1.324258 21.014148
40340 20.1700 -1.325965 20.998034
40350 20.1750 -1.327973 20.976360
40360 20.1800 -1.330081 20.950651
40370 20.1850 -1.332480 20.917974
40380 20.1900 -1.335286 20.875564
40390 20.1950 -1.338482 20.822511
40400 20.2000 -1.341943 20.760359
40410 20.2050 -1.345804 20.932921
40420 20.2100 -1.349772 20.852024
40430 20.2150 -1.353663 20.770139
40440 20.2200 -1.357467 20.689342
40450 20.2250 -1.361059 20.613740
40460 20.2300 -1.364496 20.543192
40470 20.2350 -1.367687 20.480051
40480 20.2400 -1.370646 20.424082
40490 20.2450 -1.373322 20.375954
40500 20.2500 -1.375672 20.335816
40510 20.2550 -1.377626 20.304025
40520 20.2600 -1.379287 20.278176
40530 20.2650 -1.380398 20.261498
40540 20.2700 -1.381163 20.250290
40550 20.2750 -1.381577 20.244314
40560 20.2800 -1.381510 20.245289
40570 20.2850 -1.380960 20.253245
40580 20.2900 -1.380069 20.266378
40590 20.2950 -1.379058 20.281676
40600 20.3000 -1.377780 20.301581
40610 20.3050 -1.376275 20.578542
40620 20.3100 -1.374817 20.602548
40630 20.3150 -1.373229 20.629336
40640 20.3200 -1.371513 20.659051
40650 20.3250 -1.369771 20.689935
40660 20.3300 -1.368164 20.719021
40670 20.3350 -1.366688 20.746191
40680 20.3400 -1.365116 20.775555
40690 20.3450 -1.363641 20.803431
40700 20.3500 -1.362349 20.828050
40710 20.3550 -1.361228 20.849556
40720 20.3600 -1.360285 20.867701
40730 20.3650 -1.359557 20.881745
40740 20.3700 -1.359169 20.889231
40750 20.3750 -1.358954 20.893383
40760 20.3800 -1.359213 20.888390
40770 20.3850 -1.359991 20.873376
40780 20.3900 -1.361119 20.851650
40790 20.3950 -1.362691 20.821515
40800 20.4000 -1.364614 20.784995
40810 20.4050 -1.366816 20.990192
40820 20.4100 -1.369458 20.941013
40830 20.4150 -1.372392 20.887379
40840 20.4200 -1.375530 20.831526
40850 20.4250 -1.378721 20.776626
40860 20.4300 -1.382214 20.718885
40870 20.4350 -1.385916 20.660467
40880 20.4400 -1.389691 20.603653
40890 20.4450 -1.393394 20.550270
40900 20.4500 -1.396893 20.501433
40910 20.4550 -1.400115 20.457291
40920 20.4600 -1.402986 20.418127
40930 20.4650 -1.405584 20.382458
40940 20.4700 -1.407864 20.350669
40950 20.4750 -1.409821 20.322828
40960 20.4800 -1.411191 20.302950
40970 20.4850 -1.412187 20.288252
40980 20.4900 -1.412616 20.281852
40990 20.4950 -1.412503 20.283545
41000 20.5000 -1.411968 20.291495
41010 20.5050 -1.410931 20.559631
41020 20.5100 -1.409593 20.578764
41030 20.5150 -1.407956 20.601509
41040 20.5200 -1.406269 20.624265
41050 20.5250 -1.404392 20.648933
41060 20.5300 -1.402172 20.677375
41070 20.5350 -1.400100 20.703406
41080 20.5400 -1.397872 20.731044
41090 20.5450 -1.395697 20.757882
41100 20.5500 -1.393581 20.784030
41110 20.5550 -1.391690 20.807558
41120 20.5600 -1.390155 20.826834
41130 20.5650 -1.388716 20.845093
41140 20.5700 -1.387250 20.863928
41150 20.5750 -1.386001 20.880184
41160 20.5800 -1.385041 20.892820
41170 20.5850 -1.384162 20.904490
41180 20.5900 -1.383492 20.913468
41190 20.5950 -1.383304 20.916005
41200 20.6000 -1.383231 20.916991
41210 20.6050 -1.383539 21.157777
41220 20.6100 -1.384272 21.147920
41230 20.6150 -1.385259 21.134684
41240 20.6200 -1.386391 21.119542
41250 20.6250 -1.387700 21.102086
41260 20.6300 -1.389389 21.079626
41270 20.6350 -1.391358 21.053435
41280 20.6400 -1.393316 21.027333
41290 20.6450 -1.395261 21.001229
41300 20.6500 -1.397233 20.974460
41310 20.6550 -1.399410 20.944449
41320 20.6600 -1.401715 20.911911
41330 20.6650 -1.404107 20.877117
41340 20.6700 -1.406530 20.840536
41350 20.6750 -1.408893 20.803295
41360 20.6800 -1.411066 20.767454
41370 20.6850 -1.413147 20.731532
41380 20.6900 -1.415288 20.692773
41390 20.6950 -1.417550 20.649619
41400 20.7000 -1.419509 20.610272
41410 20.7050 -1.421356 20.820064
41420 20.7100 -1.423048 20.782401
41430 20.7150 -1.424312 20.753070
41440 20.7200 -1.425079 20.734735
41450 20.7250 -1.425419 20.726477
41460 20.7300 -1.425421 20.726433
41470 20.7350 -1.425006 20.736509
41480 20.7400 -1.424205 20.755583
41490 20.7450 -1.423073 20.781828
41500 20.7500 -1.421587 20.815028
41510 20.7550 -1.419983 20.849280
41520 20.7600 -1.418388 20.881791
41530 20.7650 -1.416605 20.916343
41540 20.7700 -1.414794 20.949610
41550 20.7750 -1.412988 20.981076
41560 20.7800 -1.411301 21.008992
41570 20.7850 -1.409796 21.032783
41580 20.7900 -1.408245 21.056274
41590 20.7950 -1.406910 21.075718
41600 20.8000 -1.405663 21.093275
41610 20.8050 -1.404639 21.349975
41620 20.8100 -1.403934 21.359325
41630 20.8150 -1.403492 21.365080
41640 20.8200 -1.403173 21.369192
41650 20.8250 -1.403208 21.368740
41660 20.8300 -1.403816 21.360874
41670 20.8350 -1.404669 21.349564
41680 20.8400 -1.405791 21.334228
41690 20.8450 -1.407049 21.316364
41700 20.8500 -1.408495 21.294894
41710 20.8550 -1.410192 21.268356
41720 20.8600 -1.412176 21.235360
41730 20.8650 -1.414390 21.195867
41740 20.8700 -1.416876 21.147912
41750 20.8750 -1.419562 21.091554
41760 20.8800 -1.422471 21.024847
41770 20.8850 -1.425549 20.947584
41780 20.8900 -1.428607 20.863781
41790 20.8950 -1.431713 20.771276
41800 20.9000 -1.434960 20.666657
41810 20.9050 -1.438201 20.801813
41820 20.9100 -1.441550 20.675824
41830 20.9150 -1.444917 20.540184
41840 20.9200 -1.447914 20.412308
41850 20.9250 -1.450777 20.284396
41860 20.9300 -1.453422 20.161643
41870 20.9350 -1.455768 20.049541
41880 20.9400 -1.457836 19.948453
41890 20.9450 -1.459571 19.862259
41900 20.9500 -1.460853 19.797769
41910 20.9550 -1.461782 19.750698
41920 20.9600 -1.462343 19.722128
41930 20.9650 -1.462656 19.706147
41940 20.9700 -1.462634 19.707293
41950 20.9750 -1.462469 19.715694
41960 20.9800 -1.462101 19.734489
41970 20.9850 -1.461648 19.757518
41980 20.9900 -1.460939 19.793447
41990 20.9950 -1.459774 19.852089
42000 21.0000 -1.458476 19.916799
42010 21.0050 -1.456956 20.249477
42020 21.0100 -1.455343 20.327433
42030 21.0150 -1.453589 20.410396
42040 21.0200 -1.451993 20.484167
42050 21.0250 -1.450536 20.549982
42060 21.0300 -1.449120 20.612457
42070 21.0350 -1.447870 20.666357
42080 21.0400 -1.446939 20.705697
42090 21.0450 -1.446178 20.737320
42100 21.0500 -1.445651 20.758951
42110 21.0550 -1.445315 20.772653
42120 21.0600 -1.445181 20.778090
42130 21.0650 -1.445560 20.762665
42140 21.0700 -1.446574 20.720933
42150 21.0750 -1.448095 20.656726
42160 21.0800 -1.449887 20.578816
42170 21.0850 -1.451859 20.490302
42180 21.0900 -1.454013 20.390509
42190 21.0950 -1.456572 20.268171
42200 21.1000 -1.459232 20.136986
42210 21.1050 -1.462098 20.246368
42220 21.1100 -1.464961 20.096704
42230 21.1150 -1.467952 19.936741
42240 21.1200 -1.470822 19.780557
42250 21.1250 -1.473647 19.624996
42260 21.1300 -1.476356 19.474838
42270 21.1350 -1.478748 19.341868
42280 21.1400 -1.480792 19.228370
42290 21.1450 -1.482536 19.131822
42300 21.1500 -1.483797 19.062177
42310 21.1550 -1.484486 19.024281
42320 21.1600 -1.484716 19.011620
42330 21.1650 -1.484616 19.017134
42340 21.1700 -1.484421 19.027848
42350 21.1750 -1.483927 19.055019
42360 21.1800 -1.482954 19.108680
42370 21.1850 -1.481585 19.184404
42380 21.1900 -1.479984 19.273199
42390 21.1950 -1.478197 19.372504
42400 21.2000 -1.476445 19.469861
42410 21.2050 -1.474833 19.823062
42420 21.2100 -1.473214 19.912238
42430 21.2150 -1.471602 20.000361
42440 21.2200 -1.470177 20.077646
42450 21.2250 -1.468695 20.157218
42460 21.2300 -1.467446 20.223641
42470 21.2350 -1.466426 20.277379
42480 21.2400 -1.465634 20.318769
42490 21.2450 -1.464939 20.354841
42500 21.2500 -1.464336 20.385930
42510 21.2550 -1.463999 20.403224
42520 21.2600 -1.463759 20.415463
42530 21.2650 -1.463841 20.411284
42540 21.2700 -1.464053 20.400420
42550 21.2750 -1.464558 20.374473
42560 21.2800 -1.465356 20.333189
42570 21.2850 -1.466520 20.272453
42580 21.2900 -1.468020 20.193178
42590 21.2950 -1.469705 20.103062
42600 21.3000 -1.471404 20.011155
42610 21.3050 -1.473256 20.166375
42620 21.3100 -1.475096 20.064399
42630 21.3150 -1.476917 19.962553
42640 21.3200 -1.478702 19.861922
42650 21.3250 -1.480528 19.758344
42660 21.3300 -1.482384 19.652701
42670 21.3350 -1.484398 19.537741
42680 21.3400 -1.486368 19.425203
42690 21.3450 -1.488133 19.324540
42700 21.3500 -1.489723 19.234057
42710 21.3550 -1.491106 19.155562
42720 21.3600 -1.492178 19.094943
42730 21.3650 -1.492943 19.051811
42740 21.3700 -1.493510 19.019858
42750 21.3750 -1.493919 18.996892
42760 21.3800 -1.494198 18.981221
42770 21.3850 -1.493964 18.994357
42780 21.3900 -1.493199 19.037372
42790 21.3950 -1.492014 19.104186
42800 21.4000 -1.490751 19.175662
42810 21.4050 -1.489363 19.522235
42820 21.4100 -1.487756 19.613399
42830 21.4150 -1.486204 19.701358
42840 21.4200 -1.484400 19.803337
42850 21.4250 -1.482568 19.906474
42860 21.4300 -1.480846 20.002936
42870 21.4350 -1.479175 20.095922
42880 21.4400 -1.477612 20.182214
42890 21.4450 -1.475994 20.270735
42900 21.4500 -1.474764 20.337378
42910 21.4550 -1.473834 20.387411
42920 21.4600 -1.473306 20.415626
42930 21.4650 -1.473100 20.426625
42940 21.4700 -1.473287 20.416671
42950 21.4750 -1.473875 20.385183
42960 21.4800 -1.474809 20.334950
42970 21.4850 -1.476233 20.257719
42980 21.4900 -1.478029 20.159239
42990 21.4950 -1.480345 20.030879
43000 21.5000 -1.483176 19.872274
43010 21.5050 -1.486546 19.939802
43020 21.5100 -1.490232 19.728870
43030 21.5150 -1.494017 19.511141
43040 21.5200 -1.497652 19.302070
43050 21.5250 -1.501424 19.086252
43060 21.5300 -1.504980 18.884528
43070 21.5350 -1.508392 18.693130
43080 21.5400 -1.511462 18.522996
43090 21.5450 -1.514385 18.363136
43100 21.5500 -1.517046 18.219403
43110 21.5550 -1.519385 18.094574
43120 21.5600 -1.521404 17.987955
43130 21.5650 -1.522872 17.911100
43140 21.5700 -1.523953 17.854826
43150 21.5750 -1.524254 17.839220
43160 21.5800 -1.523835 17.860965
43170 21.5850 -1.522932 17.907992
43180 21.5900 -1.521685 17.973225
43190 21.5950 -1.520353 18.043363
43200 21.6000 -1.518838 18.123681
43210 21.6050 -1.517278 18.489585
43220 21.6100 -1.515489 18.585384
43230 21.6150 -1.513820 18.675183
43240 21.6200 -1.512116 18.767224
43250 21.6250 -1.510423 18.859068
43260 21.6300 -1.508727 18.951428
43270 21.6350 -1.506986 19.046567
43280 21.6400 -1.505411 19.132934
43290 21.6450 -1.504306 19.193647
43300 21.6500 -1.503685 19.227763
43310 21.6550 -1.503512 19.237308
43320 21.6600 -1.503696 19.227185
43330 21.6650 -1.504159 19.201687
43340 21.6700 -1.505079 19.151126
43350 21.6750 -1.506296 19.084379
43360 21.6800 -1.507756 19.004467
43370 21.6850 -1.509610 18.903323
43380 21.6900 -1.511932 18.777184
43390 21.6950 -1.514644 18.630810
43400 21.7000 -1.517761 18.463794
43410 21.7050 -1.521357 18.549929
43420 21.7100 -1.525275 18.341548
43430 21.7150 -1.529400 18.122721
43440 21.7200 -1.533743 17.892746
43450 21.7250 -1.538245 17.654917
43460 21.7300 -1.542755 17.417109
43470 21.7350 -1.546973 17.195401
43480 21.7400 -1.550940 16.987788
43490 21.7450 -1.554727 16.790792
43500 21.7500 -1.558079 16.617791
43510 21.7550 -1.560845 16.476393
43520 21.7600 -1.562925 16.371034
43530 21.7650 -1.564445 16.294646
43540 21.7700 -1.565144 16.259684
43550 21.7750 -1.565191 16.257384
43560 21.7800 -1.564565 16.288632
43570 21.7850 -1.563379 16.348146
43580 21.7900 -1.561842 16.425738
43590 21.7950 -1.559856 16.526795
43600 21.8000 -1.557428 16.651250
43610 21.8050 -1.554664 17.098488
43620 21.8100 -1.551502 17.261232
43630 21.8150 -1.548214 17.430133
43640 21.8200 -1.544718 17.609107
43650 21.8250 -1.541159 17.790429
43660 21.8300 -1.537550 17.973338
43670 21.8350 -1.533996 18.152612
43680 21.8400 -1.530736 18.316365
43690 21.8450 -1.527779 18.464411
43700 21.8500 -1.525281 18.589236
43710 21.8550 -1.523161 18.695043
43720 21.8600 -1.521601 18.772832
43730 21.8650 -1.520715 18.816964
43740 21.8700 -1.520590 18.823225
43750 21.8750 -1.521002 18.802663
43760 21.8800 -1.521916 18.757092
43770 21.8850 -1.523408 18.682706
43780 21.8900 -1.525471 18.579738
43790 21.8950 -1.528181 18.444303
43800 21.9000 -1.531225 18.291822
43810 21.9050 -1.534686 18.397466
43820 21.9100 -1.538419 18.206783
43830 21.9150 -1.542357 18.002905
43840 21.9200 -1.546486 17.786215
43850 21.9250 -1.550638 17.565638
43860 21.9300 -1.554747 17.345141
43870 21.9350 -1.558613 17.136489
43880 21.9400 -1.562070 16.949547
43890 21.9450 -1.565134 16.784229
43900 21.9500 -1.567778 16.642365
43910 21.9550 -1.569894 16.529564
43920 21.9600 -1.571482 16.445551
43930 21.9650 -1.572430 16.395689
43940 21.9700 -1.572643 16.384529
43950 21.9750 -1.572118 16.412093
43960 21.9800 -1.571153 16.462902
43970 21.9850 -1.569647 16.542669
43980 21.9900 -1.567742 16.644241
43990 21.9950 -1.565406 16.769624
44000 22.0000 -1.562812 16.909459
44010 22.0050 -1.560098 17.356618
44020 22.0100 -1.557157 17.514144
44030 22.0150 -1.554328 17.664351
44040 22.0200 -1.551404 17.817874
44050 22.0250 -1.548673 17.959465
44060 22.0300 -1.546224 18.084841
44070 22.0350 -1.544002 18.197293
44080 22.0400 -1.542179 18.288542
44090 22.0450 -1.540820 18.355957
44100 22.0500 -1.539792 18.406673
44110 22.0550 -1.539163 18.437528
44120 22.0600 -1.539057 18.442739
44130 22.0650 -1.539565 18.417823
44140 22.0700 -1.540702 18.361809
44150 22.0750 -1.542401 18.277480
44160 22.0800 -1.544370 18.178774
44170 22.0850 -1.546898 18.050510
44180 22.0900 -1.549957 17.893081
44190 22.0950 -1.553370 17.714817
44200 22.1000 -1.557183 17.512752
44210 22.1050 -1.561196 17.588348
44220 22.1100 -1.565358 17.360551
44230 22.1150 -1.569652 17.123354
44240 22.1200 -1.574043 16.880457
44250 22.1250 -1.578287 16.647745
44260 22.1300 -1.582084 16.443194
44270 22.1350 -1.585745 16.250981
44280 22.1400 -1.588989 16.086103
44290 22.1450 -1.591713 15.952363
44300 22.1500 -1.593997 15.844096
44310 22.1550 -1.595865 15.758402
44320 22.1600 -1.597159 15.700622
44330 22.1650 -1.597865 15.669708
44340 22.1700 -1.598069 15.660841
44350 22.1750 -1.597827 15.671352
44360 22.1800 -1.596999 15.707702
44370 22.1850 -1.595831 15.759905
44380 22.1900 -1.594235 15.833043
44390 22.1950 -1.592325 15.922986
44400 22.2000 -1.590157 16.028209
44410 22.2050 -1.587977 16.451467
44420 22.2100 -1.585756 16.564070
44430 22.2150 -1.583400 16.685454
44440 22.2200 -1.581210 16.799715
44450 22.2250 -1.579285 16.901059
44460 22.2300 -1.577583 16.991190
44470 22.2350 -1.576218 17.063650
44480 22.2400 -1.575429 17.105598
44490 22.2450 -1.574946 17.131321
44500 22.2500 -1.574900 17.133757
44510 22.2550 -1.575228 17.116285
44520 22.2600 -1.576363 17.055946
44530 22.2650 -1.578155 16.960844
44540 22.2700 -1.580482 16.837979
44550 22.2750 -1.583164 16.697686
44560 22.2800 -1.586046 16.549230
44570 22.2850 -1.589237 16.388540
44580 22.2900 -1.592695 16.219781
44590 22.2950 -1.596284 16.052035
44600 22.3000 -1.599808 15.895774
44610 22.3050 -1.603368 16.063841
44620 22.3100 -1.606806 15.928675
44630 22.3150 -1.610234 15.803116
44640 22.3200 -1.613410 15.695447
44650 22.3250 -1.616307 15.604799
44660 22.3300 -1.619055 15.525569
44670 22.3350 -1.621421 15.462594
44680 22.3400 -1.623258 15.417015
44690 22.3450 -1.624574 15.386118
44700 22.3500 -1.625251 15.370782
44710 22.3550 -1.625313 15.369390
44720 22.3600 -1.625065 15.374967
44730 22.3650 -1.624457 15.388809
44740 22.3700 -1.623386 15.413956
44750 22.3750 -1.621917 15.449999
44760 22.3800 -1.620263 15.492814
44770 22.3850 -1.618254 15.547986
44780 22.3900 -1.616032 15.613110
44790 22.3950 -1.613707 15.685841
44800 22.4000 -1.611150 15.771179
44810 22.4050 -1.608503 16.183907
44820 22.4100 -1.605914 16.280151
44830 22.4150 -1.603195 16.385907
44840 22.4200 -1.600775 16.483692
44850 22.4250 -1.598648 16.572335
44860 22.4300 -1.596904 16.646691
44870 22.4350 -1.595623 16.702190
44880 22.4400 -1.594816 16.737545
44890 22.4450 -1.594418 16.755036
44900 22.4500 -1.594687 16.743204
44910 22.4550 -1.595638 16.701523
44920 22.4600 -1.597106 16.638015
44930 22.4650 -1.598918 16.560943
44940 22.4700 -1.601171 16.467458
44950 22.4750 -1.603925 16.357055
44960 22.4800 -1.607019 16.238542
44970 22.4850 -1.610084 16.127343
44980 22.4900 -1.613275 16.018585
44990 22.4950 -1.616660 15.911353
45000 22.5000 -1.619950 15.815287
45010 22.5050 -1.623222 16.045368
45020 22.5100 -1.626082 15.973503
45030 22.5150 -1.628547 15.915347
45040 22.5200 -1.630788 15.865325
45050 22.5250 -1.632788 15.822797
45060 22.5300 -1.634375 15.790387
45070 22.5350 -1.635588 15.766356
45080 22.5400 -1.636310 15.752323
45090 22.5450 -1.636302 15.752490
45100 22.5500 -1.635615 15.765831
45110 22.5550 -1.634311 15.791676
45120 22.5600 -1.632404 15.830809
45130 22.5650 -1.629889 15.885072
45140 22.5700 -1.627127 15.948435
45150 22.5750 -1.623998 16.025400
45160 22.5800 -1.620564 16.116522
45170 22.5850 -1.617040 16.217613
45180 22.5900 -1.613102 16.339636
45190 22.5950 -1.609048 16.475028
45200 22.6000 -1.605118 16.615235
45210 22.6050 -1.601302 17.063635
45220 22.6100 -1.597655 17.204789
45230 22.6150 -1.594224 17.340788
45240 22.6200 -1.591057 17.468401
45250 22.6250 -1.588200 17.584658
45260 22.6300 -1.585798 17.682829
45270 22.6350 -1.583750 17.766656
45280 22.6400 -1.582317 17.825259
45290 22.6450 -1.581655 17.852294
45300 22.6500 -1.581617 17.853838
45310 22.6550 -1.582019 17.837437
45320 22.6600 -1.582879 17.802303
45330 22.6650 -1.584306 17.743919
45340 22.6700 -1.586126 17.669406
45350 22.6750 -1.588129 17.587558
45360 22.6800 -1.590513 17.490454
45370 22.6850 -1.593042 17.388212
45380 22.6900 -1.595961 17.271578
45390 22.6950 -1.598894 17.156369
45400 22.7000 -1.601814 17.044174
45410 22.7050 -1.604730 17.233353
45420 22.7100 -1.607522 17.130507
45430 22.7150 -1.610299 17.030669
45440 22.7200 -1.612978 16.936870
45450 22.7250 -1.614997 16.867936
45460 22.7300 -1.616468 16.818739
45470 22.7350 -1.617412 16.787604
45480 22.7400 -1.618066 16.766264
45490 22.7450 -1.618163 16.763102
45500 22.7500 -1.617781 16.775538
45510 22.7550 -1.617031 16.800126
45520 22.7600 -1.615924 16.836831
45530 22.7650 -1.614136 16.897152
45540 22.7700 -1.611694 16.981481
45550 22.7750 -1.608912 17.080205
45560 22.7800 -1.605717 17.196746
45570 22.7850 -1.602181 17.329089
45580 22.7900 -1.598643 17.464385
45590 22.7950 -1.595213 17.597539
45600 22.8000 -1.591806 17.730989
45610 22.8050 -1.588606 18.144560
45620 22.8100 -1.585554 18.262507
45630 22.8150 -1.582674 18.372086
45640 22.8200 -1.580039 18.470583
45650 22.8250 -1.577516 18.562989
45660 22.8300 -1.575399 18.638959
45670 22.8350 -1.573640 18.700916
45680 22.8400 -1.572208 18.750502
45690 22.8450 -1.571266 18.782709
45700 22.8500 -1.570756 18.800008
45710 22.8550 -1.570642 18.803855
45720 22.8600 -1.570856 18.796598
45730 22.8650 -1.571418 18.777520
45740 22.8700 -1.572549 18.738756
45750 22.8750 -1.573897 18.691936
45760 22.8800 -1.575386 18.639429
45770 22.8850 -1.576764 18.590176
45780 22.8900 -1.578185 18.538691
45790 22.8950 -1.579871 18.476804
45800 22.9000 -1.581619 18.411739
45810 22.9050 -1.583380 18.623802
45820 22.9100 -1.585137 18.556366
45830 22.9150 -1.586792 18.491948
45840 22.9200 -1.588271 18.433680
45850 22.9250 -1.589491 18.385220
45860 22.9300 -1.590567 18.342198
45870 22.9350 -1.591436 18.307219
45880 22.9400 -1.591993 18.284739
45890 22.9450 -1.592291 18.272708
45900 22.9500 -1.592256 18.274130
45910 22.9550 -1.591909 18.288148
45920 22.9600 -1.591139 18.319196
45930 22.9650 -1.589927 18.367815
45940 22.9700 -1.588082 18.441191
45950 22.9750 -1.585865 18.528149
45960 22.9800 -1.583383 18.623705
45970 22.9850 -1.580579 18.729077
45980 22.9900 -1.577256 18.849942
45990 22.9950 -1.573691 18.974226
46000 23.0000 -1.570114 19.092912
46010 23.0050 -1.566209 19.483447
46020 23.0100 -1.562327 19.595042
46030 23.0150 -1.558336 19.700384
46040 23.0200 -1.554457 19.794024
46050 23.0250 -1.550872 19.873541
46060 23.0300 -1.547589 19.941040
46070 23.0350 -1.544606 19.998503
46080 23.0400 -1.541909 20.047805
46090 23.0450 -1.539779 20.085218
46100 23.0500 -1.538116 20.113683
46110 23.0550 -1.536954 20.133229
46120 23.0600 -1.536387 20.142675
46130 23.0650 -1.535975 20.149516
46140 23.0700 -1.535879 20.151106
46150 23.0750 -1.536030 20.148617
46160 23.0800 -1.536575 20.139553
46170 23.0850 -1.537647 20.121594
46180 23.0900 -1.538804 20.101981
46190 23.0950 -1.540070 20.080181
46200 23.1000 -1.541337 20.057968
46210 23.1050 -1.542809 20.287485
46220 23.1100 -1.544573 20.254580
46230 23.1150 -1.546524 20.216565
46240 23.1200 -1.548454 20.177116
46250 23.1250 -1.550165 20.140524
46260 23.1300 -1.551949 20.100618
46270 23.1350 -1.553560 20.062980
46280 23.1400 -1.554970 20.028767
46290 23.1450 -1.556185 19.998281
46300 23.1500 -1.557214 19.971728
46310 23.1550 -1.557822 19.955721
46320 23.1600 -1.557929 19.952884
46330 23.1650 -1.557560 19.962637
46340 23.1700 -1.556897 19.979985
46350 23.1750 -1.555992 20.003177
46360 23.1800 -1.554892 20.030682
46370 23.1850 -1.553586 20.062358
46380 23.1900 -1.552096 20.097236
46390 23.1950 -1.550241 20.138859
46400 23.2000 -1.548367 20.178929
46410 23.2050 -1.546156 20.478029
46420 23.2100 -1.543805 20.522427
46430 23.2150 -1.541168 20.568729
46440 23.2200 -1.538367 20.614333
46450 23.2250 -1.535553 20.656976
46460 23.2300 -1.532405 20.701633
46470 23.2350 -1.529065 20.746400
46480 23.2400 -1.525562 20.791551
46490 23.2450 -1.522062 20.835934
46500 23.2500 -1.518699 20.878908
46510 23.2550 -1.515586 20.919752
46520 23.2600 -1.512558 20.961066
46530 23.2650 -1.509491 21.005013
46540 23.2700 -1.506725 21.046826
46550 23.2750 -1.504312 21.085184
46560 23.2800 -1.502283 21.118877
46570 23.2850 -1.500936 21.142006
46580 23.2900 -1.500085 21.156914
46590 23.2950 -1.499566 21.166135
46600 23.3000 -1.499250 21.171799
46610 23.3050 -1.499258 21.413406
46620 23.3100 -1.499772 21.404216
46630 23.3150 -1.500772 21.386502
46640 23.3200 -1.501939 21.366143
46650 23.3250 -1.503166 21.345075
46660 23.3300 -1.504495 21.322652
46670 23.3350 -1.506027 21.297289
46680 23.3400 -1.507649 21.271000
46690 23.3450 -1.509328 21.244324
46700 23.3500 -1.510970 21.218742
46710 23.3550 -1.512159 21.200481
46720 23.3600 -1.513132 21.185699
46730 23.3650 -1.513960 21.173224
46740 23.3700 -1.514655 21.162812
46750 23.3750 -1.515102 21.156137
46760 23.3800 -1.515172 21.155092
46770 23.3850 -1.514710 21.161982
46780 23.3900 -1.513968 21.173110
46790 23.3950 -1.512677 21.192593
46800 23.4000 -1.510793 21.221479
46810 23.4050 -1.508630 21.496271
46820 23.4100 -1.506199 21.534604
46830 23.4150 -1.503433 21.579076
46840 23.4200 -1.500389 21.629240
46850 23.4250 -1.497237 21.682629
46860 23.4300 -1.493738 21.743652
46870 23.4350 -1.489974 21.811168
46880 23.4400 -1.485905 21.885971
46890 23.4450 -1.481910 21.960512
46900 23.4500 -1.477900 22.035549
46910 23.4550 -1.474115 22.105551
46920 23.4600 -1.470380 22.172821
46930 23.4650 -1.466647 22.237190
46940 23.4700 -1.463286 22.291819
46950 23.4750 -1.460212 22.338310
46960 23.4800 -1.457389 22.377596
46970 23.4850 -1.454815 22.410213
46980 23.4900 -1.452758 22.433883
46990 23.4950 -1.451206 22.450248
47000 23.5000 -1.450136 22.460752
47010 23.5050 -1.449462 22.693288
47020 23.5100 -1.449175 22.695865
47030 23.5150 -1.449305 22.694710
47040 23.5200 -1.449701 22.691108
47050 23.5250 -1.450418 22.684321
47060 23.5300 -1.451478 22.673673
47070 23.5350 -1.452725 22.660218
47080 23.5400 -1.454369 22.641000
47090 23.5450 -1.456312 22.616187
47100 23.5500 -1.458539 22.585120
47110 23.5550 -1.460944 22.548627
47120 23.5600 -1.463497 22.506836
47130 23.5650 -1.466016 22.462855
47140 23.5700 -1.468514 22.416919
47150 23.5750 -1.471138 22.366526
47160 23.5800 -1.473562 22.318402
47170 23.5850 -1.475490 22.279251
47180 23.5900 -1.477064 22.246837
47190 23.5950 -1.478458 22.217868
47200 23.6000 -1.479439 22.197370
47210 23.6050 -1.479948 22.416052
47220 23.6100 -1.480208 22.410560
47230 23.6150 -1.479994 22.415076
47240 23.6200 -1.479178 22.432174
47250 23.6250 -1.477953 22.457649
47260 23.6300 -1.476409 22.489305
47270 23.6350 -1.474221 22.533215
47280 23.6400 -1.471489 22.586133
47290 23.6450 -1.468370 22.643423
47300 23.6500 -1.464922 22.702159
47310 23.6550 -1.461331 22.757278
47320 23.6600 -1.457640 22.806554
47330 23.6650 -1.453968 22.847287
47340 23.6700 -1.450123 22.880289
47350 23.6750 -1.446035 22.903859
47360 23.6800 -1.441949 22.915095
47370 23.6850 -1.437919 22.913988
47380 23.6900 -1.433920 22.901125
47390 23.6950 -1.429957 22.877337
47400 23.7000 -1.426106 22.844468
47410 23.7050 -1.422542 23.027641
47420 23.7100 -1.419273 22.985514
47430 23.7150 -1.416421 22.944230
47440 23.7200 -1.414039 22.906999
47450 23.7250 -1.412231 22.877324
47460 23.7300 -1.410960 22.855815
47470 23.7350 -1.410314 22.844711
47480 23.7400 -1.410209 22.842893
47490 23.7450 -1.410530 22.848436
47500 23.7500 -1.411328 22.862094
47510 23.7550 -1.412528 22.882268
47520 23.7600 -1.413971 22.905897
47530 23.7650 -1.415831 22.935227
47540 23.7700 -1.418015 22.967773
47550 23.7750 -1.420445 23.001299
47560 23.7800 -1.423206 23.035459
47570 23.7850 -1.426066 23.065937
47580 23.7900 -1.429070 23.092063
47590 23.7950 -1.432203 23.112348
47600 23.8000 -1.435234 23.124816
47610 23.8050 -1.438200 23.348231
47620 23.8100 -1.440987 23.345429
47630 23.8150 -1.443677 23.336036
47640 23.8200 -1.446329 23.320380
47650 23.8250 -1.449075 23.297611
47660 23.8300 -1.451541 23.271613
47670 23.8350 -1.453525 23.247033
47680 23.8400 -1.454987 23.226909
47690 23.8450 -1.456095 23.210554
47700 23.8500 -1.456729 23.200777
47710 23.8550 -1.456951 23.197286
47720 23.8600 -1.456769 23.200148
47730 23.8650 -1.456112 23.210294
47740 23.8700 -1.454951 23.227421
47750 23.8750 -1.453294 23.250063
47760 23.8800 -1.451136 23.276238
47770 23.8850 -1.448489 23.303023
47780 23.8900 -1.445204 23.327791
47790 23.8950 -1.441533 23.344055
47800 23.9000 -1.437614 23.347924
47810 23.9050 -1.433372 23.551975
47820 23.9100 -1.428786 23.519602
47830 23.9150 -1.423915 23.464894
47840 23.9200 -1.418987 23.390703
47850 23.9250 -1.414110 23.301750
47860 23.9300 -1.409216 23.200603
47870 23.9350 -1.404559 23.096859
47880 23.9400 -1.400384 23.000564
47890 23.9450 -1.396815 22.917670
47900 23.9500 -1.393835 22.849164
47910 23.9550 -1.391200 22.789764
47920 23.9600 -1.389159 22.744834
47930 23.9650 -1.387424 22.707577
47940 23.9700 -1.386135 22.680497
47950 23.9750 -1.385320 22.663671
47960 23.9800 -1.385200 22.661209
47970 23.9850 -1.385576 22.668923
47980 23.9900 -1.386584 22.689874
47990 23.9950 -1.387970 22.719215
48000 24.0000 -1.389731 22.757319
48010 24.0050 -1.391901 23.028079
48020 24.0100 -1.394218 23.079854
48030 24.0150 -1.396638 23.134311
48040 24.0200 -1.399033 23.188177
48050 24.0250 -1.401164 23.235768
48060 24.0300 -1.403149 23.279520
48070 24.0350 -1.405019 23.320015
48080 24.0400 -1.406687 23.355334
48090 24.0450 -1.408067 23.383912
48100 24.0500 -1.409139 23.405615
48110 24.0550 -1.409622 23.415245
48120 24.0600 -1.409562 23.414055
48130 24.0650 -1.408971 23.402231
48140 24.0700 -1.407971 23.381934
48150 24.0750 -1.406598 23.353482
48160 24.0800 -1.404523 23.309362
48170 24.0850 -1.401727 23.248258
48180 24.0900 -1.398312 23.172002
48190 24.0950 -1.394404 23.084028
48200 24.1000 -1.390113 22.988561
48210 24.1050 -1.385556 23.109908
48220 24.1100 -1.380614 23.006882
48230 24.1150 -1.375512 22.906970
48240 24.1200 -1.370339 22.813574
48250 24.1250 -1.365297 22.730535
48260 24.1300 -1.360474 22.657999
48270 24.1350 -1.356138 22.597608
48280 24.1400 -1.352080 22.544197
48290 24.1450 -1.348314 22.496255
48300 24.1500 -1.345231 22.457428
48310 24.1550 -1.342893 22.427841
48320 24.1600 -1.341165 22.405711
48330 24.1650 -1.340176 22.392905
48340 24.1700 -1.339798 22.387972
48350 24.1750 -1.340087 22.391743
48360 24.1800 -1.341110 22.405006
48370 24.1850 -1.342875 22.427616
48380 24.1900 -1.345106 22.455853
48390 24.1950 -1.347798 22.489746
48400 24.2000 -1.350918 22.529283
48410 24.2050 -1.354178 22.796508
48420 24.2100 -1.357586 22.840821
48430 24.2150 -1.361115 22.888119
48440 24.2200 -1.364624 22.937202
48450 24.2250 -1.368056 22.987645
48460 24.2300 -1.371291 23.037668
48470 24.2350 -1.374563 23.090838
48480 24.2400 -1.377567 23.141949
48490 24.2450 -1.380223 23.188864
48500 24.2500 -1.382529 23.230804
48510 24.2550 -1.384214 23.262071
48520 24.2600 -1.385262 23.281739
48530 24.2650 -1.385635 23.288786
48540 24.2700 -1.385760 23.291162
48550 24.2750 -1.385354 23.283481
48560 24.2800 -1.384452 23.266519
48570 24.2850 -1.382991 23.239328
48580 24.2900 -1.380977 23.202463
48590 24.2950 -1.378439 23.157186
48600 24.3000 -1.375476 23.106148
48610 24.3050 -1.372269 23.271730
48620 24.3100 -1.369039 23.219667
48630 24.3150 -1.365744 23.168174
48640 24.3200 -1.362449 23.118106
48650 24.3250 -1.359192 23.069720
48660 24.3300 -1.356235 23.026404
48670 24.3350 -1.353314 22.983827
48680 24.3400 -1.350332 22.940171
48690 24.3450 -1.347467 22.897647
48700 24.3500 -1.344616 22.854319
48710 24.3550 -1.341902 22.811756
48720 24.3600 -1.339637 22.774990
48730 24.3650 -1.337688 22.742270
48740 24.3700 -1.335911 22.711467
48750 24.3750 -1.334473 22.685776
48760 24.3800 -1.333294 22.664172
48770 24.3850 -1.332460 22.648563
48780 24.3900 -1.331815 22.636328
48790 24.3950 -1.331350 22.627398
48800 24.4000 -1.331127 22.623082
48810 24.4050 -1.331179 22.848492
48820 24.4100 -1.331613 22.856856
48830 24.4150 -1.332430 22.872328
48840 24.4200 -1.333663 22.895087
48850 24.4250 -1.335266 22.923660
48860 24.4300 -1.336923 22.952031
48870 24.4350 -1.338471 22.977544
48880 24.4400 -1.340037 23.002431
48890 24.4450 -1.341640 23.027061
48900 24.4500 -1.343149 23.049500
48910 24.4550 -1.344564 23.069945
48920 24.4600 -1.346112 23.091745
48930 24.4650 -1.347848 23.115538
48940 24.4700 -1.349733 23.140740
48950 24.4750 -1.351676 23.166135
48960 24.4800 -1.353448 23.188901
48970 24.4850 -1.355165 23.210715
48980 24.4900 -1.356583 23.228618
48990 24.4950 -1.357748 23.243270
49000 24.5000 -1.358620 23.254235
49010 24.5050 -1.359033 23.476659
49020 24.5100 -1.358780 23.473484
49030 24.5150 -1.357964 23.463203
49040 24.5200 -1.356630 23.446280
49050 24.5250 -1.354896 23.423956
49060 24.5300 -1.352889 23.397572
49070 24.5350 -1.350506 23.365300
49080 24.5400 -1.347791 23.326983
49090 24.5450 -1.344812 23.282592
49100 24.5500 -1.341656 23.232390
49110 24.5550 -1.338497 23.178304
49120 24.5600 -1.335329 23.119658
49130 24.5650 -1.332246 23.057908
49140 24.5700 -1.329272 22.993556
49150 24.5750 -1.326440 22.927605
49160 24.5800 -1.323747 22.860507
49170 24.5850 -1.321351 22.797024
49180 24.5900 -1.319363 22.741631
49190 24.5950 -1.317603 22.690491
49200 24.6000 -1.316258 22.650051
49210 24.6050 -1.315212 22.841847
49220 24.6100 -1.314354 22.814775
49230 24.6150 -1.313671 22.792824
49240 24.6200 -1.313200 22.777473
49250 24.6250 -1.312978 22.770185
49260 24.6300 -1.313032 22.771948
49270 24.6350 -1.313426 22.784858
49280 24.6400 -1.314175 22.809044
49290 24.6450 -1.314938 22.833248
49300 24.6500 -1.315748 22.858516
49310 24.6550 -1.316732 22.888539
49320 24.6600 -1.317941 22.924430
49330 24.6650 -1.319599 22.971923
49340 24.6700 -1.321195 23.015765
49350 24.6750 -1.322931 23.061383
49360 24.6800 -1.324878 23.109993
49370 24.6850 -1.326930 23.158406
49380 24.6900 -1.329014 23.204646
49390 24.6950 -1.331019 23.246462
49400 24.7000 -1.333014 23.285601
49410 24.7050 -1.334713 23.533801
49420 24.7100 -1.336173 23.559198
49430 24.7150 -1.337454 23.580384
49440 24.7200 -1.338488 23.596740
49450 24.7250 -1.339082 23.605858
49460 24.7300 -1.339360 23.610045
49470 24.7350 -1.339309 23.609285
49480 24.7400 -1.338658 23.599363
49490 24.7450 -1.337625 23.583127
49500 24.7500 -1.336186 23.559428
49510 24.7550 -1.334528 23.530482
49520 24.7600 -1.332766 23.497757
49530 24.7650 -1.330940 23.461579
49540 24.7700 -1.328982 23.420150
49550 24.7750 -1.326879 23.372508
49560 24.7800 -1.324720 23.320086
49570 24.7850 -1.322250 23.255688
49580 24.7900 -1.319664 23.183043
49590 24.7950 -1.317008 23.102869
49600 24.8000 -1.314434 23.019744
49610 24.8050 -1.311957 23.154304
49620 24.8100 -1.309697 23.071728
49630 24.8150 -1.307492 22.986887
49640 24.8200 -1.305465 22.905179
49650 24.8250 -1.303863 22.838223
49660 24.8300 -1.302729 22.789505
49670 24.8350 -1.301953 22.755596
49680 24.8400 -1.301478 22.734587
49690 24.8450 -1.301404 22.731324
49700 24.8500 -1.301754 22.746806
49710 24.8550 -1.302444 22.777105
49720 24.8600 -1.303463 22.821158
49730 24.8650 -1.305015 22.886576
49740 24.8700 -1.306953 22.965504
49750 24.8750 -1.309118 23.049852
49760 24.8800 -1.311550 23.139766
49770 24.8850 -1.314372 23.237532
49780 24.8900 -1.317361 23.333346
49790 24.8950 -1.320654 23.429683
49800 24.9000 -1.324062 23.519225
49810 24.9050 -1.327359 23.810156
49820 24.9100 -1.330728 23.878142
49830 24.9150 -1.333912 23.933284
49840 24.9200 -1.336972 23.978446
49850 24.9250 -1.339809 24.013976
49860 24.9300 -1.342537 24.042862
49870 24.9350 -1.345030 24.065154
49880 24.9400 -1.347168 24.081465
49890 24.9450 -1.349171 24.094633
49900 24.9500 -1.350812 24.104055
49910 24.9550 -1.352158 24.110951
49920 24.9600 -1.353196 24.115806
49930 24.9650 -1.353690 24.117982
49940 24.9700 -1.353912 24.118934
49950 24.9750 -1.353806 24.118485
49960 24.9800 -1.353303 24.116284
49970 24.9850 -1.352400 24.112116
49980 24.9900 -1.351037 24.105259
49990 24.9950 -1.349137 24.094425
50000 25.0000 -1.346852 24.079205
50010 25.0050 -1.344541 24.269078
50020 25.0100 -1.342118 24.246046
50030 25.0150 -1.339650 24.218222
50040 25.0200 -1.337021 24.183365
50050 25.0250 -1.334232 24.140059
50060 25.0300 -1.331344 24.087940
50070 25.0350 -1.328253 24.023510
50080 25.0400 -1.325167 23.949902
50090 25.0450 -1.322241 23.871274
50100 25.0500 -1.319380 23.785995
50110 25.0550 -1.316638 23.696359
50120 25.0600 -1.314017 23.603486
50130 25.0650 -1.311586 23.511169
50140 25.0700 -1.309345 23.420867
50150 25.0750 -1.307232 23.331222
50160 25.0800 -1.305247 23.243144
50170 25.0850 -1.303489 23.162127
50180 25.0900 -1.301863 23.084719
50190 25.0950 -1.300316 23.008958
50200 25.1000 -1.298861 22.935859
50210 25.1050 -1.297441 23.083547
50220 25.1100 -1.296068 23.011158
50230 25.1150 -1.294753 22.940327
50240 25.1200 -1.293739 22.884720
50250 25.1250 -1.292858 22.835731
50260 25.1300 -1.292089 22.792446
50270 25.1350 -1.291561 22.762512
50280 25.1400 -1.291256 22.745110
50290 25.1450 -1.290897 22.724478
50300 25.1500 -1.290537 22.703756
50310 25.1550 -1.290240 22.686597
50320 25.1600 -1.289987 22.671912
50330 25.1650 -1.289603 22.649533
50340 25.1700 -1.289051 22.617190
50350 25.1750 -1.288410 22.579298
50360 25.1800 -1.287698 22.536963
50370 25.1850 -1.286865 22.486922
50380 25.1900 -1.285943 22.431052
50390 25.1950 -1.285043 22.375975
50400 25.2000 -1.284317 22.331168
50410 25.2050 -1.283420 22.503100
50420 25.2100 -1.282453 22.442339
50430 25.2150 -1.281605 22.388488
50440 25.2200 -1.280522 22.319063
50450 25.2250 -1.279207 22.233774
50460 25.2300 -1.278028 22.156447
50470 25.2350 -1.276727 22.070202
50480 25.2400 -1.275111 21.961824
50490 25.2450 -1.273493 21.851914
50500 25.2500 -1.272110 21.757008
50510 25.2550 -1.270864 21.670761
50520 25.2600 -1.269689 21.588830
50530 25.2650 -1.268442 21.501232
50540 25.2700 -1.267255 21.417319
50550 25.2750 -1.266153 21.338933
50560 25.2800 -1.265353 21.281742
50570 25.2850 -1.264717 21.236145
50580 25.2900 -1.264372 21.211297
50590 25.2950 -1.264236 21.201568
50600 25.3000 -1.264139 21.194534
50610 25.3050 -1.264342 21.450669
50620 25.3100 -1.264689 21.475549
50630 25.3150 -1.265009 21.498539
50640 25.3200 -1.265519 21.535031
50650 25.3250 -1.266112 21.577262
50660 25.3300 -1.266508 21.605383
50670 25.3350 -1.266799 21.626017
50680 25.3400 -1.267133 21.649701
50690 25.3450 -1.267571 21.680567
50700 25.3500 -1.267840 21.699555
50710 25.3550 -1.268344 21.734926
50720 25.3600 -1.268789 21.766133
50730 25.3650 -1.269133 21.790126
50740 25.3700 -1.269242 21.797741
50750 25.3750 -1.269101 21.787881
50760 25.3800 -1.268874 21.772057
50770 25.3850 -1.268479 21.744393
50780 25.3900 -1.268142 21.720778
50790 25.3950 -1.268017 21.712002
50800 25.4000 -1.267897 21.703540
50810 25.4050 -1.267764 21.929442
50820 25.4100 -1.267616 21.919021
50830 25.4150 -1.267679 21.923436
50840 25.4200 -1.267653 21.921635
50850 25.4250 -1.267606 21.918341
50860 25.4300 -1.267598 21.917777
50870 25.4350 -1.267387 21.902843
50880 25.4400 -1.267168 21.887346
50890 25.4450 -1.266930 21.870561
50900 25.4500 -1.266651 21.850751
50910 25.4550 -1.266341 21.828704
50920 25.4600 -1.265881 21.795896
50930 25.4650 -1.265195 21.746740
50940 25.4700 -1.264425 21.691306
50950 25.4750 -1.263372 21.614953
50960 25.4800 -1.262210 21.530124
50970 25.4850 -1.260806 21.426782
50980 25.4900 -1.259242 21.310609
50990 25.4950 -1.257717 21.196277
51000 25.5000 -1.256244 21.084942
51010 25.5050 -1.255075 21.238787
51020 25.5100 -1.254165 21.169056
51030 25.5150 -1.253339 21.105437
51040 25.5200 -1.252491 21.039854
51050 25.5250 -1.251584 20.969324
51060 25.5300 -1.250659 20.897072
51070 25.5350 -1.249722 20.823485
51080 25.5400 -1.248706 20.743337
51090 25.5450 -1.247688 20.662663
51100 25.5500 -1.246538 20.571073
51110 25.5550 -1.245458 20.484603
51120 25.5600 -1.244477 20.405765
51130 25.5650 -1.243446 20.322614
51140 25.5700 -1.242448 20.241798
51150 25.5750 -1.241831 20.191728
51160 25.5800 -1.241414 20.157789
51170 25.5850 -1.241031 20.126577
51180 25.5900 -1.240901 20.116016
51190 25.5950 -1.240924 20.117891
51200 25.6000 -1.241073 20.130049
51210 25.6050 -1.241289 20.402626
51220 25.6100 -1.241391 20.410940
51230 25.6150 -1.241469 20.417321
51240 25.6200 -1.241452 20.415910
51250 25.6250 -1.241460 20.416590
51260 25.6300 -1.241368 20.409067
51270 25.6350 -1.241222 20.397159
51280 25.6400 -1.241113 20.388317
51290 25.6450 -1.240890 20.370119
51300 25.6500 -1.240680 20.352985
51310 25.6550 -1.240351 20.326154
51320 25.6600 -1.239860 20.285932
51330 25.6650 -1.239325 20.242075
51340 25.6700 -1.238948 20.211060
51350 25.6750 -1.238623 20.184364
51360 25.6800 -1.238286 20.156587
51370 25.6850 -1.237932 20.127356
51380 25.6900 -1.237503 20.091957
51390 25.6950 -1.237190 20.066066
51400 25.7000 -1.236787 20.032679
51410 25.7050 -1.236437 20.259977
51420 25.7100 -1.236224 20.242259
51430 25.7150 -1.235958 20.220168
51440 25.7200 -1.235676 20.196611
51450 25.7250 -1.235400 20.173599
51460 25.7300 -1.235099 20.148463
51470 25.7350 -1.234514 20.099542
51480 25.7400 -1.233855 20.044278
51490 25.7450 -1.233347 20.001554
51500 25.7500 -1.232977 19.970363
51510 25.7550 -1.232654 19.943103
51520 25.7600 -1.232554 19.934681
51530 25.7650 -1.232285 19.912012
51540 25.7700 -1.232067 19.893547
51550 25.7750 -1.231892 19.878746
51560 25.7800 -1.231613 19.855060
51570 25.7850 -1.231268 19.825878
51580 25.7900 -1.230860 19.791183
51590 25.7950 -1.230232 19.737762
51600 25.8000 -1.229502 19.675502
51610 25.8050 -1.228757 19.872908
51620 25.8100 -1.227955 19.804065
51630 25.8150 -1.226976 19.719775
51640 25.8200 -1.225720 19.611175
51650 25.8250 -1.224286 19.486608
51660 25.8300 -1.222729 19.350633
51670 25.8350 -1.221469 19.240234
51680 25.8400 -1.220354 19.142170
51690 25.8450 -1.219544 19.070735
51700 25.8500 -1.218843 19.008866
51710 25.8550 -1.218146 18.947317
51720 25.8600 -1.217594 18.898471
51730 25.8650 -1.217361 18.877852
51740 25.8700 -1.217277 18.870403
51750 25.8750 -1.217379 18.879468
51760 25.8800 -1.217655 18.903878
51770 25.8850 -1.218145 18.947239
51780 25.8900 -1.218803 19.005393
51790 25.8950 -1.219705 19.084968
51800 25.9000 -1.220791 19.180584
51810 25.9050 -1.221894 19.545210
51820 25.9100 -1.222901 19.633241
51830 25.9150 -1.223841 19.715106
51840 25.9200 -1.224745 19.793512
51850 25.9250 -1.225668 19.873205
51860 25.9300 -1.226432 19.938928
51870 25.9350 -1.227038 19.990824
51880 25.9400 -1.227638 20.042074
51890 25.9450 -1.228219 20.091585
51900 25.9500 -1.228635 20.126912
51910 25.9550 -1.228696 20.132082
51920 25.9600 -1.228648 20.128059
51930 25.9650 -1.228322 20.100331
51940 25.9700 -1.227881 20.062809
51950 25.9750 -1.227136 19.999195
51960 25.9800 -1.226347 19.931610
51970 25.9850 -1.225313 19.842606
51980 25.9900 -1.224075 19.735443
51990 25.9950 -1.222568 19.604195
52000 26.0000 -1.220795 19.448783
52010 26.0050 -1.218925 19.547680
52020 26.0100 -1.216952 19.371975
52030 26.0150 -1.214783 19.177317
52040 26.0200 -1.212526 18.973258
52050 26.0250 -1.210321 18.772767
52060 26.0300 -1.207939 18.555192
52070 26.0350 -1.205456 18.327722
52080 26.0400 -1.202831 18.086790
52090 26.0450 -1.200153 17.840938
52100 26.0500 -1.197471 17.595170
52110 26.0550 -1.195069 17.375791
52120 26.0600 -1.193113 17.197903
52130 26.0650 -1.191517 17.053279
52140 26.0700 -1.190256 16.939526
52150 26.0750 -1.189181 16.842822
52160 26.0800 -1.188442 16.776512
52170 26.0850 -1.188139 16.749365
52180 26.0900 -1.188054 16.741713
52190 26.0950 -1.187920 16.729754
52200 26.1000 -1.187820 16.720848
52210 26.1050 -1.188138 17.053077
52220 26.1100 -1.188601 17.094546
52230 26.1150 -1.188928 17.123820
52240 26.1200 -1.189290 17.156297
52250 26.1250 -1.189740 17.196664
52260 26.1300 -1.190071 17.226404
52270 26.1350 -1.190335 17.250083
52280 26.1400 -1.190526 17.267198
52290 26.1450 -1.190656 17.278886
52300 26.1500 -1.191078 17.316878
52310 26.1550 -1.191428 17.348303
52320 26.1600 -1.191761 17.378304
52330 26.1650 -1.192064 17.405586
52340 26.1700 -1.192353 17.431585
52350 26.1750 -1.192458 17.441032
52360 26.1800 -1.192448 17.440163
52370 26.1850 -1.192314 17.428071
52380 26.1900 -1.192008 17.400492
52390 26.1950 -1.191661 17.369301
52400 26.2000 -1.191141 17.322467
52410 26.2050 -1.190498 17.559260
52420 26.2100 -1.189681 17.485844
52430 26.2150 -1.188803 17.406894
52440 26.2200 -1.187648 17.303193
52450 26.2250 -1.186343 17.186037
52460 26.2300 -1.184828 17.050215
52470 26.2350 -1.183183 16.903048
52480 26.2400 -1.181428 16.746283
52490 26.2450 -1.179506 16.575167
52500 26.2500 -1.177671 16.412374
52510 26.2550 -1.175610 16.230106
52520 26.2600 -1.173479 16.042555
52530 26.2650 -1.171476 15.866962
52540 26.2700 -1.169584 15.701815
52550 26.2750 -1.167648 15.533527
52560 26.2800 -1.166017 15.392196
52570 26.2850 -1.164538 15.264578
52580 26.2900 -1.163057 15.137070
52590 26.2950 -1.161924 15.039767
52600 26.3000 -1.160987 14.959383
52610 26.3050 -1.160354 15.237793
52620 26.3100 -1.160100 15.216010
52630 26.3150 -1.160127 15.218366
52640 26.3200 -1.160413 15.242803
52650 26.3250 -1.160804 15.276298
52660 26.3300 -1.161419 15.329039
52670 26.3350 -1.162269 15.401822
52680 26.3400 -1.163287 15.489040
52690 26.3450 -1.164700 15.610173
52700 26.3500 -1.166202 15.739035
52710 26.3550 -1.167829 15.878700
52720 26.3600 -1.169695 16.039070
52730 26.3650 -1.171828 16.222630
52740 26.3700 -1.173905 16.401639
52750 26.3750 -1.175936 16.576947
52760 26.3800 -1.177834 16.741033
52770 26.3850 -1.179512 16.886310
52780 26.3900 -1.180815 16.999135
52790 26.3950 -1.181707 17.076414
52800 26.4000 -1.182370 17.133940
52810 26.4050 -1.182706 17.460530
52820 26.4100 -1.182684 17.458631
52830 26.4150 -1.182162 17.413311
52840 26.4200 -1.181325 17.340715
52850 26.4250 -1.180058 17.230747
52860 26.4300 -1.178525 17.097459
52870 26.4350 -1.176837 16.950474
52880 26.4400 -1.174870 16.779023
52890 26.4450 -1.172453 16.568116
52900 26.4500 -1.169774 16.334009
52910 26.4550 -1.166962 16.087910
52920 26.4600 -1.164177 15.843799
52930 26.4650 -1.161558 15.613720
52940 26.4700 -1.158914 15.380896
52950 26.4750 -1.156205 15.141563
52960 26.4800 -1.153398 14.892614
52970 26.4850 -1.150566 14.640153
52980 26.4900 -1.147892 14.400394
52990 26.4950 -1.145446 14.179544
53000 26.5000 -1.143200 13.975387
53010 26.5050 -1.141109 14.133449
53020 26.5100 -1.139185 13.955186
53030 26.5150 -1.137398 13.788039
53040 26.5200 -1.135878 13.644491
53050 26.5250 -1.135004 13.561380
53060 26.5300 -1.134537 13.516734
53070 26.5350 -1.134466 13.510015
53080 26.5400 -1.134740 13.536176
53090 26.5450 -1.135304 13.589945
53100 26.5500 -1.136354 13.689509
53110 26.5550 -1.137831 13.828674
53120 26.5600 -1.139480 13.982669
53130 26.5650 -1.141342 14.154980
53140 26.5700 -1.143285 14.332991
53150 26.5750 -1.145025 14.491022
53160 26.5800 -1.146692 14.641186
53170 26.5850 -1.148187 14.775009
53180 26.5900 -1.149695 14.909094
53190 26.5950 -1.151384 15.058404
53200 26.6000 -1.153198 15.217722
53210 26.6050 -1.155046 15.707089
53220 26.6100 -1.156787 15.857569
53230 26.6150 -1.158241 15.982407
53240 26.6200 -1.159593 16.097776
53250 26.6250 -1.160664 16.188744
53260 26.6300 -1.161380 16.249398
53270 26.6350 -1.162018 16.303191
53280 26.6400 -1.162468 16.341134
53290 26.6450 -1.162769 16.366498
53300 26.6500 -1.163053 16.390366
53310 26.6550 -1.162850 16.373250
53320 26.6600 -1.162265 16.324058
53330 26.6650 -1.161532 16.262240
53340 26.6700 -1.160492 16.174177
53350 26.6750 -1.159332 16.075577
53360 26.6800 -1.157984 15.960426
53370 26.6850 -1.156463 15.829706
53380 26.6900 -1.154910 15.695241
53390 26.6950 -1.153106 15.537943
53400 26.7000 -1.151086 15.360079
53410 26.7050 -1.149056 15.505016
53420 26.7100 -1.146855 15.306088
53430 26.7150 -1.144435 15.083732
53440 26.7200 -1.141880 14.844712
53450 26.7250 -1.139072 14.576635
53460 26.7300 -1.136098 14.286410
53470 26.7350 -1.133058 13.982727
53480 26.7400 -1.129893 13.658815
53490 26.7450 -1.126602 13.313492
53500 26.7500 -1.123262 12.954043
53510 26.7550 -1.119995 12.593628
53520 26.7600 -1.116696 12.220981
53530 26.7650 -1.113311 11.830009
53540 26.7700 -1.110102 11.451495
53550 26.7750 -1.107118 11.093165
53560 26.7800 -1.104109 10.726090
53570 26.7850 -1.101275 10.375668
53580 26.7900 -1.098382 10.013872
53590 26.7950 -1.095637 9.667386
53600 26.8000 -1.093170 9.353789
53610 26.8050 -1.090871 9.503283
53620 26.8100 -1.088941 9.255058
53630 26.8150 -1.087405 9.056739
53640 26.8200 -1.086148 8.894173
53650 26.8250 -1.085208 8.772283
53660 26.8300 -1.084638 8.698341
53670 26.8350 -1.084248 8.647829
53680 26.8400 -1.084289 8.653119
53690 26.8450 -1.084844 8.725109
53700 26.8500 -1.085856 8.856335
53710 26.8550 -1.087417 9.058371
53720 26.8600 -1.089123 9.278514
53730 26.8650 -1.091061 9.527697
53740 26.8700 -1.093314 9.815755
53750 26.8750 -1.095684 10.116299
53760 26.8800 -1.098213 10.433880
53770 26.8850 -1.101236 10.808559
53780 26.8900 -1.104770 11.238942
53790 26.8950 -1.108325 11.662406
53800 26.9000 -1.111949 12.083499
53810 26.9050 -1.115638 12.885169
53820 26.9100 -1.119393 13.294107
53830 26.9150 -1.123073 13.680393
53840 26.9200 -1.126813 14.058506
53850 26.9250 -1.130494 14.416562
53860 26.9300 -1.134087 14.753219
53870 26.9350 -1.137294 15.043466
53880 26.9400 -1.140216 15.300001
53890 26.9450 -1.142787 15.519897
53900 26.9500 -1.144964 15.702044
53910 26.9550 -1.146676 15.842838
53920 26.9600 -1.147961 15.947187
53930 26.9650 -1.148618 16.000106
53940 26.9700 -1.148824 16.016656
53950 26.9750 -1.148591 15.998001
53960 26.9800 -1.147929 15.944604
53970 26.9850 -1.146854 15.857395
53980 26.9900 -1.145377 15.736185
53990 26.9950 -1.143434 15.574412
54000 27.0000 -1.141079 15.374417
54010 27.0050 -1.138373 15.464192
54020 27.0100 -1.135487 15.204667
54030 27.0150 -1.132339 14.911648
54040 27.0200 -1.129005 14.589627
54050 27.0250 -1.125564 14.244171
54060 27.0300 -1.122175 13.890556
54070 27.0350 -1.118680 13.512045
54080 27.0400 -1.115107 13.110592
54090 27.0450 -1.111657 12.709415
54100 27.0500 -1.108294 12.305832
54110 27.0550 -1.104863 11.882295
54120 27.0600 -1.101497 11.455887
54130 27.0650 -1.098242 11.034470
54140 27.0700 -1.095091 10.618913
54150 27.0750 -1.092053 10.212317
54160 27.0800 -1.089370 9.849229
54170 27.0850 -1.087027 9.529892
54180 27.0900 -1.084966 9.247728
54190 27.0950 -1.083199 9.005023
54200 27.1000 -1.081627 8.788895
54210 27.1050 -1.080313 9.064543
54220 27.1100 -1.079337 8.930075
54230 27.1150 -1.078781 8.853358
54240 27.1200 -1.078458 8.808791
54250 27.1250 -1.078508 8.815619
54260 27.1300 -1.078733 8.846748
54270 27.1350 -1.079181 8.908544
54280 27.1400 -1.079545 8.958669
54290 27.1450 -1.079658 8.974227
54300 27.1500 -1.079835 8.998654
54310 27.1550 -1.080020 9.024135
54320 27.1600 -1.080202 9.049216
54330 27.1650 -1.080335 9.067563
54340 27.1700 -1.080607 9.105035
54350 27.1750 -1.080964 9.154262
54360 27.1800 -1.081185 9.184597
54370 27.1850 -1.081397 9.213835
54380 27.1900 -1.081613 9.243553
54390 27.1950 -1.081825 9.272732
54400 27.2000 -1.082212 9.325894
54410 27.2050 -1.082656 9.830979
54420 27.2100 -1.083125 9.895316
54430 27.2150 -1.083520 9.949403
54440 27.2200 -1.083764 9.982811
54450 27.2250 -1.083671 9.970134
54460 27.2300 -1.083270 9.915211
54470 27.2350 -1.082573 9.819659
54480 27.2400 -1.081656 9.693638
54490 27.2450 -1.080611 9.549587
54500 27.2500 -1.079490 9.394626
54510 27.2550 -1.078239 9.221350
54520 27.2600 -1.076664 9.002729
54530 27.2650 -1.074807 8.744374
54540 27.2700 -1.072731 8.455564
54550 27.2750 -1.070525 8.148995
54560 27.2800 -1.068329 7.844789
54570 27.2850 -1.066199 7.551011
54580 27.2900 -1.064061 7.258226
54590 27.2950 -1.062053 6.985278
54600 27.3000 -1.060288 6.747570
54610 27.3050 -1.058714 7.044368
54620 27.3100 -1.057321 6.859482
54630 27.3150 -1.055910 6.673484
54640 27.3200 -1.054493 6.488322
54650 27.3250 -1.053110 6.309022
54660 27.3300 -1.051705 6.128615
54670 27.3350 -1.050575 5.984832
54680 27.3400 -1.049648 5.867841
54690 27.3450 -1.048933 5.778255
54700 27.3500 -1.048473 5.720871
54710 27.3550 -1.048157 5.681579
54720 27.3600 -1.048046 5.667855
54730 27.3650 -1.048187 5.685266
54740 27.3700 -1.048732 5.753149
54750 27.3750 -1.049696 5.873900
54760 27.3800 -1.051031 6.042804
54770 27.3850 -1.052554 6.237390
54780 27.3900 -1.054398 6.475885
54790 27.3950 -1.056230 6.715577
54800 27.4000 -1.057863 6.931248
54810 27.4050 -1.059424 7.641068
54820 27.4100 -1.060872 7.834438
54830 27.4150 -1.062280 8.023051
54840 27.4200 -1.063298 8.159684
54850 27.4250 -1.064097 8.267117
54860 27.4300 -1.064737 8.353158
54870 27.4350 -1.065023 8.391582
54880 27.4400 -1.064813 8.363367
54890 27.4450 -1.064338 8.299432
54900 27.4500 -1.063816 8.229332
54910 27.4550 -1.062985 8.117688
54920 27.4600 -1.061873 7.968479
54930 27.4650 -1.060493 7.783762
54940 27.4700 -1.058797 7.557665
54950 27.4750 -1.057008 7.320343
54960 27.4800 -1.055070 7.065016
54970 27.4850 -1.052958 6.789350
54980 27.4900 -1.050922 6.526333
54990 27.4950 -1.049181 6.304066
55000 27.5000 -1.047363 6.074705
55010 27.5050 -1.045333 6.346686
55020 27.5100 -1.043232 6.088356
55030 27.5150 -1.040889 5.804777
55040 27.5200 -1.038323 5.500496
55050 27.5250 -1.035707 5.197359
55060 27.5300 -1.033468 4.944137
55070 27.5350 -1.031496 4.725966
55080 27.5400 -1.029774 4.539594
55090 27.5450 -1.028137 4.365891
55100 27.5500 -1.026661 4.212327
55110 27.5550 -1.025652 4.109096
55120 27.5600 -1.024939 4.037042
55130 27.5650 -1.024535 3.996474
55140 27.5700 -1.024206 3.963606
55150 27.5750 -1.024171 3.960160
55160 27.5800 -1.024295 3.972459
55170 27.5850 -1.024624 4.005381
55180 27.5900 -1.025266 4.070022
55190 27.5950 -1.026180 4.162930
55200 27.6000 -1.027262 4.274516
55210 27.6050 -1.028575 4.987497
55220 27.6100 -1.029687 5.105258
55230 27.6150 -1.030610 5.204016
55240 27.6200 -1.031426 5.292038
55250 27.6250 -1.031824 5.335225
55260 27.6300 -1.031998 5.354213
55270 27.6350 -1.031974 5.351594
55280 27.6400 -1.031653 5.316686
55290 27.6450 -1.031145 5.261648
55300 27.6500 -1.030399 5.181374
55310 27.6550 -1.029269 5.060888
55320 27.6600 -1.027956 4.922558
55330 27.6650 -1.026519 4.773356
55340 27.6700 -1.024845 4.602610
55350 27.6750 -1.022920 4.410266
55360 27.6800 -1.020856 4.208974
55370 27.6850 -1.018808 4.014316
55380 27.6900 -1.016700 3.819582
55390 27.6950 -1.014641 3.634823
55400 27.7000 -1.012643 3.460871
55410 27.7050 -1.010811 3.905774
55420 27.7100 -1.009188 3.771125
55430 27.7150 -1.007664 3.647363
55440 27.7200 -1.006123 3.524748
55450 27.7250 -1.004660 3.410729
55460 27.7300 -1.003612 3.330528
55470 27.7350 -1.002851 3.273044
55480 27.7400 -1.002385 3.238143
55490 27.7450 -1.002297 3.231605
55500 27.7500 -1.002468 3.244365
55510 27.7550 -1.002793 3.268687
55520 27.7600 -1.003267 3.304406
55530 27.7650 -1.004033 3.362592
55540 27.7700 -1.005016 3.438249
55550 27.7750 -1.006090 3.522156
55560 27.7800 -1.007490 3.633390
55570 27.7850 -1.009152 3.768182
55580 27.7900 -1.010899 3.913134
55590 27.7950 -1.012609 4.058149
55600 27.8000 -1.014160 4.192507
55610 27.8050 -1.015701 4.906317
55620 27.8100 -1.017275 5.046850
55630 27.8150 -1.018958 5.199406
55640 27.8200 -1.020729 5.362319
55650 27.8250 -1.022396 5.517926
55660 27.8300 -1.024077 5.677012
55670 27.8350 -1.025707 5.833175
55680 27.8400 -1.027190 5.977061
55690 27.8450 -1.028419 6.097391
55700 27.8500 -1.029462 6.200292
55710 27.8550 -1.029923 6.246062
55720 27.8600 -1.030036 6.257322
55730 27.8650 -1.029802 6.233982
55740 27.8700 -1.029022 6.156783
55750 27.8750 -1.028099 6.065906
55760 27.8800 -1.026957 5.954323
55770 27.8850 -1.025742 5.836552
55780 27.8900 -1.024330 5.701092
55790 27.8950 -1.022567 5.534033
55800 27.9000 -1.020641 5.354197
55810 27.9050 -1.018555 5.706850
55820 27.9100 -1.016340 5.505788
55830 27.9150 -1.014170 5.311642
55840 27.9200 -1.012165 5.134809
55850 27.9250 -1.010424 4.983352
55860 27.9300 -1.008872 4.849979
55870 27.9350 -1.007367 4.722117
55880 27.9400 -1.006039 4.610575
55890 27.9450 -1.004844 4.511313
55900 27.9500 -1.003928 4.435842
55910 27.9550 -1.003324 4.386380
55920 27.9600 -1.002897 4.351621
55930 27.9650 -1.002592 4.326819
55940 27.9700 -1.002492 4.318690
55950 27.9750 -1.002480 4.317745
55960 27.9800 -1.002773 4.341507
55970 27.9850 -1.003092 4.367470
55980 27.9900 -1.003446 4.396356
55990 27.9950 -1.004128 4.452243
56000 28.0000 -1.004894 4.515381
56010 28.0050 -1.005590 5.141735
56020 28.0100 -1.006419 5.210785
56030 28.0150 -1.007112 5.268697
56040 28.0200 -1.007950 5.339067
56050 28.0250 -1.008941 5.422638
56060 28.0300 -1.010256 5.534217
56070 28.0350 -1.011645 5.652824
56080 28.0400 -1.012941 5.764277
56090 28.0450 -1.014452 5.895047
56100 28.0500 -1.016161 6.044056
56110 28.0550 -1.017705 6.179657
56120 28.0600 -1.018869 6.282502
56130 28.0650 -1.020007 6.383515
56140 28.0700 -1.021143 6.484812
56150 28.0750 -1.022029 6.564210
56160 28.0800 -1.022619 6.617215
56170 28.0850 -1.023105 6.660921
56180 28.0900 -1.023357 6.683651
56190 28.0950 -1.023453 6.692309
56200 28.1000 -1.023410 6.688382
56210 28.1050 -1.023046 7.164207
56220 28.1100 -1.022491 7.114223
56230 28.1150 -1.021764 7.048768
56240 28.1200 -1.020631 6.946948
56250 28.1250 -1.019347 6.831771
56260 28.1300 -1.018018 6.712879
56270 28.1350 -1.016628 6.588916
56280 28.1400 -1.015311 6.471782
56290 28.1450 -1.014179 6.371370
56300 28.1500 -1.013237 6.288011
56310 28.1550 -1.012622 6.233625
56320 28.1600 -1.012335 6.208346
56330 28.1650 -1.012283 6.203718
56340 28.1700 -1.012595 6.231249
56350 28.1750 -1.013072 6.273390
56360 28.1800 -1.013790 6.336856
56370 28.1850 -1.014836 6.429543
56380 28.1900 -1.016223 6.552822
56390 28.1950 -1.017761 6.689922
56400 28.2000 -1.019441 6.840201
56410 28.2050 -1.021328 7.513820
56420 28.2100 -1.023597 7.716828
56430 28.2150 -1.026038 7.934828
56440 28.2200 -1.028507 8.155038
56450 28.2250 -1.031026 8.379174
56460 28.2300 -1.033747 8.620706
56470 28.2350 -1.036518 8.866112
56480 28.2400 -1.039226 9.105277
56490 28.2450 -1.041980 9.347801
56500 28.2500 -1.044618 9.579502
56510 28.2550 -1.047297 9.814111
56520 28.2600 -1.049966 10.047092
56530 28.2650 -1.052545 10.271536
56540 28.2700 -1.055010 10.485314
56550 28.2750 -1.057219 10.676274
56560 28.2800 -1.059471 10.870237
56570 28.2850 -1.061819 11.071675
56580 28.2900 -1.064163 11.271855
56590 28.2950 -1.066416 11.463318
56600 28.3000 -1.068573 11.645692
56610 28.3050 -1.070531 12.204426
56620 28.3100 -1.072233 12.346132
56630 28.3150 -1.073655 12.463567
56640 28.3200 -1.074776 12.555528
56650 28.3250 -1.075713 12.632015
56660 28.3300 -1.076409 12.688636
56670 28.3350 -1.076796 12.719995
56680 28.3400 -1.077051 12.740565
56690 28.3450 -1.076901 12.728500
56700 28.3500 -1.076589 12.703164
56710 28.3550 -1.076304 12.680053
56720 28.3600 -1.075826 12.641220
56730 28.3650 -1.075213 12.591282
56740 28.3700 -1.074373 12.522568
56750 28.3750 -1.073348 12.438281
56760 28.3800 -1.072392 12.359286
56770 28.3850 -1.071270 12.266092
56780 28.3900 -1.070082 12.166839
56790 28.3950 -1.069049 12.080115
56800 28.4000 -1.068198 12.008343
56810 28.4050 -1.067390 12.326943
56820 28.4100 -1.066506 12.251728
56830 28.4150 -1.065916 12.201251
56840 28.4200 -1.065349 12.152648
56850 28.4250 -1.064921 12.115829
56860 28.4300 -1.064742 12.100340
56870 28.4350 -1.064814 12.106615
56880 28.4400 -1.064837 12.108593
56890 28.4450 -1.064835 12.108418
56900 28.4500 -1.064980 12.120848
56910 28.4550 -1.065283 12.146955
56920 28.4600 -1.065941 12.203411
56930 28.4650 -1.067126 12.304568
56940 28.4700 -1.068367 12.409701
56950 28.4750 -1.069687 12.520599
56960 28.4800 -1.071024 12.631950
56970 28.4850 -1.072467 12.751113
56980 28.4900 -1.073912 12.869180
56990 28.4950 -1.075370 12.987184
57000 28.5000 -1.076751 13.097723
57010 28.5050 -1.078034 13.565250
57020 28.5100 -1.079204 13.656834
57030 28.5150 -1.080332 13.744134
57040 28.5200 -1.081270 13.815935
57050 28.5250 -1.082011 13.872223
57060 28.5300 -1.082519 13.910520
57070 28.5350 -1.083172 13.959478
57080 28.5400 -1.083819 14.007683
57090 28.5450 -1.084236 14.038597
57100 28.5500 -1.084721 14.074280
57110 28.5550 -1.085103 14.102304
57120 28.5600 -1.085605 14.139022
57130 28.5650 -1.086077 14.173231
57140 28.5700 -1.086407 14.197103
57150 28.5750 -1.087013 14.240729
57160 28.5800 -1.087828 14.298863
57170 28.5850 -1.088969 14.379423
57180 28.5900 -1.090161 14.462448
57190 28.5950 -1.091756 14.571701
57200 28.6000 -1.093598 14.695383
57210 28.6050 -1.095738 15.172566
57220 28.6100 -1.098101 15.322149
57230 28.6150 -1.100578 15.473544
57240 28.6200 -1.103024 15.617563
57250 28.6250 -1.105516 15.758872
57260 28.6300 -1.108015 15.895351
57270 28.6350 -1.110861 16.044520
57280 28.6400 -1.113900 16.196950
57290 28.6450 -1.117338 16.361353
57300 28.6500 -1.120891 16.523251
57310 28.6550 -1.124264 16.670181
57320 28.6600 -1.127468 16.804518
57330 28.6650 -1.130524 16.928659
57340 28.6700 -1.133363 17.041154
57350 28.6750 -1.136039 17.145196
57360 28.6800 -1.138750 17.249173
57370 28.6850 -1.141327 17.347081
57380 28.6900 -1.143918 17.445116
57390 28.6950 -1.146234 17.532692
57400 28.7000 -1.148313 17.611563
57410 28.7050 -1.150130 17.970898
57420 28.7100 -1.151519 18.023695
57430 28.7150 -1.152674 18.067691
57440 28.7200 -1.153626 18.104019
57450 28.7250 -1.154421 18.134438
57460 28.7300 -1.154972 18.155539
57470 28.7350 -1.155219 18.165028
57480 28.7400 -1.155301 18.168167
57490 28.7450 -1.155048 18.158477
57500 28.7500 -1.154513 18.137952
57510 28.7550 -1.153762 18.109230
57520 28.7600 -1.152929 18.077419
57530 28.7650 -1.152101 18.045858
57540 28.7700 -1.151267 18.014107
57550 28.7750 -1.150455 17.983239
57560 28.7800 -1.149683 17.953908
57570 28.7850 -1.148620 17.913482
57580 28.7900 -1.147358 17.865502
57590 28.7950 -1.146135 17.818941
57600 28.8000 -1.145116 17.780075
57610 28.8050 -1.144209 18.033122
57620 28.8100 -1.143476 18.004921
57630 28.8150 -1.142871 17.981548
57640 28.8200 -1.142618 17.971722
57650 28.8250 -1.142710 17.975304
57660 28.8300 -1.142897 17.982525
57670 28.8350 -1.143262 17.996634
57680 28.8400 -1.143981 18.024365
57690 28.8450 -1.145042 18.065014
57700 28.8500 -1.146415 18.117277
57710 28.8550 -1.148022 18.178012
57720 28.8600 -1.149805 18.245031
57730 28.8650 -1.151694 18.315652
57740 28.8700 -1.153706 18.390650
57750 28.8750 -1.155956 18.474419
57760 28.8800 -1.158412 18.565987
57770 28.8850 -1.160762 18.654030
57780 28.8900 -1.163249 18.747872
57790 28.8950 -1.165708 18.841534
57800 28.9000 -1.168021 18.930684
57810 28.9050 -1.170145 19.284557
57820 28.9100 -1.172090 19.360705
57830 28.9150 -1.173812 19.428616
57840 28.9200 -1.175366 19.490346
57850 28.9250 -1.176795 19.547460
57860 28.9300 -1.178044 19.597660
57870 28.9350 -1.179160 19.642803
57880 28.9400 -1.180261 19.687603
57890 28.9450 -1.181512 19.738760
57900 28.9500 -1.182732 19.788979
57910 28.9550 -1.183827 19.834335
57920 28.9600 -1.184803 19.874991
57930 28.9650 -1.185604 19.908521
57940 28.9700 -1.185987 19.924595
57950 28.9750 -1.186116 19.929979
57960 28.9800 -1.186123 19.930306
57970 28.9850 -1.185889 19.920465
57980 28.9900 -1.185302 19.895844
57990 28.9950 -1.184585 19.865898
58000 29.0000 -1.183884 19.836725
58010 29.0050 -1.183123 20.064057
58020 29.0100 -1.182271 20.028770
58030 29.0150 -1.181426 19.993855
58040 29.0200 -1.180766 19.966623
58050 29.0250 -1.180219 19.944116
58060 29.0300 -1.179857 19.929195
58070 29.0350 -1.179816 19.927538
58080 29.0400 -1.180028 19.936246
58090 29.0450 -1.180412 19.952033
58100 29.0500 -1.180842 19.969745
58110 29.0550 -1.181507 19.997167
58120 29.0600 -1.182438 20.035652
58130 29.0650 -1.183708 20.088322
58140 29.0700 -1.185125 20.147266
58150 29.0750 -1.186565 20.207447
58160 29.0800 -1.188335 20.281714
58170 29.0850 -1.190407 20.369120
58180 29.0900 -1.192512 20.458449
58190 29.0950 -1.194628 20.548721
58200 29.1000 -1.196745 20.639527
58210 29.1050 -1.198946 20.982653
58220 29.1100 -1.201098 21.075140
58230 29.1150 -1.203287 21.169167
58240 29.1200 -1.205401 21.259880
58250 29.1250 -1.207675 21.357276
58260 29.1300 -1.209849 21.450185
58270 29.1350 -1.211845 21.535265
58280 29.1400 -1.213457 21.603783
58290 29.1450 -1.214965 21.667688
58300 29.1500 -1.216551 21.734766
58310 29.1550 -1.218358 21.810882
58320 29.1600 -1.220340 21.894032
58330 29.1650 -1.222127 21.968669
58340 29.1700 -1.223615 22.030540
58350 29.1750 -1.224710 22.075913
58360 29.1800 -1.225638 22.114270
58370 29.1850 -1.226439 22.147304
58380 29.1900 -1.226994 22.170121
58390 29.1950 -1.227535 22.192335
58400 29.2000 -1.227824 22.204189
58410 29.2050 -1.228105 22.445017
58420 29.2100 -1.228199 22.448835
58430 29.2150 -1.228152 22.446920
58440 29.2200 -1.227813 22.433054
58450 29.2250 -1.227448 22.418044
58460 29.2300 -1.226977 22.398663
58470 29.2350 -1.226256 22.368930
58480 29.2400 -1.225438 22.335028
58490 29.2450 -1.224631 22.301462
58500 29.2500 -1.223729 22.263783
58510 29.2550 -1.222847 22.226762
58520 29.2600 -1.222190 22.199124
58530 29.2650 -1.221611 22.174651
58540 29.2700 -1.221203 22.157385
58550 29.2750 -1.220880 22.143688
58560 29.2800 -1.220839 22.141942
58570 29.2850 -1.221083 22.152298
58580 29.2900 -1.221523 22.170916
58590 29.2950 -1.222034 22.192516
58600 29.3000 -1.222785 22.224189
58610 29.3050 -1.223511 22.483661
58620 29.3100 -1.224545 22.526796
58630 29.3150 -1.225863 22.581270
58640 29.3200 -1.227250 22.638036
58650 29.3250 -1.228871 22.703664
58660 29.3300 -1.230594 22.772477
58670 29.3350 -1.232432 22.844917
58680 29.3400 -1.234371 22.920143
58690 29.3450 -1.236412 22.998065
58700 29.3500 -1.238473 23.075418
58710 29.3550 -1.240545 23.151829
58720 29.3600 -1.242819 23.234151
58730 29.3650 -1.245207 23.318865
58740 29.3700 -1.247428 23.396129
58750 29.3750 -1.249740 23.474955
58760 29.3800 -1.252177 23.556362
58770 29.3850 -1.254367 23.628022
58780 29.3900 -1.256622 23.700355
58790 29.3950 -1.258906 23.772137
58800 29.4000 -1.261267 23.844782
58810 29.4050 -1.263422 24.120282
58820 29.4100 -1.265496 24.180935
58830 29.4150 -1.267440 24.236325
58840 29.4200 -1.269226 24.285951
58850 29.4250 -1.270891 24.331135
58860 29.4300 -1.272554 24.375178
58870 29.4350 -1.274013 24.412931
58880 29.4400 -1.275369 24.447248
58890 29.4450 -1.276585 24.477388
58900 29.4500 -1.277811 24.507147
58910 29.4550 -1.278873 24.532426
58920 29.4600 -1.279787 24.553795
58930 29.4650 -1.280618 24.572897
58940 29.4700 -1.281079 24.583377
58950 29.4750 -1.281288 24.588101
58960 29.4800 -1.281228 24.586745
58970 29.4850 -1.280673 24.574154
58980 29.4900 -1.280021 24.559207
58990 29.4950 -1.279296 24.542345
59000 29.5000 -1.278283 24.518426
59010 29.5050 -1.276958 24.690017
59020 29.5100 -1.275617 24.656748
59030 29.5150 -1.274200 24.620615
59040 29.5200 -1.273059 24.590828
59050 29.5250 -1.271720 24.555069
59060 29.5300 -1.270331 24.517086
59070 29.5350 -1.268864 24.476022
59080 29.5400 -1.267360 24.432866
59090 29.5450 -1.265963 24.391886
59100 29.5500 -1.264763 24.355971
59110 29.5550 -1.263713 24.324021
59120 29.5600 -1.262854 24.297504
59130 29.5650 -1.262241 24.278396
59140 29.5700 -1.261617 24.258771
59150 29.5750 -1.261017 24.239744
59160 29.5800 -1.260740 24.230891
59170 29.5850 -1.260811 24.233181
59180 29.5900 -1.261222 24.246255
59190 29.5950 -1.261818 24.265122
59200 29.6000 -1.262605 24.289766
59210 29.6050 -1.263853 24.534221
59220 29.6100 -1.265348 24.579242
59230 29.6150 -1.266947 24.626053
59240 29.6200 -1.268771 24.677814
59250 29.6250 -1.270616 24.728326
59260 29.6300 -1.272398 24.775363
59270 29.6350 -1.274430 24.826852
59280 29.6400 -1.276647 24.880409
59290 29.6450 -1.279057 24.935449
59300 29.6500 -1.281367 24.985055
59310 29.6550 -1.283677 25.031523
59320 29.6600 -1.285910 25.073396
59330 29.6650 -1.287961 25.109151
59340 29.6700 -1.289936 25.141110
59350 29.6750 -1.291766 25.168515
59360 29.6800 -1.293312 25.190000
59370 29.6850 -1.294627 25.207038
59380 29.6900 -1.295704 25.220159
59390 29.6950 -1.296601 25.230495
59400 29.7000 -1.297442 25.239696
59410 29.7050 -1.298134 25.443087
59420 29.7100 -1.298480 25.446551
59430 29.7150 -1.298585 25.447585
59440 29.7200 -1.298207 25.443822
59450 29.7250 -1.297456 25.436034
59460 29.7300 -1.296555 25.426124
59470 29.7350 -1.295521 25.414024
59480 29.7400 -1.294344 25.399283
59490 29.7450 -1.293094 25.382512
59500 29.7500 -1.291858 25.364813
59510 29.7550 -1.290627 25.346089
59520 29.7600 -1.289657 25.330569
59530 29.7650 -1.288385 25.309217
59540 29.7700 -1.287198 25.288273
59550 29.7750 -1.286089 25.267801
59560 29.7800 -1.284899 25.244921
59570 29.7850 -1.283562 25.218063
59580 29.7900 -1.282116 25.187652
59590 29.7950 -1.280930 25.161698
59600 29.8000 -1.280026 25.141276
59610 29.8050 -1.279349 25.322805
59620 29.8100 -1.278692 25.307310
59630 29.8150 -1.278139 25.294010
59640 29.8200 -1.277818 25.286209
59650 29.8250 -1.277501 25.278420
59660 29.8300 -1.277383 25.275484
59670 29.8350 -1.277460 25.277397
59680 29.8400 -1.277849 25.286962
59690 29.8450 -1.278409 25.300528
59700 29.8500 -1.279050 25.315803
59710 29.8550 -1.279965 25.337062
59720 29.8600 -1.281171 25.364169
59730 29.8650 -1.282732 25.397665
59740 29.8700 -1.284317 25.429825
59750 29.8750 -1.286048 25.462786
59760 29.8800 -1.287966 25.496646
59770 29.8850 -1.290073 25.530551
59780 29.8900 -1.292242 25.561812
59790 29.8950 -1.294382 25.588988
59800 29.9000 -1.296422 25.611480
59810 29.9050 -1.298194 25.820631
59820 29.9100 -1.299895 25.834007
59830 29.9150 -1.301432 25.843877
59840 29.9200 -1.302918 25.851408
59850 29.9250 -1.304411 25.856993
59860 29.9300 -1.305883 25.860553
59870 29.9350 -1.307345 25.862191
59880 29.9400 -1.308707 25.862022
59890 29.9450 -1.309872 25.860590
59900 29.9500 -1.310997 25.858092
59910 29.9550 -1.312047 25.854778
59920 29.9600 -1.312953 25.851165
59930 29.9650 -1.313530 25.848503
59940 29.9700 -1.313759 25.847372
59950 29.9750 -1.313836 25.846979
59960 29.9800 -1.313812 25.847102
59970 29.9850 -1.313576 25.848282
59980 29.9900 -1.313283 25.849676
59990 29.9950 -1.312963 25.851120
60000 30.0000 -1.312545 25.852878
60010 30.0050 -1.311978 26.045118
60020 30.0100 -1.311452 26.046834
60030 30.0150 -1.310930 26.048279
60040 30.0200 -1.310073 26.050098
60050 30.0250 -1.309023 26.051386
60060 30.0300 -1.307784 26.051561
60070 30.0350 -1.306486 26.050174
60080 30.0400 -1.305358 26.047657
60090 30.0450 -1.304252 26.044002
60100 30.0500 -1.302932 26.038095
60110 30.0550 -1.301695 26.031039
60120 30.0600 -1.300512 26.022906
60130 30.0650 -1.299421 26.014209
60140 30.0700 -1.298574 26.006676
60150 30.0750 -1.297743 25.998605
60160 30.0800 -1.297150 25.992446
60170 30.0850 -1.296600 25.986436
60180 30.0900 -1.296007 25.979630
60190 30.0950 -1.295543 25.974069
60200 30.1000 -1.295141 25.969090
60210 30.1050 -1.294970 26.155903
60220 30.1100 -1.294981 26.156047
60230 30.1150 -1.295116 26.157750
60240 30.1200 -1.295482 26.162295
60250 30.1250 -1.295935 26.167730
60260 30.1300 -1.296832 26.177871
60270 30.1350 -1.297970 26.189550
60280 30.1400 -1.299069 26.199558
60290 30.1450 -1.300287 26.209180
60300 30.1500 -1.301550 26.217544
60310 30.1550 -1.302757 26.223983
60320 30.1600 -1.304042 26.229179
60330 30.1650 -1.305359 26.232729
60340 30.1700 -1.306478 26.234339
60350 30.1750 -1.307485 26.234687
60360 30.1800 -1.308560 26.233912
60370 30.1850 -1.309553 26.232151
60380 30.1900 -1.310350 26.230018
60390 30.1950 -1.311177 26.227128
60400 30.2000 -1.311811 26.224449
60410 30.2050 -1.312353 26.408346
60420 30.2100 -1.312721 26.406390
60430 30.2150 -1.312915 26.405303
60440 30.2200 -1.312990 26.404873
60450 30.2250 -1.312899 26.405397
60460 30.2300 -1.312532 26.407414
60470 30.2350 -1.311916 26.410481
60480 30.2400 -1.311125 26.413825
60490 30.2450 -1.310016 26.417384
60500 30.2500 -1.308529 26.420063
60510 30.2550 -1.306801 26.420144
60520 30.2600 -1.304874 26.416358
60530 30.2650 -1.302784 26.407609
60540 30.2700 -1.300760 26.394518
60550 30.2750 -1.298615 26.375703
60560 30.2800 -1.296330 26.350087
60570 30.2850 -1.293826 26.315481
60580 30.2900 -1.291132 26.270722
60590 30.2950 -1.288633 26.222359
60600 30.3000 -1.286188 26.168820
60610 30.3050 -1.284099 26.305198
60620 30.3100 -1.282308 26.258099
60630 30.3150 -1.280781 26.215323
60640 30.3200 -1.279654 26.182232
60650 30.3250 -1.278576 26.149387
60660 30.3300 -1.277658 26.120532
60670 30.3350 -1.277031 26.100340
60680 30.3400 -1.276460 26.081637
60690 30.3450 -1.275778 26.058870
60700 30.3500 -1.275186 26.038771
60710 30.3550 -1.274894 26.028724
60720 30.3600 -1.274755 26.023926
60730 30.3650 -1.274637 26.019821
60740 30.3700 -1.274557 26.017050
60750 30.3750 -1.274626 26.019422
60760 30.3800 -1.274714 26.022501
60770 30.3850 -1.274848 26.027142
60780 30.3900 -1.274828 26.026430
60790 30.3950 -1.274886 26.028427
60800 30.4000 -1.274922 26.029682
60810 30.4050 -1.274880 26.216628
60820 30.4100 -1.275135 26.225388
60830 30.4150 -1.275573 26.240327
60840 30.4200 -1.276192 26.261060
60850 30.4250 -1.276957 26.286154
60860 30.4300 -1.277764 26.311965
60870 30.4350 -1.278603 26.338099
60880 30.4400 -1.279595 26.368022
60890 30.4450 -1.280698 26.400070
60900 30.4500 -1.281792 26.430538
60910 30.4550 -1.282874 26.459379
60920 30.4600 -1.283930 26.486255
60930 30.4650 -1.284956 26.511195
60940 30.4700 -1.286071 26.536910
60950 30.4750 -1.287093 26.559248
60960 30.4800 -1.287929 26.576630
60970 30.4850 -1.288512 26.588249
60980 30.4900 -1.288746 26.592814
60990 30.4950 -1.288775 26.593369
61000 30.5000 -1.288610 26.590170
61010 30.5050 -1.288089 26.762901
61020 30.5100 -1.287294 26.746484
61030 30.5150 -1.286271 26.724237
61040 30.5200 -1.284907 26.692556
61050 30.5250 -1.283228 26.650519
61060 30.5300 -1.281069 26.591508
61070 30.5350 -1.278543 26.515621
61080 30.5400 -1.275513 26.415141
61090 30.5450 -1.272427 26.302639
61100 30.5500 -1.269123 26.171298
61110 30.5550 -1.265742 26.025907
61120 30.5600 -1.262394 25.871640
61130 30.5650 -1.259104 25.710683
61140 30.5700 -1.255876 25.544488
61150 30.5750 -1.252643 25.370366
61160 30.5800 -1.249695 25.205449
61170 30.5850 -1.247327 25.069128
61180 30.5900 -1.245373 24.954163
61190 30.5950 -1.243577 24.846728
61200 30.6000 -1.242001 24.751176
61210 30.6050 -1.240704 24.872721
61220 30.6100 -1.239748 24.813448
61230 30.6150 -1.238996 24.766545
61240 30.6200 -1.238416 24.730163
61250 30.6250 -1.238114 24.711154
61260 30.6300 -1.238146 24.713167
61270 30.6350 -1.238610 24.742350
61280 30.6400 -1.239368 24.789800
61290 30.6450 -1.240331 24.849669
61300 30.6500 -1.241501 24.921714
61310 30.6550 -1.242801 25.000988
61320 30.6600 -1.244201 25.085207
61330 30.6650 -1.245671 25.172472
61340 30.6700 -1.247106 25.256346
61350 30.6750 -1.248232 25.321234
61360 30.6800 -1.249165 25.374347
61370 30.6850 -1.249828 25.411727
61380 30.6900 -1.250720 25.461561
61390 30.6950 -1.251677 25.514384
61400 30.7000 -1.252708 25.570536
61410 30.7050 -1.253768 25.820309
61420 30.7100 -1.254771 25.873203
61430 30.7150 -1.255679 25.920421
61440 30.7200 -1.256726 25.973922
61450 30.7250 -1.257898 26.032658
61460 30.7300 -1.258896 26.081659
61470 30.7350 -1.259638 26.117499
61480 30.7400 -1.260204 26.144500
61490 30.7450 -1.260605 26.163452
61500 30.7500 -1.260685 26.167190
61510 30.7550 -1.260382 26.152917
61520 30.7600 -1.259746 26.122664
61530 30.7650 -1.258618 26.068104
61540 30.7700 -1.257315 26.003589
61550 30.7750 -1.255918 25.932680
61560 30.7800 -1.254584 25.863412
61570 30.7850 -1.252953 25.776641
61580 30.7900 -1.251179 25.679786
61590 30.7950 -1.249101 25.563074
61600 30.8000 -1.246676 25.422835
61610 30.8050 -1.243987 25.456445
61620 30.8100 -1.241042 25.274360
61630 30.8150 -1.238134 25.088776
61640 30.8200 -1.235173 24.894451
61650 30.8250 -1.232165 24.692125
61660 30.8300 -1.229434 24.504588
61670 30.8350 -1.226726 24.315530
61680 30.8400 -1.224188 24.135921
61690 30.8450 -1.221786 23.964085
61700 30.8500 -1.219354 23.788752
61710 30.8550 -1.217071 23.623067
61720 30.8600 -1.215021 23.473690
61730 30.8650 -1.213135 23.335891
61740 30.8700 -1.211555 23.220270
61750 30.8750 -1.210125 23.115682
61760 30.8800 -1.209008 23.033944
61770 30.8850 -1.208003 22.960435
61780 30.8900 -1.207081 22.893079
61790 30.8950 -1.206354 22.840010
61800 30.9000 -1.205713 22.793256
61810 30.9050 -1.205102 22.971185
61820 30.9100 -1.204562 22.931816
61830 30.9150 -1.204387 22.919076
61840 30.9200 -1.204700 22.941867
61850 30.9250 -1.204942 22.959501
61860 30.9300 -1.205047 22.967173
61870 30.9350 -1.205382 22.991602
61880 30.9400 -1.205876 23.027571
61890 30.9450 -1.206629 23.082487
61900 30.9500 -1.207580 23.151873
61910 30.9550 -1.208867 23.245660
61920 30.9600 -1.210272 23.347977
61930 30.9650 -1.211711 23.452543
61940 30.9700 -1.213201 23.560693
61950 30.9750 -1.214419 23.648840
61960 30.9800 -1.215247 23.708623
61970 30.9850 -1.215655 23.738012
61980 30.9900 -1.215771 23.746372
61990 30.9950 -1.215987 23.761906
62000 31.0000 -1.216259 23.781527
62010 31.0050 -1.216432 24.005362
62020 31.0100 -1.216312 23.996759
62030 31.0150 -1.215835 23.962436
62040 31.0200 -1.215130 23.911518
62050 31.0250 -1.214136 23.839592
62060 31.0300 -1.212744 23.738486
62070 31.0350 -1.210755 23.593242
62080 31.0400 -1.208346 23.416449
62090 31.0450 -1.205683 23.220268
62100 31.0500 -1.203060 23.026584
62110 31.0550 -1.200159 22.812263
62120 31.0600 -1.197088 22.585858
62130 31.0650 -1.193850 22.348074
62140 31.0700 -1.190579 22.109521
62150 31.0750 -1.187373 21.877700
62160 31.0800 -1.184322 21.659445
62170 31.0850 -1.181503 21.459943
62180 31.0900 -1.178746 21.267091
62190 31.0950 -1.176210 21.091835
62200 31.1000 -1.174123 20.949069
62210 31.1050 -1.172370 21.074697
62220 31.1100 -1.170594 20.954895
62230 31.1150 -1.168929 20.843229
62240 31.1200 -1.167358 20.738460
62250 31.1250 -1.165939 20.644293
62260 31.1300 -1.164761 20.566380
62270 31.1350 -1.163973 20.514501
62280 31.1400 -1.163451 20.480129
62290 31.1450 -1.163127 20.458840
62300 31.1500 -1.163110 20.457728
62310 31.1550 -1.163337 20.472665
62320 31.1600 -1.163540 20.485970
62330 31.1650 -1.163634 20.492190
62340 31.1700 -1.164058 20.520095
62350 31.1750 -1.164573 20.554034
62360 31.1800 -1.165029 20.584094
62370 31.1850 -1.165480 20.613918
62380 31.1900 -1.166020 20.649604
62390 31.1950 -1.166576 20.686495
62400 31.2000 -1.167137 20.723751
62410 31.2050 -1.167567 20.999717
62420 31.2100 -1.167684 21.007523
62430 31.2150 -1.167516 20.996333
62440 31.2200 -1.166997 20.961825
62450 31.2250 -1.166097 20.902063
62460 31.2300 -1.164800 20.816099
62470 31.2350 -1.162966 20.694832
62480 31.2400 -1.160857 20.555778
62490 31.2450 -1.158788 20.419774
62500 31.2500 -1.156539 20.272216
62510 31.2550 -1.154068 20.110395
62520 31.2600 -1.151612 19.949755
62530 31.2650 -1.149205 19.792272
62540 31.2700 -1.146729 19.630114
62550 31.2750 -1.144482 19.482697
62560 31.2800 -1.142294 19.338647
62570 31.2850 -1.140074 19.192001
62580 31.2900 -1.138101 19.060999
62590 31.2950 -1.136318 18.942056
62600 31.3000 -1.134554 18.823759
62610 31.3050 -1.132632 18.966579
62620 31.3100 -1.130802 18.841680
