# step t_ps cv bias_e
0 0.0000 -1.462384 0.000000
10 0.0050 -1.463158 0.000000
20 0.0100 -1.463652 0.000000
30 0.0150 -1.463970 0.000000
40 0.0200 -1.464471 0.000000
50 0.0250 -1.465002 0.000000
60 0.0300 -1.465561 0.000000
70 0.0350 -1.466336 0.000000
80 0.0400 -1.467132 0.000000
90 0.0450 -1.467689 0.000000
100 0.0500 -1.467946 0.000000
110 0.0550 -1.468135 0.000000
120 0.0600 -1.468334 0.000000
130 0.0650 -1.468445 0.000000
140 0.0700 -1.468655 0.000000
150 0.0750 -1.468865 0.000000
160 0.0800 -1.468981 0.000000
170 0.0850 -1.469139 0.000000
180 0.0900 -1.469155 0.000000
190 0.0950 -1.469170 0.000000
200 0.1000 -1.469127 0.000000
210 0.1050 -1.469002 0.000000
220 0.1100 -1.468635 0.000000
230 0.1150 -1.468251 0.000000
240 0.1200 -1.467683 0.000000
250 0.1250 -1.466962 0.000000
260 0.1300 -1.465873 0.000000
270 0.1350 -1.464490 0.000000
280 0.1400 -1.463133 0.000000
290 0.1450 -1.461574 0.000000
300 0.1500 -1.460016 0.000000
310 0.1550 -1.458404 0.000000
320 0.1600 -1.456558 0.000000
330 0.1650 -1.454672 0.000000
340 0.1700 -1.452666 0.000000
350 0.1750 -1.450589 0.000000
360 0.1800 -1.448554 0.000000
370 0.1850 -1.446738 0.000000
380 0.1900 -1.444803 0.000000
390 0.1950 -1.442707 0.000000
400 0.2000 -1.440821 0.000000
410 0.2050 -1.439162 0.000000
420 0.2100 -1.437422 0.000000
430 0.2150 -1.435859 0.000000
440 0.2200 -1.434184 0.000000
450 0.2250 -1.432521 0.000000
460 0.2300 -1.430968 0.000000
470 0.2350 -1.429524 0.000000
480 0.2400 -1.427964 0.000000
490 0.2450 -1.426466 0.000000
500 0.2500 -1.425266 0.000000
510 0.2550 -1.424236 0.000351
520 0.2600 -1.423304 0.000685
530 0.2650 -1.422376 0.001033
540 0.2700 -1.421766 0.001270
550 0.2750 -1.421287 0.001461
560 0.2800 -1.420965 0.001592
570 0.2850 -1.420717 0.001694
580 0.2900 -1.420606 0.001740
590 0.2950 -1.420698 0.001702
600 0.3000 -1.421013 0.001572
610 0.3050 -1.421351 0.001436
620 0.3100 -1.421968 0.001191
630 0.3150 -1.422850 0.000854
640 0.3200 -1.423992 0.000437
650 0.3250 -1.425194 0.000024
660 0.3300 -1.426405 0.000000
670 0.3350 -1.427775 0.000000
680 0.3400 -1.429283 0.000000
690 0.3450 -1.430859 0.000000
700 0.3500 -1.432295 0.000000
710 0.3550 -1.433789 0.000000
720 0.3600 -1.435448 0.000000
730 0.3650 -1.437102 0.000000
740 0.3700 -1.438722 0.000000
750 0.3750 -1.440127 0.000000
760 0.3800 -1.441544 0.000000
770 0.3850 -1.443064 0.000000
780 0.3900 -1.444474 0.000000
790 0.3950 -1.445837 0.000000
800 0.4000 -1.447175 0.000000
810 0.4050 -1.448632 0.000000
820 0.4100 -1.450187 0.000000
830 0.4150 -1.451737 0.000000
840 0.4200 -1.453426 0.000000
850 0.4250 -1.455337 0.000000
860 0.4300 -1.457500 0.000000
870 0.4350 -1.459824 0.000000
880 0.4400 -1.462435 0.000017
890 0.4450 -1.465271 0.001032
900 0.4500 -1.468136 0.002204
910 0.4550 -1.470903 0.003475
920 0.4600 -1.473551 0.004819
930 0.4650 -1.476182 0.006279
940 0.4700 -1.478913 0.007925
950 0.4750 -1.481542 0.009636
960 0.4800 -1.483978 0.011331
970 0.4850 -1.486150 0.012933
980 0.4900 -1.488191 0.014514
990 0.4950 -1.490120 0.016077
1000 0.5000 -1.491832 0.017521
1010 0.5050 -1.493291 0.009740
1020 0.5100 -1.494760 0.010621
1030 0.5150 -1.496069 0.011438
1040 0.5200 -1.497005 0.012040
1050 0.5250 -1.497443 0.012327
1060 0.5300 -1.497773 0.012545
1070 0.5350 -1.497807 0.012568
1080 0.5400 -1.497569 0.012410
1090 0.5450 -1.496918 0.011983
1100 0.5500 -1.496063 0.011434
1110 0.5550 -1.495228 0.010909
1120 0.5600 -1.494282 0.010330
1130 0.5650 -1.493260 0.009722
1140 0.5700 -1.492072 0.009038
1150 0.5750 -1.490765 0.008315
1160 0.5800 -1.489086 0.007429
1170 0.5850 -1.487296 0.006539
1180 0.5900 -1.485708 0.005797
1190 0.5950 -1.484052 0.005071
1200 0.6000 -1.482247 0.004334
1210 0.6050 -1.480243 0.003582
1220 0.6100 -1.478081 0.002850
1230 0.6150 -1.476002 0.002224
1240 0.6200 -1.473868 0.001661
1250 0.6250 -1.471594 0.001148
1260 0.6300 -1.469411 0.000741
1270 0.6350 -1.467250 0.000421
1280 0.6400 -1.464934 0.000169
1290 0.6450 -1.462747 0.000017
1300 0.6500 -1.460785 0.000000
1310 0.6550 -1.458862 0.000000
1320 0.6600 -1.456930 0.000023
1330 0.6650 -1.455134 0.000144
1340 0.6700 -1.453342 0.000322
1350 0.6750 -1.451577 0.000552
1360 0.6800 -1.449755 0.000848
1370 0.6850 -1.447688 0.001253
1380 0.6900 -1.445678 0.001719
1390 0.6950 -1.443863 0.002201
1400 0.7000 -1.441910 0.002785
1410 0.7050 -1.439962 0.003433
1420 0.7100 -1.437948 0.004173
1430 0.7150 -1.435928 0.004987
1440 0.7200 -1.433788 0.005928
1450 0.7250 -1.431796 0.006876
1460 0.7300 -1.430016 0.007782
1470 0.7350 -1.428335 0.008688
1480 0.7400 -1.426661 0.009641
1490 0.7450 -1.425074 0.010589
1500 0.7500 -1.423561 0.011534
1510 0.7550 -1.422200 0.005824
1520 0.7600 -1.420906 0.006481
1530 0.7650 -1.419490 0.007234
1540 0.7700 -1.418092 0.008013
1550 0.7750 -1.416646 0.008853
1560 0.7800 -1.415284 0.009679
1570 0.7850 -1.414162 0.010384
1580 0.7900 -1.413386 0.010884
1590 0.7950 -1.412811 0.011261
1600 0.8000 -1.412388 0.011542
1610 0.8050 -1.412005 0.011800
1620 0.8100 -1.411629 0.012055
1630 0.8150 -1.411202 0.012348
1640 0.8200 -1.410758 0.012656
1650 0.8250 -1.410363 0.012933
1660 0.8300 -1.409924 0.013244
1670 0.8350 -1.409604 0.013472
1680 0.8400 -1.409298 0.013692
1690 0.8450 -1.408989 0.013917
1700 0.8500 -1.408817 0.014043
1710 0.8550 -1.408831 0.014032
1720 0.8600 -1.408689 0.014137
1730 0.8650 -1.408307 0.014418
1740 0.8700 -1.407935 0.014694
1750 0.8750 -1.407819 0.014781
1760 0.8800 -1.407787 0.014805
1770 0.8850 -1.407694 0.014875
1780 0.8900 -1.407720 0.014856
1790 0.8950 -1.407611 0.014937
1800 0.9000 -1.407688 0.014880
1810 0.9050 -1.407731 0.014847
1820 0.9100 -1.407374 0.015116
1830 0.9150 -1.406938 0.015447
1840 0.9200 -1.406609 0.015700
1850 0.9250 -1.406183 0.016030
1860 0.9300 -1.405921 0.016234
1870 0.9350 -1.405583 0.016499
1880 0.9400 -1.405398 0.016645
1890 0.9450 -1.405324 0.016704
1900 0.9500 -1.405296 0.016726
1910 0.9550 -1.405143 0.016848
1920 0.9600 -1.405257 0.016757
1930 0.9650 -1.405698 0.016409
1940 0.9700 -1.406415 0.015849
1950 0.9750 -1.407065 0.015351
1960 0.9800 -1.407602 0.014944
1970 0.9850 -1.408256 0.014455
1980 0.9900 -1.409181 0.013777
1990 0.9950 -1.410338 0.012950
2000 1.0000 -1.411750 0.011973
2010 1.0050 -1.413252 0.004893
2020 1.0100 -1.414901 0.004072
2030 1.0150 -1.416608 0.003273
2040 1.0200 -1.418278 0.002540
2050 1.0250 -1.419994 0.001837
2060 1.0300 -1.421989 0.001085
2070 1.0350 -1.424203 0.000331
2080 1.0400 -1.426557 0.000000
2090 1.0450 -1.428968 0.000000
2100 1.0500 -1.431320 0.000000
2110 1.0550 -1.433572 0.000000
2120 1.0600 -1.435959 0.000000
2130 1.0650 -1.438327 0.000000
2140 1.0700 -1.440908 0.000000
2150 1.0750 -1.443644 0.000000
2160 1.0800 -1.446365 0.000000
2170 1.0850 -1.448862 0.000000
2180 1.0900 -1.451258 0.000000
2190 1.0950 -1.453448 0.000000
2200 1.1000 -1.455605 0.000000
2210 1.1050 -1.457604 0.000000
2220 1.1100 -1.459322 0.000000
2230 1.1150 -1.461085 0.000365
2240 1.1200 -1.462596 0.000872
2250 1.1250 -1.463967 0.001367
2260 1.1300 -1.465200 0.001840
2270 1.1350 -1.466256 0.002266
2280 1.1400 -1.467306 0.002709
2290 1.1450 -1.468407 0.003194
2300 1.1500 -1.469368 0.003635
2310 1.1550 -1.470150 0.004006
2320 1.1600 -1.470923 0.004383
2330 1.1650 -1.471644 0.004743
2340 1.1700 -1.472421 0.005142
2350 1.1750 -1.473071 0.005484
2360 1.1800 -1.473574 0.005754
2370 1.1850 -1.473988 0.005979
2380 1.1900 -1.474231 0.006113
2390 1.1950 -1.474377 0.006194
2400 1.2000 -1.474246 0.006121
2410 1.2050 -1.474098 0.006040
2420 1.2100 -1.473908 0.005935
2430 1.2150 -1.473655 0.005798
2440 1.2200 -1.473117 0.005509
2450 1.2250 -1.472407 0.005135
2460 1.2300 -1.471452 0.004647
2470 1.2350 -1.470144 0.004003
2480 1.2400 -1.468912 0.003424
2490 1.2450 -1.467586 0.002831
2500 1.2500 -1.466243 0.002261
2510 1.2550 -1.464899 0.000745
2520 1.2600 -1.463509 0.000320
2530 1.2650 -1.461984 0.000000
2540 1.2700 -1.460378 0.000000
2550 1.2750 -1.458689 0.000000
2560 1.2800 -1.457003 0.000000
2570 1.2850 -1.455211 0.000000
2580 1.2900 -1.453490 0.000000
2590 1.2950 -1.451684 0.000000
2600 1.3000 -1.449808 0.000000
2610 1.3050 -1.448062 0.000000
2620 1.3100 -1.446557 0.000000
2630 1.3150 -1.445094 0.000000
2640 1.3200 -1.443654 0.000000
2650 1.3250 -1.442265 0.000000
2660 1.3300 -1.440840 0.000000
2670 1.3350 -1.439132 0.000000
2680 1.3400 -1.437389 0.000000
2690 1.3450 -1.435560 0.000000
2700 1.3500 -1.433821 0.000000
2710 1.3550 -1.431972 0.000000
2720 1.3600 -1.430240 0.000220
2730 1.3650 -1.428807 0.000651
2740 1.3700 -1.427374 0.001118
2750 1.3750 -1.425944 0.001620
2760 1.3800 -1.424456 0.002180
2770 1.3850 -1.422864 0.002822
2780 1.3900 -1.421212 0.003536
2790 1.3950 -1.419618 0.004269
2800 1.4000 -1.418063 0.005028
2810 1.4050 -1.416679 0.005738
2820 1.4100 -1.415438 0.006404
2830 1.4150 -1.414389 0.006988
2840 1.4200 -1.413543 0.007473
2850 1.4250 -1.412765 0.007930
2860 1.4300 -1.412018 0.008378
2870 1.4350 -1.411273 0.008836
2880 1.4400 -1.410633 0.009236
2890 1.4450 -1.409857 0.009732
2900 1.4500 -1.409145 0.010195
2910 1.4550 -1.408708 0.010485
2920 1.4600 -1.408657 0.010519
2930 1.4650 -1.408729 0.010470
2940 1.4700 -1.408942 0.010329
2950 1.4750 -1.409233 0.010138
2960 1.4800 -1.409696 0.009836
2970 1.4850 -1.410521 0.009307
2980 1.4900 -1.411595 0.008637
2990 1.4950 -1.412805 0.007906
3000 1.5000 -1.414022 0.007197
3010 1.5050 -1.415235 0.003797
3020 1.5100 -1.416400 0.003265
3030 1.5150 -1.417513 0.002780
3040 1.5200 -1.418820 0.002237
3050 1.5250 -1.420211 0.001693
3060 1.5300 -1.421555 0.001199
3070 1.5350 -1.423004 0.000702
3080 1.5400 -1.424485 0.000232
3090 1.5450 -1.426018 0.000000
3100 1.5500 -1.427719 0.000000
3110 1.5550 -1.429505 0.000000
3120 1.5600 -1.431327 0.000000
3130 1.5650 -1.433073 0.000000
3140 1.5700 -1.434697 0.000000
3150 1.5750 -1.436330 0.000000
3160 1.5800 -1.438022 0.000000
3170 1.5850 -1.439821 0.000000
3180 1.5900 -1.441548 0.000000
3190 1.5950 -1.443291 0.000000
3200 1.6000 -1.444897 0.000000
3210 1.6050 -1.446396 0.000000
3220 1.6100 -1.447702 0.000000
3230 1.6150 -1.448857 0.000000
3240 1.6200 -1.449877 0.000000
3250 1.6250 -1.450752 0.000000
3260 1.6300 -1.451637 0.000000
3270 1.6350 -1.452500 0.000000
3280 1.6400 -1.453019 0.000000
3290 1.6450 -1.453406 0.000000
3300 1.6500 -1.453715 0.000000
3310 1.6550 -1.454090 0.000000
3320 1.6600 -1.454582 0.000000
3330 1.6650 -1.454954 0.000000
3340 1.6700 -1.455352 0.000000
3350 1.6750 -1.455747 0.000000
3360 1.6800 -1.456208 0.000000
3370 1.6850 -1.456599 0.000000
3380 1.6900 -1.456867 0.000000
3390 1.6950 -1.456924 0.000000
3400 1.7000 -1.456707 0.000000
3410 1.7050 -1.456146 0.000000
3420 1.7100 -1.455581 0.000000
3430 1.7150 -1.454812 0.000000
3440 1.7200 -1.453745 0.000000
3450 1.7250 -1.452773 0.000000
3460 1.7300 -1.451630 0.000000
3470 1.7350 -1.450344 0.000000
3480 1.7400 -1.448900 0.000000
3490 1.7450 -1.447173 0.000000
3500 1.7500 -1.445320 0.000000
3510 1.7550 -1.443624 0.000000
3520 1.7600 -1.441893 0.000000
3530 1.7650 -1.440180 0.000000
3540 1.7700 -1.438371 0.000060
3550 1.7750 -1.436456 0.000225
3560 1.7800 -1.434282 0.000491
3570 1.7850 -1.431934 0.000872
3580 1.7900 -1.429608 0.001344
3590 1.7950 -1.427361 0.001892
3600 1.8000 -1.425105 0.002530
3610 1.8050 -1.422884 0.003246
3620 1.8100 -1.420748 0.004016
3630 1.8150 -1.418382 0.004963
3640 1.8200 -1.415931 0.006048
3650 1.8250 -1.413476 0.007241
3660 1.8300 -1.411017 0.008541
3670 1.8350 -1.408462 0.010005
3680 1.8400 -1.405976 0.011540
3690 1.8450 -1.403480 0.013191
3700 1.8500 -1.401046 0.014906
3710 1.8550 -1.398703 0.016655
3720 1.8600 -1.396194 0.018635
3730 1.8650 -1.393847 0.020587
3740 1.8700 -1.391424 0.022705
3750 1.8750 -1.389056 0.024874
3760 1.8800 -1.386831 0.027003
3770 1.8850 -1.384914 0.028905
3780 1.8900 -1.383164 0.030700
3790 1.8950 -1.381508 0.032448
3800 1.9000 -1.380051 0.034025
3810 1.9050 -1.378562 0.035675
3820 1.9100 -1.376986 0.037464
3830 1.9150 -1.375390 0.039321
3840 1.9200 -1.373850 0.041155
3850 1.9250 -1.372509 0.042786
3860 1.9300 -1.371252 0.044343
3870 1.9350 -1.369921 0.046024
3880 1.9400 -1.368548 0.047788
3890 1.9450 -1.367242 0.049499
3900 1.9500 -1.365968 0.051195
3910 1.9550 -1.364576 0.053083
3920 1.9600 -1.363297 0.054847
3930 1.9650 -1.362150 0.056452
3940 1.9700 -1.361136 0.057892
3950 1.9750 -1.360094 0.059389
3960 1.9800 -1.358990 0.060997
3970 1.9850 -1.357839 0.062696
3980 1.9900 -1.356672 0.064444
3990 1.9950 -1.355667 0.065966
4000 2.0000 -1.354573 0.067645
4010 2.0050 -1.353482 0.053814
4020 2.0100 -1.352381 0.055324
4030 2.0150 -1.351345 0.056762
4040 2.0200 -1.350358 0.058150
4050 2.0250 -1.349431 0.059467
4060 2.0300 -1.348292 0.061108
4070 2.0350 -1.347094 0.062857
4080 2.0400 -1.346094 0.064335
4090 2.0450 -1.345126 0.065783
4100 2.0500 -1.344136 0.067279
4110 2.0550 -1.343271 0.068600
4120 2.0600 -1.342494 0.069797
4130 2.0650 -1.341776 0.070914
4140 2.0700 -1.341308 0.071645
4150 2.0750 -1.340899 0.072288
4160 2.0800 -1.340641 0.072695
4170 2.0850 -1.340465 0.072974
4180 2.0900 -1.340502 0.072916
4190 2.0950 -1.340736 0.072546
4200 2.1000 -1.341150 0.071894
4210 2.1050 -1.341567 0.071240
4220 2.1100 -1.342104 0.070402
4230 2.1150 -1.342608 0.069621
4240 2.1200 -1.343081 0.068892
4250 2.1250 -1.343764 0.067845
4260 2.1300 -1.344718 0.066397
4270 2.1350 -1.345845 0.064705
4280 2.1400 -1.347000 0.062995
4290 2.1450 -1.348287 0.061114
4300 2.1500 -1.349506 0.059361
4310 2.1550 -1.350886 0.057406
4320 2.1600 -1.352495 0.055166
4330 2.1650 -1.354268 0.052750
4340 2.1700 -1.356071 0.050347
4350 2.1750 -1.357967 0.047880
4360 2.1800 -1.359939 0.045380
4370 2.1850 -1.361855 0.043014
4380 2.1900 -1.363678 0.040820
4390 2.1950 -1.365394 0.038808
4400 2.2000 -1.367229 0.036711
4410 2.2050 -1.369002 0.034740
4420 2.2100 -1.370761 0.032836
4430 2.2150 -1.372619 0.030883
4440 2.2200 -1.374352 0.029115
4450 2.2250 -1.375854 0.027622
4460 2.2300 -1.377227 0.026293
4470 2.2350 -1.378699 0.024903
4480 2.2400 -1.380226 0.023500
4490 2.2450 -1.381747 0.022142
4500 2.2500 -1.383125 0.020945
4510 2.2550 -1.384390 0.016158
4520 2.2600 -1.385537 0.015317
4530 2.2650 -1.386424 0.014682
4540 2.2700 -1.387328 0.014049
4550 2.2750 -1.388057 0.013549
4560 2.2800 -1.388582 0.013194
4570 2.2850 -1.388818 0.013036
4580 2.2900 -1.388808 0.013043
4590 2.2950 -1.388663 0.013140
4600 2.3000 -1.388508 0.013244
4610 2.3050 -1.388248 0.013419
4620 2.3100 -1.387853 0.013688
4630 2.3150 -1.387484 0.013942
4640 2.3200 -1.387156 0.014169
4650 2.3250 -1.386813 0.014408
4660 2.3300 -1.386485 0.014639
4670 2.3350 -1.385908 0.015050
4680 2.3400 -1.385357 0.015447
4690 2.3450 -1.384786 0.015865
4700 2.3500 -1.384352 0.016186
4710 2.3550 -1.383898 0.016525
4720 2.3600 -1.383556 0.016783
4730 2.3650 -1.383448 0.016865
4740 2.3700 -1.383484 0.016838
4750 2.3750 -1.383408 0.016895
4760 2.3800 -1.383252 0.017014
4770 2.3850 -1.383067 0.017155
4780 2.3900 -1.382967 0.017231
4790 2.3950 -1.383078 0.017147
4800 2.4000 -1.383399 0.016902
4810 2.4050 -1.383759 0.016629
4820 2.4100 -1.384260 0.016255
4830 2.4150 -1.385101 0.015634
4840 2.4200 -1.386075 0.014931
4850 2.4250 -1.387252 0.014102
4860 2.4300 -1.388706 0.013111
4870 2.4350 -1.390115 0.012185
4880 2.4400 -1.391608 0.011240
4890 2.4450 -1.393110 0.010328
4900 2.4500 -1.394633 0.009443
4910 2.4550 -1.396134 0.008608
4920 2.4600 -1.397474 0.007896
4930 2.4650 -1.398800 0.007221
4940 2.4700 -1.400127 0.006575
4950 2.4750 -1.401659 0.005867
4960 2.4800 -1.403161 0.005212
4970 2.4850 -1.404670 0.004592
4980 2.4900 -1.406029 0.004067
4990 2.4950 -1.407220 0.003632
5000 2.5000 -1.408499 0.003193
5010 2.5050 -1.409724 0.002298
5020 2.5100 -1.410761 0.002016
5030 2.5150 -1.411915 0.001724
5040 2.5200 -1.413071 0.001454
5050 2.5250 -1.414170 0.001219
5060 2.5300 -1.415023 0.001051
5070 2.5350 -1.415787 0.000910
5080 2.5400 -1.416395 0.000806
5090 2.5450 -1.416953 0.000716
5100 2.5500 -1.417565 0.000623
5110 2.5550 -1.418038 0.000555
5120 2.5600 -1.418437 0.000501
5130 2.5650 -1.418581 0.000483
5140 2.5700 -1.418576 0.000483
5150 2.5750 -1.418569 0.000484
5160 2.5800 -1.418223 0.000530
5170 2.5850 -1.417995 0.000561
5180 2.5900 -1.417615 0.000615
5190 2.5950 -1.417135 0.000687
5200 2.6000 -1.416567 0.000778
5210 2.6050 -1.415677 0.000930
5220 2.6100 -1.414812 0.001091
5230 2.6150 -1.413829 0.001290
5240 2.6200 -1.412837 0.001507
5250 2.6250 -1.412049 0.001691
5260 2.6300 -1.411460 0.001836
5270 2.6350 -1.410933 0.001971
5280 2.6400 -1.409996 0.002222
5290 2.6450 -1.408764 0.002575
5300 2.6500 -1.407561 0.002945
5310 2.6550 -1.406368 0.003336
5320 2.6600 -1.405169 0.003753
5330 2.6650 -1.404099 0.004146
5340 2.6700 -1.403141 0.004515
5350 2.6750 -1.402180 0.004901
5360 2.6800 -1.401414 0.005219
5370 2.6850 -1.400938 0.005423
5380 2.6900 -1.400571 0.005581
5390 2.6950 -1.400371 0.005669
5400 2.7000 -1.400549 0.005591
5410 2.7050 -1.400615 0.005562
5420 2.7100 -1.400498 0.005613
5430 2.7150 -1.400385 0.005663
5440 2.7200 -1.400324 0.005690
5450 2.7250 -1.400302 0.005700
5460 2.7300 -1.400385 0.005663
5470 2.7350 -1.400219 0.005736
5480 2.7400 -1.399957 0.005853
5490 2.7450 -1.399660 0.005987
5500 2.7500 -1.399356 0.006125
5510 2.7550 -1.398936 0.005275
5520 2.7600 -1.398421 0.005496
5530 2.7650 -1.398069 0.005650
5540 2.7700 -1.397626 0.005846
5550 2.7750 -1.397334 0.005978
5560 2.7800 -1.397157 0.006058
5570 2.7850 -1.397269 0.006007
5580 2.7900 -1.397292 0.005997
5590 2.7950 -1.397192 0.006042
5600 2.8000 -1.396984 0.006137
5610 2.8050 -1.396648 0.006292
5620 2.8100 -1.396330 0.006441
5630 2.8150 -1.396201 0.006501
5640 2.8200 -1.396071 0.006563
5650 2.8250 -1.396118 0.006541
5660 2.8300 -1.396301 0.006454
5670 2.8350 -1.396565 0.006331
5680 2.8400 -1.397022 0.006120
5690 2.8450 -1.397554 0.005878
5700 2.8500 -1.398167 0.005607
5710 2.8550 -1.398945 0.005271
5720 2.8600 -1.399846 0.004895
5730 2.8650 -1.400719 0.004544
5740 2.8700 -1.401449 0.004260
5750 2.8750 -1.402329 0.003931
5760 2.8800 -1.403297 0.003584
5770 2.8850 -1.404192 0.003277
5780 2.8900 -1.405110 0.002976
5790 2.8950 -1.405977 0.002706
5800 2.9000 -1.406538 0.002538
5810 2.9050 -1.406885 0.002436
5820 2.9100 -1.406982 0.002408
5830 2.9150 -1.407294 0.002320
5840 2.9200 -1.407624 0.002228
5850 2.9250 -1.408060 0.002109
5860 2.9300 -1.408579 0.001972
5870 2.9350 -1.409381 0.001768
5880 2.9400 -1.410412 0.001524
5890 2.9450 -1.411494 0.001287
5900 2.9500 -1.412635 0.001058
5910 2.9550 -1.413666 0.000871
5920 2.9600 -1.414840 0.000680
5930 2.9650 -1.416057 0.000507
5940 2.9700 -1.416985 0.000392
5950 2.9750 -1.417729 0.000310
5960 2.9800 -1.418432 0.000242
5970 2.9850 -1.419331 0.000167
5980 2.9900 -1.420210 0.000107
5990 2.9950 -1.421279 0.000052
6000 3.0000 -1.422134 0.000022
6010 3.0050 -1.422946 0.000004
6020 3.0100 -1.423989 0.000001
6030 3.0150 -1.424834 0.000013
6040 3.0200 -1.425577 0.000033
6050 3.0250 -1.426171 0.000056
6060 3.0300 -1.426538 0.000073
6070 3.0350 -1.426703 0.000082
6080 3.0400 -1.426635 0.000078
6090 3.0450 -1.426246 0.000059
6100 3.0500 -1.425637 0.000035
6110 3.0550 -1.425213 0.000022
6120 3.0600 -1.424532 0.000007
6130 3.0650 -1.423540 0.000000
6140 3.0700 -1.422410 0.000012
6150 3.0750 -1.421184 0.000051
6160 3.0800 -1.419937 0.000116
6170 3.0850 -1.418667 0.000211
6180 3.0900 -1.417380 0.000335
6190 3.0950 -1.415966 0.000504
6200 3.1000 -1.414560 0.000706
6210 3.1050 -1.413124 0.000947
6220 3.1100 -1.411437 0.001277
6230 3.1150 -1.409593 0.001693
6240 3.1200 -1.407572 0.002216
6250 3.1250 -1.405206 0.002917
6260 3.1300 -1.402516 0.003832
6270 3.1350 -1.399796 0.004883
6280 3.1400 -1.397109 0.006047
6290 3.1450 -1.394597 0.007248
6300 3.1500 -1.392154 0.008519
6310 3.1550 -1.389934 0.009764
6320 3.1600 -1.387639 0.011140
6330 3.1650 -1.385246 0.012672
6340 3.1700 -1.382851 0.014303
6350 3.1750 -1.380617 0.015914
6360 3.1800 -1.378697 0.017367
6370 3.1850 -1.376715 0.018933
6380 3.1900 -1.374645 0.020642
6390 3.1950 -1.372673 0.022338
6400 3.2000 -1.370787 0.024022
6410 3.2050 -1.369160 0.025524
6420 3.2100 -1.367607 0.027001
6430 3.2150 -1.366194 0.028381
6440 3.2200 -1.364879 0.029695
6450 3.2250 -1.363664 0.030938
6460 3.2300 -1.362330 0.032330
6470 3.2350 -1.361002 0.033746
6480 3.2400 -1.359800 0.035054
6490 3.2450 -1.358633 0.036347
6500 3.2500 -1.357511 0.037615
6510 3.2550 -1.356796 0.032816
6520 3.2600 -1.356278 0.033368
6530 3.2650 -1.355709 0.033978
6540 3.2700 -1.355124 0.034612
6550 3.2750 -1.354782 0.034985
6560 3.2800 -1.354665 0.035114
6570 3.2850 -1.354677 0.035100
6580 3.2900 -1.354874 0.034884
6590 3.2950 -1.354730 0.035042
6600 3.3000 -1.354684 0.035092
6610 3.3050 -1.354713 0.035060
6620 3.3100 -1.355049 0.034694
6630 3.3150 -1.355518 0.034185
6640 3.3200 -1.355964 0.033704
6650 3.3250 -1.356383 0.033255
6660 3.3300 -1.356815 0.032796
6670 3.3350 -1.357275 0.032311
6680 3.3400 -1.357740 0.031824
6690 3.3450 -1.358132 0.031416
6700 3.3500 -1.358650 0.030881
6710 3.3550 -1.359185 0.030334
6720 3.3600 -1.359613 0.029899
6730 3.3650 -1.360166 0.029342
6740 3.3700 -1.360867 0.028644
6750 3.3750 -1.361526 0.027995
6760 3.3800 -1.362153 0.027385
6770 3.3850 -1.363035 0.026538
6780 3.3900 -1.364311 0.025335
6790 3.3950 -1.365861 0.023912
6800 3.4000 -1.367525 0.022430
6810 3.4050 -1.369226 0.020964
6820 3.4100 -1.370830 0.019627
6830 3.4150 -1.372384 0.018373
6840 3.4200 -1.373923 0.017171
6850 3.4250 -1.375373 0.016076
6860 3.4300 -1.376824 0.015017
6870 3.4350 -1.378426 0.013889
6880 3.4400 -1.380180 0.012704
6890 3.4450 -1.382037 0.011506
6900 3.4500 -1.384025 0.010290
6910 3.4550 -1.385991 0.009153
6920 3.4600 -1.388085 0.008014
6930 3.4650 -1.390311 0.006887
6940 3.4700 -1.392555 0.005835
6950 3.4750 -1.394740 0.004893
6960 3.4800 -1.397030 0.003994
6970 3.4850 -1.399211 0.003221
6980 3.4900 -1.401122 0.002610
6990 3.4950 -1.402828 0.002117
7000 3.5000 -1.404411 0.001704
7010 3.5050 -1.405866 0.001105
7020 3.5100 -1.407534 0.000787
7030 3.5150 -1.409349 0.000494
7040 3.5200 -1.411188 0.000255
7050 3.5250 -1.412972 0.000078
7060 3.5300 -1.414571 0.000000
7070 3.5350 -1.416091 0.000000
7080 3.5400 -1.417605 0.000000
7090 3.5450 -1.419159 0.000000
7100 3.5500 -1.420614 0.000000
7110 3.5550 -1.422066 0.000025
7120 3.5600 -1.423306 0.000128
7130 3.5650 -1.424624 0.000266
7140 3.5700 -1.425847 0.000420
7150 3.5750 -1.427026 0.000593
7160 3.5800 -1.428162 0.000782
7170 3.5850 -1.429223 0.000979
7180 3.5900 -1.430113 0.001159
7190 3.5950 -1.430671 0.001279
7200 3.6000 -1.431212 0.001400
7210 3.6050 -1.431661 0.001504
7220 3.6100 -1.432054 0.001598
7230 3.6150 -1.432279 0.001654
7240 3.6200 -1.432268 0.001651
7250 3.6250 -1.432239 0.001644
7260 3.6300 -1.432124 0.001615
7270 3.6350 -1.431910 0.001564
7280 3.6400 -1.431572 0.001483
7290 3.6450 -1.431289 0.001418
7300 3.6500 -1.430895 0.001328
7310 3.6550 -1.430428 0.001226
7320 3.6600 -1.429787 0.001092
7330 3.6650 -1.429057 0.000947
7340 3.6700 -1.428025 0.000759
7350 3.6750 -1.426866 0.000568
7360 3.6800 -1.425604 0.000387
7370 3.6850 -1.424181 0.000216
7380 3.6900 -1.422504 0.000059
7390 3.6950 -1.421037 0.000000
7400 3.7000 -1.419545 0.000000
7410 3.7050 -1.418041 0.000000
7420 3.7100 -1.416721 0.000000
7430 3.7150 -1.415582 0.000000
7440 3.7200 -1.414316 0.000000
7450 3.7250 -1.412952 0.000080
7460 3.7300 -1.411624 0.000207
7470 3.7350 -1.410214 0.000374
7480 3.7400 -1.408926 0.000557
7490 3.7450 -1.407492 0.000794
7500 3.7500 -1.406195 0.001039
7510 3.7550 -1.405037 0.001164
7520 3.7600 -1.403833 0.001425
7530 3.7650 -1.402757 0.001680
7540 3.7700 -1.401512 0.002000
7550 3.7750 -1.400319 0.002331
7560 3.7800 -1.399207 0.002661
7570 3.7850 -1.398044 0.003030
7580 3.7900 -1.396914 0.003410
7590 3.7950 -1.395715 0.003838
7600 3.8000 -1.394419 0.004328
7610 3.8050 -1.393136 0.004841
7620 3.8100 -1.391849 0.005385
7630 3.8150 -1.390555 0.005960
7640 3.8200 -1.389340 0.006527
7650 3.8250 -1.388103 0.007129
7660 3.8300 -1.386531 0.007933
7670 3.8350 -1.384933 0.008793
7680 3.8400 -1.383499 0.009603
7690 3.8450 -1.382299 0.010307
7700 3.8500 -1.381339 0.010889
7710 3.8550 -1.380368 0.011493
7720 3.8600 -1.379413 0.012104
7730 3.8650 -1.378626 0.012618
7740 3.8700 -1.378067 0.012991
7750 3.8750 -1.377532 0.013351
7760 3.8800 -1.376996 0.013718
7770 3.8850 -1.376281 0.014215
7780 3.8900 -1.375601 0.014696
7790 3.8950 -1.374901 0.015199
7800 3.9000 -1.374227 0.015691
7810 3.9050 -1.373567 0.016181
7820 3.9100 -1.372983 0.016620
7830 3.9150 -1.372404 0.017062
7840 3.9200 -1.371875 0.017470
7850 3.9250 -1.371200 0.017998
7860 3.9300 -1.370370 0.018659
7870 3.9350 -1.369324 0.019507
7880 3.9400 -1.368306 0.020352
7890 3.9450 -1.367377 0.021138
7900 3.9500 -1.366671 0.021745
7910 3.9550 -1.366110 0.022233
7920 3.9600 -1.365554 0.022723
7930 3.9650 -1.364936 0.023274
7940 3.9700 -1.364142 0.023991
7950 3.9750 -1.363411 0.024661
7960 3.9800 -1.362614 0.025401
7970 3.9850 -1.361440 0.026512
7980 3.9900 -1.360084 0.027824
7990 3.9950 -1.358780 0.029115
8000 4.0000 -1.357470 0.030443
8010 4.0050 -1.356012 0.028259
8020 4.0100 -1.354662 0.029602
8030 4.0150 -1.353206 0.031085
8040 4.0200 -1.351469 0.032902
8050 4.0250 -1.349620 0.034892
8060 4.0300 -1.347900 0.036796
8070 4.0350 -1.346280 0.038636
8080 4.0400 -1.344854 0.040293
8090 4.0450 -1.343358 0.042068
8100 4.0500 -1.341889 0.043849
8110 4.0550 -1.340363 0.045737
8120 4.0600 -1.338728 0.047805
8130 4.0650 -1.337218 0.049756
8140 4.0700 -1.335762 0.051674
8150 4.0750 -1.334300 0.053636
8160 4.0800 -1.333037 0.055360
8170 4.0850 -1.331925 0.056901
8180 4.0900 -1.331033 0.058151
8190 4.0950 -1.330222 0.059300
8200 4.1000 -1.329423 0.060444
8210 4.1050 -1.328718 0.061463
8220 4.1100 -1.328061 0.062418
8230 4.1150 -1.327175 0.063720
8240 4.1200 -1.326269 0.065066
8250 4.1250 -1.325352 0.066441
8260 4.1300 -1.324491 0.067745
8270 4.1350 -1.323376 0.069452
8280 4.1400 -1.322229 0.071232
8290 4.1450 -1.320905 0.073314
8300 4.1500 -1.319580 0.075427
8310 4.1550 -1.318387 0.077357
8320 4.1600 -1.317284 0.079162
8330 4.1650 -1.316130 0.081073
8340 4.1700 -1.314944 0.083058
8350 4.1750 -1.313699 0.085171
8360 4.1800 -1.312353 0.087484
8370 4.1850 -1.311114 0.089641
8380 4.1900 -1.310077 0.091467
8390 4.1950 -1.309282 0.092878
8400 4.2000 -1.308426 0.094411
8410 4.2050 -1.307386 0.096289
8420 4.2100 -1.306349 0.098181
8430 4.2150 -1.305371 0.099982
8440 4.2200 -1.304547 0.101512
8450 4.2250 -1.303822 0.102867
8460 4.2300 -1.303160 0.104114
8470 4.2350 -1.302674 0.105033
8480 4.2400 -1.302356 0.105637
8490 4.2450 -1.302099 0.106126
8500 4.2500 -1.301851 0.106599
8510 4.2550 -1.301603 0.094684
8520 4.2600 -1.301431 0.094989
8530 4.2650 -1.301244 0.095322
8540 4.2700 -1.301176 0.095443
8550 4.2750 -1.301160 0.095471
8560 4.2800 -1.301245 0.095319
8570 4.2850 -1.301390 0.095062
8580 4.2900 -1.301657 0.094588
8590 4.2950 -1.301973 0.094027
8600 4.3000 -1.302294 0.093461
8610 4.3050 -1.302670 0.092798
8620 4.3100 -1.303229 0.091819
8630 4.3150 -1.303974 0.090522
8640 4.3200 -1.304988 0.088771
8650 4.3250 -1.305957 0.087112
8660 4.3300 -1.306918 0.085485
8670 4.3350 -1.307721 0.084137
8680 4.3400 -1.308443 0.082933
8690 4.3450 -1.309032 0.081957
8700 4.3500 -1.309442 0.081281
8710 4.3550 -1.309705 0.080849
8720 4.3600 -1.309919 0.080498
8730 4.3650 -1.310196 0.080046
8740 4.3700 -1.310709 0.079211
8750 4.3750 -1.311579 0.077805
8760 4.3800 -1.312590 0.076186
8770 4.3850 -1.313726 0.074387
8780 4.3900 -1.314806 0.072698
8790 4.3950 -1.316089 0.070716
8800 4.4000 -1.317378 0.068752
8810 4.4050 -1.318620 0.066886
8820 4.4100 -1.320067 0.064743
8830 4.4150 -1.321542 0.062596
8840 4.4200 -1.322952 0.060577
8850 4.4250 -1.324350 0.058608
8860 4.4300 -1.325850 0.056532
8870 4.4350 -1.327294 0.054568
8880 4.4400 -1.328730 0.052650
8890 4.4450 -1.330274 0.050625
8900 4.4500 -1.331638 0.048868
8910 4.4550 -1.332979 0.047173
8920 4.4600 -1.334266 0.045573
8930 4.4650 -1.335593 0.043953
8940 4.4700 -1.337067 0.042188
8950 4.4750 -1.338726 0.040243
8960 4.4800 -1.340354 0.038380
8970 4.4850 -1.341952 0.036594
8980 4.4900 -1.343460 0.034948
8990 4.4950 -1.344791 0.033527
9000 4.5000 -1.345929 0.032334
9010 4.5050 -1.346929 0.027775
9020 4.5100 -1.347817 0.026929
9030 4.5150 -1.348370 0.026409
9040 4.5200 -1.348978 0.025843
9050 4.5250 -1.349558 0.025307
9060 4.5300 -1.350138 0.024779
9070 4.5350 -1.350552 0.024405
9080 4.5400 -1.350834 0.024152
9090 4.5450 -1.350929 0.024067
9100 4.5500 -1.350878 0.024112
9110 4.5550 -1.350621 0.024343
9120 4.5600 -1.350450 0.024497
9130 4.5650 -1.350192 0.024730
9140 4.5700 -1.349855 0.025036
9150 4.5750 -1.349486 0.025374
9160 4.5800 -1.349082 0.025746
9170 4.5850 -1.348513 0.026275
9180 4.5900 -1.347956 0.026798
9190 4.5950 -1.347225 0.027491
9200 4.6000 -1.346384 0.028301
9210 4.6050 -1.345244 0.029417
9220 4.6100 -1.343949 0.030710
9230 4.6150 -1.342799 0.031882
9240 4.6200 -1.341624 0.033103
9250 4.6250 -1.340298 0.034508
9260 4.6300 -1.338789 0.036140
9270 4.6350 -1.337287 0.037805
9280 4.6400 -1.335850 0.039431
9290 4.6450 -1.334181 0.041364
9300 4.6500 -1.332141 0.043788
9310 4.6550 -1.330213 0.046143
9320 4.6600 -1.328367 0.048456
9330 4.6650 -1.326724 0.050561
9340 4.6700 -1.325152 0.052619
9350 4.6750 -1.323456 0.054883
9360 4.6800 -1.321845 0.057079
9370 4.6850 -1.320313 0.059205
9380 4.6900 -1.318856 0.061265
9390 4.6950 -1.317304 0.063498
9400 4.7000 -1.315478 0.066175
9410 4.7050 -1.313553 0.069058
9420 4.7100 -1.311438 0.072296
9430 4.7150 -1.309367 0.075538
9440 4.7200 -1.307338 0.078785
9450 4.7250 -1.305513 0.081761
9460 4.7300 -1.303519 0.085079
9470 4.7350 -1.301535 0.088442
9480 4.7400 -1.299569 0.091843
9490 4.7450 -1.297513 0.095464
9500 4.7500 -1.295604 0.098891
9510 4.7550 -1.293566 0.091796
9520 4.7600 -1.291482 0.095426
9530 4.7650 -1.289531 0.098889
9540 4.7700 -1.287579 0.102413
9550 4.7750 -1.285567 0.106112
9560 4.7800 -1.283305 0.110348
9570 4.7850 -1.281151 0.114458
9580 4.7900 -1.278788 0.119053
9590 4.7950 -1.276421 0.123747
9600 4.8000 -1.274115 0.128408
9610 4.8050 -1.271850 0.133067
9620 4.8100 -1.269422 0.138155
9630 4.8150 -1.266838 0.143676
9640 4.8200 -1.264104 0.149632
9650 4.8250 -1.261555 0.155295
9660 4.8300 -1.259058 0.160943
9670 4.8350 -1.256710 0.166346
9680 4.8400 -1.254385 0.171784
9690 4.8450 -1.252295 0.176747
9700 4.8500 -1.250282 0.181593
9710 4.8550 -1.248403 0.186176
9720 4.8600 -1.246738 0.190284
9730 4.8650 -1.245120 0.194320
9740 4.8700 -1.243699 0.197900
9750 4.8750 -1.242353 0.201320
9760 4.8800 -1.241149 0.204403
9770 4.8850 -1.239966 0.207456
9780 4.8900 -1.238924 0.210163
9790 4.8950 -1.237930 0.212761
9800 4.9000 -1.237167 0.214768
9810 4.9050 -1.236486 0.216567
9820 4.9100 -1.235690 0.218678
9830 4.9150 -1.234920 0.220732
9840 4.9200 -1.234092 0.222948
9850 4.9250 -1.233182 0.225399
9860 4.9300 -1.232358 0.227629
9870 4.9350 -1.231528 0.229885
9880 4.9400 -1.230808 0.231851
9890 4.9450 -1.230435 0.232875
9900 4.9500 -1.230348 0.233114
9910 4.9550 -1.230214 0.233481
9920 4.9600 -1.230283 0.233290
9930 4.9650 -1.230435 0.232873
9940 4.9700 -1.230728 0.232071
9950 4.9750 -1.231331 0.230421
9960 4.9800 -1.232164 0.228156
9970 4.9850 -1.233361 0.224915
9980 4.9900 -1.234835 0.220957
9990 4.9950 -1.236749 0.215871
10000 5.0000 -1.238867 0.210312
10010 5.0050 -1.241190 0.182216
10020 5.0100 -1.243606 0.176554
10030 5.0150 -1.246183 0.170612
10040 5.0200 -1.248925 0.164402
10050 5.0250 -1.251928 0.157727
10060 5.0300 -1.255269 0.150463
10070 5.0350 -1.258778 0.143015
10080 5.0400 -1.262402 0.135519
10090 5.0450 -1.266159 0.127956
10100 5.0500 -1.269817 0.120799
10110 5.0550 -1.273427 0.113937
10120 5.0600 -1.277144 0.107076
10130 5.0650 -1.280798 0.100537
10140 5.0700 -1.284462 0.094184
10150 5.0750 -1.288087 0.088100
10160 5.0800 -1.291649 0.082317
10170 5.0850 -1.295323 0.076555
10180 5.0900 -1.298993 0.071006
10190 5.0950 -1.302552 0.065822
10200 5.1000 -1.305799 0.061263
10210 5.1050 -1.309040 0.056872
10220 5.1100 -1.312174 0.052780
10230 5.1150 -1.315118 0.049073
10240 5.1200 -1.317811 0.045799
10250 5.1250 -1.320408 0.042749
10260 5.1300 -1.322904 0.039915
10270 5.1350 -1.325682 0.036872
10280 5.1400 -1.328426 0.033986
10290 5.1450 -1.330953 0.031429
10300 5.1500 -1.333094 0.029341
10310 5.1550 -1.335126 0.027424
10320 5.1600 -1.337113 0.025613
10330 5.1650 -1.339086 0.023873
10340 5.1700 -1.341079 0.022178
10350 5.1750 -1.342874 0.020704
10360 5.1800 -1.344619 0.019319
10370 5.1850 -1.346508 0.017873
10380 5.1900 -1.348553 0.016370
10390 5.1950 -1.350489 0.015007
10400 5.2000 -1.352178 0.013865
10410 5.2050 -1.353705 0.012871
10420 5.2100 -1.355259 0.011897
10430 5.2150 -1.356654 0.011055
10440 5.2200 -1.357606 0.010497
10450 5.2250 -1.358200 0.010157
10460 5.2300 -1.358446 0.010018
10470 5.2350 -1.358316 0.010091
10480 5.2400 -1.357880 0.010340
10490 5.2450 -1.357294 0.010679
10500 5.2500 -1.356585 0.011096
10510 5.2550 -1.355549 0.010348
10520 5.2600 -1.354360 0.011049
10530 5.2650 -1.352850 0.011972
10540 5.2700 -1.351146 0.013056
10550 5.2750 -1.349292 0.014287
10560 5.2800 -1.347269 0.015692
10570 5.2850 -1.345106 0.017265
10580 5.2900 -1.342711 0.019091
10590 5.2950 -1.339936 0.021320
10600 5.3000 -1.336964 0.023840
10610 5.3050 -1.333534 0.026920
10620 5.3100 -1.329821 0.030459
10630 5.3150 -1.326056 0.034268
10640 5.3200 -1.322364 0.038218
10650 5.3250 -1.318694 0.042353
10660 5.3300 -1.314995 0.046734
10670 5.3350 -1.311179 0.051473
10680 5.3400 -1.307137 0.056741
10690 5.3450 -1.302976 0.062429
10700 5.3500 -1.298718 0.068525
10710 5.3550 -1.294664 0.074590
10720 5.3600 -1.290599 0.080924
10730 5.3650 -1.286664 0.087300
10740 5.3700 -1.283062 0.093345
10750 5.3750 -1.279665 0.099230
10760 5.3800 -1.276187 0.105437
10770 5.3850 -1.272778 0.111702
10780 5.3900 -1.269398 0.118089
10790 5.3950 -1.265887 0.124909
10800 5.4000 -1.262367 0.131937
10810 5.4050 -1.259048 0.138737
10820 5.4100 -1.255856 0.145435
10830 5.4150 -1.252517 0.152608
10840 5.4200 -1.249218 0.159864
10850 5.4250 -1.246237 0.166561
10860 5.4300 -1.243580 0.172646
10870 5.4350 -1.241104 0.178411
10880 5.4400 -1.238458 0.184677
10890 5.4450 -1.236152 0.190225
10900 5.4500 -1.234046 0.195360
10910 5.4550 -1.232122 0.200113
10920 5.4600 -1.230581 0.203957
10930 5.4650 -1.229509 0.206654
10940 5.4700 -1.228665 0.208790
10950 5.4750 -1.227824 0.210929
10960 5.4800 -1.227096 0.212789
10970 5.4850 -1.226443 0.214465
10980 5.4900 -1.226016 0.215562
10990 5.4950 -1.225794 0.216136
11000 5.5000 -1.225785 0.216160
11010 5.5050 -1.226015 0.194136
11020 5.5100 -1.226448 0.193106
11030 5.5150 -1.227184 0.191363
11040 5.5200 -1.228090 0.189229
11050 5.5250 -1.229143 0.186762
11060 5.5300 -1.230261 0.184160
11070 5.5350 -1.231379 0.181576
11080 5.5400 -1.232709 0.178527
11090 5.5450 -1.234307 0.174895
11100 5.5500 -1.235937 0.171228
11110 5.5550 -1.237790 0.167104
11120 5.5600 -1.239970 0.162318
11130 5.5650 -1.242250 0.157383
11140 5.5700 -1.244814 0.151924
11150 5.5750 -1.247536 0.146232
11160 5.5800 -1.250441 0.140273
11170 5.5850 -1.253412 0.134304
11180 5.5900 -1.256688 0.127870
11190 5.5950 -1.260006 0.121512
11200 5.6000 -1.263533 0.114928
11210 5.6050 -1.267395 0.107925
11220 5.6100 -1.271353 0.100971
11230 5.6150 -1.275435 0.094037
11240 5.6200 -1.279635 0.087157
11250 5.6250 -1.283942 0.080368
11260 5.6300 -1.288178 0.073955
11270 5.6350 -1.292433 0.067776
11280 5.6400 -1.296576 0.062016
11290 5.6450 -1.300750 0.056467
11300 5.6500 -1.304942 0.051151
11310 5.6550 -1.309042 0.046204
11320 5.6600 -1.313145 0.041501
11330 5.6650 -1.317329 0.036962
11340 5.6700 -1.321405 0.032789
11350 5.6750 -1.325444 0.028897
11360 5.6800 -1.329386 0.025332
11370 5.6850 -1.333103 0.022184
11380 5.6900 -1.336536 0.019458
11390 5.6950 -1.339598 0.017177
11400 5.7000 -1.342469 0.015164
11410 5.7050 -1.345264 0.013324
11420 5.7100 -1.347878 0.011709
11430 5.7150 -1.350454 0.010218
11440 5.7200 -1.352784 0.008954
11450 5.7250 -1.355193 0.007735
11460 5.7300 -1.357543 0.006629
11470 5.7350 -1.359770 0.005658
11480 5.7400 -1.361801 0.004838
11490 5.7450 -1.363826 0.004082
11500 5.7500 -1.365669 0.003448
11510 5.7550 -1.367311 0.002670
11520 5.7600 -1.368824 0.002249
11530 5.7650 -1.370041 0.001936
11540 5.7700 -1.370884 0.001732
11550 5.7750 -1.371500 0.001590
11560 5.7800 -1.372075 0.001463
11570 5.7850 -1.372394 0.001394
11580 5.7900 -1.372162 0.001444
11590 5.7950 -1.371912 0.001498
11600 5.8000 -1.371348 0.001624
11610 5.8050 -1.370656 0.001786
11620 5.8100 -1.369710 0.002019
11630 5.8150 -1.368789 0.002258
11640 5.8200 -1.367647 0.002573
11650 5.8250 -1.366483 0.002915
11660 5.8300 -1.365281 0.003290
11670 5.8350 -1.363849 0.003765
11680 5.8400 -1.362070 0.004398
11690 5.8450 -1.360051 0.005176
11700 5.8500 -1.357806 0.006114
11710 5.8550 -1.355212 0.007292
11720 5.8600 -1.352432 0.008669
11730 5.8650 -1.349170 0.010435
11740 5.8700 -1.345689 0.012496
11750 5.8750 -1.342428 0.014595
11760 5.8800 -1.339046 0.016940
11770 5.8850 -1.335411 0.019654
11780 5.8900 -1.331612 0.022703
11790 5.8950 -1.327616 0.026145
11800 5.9000 -1.323602 0.029844
11810 5.9050 -1.319546 0.033827
11820 5.9100 -1.315321 0.038239
11830 5.9150 -1.311135 0.042873
11840 5.9200 -1.306994 0.047714
11850 5.9250 -1.302997 0.052630
11860 5.9300 -1.299188 0.057536
11870 5.9350 -1.295455 0.062553
11880 5.9400 -1.291769 0.067710
11890 5.9450 -1.288135 0.072990
11900 5.9500 -1.284645 0.078246
11910 5.9550 -1.281350 0.083373
11920 5.9600 -1.278038 0.088687
11930 5.9650 -1.274701 0.094206
11940 5.9700 -1.271383 0.099854
11950 5.9750 -1.268355 0.105150
11960 5.9800 -1.265483 0.110299
11970 5.9850 -1.262980 0.114883
11980 5.9900 -1.260705 0.119130
11990 5.9950 -1.258334 0.123637
12000 6.0000 -1.256308 0.127554
12010 6.0050 -1.254703 0.118705
12020 6.0100 -1.253292 0.121340
12030 6.0150 -1.252361 0.123092
12040 6.0200 -1.251954 0.123863
12050 6.0250 -1.251593 0.124549
12060 6.0300 -1.251301 0.125105
12070 6.0350 -1.251229 0.125241
12080 6.0400 -1.251309 0.125089
12090 6.0450 -1.251822 0.124113
12100 6.0500 -1.252660 0.122529
12110 6.0550 -1.253847 0.120300
12120 6.0600 -1.255333 0.117538
12130 6.0650 -1.257032 0.114420
12140 6.0700 -1.258794 0.111228
12150 6.0750 -1.260720 0.107791
12160 6.0800 -1.262958 0.103865
12170 6.0850 -1.265444 0.099586
12180 6.0900 -1.268106 0.095104
12190 6.0950 -1.270730 0.090785
12200 6.1000 -1.273141 0.086902
12210 6.1050 -1.275673 0.082915
12220 6.1100 -1.278339 0.078819
12230 6.1150 -1.281112 0.074664
12240 6.1200 -1.283981 0.070484
12250 6.1250 -1.286845 0.066429
12260 6.1300 -1.289820 0.062343
12270 6.1350 -1.292792 0.058389
12280 6.1400 -1.295737 0.054597
12290 6.1450 -1.298544 0.051100
12300 6.1500 -1.301256 0.047829
12310 6.1550 -1.303950 0.044686
12320 6.1600 -1.306782 0.041496
12330 6.1650 -1.309562 0.038478
12340 6.1700 -1.312308 0.035609
12350 6.1750 -1.314935 0.032966
12360 6.1800 -1.317741 0.030255
12370 6.1850 -1.320645 0.027571
12380 6.1900 -1.323661 0.024913
12390 6.1950 -1.326745 0.022334
12400 6.2000 -1.329950 0.019802
12410 6.2050 -1.333036 0.017506
12420 6.2100 -1.335915 0.015491
12430 6.2150 -1.338838 0.013571
12440 6.2200 -1.341704 0.011810
12450 6.2250 -1.344445 0.010240
12460 6.2300 -1.346955 0.008899
12470 6.2350 -1.349242 0.007759
12480 6.2400 -1.351429 0.006742
12490 6.2450 -1.353531 0.005831
12500 6.2500 -1.355642 0.004982
12510 6.2550 -1.357505 0.003821
12520 6.2600 -1.359385 0.003205
12530 6.2650 -1.361149 0.002675
12540 6.2700 -1.362984 0.002173
12550 6.2750 -1.364739 0.001740
12560 6.2800 -1.366402 0.001373
12570 6.2850 -1.368188 0.001025
12580 6.2900 -1.369711 0.000766
12590 6.2950 -1.371100 0.000561
12600 6.3000 -1.372404 0.000394
12610 6.3050 -1.373323 0.000292
12620 6.3100 -1.373986 0.000227
12630 6.3150 -1.374877 0.000149
12640 6.3200 -1.375750 0.000085
12650 6.3250 -1.376395 0.000044
12660 6.3300 -1.376715 0.000027
12670 6.3350 -1.376867 0.000019
12680 6.3400 -1.376877 0.000018
12690 6.3450 -1.376914 0.000017
12700 6.3500 -1.376792 0.000023
12710 6.3550 -1.376638 0.000031
12720 6.3600 -1.376386 0.000045
12730 6.3650 -1.376076 0.000063
12740 6.3700 -1.375745 0.000085
12750 6.3750 -1.375380 0.000110
12760 6.3800 -1.375117 0.000130
12770 6.3850 -1.374765 0.000158
12780 6.3900 -1.374267 0.000201
12790 6.3950 -1.373702 0.000254
12800 6.4000 -1.373136 0.000312
12810 6.4050 -1.372524 0.000380
12820 6.4100 -1.371765 0.000473
12830 6.4150 -1.370887 0.000590
12840 6.4200 -1.369803 0.000752
12850 6.4250 -1.368382 0.000990
12860 6.4300 -1.366836 0.001284
12870 6.4350 -1.365112 0.001654
12880 6.4400 -1.363258 0.002102
12890 6.4450 -1.361192 0.002662
12900 6.4500 -1.358890 0.003362
12910 6.4550 -1.356593 0.004139
12920 6.4600 -1.354241 0.005018
12930 6.4650 -1.351871 0.005986
12940 6.4700 -1.349460 0.007058
12950 6.4750 -1.346983 0.008250
12960 6.4800 -1.344536 0.009517
12970 6.4850 -1.342094 0.010871
12980 6.4900 -1.339451 0.012436
12990 6.4950 -1.336624 0.014226
13000 6.5000 -1.333591 0.016279
13010 6.5050 -1.330420 0.016930
13020 6.5100 -1.327185 0.019329
13030 6.5150 -1.324079 0.021779
13040 6.5200 -1.320707 0.024602
13050 6.5250 -1.317317 0.027612
13060 6.5300 -1.314037 0.030685
13070 6.5350 -1.310813 0.033863
13080 6.5400 -1.307722 0.037054
13090 6.5450 -1.304602 0.040419
13100 6.5500 -1.301504 0.043904
13110 6.5550 -1.298255 0.047711
13120 6.5600 -1.294845 0.051874
13130 6.5650 -1.291393 0.056264
13140 6.5700 -1.287946 0.060824
13150 6.5750 -1.284586 0.065435
13160 6.5800 -1.281288 0.070124
13170 6.5850 -1.277820 0.075229
13180 6.5900 -1.274412 0.080416
13190 6.5950 -1.271212 0.085442
13200 6.6000 -1.268219 0.090279
13210 6.6050 -1.265313 0.095101
13220 6.6100 -1.262562 0.099781
13230 6.6150 -1.260006 0.104228
13240 6.6200 -1.257655 0.108404
13250 6.6250 -1.255498 0.112303
13260 6.6300 -1.253467 0.116040
13270 6.6350 -1.251628 0.119474
13280 6.6400 -1.249853 0.122835
13290 6.6450 -1.248438 0.125549
13300 6.6500 -1.247347 0.127658
13310 6.6550 -1.246409 0.129488
13320 6.6600 -1.245660 0.130959
13330 6.6650 -1.245026 0.132209
13340 6.6700 -1.244849 0.132559
13350 6.6750 -1.244817 0.132623
13360 6.6800 -1.244850 0.132557
13370 6.6850 -1.245135 0.131994
13380 6.6900 -1.245628 0.131021
13390 6.6950 -1.246368 0.129568
13400 6.7000 -1.247551 0.127263
13410 6.7050 -1.249053 0.124365
13420 6.7100 -1.250788 0.121058
13430 6.7150 -1.252763 0.117348
13440 6.7200 -1.255056 0.113111
13450 6.7250 -1.257572 0.108551
13460 6.7300 -1.260310 0.103694
13470 6.7350 -1.263224 0.098645
13480 6.7400 -1.266501 0.093116
13490 6.7450 -1.270052 0.087302
13500 6.7500 -1.273848 0.081291
13510 6.7550 -1.278048 0.068045
13520 6.7600 -1.282651 0.061659
13530 6.7650 -1.287415 0.055375
13540 6.7700 -1.292333 0.049237
13550 6.7750 -1.297212 0.043498
13560 6.7800 -1.302117 0.038081
13570 6.7850 -1.307257 0.032782
13580 6.7900 -1.312348 0.027918
13590 6.7950 -1.317222 0.023617
13600 6.8000 -1.322123 0.019647
13610 6.8050 -1.327190 0.015915
13620 6.8100 -1.332505 0.012408
13630 6.8150 -1.337814 0.009323
13640 6.8200 -1.343040 0.006694
13650 6.8250 -1.348277 0.004467
13660 6.8300 -1.353300 0.002714
13670 6.8350 -1.358225 0.001360
13680 6.8400 -1.363090 0.000377
13690 6.8450 -1.367946 0.000000
13700 6.8500 -1.372797 0.000000
13710 6.8550 -1.377424 0.000000
13720 6.8600 -1.381786 0.000000
13730 6.8650 -1.386029 0.000519
13740 6.8700 -1.389893 0.001320
13750 6.8750 -1.393433 0.002252
13760 6.8800 -1.396868 0.003336
13770 6.8850 -1.400307 0.004601
13780 6.8900 -1.403297 0.005845
13790 6.8950 -1.406011 0.007092
13800 6.9000 -1.408432 0.008298
13810 6.9050 -1.410666 0.009489
13820 6.9100 -1.412692 0.010636
13830 6.9150 -1.414491 0.011706
13840 6.9200 -1.416007 0.012645
13850 6.9250 -1.417352 0.013508
13860 6.9300 -1.418368 0.014178
13870 6.9350 -1.418956 0.014573
13880 6.9400 -1.419261 0.014780
13890 6.9450 -1.419454 0.014912
13900 6.9500 -1.419348 0.014839
13910 6.9550 -1.418814 0.014477
13920 6.9600 -1.418154 0.014036
13930 6.9650 -1.417397 0.013538
13940 6.9700 -1.416570 0.013003
13950 6.9750 -1.415440 0.012289
13960 6.9800 -1.413969 0.011390
13970 6.9850 -1.412513 0.010532
13980 6.9900 -1.411047 0.009700
13990 6.9950 -1.409315 0.008759
14000 7.0000 -1.407514 0.007830
14010 7.0050 -1.405646 0.006390
14020 7.0100 -1.403597 0.005490
14030 7.0150 -1.401268 0.004545
14040 7.0200 -1.398703 0.003599
14050 7.0250 -1.395995 0.002709
14060 7.0300 -1.393129 0.001889
14070 7.0350 -1.390038 0.001143
14080 7.0400 -1.386859 0.000528
14090 7.0450 -1.383842 0.000085
14100 7.0500 -1.380534 0.000000
14110 7.0550 -1.376967 0.000000
14120 7.0600 -1.373491 0.000000
14130 7.0650 -1.370241 0.000000
14140 7.0700 -1.366872 0.000155
14150 7.0750 -1.363474 0.000691
14160 7.0800 -1.360233 0.001363
14170 7.0850 -1.357129 0.002154
14180 7.0900 -1.353908 0.003128
14190 7.0950 -1.350895 0.004180
14200 7.1000 -1.347878 0.005370
14210 7.1050 -1.344835 0.006707
14220 7.1100 -1.341785 0.008187
14230 7.1150 -1.338722 0.009812
14240 7.1200 -1.335833 0.011473
14250 7.1250 -1.332922 0.013273
14260 7.1300 -1.330135 0.015114
14270 7.1350 -1.327386 0.017042
14280 7.1400 -1.324543 0.019156
14290 7.1450 -1.321477 0.021569
14300 7.1500 -1.318469 0.024072
14310 7.1550 -1.315467 0.026704
14320 7.1600 -1.312398 0.029533
14330 7.1650 -1.309206 0.032622
14340 7.1700 -1.306247 0.035620
14350 7.1750 -1.303450 0.038574
14360 7.1800 -1.300833 0.041441
14370 7.1850 -1.298534 0.044043
14380 7.1900 -1.296291 0.046658
14390 7.1950 -1.293838 0.049601
14400 7.2000 -1.291399 0.052615
14410 7.2050 -1.289101 0.055536
14420 7.2100 -1.287046 0.058212
14430 7.2150 -1.285337 0.060486
14440 7.2200 -1.283568 0.062884
14450 7.2250 -1.282037 0.064998
14460 7.2300 -1.280740 0.066814
14470 7.2350 -1.279504 0.068569
14480 7.2400 -1.278717 0.069697
14490 7.2450 -1.278317 0.070275
14500 7.2500 -1.278118 0.070562
14510 7.2550 -1.277902 0.065409
14520 7.2600 -1.278103 0.065131
14530 7.2650 -1.278433 0.064673
14540 7.2700 -1.279091 0.063767
14550 7.2750 -1.279910 0.062648
14560 7.2800 -1.280907 0.061299
14570 7.2850 -1.282071 0.059742
14580 7.2900 -1.283458 0.057913
14590 7.2950 -1.285073 0.055820
14600 7.3000 -1.286852 0.053557
14610 7.3050 -1.288890 0.051022
14620 7.3100 -1.291075 0.048372
14630 7.3150 -1.293535 0.045471
14640 7.3200 -1.296260 0.042361
14650 7.3250 -1.299027 0.039314
14660 7.3300 -1.301727 0.036449
14670 7.3350 -1.304451 0.033668
14680 7.3400 -1.307210 0.030961
14690 7.3450 -1.310082 0.028263
14700 7.3500 -1.313160 0.025504
14710 7.3550 -1.316349 0.022794
14720 7.3600 -1.319559 0.020217
14730 7.3650 -1.322609 0.017909
14740 7.3700 -1.325512 0.015840
14750 7.3750 -1.328362 0.013928
14760 7.3800 -1.331402 0.012022
14770 7.3850 -1.334544 0.010195
14780 7.3900 -1.337850 0.008431
14790 7.3950 -1.341107 0.006850
14800 7.4000 -1.344249 0.005474
14810 7.4050 -1.347195 0.004317
14820 7.4100 -1.350007 0.003333
14830 7.4150 -1.352822 0.002465
14840 7.4200 -1.355641 0.001714
14850 7.4250 -1.358179 0.001139
14860 7.4300 -1.360496 0.000697
14870 7.4350 -1.362714 0.000349
14880 7.4400 -1.364703 0.000100
14890 7.4450 -1.366519 0.000000
14900 7.4500 -1.368067 0.000000
14910 7.4550 -1.369238 0.000000
14920 7.4600 -1.370281 0.000000
14930 7.4650 -1.371201 0.000000
14940 7.4700 -1.371988 0.000000
14950 7.4750 -1.372645 0.000000
14960 7.4800 -1.373246 0.000000
14970 7.4850 -1.373818 0.000000
14980 7.4900 -1.374504 0.000000
14990 7.4950 -1.374996 0.000000
15000 7.5000 -1.375196 0.000000
15010 7.5050 -1.374990 0.000000
15020 7.5100 -1.374742 0.000000
15030 7.5150 -1.374211 0.000000
15040 7.5200 -1.373390 0.000000
15050 7.5250 -1.372334 0.000000
15060 7.5300 -1.371357 0.000000
15070 7.5350 -1.370484 0.000000
15080 7.5400 -1.369398 0.000000
15090 7.5450 -1.368222 0.000057
15100 7.5500 -1.367002 0.000142
15110 7.5550 -1.365718 0.000255
15120 7.5600 -1.364408 0.000397
15130 7.5650 -1.362981 0.000581
15140 7.5700 -1.361237 0.000846
15150 7.5750 -1.359299 0.001195
15160 7.5800 -1.357145 0.001649
15170 7.5850 -1.354749 0.002236
15180 7.5900 -1.352240 0.002942
15190 7.5950 -1.349468 0.003832
15200 7.6000 -1.346470 0.004924
15210 7.6050 -1.343312 0.006219
15220 7.6100 -1.339943 0.007765
15230 7.6150 -1.336405 0.009571
15240 7.6200 -1.332773 0.011619
15250 7.6250 -1.328997 0.013956
15260 7.6300 -1.325215 0.016509
15270 7.6350 -1.321514 0.019214
15280 7.6400 -1.317959 0.022004
15290 7.6450 -1.314350 0.025027
15300 7.6500 -1.310724 0.028259
15310 7.6550 -1.307182 0.031604
15320 7.6600 -1.303683 0.035091
15330 7.6650 -1.300339 0.038592
15340 7.6700 -1.297098 0.042143
15350 7.6750 -1.293837 0.045873
15360 7.6800 -1.290520 0.049827
15370 7.6850 -1.287370 0.053731
15380 7.6900 -1.284297 0.057683
15390 7.6950 -1.281419 0.061508
15400 7.7000 -1.278779 0.065124
15410 7.7050 -1.276154 0.068823
15420 7.7100 -1.273618 0.072491
15430 7.7150 -1.271066 0.076278
15440 7.7200 -1.268429 0.080292
15450 7.7250 -1.265940 0.084172
15460 7.7300 -1.263606 0.087896
15470 7.7350 -1.261363 0.091548
15480 7.7400 -1.259275 0.095015
15490 7.7450 -1.257317 0.098322
15500 7.7500 -1.255316 0.101761
15510 7.7550 -1.253509 0.097275
15520 7.7600 -1.252006 0.099823
15530 7.7650 -1.250711 0.102043
15540 7.7700 -1.249529 0.104092
15550 7.7750 -1.248647 0.105635
15560 7.7800 -1.248016 0.106745
15570 7.7850 -1.247729 0.107252
15580 7.7900 -1.247576 0.107522
15590 7.7950 -1.247838 0.107058
15600 7.8000 -1.248439 0.105999
15610 7.8050 -1.249184 0.104695
15620 7.8100 -1.250018 0.103243
15630 7.8150 -1.251210 0.101184
15640 7.8200 -1.252563 0.098874
15650 7.8250 -1.254511 0.095595
15660 7.8300 -1.256811 0.091793
15670 7.8350 -1.259240 0.087860
15680 7.8400 -1.261905 0.083644
15690 7.8450 -1.264601 0.079484
15700 7.8500 -1.267604 0.074974
15710 7.8550 -1.270581 0.070632
15720 7.8600 -1.273794 0.066090
15730 7.8650 -1.277073 0.061610
15740 7.8700 -1.280477 0.057124
15750 7.8750 -1.284045 0.052602
15760 7.8800 -1.287828 0.048010
15770 7.8850 -1.291635 0.043600
15780 7.8900 -1.295496 0.039342
15790 7.8950 -1.299204 0.035457
15800 7.9000 -1.302828 0.031854
15810 7.9050 -1.306535 0.028368
15820 7.9100 -1.310306 0.025027
15830 7.9150 -1.314017 0.021941
15840 7.9200 -1.317502 0.019227
15850 7.9250 -1.320850 0.016788
15860 7.9300 -1.324121 0.014563
15870 7.9350 -1.327226 0.012596
15880 7.9400 -1.330165 0.010864
15890 7.9450 -1.333114 0.009255
15900 7.9500 -1.336037 0.007785
15910 7.9550 -1.338816 0.006505
15920 7.9600 -1.341447 0.005397
15930 7.9650 -1.343917 0.004450
15940 7.9700 -1.346153 0.003670
15950 7.9750 -1.347934 0.003102
15960 7.9800 -1.349347 0.002685
15970 7.9850 -1.350502 0.002365
15980 7.9900 -1.351405 0.002129
15990 7.9950 -1.351941 0.001995
16000 8.0000 -1.351919 0.002000
16010 8.0050 -1.351558 0.001964
16020 8.0100 -1.350986 0.002105
16030 8.0150 -1.350326 0.002276
16040 8.0200 -1.349778 0.002422
16050 8.0250 -1.349104 0.002608
16060 8.0300 -1.348493 0.002782
16070 8.0350 -1.347885 0.002961
16080 8.0400 -1.347325 0.003130
16090 8.0450 -1.346737 0.003314
16100 8.0500 -1.346051 0.003534
16110 8.0550 -1.345287 0.003787
16120 8.0600 -1.344338 0.004114
16130 8.0650 -1.343273 0.004497
16140 8.0700 -1.341803 0.005053
16150 8.0750 -1.340043 0.005761
16160 8.0800 -1.338161 0.006569
16170 8.0850 -1.336336 0.007402
16180 8.0900 -1.334531 0.008276
16190 8.0950 -1.332754 0.009182
16200 8.1000 -1.330761 0.010255
16210 8.1050 -1.328663 0.011447
16220 8.1100 -1.326469 0.012764
16230 8.1150 -1.324551 0.013973
16240 8.1200 -1.322720 0.015179
16250 8.1250 -1.320906 0.016421
16260 8.1300 -1.318948 0.017818
16270 8.1350 -1.317154 0.019146
16280 8.1400 -1.315476 0.020433
16290 8.1450 -1.313948 0.021640
16300 8.1500 -1.312536 0.022786
16310 8.1550 -1.311179 0.023915
16320 8.1600 -1.309971 0.024943
16330 8.1650 -1.308830 0.025934
16340 8.1700 -1.307791 0.026852
16350 8.1750 -1.306947 0.027610
16360 8.1800 -1.306334 0.028168
16370 8.1850 -1.305830 0.028630
16380 8.1900 -1.305275 0.029144
16390 8.1950 -1.304696 0.029684
16400 8.2000 -1.304327 0.030031
16410 8.2050 -1.304037 0.030305
16420 8.2100 -1.303779 0.030550
16430 8.2150 -1.303592 0.030728
16440 8.2200 -1.303356 0.030954
16450 8.2250 -1.303044 0.031253
16460 8.2300 -1.302586 0.031695
16470 8.2350 -1.302367 0.031907
16480 8.2400 -1.301891 0.032372
16490 8.2450 -1.301348 0.032906
16500 8.2500 -1.300770 0.033478
16510 8.2550 -1.300314 0.031616
16520 8.2600 -1.299849 0.032067
16530 8.2650 -1.299483 0.032424
16540 8.2700 -1.299077 0.032823
16550 8.2750 -1.298663 0.033233
16560 8.2800 -1.298251 0.033642
16570 8.2850 -1.297666 0.034228
16580 8.2900 -1.297029 0.034873
16590 8.2950 -1.296361 0.035554
16600 8.3000 -1.295683 0.036253
16610 8.3050 -1.295106 0.036854
16620 8.3100 -1.294635 0.037346
16630 8.3150 -1.294318 0.037681
16640 8.3200 -1.294379 0.037616
16650 8.3250 -1.294806 0.037167
16660 8.3300 -1.295410 0.036536
16670 8.3350 -1.296008 0.035918
16680 8.3400 -1.296594 0.035316
16690 8.3450 -1.297182 0.034717
16700 8.3500 -1.297781 0.034113
16710 8.3550 -1.298747 0.033150
16720 8.3600 -1.299982 0.031937
16730 8.3650 -1.301246 0.030720
16740 8.3700 -1.302571 0.029470
16750 8.3750 -1.304134 0.028028
16760 8.3800 -1.305622 0.026688
16770 8.3850 -1.307155 0.025343
16780 8.3900 -1.308539 0.024158
16790 8.3950 -1.309947 0.022981
16800 8.4000 -1.311504 0.021715
16810 8.4050 -1.312759 0.020719
16820 8.4100 -1.313907 0.019829
16830 8.4150 -1.315073 0.018946
16840 8.4200 -1.316314 0.018027
16850 8.4250 -1.317581 0.017113
16860 8.4300 -1.318943 0.016156
16870 8.4350 -1.320196 0.015300
16880 8.4400 -1.321290 0.014572
16890 8.4450 -1.322465 0.013809
16900 8.4500 -1.323599 0.013093
16910 8.4550 -1.324575 0.012492
16920 8.4600 -1.325487 0.011942
16930 8.4650 -1.326323 0.011450
16940 8.4700 -1.327275 0.010902
16950 8.4750 -1.328325 0.010312
16960 8.4800 -1.329375 0.009740
16970 8.4850 -1.330388 0.009202
16980 8.4900 -1.331404 0.008678
16990 8.4950 -1.332302 0.008229
17000 8.5000 -1.333046 0.007865
17010 8.5050 -1.333713 0.007008
17020 8.5100 -1.334293 0.006745
17030 8.5150 -1.334911 0.006470
17040 8.5200 -1.335675 0.006138
17050 8.5250 -1.336522 0.005780
17060 8.5300 -1.337095 0.005544
17070 8.5350 -1.337627 0.005330
17080 8.5400 -1.338165 0.005117
17090 8.5450 -1.338572 0.004959
17100 8.5500 -1.338811 0.004867
17110 8.5550 -1.338818 0.004864
17120 8.5600 -1.338729 0.004898
17130 8.5650 -1.338481 0.004994
17140 8.5700 -1.337963 0.005196
17150 8.5750 -1.337368 0.005433
17160 8.5800 -1.336858 0.005641
17170 8.5850 -1.336122 0.005948
17180 8.5900 -1.334945 0.006455
17190 8.5950 -1.333676 0.007025
17200 8.6000 -1.332360 0.007641
17210 8.6050 -1.330844 0.008384
17220 8.6100 -1.329285 0.009182
17230 8.6150 -1.327744 0.010008
17240 8.6200 -1.326402 0.010755
17250 8.6250 -1.325168 0.011467
17260 8.6300 -1.323936 0.012199
17270 8.6350 -1.322795 0.012897
17280 8.6400 -1.321698 0.013588
17290 8.6450 -1.320746 0.014200
17300 8.6500 -1.319510 0.015017
17310 8.6550 -1.318100 0.015976
17320 8.6600 -1.316569 0.017051
17330 8.6650 -1.315154 0.018076
17340 8.6700 -1.313541 0.019280
17350 8.6750 -1.311774 0.020643
17360 8.6800 -1.309958 0.022093
17370 8.6850 -1.308249 0.023502
17380 8.6900 -1.306634 0.024873
17390 8.6950 -1.305122 0.026192
17400 8.7000 -1.303433 0.027705
17410 8.7050 -1.301655 0.029345
17420 8.7100 -1.299915 0.030994
17430 8.7150 -1.298150 0.032713
17440 8.7200 -1.296412 0.034452
17450 8.7250 -1.294805 0.036099
17460 8.7300 -1.293203 0.037778
17470 8.7350 -1.291726 0.039361
17480 8.7400 -1.290380 0.040832
17490 8.7450 -1.288887 0.042494
17500 8.7500 -1.287306 0.044291
17510 8.7550 -1.285866 0.042896
17520 8.7600 -1.284243 0.044750
17530 8.7650 -1.282387 0.046919
17540 8.7700 -1.280433 0.049258
17550 8.7750 -1.278612 0.051488
17560 8.7800 -1.277098 0.053379
17570 8.7850 -1.275835 0.054983
17580 8.7900 -1.274597 0.056579
17590 8.7950 -1.273282 0.058298
17600 8.8000 -1.272109 0.059854
17610 8.8050 -1.270978 0.061372
17620 8.8100 -1.269788 0.062991
17630 8.8150 -1.268818 0.064326
17640 8.8200 -1.268240 0.065128
17650 8.8250 -1.267766 0.065789
17660 8.8300 -1.267673 0.065919
17670 8.8350 -1.267830 0.065700
17680 8.8400 -1.267911 0.065587
17690 8.8450 -1.267916 0.065580
17700 8.8500 -1.267911 0.065587
17710 8.8550 -1.268072 0.065362
17720 8.8600 -1.268307 0.065035
17730 8.8650 -1.268747 0.064425
17740 8.8700 -1.269514 0.063367
17750 8.8750 -1.270267 0.062337
17760 8.8800 -1.271125 0.061174
17770 8.8850 -1.272160 0.059785
17780 8.8900 -1.273421 0.058115
17790 8.8950 -1.275093 0.055937
17800 8.9000 -1.276819 0.053732
17810 8.9050 -1.278635 0.051459
17820 8.9100 -1.280498 0.049180
17830 8.9150 -1.282476 0.046814
17840 8.9200 -1.284692 0.044234
17850 8.9250 -1.287028 0.041593
17860 8.9300 -1.289328 0.039071
17870 8.9350 -1.291741 0.036509
17880 8.9400 -1.294057 0.034133
17890 8.9450 -1.296384 0.031825
17900 8.9500 -1.298630 0.029673
17910 8.9550 -1.300763 0.027699
17920 8.9600 -1.302799 0.025878
17930 8.9650 -1.304777 0.024168
17940 8.9700 -1.306906 0.022392
17950 8.9750 -1.308980 0.020727
17960 8.9800 -1.310753 0.019354
17970 8.9850 -1.312504 0.018044
17980 8.9900 -1.314331 0.016726
17990 8.9950 -1.316158 0.015457
18000 9.0000 -1.318081 0.014175
18010 9.0050 -1.320132 0.011996
18020 9.0100 -1.322102 0.010840
18030 9.0150 -1.323884 0.009844
18040 9.0200 -1.325647 0.008905
18050 9.0250 -1.327496 0.007971
18060 9.0300 -1.329243 0.007135
18070 9.0350 -1.330701 0.006472
18080 9.0400 -1.332065 0.005881
18090 9.0450 -1.333166 0.005424
18100 9.0500 -1.334144 0.005033
18110 9.0550 -1.335151 0.004646
18120 9.0600 -1.335944 0.004351
18130 9.0650 -1.336350 0.004204
18140 9.0700 -1.336539 0.004137
18150 9.0750 -1.336722 0.004072
18160 9.0800 -1.336767 0.004056
18170 9.0850 -1.336779 0.004052
18180 9.0900 -1.336469 0.004161
18190 9.0950 -1.335956 0.004347
18200 9.1000 -1.335301 0.004589
18210 9.1050 -1.334511 0.004890
18220 9.1100 -1.333874 0.005139
18230 9.1150 -1.333255 0.005388
18240 9.1200 -1.332724 0.005605
18250 9.1250 -1.332016 0.005902
18260 9.1300 -1.331131 0.006283
18270 9.1350 -1.330344 0.006631
18280 9.1400 -1.329510 0.007011
18290 9.1450 -1.328589 0.007443
18300 9.1500 -1.327313 0.008061
18310 9.1550 -1.325896 0.008777
18320 9.1600 -1.324506 0.009507
18330 9.1650 -1.323102 0.010275
18340 9.1700 -1.321689 0.011078
18350 9.1750 -1.320183 0.011965
18360 9.1800 -1.318587 0.012943
18370 9.1850 -1.316900 0.014019
18380 9.1900 -1.315008 0.015275
18390 9.1950 -1.313211 0.016518
18400 9.2000 -1.311570 0.017695
18410 9.2050 -1.310176 0.018726
18420 9.2100 -1.308785 0.019784
18430 9.2150 -1.307508 0.020781
18440 9.2200 -1.306226 0.021807
18450 9.2250 -1.304931 0.022867
18460 9.2300 -1.303667 0.023926
18470 9.2350 -1.302320 0.025082
18480 9.2400 -1.301175 0.026086
18490 9.2450 -1.300201 0.026954
18500 9.2500 -1.299503 0.027585
18510 9.2550 -1.298735 0.026623
18520 9.2600 -1.297773 0.027489
18530 9.2650 -1.296680 0.028490
18540 9.2700 -1.295661 0.029439
18550 9.2750 -1.294556 0.030487
18560 9.2800 -1.293503 0.031501
18570 9.2850 -1.292396 0.032586
18580 9.2900 -1.291497 0.033480
18590 9.2950 -1.290820 0.034161
18600 9.3000 -1.290269 0.034722
18610 9.3050 -1.289701 0.035303
18620 9.3100 -1.289267 0.035751
18630 9.3150 -1.288793 0.036242
18640 9.3200 -1.288343 0.036713
18650 9.3250 -1.287896 0.037184
18660 9.3300 -1.287185 0.037938
18670 9.3350 -1.286244 0.038948
18680 9.3400 -1.285363 0.039905
18690 9.3450 -1.284391 0.040974
18700 9.3500 -1.283358 0.042127
18710 9.3550 -1.282182 0.043458
18720 9.3600 -1.281044 0.044766
18730 9.3650 -1.279897 0.046104
18740 9.3700 -1.278787 0.047418
18750 9.3750 -1.277863 0.048525
18760 9.3800 -1.277215 0.049309
18770 9.3850 -1.276571 0.050095
18780 9.3900 -1.275888 0.050935
18790 9.3950 -1.275428 0.051504
18800 9.4000 -1.274803 0.052284
18810 9.4050 -1.274156 0.053097
18820 9.4100 -1.273568 0.053840
18830 9.4150 -1.272905 0.054686
18840 9.4200 -1.272201 0.055591
18850 9.4250 -1.271643 0.056312
18860 9.4300 -1.271087 0.057037
18870 9.4350 -1.270603 0.057671
18880 9.4400 -1.270367 0.057982
18890 9.4450 -1.270310 0.058057
18900 9.4500 -1.270207 0.058193
18910 9.4550 -1.270044 0.058408
18920 9.4600 -1.269834 0.058686
18930 9.4650 -1.269797 0.058735
18940 9.4700 -1.269820 0.058704
18950 9.4750 -1.269825 0.058698
18960 9.4800 -1.269850 0.058665
18970 9.4850 -1.270205 0.058195
18980 9.4900 -1.270762 0.057462
18990 9.4950 -1.271373 0.056663
19000 9.5000 -1.271949 0.055916
19010 9.5050 -1.272376 0.052019
19020 9.5100 -1.272625 0.051709
19030 9.5150 -1.272846 0.051434
19040 9.5200 -1.273198 0.051000
19050 9.5250 -1.273585 0.050523
19060 9.5300 -1.274036 0.049971
19070 9.5350 -1.274398 0.049530
19080 9.5400 -1.274604 0.049280
19090 9.5450 -1.274896 0.048927
19100 9.5500 -1.275145 0.048626
19110 9.5550 -1.275644 0.048026
19120 9.5600 -1.276052 0.047538
19130 9.5650 -1.276210 0.047350
19140 9.5700 -1.276432 0.047088
19150 9.5750 -1.276803 0.046649
19160 9.5800 -1.277398 0.045949
19170 9.5850 -1.278134 0.045091
19180 9.5900 -1.279171 0.043896
19190 9.5950 -1.280444 0.042451
19200 9.6000 -1.281757 0.040986
19210 9.6050 -1.283176 0.039431
19220 9.6100 -1.284429 0.038084
19230 9.6150 -1.285383 0.037074
19240 9.6200 -1.286198 0.036221
19250 9.6250 -1.286942 0.035452
19260 9.6300 -1.287673 0.034704
19270 9.6350 -1.288533 0.033834
19280 9.6400 -1.289533 0.032837
19290 9.6450 -1.290715 0.031677
19300 9.6500 -1.291758 0.030671
19310 9.6550 -1.292637 0.029836
19320 9.6600 -1.293397 0.029123
19330 9.6650 -1.293906 0.028651
19340 9.6700 -1.294131 0.028443
19350 9.6750 -1.294308 0.028280
19360 9.6800 -1.294315 0.028274
19370 9.6850 -1.294296 0.028291
19380 9.6900 -1.294408 0.028189
19390 9.6950 -1.294565 0.028045
19400 9.7000 -1.294697 0.027924
19410 9.7050 -1.295027 0.027623
19420 9.7100 -1.295280 0.027394
19430 9.7150 -1.295495 0.027200
19440 9.7200 -1.295770 0.026953
19450 9.7250 -1.295911 0.026827
19460 9.7300 -1.295842 0.026889
19470 9.7350 -1.295457 0.027234
19480 9.7400 -1.295049 0.027604
19490 9.7450 -1.294726 0.027898
19500 9.7500 -1.294434 0.028165
19510 9.7550 -1.294195 0.026685
19520 9.7600 -1.293955 0.026900
19530 9.7650 -1.293660 0.027165
19540 9.7700 -1.293256 0.027530
19550 9.7750 -1.292638 0.028094
19560 9.7800 -1.291815 0.028853
19570 9.7850 -1.290943 0.029670
19580 9.7900 -1.289993 0.030571
19590 9.7950 -1.289101 0.031431
19600 9.8000 -1.288381 0.032133
19610 9.8050 -1.287781 0.032724
19620 9.8100 -1.287104 0.033397
19630 9.8150 -1.286205 0.034302
19640 9.8200 -1.285417 0.035105
19650 9.8250 -1.284697 0.035846
19660 9.8300 -1.284147 0.036418
19670 9.8350 -1.283624 0.036966
19680 9.8400 -1.283060 0.037562
19690 9.8450 -1.282431 0.038231
19700 9.8500 -1.281932 0.038767
19710 9.8550 -1.281481 0.039255
19720 9.8600 -1.281171 0.039591
19730 9.8650 -1.280965 0.039816
19740 9.8700 -1.280816 0.039979
19750 9.8750 -1.280918 0.039867
19760 9.8800 -1.281125 0.039641
19770 9.8850 -1.281355 0.039391
19780 9.8900 -1.281497 0.039237
19790 9.8950 -1.281606 0.039119
19800 9.9000 -1.281792 0.038918
19810 9.9050 -1.282030 0.038662
19820 9.9100 -1.282200 0.038479
19830 9.9150 -1.282444 0.038218
19840 9.9200 -1.282708 0.037935
19850 9.9250 -1.283025 0.037598
19860 9.9300 -1.283546 0.037048
19870 9.9350 -1.284252 0.036309
19880 9.9400 -1.285187 0.035340
19890 9.9450 -1.286365 0.034140
19900 9.9500 -1.287585 0.032918
19910 9.9550 -1.288755 0.031767
19920 9.9600 -1.290014 0.030552
19930 9.9650 -1.291402 0.029239
19940 9.9700 -1.292765 0.027978
19950 9.9750 -1.294315 0.026578
19960 9.9800 -1.296078 0.025029
19970 9.9850 -1.297759 0.023595
19980 9.9900 -1.299527 0.022133
19990 9.9950 -1.301329 0.020691
20000 10.0000 -1.303147 0.019286
20010 10.0050 -1.305081 0.016784
20020 10.0100 -1.306924 0.015503
20030 10.0150 -1.308684 0.014327
20040 10.0200 -1.310528 0.013144
20050 10.0250 -1.312392 0.012000
20060 10.0300 -1.314160 0.010963
20070 10.0350 -1.315849 0.010016
20080 10.0400 -1.317420 0.009174
20090 10.0450 -1.318921 0.008404
20100 10.0500 -1.320533 0.007614
20110 10.0550 -1.322104 0.006882
20120 10.0600 -1.323644 0.006201
20130 10.0650 -1.325149 0.005569
20140 10.0700 -1.326585 0.004998
20150 10.0750 -1.328088 0.004433
20160 10.0800 -1.329586 0.003904
20170 10.0850 -1.331068 0.003414
20180 10.0900 -1.332341 0.003019
20190 10.0950 -1.333492 0.002682
20200 10.1000 -1.334445 0.002419
20210 10.1050 -1.335481 0.002148
20220 10.1100 -1.336521 0.001892
20230 10.1150 -1.337323 0.001706
20240 10.1200 -1.337928 0.001572
20250 10.1250 -1.338247 0.001504
20260 10.1300 -1.338509 0.001448
20270 10.1350 -1.338582 0.001433
20280 10.1400 -1.338488 0.001453
20290 10.1450 -1.338272 0.001498
20300 10.1500 -1.338084 0.001538
20310 10.1550 -1.337823 0.001595
20320 10.1600 -1.337355 0.001699
20330 10.1650 -1.336869 0.001810
20340 10.1700 -1.336201 0.001969
20350 10.1750 -1.335143 0.002235
20360 10.1800 -1.333936 0.002558
20370 10.1850 -1.332814 0.002878
20380 10.1900 -1.331602 0.003245
20390 10.1950 -1.330284 0.003669
20400 10.2000 -1.328914 0.004137
20410 10.2050 -1.327649 0.004595
20420 10.2100 -1.326377 0.005079
20430 10.2150 -1.325067 0.005602
20440 10.2200 -1.323677 0.006187
20450 10.2250 -1.322252 0.006815
20460 10.2300 -1.320992 0.007397
20470 10.2350 -1.319615 0.008059
20480 10.2400 -1.318163 0.008789
20490 10.2450 -1.316630 0.009593
20500 10.2500 -1.315075 0.010444
20510 10.2550 -1.313430 0.010769
20520 10.2600 -1.311916 0.011648
20530 10.2650 -1.310419 0.012551
20540 10.2700 -1.308777 0.013580
20550 10.2750 -1.306992 0.014746
20560 10.2800 -1.305010 0.016096
20570 10.2850 -1.302863 0.017626
20580 10.2900 -1.300685 0.019248
20590 10.2950 -1.298443 0.020992
20600 10.3000 -1.296419 0.022633
20610 10.3050 -1.294520 0.024227
20620 10.3100 -1.292595 0.025900
20630 10.3150 -1.290664 0.027634
20640 10.3200 -1.288633 0.029518
20650 10.3250 -1.286468 0.031595
20660 10.3300 -1.284133 0.033915
20670 10.3350 -1.282174 0.035925
20680 10.3400 -1.280388 0.037807
20690 10.3450 -1.278801 0.039521
20700 10.3500 -1.277482 0.040974
20710 10.3550 -1.276329 0.042266
20720 10.3600 -1.275379 0.043345
20730 10.3650 -1.274674 0.044155
20740 10.3700 -1.273950 0.044994
20750 10.3750 -1.273244 0.045820
20760 10.3800 -1.272700 0.046462
20770 10.3850 -1.272253 0.046993
20780 10.3900 -1.271794 0.047541
20790 10.3950 -1.271229 0.048221
20800 10.4000 -1.270573 0.049015
20810 10.4050 -1.270082 0.049613
20820 10.4100 -1.269856 0.049891
20830 10.4150 -1.269880 0.049861
20840 10.4200 -1.269983 0.049735
20850 10.4250 -1.270329 0.049312
20860 10.4300 -1.270744 0.048807
20870 10.4350 -1.271268 0.048174
20880 10.4400 -1.271839 0.047488
20890 10.4450 -1.272349 0.046879
20900 10.4500 -1.272967 0.046147
20910 10.4550 -1.273797 0.045172
20920 10.4600 -1.274814 0.043994
20930 10.4650 -1.275797 0.042868
20940 10.4700 -1.276720 0.041825
20950 10.4750 -1.277482 0.040974
20960 10.4800 -1.278562 0.039783
20970 10.4850 -1.279780 0.038459
20980 10.4900 -1.281126 0.037024
20990 10.4950 -1.282457 0.035631
21000 10.5000 -1.283875 0.034177
21010 10.5050 -1.285276 0.030887
21020 10.5100 -1.286573 0.029647
21030 10.5150 -1.287915 0.028391
21040 10.5200 -1.289390 0.027042
21050 10.5250 -1.290957 0.025644
21060 10.5300 -1.292503 0.024302
21070 10.5350 -1.294334 0.022759
21080 10.5400 -1.296208 0.021232
21090 10.5450 -1.298253 0.019626
21100 10.5500 -1.300522 0.017918
21110 10.5550 -1.303075 0.016090
21120 10.5600 -1.305686 0.014321
21130 10.5650 -1.308077 0.012792
21140 10.5700 -1.310361 0.011411
21150 10.5750 -1.312734 0.010060
21160 10.5800 -1.314933 0.008884
21170 10.5850 -1.317035 0.007828
21180 10.5900 -1.319286 0.006770
21190 10.5950 -1.321513 0.005799
21200 10.6000 -1.323563 0.004971
21210 10.6050 -1.325657 0.004191
21220 10.6100 -1.327665 0.003504
21230 10.6150 -1.329522 0.002923
21240 10.6200 -1.331190 0.002446
21250 10.6250 -1.332875 0.002006
21260 10.6300 -1.334428 0.001638
21270 10.6350 -1.335605 0.001384
21280 10.6400 -1.336641 0.001177
21290 10.6450 -1.337408 0.001034
21300 10.6500 -1.338130 0.000908
21310 10.6550 -1.338743 0.000807
21320 10.6600 -1.339142 0.000744
21330 10.6650 -1.339416 0.000703
21340 10.6700 -1.339529 0.000686
21350 10.6750 -1.339527 0.000686
21360 10.6800 -1.339451 0.000698
21370 10.6850 -1.339206 0.000735
21380 10.6900 -1.338749 0.000806
21390 10.6950 -1.338274 0.000884
21400 10.7000 -1.337570 0.001005
21410 10.7050 -1.336847 0.001138
21420 10.7100 -1.336091 0.001285
21430 10.7150 -1.335276 0.001453
21440 10.7200 -1.334489 0.001625
21450 10.7250 -1.333727 0.001800
21460 10.7300 -1.333136 0.001942
21470 10.7350 -1.332522 0.002095
21480 10.7400 -1.331526 0.002355
21490 10.7450 -1.330464 0.002649
21500 10.7500 -1.329389 0.002963
21510 10.7550 -1.328311 0.003101
21520 10.7600 -1.327277 0.003429
21530 10.7650 -1.326215 0.003783
21540 10.7700 -1.325025 0.004199
21550 10.7750 -1.323794 0.004653
21560 10.7800 -1.322617 0.005108
21570 10.7850 -1.321546 0.005541
21580 10.7900 -1.320460 0.005997
21590 10.7950 -1.319406 0.006457
21600 10.8000 -1.318276 0.006968
21610 10.8050 -1.317029 0.007555
21620 10.8100 -1.315679 0.008217
21630 10.8150 -1.314483 0.008827
21640 10.8200 -1.313431 0.009381
21650 10.8250 -1.312490 0.009891
21660 10.8300 -1.311441 0.010474
21670 10.8350 -1.310466 0.011033
21680 10.8400 -1.309622 0.011527
21690 10.8450 -1.308878 0.011972
21700 10.8500 -1.308109 0.012440
21710 10.8550 -1.307222 0.012992
21720 10.8600 -1.306297 0.013580
21730 10.8650 -1.305339 0.014203
21740 10.8700 -1.304403 0.014825
21750 10.8750 -1.303380 0.015519
21760 10.8800 -1.302301 0.016269
21770 10.8850 -1.301124 0.017107
21780 10.8900 -1.299741 0.018119
21790 10.8950 -1.298320 0.019189
21800 10.9000 -1.297068 0.020156
21810 10.9050 -1.296015 0.020989
21820 10.9100 -1.295129 0.021702
21830 10.9150 -1.294389 0.022307
21840 10.9200 -1.293879 0.022729
21850 10.9250 -1.293548 0.023006
21860 10.9300 -1.293245 0.023259
21870 10.9350 -1.292941 0.023515
21880 10.9400 -1.292536 0.023859
21890 10.9450 -1.292194 0.024151
21900 10.9500 -1.292060 0.024266
21910 10.9550 -1.291897 0.024406
21920 10.9600 -1.291694 0.024581
21930 10.9650 -1.291734 0.024547
21940 10.9700 -1.291902 0.024401
21950 10.9750 -1.291943 0.024366
21960 10.9800 -1.291778 0.024508
21970 10.9850 -1.291559 0.024698
21980 10.9900 -1.291173 0.025033
21990 10.9950 -1.290787 0.025371
22000 11.0000 -1.290293 0.025806
22010 11.0050 -1.289656 0.024911
22020 11.0100 -1.289090 0.025407
22030 11.0150 -1.288675 0.025774
22040 11.0200 -1.288490 0.025938
22050 11.0250 -1.288447 0.025977
22060 11.0300 -1.288451 0.025974
22070 11.0350 -1.288603 0.025838
22080 11.0400 -1.288675 0.025775
22090 11.0450 -1.288849 0.025620
22100 11.0500 -1.289085 0.025412
22110 11.0550 -1.289310 0.025214
22120 11.0600 -1.289598 0.024961
22130 11.0650 -1.289986 0.024624
22140 11.0700 -1.290412 0.024256
22150 11.0750 -1.290976 0.023773
22160 11.0800 -1.291667 0.023188
22170 11.0850 -1.292409 0.022567
22180 11.0900 -1.293137 0.021967
22190 11.0950 -1.294292 0.021031
22200 11.1000 -1.295467 0.020100
22210 11.1050 -1.296756 0.019101
22220 11.1100 -1.297934 0.018212
22230 11.1150 -1.299091 0.017358
22240 11.1200 -1.300304 0.016486
22250 11.1250 -1.301367 0.015739
22260 11.1300 -1.302273 0.015116
22270 11.1350 -1.303241 0.014465
22280 11.1400 -1.303943 0.014001
22290 11.1450 -1.304539 0.013613
22300 11.1500 -1.305113 0.013245
22310 11.1550 -1.305583 0.012947
22320 11.1600 -1.306105 0.012620
22330 11.1650 -1.306696 0.012255
22340 11.1700 -1.307245 0.011921
22350 11.1750 -1.307557 0.011733
22360 11.1800 -1.307826 0.011572
22370 11.1850 -1.308231 0.011331
22380 11.1900 -1.308822 0.010986
22390 11.1950 -1.309524 0.010581
22400 11.2000 -1.310170 0.010216
22410 11.2050 -1.311024 0.009743
22420 11.2100 -1.311996 0.009217
22430 11.2150 -1.312973 0.008704
22440 11.2200 -1.313899 0.008230
22450 11.2250 -1.314717 0.007823
22460 11.2300 -1.315505 0.007441
22470 11.2350 -1.316075 0.007169
22480 11.2400 -1.316689 0.006883
22490 11.2450 -1.317440 0.006541
22500 11.2500 -1.318059 0.006264
22510 11.2550 -1.318670 0.005611
22520 11.2600 -1.319160 0.005406
22530 11.2650 -1.319897 0.005106
22540 11.2700 -1.320622 0.004818
22550 11.2750 -1.321178 0.004602
22560 11.2800 -1.321747 0.004387
22570 11.2850 -1.322466 0.004122
22580 11.2900 -1.323162 0.003872
22590 11.2950 -1.323894 0.003618
22600 11.3000 -1.324606 0.003378
22610 11.3050 -1.325177 0.003192
22620 11.3100 -1.325584 0.003062
22630 11.3150 -1.326031 0.002922
22640 11.3200 -1.326416 0.002804
22650 11.3250 -1.326692 0.002721
22660 11.3300 -1.326840 0.002677
22670 11.3350 -1.326859 0.002671
22680 11.3400 -1.326844 0.002676
22690 11.3450 -1.326752 0.002703
22700 11.3500 -1.326384 0.002814
22710 11.3550 -1.325860 0.002976
22720 11.3600 -1.325348 0.003137
22730 11.3650 -1.324825 0.003306
22740 11.3700 -1.324233 0.003503
22750 11.3750 -1.323957 0.003597
22760 11.3800 -1.323788 0.003654
22770 11.3850 -1.323501 0.003754
22780 11.3900 -1.323197 0.003860
22790 11.3950 -1.322807 0.003999
22800 11.4000 -1.322352 0.004163
22810 11.4050 -1.321843 0.004351
22820 11.4100 -1.321219 0.004586
22830 11.4150 -1.320598 0.004827
22840 11.4200 -1.319930 0.005092
22850 11.4250 -1.319405 0.005305
22860 11.4300 -1.318878 0.005524
22870 11.4350 -1.318156 0.005829
22880 11.4400 -1.316996 0.006337
22890 11.4450 -1.315863 0.006853
22900 11.4500 -1.314656 0.007424
22910 11.4550 -1.313235 0.008124
22920 11.4600 -1.311743 0.008893
22930 11.4650 -1.310265 0.009688
22940 11.4700 -1.308988 0.010401
22950 11.4750 -1.307637 0.011184
22960 11.4800 -1.306352 0.011953
22970 11.4850 -1.305215 0.012655
22980 11.4900 -1.304142 0.013336
22990 11.4950 -1.303051 0.014046
23000 11.5000 -1.301839 0.014855
23010 11.5050 -1.300534 0.014867
23020 11.5100 -1.299245 0.015758
23030 11.5150 -1.298090 0.016577
23040 11.5200 -1.296744 0.017558
23050 11.5250 -1.295380 0.018581
23060 11.5300 -1.293998 0.019645
23070 11.5350 -1.292611 0.020744
23080 11.5400 -1.291395 0.021731
23090 11.5450 -1.290269 0.022665
23100 11.5500 -1.289110 0.023647
23110 11.5550 -1.288034 0.024577
23120 11.5600 -1.286934 0.025546
23130 11.5650 -1.286126 0.026270
23140 11.5700 -1.285390 0.026938
23150 11.5750 -1.284749 0.027526
23160 11.5800 -1.284140 0.028091
23170 11.5850 -1.283624 0.028574
23180 11.5900 -1.283308 0.028872
23190 11.5950 -1.283126 0.029043
23200 11.6000 -1.283035 0.029131
23210 11.6050 -1.283099 0.029069
23220 11.6100 -1.283421 0.028765
23230 11.6150 -1.283999 0.028222
23240 11.6200 -1.284592 0.027671
23250 11.6250 -1.285366 0.026960
23260 11.6300 -1.286244 0.026163
23270 11.6350 -1.287376 0.025154
23280 11.6400 -1.288663 0.024031
23290 11.6450 -1.289750 0.023102
23300 11.6500 -1.290961 0.022088
23310 11.6550 -1.292243 0.021040
23320 11.6600 -1.293394 0.020120
23330 11.6650 -1.294629 0.019156
23340 11.6700 -1.295904 0.018185
23350 11.6750 -1.297166 0.017248
23360 11.6800 -1.298473 0.016303
23370 11.6850 -1.299824 0.015354
23380 11.6900 -1.301342 0.014321
23390 11.6950 -1.302904 0.013295
23400 11.7000 -1.304423 0.012333
23410 11.7050 -1.305679 0.011565
23420 11.7100 -1.306501 0.011075
23430 11.7150 -1.307529 0.010476
23440 11.7200 -1.308570 0.009887
23450 11.7250 -1.309513 0.009367
23460 11.7300 -1.310329 0.008928
23470 11.7350 -1.311204 0.008469
23480 11.7400 -1.311946 0.008089
23490 11.7450 -1.312776 0.007674
23500 11.7500 -1.313519 0.007311
23510 11.7550 -1.314224 0.006516
23520 11.7600 -1.314606 0.006341
23530 11.7650 -1.314984 0.006170
23540 11.7700 -1.315105 0.006116
23550 11.7750 -1.315115 0.006111
23560 11.7800 -1.315060 0.006136
23570 11.7850 -1.314889 0.006213
23580 11.7900 -1.314686 0.006304
23590 11.7950 -1.314219 0.006518
23600 11.8000 -1.313782 0.006721
23610 11.8050 -1.313470 0.006868
23620 11.8100 -1.313205 0.006993
23630 11.8150 -1.312857 0.007160
23640 11.8200 -1.312463 0.007351
23650 11.8250 -1.311965 0.007596
23660 11.8300 -1.311288 0.007935
23670 11.8350 -1.310500 0.008338
23680 11.8400 -1.309507 0.008860
23690 11.8450 -1.308545 0.009380
23700 11.8500 -1.307589 0.009910
23710 11.8550 -1.306673 0.010432
23720 11.8600 -1.305784 0.010951
23730 11.8650 -1.304793 0.011544
23740 11.8700 -1.303707 0.012210
23750 11.8750 -1.302802 0.012779
23760 11.8800 -1.301814 0.013415
23770 11.8850 -1.300849 0.014050
23780 11.8900 -1.300100 0.014553
23790 11.8950 -1.299504 0.014959
23800 11.9000 -1.299109 0.015232
23810 11.9050 -1.298820 0.015433
23820 11.9100 -1.298588 0.015595
23830 11.9150 -1.298434 0.015703
23840 11.9200 -1.298376 0.015744
23850 11.9250 -1.298472 0.015676
23860 11.9300 -1.298791 0.015453
23870 11.9350 -1.299114 0.015228
23880 11.9400 -1.299497 0.014964
23890 11.9450 -1.300251 0.014451
23900 11.9500 -1.301161 0.013843
23910 11.9550 -1.302204 0.013162
23920 11.9600 -1.303492 0.012344
23930 11.9650 -1.305064 0.011380
23940 11.9700 -1.306877 0.010315
23950 11.9750 -1.308630 0.009334
23960 11.9800 -1.310381 0.008400
23970 11.9850 -1.312326 0.007418
23980 11.9900 -1.314191 0.006531
23990 11.9950 -1.315765 0.005824
24000 12.0000 -1.317266 0.005185
24010 12.0050 -1.318996 0.004153
24020 12.0100 -1.320806 0.003493
24030 12.0150 -1.322521 0.002914
24040 12.0200 -1.324294 0.002363
24050 12.0250 -1.325888 0.001909
24060 12.0300 -1.327414 0.001511
24070 12.0350 -1.328736 0.001195
24080 12.0400 -1.329856 0.000948
24090 12.0450 -1.330837 0.000748
24100 12.0500 -1.331592 0.000604
24110 12.0550 -1.332037 0.000523
24120 12.0600 -1.332268 0.000482
24130 12.0650 -1.332427 0.000454
24140 12.0700 -1.332508 0.000440
24150 12.0750 -1.332629 0.000420
24160 12.0800 -1.332880 0.000378
24170 12.0850 -1.333197 0.000326
24180 12.0900 -1.333557 0.000269
24190 12.0950 -1.333952 0.000209
24200 12.1000 -1.334174 0.000176
24210 12.1050 -1.334492 0.000131
24220 12.1100 -1.334960 0.000067
24230 12.1150 -1.335351 0.000016
24240 12.1200 -1.335502 0.000000
24250 12.1250 -1.335604 0.000000
24260 12.1300 -1.335818 0.000000
24270 12.1350 -1.335914 0.000000
24280 12.1400 -1.335921 0.000000
24290 12.1450 -1.335702 0.000000
24300 12.1500 -1.335599 0.000000
24310 12.1550 -1.335618 0.000000
24320 12.1600 -1.335690 0.000000
24330 12.1650 -1.335654 0.000000
24340 12.1700 -1.335557 0.000000
24350 12.1750 -1.335184 0.000037
24360 12.1800 -1.334569 0.000120
24370 12.1850 -1.333891 0.000218
24380 12.1900 -1.333536 0.000272
24390 12.1950 -1.333113 0.000340
24400 12.2000 -1.332324 0.000472
24410 12.2050 -1.331561 0.000609
24420 12.2100 -1.330974 0.000721
24430 12.2150 -1.330515 0.000812
24440 12.2200 -1.330078 0.000901
24450 12.2250 -1.329536 0.001017
24460 12.2300 -1.329145 0.001102
24470 12.2350 -1.328860 0.001167
24480 12.2400 -1.328557 0.001236
24490 12.2450 -1.328213 0.001317
24500 12.2500 -1.328050 0.001356
24510 12.2550 -1.327899 0.001250
24520 12.2600 -1.327730 0.001290
24530 12.2650 -1.327598 0.001322
24540 12.2700 -1.327426 0.001364
24550 12.2750 -1.326993 0.001471
24560 12.2800 -1.326281 0.001653
24570 12.2850 -1.325483 0.001867
24580 12.2900 -1.324479 0.002149
24590 12.2950 -1.323367 0.002480
24600 12.3000 -1.322333 0.002805
24610 12.3050 -1.321466 0.003090
24620 12.3100 -1.320520 0.003415
24630 12.3150 -1.319779 0.003679
24640 12.3200 -1.319167 0.003903
24650 12.3250 -1.318506 0.004151
24660 12.3300 -1.317692 0.004467
24670 12.3350 -1.317021 0.004734
24680 12.3400 -1.316278 0.005039
24690 12.3450 -1.315364 0.005425
24700 12.3500 -1.314303 0.005890
24710 12.3550 -1.313129 0.006424
24720 12.3600 -1.311897 0.007008
24730 12.3650 -1.310561 0.007667
24740 12.3700 -1.309167 0.008385
24750 12.3750 -1.307777 0.009130
24760 12.3800 -1.306565 0.009804
24770 12.3850 -1.305406 0.010469
24780 12.3900 -1.304249 0.011155
24790 12.3950 -1.302867 0.012000
24800 12.4000 -1.301490 0.012872
24810 12.4050 -1.300141 0.013755
24820 12.4100 -1.298653 0.014762
24830 12.4150 -1.296839 0.016035
24840 12.4200 -1.295090 0.017311
24850 12.4250 -1.293319 0.018651
24860 12.4300 -1.291342 0.020204
24870 12.4350 -1.289580 0.021640
24880 12.4400 -1.288082 0.022897
24890 12.4450 -1.286891 0.023923
24900 12.4500 -1.285767 0.024911
24910 12.4550 -1.284632 0.025928
24920 12.4600 -1.283225 0.027216
24930 12.4650 -1.282020 0.028345
24940 12.4700 -1.280793 0.029517
24950 12.4750 -1.279509 0.030768
24960 12.4800 -1.278516 0.031753
24970 12.4850 -1.277695 0.032580
24980 12.4900 -1.276991 0.033296
24990 12.4950 -1.276279 0.034029
25000 12.5000 -1.275913 0.034409
25010 12.5050 -1.275888 0.032831
25020 12.5100 -1.275917 0.032802
25030 12.5150 -1.276072 0.032644
25040 12.5200 -1.276434 0.032279
25050 12.5250 -1.277245 0.031466
25060 12.5300 -1.278191 0.030531
25070 12.5350 -1.279015 0.029728
25080 12.5400 -1.279459 0.029299
25090 12.5450 -1.279656 0.029111
25100 12.5500 -1.279786 0.028986
25110 12.5550 -1.279839 0.028935
25120 12.5600 -1.279969 0.028811
25130 12.5650 -1.280174 0.028617
25140 12.5700 -1.280242 0.028552
25150 12.5750 -1.280159 0.028631
25160 12.5800 -1.280206 0.028586
25170 12.5850 -1.280603 0.028210
25180 12.5900 -1.281077 0.027765
25190 12.5950 -1.281544 0.027329
25200 12.6000 -1.282032 0.026878
25210 12.6050 -1.282674 0.026289
25220 12.6100 -1.283456 0.025581
25230 12.6150 -1.284376 0.024761
25240 12.6200 -1.285309 0.023942
25250 12.6250 -1.286363 0.023032
25260 12.6300 -1.287339 0.022206
25270 12.6350 -1.288358 0.021360
25280 12.6400 -1.289293 0.020597
25290 12.6450 -1.290277 0.019808
25300 12.6500 -1.291213 0.019072
25310 12.6550 -1.292403 0.018157
25320 12.6600 -1.293605 0.017253
25330 12.6650 -1.294829 0.016357
25340 12.6700 -1.295996 0.015523
25350 12.6750 -1.297013 0.014815
25360 12.6800 -1.298058 0.014102
25370 12.6850 -1.298833 0.013586
25380 12.6900 -1.299594 0.013087
25390 12.6950 -1.300406 0.012565
25400 12.7000 -1.301259 0.012027
25410 12.7050 -1.302206 0.011444
25420 12.7100 -1.302941 0.011001
25430 12.7150 -1.303821 0.010481
25440 12.7200 -1.304481 0.010099
25450 12.7250 -1.305002 0.009802
25460 12.7300 -1.305519 0.009512
25470 12.7350 -1.306068 0.009208
25480 12.7400 -1.306559 0.008940
25490 12.7450 -1.306949 0.008730
25500 12.7500 -1.307225 0.008583
25510 12.7550 -1.307451 0.008159
25520 12.7600 -1.307711 0.008025
25530 12.7650 -1.308089 0.007833
25540 12.7700 -1.308273 0.007740
25550 12.7750 -1.308191 0.007781
25560 12.7800 -1.307932 0.007912
25570 12.7850 -1.307805 0.007977
25580 12.7900 -1.307623 0.008071
25590 12.7950 -1.307373 0.008199
25600 12.8000 -1.307072 0.008356
25610 12.8050 -1.306985 0.008401
25620 12.8100 -1.306966 0.008411
25630 12.8150 -1.306903 0.008444
25640 12.8200 -1.306633 0.008587
25650 12.8250 -1.306458 0.008680
25660 12.8300 -1.306337 0.008744
25670 12.8350 -1.306118 0.008861
25680 12.8400 -1.305989 0.008931
25690 12.8450 -1.306193 0.008821
25700 12.8500 -1.306464 0.008677
25710 12.8550 -1.306707 0.008548
25720 12.8600 -1.307019 0.008383
25730 12.8650 -1.307309 0.008232
25740 12.8700 -1.307382 0.008195
25750 12.8750 -1.307433 0.008168
25760 12.8800 -1.307540 0.008113
25770 12.8850 -1.307559 0.008103
25780 12.8900 -1.307389 0.008191
25790 12.8950 -1.307297 0.008239
25800 12.9000 -1.307343 0.008215
25810 12.9050 -1.307485 0.008141
25820 12.9100 -1.307730 0.008016
25830 12.9150 -1.308086 0.007834
25840 12.9200 -1.308538 0.007606
25850 12.9250 -1.308971 0.007392
25860 12.9300 -1.309319 0.007221
25870 12.9350 -1.309760 0.007007
25880 12.9400 -1.310117 0.006837
25890 12.9450 -1.310439 0.006685
25900 12.9500 -1.310658 0.006582
25910 12.9550 -1.310963 0.006440
25920 12.9600 -1.311310 0.006281
25930 12.9650 -1.311628 0.006136
25940 12.9700 -1.311914 0.006008
25950 12.9750 -1.312154 0.005901
25960 12.9800 -1.312337 0.005820
25970 12.9850 -1.312485 0.005755
25980 12.9900 -1.312688 0.005666
25990 12.9950 -1.312891 0.005578
26000 13.0000 -1.313157 0.005464
26010 13.0050 -1.313253 0.005238
26020 13.0100 -1.313503 0.005134
26030 13.0150 -1.313781 0.005019
26040 13.0200 -1.313990 0.004934
26050 13.0250 -1.313995 0.004932
26060 13.0300 -1.313688 0.005057
26070 13.0350 -1.313490 0.005139
26080 13.0400 -1.313200 0.005260
26090 13.0450 -1.312762 0.005445
26100 13.0500 -1.312290 0.005647
26110 13.0550 -1.311730 0.005892
26120 13.0600 -1.311219 0.006120
26130 13.0650 -1.310707 0.006352
26140 13.0700 -1.310254 0.006561
26150 13.0750 -1.309807 0.006770
26160 13.0800 -1.309296 0.007013
26170 13.0850 -1.308756 0.007274
26180 13.0900 -1.308198 0.007548
26190 13.0950 -1.307492 0.007903
26200 13.1000 -1.306551 0.008387
26210 13.1050 -1.305428 0.008983
26220 13.1100 -1.304252 0.009628
26230 13.1150 -1.303194 0.010227
26240 13.1200 -1.301850 0.011012
26250 13.1250 -1.300398 0.011892
26260 13.1300 -1.298929 0.012816
26270 13.1350 -1.297437 0.013789
26280 13.1400 -1.295959 0.014787
26290 13.1450 -1.294599 0.015735
26300 13.1500 -1.293213 0.016732
26310 13.1550 -1.291837 0.017749
26320 13.1600 -1.290588 0.018700
26330 13.1650 -1.289251 0.019743
26340 13.1700 -1.287963 0.020776
26350 13.1750 -1.286733 0.021785
26360 13.1800 -1.285702 0.022650
26370 13.1850 -1.284903 0.023331
26380 13.1900 -1.284116 0.024011
26390 13.1950 -1.283305 0.024723
26400 13.2000 -1.282782 0.025188
26410 13.2050 -1.282356 0.025569
26420 13.2100 -1.281892 0.025988
26430 13.2150 -1.281410 0.026427
26440 13.2200 -1.280802 0.026985
26450 13.2250 -1.280470 0.027292
26460 13.2300 -1.280332 0.027421
26470 13.2350 -1.280304 0.027446
26480 13.2400 -1.280281 0.027468
26490 13.2450 -1.280430 0.027329
26500 13.2500 -1.280527 0.027239
26510 13.2550 -1.280672 0.026056
26520 13.2600 -1.280871 0.025876
26530 13.2650 -1.281164 0.025613
26540 13.2700 -1.281688 0.025145
26550 13.2750 -1.282212 0.024681
26560 13.2800 -1.283002 0.023990
26570 13.2850 -1.283938 0.023183
26580 13.2900 -1.284869 0.022395
26590 13.2950 -1.285665 0.021731
26600 13.3000 -1.286461 0.021078
26610 13.3050 -1.287503 0.020238
26620 13.3100 -1.288567 0.019397
26630 13.3150 -1.289378 0.018768
26640 13.3200 -1.290296 0.018068
26650 13.3250 -1.291207 0.017387
26660 13.3300 -1.291889 0.016885
26670 13.3350 -1.292645 0.016338
26680 13.3400 -1.293274 0.015889
26690 13.3450 -1.293782 0.015531
26700 13.3500 -1.294353 0.015134
26710 13.3550 -1.294921 0.014743
26720 13.3600 -1.295463 0.014376
26730 13.3650 -1.296120 0.013936
26740 13.3700 -1.296694 0.013558
26750 13.3750 -1.297178 0.013242
26760 13.3800 -1.297709 0.012900
26770 13.3850 -1.298420 0.012450
26780 13.3900 -1.299307 0.011899
26790 13.3950 -1.300027 0.011460
26800 13.4000 -1.300623 0.011103
26810 13.4050 -1.301171 0.010780
26820 13.4100 -1.301841 0.010391
26830 13.4150 -1.302483 0.010025
26840 13.4200 -1.303079 0.009691
26850 13.4250 -1.303826 0.009280
26860 13.4300 -1.304669 0.008827
26870 13.4350 -1.305315 0.008487
26880 13.4400 -1.305828 0.008222
26890 13.4450 -1.306247 0.008008
26900 13.4500 -1.306607 0.007827
26910 13.4550 -1.306916 0.007672
26920 13.4600 -1.307276 0.007495
26930 13.4650 -1.307467 0.007402
26940 13.4700 -1.307643 0.007316
26950 13.4750 -1.307985 0.007151
26960 13.4800 -1.308502 0.006905
26970 13.4850 -1.309204 0.006578
26980 13.4900 -1.309744 0.006332
26990 13.4950 -1.310042 0.006198
27000 13.5000 -1.310272 0.006095
27010 13.5050 -1.310665 0.005310
27020 13.5100 -1.310964 0.005183
27030 13.5150 -1.311207 0.005080
27040 13.5200 -1.311643 0.004898
27050 13.5250 -1.312071 0.004722
27060 13.5300 -1.312584 0.004515
27070 13.5350 -1.312996 0.004352
27080 13.5400 -1.313243 0.004255
27090 13.5450 -1.313190 0.004276
27100 13.5500 -1.312857 0.004407
27110 13.5550 -1.312162 0.004685
27120 13.5600 -1.311401 0.004998
27130 13.5650 -1.310587 0.005343
27140 13.5700 -1.309482 0.005828
27150 13.5750 -1.308446 0.006301
27160 13.5800 -1.307517 0.006738
27170 13.5850 -1.306762 0.007104
27180 13.5900 -1.306196 0.007383
27190 13.5950 -1.305587 0.007690
27200 13.6000 -1.305006 0.007988
27210 13.6050 -1.304293 0.008360
27220 13.6100 -1.303517 0.008775
27230 13.6150 -1.302794 0.009170
27240 13.6200 -1.302003 0.009611
27250 13.6250 -1.301210 0.010064
27260 13.6300 -1.300400 0.010535
27270 13.6350 -1.299479 0.011085
27280 13.6400 -1.298660 0.011584
27290 13.6450 -1.297928 0.012039
27300 13.6500 -1.297157 0.012528
27310 13.6550 -1.296312 0.013074
27320 13.6600 -1.295472 0.013628
27330 13.6650 -1.294553 0.014247
27340 13.6700 -1.293652 0.014866
27350 13.6750 -1.292804 0.015461
27360 13.6800 -1.292089 0.015970
27370 13.6850 -1.291304 0.016540
27380 13.6900 -1.290525 0.017114
27390 13.6950 -1.289867 0.017607
27400 13.7000 -1.289214 0.018102
27410 13.7050 -1.288466 0.018678
27420 13.7100 -1.287895 0.019123
27430 13.7150 -1.287378 0.019531
27440 13.7200 -1.286825 0.019972
27450 13.7250 -1.286257 0.020430
27460 13.7300 -1.285627 0.020942
27470 13.7350 -1.284842 0.021591
27480 13.7400 -1.284185 0.022142
27490 13.7450 -1.283576 0.022657
27500 13.7500 -1.282973 0.023174
27510 13.7550 -1.282487 0.022757
27520 13.7600 -1.281979 0.023191
27530 13.7650 -1.281392 0.023699
27540 13.7700 -1.280294 0.024661
27550 13.7750 -1.278961 0.025857
27560 13.7800 -1.277672 0.027038
27570 13.7850 -1.276293 0.028333
27580 13.7900 -1.274804 0.029762
27590 13.7950 -1.273371 0.031172
27600 13.8000 -1.272068 0.032481
27610 13.8050 -1.270814 0.033767
27620 13.8100 -1.269686 0.034944
27630 13.8150 -1.268789 0.035894
27640 13.8200 -1.267973 0.036771
27650 13.8250 -1.267229 0.037578
27660 13.8300 -1.266672 0.038188
27670 13.8350 -1.266213 0.038695
27680 13.8400 -1.265834 0.039116
27690 13.8450 -1.265437 0.039559
27700 13.8500 -1.265055 0.039988
27710 13.8550 -1.264773 0.040306
27720 13.8600 -1.264544 0.040565
27730 13.8650 -1.264293 0.040850
27740 13.8700 -1.264062 0.041113
27750 13.8750 -1.264031 0.041149
27760 13.8800 -1.264235 0.040916
27770 13.8850 -1.264650 0.040445
27780 13.8900 -1.264971 0.040083
27790 13.8950 -1.265233 0.039788
27800 13.9000 -1.265680 0.039288
27810 13.9050 -1.266151 0.038763
27820 13.9100 -1.266588 0.038281
27830 13.9150 -1.266853 0.037990
27840 13.9200 -1.267118 0.037699
27850 13.9250 -1.267551 0.037227
27860 13.9300 -1.268134 0.036597
27870 13.9350 -1.268923 0.035752
27880 13.9400 -1.269815 0.034809
27890 13.9450 -1.270858 0.033721
27900 13.9500 -1.271974 0.032577
27910 13.9550 -1.273004 0.031538
27920 13.9600 -1.273797 0.030750
27930 13.9650 -1.274772 0.029793
27940 13.9700 -1.275977 0.028633
27950 13.9750 -1.277060 0.027609
27960 13.9800 -1.278128 0.026617
27970 13.9850 -1.279157 0.025679
27980 13.9900 -1.280474 0.024503
27990 13.9950 -1.282019 0.023157
28000 14.0000 -1.283696 0.021739
28010 14.0050 -1.285443 0.019562
28020 14.0100 -1.286985 0.018365
28030 14.0150 -1.288381 0.017313
28040 14.0200 -1.289661 0.016375
28050 14.0250 -1.290700 0.015634
28060 14.0300 -1.291751 0.014900
28070 14.0350 -1.292915 0.014108
28080 14.0400 -1.293998 0.013390
28090 14.0450 -1.295020 0.012729
28100 14.0500 -1.295781 0.012248
28110 14.0550 -1.296468 0.011821
28120 14.0600 -1.297237 0.011352
28130 14.0650 -1.298094 0.010840
28140 14.0700 -1.298830 0.010410
28150 14.0750 -1.299377 0.010096
28160 14.0800 -1.300039 0.009721
28170 14.0850 -1.300554 0.009435
28180 14.0900 -1.300943 0.009222
28190 14.0950 -1.301208 0.009077
28200 14.1000 -1.301373 0.008988
28210 14.1050 -1.301614 0.008859
28220 14.1100 -1.301809 0.008754
28230 14.1150 -1.301793 0.008763
28240 14.1200 -1.301643 0.008843
28250 14.1250 -1.301561 0.008887
28260 14.1300 -1.301365 0.008992
28270 14.1350 -1.301051 0.009163
28280 14.1400 -1.300831 0.009282
28290 14.1450 -1.300646 0.009384
28300 14.1500 -1.300721 0.009343
28310 14.1550 -1.301022 0.009178
28320 14.1600 -1.301194 0.009085
28330 14.1650 -1.301267 0.009045
28340 14.1700 -1.301196 0.009084
28350 14.1750 -1.300910 0.009239
28360 14.1800 -1.300723 0.009342
28370 14.1850 -1.300302 0.009574
28380 14.1900 -1.299738 0.009890
28390 14.1950 -1.299147 0.010227
28400 14.2000 -1.298137 0.010815
28410 14.2050 -1.297001 0.011495
28420 14.2100 -1.295653 0.012328
28430 14.2150 -1.293915 0.013444
28440 14.2200 -1.291976 0.014745
28450 14.2250 -1.290162 0.016015
28460 14.2300 -1.288557 0.017183
28470 14.2350 -1.286939 0.018400
28480 14.2400 -1.285327 0.019654
28490 14.2450 -1.283801 0.020878
28500 14.2500 -1.282308 0.022111
28510 14.2550 -1.280944 0.022457
28520 14.2600 -1.279561 0.023637
28530 14.2650 -1.278355 0.024692
28540 14.2700 -1.277430 0.025516
28550 14.2750 -1.276485 0.026371
28560 14.2800 -1.275503 0.027275
28570 14.2850 -1.274665 0.028059
28580 14.2900 -1.273847 0.028835
28590 14.2950 -1.273111 0.029542
28600 14.3000 -1.272518 0.030117
28610 14.3050 -1.272015 0.030609
28620 14.3100 -1.271724 0.030896
28630 14.3150 -1.271583 0.031036
28640 14.3200 -1.271487 0.031131
28650 14.3250 -1.271597 0.031022
28660 14.3300 -1.271881 0.030741
28670 14.3350 -1.272417 0.030215
28680 14.3400 -1.273077 0.029574
28690 14.3450 -1.273913 0.028772
28700 14.3500 -1.274918 0.027821
28710 14.3550 -1.275954 0.026859
28720 14.3600 -1.277136 0.025781
28730 14.3650 -1.278108 0.024910
28740 14.3700 -1.279028 0.024101
28750 14.3750 -1.280173 0.023111
28760 14.3800 -1.281425 0.022054
28770 14.3850 -1.282760 0.020953
28780 14.3900 -1.284320 0.019702
28790 14.3950 -1.286055 0.018355
28800 14.4000 -1.287957 0.016934
28810 14.4050 -1.289867 0.015563
28820 14.4100 -1.291795 0.014237
28830 14.4150 -1.293797 0.012922
28840 14.4200 -1.295624 0.011777
28850 14.4250 -1.297270 0.010790
28860 14.4300 -1.299116 0.009734
28870 14.4350 -1.300997 0.008713
28880 14.4400 -1.303087 0.007643
28890 14.4450 -1.305405 0.006536
28900 14.4500 -1.307814 0.005474
28910 14.4550 -1.310286 0.004479
28920 14.4600 -1.312983 0.003503
28930 14.4650 -1.315819 0.002598
28940 14.4700 -1.318594 0.001834
28950 14.4750 -1.321275 0.001209
28960 14.4800 -1.323906 0.000705
28970 14.4850 -1.326471 0.000317
28980 14.4900 -1.329114 0.000024
28990 14.4950 -1.331644 0.000000
29000 14.5000 -1.333972 0.000000
29010 14.5050 -1.335874 0.000000
29020 14.5100 -1.337609 0.000050
29030 14.5150 -1.339294 0.000142
29040 14.5200 -1.340831 0.000265
29050 14.5250 -1.342164 0.000402
29060 14.5300 -1.343325 0.000543
29070 14.5350 -1.344368 0.000688
29080 14.5400 -1.345004 0.000784
29090 14.5450 -1.345416 0.000850
29100 14.5500 -1.345465 0.000858
29110 14.5550 -1.345226 0.000819
29120 14.5600 -1.344923 0.000772
29130 14.5650 -1.344615 0.000724
29140 14.5700 -1.343892 0.000619
29150 14.5750 -1.342888 0.000487
29160 14.5800 -1.341932 0.000376
29170 14.5850 -1.340981 0.000279
29180 14.5900 -1.339941 0.000190
29190 14.5950 -1.338711 0.000105
29200 14.6000 -1.337265 0.000036
29210 14.6050 -1.335915 0.000001
29220 14.6100 -1.334628 0.000000
29230 14.6150 -1.333346 0.000012
29240 14.6200 -1.332114 0.000054
29250 14.6250 -1.330802 0.000125
29260 14.6300 -1.329366 0.000232
29270 14.6350 -1.327881 0.000378
29280 14.6400 -1.326414 0.000555
29290 14.6450 -1.325087 0.000744
29300 14.6500 -1.323797 0.000955
29310 14.6550 -1.322529 0.001186
29320 14.6600 -1.321381 0.001418
29330 14.6650 -1.320337 0.001647
29340 14.6700 -1.319337 0.001882
29350 14.6750 -1.318372 0.002123
29360 14.6800 -1.317462 0.002364
29370 14.6850 -1.316403 0.002661
29380 14.6900 -1.315258 0.003001
29390 14.6950 -1.314124 0.003359
29400 14.7000 -1.312883 0.003773
29410 14.7050 -1.311412 0.004295
29420 14.7100 -1.309929 0.004856
29430 14.7150 -1.308367 0.005483
29440 14.7200 -1.306910 0.006103
29450 14.7250 -1.305588 0.006695
29460 14.7300 -1.304128 0.007380
29470 14.7350 -1.302454 0.008206
29480 14.7400 -1.300720 0.009109
29490 14.7450 -1.299162 0.009959
29500 14.7500 -1.297785 0.010743
29510 14.7550 -1.296198 0.011260
29520 14.7600 -1.294693 0.012173
29530 14.7650 -1.293255 0.013077
29540 14.7700 -1.292011 0.013887
29550 14.7750 -1.291047 0.014530
29560 14.7800 -1.290233 0.015085
29570 14.7850 -1.289532 0.015572
29580 14.7900 -1.288924 0.015999
29590 14.7950 -1.288226 0.016498
29600 14.8000 -1.287529 0.017003
29610 14.8050 -1.286798 0.017542
29620 14.8100 -1.286014 0.018129
29630 14.8150 -1.285203 0.018746
29640 14.8200 -1.284478 0.019307
29650 14.8250 -1.283760 0.019870
29660 14.8300 -1.283192 0.020322
29670 14.8350 -1.282765 0.020665
29680 14.8400 -1.282383 0.020973
29690 14.8450 -1.282042 0.021251
29700 14.8500 -1.281708 0.021525
29710 14.8550 -1.281313 0.021852
29720 14.8600 -1.280682 0.022378
29730 14.8650 -1.279937 0.023007
29740 14.8700 -1.279186 0.023650
29750 14.8750 -1.278559 0.024194
29760 14.8800 -1.278067 0.024625
29770 14.8850 -1.277434 0.025185
29780 14.8900 -1.276570 0.025960
29790 14.8950 -1.275714 0.026740
29800 14.9000 -1.274905 0.027488
29810 14.9050 -1.274054 0.028285
29820 14.9100 -1.273168 0.029127
29830 14.9150 -1.272127 0.030133
29840 14.9200 -1.271280 0.030964
29850 14.9250 -1.270563 0.031675
29860 14.9300 -1.269786 0.032456
29870 14.9350 -1.268883 0.033376
29880 14.9400 -1.268161 0.034122
29890 14.9450 -1.267515 0.034794
29900 14.9500 -1.266968 0.035370
29910 14.9550 -1.266569 0.035792
29920 14.9600 -1.266296 0.036083
29930 14.9650 -1.265911 0.036495
29940 14.9700 -1.265376 0.037071
29950 14.9750 -1.264800 0.037696
29960 14.9800 -1.264483 0.038042
29970 14.9850 -1.264531 0.037990
29980 14.9900 -1.264902 0.037586
29990 14.9950 -1.265111 0.037358
30000 15.0000 -1.265306 0.037147
30010 15.0050 -1.265355 0.035690
30020 15.0100 -1.265568 0.035465
30030 15.0150 -1.266097 0.034908
30040 15.0200 -1.266812 0.034161
30050 15.0250 -1.267729 0.033217
30060 15.0300 -1.268767 0.032163
30070 15.0350 -1.269868 0.031065
30080 15.0400 -1.271219 0.029743
30090 15.0450 -1.272624 0.028399
30100 15.0500 -1.274058 0.027060
30110 15.0550 -1.275637 0.025622
30120 15.0600 -1.277254 0.024190
30130 15.0650 -1.278967 0.022720
30140 15.0700 -1.280653 0.021317
30150 15.0750 -1.282330 0.019966
30160 15.0800 -1.284092 0.018595
30170 15.0850 -1.285819 0.017298
30180 15.0900 -1.287409 0.016146
30190 15.0950 -1.289041 0.015005
30200 15.1000 -1.290826 0.013805
30210 15.1050 -1.292693 0.012604
30220 15.1100 -1.294536 0.011472
30230 15.1150 -1.296305 0.010435
30240 15.1200 -1.297915 0.009534
30250 15.1250 -1.299543 0.008665
30260 15.1300 -1.300871 0.007987
30270 15.1350 -1.302073 0.007396
30280 15.1400 -1.303033 0.006941
30290 15.1450 -1.303766 0.006604
30300 15.1500 -1.304210 0.006403
30310 15.1550 -1.304835 0.006127
30320 15.1600 -1.305597 0.005797
30330 15.1650 -1.306386 0.005466
30340 15.1700 -1.306795 0.005298
30350 15.1750 -1.307010 0.005211
30360 15.1800 -1.307109 0.005171
30370 15.1850 -1.307232 0.005121
30380 15.1900 -1.307180 0.005142
30390 15.1950 -1.306974 0.005225
30400 15.2000 -1.306627 0.005366
30410 15.2050 -1.306335 0.005487
30420 15.2100 -1.306105 0.005583
30430 15.2150 -1.305927 0.005657
30440 15.2200 -1.305778 0.005720
30450 15.2250 -1.305557 0.005814
30460 15.2300 -1.305213 0.005962
30470 15.2350 -1.304754 0.006162
30480 15.2400 -1.303814 0.006582
30490 15.2450 -1.302663 0.007115
30500 15.2500 -1.301351 0.007748
30510 15.2550 -1.300041 0.008094
30520 15.2600 -1.298694 0.008788
30530 15.2650 -1.297386 0.009489
30540 15.2700 -1.295929 0.010302
30550 15.2750 -1.294456 0.011158
30560 15.2800 -1.292933 0.012079
30570 15.2850 -1.291336 0.013084
30580 15.2900 -1.289879 0.014036
30590 15.2950 -1.288535 0.014944
30600 15.3000 -1.287038 0.015988
30610 15.3050 -1.285492 0.017104
30620 15.3100 -1.284042 0.018185
30630 15.3150 -1.282735 0.019189
30640 15.3200 -1.281238 0.020370
30650 15.3250 -1.279667 0.021648
30660 15.3300 -1.278122 0.022943
30670 15.3350 -1.276666 0.024200
30680 15.3400 -1.275067 0.025617
30690 15.3450 -1.273579 0.026971
30700 15.3500 -1.272219 0.028242
30710 15.3550 -1.270847 0.029551
30720 15.3600 -1.269618 0.030751
30730 15.3650 -1.268599 0.031763
30740 15.3700 -1.267807 0.032562
30750 15.3750 -1.267203 0.033177
30760 15.3800 -1.266808 0.033583
30770 15.3850 -1.266397 0.034007
30780 15.3900 -1.266229 0.034181
30790 15.3950 -1.266099 0.034317
30800 15.4000 -1.265873 0.034553
30810 15.4050 -1.265848 0.034579
30820 15.4100 -1.266064 0.034354
30830 15.4150 -1.266352 0.034054
30840 15.4200 -1.266927 0.033460
30850 15.4250 -1.267693 0.032677
30860 15.4300 -1.268594 0.031769
30870 15.4350 -1.269600 0.030768
30880 15.4400 -1.270724 0.029671
30890 15.4450 -1.271800 0.028638
30900 15.4500 -1.272746 0.027746
30910 15.4550 -1.273628 0.026927
30920 15.4600 -1.274521 0.026110
30930 15.4650 -1.275466 0.025259
30940 15.4700 -1.276192 0.024615
30950 15.4750 -1.276596 0.024260
30960 15.4800 -1.277157 0.023772
30970 15.4850 -1.277862 0.023165
30980 15.4900 -1.278639 0.022506
30990 15.4950 -1.279422 0.021852
31000 15.5000 -1.280298 0.021130
31010 15.5050 -1.281207 0.019633
31020 15.5100 -1.282058 0.018969
31030 15.5150 -1.282904 0.018320
31040 15.5200 -1.283643 0.017762
31050 15.5250 -1.284419 0.017186
31060 15.5300 -1.285220 0.016602
31070 15.5350 -1.286114 0.015961
31080 15.5400 -1.287200 0.015200
31090 15.5450 -1.288377 0.014396
31100 15.5500 -1.289591 0.013589
31110 15.5550 -1.290946 0.012717
31120 15.5600 -1.292348 0.011845
31130 15.5650 -1.293930 0.010898
31140 15.5700 -1.295626 0.009926
31150 15.5750 -1.297147 0.009094
31160 15.5800 -1.298461 0.008404
31170 15.5850 -1.299673 0.007792
31180 15.5900 -1.300812 0.007238
31190 15.5950 -1.302084 0.006643
31200 15.6000 -1.303441 0.006037
31210 15.6050 -1.304874 0.005428
31220 15.6100 -1.306319 0.004846
31230 15.6150 -1.307757 0.004300
31240 15.6200 -1.309000 0.003855
31250 15.6250 -1.310198 0.003448
31260 15.6300 -1.311458 0.003044
31270 15.6350 -1.312680 0.002677
31280 15.6400 -1.313745 0.002376
31290 15.6450 -1.314517 0.002169
31300 15.6500 -1.315302 0.001968
31310 15.6550 -1.316220 0.001745
31320 15.6600 -1.317001 0.001566
31330 15.6650 -1.317761 0.001400
31340 15.6700 -1.318291 0.001291
31350 15.6750 -1.318884 0.001173
31360 15.6800 -1.319514 0.001054
31370 15.6850 -1.319914 0.000981
31380 15.6900 -1.320159 0.000938
31390 15.6950 -1.319961 0.000973
31400 15.7000 -1.319457 0.001064
31410 15.7050 -1.318895 0.001171
31420 15.7100 -1.318055 0.001339
31430 15.7150 -1.316849 0.001600
31440 15.7200 -1.315451 0.001931
31450 15.7250 -1.314032 0.002298
31460 15.7300 -1.312422 0.002753
31470 15.7350 -1.310718 0.003278
31480 15.7400 -1.308908 0.003887
31490 15.7450 -1.307032 0.004572
31500 15.7500 -1.305068 0.005348
31510 15.7550 -1.303403 0.005818
31520 15.7600 -1.301545 0.006644
31530 15.7650 -1.299535 0.007599
31540 15.7700 -1.297409 0.008678
31550 15.7750 -1.295225 0.009862
31560 15.7800 -1.293110 0.011079
31570 15.7850 -1.290883 0.012438
31580 15.7900 -1.288616 0.013901
31590 15.7950 -1.286324 0.015464
31600 15.8000 -1.284276 0.016930
31610 15.8050 -1.282365 0.018359
31620 15.8100 -1.280382 0.019902
31630 15.8150 -1.278796 0.021182
31640 15.8200 -1.277382 0.022356
31650 15.8250 -1.276016 0.023520
31660 15.8300 -1.274702 0.024669
31670 15.8350 -1.273277 0.025945
31680 15.8400 -1.272041 0.027078
31690 15.8450 -1.270746 0.028292
31700 15.8500 -1.269472 0.029511
31710 15.8550 -1.268186 0.030768
31720 15.8600 -1.267109 0.031842
31730 15.8650 -1.265975 0.032992
31740 15.8700 -1.265000 0.033997
31750 15.8750 -1.264263 0.034766
31760 15.8800 -1.263497 0.035576
31770 15.8850 -1.263055 0.036047
31780 15.8900 -1.262895 0.036219
31790 15.8950 -1.262899 0.036214
31800 15.9000 -1.262825 0.036294
31810 15.9050 -1.262835 0.036283
31820 15.9100 -1.262884 0.036230
31830 15.9150 -1.263153 0.035943
31840 15.9200 -1.263632 0.035433
31850 15.9250 -1.263995 0.035049
31860 15.9300 -1.264547 0.034469
31870 15.9350 -1.265459 0.033522
31880 15.9400 -1.266492 0.032465
31890 15.9450 -1.267448 0.031502
31900 15.9500 -1.268500 0.030459
31910 15.9550 -1.269513 0.029472
31920 15.9600 -1.270546 0.028481
31930 15.9650 -1.271571 0.027516
31940 15.9700 -1.272688 0.026482
31950 15.9750 -1.274122 0.025184
31960 15.9800 -1.275799 0.023708
31970 15.9850 -1.277562 0.022205
31980 15.9900 -1.279280 0.020787
31990 15.9950 -1.281152 0.019295
32000 16.0000 -1.283081 0.017817
32010 16.0050 -1.284956 0.015862
32020 16.0100 -1.287123 0.014364
32030 16.0150 -1.289389 0.012877
32040 16.0200 -1.291598 0.011506
32050 16.0250 -1.293880 0.010171
32060 16.0300 -1.296089 0.008956
32070 16.0350 -1.298270 0.007833
32080 16.0400 -1.300452 0.006785
32090 16.0450 -1.302573 0.005838
32100 16.0500 -1.304747 0.004941
32110 16.0550 -1.306787 0.004167
32120 16.0600 -1.308934 0.003424
32130 16.0650 -1.310984 0.002782
32140 16.0700 -1.312862 0.002251
32150 16.0750 -1.314537 0.001825
32160 16.0800 -1.316014 0.001486
32170 16.0850 -1.317411 0.001197
32180 16.0900 -1.318740 0.000950
32190 16.0950 -1.319898 0.000758
32200 16.1000 -1.320830 0.000619
32210 16.1050 -1.321630 0.000510
32220 16.1100 -1.322448 0.000409
32230 16.1150 -1.323186 0.000327
32240 16.1200 -1.324055 0.000241
32250 16.1250 -1.325001 0.000161
32260 16.1300 -1.325702 0.000111
32270 16.1350 -1.326352 0.000072
32280 16.1400 -1.326922 0.000043
32290 16.1450 -1.327394 0.000022
32300 16.1500 -1.327865 0.000006
32310 16.1550 -1.328159 0.000000
32320 16.1600 -1.328449 0.000000
32330 16.1650 -1.328785 0.000000
32340 16.1700 -1.328987 0.000000
32350 16.1750 -1.329021 0.000000
32360 16.1800 -1.329058 0.000000
32370 16.1850 -1.328945 0.000000
32380 16.1900 -1.328826 0.000000
32390 16.1950 -1.328712 0.000000
32400 16.2000 -1.328485 0.000000
32410 16.2050 -1.328270 0.000000
32420 16.2100 -1.327629 0.000014
32430 16.2150 -1.326565 0.000060
32440 16.2200 -1.325577 0.000120
32450 16.2250 -1.324649 0.000190
32460 16.2300 -1.323798 0.000265
32470 16.2350 -1.322885 0.000359
32480 16.2400 -1.321808 0.000487
32490 16.2450 -1.320615 0.000649
32500 16.2500 -1.319435 0.000832
32510 16.2550 -1.318238 0.001012
32520 16.2600 -1.316964 0.001255
32530 16.2650 -1.315316 0.001607
32540 16.2700 -1.313380 0.002075
32550 16.2750 -1.311060 0.002713
32560 16.2800 -1.308658 0.003464
32570 16.2850 -1.306010 0.004397
32580 16.2900 -1.303215 0.005502
32590 16.2950 -1.300355 0.006761
32600 16.3000 -1.297608 0.008092
32610 16.3050 -1.294812 0.009570
32620 16.3100 -1.291839 0.011277
32630 16.3150 -1.288900 0.013103
32640 16.3200 -1.286060 0.014997
32650 16.3250 -1.283308 0.016955
32660 16.3300 -1.280638 0.018970
32670 16.3350 -1.277896 0.021157
32680 16.3400 -1.275093 0.023517
32690 16.3450 -1.272418 0.025886
32700 16.3500 -1.269801 0.028314
32710 16.3550 -1.267193 0.030842
32720 16.3600 -1.264637 0.033426
32730 16.3650 -1.262021 0.036178
32740 16.3700 -1.259579 0.038847
32750 16.3750 -1.257443 0.041259
32760 16.3800 -1.255585 0.043417
32770 16.3850 -1.253794 0.045548
32780 16.3900 -1.251935 0.047817
32790 16.3950 -1.250172 0.050018
32800 16.4000 -1.248595 0.052030
32810 16.4050 -1.246937 0.054188
32820 16.4100 -1.245332 0.056320
32830 16.4150 -1.244085 0.058004
32840 16.4200 -1.242901 0.059627
32850 16.4250 -1.241785 0.061177
32860 16.4300 -1.240812 0.062545
32870 16.4350 -1.240197 0.063417
32880 16.4400 -1.239902 0.063837
32890 16.4450 -1.239793 0.063994
32900 16.4500 -1.239838 0.063929
32910 16.4550 -1.240051 0.063624
32920 16.4600 -1.240586 0.062864
32930 16.4650 -1.241327 0.061818
32940 16.4700 -1.242118 0.060712
32950 16.4750 -1.243137 0.059301
32960 16.4800 -1.244273 0.057749
32970 16.4850 -1.245523 0.056064
32980 16.4900 -1.246781 0.054394
32990 16.4950 -1.248238 0.052491
33000 16.5000 -1.249877 0.050392
33010 16.5050 -1.251894 0.046222
33020 16.5100 -1.254173 0.043501
33030 16.5150 -1.256691 0.040589
33040 16.5200 -1.259391 0.037582
33050 16.5250 -1.262156 0.034622
33060 16.5300 -1.264956 0.031749
33070 16.5350 -1.267843 0.028918
33080 16.5400 -1.270711 0.026237
33090 16.5450 -1.273427 0.023819
33100 16.5500 -1.276231 0.021446
33110 16.5550 -1.279086 0.019158
33120 16.5600 -1.281675 0.017195
33130 16.5650 -1.284333 0.015291
33140 16.5700 -1.286803 0.013623
33150 16.5750 -1.289098 0.012159
33160 16.5800 -1.291235 0.010871
33170 16.5850 -1.293300 0.009695
33180 16.5900 -1.295653 0.008437
33190 16.5950 -1.298217 0.007166
33200 16.6000 -1.300805 0.005989
33210 16.6050 -1.303356 0.004932
33220 16.6100 -1.305984 0.003951
33230 16.6150 -1.308498 0.003114
33240 16.6200 -1.310742 0.002451
33250 16.6250 -1.312885 0.001892
33260 16.6300 -1.314938 0.001425
33270 16.6350 -1.316873 0.001044
33280 16.6400 -1.318646 0.000748
33290 16.6450 -1.320417 0.000501
33300 16.6500 -1.321779 0.000345
33310 16.6550 -1.322805 0.000246
33320 16.6600 -1.323544 0.000185
33330 16.6650 -1.324208 0.000138
33340 16.6700 -1.324777 0.000103
33350 16.6750 -1.325061 0.000087
33360 16.6800 -1.325357 0.000072
33370 16.6850 -1.325507 0.000065
33380 16.6900 -1.325515 0.000065
33390 16.6950 -1.325406 0.000070
33400 16.7000 -1.325103 0.000085
33410 16.7050 -1.324282 0.000133
33420 16.7100 -1.323324 0.000202
33430 16.7150 -1.322348 0.000288
33440 16.7200 -1.321369 0.000389
33450 16.7250 -1.320429 0.000499
33460 16.7300 -1.319492 0.000624
33470 16.7350 -1.318631 0.000750
33480 16.7400 -1.317797 0.000884
33490 16.7450 -1.316868 0.001045
33500 16.7500 -1.315838 0.001240
33510 16.7550 -1.314399 0.001496
33520 16.7600 -1.312802 0.001862
33530 16.7650 -1.311139 0.002287
33540 16.7700 -1.309102 0.002866
33550 16.7750 -1.306778 0.003608
33560 16.7800 -1.304299 0.004493
33570 16.7850 -1.301679 0.005534
33580 16.7900 -1.299085 0.006672
33590 16.7950 -1.296564 0.007879
33600 16.8000 -1.294260 0.009071
33610 16.8050 -1.292034 0.010302
33620 16.8100 -1.289690 0.011684
33630 16.8150 -1.287222 0.013233
33640 16.8200 -1.284616 0.014974
33650 16.8250 -1.281906 0.016900
33660 16.8300 -1.279138 0.018987
33670 16.8350 -1.276325 0.021232
33680 16.8400 -1.273489 0.023624
33690 16.8450 -1.270774 0.026035
33700 16.8500 -1.268275 0.028357
33710 16.8550 -1.265692 0.030862
33720 16.8600 -1.263009 0.033578
33730 16.8650 -1.260376 0.036355
33740 16.8700 -1.257706 0.039283
33750 16.8750 -1.255024 0.042341
33760 16.8800 -1.252484 0.045343
33770 16.8850 -1.250235 0.048087
33780 16.8900 -1.247992 0.050905
33790 16.8950 -1.246083 0.053367
33800 16.9000 -1.244603 0.055316
33810 16.9050 -1.243521 0.056763
33820 16.9100 -1.242753 0.057802
33830 16.9150 -1.242136 0.058644
33840 16.9200 -1.241479 0.059546
33850 16.9250 -1.240969 0.060252
33860 16.9300 -1.240410 0.061030
33870 16.9350 -1.239975 0.061639
33880 16.9400 -1.239825 0.061850
33890 16.9450 -1.239706 0.062017
33900 16.9500 -1.239591 0.062179
33910 16.9550 -1.239529 0.062267
33920 16.9600 -1.239529 0.062266
33930 16.9650 -1.239670 0.062067
33940 16.9700 -1.239923 0.061712
33950 16.9750 -1.240382 0.061069
33960 16.9800 -1.241106 0.060062
33970 16.9850 -1.241784 0.059126
33980 16.9900 -1.242553 0.058074
33990 16.9950 -1.243287 0.057080
34000 17.0000 -1.243887 0.056272
34010 17.0050 -1.244486 0.053622
34020 17.0100 -1.245212 0.052676
34030 17.0150 -1.246064 0.051579
34040 17.0200 -1.246815 0.050621
34050 17.0250 -1.247728 0.049469
34060 17.0300 -1.248834 0.048091
34070 17.0350 -1.250123 0.046509
34080 17.0400 -1.251473 0.044881
34090 17.0450 -1.252686 0.043444
34100 17.0500 -1.254033 0.041875
34110 17.0550 -1.255542 0.040152
34120 17.0600 -1.257065 0.038450
34130 17.0650 -1.258719 0.036644
34140 17.0700 -1.260394 0.034859
34150 17.0750 -1.262213 0.032972
34160 17.0800 -1.263999 0.031170
34170 17.0850 -1.265823 0.029382
34180 17.0900 -1.267593 0.027698
34190 17.0950 -1.269313 0.026109
34200 17.1000 -1.271104 0.024505
34210 17.1050 -1.273067 0.022806
34220 17.1100 -1.275262 0.020979
34230 17.1150 -1.277423 0.019254
34240 17.1200 -1.279725 0.017498
34250 17.1250 -1.282121 0.015761
34260 17.1300 -1.284569 0.014080
34270 17.1350 -1.286937 0.012544
34280 17.1400 -1.289275 0.011115
34290 17.1450 -1.291502 0.009835
34300 17.1500 -1.293642 0.008678
34310 17.1550 -1.295756 0.007607
34320 17.1600 -1.297696 0.006686
34330 17.1650 -1.299643 0.005821
34340 17.1700 -1.301490 0.005056
34350 17.1750 -1.303177 0.004405
34360 17.1800 -1.304999 0.003752
34370 17.1850 -1.306779 0.003164
34380 17.1900 -1.308680 0.002592
34390 17.1950 -1.310734 0.002037
34400 17.2000 -1.312808 0.001545
34410 17.2050 -1.314813 0.001133
34420 17.2100 -1.316708 0.000802
34430 17.2150 -1.318714 0.000514
34440 17.2200 -1.320723 0.000288
34450 17.2250 -1.322469 0.000143
34460 17.2300 -1.324107 0.000050
34470 17.2350 -1.325845 0.000000
34480 17.2400 -1.327490 0.000000
34490 17.2450 -1.328987 0.000024
34500 17.2500 -1.330494 0.000091
34510 17.2550 -1.331800 0.000086
34520 17.2600 -1.332983 0.000187
34530 17.2650 -1.334059 0.000298
34540 17.2700 -1.334921 0.000400
34550 17.2750 -1.335642 0.000494
34560 17.2800 -1.336085 0.000556
34570 17.2850 -1.336382 0.000599
34580 17.2900 -1.336492 0.000615
34590 17.2950 -1.336387 0.000600
34600 17.3000 -1.336150 0.000565
34610 17.3050 -1.335795 0.000515
34620 17.3100 -1.335189 0.000434
34630 17.3150 -1.334628 0.000364
34640 17.3200 -1.334116 0.000304
34650 17.3250 -1.333575 0.000246
34660 17.3300 -1.332796 0.000170
34670 17.3350 -1.331875 0.000092
34680 17.3400 -1.330756 0.000015
34690 17.3450 -1.329329 0.000000
34700 17.3500 -1.327857 0.000000
34710 17.3550 -1.326168 0.000000
34720 17.3600 -1.324563 0.000000
34730 17.3650 -1.322975 0.000026
34740 17.3700 -1.321353 0.000148
34750 17.3750 -1.319569 0.000330
34760 17.3800 -1.317915 0.000544
34770 17.3850 -1.316314 0.000791
34780 17.3900 -1.314593 0.001103
34790 17.3950 -1.312912 0.001452
34800 17.4000 -1.311113 0.001875
34810 17.4050 -1.309231 0.002372
34820 17.4100 -1.307463 0.002890
34830 17.4150 -1.305586 0.003495
34840 17.4200 -1.303835 0.004108
34850 17.4250 -1.302049 0.004784
34860 17.4300 -1.300256 0.005514
34870 17.4350 -1.298293 0.006370
34880 17.4400 -1.296375 0.007267
34890 17.4450 -1.294426 0.008237
34900 17.4500 -1.292517 0.009246
34910 17.4550 -1.290519 0.010364
34920 17.4600 -1.288498 0.011558
34930 17.4650 -1.286693 0.012681
34940 17.4700 -1.284903 0.013845
34950 17.4750 -1.283319 0.014917
34960 17.4800 -1.281913 0.015903
34970 17.4850 -1.280449 0.016962
34980 17.4900 -1.279073 0.017989
34990 17.4950 -1.277790 0.018974
35000 17.5000 -1.276543 0.019956
35010 17.5050 -1.275359 0.020200
35020 17.5100 -1.274136 0.021195
35030 17.5150 -1.272886 0.022237
35040 17.5200 -1.271596 0.023338
35050 17.5250 -1.270596 0.024209
35060 17.5300 -1.269890 0.024835
35070 17.5350 -1.269264 0.025395
35080 17.5400 -1.268786 0.025828
35090 17.5450 -1.268439 0.026145
35100 17.5500 -1.268050 0.026501
35110 17.5550 -1.267738 0.026790
35120 17.5600 -1.267519 0.026992
35130 17.5650 -1.267245 0.027247
35140 17.5700 -1.267120 0.027364
35150 17.5750 -1.266896 0.027575
35160 17.5800 -1.266762 0.027700
35170 17.5850 -1.266458 0.027987
35180 17.5900 -1.266333 0.028106
35190 17.5950 -1.266570 0.027881
35200 17.6000 -1.266738 0.027723
35210 17.6050 -1.266686 0.027772
35220 17.6100 -1.266859 0.027609
35230 17.6150 -1.267256 0.027237
35240 17.6200 -1.267750 0.026778
35250 17.6250 -1.268030 0.026520
35260 17.6300 -1.268313 0.026260
35270 17.6350 -1.268386 0.026193
35280 17.6400 -1.268566 0.026028
35290 17.6450 -1.268963 0.025667
35300 17.6500 -1.269575 0.025116
35310 17.6550 -1.270248 0.024517
35320 17.6600 -1.271024 0.023834
35330 17.6650 -1.271893 0.023082
35340 17.6700 -1.273039 0.022107
35350 17.6750 -1.274382 0.020993
35360 17.6800 -1.275664 0.019955
35370 17.6850 -1.277049 0.018864
35380 17.6900 -1.278410 0.017822
35390 17.6950 -1.279942 0.016684
35400 17.7000 -1.281480 0.015578
35410 17.7050 -1.283077 0.014471
35420 17.7100 -1.284743 0.013359
35430 17.7150 -1.286569 0.012191
35440 17.7200 -1.288506 0.011010
35450 17.7250 -1.290542 0.009832
35460 17.7300 -1.292636 0.008689
35470 17.7350 -1.294738 0.007613
35480 17.7400 -1.296787 0.006631
35490 17.7450 -1.298842 0.005713
35500 17.7500 -1.301044 0.004803
35510 17.7550 -1.303151 0.003829
35520 17.7600 -1.305016 0.003192
35530 17.7650 -1.306686 0.002669
35540 17.7700 -1.308378 0.002184
35550 17.7750 -1.310156 0.001723
35560 17.7800 -1.311990 0.001299
35570 17.7850 -1.313726 0.000948
35580 17.7900 -1.315339 0.000664
35590 17.7950 -1.316666 0.000461
35600 17.8000 -1.318065 0.000277
35610 17.8050 -1.319358 0.000135
35620 17.8100 -1.320551 0.000027
35630 17.8150 -1.321554 0.000000
35640 17.8200 -1.322729 0.000000
35650 17.8250 -1.324074 0.000000
35660 17.8300 -1.325315 0.000000
35670 17.8350 -1.326412 0.000000
35680 17.8400 -1.327454 0.000000
35690 17.8450 -1.328681 0.000000
35700 17.8500 -1.329953 0.000000
35710 17.8550 -1.331134 0.000052
35720 17.8600 -1.332184 0.000150
35730 17.8650 -1.333099 0.000250
35740 17.8700 -1.333958 0.000356
35750 17.8750 -1.334581 0.000440
35760 17.8800 -1.335117 0.000517
35770 17.8850 -1.335645 0.000598
35780 17.8900 -1.335991 0.000653
35790 17.8950 -1.336081 0.000667
35800 17.9000 -1.336108 0.000672
35810 17.9050 -1.336159 0.000680
35820 17.9100 -1.336279 0.000700
35830 17.9150 -1.336262 0.000697
35840 17.9200 -1.336183 0.000684
35850 17.9250 -1.336187 0.000685
35860 17.9300 -1.336246 0.000694
35870 17.9350 -1.336155 0.000679
35880 17.9400 -1.336009 0.000656
35890 17.9450 -1.335592 0.000589
35900 17.9500 -1.335156 0.000523
35910 17.9550 -1.334687 0.000455
35920 17.9600 -1.334091 0.000373
35930 17.9650 -1.333284 0.000272
35940 17.9700 -1.332406 0.000173
35950 17.9750 -1.331591 0.000092
35960 17.9800 -1.330682 0.000014
35970 17.9850 -1.329632 0.000000
35980 17.9900 -1.328232 0.000000
35990 17.9950 -1.326693 0.000000
36000 18.0000 -1.325064 0.000000
36010 18.0050 -1.323306 0.000042
36020 18.0100 -1.321578 0.000130
36030 18.0150 -1.320021 0.000250
36040 18.0200 -1.318660 0.000387
36050 18.0250 -1.317298 0.000552
36060 18.0300 -1.315838 0.000763
36070 18.0350 -1.314462 0.000992
36080 18.0400 -1.312952 0.001278
36090 18.0450 -1.311386 0.001612
36100 18.0500 -1.310003 0.001940
36110 18.0550 -1.308627 0.002297
36120 18.0600 -1.307122 0.002721
36130 18.0650 -1.305302 0.003282
36140 18.0700 -1.303435 0.003912
36150 18.0750 -1.301706 0.004545
36160 18.0800 -1.299957 0.005233
36170 18.0850 -1.298021 0.006052
36180 18.0900 -1.296232 0.006862
36190 18.0950 -1.294716 0.007588
36200 18.1000 -1.293318 0.008290
36210 18.1050 -1.291863 0.009054
36220 18.1100 -1.290248 0.009941
36230 18.1150 -1.288527 0.010932
36240 18.1200 -1.286629 0.012079
36250 18.1250 -1.284673 0.013323
36260 18.1300 -1.282831 0.014549
36270 18.1350 -1.281233 0.015658
36280 18.1400 -1.279680 0.016773
36290 18.1450 -1.278070 0.017971
36300 18.1500 -1.276341 0.019303
36310 18.1550 -1.274738 0.020581
36320 18.1600 -1.273177 0.021865
36330 18.1650 -1.271629 0.023177
36340 18.1700 -1.270051 0.024553
36350 18.1750 -1.268467 0.025976
36360 18.1800 -1.267089 0.027246
36370 18.1850 -1.265801 0.028460
36380 18.1900 -1.264525 0.029690
36390 18.1950 -1.263174 0.031021
36400 18.2000 -1.261734 0.032470
36410 18.2050 -1.260214 0.034038
36420 18.2100 -1.258644 0.035695
36430 18.2150 -1.256987 0.037488
36440 18.2200 -1.255282 0.039377
36450 18.2250 -1.253463 0.041446
36460 18.2300 -1.251606 0.043613
36470 18.2350 -1.249741 0.045845
36480 18.2400 -1.247813 0.048211
36490 18.2450 -1.245711 0.050859
36500 18.2500 -1.243705 0.053452
36510 18.2550 -1.241846 0.054238
36520 18.2600 -1.240389 0.056174
36530 18.2650 -1.239242 0.057724
36540 18.2700 -1.238198 0.059151
36550 18.2750 -1.237410 0.060241
36560 18.2800 -1.236742 0.061173
36570 18.2850 -1.236446 0.061587
36580 18.2900 -1.236237 0.061881
36590 18.2950 -1.236191 0.061946
36600 18.3000 -1.236281 0.061819
36610 18.3050 -1.236668 0.061276
36620 18.3100 -1.237139 0.060617
36630 18.3150 -1.237551 0.060045
36640 18.3200 -1.238005 0.059418
36650 18.3250 -1.238852 0.058254
36660 18.3300 -1.239982 0.056721
36670 18.3350 -1.241249 0.055027
36680 18.3400 -1.242467 0.053423
36690 18.3450 -1.243737 0.051774
36700 18.3500 -1.245122 0.050007
36710 18.3550 -1.246769 0.047946
36720 18.3600 -1.248689 0.045599
36730 18.3650 -1.250827 0.043054
36740 18.3700 -1.253047 0.040490
36750 18.3750 -1.255302 0.037967
36760 18.3800 -1.257617 0.035461
36770 18.3850 -1.260057 0.032913
36780 18.3900 -1.262366 0.030590
36790 18.3950 -1.264714 0.028315
36800 18.4000 -1.267135 0.026062
36810 18.4050 -1.269457 0.023989
36820 18.4100 -1.271923 0.021883
36830 18.4150 -1.274410 0.019856
36840 18.4200 -1.277042 0.017820
36850 18.4250 -1.279689 0.015884
36860 18.4300 -1.282219 0.014137
36870 18.4350 -1.284461 0.012675
36880 18.4400 -1.286858 0.011199
36890 18.4450 -1.289271 0.009807
36900 18.4500 -1.291540 0.008582
36910 18.4550 -1.293704 0.007491
36920 18.4600 -1.295826 0.006492
36930 18.4650 -1.298190 0.005464
36940 18.4700 -1.300302 0.004621
36950 18.4750 -1.302328 0.003879
36960 18.4800 -1.304316 0.003213
36970 18.4850 -1.306339 0.002600
36980 18.4900 -1.308331 0.002060
36990 18.4950 -1.310364 0.001574
37000 18.5000 -1.312301 0.001171
37010 18.5050 -1.314146 0.000810
37020 18.5100 -1.316035 0.000535
37030 18.5150 -1.318158 0.000294
37040 18.5200 -1.320144 0.000132
37050 18.5250 -1.321939 0.000040
37060 18.5300 -1.323764 0.000000
37070 18.5350 -1.325540 0.000008
37080 18.5400 -1.327291 0.000066
37090 18.5450 -1.328924 0.000164
37100 18.5500 -1.330501 0.000298
37110 18.5550 -1.332131 0.000479
37120 18.5600 -1.333567 0.000672
37130 18.5650 -1.334792 0.000863
37140 18.5700 -1.335972 0.001069
37150 18.5750 -1.337084 0.001283
37160 18.5800 -1.338182 0.001514
37170 18.5850 -1.339400 0.001792
37180 18.5900 -1.340535 0.002072
37190 18.5950 -1.341525 0.002333
37200 18.6000 -1.342241 0.002531
37210 18.6050 -1.342880 0.002714
37220 18.6100 -1.343418 0.002874
37230 18.6150 -1.343833 0.003000
37240 18.6200 -1.344293 0.003143
37250 18.6250 -1.344701 0.003273
37260 18.6300 -1.344894 0.003335
37270 18.6350 -1.344795 0.003303
37280 18.6400 -1.344614 0.003245
37290 18.6450 -1.344305 0.003147
37300 18.6500 -1.343825 0.002998
37310 18.6550 -1.343115 0.002783
37320 18.6600 -1.342370 0.002567
37330 18.6650 -1.341384 0.002295
37340 18.6700 -1.340255 0.002001
37350 18.6750 -1.339031 0.001705
37360 18.6800 -1.337827 0.001437
37370 18.6850 -1.336548 0.001177
37380 18.6900 -1.335273 0.000944
37390 18.6950 -1.333417 0.000650
37400 18.7000 -1.331350 0.000387
37410 18.7050 -1.329189 0.000184
37420 18.7100 -1.326927 0.000050
37430 18.7150 -1.324605 0.000000
37440 18.7200 -1.322231 0.000029
37450 18.7250 -1.319741 0.000160
37460 18.7300 -1.317010 0.000415
37470 18.7350 -1.314330 0.000781
37480 18.7400 -1.311663 0.001258
37490 18.7450 -1.309073 0.001829
37500 18.7500 -1.306709 0.002443
37510 18.7550 -1.304297 0.003073
37520 18.7600 -1.302084 0.003805
37530 18.7650 -1.299917 0.004596
37540 18.7700 -1.297889 0.005405
37550 18.7750 -1.295914 0.006255
37560 18.7800 -1.294304 0.006994
37570 18.7850 -1.292799 0.007723
37580 18.7900 -1.291216 0.008528
37590 18.7950 -1.289589 0.009397
37600 18.8000 -1.287826 0.010387
37610 18.8050 -1.285898 0.011526
37620 18.8100 -1.283822 0.012820
37630 18.8150 -1.281794 0.014149
37640 18.8200 -1.279908 0.015445
37650 18.8250 -1.277926 0.016868
37660 18.8300 -1.275972 0.018332
37670 18.8350 -1.273920 0.019937
37680 18.8400 -1.271592 0.021838
37690 18.8450 -1.269254 0.023835
37700 18.8500 -1.266889 0.025945
37710 18.8550 -1.264596 0.028076
37720 18.8600 -1.262405 0.030192
37730 18.8650 -1.260186 0.032413
37740 18.8700 -1.258166 0.034504
37750 18.8750 -1.256274 0.036522
37760 18.8800 -1.254485 0.038483
37770 18.8850 -1.252745 0.040441
37780 18.8900 -1.251186 0.042235
37790 18.8950 -1.249919 0.043723
37800 18.9000 -1.249062 0.044744
37810 18.9050 -1.248636 0.045257
37820 18.9100 -1.248354 0.045597
37830 18.9150 -1.248386 0.045558
37840 18.9200 -1.248566 0.045341
37850 18.9250 -1.248770 0.045095
37860 18.9300 -1.248931 0.044902
37870 18.9350 -1.249328 0.044427
37880 18.9400 -1.249965 0.043669
37890 18.9450 -1.250631 0.042884
37900 18.9500 -1.251298 0.042106
37910 18.9550 -1.252088 0.041192
37920 18.9600 -1.253269 0.039846
37930 18.9650 -1.254765 0.038173
37940 18.9700 -1.256525 0.036251
37950 18.9750 -1.258444 0.034213
37960 18.9800 -1.260433 0.032162
37970 18.9850 -1.262498 0.030101
37980 18.9900 -1.264742 0.027938
37990 18.9950 -1.267327 0.025548
38000 19.0000 -1.269953 0.023229
38010 19.0050 -1.272501 0.020414
38020 19.0100 -1.275364 0.018166
38030 19.0150 -1.278626 0.015765
38040 19.0200 -1.281923 0.013511
38050 19.0250 -1.285461 0.011286
38060 19.0300 -1.288898 0.009317
38070 19.0350 -1.292371 0.007518
38080 19.0400 -1.295940 0.005871
38090 19.0450 -1.299612 0.004388
38100 19.0500 -1.303367 0.003093
38110 19.0550 -1.307304 0.001977
38120 19.0600 -1.311346 0.001087
38130 19.0650 -1.315535 0.000439
38140 19.0700 -1.319875 0.000061
38150 19.0750 -1.324366 0.000000
38160 19.0800 -1.328776 0.000218
38170 19.0850 -1.333238 0.000768
38180 19.0900 -1.337822 0.001659
38190 19.0950 -1.342454 0.002897
38200 19.1000 -1.346988 0.004435
38210 19.1050 -1.351412 0.006246
38220 19.1100 -1.355721 0.008306
38230 19.1150 -1.360067 0.010678
38240 19.1200 -1.364274 0.013256
38250 19.1250 -1.368253 0.015948
38260 19.1300 -1.372053 0.018750
38270 19.1350 -1.375625 0.021589
38280 19.1400 -1.379018 0.024470
38290 19.1450 -1.382278 0.027406
38300 19.1500 -1.385334 0.030309
38310 19.1550 -1.388155 0.033116
38320 19.1600 -1.390965 0.036037
38330 19.1650 -1.393481 0.038754
38340 19.1700 -1.395753 0.041292
38350 19.1750 -1.397696 0.043527
38360 19.1800 -1.399447 0.045590
38370 19.1850 -1.400846 0.047274
38380 19.1900 -1.401860 0.048512
38390 19.1950 -1.402603 0.049430
38400 19.2000 -1.403127 0.050083
38410 19.2050 -1.403397 0.050420
38420 19.2100 -1.403380 0.050399
38430 19.2150 -1.403056 0.049993
38440 19.2200 -1.402524 0.049332
38450 19.2250 -1.401678 0.048289
38460 19.2300 -1.400470 0.046819
38470 19.2350 -1.399040 0.045108
38480 19.2400 -1.397494 0.043292
38490 19.2450 -1.395523 0.041033
38500 19.2500 -1.393286 0.038540
38510 19.2550 -1.390798 0.034794
38520 19.2600 -1.388049 0.031989
38530 19.2650 -1.384992 0.029007
38540 19.2700 -1.381602 0.025870
38550 19.2750 -1.377998 0.022731
38560 19.2800 -1.374412 0.019807
38570 19.2850 -1.370758 0.017035
38580 19.2900 -1.366818 0.014278
38590 19.2950 -1.362699 0.011655
38600 19.3000 -1.358438 0.009220
38610 19.3050 -1.353912 0.006945
38620 19.3100 -1.349093 0.004875
38630 19.3150 -1.344270 0.003168
38640 19.3200 -1.339511 0.001842
38650 19.3250 -1.334772 0.000875
38660 19.3300 -1.329914 0.000252
38670 19.3350 -1.325046 0.000000
38680 19.3400 -1.320141 0.000124
38690 19.3450 -1.315277 0.000624
38700 19.3500 -1.310636 0.001450
38710 19.3550 -1.305992 0.002618
38720 19.3600 -1.301390 0.004113
38730 19.3650 -1.297128 0.005799
38740 19.3700 -1.292979 0.007717
38750 19.3750 -1.288972 0.009830
38760 19.3800 -1.284971 0.012196
38770 19.3850 -1.281299 0.014592
38780 19.3900 -1.277864 0.017028
38790 19.3950 -1.274697 0.019442
38800 19.4000 -1.271858 0.021743
38810 19.4050 -1.269152 0.024055
38820 19.4100 -1.266494 0.026441
38830 19.4150 -1.263872 0.028907
38840 19.4200 -1.261331 0.031401
38850 19.4250 -1.258768 0.034021
38860 19.4300 -1.256371 0.036568
38870 19.4350 -1.254120 0.039044
38880 19.4400 -1.252071 0.041369
38890 19.4450 -1.250188 0.043565
38900 19.4500 -1.248463 0.045627
38910 19.4550 -1.246872 0.047572
38920 19.4600 -1.245532 0.049240
38930 19.4650 -1.244292 0.050811
38940 19.4700 -1.243332 0.052044
38950 19.4750 -1.242485 0.053144
38960 19.4800 -1.241788 0.054058
38970 19.4850 -1.241105 0.054961
38980 19.4900 -1.240589 0.055649
38990 19.4950 -1.240268 0.056079
39000 19.5000 -1.240122 0.056275
39010 19.5050 -1.240193 0.054541
39020 19.5100 -1.240131 0.054624
39030 19.5150 -1.240027 0.054761
39040 19.5200 -1.240053 0.054727
39050 19.5250 -1.240211 0.054517
39060 19.5300 -1.240274 0.054434
39070 19.5350 -1.240473 0.054172
39080 19.5400 -1.240819 0.053717
39090 19.5450 -1.241245 0.053159
39100 19.5500 -1.241558 0.052752
39110 19.5550 -1.241814 0.052420
39120 19.5600 -1.242269 0.051832
39130 19.5650 -1.242825 0.051118
39140 19.5700 -1.243366 0.050429
39150 19.5750 -1.243869 0.049791
39160 19.5800 -1.244443 0.049069
39170 19.5850 -1.245330 0.047964
39180 19.5900 -1.246269 0.046807
39190 19.5950 -1.247071 0.045831
39200 19.6000 -1.248199 0.044475
39210 19.6050 -1.249572 0.042852
39220 19.6100 -1.251111 0.041069
39230 19.6150 -1.252917 0.039026
39240 19.6200 -1.255124 0.036600
39250 19.6250 -1.257311 0.034273
39260 19.6300 -1.259424 0.032098
39270 19.6350 -1.261745 0.029791
39280 19.6400 -1.264074 0.027563
39290 19.6450 -1.266392 0.025432
39300 19.6500 -1.268850 0.023266
39310 19.6550 -1.271346 0.021166
39320 19.6600 -1.273847 0.019162
39330 19.6650 -1.276293 0.017298
39340 19.6700 -1.278661 0.015584
39350 19.6750 -1.281186 0.013856
39360 19.6800 -1.283654 0.012265
39370 19.6850 -1.286017 0.010833
39380 19.6900 -1.288240 0.009566
39390 19.6950 -1.290291 0.008468
39400 19.7000 -1.292444 0.007387
39410 19.7050 -1.294282 0.006522
39420 19.7100 -1.296221 0.005669
39430 19.7150 -1.298039 0.004922
39440 19.7200 -1.299618 0.004317
39450 19.7250 -1.301111 0.003780
39460 19.7300 -1.302462 0.003325
39470 19.7350 -1.303564 0.002976
39480 19.7400 -1.304377 0.002730
39490 19.7450 -1.304994 0.002551
39500 19.7500 -1.305486 0.002412
39510 19.7550 -1.305943 0.002210
39520 19.7600 -1.306237 0.002132
39530 19.7650 -1.306522 0.002058
39540 19.7700 -1.307059 0.001922
39550 19.7750 -1.307416 0.001833
39560 19.7800 -1.307663 0.001774
39570 19.7850 -1.307657 0.001775
39580 19.7900 -1.307511 0.001810
39590 19.7950 -1.307618 0.001784
39600 19.8000 -1.307770 0.001748
39610 19.8050 -1.307832 0.001733
39620 19.8100 -1.308018 0.001690
39630 19.8150 -1.308195 0.001649
39640 19.8200 -1.308213 0.001644
39650 19.8250 -1.307953 0.001705
39660 19.8300 -1.307393 0.001839
39670 19.8350 -1.306549 0.002051
39680 19.8400 -1.305719 0.002270
39690 19.8450 -1.304687 0.002557
39700 19.8500 -1.303560 0.002891
39710 19.8550 -1.302412 0.003251
39720 19.8600 -1.301235 0.003642
39730 19.8650 -1.300141 0.004026
39740 19.8700 -1.299033 0.004434
39750 19.8750 -1.297927 0.004860
39760 19.8800 -1.296513 0.005434
39770 19.8850 -1.295039 0.006065
39780 19.8900 -1.293551 0.006738
39790 19.8950 -1.291889 0.007532
39800 19.9000 -1.290034 0.008468
39810 19.9050 -1.288009 0.009555
39820 19.9100 -1.285947 0.010727
39830 19.9150 -1.283921 0.011946
39840 19.9200 -1.281972 0.013179
39850 19.9250 -1.280146 0.014391
39860 19.9300 -1.278234 0.015716
39870 19.9350 -1.276365 0.017069
39880 19.9400 -1.274490 0.018481
39890 19.9450 -1.272756 0.019837
39900 19.9500 -1.271284 0.021027
39910 19.9550 -1.270127 0.021986
39920 19.9600 -1.269023 0.022921
39930 19.9650 -1.267925 0.023870
39940 19.9700 -1.266793 0.024870
39950 19.9750 -1.265533 0.026006
39960 19.9800 -1.264495 0.026961
39970 19.9850 -1.263491 0.027902
39980 19.9900 -1.262465 0.028880
39990 19.9950 -1.261644 0.029674
40000 20.0000 -1.260718 0.030583
40010 20.0050 -1.259645 0.030770
40020 20.0100 -1.258724 0.031691
40030 20.0150 -1.257660 0.032772
40040 20.0200 -1.256593 0.033874
40050 20.0250 -1.255560 0.034959
40060 20.0300 -1.254578 0.036005
40070 20.0350 -1.253585 0.037080
40080 20.0400 -1.252430 0.038349
40090 20.0450 -1.251284 0.039631
40100 20.0500 -1.250130 0.040941
40110 20.0550 -1.249124 0.042102
40120 20.0600 -1.248423 0.042920
40130 20.0650 -1.248036 0.043375
40140 20.0700 -1.247861 0.043583
40150 20.0750 -1.247789 0.043667
40160 20.0800 -1.247828 0.043621
40170 20.0850 -1.248028 0.043385
40180 20.0900 -1.248274 0.043096
40190 20.0950 -1.248658 0.042646
40200 20.1000 -1.249073 0.042161
40210 20.1050 -1.249435 0.041741
40220 20.1100 -1.249777 0.041346
40230 20.1150 -1.250150 0.040918
40240 20.1200 -1.250462 0.040562
40250 20.1250 -1.250549 0.040463
40260 20.1300 -1.250756 0.040228
40270 20.1350 -1.251095 0.039844
40280 20.1400 -1.251454 0.039439
40290 20.1450 -1.252003 0.038824
40300 20.1500 -1.252757 0.037988
40310 20.1550 -1.253524 0.037147
40320 20.1600 -1.254221 0.036390
40330 20.1650 -1.254911 0.035648
40340 20.1700 -1.255425 0.035102
40350 20.1750 -1.255937 0.034561
40360 20.1800 -1.256618 0.033848
40370 20.1850 -1.257211 0.033233
40380 20.1900 -1.257918 0.032508
40390 20.1950 -1.258550 0.031867
40400 20.2000 -1.259309 0.031105
40410 20.2050 -1.260405 0.030021
40420 20.2100 -1.261410 0.029044
40430 20.2150 -1.262585 0.027922
40440 20.2200 -1.263859 0.026731
40450 20.2250 -1.265239 0.025470
40460 20.2300 -1.266586 0.024269
40470 20.2350 -1.268025 0.023018
40480 20.2400 -1.269611 0.021677
40490 20.2450 -1.271213 0.020364
40500 20.2500 -1.272950 0.018987
40510 20.2550 -1.274692 0.017169
40520 20.2600 -1.276234 0.016046
40530 20.2650 -1.277858 0.014905
40540 20.2700 -1.279563 0.013752
40550 20.2750 -1.281309 0.012620
40560 20.2800 -1.282922 0.011617
40570 20.2850 -1.284411 0.010728
40580 20.2900 -1.285903 0.009873
40590 20.2950 -1.287479 0.009008
40600 20.3000 -1.288895 0.008265
40610 20.3050 -1.290439 0.007492
40620 20.3100 -1.291920 0.006785
40630 20.3150 -1.293432 0.006100
40640 20.3200 -1.294997 0.005429
40650 20.3250 -1.296465 0.004835
40660 20.3300 -1.297856 0.004304
40670 20.3350 -1.299091 0.003858
40680 20.3400 -1.300325 0.003437
40690 20.3450 -1.301572 0.003036
40700 20.3500 -1.303017 0.002602
40710 20.3550 -1.304538 0.002182
40720 20.3600 -1.306192 0.001766
40730 20.3650 -1.307915 0.001379
40740 20.3700 -1.309489 0.001067
40750 20.3750 -1.310763 0.000842
40760 20.3800 -1.311812 0.000677
40770 20.3850 -1.312642 0.000559
40780 20.3900 -1.313327 0.000469
40790 20.3950 -1.314011 0.000388
40800 20.4000 -1.314588 0.000324
40810 20.4050 -1.315207 0.000262
40820 20.4100 -1.315637 0.000222
40830 20.4150 -1.316011 0.000190
40840 20.4200 -1.316475 0.000154
40850 20.4250 -1.316760 0.000133
40860 20.4300 -1.316713 0.000136
40870 20.4350 -1.316431 0.000157
40880 20.4400 -1.316211 0.000174
40890 20.4450 -1.316136 0.000180
40900 20.4500 -1.316028 0.000189
40910 20.4550 -1.315739 0.000214
40920 20.4600 -1.315470 0.000237
40930 20.4650 -1.315122 0.000270
40940 20.4700 -1.314711 0.000311
40950 20.4750 -1.314345 0.000350
40960 20.4800 -1.314099 0.000377
40970 20.4850 -1.313671 0.000427
40980 20.4900 -1.313146 0.000492
40990 20.4950 -1.312623 0.000561
41000 20.5000 -1.312266 0.000611
41010 20.5050 -1.311939 0.000644
41020 20.5100 -1.311710 0.000678
41030 20.5150 -1.311619 0.000691
41040 20.5200 -1.311507 0.000708
41050 20.5250 -1.311362 0.000730
41060 20.5300 -1.311240 0.000749
41070 20.5350 -1.310965 0.000793
41080 20.5400 -1.310610 0.000851
41090 20.5450 -1.310312 0.000901
41100 20.5500 -1.310173 0.000925
41110 20.5550 -1.309936 0.000967
41120 20.5600 -1.309754 0.000999
41130 20.5650 -1.309627 0.001022
41140 20.5700 -1.309406 0.001063
41150 20.5750 -1.309182 0.001105
41160 20.5800 -1.308870 0.001165
41170 20.5850 -1.308252 0.001288
41180 20.5900 -1.307550 0.001435
41190 20.5950 -1.306843 0.001591
41200 20.6000 -1.306119 0.001759
41210 20.6050 -1.305357 0.001945
41220 20.6100 -1.304459 0.002175
41230 20.6150 -1.303502 0.002436
41240 20.6200 -1.302499 0.002724
41250 20.6250 -1.301404 0.003057
41260 20.6300 -1.300306 0.003410
41270 20.6350 -1.299246 0.003769
41280 20.6400 -1.298099 0.004177
41290 20.6450 -1.296944 0.004610
41300 20.6500 -1.296028 0.004968
41310 20.6550 -1.295461 0.005197
41320 20.6600 -1.295028 0.005375
41330 20.6650 -1.294856 0.005446
41340 20.6700 -1.294648 0.005533
41350 20.6750 -1.294477 0.005606
41360 20.6800 -1.294328 0.005669
41370 20.6850 -1.294561 0.005570
41380 20.6900 -1.294828 0.005458
41390 20.6950 -1.295165 0.005318
41400 20.7000 -1.295492 0.005184
41410 20.7050 -1.295948 0.005000
41420 20.7100 -1.296571 0.004754
41430 20.7150 -1.297095 0.004552
41440 20.7200 -1.297632 0.004350
41450 20.7250 -1.298079 0.004185
41460 20.7300 -1.298528 0.004022
41470 20.7350 -1.298990 0.003858
41480 20.7400 -1.299405 0.003714
41490 20.7450 -1.299930 0.003535
41500 20.7500 -1.300459 0.003359
41510 20.7550 -1.300975 0.003110
41520 20.7600 -1.301231 0.003030
41530 20.7650 -1.301583 0.002921
41540 20.7700 -1.301930 0.002816
41550 20.7750 -1.302178 0.002742
41560 20.7800 -1.302344 0.002693
41570 20.7850 -1.302353 0.002690
41580 20.7900 -1.302447 0.002663
41590 20.7950 -1.302555 0.002631
41600 20.8000 -1.302673 0.002597
41610 20.8050 -1.303097 0.002476
41620 20.8100 -1.303836 0.002273
41630 20.8150 -1.304396 0.002124
41640 20.8200 -1.304898 0.001995
41650 20.8250 -1.305443 0.001860
41660 20.8300 -1.305964 0.001735
41670 20.8350 -1.306315 0.001653
41680 20.8400 -1.306504 0.001610
41690 20.8450 -1.307029 0.001493
41700 20.8500 -1.307716 0.001346
41710 20.8550 -1.308332 0.001221
41720 20.8600 -1.309025 0.001087
41730 20.8650 -1.309708 0.000963
41740 20.8700 -1.310278 0.000865
41750 20.8750 -1.310675 0.000800
41760 20.8800 -1.310773 0.000784
41770 20.8850 -1.310613 0.000810
41780 20.8900 -1.310446 0.000837
41790 20.8950 -1.310078 0.000899
41800 20.9000 -1.309781 0.000950
41810 20.9050 -1.309245 0.001047
41820 20.9100 -1.308690 0.001151
41830 20.9150 -1.308045 0.001278
41840 20.9200 -1.307207 0.001454
41850 20.9250 -1.306197 0.001680
41860 20.9300 -1.305299 0.001895
41870 20.9350 -1.304276 0.002156
41880 20.9400 -1.303263 0.002430
41890 20.9450 -1.302419 0.002671
41900 20.9500 -1.301669 0.002895
41910 20.9550 -1.300959 0.003115
41920 20.9600 -1.300382 0.003300
41930 20.9650 -1.300078 0.003399
41940 20.9700 -1.299935 0.003447
41950 20.9750 -1.299858 0.003472
41960 20.9800 -1.300005 0.003423
41970 20.9850 -1.300150 0.003376
41980 20.9900 -1.300346 0.003311
41990 20.9950 -1.300578 0.003237
42000 21.0000 -1.300914 0.003129
42010 21.0050 -1.301218 0.002956
42020 21.0100 -1.301434 0.002890
42030 21.0150 -1.301472 0.002879
42040 21.0200 -1.301707 0.002808
42050 21.0250 -1.302080 0.002697
42060 21.0300 -1.302548 0.002561
42070 21.0350 -1.303081 0.002411
42080 21.0400 -1.303643 0.002258
42090 21.0450 -1.304202 0.002110
42100 21.0500 -1.304793 0.001959
42110 21.0550 -1.305301 0.001834
42120 21.0600 -1.305534 0.001778
42130 21.0650 -1.305878 0.001697
42140 21.0700 -1.306073 0.001652
42150 21.0750 -1.306049 0.001657
42160 21.0800 -1.306000 0.001668
42170 21.0850 -1.306092 0.001647
42180 21.0900 -1.306232 0.001615
42190 21.0950 -1.306183 0.001626
42200 21.1000 -1.305795 0.001716
42210 21.1050 -1.305274 0.001840
42220 21.1100 -1.304750 0.001970
42230 21.1150 -1.304068 0.002145
42240 21.1200 -1.303233 0.002369
42250 21.1250 -1.302290 0.002636
42260 21.1300 -1.301146 0.002979
42270 21.1350 -1.300216 0.003272
42280 21.1400 -1.299324 0.003567
42290 21.1450 -1.298209 0.003954
42300 21.1500 -1.296972 0.004406
42310 21.1550 -1.295609 0.004932
42320 21.1600 -1.294262 0.005482
42330 21.1650 -1.292977 0.006033
42340 21.1700 -1.291586 0.006660
42350 21.1750 -1.290127 0.007350
42360 21.1800 -1.288662 0.008078
42370 21.1850 -1.287178 0.008850
42380 21.1900 -1.285835 0.009579
42390 21.1950 -1.284500 0.010332
42400 21.2000 -1.283228 0.011077
42410 21.2050 -1.281990 0.011827
42420 21.2100 -1.280796 0.012573
42430 21.2150 -1.279574 0.013360
42440 21.2200 -1.278315 0.014197
42450 21.2250 -1.276993 0.015103
42460 21.2300 -1.275642 0.016057
42470 21.2350 -1.274357 0.016992
42480 21.2400 -1.272896 0.018088
42490 21.2450 -1.271322 0.019307
42500 21.2500 -1.269856 0.020478
42510 21.2550 -1.268491 0.020927
42520 21.2600 -1.267449 0.021793
42530 21.2650 -1.266458 0.022632
42540 21.2700 -1.265754 0.023238
42550 21.2750 -1.265266 0.023662
42560 21.2800 -1.264736 0.024128
42570 21.2850 -1.264275 0.024536
42580 21.2900 -1.263849 0.024917
42590 21.2950 -1.263363 0.025355
42600 21.3000 -1.263081 0.025611
42610 21.3050 -1.263073 0.025618
42620 21.3100 -1.262995 0.025689
42630 21.3150 -1.263079 0.025613
42640 21.3200 -1.263340 0.025376
42650 21.3250 -1.263820 0.024943
42660 21.3300 -1.264511 0.024327
42670 21.3350 -1.265233 0.023691
42680 21.3400 -1.265786 0.023210
42690 21.3450 -1.266295 0.022772
42700 21.3500 -1.266746 0.022387
42710 21.3550 -1.267013 0.022160
42720 21.3600 -1.267269 0.021944
42730 21.3650 -1.267439 0.021801
42740 21.3700 -1.267620 0.021649
42750 21.3750 -1.267835 0.021470
42760 21.3800 -1.268017 0.021319
42770 21.3850 -1.268302 0.021083
42780 21.3900 -1.268441 0.020969
42790 21.3950 -1.268460 0.020953
42800 21.4000 -1.268705 0.020752
42810 21.4050 -1.269019 0.020496
42820 21.4100 -1.269433 0.020160
42830 21.4150 -1.269984 0.019718
42840 21.4200 -1.270546 0.019272
42850 21.4250 -1.271295 0.018686
42860 21.4300 -1.272033 0.018117
42870 21.4350 -1.272804 0.017532
42880 21.4400 -1.273706 0.016860
42890 21.4450 -1.274645 0.016174
42900 21.4500 -1.275551 0.015525
42910 21.4550 -1.276660 0.014750
42920 21.4600 -1.277972 0.013858
42930 21.4650 -1.279168 0.013069
42940 21.4700 -1.280237 0.012383
42950 21.4750 -1.281056 0.011870
42960 21.4800 -1.281847 0.011385
42970 21.4850 -1.282790 0.010820
42980 21.4900 -1.283794 0.010233
42990 21.4950 -1.284767 0.009680
43000 21.5000 -1.285903 0.009055
43010 21.5050 -1.287118 0.008205
43020 21.5100 -1.288213 0.007650
43030 21.5150 -1.289411 0.007065
43040 21.5200 -1.290665 0.006477
43050 21.5250 -1.291850 0.005945
43060 21.5300 -1.293147 0.005388
43070 21.5350 -1.294525 0.004826
43080 21.5400 -1.295847 0.004315
43090 21.5450 -1.297221 0.003814
43100 21.5500 -1.298338 0.003429
43110 21.5550 -1.299220 0.003139
43120 21.5600 -1.300296 0.002802
43130 21.5650 -1.301351 0.002490
43140 21.5700 -1.302351 0.002211
43150 21.5750 -1.303111 0.002009
43160 21.5800 -1.303554 0.001895
43170 21.5850 -1.303825 0.001828
43180 21.5900 -1.304137 0.001751
43190 21.5950 -1.304519 0.001659
43200 21.6000 -1.304756 0.001604
43210 21.6050 -1.304976 0.001553
43220 21.6100 -1.305233 0.001494
43230 21.6150 -1.305325 0.001474
43240 21.6200 -1.305396 0.001458
43250 21.6250 -1.305527 0.001429
43260 21.6300 -1.305698 0.001391
43270 21.6350 -1.305673 0.001397
43280 21.6400 -1.305586 0.001416
43290 21.6450 -1.305772 0.001375
43300 21.6500 -1.305974 0.001332
43310 21.6550 -1.306088 0.001307
43320 21.6600 -1.306325 0.001258
43330 21.6650 -1.306567 0.001208
43340 21.6700 -1.306771 0.001166
43350 21.6750 -1.307016 0.001118
43360 21.6800 -1.307386 0.001046
43370 21.6850 -1.307763 0.000975
43380 21.6900 -1.308350 0.000869
43390 21.6950 -1.308703 0.000808
43400 21.7000 -1.309056 0.000749
43410 21.7050 -1.309354 0.000700
43420 21.7100 -1.309501 0.000677
43430 21.7150 -1.309476 0.000681
43440 21.7200 -1.309624 0.000658
43450 21.7250 -1.310008 0.000600
43460 21.7300 -1.310296 0.000557
43470 21.7350 -1.310619 0.000511
43480 21.7400 -1.310879 0.000476
43490 21.7450 -1.311075 0.000449
43500 21.7500 -1.311182 0.000435
43510 21.7550 -1.311247 0.000246
43520 21.7600 -1.311372 0.000230
43530 21.7650 -1.311385 0.000228
43540 21.7700 -1.311509 0.000213
43550 21.7750 -1.311701 0.000189
43560 21.7800 -1.311604 0.000201
43570 21.7850 -1.311474 0.000217
43580 21.7900 -1.311493 0.000215
43590 21.7950 -1.311362 0.000231
43600 21.8000 -1.311056 0.000270
43610 21.8050 -1.310463 0.000351
43620 21.8100 -1.309728 0.000458
43630 21.8150 -1.308926 0.000586
43640 21.8200 -1.308013 0.000743
43650 21.8250 -1.307124 0.000909
43660 21.8300 -1.306232 0.001088
43670 21.8350 -1.305371 0.001273
43680 21.8400 -1.304451 0.001484
43690 21.8450 -1.303321 0.001762
43700 21.8500 -1.302011 0.002109
43710 21.8550 -1.300472 0.002552
43720 21.8600 -1.298854 0.003059
43730 21.8650 -1.297216 0.003615
43740 21.8700 -1.295684 0.004174
43750 21.8750 -1.294149 0.004771
43760 21.8800 -1.292642 0.005395
43770 21.8850 -1.291098 0.006072
43780 21.8900 -1.289461 0.006831
43790 21.8950 -1.287875 0.007608
43800 21.9000 -1.286430 0.008351
43810 21.9050 -1.284788 0.009236
43820 21.9100 -1.283244 0.010108
43830 21.9150 -1.281548 0.011109
43840 21.9200 -1.279743 0.012226
43850 21.9250 -1.277763 0.013512
43860 21.9300 -1.275424 0.015112
43870 21.9350 -1.273069 0.016813
43880 21.9400 -1.270830 0.018512
43890 21.9450 -1.268645 0.020249
43900 21.9500 -1.266510 0.022021
43910 21.9550 -1.264560 0.023703
43920 21.9600 -1.262864 0.025217
43930 21.9650 -1.261222 0.026727
43940 21.9700 -1.259671 0.028193
43950 21.9750 -1.258486 0.029339
43960 21.9800 -1.257648 0.030163
43970 21.9850 -1.256849 0.030960
43980 21.9900 -1.256073 0.031743
43990 21.9950 -1.255262 0.032573
44000 22.0000 -1.254624 0.033232
44010 22.0050 -1.254154 0.032833
44020 22.0100 -1.253616 0.033392
44030 22.0150 -1.253200 0.033827
44040 22.0200 -1.252841 0.034205
44050 22.0250 -1.252508 0.034557
44060 22.0300 -1.252436 0.034634
44070 22.0350 -1.252337 0.034739
44080 22.0400 -1.252200 0.034884
44090 22.0450 -1.252239 0.034843
44100 22.0500 -1.252589 0.034472
44110 22.0550 -1.253214 0.033812
44120 22.0600 -1.253850 0.033149
44130 22.0650 -1.254645 0.032328
44140 22.0700 -1.255681 0.031274
44150 22.0750 -1.256941 0.030016
44160 22.0800 -1.258432 0.028560
44170 22.0850 -1.260035 0.027034
44180 22.0900 -1.261537 0.025643
44190 22.0950 -1.263057 0.024273
44200 22.1000 -1.264769 0.022774
44210 22.1050 -1.266747 0.021101
44220 22.1100 -1.269168 0.019139
44230 22.1150 -1.271762 0.017142
44240 22.1200 -1.274334 0.015270
44250 22.1250 -1.276819 0.013562
44260 22.1300 -1.279498 0.011832
44270 22.1350 -1.282181 0.010216
44280 22.1400 -1.284898 0.008697
44290 22.1450 -1.287678 0.007266
44300 22.1500 -1.290398 0.005986
44310 22.1550 -1.293301 0.004751
44320 22.1600 -1.296108 0.003685
44330 22.1650 -1.298805 0.002780
44340 22.1700 -1.301232 0.002065
44350 22.1750 -1.303719 0.001431
44360 22.1800 -1.306414 0.000855
44370 22.1850 -1.309071 0.000400
44380 22.1900 -1.311431 0.000092
44390 22.1950 -1.313884 0.000000
44400 22.2000 -1.316124 0.000000
44410 22.2050 -1.318073 0.000000
44420 22.2100 -1.319978 0.000000
44430 22.2150 -1.321842 0.000000
44440 22.2200 -1.323455 0.000000
44450 22.2250 -1.324992 0.000037
44460 22.2300 -1.326192 0.000173
44470 22.2350 -1.327146 0.000298
44480 22.2400 -1.327791 0.000390
44490 22.2450 -1.328385 0.000481
44500 22.2500 -1.329080 0.000594
44510 22.2550 -1.329752 0.000673
44520 22.2600 -1.330402 0.000791
44530 22.2650 -1.330960 0.000899
44540 22.2700 -1.331495 0.001006
44550 22.2750 -1.331739 0.001057
44560 22.2800 -1.331800 0.001070
44570 22.2850 -1.331584 0.001024
44580 22.2900 -1.330964 0.000899
44590 22.2950 -1.330113 0.000738
44600 22.3000 -1.329353 0.000603
44610 22.3050 -1.328629 0.000483
44620 22.3100 -1.327898 0.000371
44630 22.3150 -1.327121 0.000261
44640 22.3200 -1.326291 0.000154
44650 22.3250 -1.325414 0.000052
44660 22.3300 -1.324481 0.000000
44670 22.3350 -1.323368 0.000000
44680 22.3400 -1.322306 0.000000
44690 22.3450 -1.321243 0.000000
44700 22.3500 -1.320041 0.000000
44710 22.3550 -1.318818 0.000000
44720 22.3600 -1.317685 0.000000
44730 22.3650 -1.316702 0.000000
44740 22.3700 -1.315936 0.000000
44750 22.3750 -1.315236 0.000000
44760 22.3800 -1.314555 0.000000
44770 22.3850 -1.314055 0.000000
44780 22.3900 -1.313679 0.000000
44790 22.3950 -1.313411 0.000000
44800 22.4000 -1.313106 0.000000
44810 22.4050 -1.312743 0.000000
44820 22.4100 -1.312050 0.000026
44830 22.4150 -1.311198 0.000121
44840 22.4200 -1.310265 0.000238
44850 22.4250 -1.309277 0.000377
44860 22.4300 -1.308408 0.000513
44870 22.4350 -1.307465 0.000674
44880 22.4400 -1.306233 0.000905
44890 22.4450 -1.305013 0.001158
44900 22.4500 -1.303890 0.001412
44910 22.4550 -1.302786 0.001681
44920 22.4600 -1.301740 0.001955
44930 22.4650 -1.300680 0.002249
44940 22.4700 -1.299794 0.002510
44950 22.4750 -1.298925 0.002777
44960 22.4800 -1.298117 0.003037
44970 22.4850 -1.297353 0.003292
44980 22.4900 -1.296583 0.003558
44990 22.4950 -1.295874 0.003812
45000 22.5000 -1.295195 0.004063
45010 22.5050 -1.294486 0.004251
45020 22.5100 -1.293584 0.004601
45030 22.5150 -1.292566 0.005013
45040 22.5200 -1.291476 0.005472
45050 22.5250 -1.290305 0.005986
45060 22.5300 -1.289326 0.006434
45070 22.5350 -1.288406 0.006868
45080 22.5400 -1.287540 0.007289
45090 22.5450 -1.286684 0.007717
45100 22.5500 -1.285583 0.008286
45110 22.5550 -1.284331 0.008955
45120 22.5600 -1.283055 0.009664
45130 22.5650 -1.281923 0.010315
45140 22.5700 -1.280917 0.010911
45150 22.5750 -1.279892 0.011534
45160 22.5800 -1.278959 0.012117
45170 22.5850 -1.278010 0.012724
45180 22.5900 -1.276881 0.013465
45190 22.5950 -1.275782 0.014206
45200 22.6000 -1.274744 0.014924
45210 22.6050 -1.273727 0.015644
45220 22.6100 -1.272733 0.016364
45230 22.6150 -1.271880 0.016994
45240 22.6200 -1.270978 0.017674
45250 22.6250 -1.270154 0.018307
45260 22.6300 -1.269386 0.018906
45270 22.6350 -1.268738 0.019420
45280 22.6400 -1.268083 0.019945
45290 22.6450 -1.267389 0.020509
45300 22.6500 -1.266872 0.020935
45310 22.6550 -1.266651 0.021119
45320 22.6600 -1.266681 0.021094
45330 22.6650 -1.266791 0.021003
45340 22.6700 -1.266892 0.020918
45350 22.6750 -1.267226 0.020643
45360 22.6800 -1.267747 0.020217
45370 22.6850 -1.268583 0.019543
45380 22.6900 -1.269557 0.018772
45390 22.6950 -1.270446 0.018081
45400 22.7000 -1.271079 0.017598
45410 22.7050 -1.271849 0.017018
45420 22.7100 -1.272707 0.016383
45430 22.7150 -1.273490 0.015814
45440 22.7200 -1.274372 0.015185
45450 22.7250 -1.275513 0.014390
45460 22.7300 -1.276767 0.013541
45470 22.7350 -1.278216 0.012591
45480 22.7400 -1.279771 0.011609
45490 22.7450 -1.281320 0.010670
45500 22.7500 -1.282988 0.009702
45510 22.7550 -1.284553 0.008642
45520 22.7600 -1.286240 0.007763
45530 22.7650 -1.287889 0.006947
45540 22.7700 -1.289490 0.006198
45550 22.7750 -1.291245 0.005424
45560 22.7800 -1.293084 0.004666
45570 22.7850 -1.294844 0.003992
45580 22.7900 -1.296664 0.003347
45590 22.7950 -1.298532 0.002741
45600 22.8000 -1.300432 0.002182
45610 22.8050 -1.302180 0.001718
45620 22.8100 -1.303738 0.001347
45630 22.8150 -1.305471 0.000979
45640 22.8200 -1.307426 0.000623
45650 22.8250 -1.309445 0.000319
45660 22.8300 -1.311282 0.000099
45670 22.8350 -1.313114 0.000000
45680 22.8400 -1.314893 0.000000
45690 22.8450 -1.316431 0.000000
45700 22.8500 -1.317846 0.000000
45710 22.8550 -1.319212 0.000000
45720 22.8600 -1.320243 0.000000
45730 22.8650 -1.321060 0.000000
45740 22.8700 -1.321584 0.000000
45750 22.8750 -1.321961 0.000000
45760 22.8800 -1.322265 0.000000
45770 22.8850 -1.322798 0.000000
45780 22.8900 -1.323245 0.000000
45790 22.8950 -1.323573 0.000017
45800 22.9000 -1.323623 0.000021
45810 22.9050 -1.323388 0.000000
45820 22.9100 -1.322989 0.000000
45830 22.9150 -1.322647 0.000000
45840 22.9200 -1.322289 0.000000
45850 22.9250 -1.321766 0.000000
45860 22.9300 -1.321180 0.000000
45870 22.9350 -1.320646 0.000000
45880 22.9400 -1.320245 0.000000
45890 22.9450 -1.319877 0.000000
45900 22.9500 -1.319501 0.000000
45910 22.9550 -1.318986 0.000000
45920 22.9600 -1.318331 0.000000
45930 22.9650 -1.317646 0.000000
45940 22.9700 -1.317132 0.000000
45950 22.9750 -1.316447 0.000000
45960 22.9800 -1.315620 0.000000
45970 22.9850 -1.314869 0.000000
45980 22.9900 -1.314177 0.000000
45990 22.9950 -1.313344 0.000000
46000 23.0000 -1.312455 0.000000
46010 23.0050 -1.311656 0.000073
46020 23.0100 -1.310853 0.000157
46030 23.0150 -1.309931 0.000266
46040 23.0200 -1.308932 0.000400
46050 23.0250 -1.308122 0.000520
46060 23.0300 -1.307374 0.000640
46070 23.0350 -1.306563 0.000781
46080 23.0400 -1.305680 0.000946
46090 23.0450 -1.304857 0.001111
46100 23.0500 -1.303905 0.001315
46110 23.0550 -1.302808 0.001569
46120 23.0600 -1.301550 0.001884
46130 23.0650 -1.300207 0.002248
46140 23.0700 -1.298830 0.002651
46150 23.0750 -1.297602 0.003037
46160 23.0800 -1.296191 0.003510
46170 23.0850 -1.294508 0.004117
46180 23.0900 -1.292690 0.004823
46190 23.0950 -1.290985 0.005533
46200 23.1000 -1.289328 0.006269
46210 23.1050 -1.287423 0.007170
46220 23.1100 -1.285617 0.008077
46230 23.1150 -1.283877 0.009002
46240 23.1200 -1.282022 0.010042
46250 23.1250 -1.279934 0.011278
46260 23.1300 -1.277693 0.012684
46270 23.1350 -1.275487 0.014148
46280 23.1400 -1.273462 0.015560
46290 23.1450 -1.271459 0.017023
46300 23.1500 -1.269230 0.018727
46310 23.1550 -1.267039 0.020481
46320 23.1600 -1.264964 0.022214
46330 23.1650 -1.263098 0.023832
46340 23.1700 -1.261370 0.025381
46350 23.1750 -1.259881 0.026755
46360 23.1800 -1.258522 0.028040
46370 23.1850 -1.257279 0.029242
46380 23.1900 -1.255984 0.030521
46390 23.1950 -1.254835 0.031678
46400 23.2000 -1.253873 0.032664
46410 23.2050 -1.252981 0.033591
46420 23.2100 -1.252100 0.034520
46430 23.2150 -1.251076 0.035615
46440 23.2200 -1.250244 0.036519
46450 23.2250 -1.249781 0.037025
46460 23.2300 -1.249515 0.037318
46470 23.2350 -1.249410 0.037434
46480 23.2400 -1.249268 0.037592
46490 23.2450 -1.248960 0.037934
46500 23.2500 -1.248679 0.038246
46510 23.2550 -1.248486 0.037605
46520 23.2600 -1.248499 0.037591
46530 23.2650 -1.248536 0.037550
46540 23.2700 -1.248451 0.037644
46550 23.2750 -1.248487 0.037604
46560 23.2800 -1.248508 0.037581
46570 23.2850 -1.248590 0.037490
46580 23.2900 -1.248513 0.037575
46590 23.2950 -1.248566 0.037516
46600 23.3000 -1.248700 0.037368
46610 23.3050 -1.248960 0.037082
46620 23.3100 -1.249190 0.036830
46630 23.3150 -1.249418 0.036581
46640 23.3200 -1.249771 0.036196
46650 23.3250 -1.250246 0.035683
46660 23.3300 -1.250870 0.035013
46670 23.3350 -1.251471 0.034375
46680 23.3400 -1.252203 0.033605
46690 23.3450 -1.253120 0.032652
46700 23.3500 -1.254140 0.031609
46710 23.3550 -1.255141 0.030602
46720 23.3600 -1.256066 0.029686
46730 23.3650 -1.256830 0.028940
46740 23.3700 -1.257899 0.027912
46750 23.3750 -1.258948 0.026921
46760 23.3800 -1.260098 0.025855
46770 23.3850 -1.261148 0.024900
46780 23.3900 -1.262286 0.023887
46790 23.3950 -1.263369 0.022941
46800 23.4000 -1.264429 0.022034
46810 23.4050 -1.265443 0.021183
46820 23.4100 -1.266443 0.020361
46830 23.4150 -1.267383 0.019603
46840 23.4200 -1.268211 0.018946
46850 23.4250 -1.268871 0.018431
46860 23.4300 -1.269436 0.017996
46870 23.4350 -1.269914 0.017632
46880 23.4400 -1.270217 0.017403
46890 23.4450 -1.270525 0.017172
46900 23.4500 -1.270890 0.016901
46910 23.4550 -1.271029 0.016797
46920 23.4600 -1.270955 0.016852
46930 23.4650 -1.270756 0.017000
46940 23.4700 -1.270222 0.017400
46950 23.4750 -1.269469 0.017971
46960 23.4800 -1.268620 0.018627
46970 23.4850 -1.267773 0.019292
46980 23.4900 -1.266949 0.019951
46990 23.4950 -1.266037 0.020693
47000 23.5000 -1.265175 0.021407
47010 23.5050 -1.264184 0.021764
47020 23.5100 -1.263055 0.022723
47030 23.5150 -1.261877 0.023747
47040 23.5200 -1.260757 0.024741
47050 23.5250 -1.259691 0.025706
47060 23.5300 -1.258484 0.026822
47070 23.5350 -1.257307 0.027932
47080 23.5400 -1.256215 0.028982
47090 23.5450 -1.255271 0.029906
47100 23.5500 -1.254543 0.030628
47110 23.5550 -1.253930 0.031243
47120 23.5600 -1.253420 0.031759
47130 23.5650 -1.253039 0.032147
47140 23.5700 -1.252662 0.032534
47150 23.5750 -1.252425 0.032779
47160 23.5800 -1.252150 0.033063
47170 23.5850 -1.251975 0.033245
47180 23.5900 -1.251754 0.033475
47190 23.5950 -1.251647 0.033587
47200 23.6000 -1.251707 0.033524
47210 23.6050 -1.251653 0.033581
47220 23.6100 -1.251492 0.033749
47230 23.6150 -1.251290 0.033961
47240 23.6200 -1.251320 0.033929
47250 23.6250 -1.251383 0.033863
47260 23.6300 -1.251563 0.033674
47270 23.6350 -1.251914 0.033309
47280 23.6400 -1.252259 0.032950
47290 23.6450 -1.252766 0.032427
47300 23.6500 -1.253357 0.031823
47310 23.6550 -1.254176 0.030996
47320 23.6600 -1.255246 0.029931
47330 23.6650 -1.256485 0.028721
47340 23.6700 -1.257852 0.027415
47350 23.6750 -1.259321 0.026046
47360 23.6800 -1.261013 0.024512
47370 23.6850 -1.262692 0.023037
47380 23.6900 -1.264463 0.021529
47390 23.6950 -1.266336 0.019991
47400 23.7000 -1.268157 0.018550
47410 23.7050 -1.269688 0.017380
47420 23.7100 -1.271061 0.016363
47430 23.7150 -1.272416 0.015389
47440 23.7200 -1.273632 0.014541
47450 23.7250 -1.274814 0.013739
47460 23.7300 -1.275867 0.013044
47470 23.7350 -1.276811 0.012436
47480 23.7400 -1.277716 0.011867
47490 23.7450 -1.278625 0.011308
47500 23.7500 -1.279466 0.010803
47510 23.7550 -1.280302 0.010088
47520 23.7600 -1.281167 0.009598
47530 23.7650 -1.282133 0.009066
47540 23.7700 -1.283015 0.008593
47550 23.7750 -1.283927 0.008117
47560 23.7800 -1.284813 0.007668
47570 23.7850 -1.285689 0.007236
47580 23.7900 -1.286431 0.006880
47590 23.7950 -1.287163 0.006537
47600 23.8000 -1.287820 0.006237
47610 23.8050 -1.288292 0.006025
47620 23.8100 -1.288729 0.005833
47630 23.8150 -1.288954 0.005735
47640 23.8200 -1.289088 0.005677
47650 23.8250 -1.289132 0.005658
47660 23.8300 -1.289251 0.005607
47670 23.8350 -1.289243 0.005611
47680 23.8400 -1.289284 0.005593
47690 23.8450 -1.289202 0.005628
47700 23.8500 -1.289069 0.005685
47710 23.8550 -1.289143 0.005653
47720 23.8600 -1.289185 0.005635
47730 23.8650 -1.289268 0.005600
47740 23.8700 -1.289439 0.005527
47750 23.8750 -1.289592 0.005462
47760 23.8800 -1.289742 0.005399
47770 23.8850 -1.289882 0.005340
47780 23.8900 -1.289919 0.005324
47790 23.8950 -1.289886 0.005338
47800 23.9000 -1.290002 0.005290
47810 23.9050 -1.290114 0.005243
47820 23.9100 -1.290247 0.005188
47830 23.9150 -1.290479 0.005093
47840 23.9200 -1.290871 0.004934
47850 23.9250 -1.291197 0.004804
47860 23.9300 -1.291324 0.004753
47870 23.9350 -1.291335 0.004749
47880 23.9400 -1.291502 0.004683
47890 23.9450 -1.291509 0.004681
47900 23.9500 -1.291353 0.004742
47910 23.9550 -1.291158 0.004819
47920 23.9600 -1.290840 0.004946
47930 23.9650 -1.290604 0.005042
47940 23.9700 -1.290416 0.005119
47950 23.9750 -1.290139 0.005233
47960 23.9800 -1.289771 0.005386
47970 23.9850 -1.289477 0.005511
47980 23.9900 -1.289188 0.005634
47990 23.9950 -1.288912 0.005753
48000 24.0000 -1.288761 0.005819
48010 24.0050 -1.288619 0.005760
48020 24.0100 -1.288427 0.005844
48030 24.0150 -1.288162 0.005960
48040 24.0200 -1.287901 0.006076
48050 24.0250 -1.287672 0.006179
48060 24.0300 -1.287328 0.006334
48070 24.0350 -1.286896 0.006532
48080 24.0400 -1.286351 0.006786
48090 24.0450 -1.285830 0.007033
48100 24.0500 -1.285322 0.007278
48110 24.0550 -1.284797 0.007537
48120 24.0600 -1.284085 0.007893
48130 24.0650 -1.283459 0.008214
48140 24.0700 -1.283063 0.008420
48150 24.0750 -1.282698 0.008612
48160 24.0800 -1.282324 0.008812
48170 24.0850 -1.282028 0.008971
48180 24.0900 -1.281720 0.009138
48190 24.0950 -1.281442 0.009290
48200 24.1000 -1.281223 0.009411
48210 24.1050 -1.281115 0.009471
48220 24.1100 -1.281079 0.009491
48230 24.1150 -1.280955 0.009560
48240 24.1200 -1.280791 0.009652
48250 24.1250 -1.280449 0.009844
48260 24.1300 -1.279866 0.010177
48270 24.1350 -1.279163 0.010586
48280 24.1400 -1.278473 0.010994
48290 24.1450 -1.277783 0.011411
48300 24.1500 -1.277099 0.011832
48310 24.1550 -1.276409 0.012264
48320 24.1600 -1.275694 0.012720
48330 24.1650 -1.274998 0.013171
48340 24.1700 -1.274164 0.013722
48350 24.1750 -1.273468 0.014191
48360 24.1800 -1.272755 0.014679
48370 24.1850 -1.271990 0.015213
48380 24.1900 -1.271362 0.015658
48390 24.1950 -1.270654 0.016167
48400 24.2000 -1.269805 0.016788
48410 24.2050 -1.268884 0.017475
48420 24.2100 -1.268023 0.018130
48430 24.2150 -1.267288 0.018699
48440 24.2200 -1.266753 0.019118
48450 24.2250 -1.266301 0.019477
48460 24.2300 -1.265757 0.019912
48470 24.2350 -1.265214 0.020351
48480 24.2400 -1.264677 0.020790
48490 24.2450 -1.264083 0.021281
48500 24.2500 -1.263498 0.021770
48510 24.2550 -1.262966 0.021742
48520 24.2600 -1.262727 0.021943
48530 24.2650 -1.262563 0.022082
48540 24.2700 -1.262422 0.022202
48550 24.2750 -1.262512 0.022125
48560 24.2800 -1.262618 0.022035
48570 24.2850 -1.262942 0.021762
48580 24.2900 -1.263687 0.021140
48590 24.2950 -1.264754 0.020266
48600 24.3000 -1.265723 0.019487
48610 24.3050 -1.266655 0.018752
48620 24.3100 -1.267572 0.018044
48630 24.3150 -1.268521 0.017325
48640 24.3200 -1.269554 0.016559
48650 24.3250 -1.270686 0.015739
48660 24.3300 -1.271898 0.014885
48670 24.3350 -1.273219 0.013981
48680 24.3400 -1.274553 0.013097
48690 24.3450 -1.275984 0.012181
48700 24.3500 -1.277554 0.011214
48710 24.3550 -1.279108 0.010295
48720 24.3600 -1.280410 0.009557
48730 24.3650 -1.281651 0.008878
48740 24.3700 -1.282638 0.008356
48750 24.3750 -1.283402 0.007962
48760 24.3800 -1.284129 0.007597
48770 24.3850 -1.284882 0.007228
48780 24.3900 -1.285491 0.006935
48790 24.3950 -1.285914 0.006736
48800 24.4000 -1.286319 0.006548
48810 24.4050 -1.286813 0.006322
48820 24.4100 -1.287288 0.006109
48830 24.4150 -1.287647 0.005949
48840 24.4200 -1.288029 0.005783
48850 24.4250 -1.288372 0.005635
48860 24.4300 -1.289041 0.005352
48870 24.4350 -1.289723 0.005071
48880 24.4400 -1.290463 0.004775
48890 24.4450 -1.291172 0.004499
48900 24.4500 -1.292023 0.004179
48910 24.4550 -1.292629 0.003959
48920 24.4600 -1.293010 0.003823
48930 24.4650 -1.293135 0.003779
48940 24.4700 -1.293231 0.003745
48950 24.4750 -1.293277 0.003729
48960 24.4800 -1.293288 0.003725
48970 24.4850 -1.293135 0.003779
48980 24.4900 -1.292997 0.003827
48990 24.4950 -1.292904 0.003861
49000 24.5000 -1.292641 0.003954
49010 24.5050 -1.292208 0.004029
49020 24.5100 -1.291751 0.004196
49030 24.5150 -1.291054 0.004457
49040 24.5200 -1.290329 0.004738
49050 24.5250 -1.289693 0.004991
49060 24.5300 -1.289113 0.005227
49070 24.5350 -1.288516 0.005477
49080 24.5400 -1.287915 0.005733
49090 24.5450 -1.287177 0.006056
49100 24.5500 -1.286365 0.006422
49110 24.5550 -1.285598 0.006777
49120 24.5600 -1.284880 0.007118
49130 24.5650 -1.284356 0.007372
49140 24.5700 -1.283773 0.007660
49150 24.5750 -1.283073 0.008013
49160 24.5800 -1.282283 0.008421
49170 24.5850 -1.281716 0.008721
49180 24.5900 -1.281219 0.008987
49190 24.5950 -1.280598 0.009325
49200 24.6000 -1.280027 0.009643
49210 24.6050 -1.279551 0.009910
49220 24.6100 -1.279100 0.010168
49230 24.6150 -1.278691 0.010404
49240 24.6200 -1.278441 0.010550
49250 24.6250 -1.278287 0.010641
49260 24.6300 -1.278109 0.010745
49270 24.6350 -1.277848 0.010900
49280 24.6400 -1.277685 0.010997
49290 24.6450 -1.277620 0.011036
49300 24.6500 -1.277888 0.010876
49310 24.6550 -1.278334 0.010613
49320 24.6600 -1.278951 0.010254
49330 24.6650 -1.279630 0.009866
49340 24.6700 -1.280397 0.009436
49350 24.6750 -1.281127 0.009037
49360 24.6800 -1.281831 0.008660
49370 24.6850 -1.282577 0.008269
49380 24.6900 -1.283215 0.007941
49390 24.6950 -1.284047 0.007524
49400 24.7000 -1.285305 0.006915
49410 24.7050 -1.286673 0.006282
49420 24.7100 -1.288262 0.005584
49430 24.7150 -1.289899 0.004908
49440 24.7200 -1.291542 0.004273
49450 24.7250 -1.293379 0.003615
49460 24.7300 -1.295215 0.003012
49470 24.7350 -1.297158 0.002433
49480 24.7400 -1.299118 0.001911
49490 24.7450 -1.301271 0.001409
49500 24.7500 -1.303456 0.000975
49510 24.7550 -1.305687 0.000598
49520 24.7600 -1.307872 0.000324
49530 24.7650 -1.310070 0.000127
49540 24.7700 -1.312364 0.000003
49550 24.7750 -1.314872 0.000000
49560 24.7800 -1.317667 0.000042
49570 24.7850 -1.320473 0.000245
49580 24.7900 -1.323009 0.000537
49590 24.7950 -1.325506 0.000926
49600 24.8000 -1.327864 0.001385
49610 24.8050 -1.330069 0.001894
49620 24.8100 -1.332164 0.002450
49630 24.8150 -1.334062 0.003015
49640 24.8200 -1.335977 0.003643
49650 24.8250 -1.337826 0.004304
49660 24.8300 -1.339481 0.004943
49670 24.8350 -1.340956 0.005549
49680 24.8400 -1.342351 0.006154
49690 24.8450 -1.343655 0.006747
49700 24.8500 -1.344899 0.007339
49710 24.8550 -1.346212 0.007990
49720 24.8600 -1.347320 0.008561
49730 24.8650 -1.348283 0.009072
49740 24.8700 -1.349040 0.009485
49750 24.8750 -1.349572 0.009781
49760 24.8800 -1.349830 0.009926
49770 24.8850 -1.350022 0.010035
49780 24.8900 -1.349879 0.009954
49790 24.8950 -1.349671 0.009837
49800 24.9000 -1.349362 0.009664
49810 24.9050 -1.348708 0.009303
49820 24.9100 -1.348002 0.008921
49830 24.9150 -1.347324 0.008563
49840 24.9200 -1.346623 0.008199
49850 24.9250 -1.345887 0.007826
49860 24.9300 -1.345135 0.007454
49870 24.9350 -1.344352 0.007076
49880 24.9400 -1.343661 0.006750
49890 24.9450 -1.343125 0.006503
49900 24.9500 -1.342428 0.006188
49910 24.9550 -1.341929 0.005967
49920 24.9600 -1.341651 0.005846
49930 24.9650 -1.341552 0.005804
49940 24.9700 -1.341559 0.005806
49950 24.9750 -1.341439 0.005755
49960 24.9800 -1.341368 0.005724
49970 24.9850 -1.341208 0.005656
49980 24.9900 -1.341074 0.005599
49990 24.9950 -1.340934 0.005539
50000 25.0000 -1.340796 0.005482
50010 25.0050 -1.340585 0.005260
50020 25.0100 -1.340345 0.005161
50030 25.0150 -1.339863 0.004966
50040 25.0200 -1.339241 0.004720
50050 25.0250 -1.338375 0.004388
50060 25.0300 -1.337440 0.004043
50070 25.0350 -1.336604 0.003746
50080 25.0400 -1.335698 0.003436
50090 25.0450 -1.334890 0.003172
50100 25.0500 -1.334314 0.002989
50110 25.0550 -1.333616 0.002775
50120 25.0600 -1.332713 0.002510
50130 25.0650 -1.331770 0.002247
50140 25.0700 -1.330585 0.001937
50150 25.0750 -1.329138 0.001589
50160 25.0800 -1.327566 0.001248
50170 25.0850 -1.325706 0.000897
50180 25.0900 -1.323652 0.000573
50190 25.0950 -1.321685 0.000327
50200 25.1000 -1.319764 0.000146
50210 25.1050 -1.317860 0.000025
50220 25.1100 -1.315989 0.000000
50230 25.1150 -1.313897 0.000000
50240 25.1200 -1.311590 0.000040
50250 25.1250 -1.309346 0.000199
50260 25.1300 -1.307292 0.000415
50270 25.1350 -1.304970 0.000742
50280 25.1400 -1.302507 0.001184
50290 25.1450 -1.300002 0.001734
50300 25.1500 -1.297253 0.002454
50310 25.1550 -1.294377 0.003338
50320 25.1600 -1.291522 0.004349
50330 25.1650 -1.288836 0.005419
50340 25.1700 -1.286214 0.006578
50350 25.1750 -1.283527 0.007881
50360 25.1800 -1.280732 0.009360
50370 25.1850 -1.277949 0.010959
50380 25.1900 -1.275347 0.012569
50390 25.1950 -1.272712 0.014311
50400 25.2000 -1.270126 0.016131
50410 25.2050 -1.267687 0.017946
50420 25.2100 -1.265249 0.019858
50430 25.2150 -1.262998 0.021710
50440 25.2200 -1.260923 0.023490
50450 25.2250 -1.259186 0.025035
50460 25.2300 -1.257556 0.026528
50470 25.2350 -1.256266 0.027741
50480 25.2400 -1.254983 0.028975
50490 25.2450 -1.253782 0.030154
50500 25.2500 -1.252567 0.031371
50510 25.2550 -1.251329 0.031956
50520 25.2600 -1.250190 0.033128
50530 25.2650 -1.249214 0.034150
50540 25.2700 -1.248566 0.034837
50550 25.2750 -1.248029 0.035412
50560 25.2800 -1.247549 0.035930
50570 25.2850 -1.247402 0.036089
50580 25.2900 -1.247417 0.036072
50590 25.2950 -1.247619 0.035854
50600 25.3000 -1.248082 0.035355
50610 25.3050 -1.248599 0.034801
50620 25.3100 -1.249269 0.034092
50630 25.3150 -1.250093 0.033229
50640 25.3200 -1.251091 0.032198
50650 25.3250 -1.252194 0.031079
50660 25.3300 -1.253512 0.029767
50670 25.3350 -1.254970 0.028349
50680 25.3400 -1.256510 0.026888
50690 25.3450 -1.258125 0.025399
50700 25.3500 -1.259979 0.023741
50710 25.3550 -1.262030 0.021973
50720 25.3600 -1.264281 0.020111
50730 25.3650 -1.266538 0.018327
50740 25.3700 -1.268818 0.016609
50750 25.3750 -1.271241 0.014877
50760 25.3800 -1.273692 0.013222
50770 25.3850 -1.276118 0.011680
50780 25.3900 -1.278465 0.010279
50790 25.3950 -1.280684 0.009037
50800 25.4000 -1.282885 0.007885
50810 25.4050 -1.284839 0.006927
50820 25.4100 -1.286600 0.006117
50830 25.4150 -1.288366 0.005355
50840 25.4200 -1.290063 0.004670
50850 25.4250 -1.291480 0.004135
50860 25.4300 -1.292716 0.003694
50870 25.4350 -1.293915 0.003290
50880 25.4400 -1.295241 0.002870
50890 25.4450 -1.296587 0.002474
50900 25.4500 -1.298058 0.002073
50910 25.4550 -1.299538 0.001706
50920 25.4600 -1.301128 0.001351
50930 25.4650 -1.302625 0.001053
50940 25.4700 -1.304162 0.000786
50950 25.4750 -1.305515 0.000582
50960 25.4800 -1.306743 0.000423
50970 25.4850 -1.307859 0.000299
50980 25.4900 -1.308939 0.000198
50990 25.4950 -1.310064 0.000113
51000 25.5000 -1.311056 0.000055
51010 25.5050 -1.311950 0.000016
51020 25.5100 -1.312911 0.000000
51030 25.5150 -1.313922 0.000000
51040 25.5200 -1.314986 0.000000
51050 25.5250 -1.316049 0.000005
51060 25.5300 -1.317075 0.000045
51070 25.5350 -1.318311 0.000115
51080 25.5400 -1.319441 0.000201
51090 25.5450 -1.320600 0.000310
51100 25.5500 -1.321709 0.000435
51110 25.5550 -1.322740 0.000569
51120 25.5600 -1.323791 0.000723
51130 25.5650 -1.324821 0.000891
51140 25.5700 -1.326001 0.001105
51150 25.5750 -1.327047 0.001312
51160 25.5800 -1.327890 0.001493
51170 25.5850 -1.328880 0.001719
51180 25.5900 -1.329776 0.001937
51190 25.5950 -1.330288 0.002068
51200 25.6000 -1.330709 0.002179
51210 25.6050 -1.331071 0.002276
51220 25.6100 -1.331374 0.002359
51230 25.6150 -1.331702 0.002451
51240 25.6200 -1.331861 0.002496
51250 25.6250 -1.331893 0.002505
51260 25.6300 -1.331918 0.002512
51270 25.6350 -1.331847 0.002492
51280 25.6400 -1.331726 0.002457
51290 25.6450 -1.331295 0.002337
51300 25.6500 -1.330535 0.002132
51310 25.6550 -1.329555 0.001882
51320 25.6600 -1.328598 0.001653
51330 25.6650 -1.327531 0.001415
51340 25.6700 -1.326317 0.001165
51350 25.6750 -1.324952 0.000914
51360 25.6800 -1.323405 0.000664
51370 25.6850 -1.321857 0.000453
51380 25.6900 -1.320243 0.000274
51390 25.6950 -1.318716 0.000144
51400 25.7000 -1.317197 0.000051
51410 25.7050 -1.315639 0.000000
51420 25.7100 -1.313994 0.000000
51430 25.7150 -1.312278 0.000005
51440 25.7200 -1.310542 0.000082
51450 25.7250 -1.308678 0.000219
51460 25.7300 -1.306602 0.000437
51470 25.7350 -1.304280 0.000763
51480 25.7400 -1.301861 0.001196
51490 25.7450 -1.299214 0.001778
51500 25.7500 -1.296335 0.002540
51510 25.7550 -1.293356 0.003410
51520 25.7600 -1.290456 0.004445
51530 25.7650 -1.287758 0.005529
51540 25.7700 -1.284936 0.006791
51550 25.7750 -1.282179 0.008148
51560 25.7800 -1.279521 0.009574
51570 25.7850 -1.276847 0.011124
51580 25.7900 -1.274261 0.012735
51590 25.7950 -1.271621 0.014491
51600 25.8000 -1.269053 0.016309
51610 25.8050 -1.266596 0.018149
51620 25.8100 -1.264087 0.020130
51630 25.8150 -1.261810 0.022016
51640 25.8200 -1.259868 0.023692
51650 25.8250 -1.257985 0.025376
51660 25.8300 -1.256082 0.027137
51670 25.8350 -1.254144 0.028991
51680 25.8400 -1.252319 0.030794
51690 25.8450 -1.250519 0.032625
51700 25.8500 -1.248814 0.034409
51710 25.8550 -1.247049 0.036305
51720 25.8600 -1.245455 0.038063
51730 25.8650 -1.243952 0.039757
51740 25.8700 -1.242702 0.041195
51750 25.8750 -1.241608 0.042475
51760 25.8800 -1.240667 0.043592
51770 25.8850 -1.239771 0.044667
51780 25.8900 -1.238976 0.045634
51790 25.8950 -1.238405 0.046334
51800 25.9000 -1.237946 0.046901
51810 25.9050 -1.237570 0.047368
51820 25.9100 -1.237308 0.047694
51830 25.9150 -1.237264 0.047750
51840 25.9200 -1.237422 0.047552
51850 25.9250 -1.238035 0.046791
51860 25.9300 -1.239013 0.045588
51870 25.9350 -1.240150 0.044211
51880 25.9400 -1.241461 0.042649
51890 25.9450 -1.242934 0.040927
51900 25.9500 -1.244700 0.038910
51910 25.9550 -1.246364 0.037055
51920 25.9600 -1.248100 0.035170
51930 25.9650 -1.249869 0.033299
51940 25.9700 -1.251708 0.031409
51950 25.9750 -1.253956 0.029174
51960 25.9800 -1.256360 0.026876
51970 25.9850 -1.258711 0.024720
51980 25.9900 -1.260881 0.022810
51990 25.9950 -1.262970 0.021044
52000 26.0000 -1.264957 0.019431
52010 26.0050 -1.266851 0.017566
52020 26.0100 -1.268663 0.016222
52030 26.0150 -1.270355 0.015016
52040 26.0200 -1.272029 0.013868
52050 26.0250 -1.273703 0.012767
52060 26.0300 -1.275489 0.011642
52070 26.0350 -1.277220 0.010602
52080 26.0400 -1.278757 0.009719
52090 26.0450 -1.280271 0.008886
52100 26.0500 -1.281798 0.008085
52110 26.0550 -1.283574 0.007200
52120 26.0600 -1.285408 0.006340
52130 26.0650 -1.287428 0.005457
52140 26.0700 -1.289311 0.004693
52150 26.0750 -1.291369 0.003924
52160 26.0800 -1.293417 0.003227
52170 26.0850 -1.295766 0.002512
52180 26.0900 -1.298173 0.001871
52190 26.0950 -1.300607 0.001319
52200 26.1000 -1.303142 0.000846
52210 26.1050 -1.305704 0.000474
52220 26.1100 -1.308543 0.000185
52230 26.1150 -1.311350 0.000027
52240 26.1200 -1.314209 0.000000
52250 26.1250 -1.317353 0.000117
52260 26.1300 -1.320511 0.000397
52270 26.1350 -1.323699 0.000842
52280 26.1400 -1.326694 0.001410
52290 26.1450 -1.329449 0.002059
52300 26.1500 -1.331817 0.002715
52310 26.1550 -1.334136 0.003444
52320 26.1600 -1.336362 0.004225
52330 26.1650 -1.338269 0.004957
52340 26.1700 -1.340041 0.005689
52350 26.1750 -1.341748 0.006442
52360 26.1800 -1.343463 0.007246
52370 26.1850 -1.345291 0.008154
52380 26.1900 -1.347203 0.009161
52390 26.1950 -1.348924 0.010117
52400 26.2000 -1.350717 0.011164
52410 26.2050 -1.352444 0.012220
52420 26.2100 -1.354040 0.013239
52430 26.2150 -1.355555 0.014243
52440 26.2200 -1.357021 0.015250
52450 26.2250 -1.358261 0.016128
52460 26.2300 -1.359259 0.016853
52470 26.2350 -1.359933 0.017351
52480 26.2400 -1.360307 0.017630
52490 26.2450 -1.360453 0.017741
52500 26.2500 -1.360369 0.017677
52510 26.2550 -1.360299 0.017240
52520 26.2600 -1.359779 0.016856
52530 26.2650 -1.359077 0.016345
52540 26.2700 -1.358226 0.015736
52550 26.2750 -1.357350 0.015120
52560 26.2800 -1.356156 0.014301
52570 26.2850 -1.354569 0.013246
52580 26.2900 -1.352734 0.012078
52590 26.2950 -1.350783 0.010895
52600 26.3000 -1.348669 0.009680
52610 26.3050 -1.346466 0.008491
52620 26.3100 -1.344136 0.007318
52630 26.3150 -1.341715 0.006191
52640 26.3200 -1.339177 0.005110
52650 26.3250 -1.336379 0.004037
52660 26.3300 -1.333311 0.003006
52670 26.3350 -1.330083 0.002083
52680 26.3400 -1.326680 0.001292
52690 26.3450 -1.323404 0.000706
52700 26.3500 -1.319888 0.000268
52710 26.3550 -1.316167 0.000023
52720 26.3600 -1.312210 0.000006
52730 26.3650 -1.308222 0.000245
52740 26.3700 -1.304314 0.000729
52750 26.3750 -1.300335 0.001475
52760 26.3800 -1.296268 0.002503
52770 26.3850 -1.291930 0.003894
52780 26.3900 -1.287716 0.005538
52790 26.3950 -1.283730 0.007359
52800 26.4000 -1.279942 0.009329
52810 26.4050 -1.276310 0.011437
52820 26.4100 -1.272794 0.013683
52830 26.4150 -1.269188 0.016195
52840 26.4200 -1.265462 0.019015
52850 26.4250 -1.262054 0.021792
52860 26.4300 -1.258896 0.024535
52870 26.4350 -1.255817 0.027367
52880 26.4400 -1.252998 0.030096
52890 26.4450 -1.250307 0.032823
52900 26.4500 -1.247872 0.035393
52910 26.4550 -1.245827 0.037626
52920 26.4600 -1.243877 0.039819
52930 26.4650 -1.242234 0.041717
52940 26.4700 -1.240914 0.043272
52950 26.4750 -1.239918 0.044466
52960 26.4800 -1.239163 0.045381
52970 26.4850 -1.238752 0.045883
52980 26.4900 -1.238351 0.046375
52990 26.4950 -1.238195 0.046567
53000 26.5000 -1.238238 0.046515
53010 26.5050 -1.238596 0.045123
53020 26.5100 -1.239372 0.044186
53030 26.5150 -1.240342 0.043028
53040 26.5200 -1.241482 0.041687
53050 26.5250 -1.242809 0.040153
53060 26.5300 -1.244524 0.038215
53070 26.5350 -1.246522 0.036015
53080 26.5400 -1.248561 0.033839
53090 26.5450 -1.251111 0.031214
53100 26.5500 -1.253996 0.028373
53110 26.5550 -1.257153 0.025419
53120 26.5600 -1.260278 0.022655
53130 26.5650 -1.263477 0.019992
53140 26.5700 -1.266926 0.017308
53150 26.5750 -1.270409 0.014794
53160 26.5800 -1.273907 0.012469
53170 26.5850 -1.277546 0.010261
53180 26.5900 -1.281236 0.008242
53190 26.5950 -1.284786 0.006509
53200 26.6000 -1.288327 0.004985
53210 26.6050 -1.292141 0.003570
53220 26.6100 -1.296173 0.002330
53230 26.6150 -1.300366 0.001321
53240 26.6200 -1.304477 0.000607
53250 26.6250 -1.308569 0.000167
53260 26.6300 -1.312928 0.000000
53270 26.6350 -1.317435 0.000141
53280 26.6400 -1.321841 0.000599
53290 26.6450 -1.326028 0.001323
53300 26.6500 -1.329935 0.002252
53310 26.6550 -1.333826 0.003421
53320 26.6600 -1.337527 0.004757
53330 26.6650 -1.341030 0.006224
53340 26.6700 -1.344514 0.007878
53350 26.6750 -1.347814 0.009622
53360 26.6800 -1.350889 0.011404
53370 26.6850 -1.353757 0.013202
53380 26.6900 -1.356283 0.014894
53390 26.6950 -1.358395 0.016385
53400 26.7000 -1.360361 0.017838
53410 26.7050 -1.362353 0.019373
53420 26.7100 -1.364416 0.021029
53430 26.7150 -1.366355 0.022647
53440 26.7200 -1.367960 0.024030
53450 26.7250 -1.369175 0.025105
53460 26.7300 -1.369936 0.025791
53470 26.7350 -1.370217 0.026046
53480 26.7400 -1.370250 0.026076
53490 26.7450 -1.370147 0.025982
53500 26.7500 -1.369899 0.025757
53510 26.7550 -1.369724 0.025055
53520 26.7600 -1.369710 0.025042
53530 26.7650 -1.369754 0.025082
53540 26.7700 -1.369733 0.025063
53550 26.7750 -1.369729 0.025059
53560 26.7800 -1.369641 0.024980
53570 26.7850 -1.369300 0.024678
53580 26.7900 -1.368856 0.024285
53590 26.7950 -1.368109 0.023632
53600 26.8000 -1.367126 0.022786
53610 26.8050 -1.365944 0.021790
53620 26.8100 -1.364539 0.020635
53630 26.8150 -1.362843 0.019281
53640 26.8200 -1.360787 0.017702
53650 26.8250 -1.358657 0.016137
53660 26.8300 -1.356307 0.014494
53670 26.8350 -1.353866 0.012879
53680 26.8400 -1.351215 0.011233
53690 26.8450 -1.348312 0.009560
53700 26.8500 -1.345272 0.007951
53710 26.8550 -1.342071 0.006417
53720 26.8600 -1.338851 0.005038
53730 26.8650 -1.335783 0.003879
53740 26.8700 -1.332847 0.002911
53750 26.8750 -1.329936 0.002087
53760 26.8800 -1.326993 0.001392
53770 26.8850 -1.324184 0.000858
53780 26.8900 -1.321473 0.000463
53790 26.8950 -1.318715 0.000183
53800 26.9000 -1.315799 0.000019
53810 26.9050 -1.312889 0.000000
53820 26.9100 -1.310085 0.000095
53830 26.9150 -1.307253 0.000328
53840 26.9200 -1.304603 0.000663
53850 26.9250 -1.302063 0.001091
53860 26.9300 -1.299490 0.001630
53870 26.9350 -1.296863 0.002291
53880 26.9400 -1.294389 0.003016
53890 26.9450 -1.291982 0.003816
53900 26.9500 -1.289589 0.004705
53910 26.9550 -1.287040 0.005753
53920 26.9600 -1.284471 0.006917
53930 26.9650 -1.282037 0.008118
53940 26.9700 -1.279475 0.009486
53950 26.9750 -1.276855 0.010996
53960 26.9800 -1.274353 0.012542
53970 26.9850 -1.271860 0.014183
53980 26.9900 -1.269532 0.015808
53990 26.9950 -1.267172 0.017544
54000 27.0000 -1.264829 0.019358
54010 27.0050 -1.262564 0.020790
54020 27.0100 -1.260319 0.022677
54030 27.0150 -1.258321 0.024426
54040 27.0200 -1.256469 0.026105
54050 27.0250 -1.254725 0.027737
54060 27.0300 -1.253056 0.029347
54070 27.0350 -1.251558 0.030830
54080 27.0400 -1.250208 0.032198
54090 27.0450 -1.248925 0.033526
54100 27.0500 -1.247830 0.034681
54110 27.0550 -1.246943 0.035630
54120 27.0600 -1.246200 0.036435
54130 27.0650 -1.245766 0.036910
54140 27.0700 -1.245745 0.036933
54150 27.0750 -1.245968 0.036688
54160 27.0800 -1.246346 0.036276
54170 27.0850 -1.246911 0.035664
54180 27.0900 -1.247526 0.035004
54190 27.0950 -1.248328 0.034153
54200 27.1000 -1.248889 0.033563
54210 27.1050 -1.249401 0.033030
54220 27.1100 -1.249908 0.032506
54230 27.1150 -1.250343 0.032060
54240 27.1200 -1.250900 0.031493
54250 27.1250 -1.251509 0.030879
54260 27.1300 -1.252139 0.030250
54270 27.1350 -1.252640 0.029755
54280 27.1400 -1.253272 0.029136
54290 27.1450 -1.253875 0.028552
54300 27.1500 -1.254411 0.028037
54310 27.1550 -1.255160 0.027326
54320 27.1600 -1.256127 0.026421
54330 27.1650 -1.257145 0.025486
54340 27.1700 -1.258172 0.024559
54350 27.1750 -1.259369 0.023500
54360 27.1800 -1.260782 0.022281
54370 27.1850 -1.262339 0.020975
54380 27.1900 -1.263953 0.019664
54390 27.1950 -1.265593 0.018374
54400 27.2000 -1.267332 0.017055
54410 27.2050 -1.269194 0.015697
54420 27.2100 -1.271199 0.014298
54430 27.2150 -1.273283 0.012913
54440 27.2200 -1.275421 0.011566
54450 27.2250 -1.277616 0.010261
54460 27.2300 -1.279900 0.008985
54470 27.2350 -1.282608 0.007583
54480 27.2400 -1.285422 0.006252
54490 27.2450 -1.288070 0.005117
54500 27.2500 -1.290493 0.004178
54510 27.2550 -1.292655 0.003346
54520 27.2600 -1.294696 0.002707
54530 27.2650 -1.296722 0.002141
54540 27.2700 -1.298797 0.001629
54550 27.2750 -1.300824 0.001197
54560 27.2800 -1.302722 0.000852
54570 27.2850 -1.304330 0.000606
54580 27.2900 -1.305720 0.000427
54590 27.2950 -1.307063 0.000283
54600 27.3000 -1.308377 0.000171
54610 27.3050 -1.309408 0.000102
54620 27.3100 -1.310376 0.000054
54630 27.3150 -1.311319 0.000021
54640 27.3200 -1.311900 0.000007
54650 27.3250 -1.312283 0.000002
54660 27.3300 -1.312534 0.000000
54670 27.3350 -1.312844 0.000000
54680 27.3400 -1.312938 0.000000
54690 27.3450 -1.312764 0.000000
54700 27.3500 -1.312609 0.000000
54710 27.3550 -1.312308 0.000002
54720 27.3600 -1.311641 0.000013
54730 27.3650 -1.310732 0.000039
54740 27.3700 -1.309779 0.000082
54750 27.3750 -1.308586 0.000156
54760 27.3800 -1.307016 0.000288
54770 27.3850 -1.305266 0.000482
54780 27.3900 -1.303236 0.000769
54790 27.3950 -1.300920 0.001178
54800 27.4000 -1.298254 0.001756
54810 27.4050 -1.295696 0.002419
54820 27.4100 -1.292960 0.003246
54830 27.4150 -1.290013 0.004272
54840 27.4200 -1.286964 0.005482
54850 27.4250 -1.283808 0.006893
54860 27.4300 -1.280747 0.008417
54870 27.4350 -1.277594 0.010145
54880 27.4400 -1.274284 0.012134
54890 27.4450 -1.270706 0.014486
54900 27.4500 -1.267007 0.017135
54910 27.4550 -1.263390 0.019942
54920 27.4600 -1.259962 0.022800
54930 27.4650 -1.256774 0.025630
54940 27.4700 -1.253767 0.028452
54950 27.4750 -1.250786 0.031396
54960 27.4800 -1.247871 0.034415
54970 27.4850 -1.244992 0.037534
54980 27.4900 -1.242109 0.040794
54990 27.4950 -1.239107 0.044334
55000 27.5000 -1.236079 0.048053
55010 27.5050 -1.233153 0.050788
55020 27.5100 -1.230243 0.054606
55030 27.5150 -1.227224 0.058715
55040 27.5200 -1.224246 0.062914
55050 27.5250 -1.221493 0.066926
55060 27.5300 -1.218896 0.070825
55070 27.5350 -1.216455 0.074592
55080 27.5400 -1.214181 0.078190
55090 27.5450 -1.212148 0.081478
55100 27.5500 -1.210539 0.084128
55110 27.5550 -1.209030 0.086653
55120 27.5600 -1.207932 0.088514
55130 27.5650 -1.206868 0.090337
55140 27.5700 -1.206092 0.091677
55150 27.5750 -1.205674 0.092405
55160 27.5800 -1.205547 0.092625
55170 27.5850 -1.205531 0.092653
55180 27.5900 -1.205716 0.092330
55190 27.5950 -1.206224 0.091449
55200 27.6000 -1.206834 0.090395
55210 27.6050 -1.207691 0.088925
55220 27.6100 -1.208574 0.087424
55230 27.6150 -1.209639 0.085629
55240 27.6200 -1.211008 0.083351
55250 27.6250 -1.212302 0.081226
55260 27.6300 -1.213652 0.079038
55270 27.6350 -1.215074 0.076766
55280 27.6400 -1.216617 0.074338
55290 27.6450 -1.218258 0.071800
55300 27.6500 -1.219617 0.069731
55310 27.6550 -1.220905 0.067799
55320 27.6600 -1.222313 0.065718
55330 27.6650 -1.223823 0.063523
55340 27.6700 -1.225574 0.061024
55350 27.6750 -1.227240 0.058692
55360 27.6800 -1.228946 0.056353
55370 27.6850 -1.230443 0.054340
55380 27.6900 -1.232063 0.052202
55390 27.6950 -1.233703 0.050083
55400 27.7000 -1.235336 0.048016
55410 27.7050 -1.236986 0.045973
55420 27.7100 -1.238839 0.043730
55430 27.7150 -1.240641 0.041604
55440 27.7200 -1.242278 0.039719
55450 27.7250 -1.244112 0.037659
55460 27.7300 -1.245899 0.035705
55470 27.7350 -1.247779 0.033705
55480 27.7400 -1.249762 0.031660
55490 27.7450 -1.251719 0.029704
55500 27.7500 -1.253680 0.027806
55510 27.7550 -1.255698 0.025381
55520 27.7600 -1.258008 0.023325
55530 27.7650 -1.260457 0.021241
55540 27.7700 -1.263013 0.019170
55550 27.7750 -1.265443 0.017300
55560 27.7800 -1.267824 0.015562
55570 27.7850 -1.270253 0.013883
55580 27.7900 -1.272844 0.012198
55590 27.7950 -1.275301 0.010702
55600 27.8000 -1.277851 0.009252
55610 27.8050 -1.280740 0.007738
55620 27.8100 -1.283808 0.006278
55630 27.8150 -1.286799 0.005002
55640 27.8200 -1.289794 0.003869
55650 27.8250 -1.292576 0.002948
55660 27.8300 -1.295407 0.002138
55670 27.8350 -1.298161 0.001475
55680 27.8400 -1.301056 0.000910
55690 27.8450 -1.304029 0.000471
55700 27.8500 -1.307018 0.000174
55710 27.8550 -1.309950 0.000021
55720 27.8600 -1.312630 0.000003
55730 27.8650 -1.315183 0.000094
55740 27.8700 -1.317337 0.000252
55750 27.8750 -1.319063 0.000432
55760 27.8800 -1.320579 0.000630
55770 27.8850 -1.322152 0.000874
55780 27.8900 -1.323463 0.001108
55790 27.8950 -1.324510 0.001315
55800 27.9000 -1.325418 0.001509
55810 27.9050 -1.326237 0.001694
55820 27.9100 -1.326713 0.001807
55830 27.9150 -1.326945 0.001864
55840 27.9200 -1.327031 0.001885
55850 27.9250 -1.326951 0.001865
55860 27.9300 -1.326588 0.001777
55870 27.9350 -1.325976 0.001634
55880 27.9400 -1.325205 0.001462
55890 27.9450 -1.324067 0.001225
55900 27.9500 -1.323097 0.001040
55910 27.9550 -1.321956 0.000842
55920 27.9600 -1.320618 0.000636
55930 27.9650 -1.318928 0.000416
55940 27.9700 -1.316864 0.000211
55950 27.9750 -1.314569 0.000063
55960 27.9800 -1.311984 0.000000
55970 27.9850 -1.309341 0.000042
55980 27.9900 -1.306636 0.000204
55990 27.9950 -1.303647 0.000520
56000 28.0000 -1.300470 0.001014
56010 28.0050 -1.297097 0.001692
56020 28.0100 -1.293490 0.002642
56030 28.0150 -1.289737 0.003853
56040 28.0200 -1.285764 0.005385
56050 28.0250 -1.281877 0.007131
56060 28.0300 -1.277847 0.009201
56070 28.0350 -1.273706 0.011603
56080 28.0400 -1.269470 0.014350
56090 28.0450 -1.265208 0.017409
56100 28.0500 -1.260911 0.020792
56110 28.0550 -1.256786 0.024325
56120 28.0600 -1.252683 0.028114
56130 28.0650 -1.248414 0.032350
56140 28.0700 -1.244441 0.036561
56150 28.0750 -1.240646 0.040824
56160 28.0800 -1.236964 0.045187
56170 28.0850 -1.233480 0.049520
56180 28.0900 -1.230372 0.053554
56190 28.0950 -1.227323 0.057666
56200 28.1000 -1.224527 0.061572
56210 28.1050 -1.221761 0.065563
56220 28.1100 -1.219179 0.069401
56230 28.1150 -1.216750 0.073113
56240 28.1200 -1.214318 0.076927
56250 28.1250 -1.211984 0.080679
56260 28.1300 -1.209807 0.084261
56270 28.1350 -1.207656 0.087876
56280 28.1400 -1.205726 0.091185
56290 28.1450 -1.204104 0.094013
56300 28.1500 -1.202677 0.096538
56310 28.1550 -1.201386 0.098851
56320 28.1600 -1.200264 0.100884
56330 28.1650 -1.199331 0.102590
56340 28.1700 -1.198741 0.103676
56350 28.1750 -1.198422 0.104266
56360 28.1800 -1.198031 0.104991
56370 28.1850 -1.197625 0.105748
56380 28.1900 -1.197286 0.106379
56390 28.1950 -1.196967 0.106977
56400 28.2000 -1.196852 0.107193
56410 28.2050 -1.197122 0.106687
56420 28.2100 -1.197641 0.105717
56430 28.2150 -1.198259 0.104567
56440 28.2200 -1.199024 0.103155
56450 28.2250 -1.200058 0.101259
56460 28.2300 -1.201116 0.099338
56470 28.2350 -1.202152 0.097474
56480 28.2400 -1.203356 0.095332
56490 28.2450 -1.204618 0.093112
56500 28.2500 -1.205980 0.090745
56510 28.2550 -1.207443 0.086491
56520 28.2600 -1.208942 0.083989
56530 28.2650 -1.210448 0.081511
56540 28.2700 -1.211883 0.079185
56550 28.2750 -1.213487 0.076627
56560 28.2800 -1.215167 0.073990
56570 28.2850 -1.216960 0.071230
56580 28.2900 -1.218869 0.068347
56590 28.2950 -1.220794 0.065502
56600 28.3000 -1.222847 0.062534
56610 28.3050 -1.225031 0.059453
56620 28.3100 -1.227097 0.056611
56630 28.3150 -1.229010 0.054041
56640 28.3200 -1.231020 0.051407
56650 28.3250 -1.233015 0.048857
56660 28.3300 -1.235093 0.046270
56670 28.3350 -1.236921 0.044053
56680 28.3400 -1.238637 0.042022
56690 28.3450 -1.240434 0.039947
56700 28.3500 -1.242127 0.038040
56710 28.3550 -1.243762 0.036243
56720 28.3600 -1.245355 0.034534
56730 28.3650 -1.247025 0.032787
56740 28.3700 -1.248947 0.030833
56750 28.3750 -1.251110 0.028706
56760 28.3800 -1.253365 0.026570
56770 28.3850 -1.255556 0.024574
56780 28.3900 -1.257593 0.022788
56790 28.3950 -1.259241 0.021393
56800 28.4000 -1.260804 0.020110
56810 28.4050 -1.262487 0.018775
56820 28.4100 -1.264129 0.017515
56830 28.4150 -1.265918 0.016193
56840 28.4200 -1.267464 0.015093
56850 28.4250 -1.268750 0.014207
56860 28.4300 -1.270164 0.013264
56870 28.4350 -1.271549 0.012372
56880 28.4400 -1.272691 0.011659
56890 28.4450 -1.273637 0.011086
56900 28.4500 -1.274444 0.010607
56910 28.4550 -1.275163 0.010191
56920 28.4600 -1.275820 0.009817
56930 28.4650 -1.276164 0.009624
56940 28.4700 -1.276405 0.009490
56950 28.4750 -1.276602 0.009381
56960 28.4800 -1.276791 0.009277
56970 28.4850 -1.277011 0.009157
56980 28.4900 -1.277538 0.008872
56990 28.4950 -1.277936 0.008660
57000 28.5000 -1.278289 0.008475
57010 28.5050 -1.278649 0.008121
57020 28.5100 -1.278958 0.007963
57030 28.5150 -1.279343 0.007769
57040 28.5200 -1.279719 0.007582
57050 28.5250 -1.279794 0.007544
57060 28.5300 -1.279592 0.007645
57070 28.5350 -1.279437 0.007722
57080 28.5400 -1.279155 0.007863
57090 28.5450 -1.278673 0.008109
57100 28.5500 -1.277972 0.008472
57110 28.5550 -1.276929 0.009027
57120 28.5600 -1.275936 0.009572
57130 28.5650 -1.275065 0.010062
57140 28.5700 -1.274203 0.010561
57150 28.5750 -1.273428 0.011019
57160 28.5800 -1.272250 0.011734
57170 28.5850 -1.270597 0.012776
57180 28.5900 -1.268587 0.014102
57190 28.5950 -1.266593 0.015483
57200 28.6000 -1.264525 0.016983
57210 28.6050 -1.262736 0.018337
57220 28.6100 -1.261050 0.019661
57230 28.6150 -1.259429 0.020977
57240 28.6200 -1.257922 0.022240
57250 28.6250 -1.256590 0.023386
57260 28.6300 -1.255360 0.024470
57270 28.6350 -1.254175 0.025539
57280 28.6400 -1.253152 0.026479
57290 28.6450 -1.252272 0.027302
57300 28.6500 -1.251408 0.028122
57310 28.6550 -1.250445 0.029050
57320 28.6600 -1.249318 0.030156
57330 28.6650 -1.248323 0.031150
57340 28.6700 -1.247394 0.032092
57350 28.6750 -1.246447 0.033067
57360 28.6800 -1.245432 0.034129
57370 28.6850 -1.244442 0.035180
57380 28.6900 -1.243542 0.036150
57390 28.6950 -1.242907 0.036842
57400 28.7000 -1.242366 0.037436
57410 28.7050 -1.242026 0.037813
57420 28.7100 -1.241865 0.037991
57430 28.7150 -1.241542 0.038352
57440 28.7200 -1.241197 0.038738
57450 28.7250 -1.240791 0.039195
57460 28.7300 -1.240249 0.039811
57470 28.7350 -1.239827 0.040292
57480 28.7400 -1.239600 0.040553
57490 28.7450 -1.239580 0.040577
57500 28.7500 -1.239654 0.040491
57510 28.7550 -1.239901 0.039419
57520 28.7600 -1.240341 0.038922
57530 28.7650 -1.240934 0.038258
57540 28.7700 -1.241641 0.037473
57550 28.7750 -1.242452 0.036582
57560 28.7800 -1.243261 0.035705
57570 28.7850 -1.244194 0.034707
57580 28.7900 -1.245046 0.033807
57590 28.7950 -1.245841 0.032978
57600 28.8000 -1.246728 0.032066
57610 28.8050 -1.247639 0.031143
57620 28.8100 -1.248576 0.030207
57630 28.8150 -1.249753 0.029052
57640 28.8200 -1.251077 0.027780
57650 28.8250 -1.252416 0.026522
57660 28.8300 -1.253623 0.025413
57670 28.8350 -1.254877 0.024287
57680 28.8400 -1.256047 0.023259
57690 28.8450 -1.257109 0.022345
57700 28.8500 -1.258087 0.021520
57710 28.8550 -1.259131 0.020656
57720 28.8600 -1.260159 0.019823
57730 28.8650 -1.261164 0.019025
57740 28.8700 -1.262310 0.018135
57750 28.8750 -1.263396 0.017311
57760 28.8800 -1.264657 0.016380
57770 28.8850 -1.266022 0.015399
57780 28.8900 -1.267562 0.014330
57790 28.8950 -1.269173 0.013253
57800 28.9000 -1.270775 0.012224
57810 28.9050 -1.272435 0.011202
57820 28.9100 -1.273955 0.010305
57830 28.9150 -1.275586 0.009384
57840 28.9200 -1.277134 0.008550
57850 28.9250 -1.278481 0.007856
57860 28.9300 -1.279634 0.007285
57870 28.9350 -1.280720 0.006767
57880 28.9400 -1.281739 0.006298
57890 28.9450 -1.282857 0.005803
57900 28.9500 -1.284030 0.005306
57910 28.9550 -1.285314 0.004787
57920 28.9600 -1.286805 0.004218
57930 28.9650 -1.288292 0.003686
57940 28.9700 -1.289886 0.003156
57950 28.9750 -1.291456 0.002674
57960 28.9800 -1.292981 0.002243
57970 28.9850 -1.294467 0.001861
57980 28.9900 -1.295752 0.001558
57990 28.9950 -1.296974 0.001295
58000 29.0000 -1.298016 0.001090
58010 29.0050 -1.298860 0.000914
58020 29.0100 -1.299561 0.000796
58030 29.0150 -1.300362 0.000672
58040 29.0200 -1.301036 0.000575
58050 29.0250 -1.301493 0.000514
58060 29.0300 -1.301921 0.000459
58070 29.0350 -1.302080 0.000440
58080 29.0400 -1.302046 0.000444
58090 29.0450 -1.301944 0.000456
58100 29.0500 -1.301924 0.000459
58110 29.0550 -1.301661 0.000492
58120 29.0600 -1.301124 0.000563
58130 29.0650 -1.300464 0.000657
58140 29.0700 -1.299785 0.000760
58150 29.0750 -1.299140 0.000866
58160 29.0800 -1.298314 0.001011
58170 29.0850 -1.297362 0.001191
58180 29.0900 -1.296233 0.001424
58190 29.0950 -1.294867 0.001734
58200 29.1000 -1.293225 0.002146
58210 29.1050 -1.291560 0.002609
58220 29.1100 -1.289926 0.003106
58230 29.1150 -1.288523 0.003567
58240 29.1200 -1.287225 0.004023
58250 29.1250 -1.286245 0.004385
58260 29.1300 -1.285353 0.004727
58270 29.1350 -1.284337 0.005134
58280 29.1400 -1.283377 0.005533
58290 29.1450 -1.282496 0.005913
58300 29.1500 -1.281799 0.006222
58310 29.1550 -1.281052 0.006562
58320 29.1600 -1.280341 0.006894
58330 29.1650 -1.279522 0.007287
58340 29.1700 -1.278576 0.007754
58350 29.1750 -1.277465 0.008321
58360 29.1800 -1.276273 0.008952
58370 29.1850 -1.275096 0.009598
58380 29.1900 -1.273702 0.010391
58390 29.1950 -1.272420 0.011148
58400 29.2000 -1.271437 0.011747
58410 29.2050 -1.270495 0.012336
58420 29.2100 -1.269770 0.012799
58430 29.2150 -1.269041 0.013274
58440 29.2200 -1.268339 0.013738
58450 29.2250 -1.267415 0.014362
58460 29.2300 -1.266359 0.015093
58470 29.2350 -1.265187 0.015925
58480 29.2400 -1.263974 0.016809
58490 29.2450 -1.262804 0.017684
58500 29.2500 -1.261676 0.018550
58510 29.2550 -1.260584 0.019034
58520 29.2600 -1.259652 0.019774
58530 29.2650 -1.258858 0.020416
58540 29.2700 -1.258115 0.021026
58550 29.2750 -1.257408 0.021615
58560 29.2800 -1.256557 0.022335
58570 29.2850 -1.255599 0.023158
58580 29.2900 -1.254532 0.024094
58590 29.2950 -1.253421 0.025088
58600 29.3000 -1.252443 0.025980
58610 29.3050 -1.251648 0.026717
58620 29.3100 -1.250820 0.027494
58630 29.3150 -1.250095 0.028184
58640 29.3200 -1.249435 0.028821
58650 29.3250 -1.248543 0.029691
58660 29.3300 -1.247432 0.030794
58670 29.3350 -1.246182 0.032058
58680 29.3400 -1.244792 0.033495
58690 29.3450 -1.243462 0.034899
58700 29.3500 -1.242173 0.036287
58710 29.3550 -1.241039 0.037531
58720 29.3600 -1.240037 0.038648
58730 29.3650 -1.238875 0.039964
58740 29.3700 -1.237739 0.041271
58750 29.3750 -1.236472 0.042754
58760 29.3800 -1.235133 0.044350
58770 29.3850 -1.233985 0.045742
58780 29.3900 -1.232681 0.047350
58790 29.3950 -1.231277 0.049111
58800 29.4000 -1.229905 0.050864
58810 29.4050 -1.228743 0.052373
58820 29.4100 -1.227712 0.053730
58830 29.4150 -1.226785 0.054966
58840 29.4200 -1.225900 0.056158
58850 29.4250 -1.224930 0.057480
58860 29.4300 -1.223944 0.058840
58870 29.4350 -1.223091 0.060029
58880 29.4400 -1.222310 0.061127
58890 29.4450 -1.221631 0.062092
58900 29.4500 -1.221213 0.062688
58910 29.4550 -1.220582 0.063595
58920 29.4600 -1.219790 0.064743
58930 29.4650 -1.218850 0.066117
58940 29.4700 -1.217745 0.067753
58950 29.4750 -1.216570 0.069514
58960 29.4800 -1.215297 0.071447
58970 29.4850 -1.214030 0.073398
58980 29.4900 -1.212698 0.075477
58990 29.4950 -1.211280 0.077723
59000 29.5000 -1.209810 0.080086
59010 29.5050 -1.208300 0.080989
59020 29.5100 -1.206838 0.083386
59030 29.5150 -1.205393 0.085788
59040 29.5200 -1.203866 0.088365
59050 29.5250 -1.202475 0.090745
59060 29.5300 -1.201046 0.093225
59070 29.5350 -1.199711 0.095571
59080 29.5400 -1.198540 0.097652
59090 29.5450 -1.197524 0.099477
59100 29.5500 -1.196415 0.101489
59110 29.5550 -1.195392 0.103362
59120 29.5600 -1.194128 0.105701
59130 29.5650 -1.192858 0.108076
59140 29.5700 -1.191525 0.110598
59150 29.5750 -1.190011 0.113499
59160 29.5800 -1.188425 0.116578
59170 29.5850 -1.187140 0.119103
59180 29.5900 -1.185796 0.121775
59190 29.5950 -1.184280 0.124821
59200 29.6000 -1.182573 0.128299
59210 29.6050 -1.180880 0.131795
59220 29.6100 -1.179144 0.135429
59230 29.6150 -1.177468 0.138985
59240 29.6200 -1.175781 0.142613
59250 29.6250 -1.174121 0.146228
59260 29.6300 -1.172463 0.149883
59270 29.6350 -1.171002 0.153141
59280 29.6400 -1.169766 0.155926
59290 29.6450 -1.168655 0.158450
59300 29.6500 -1.167589 0.160892
59310 29.6550 -1.166530 0.163338
59320 29.6600 -1.165497 0.165740
59330 29.6650 -1.164515 0.168038
59340 29.6700 -1.163398 0.170675
59350 29.6750 -1.162092 0.173782
59360 29.6800 -1.160614 0.177335
59370 29.6850 -1.159091 0.181032
59380 29.6900 -1.157591 0.184710
59390 29.6950 -1.156191 0.188177
59400 29.7000 -1.154994 0.191169
59410 29.7050 -1.153961 0.193767
59420 29.7100 -1.153189 0.195724
59430 29.7150 -1.152565 0.197311
59440 29.7200 -1.152005 0.198739
59450 29.7250 -1.151541 0.199928
59460 29.7300 -1.151239 0.200706
59470 29.7350 -1.151227 0.200736
59480 29.7400 -1.151419 0.200243
59490 29.7450 -1.151540 0.199931
59500 29.7500 -1.151858 0.199118
59510 29.7550 -1.152326 0.194102
59520 29.7600 -1.153094 0.192176
59530 29.7650 -1.153928 0.190093
59540 29.7700 -1.154808 0.187908
59550 29.7750 -1.156007 0.184951
59560 29.7800 -1.157476 0.181363
59570 29.7850 -1.159192 0.177214
59580 29.7900 -1.161104 0.172649
59590 29.7950 -1.163194 0.167729
59600 29.8000 -1.165324 0.162785
59610 29.8050 -1.167514 0.157782
59620 29.8100 -1.169707 0.152850
59630 29.8150 -1.171861 0.148082
59640 29.8200 -1.173900 0.143639
59650 29.8250 -1.176031 0.139069
59660 29.8300 -1.178303 0.134278
59670 29.8350 -1.180575 0.129571
59680 29.8400 -1.182905 0.124832
59690 29.8450 -1.185167 0.120317
59700 29.8500 -1.187229 0.116272
59710 29.8550 -1.189430 0.112033
59720 29.8600 -1.191656 0.107827
59730 29.8650 -1.193771 0.103903
59740 29.8700 -1.195907 0.100016
59750 29.8750 -1.198052 0.096189
59760 29.8800 -1.200245 0.092351
59770 29.8850 -1.202478 0.088525
59780 29.8900 -1.204616 0.084939
59790 29.8950 -1.206636 0.081618
59800 29.9000 -1.208760 0.078199
59810 29.9050 -1.210791 0.074997
59820 29.9100 -1.212733 0.071999
59830 29.9150 -1.214568 0.069223
59840 29.9200 -1.216153 0.066869
59850 29.9250 -1.217700 0.064610
59860 29.9300 -1.219060 0.062657
59870 29.9350 -1.220201 0.061041
59880 29.9400 -1.221265 0.059555
59890 29.9450 -1.222314 0.058107
59900 29.9500 -1.223363 0.056676
59910 29.9550 -1.224295 0.055420
59920 29.9600 -1.224909 0.054600
59930 29.9650 -1.225485 0.053837
59940 29.9700 -1.225985 0.053179
59950 29.9750 -1.226588 0.052391
59960 29.9800 -1.227132 0.051684
59970 29.9850 -1.227592 0.051091
59980 29.9900 -1.228007 0.050558
59990 29.9950 -1.228403 0.050053
60000 30.0000 -1.228675 0.049707
60010 30.0050 -1.228722 0.048677
60020 30.0100 -1.228780 0.048603
60030 30.0150 -1.228892 0.048463
60040 30.0200 -1.228935 0.048410
60050 30.0250 -1.228770 0.048616
60060 30.0300 -1.228311 0.049194
60070 30.0350 -1.227573 0.050130
60080 30.0400 -1.226804 0.051114
60090 30.0450 -1.225975 0.052186
60100 30.0500 -1.224788 0.053741
60110 30.0550 -1.223329 0.055682
60120 30.0600 -1.221745 0.057830
60130 30.0650 -1.219926 0.060346
60140 30.0700 -1.217801 0.063354
60150 30.0750 -1.215487 0.066713
60160 30.0800 -1.213127 0.070227
60170 30.0850 -1.210710 0.073922
60180 30.0900 -1.208232 0.077808
60190 30.0950 -1.205626 0.082002
60200 30.1000 -1.203056 0.086246
60210 30.1050 -1.200604 0.090398
60220 30.1100 -1.198240 0.094490
60230 30.1150 -1.195847 0.098728
60240 30.1200 -1.193433 0.103096
60250 30.1250 -1.190849 0.107879
60260 30.1300 -1.188261 0.112776
60270 30.1350 -1.185893 0.117355
60280 30.1400 -1.183369 0.122335
60290 30.1450 -1.180881 0.127345
60300 30.1500 -1.178465 0.132309
60310 30.1550 -1.176025 0.137417
60320 30.1600 -1.173619 0.142552
60330 30.1650 -1.171395 0.147380
60340 30.1700 -1.169509 0.151539
60350 30.1750 -1.167794 0.155370
60360 30.1800 -1.166087 0.159233
60370 30.1850 -1.164521 0.162817
60380 30.1900 -1.162902 0.166566
60390 30.1950 -1.161472 0.169912
60400 30.2000 -1.160092 0.173175
60410 30.2050 -1.158848 0.176141
60420 30.2100 -1.157518 0.179342
60430 30.2150 -1.156335 0.182212
60440 30.2200 -1.155300 0.184742
60450 30.2250 -1.154480 0.186759
60460 30.2300 -1.153746 0.188574
60470 30.2350 -1.153187 0.189963
60480 30.2400 -1.152733 0.191094
60490 30.2450 -1.152535 0.191587
60500 30.2500 -1.152587 0.191458
60510 30.2550 -1.152825 0.187205
60520 30.2600 -1.153248 0.186165
60530 30.2650 -1.153836 0.184727
60540 30.2700 -1.154690 0.182646
60550 30.2750 -1.155734 0.180119
60560 30.2800 -1.156930 0.177247
60570 30.2850 -1.158027 0.174632
60580 30.2900 -1.159258 0.171719
60590 30.2950 -1.160489 0.168835
60600 30.3000 -1.161835 0.165705
60610 30.3050 -1.163571 0.161715
60620 30.3100 -1.165595 0.157123
60630 30.3150 -1.167449 0.152976
60640 30.3200 -1.169451 0.148561
60650 30.3250 -1.171511 0.144085
60660 30.3300 -1.173485 0.139859
60670 30.3350 -1.175546 0.135515
60680 30.3400 -1.177723 0.131002
60690 30.3450 -1.179755 0.126858
60700 30.3500 -1.181699 0.122957
60710 30.3550 -1.183642 0.119119
60720 30.3600 -1.185574 0.115361
60730 30.3650 -1.187638 0.111416
60740 30.3700 -1.189706 0.107530
60750 30.3750 -1.191638 0.103963
60760 30.3800 -1.193508 0.100568
60770 30.3850 -1.195569 0.096891
60780 30.3900 -1.197758 0.093062
60790 30.3950 -1.200074 0.089096
60800 30.4000 -1.202170 0.085581
60810 30.4050 -1.204152 0.082321
60820 30.4100 -1.205947 0.079424
60830 30.4150 -1.207642 0.076736
60840 30.4200 -1.209462 0.073901
60850 30.4250 -1.211400 0.070942
60860 30.4300 -1.213441 0.067891
60870 30.4350 -1.215635 0.064685
60880 30.4400 -1.217563 0.061932
60890 30.4450 -1.219163 0.059693
60900 30.4500 -1.220589 0.057733
60910 30.4550 -1.222218 0.055533
60920 30.4600 -1.223893 0.053316
60930 30.4650 -1.225708 0.050965
60940 30.4700 -1.227609 0.048558
60950 30.4750 -1.229623 0.046073
60960 30.4800 -1.231737 0.043534
60970 30.4850 -1.233697 0.041245
60980 30.4900 -1.235513 0.039178
60990 30.4950 -1.237193 0.037314
61000 30.5000 -1.238634 0.035751
61010 30.5050 -1.239874 0.033821
61020 30.5100 -1.241079 0.032576
61030 30.5150 -1.241957 0.031683
61040 30.5200 -1.242638 0.031000
61050 30.5250 -1.243096 0.030543
61060 30.5300 -1.243307 0.030334
61070 30.5350 -1.243478 0.030166
61080 30.5400 -1.243641 0.030005
61090 30.5450 -1.243657 0.029990
61100 30.5500 -1.243369 0.030274
61110 30.5550 -1.242740 0.030898
61120 30.5600 -1.241841 0.031800
61130 30.5650 -1.240558 0.033111
61140 30.5700 -1.239155 0.034575
61150 30.5750 -1.237752 0.036070
61160 30.5800 -1.236380 0.037562
61170 30.5850 -1.234724 0.039405
61180 30.5900 -1.232867 0.041523
61190 30.5950 -1.230875 0.043857
61200 30.6000 -1.228595 0.046606
61210 30.6050 -1.226251 0.049519
61220 30.6100 -1.223796 0.052667
61230 30.6150 -1.221113 0.056217
61240 30.6200 -1.218399 0.059926
61250 30.6250 -1.215381 0.064188
61260 30.6300 -1.212123 0.068956
61270 30.6350 -1.208778 0.074028
61280 30.6400 -1.205463 0.079234
61290 30.6450 -1.202024 0.084820
61300 30.6500 -1.198303 0.091081
61310 30.6550 -1.194315 0.098038
61320 30.6600 -1.190149 0.105582
61330 30.6650 -1.185783 0.113787
61340 30.6700 -1.181309 0.122515
61350 30.6750 -1.177088 0.131048
61360 30.6800 -1.172871 0.139860
61370 30.6850 -1.168995 0.148212
61380 30.6900 -1.165114 0.156819
61390 30.6950 -1.161061 0.166069
61400 30.7000 -1.157087 0.175398
61410 30.7050 -1.153192 0.184789
61420 30.7100 -1.149383 0.194209
61430 30.7150 -1.145797 0.203294
61440 30.7200 -1.142554 0.211689
61450 30.7250 -1.139477 0.219813
61460 30.7300 -1.136442 0.227977
61470 30.7350 -1.133745 0.235357
61480 30.7400 -1.131029 0.242907
61490 30.7450 -1.128493 0.250064
61500 30.7500 -1.126066 0.257013
61510 30.7550 -1.123818 0.258605
61520 30.7600 -1.121814 0.264393
61530 30.7650 -1.120167 0.269200
61540 30.7700 -1.118862 0.273037
61550 30.7750 -1.117721 0.276413
61560 30.7800 -1.116685 0.279497
61570 30.7850 -1.115709 0.282421
61580 30.7900 -1.115034 0.284449
61590 30.7950 -1.114794 0.285174
61600 30.8000 -1.115094 0.284269
61610 30.8050 -1.115620 0.282686
61620 30.8100 -1.116250 0.280799
61630 30.8150 -1.116818 0.279100
61640 30.8200 -1.117443 0.277240
61650 30.8250 -1.118130 0.275202
61660 30.8300 -1.118861 0.273038
61670 30.8350 -1.119659 0.270689
61680 30.8400 -1.120399 0.268519
61690 30.8450 -1.121201 0.266178
61700 30.8500 -1.121991 0.263881
61710 30.8550 -1.122759 0.261657
61720 30.8600 -1.123711 0.258913
61730 30.8650 -1.124712 0.256045
61740 30.8700 -1.125882 0.252711
61750 30.8750 -1.127069 0.249354
61760 30.8800 -1.128331 0.245807
61770 30.8850 -1.129575 0.242335
61780 30.8900 -1.130867 0.238755
61790 30.8950 -1.132115 0.235323
61800 30.9000 -1.133314 0.232051
61810 30.9050 -1.134357 0.229222
61820 30.9100 -1.135187 0.226982
61830 30.9150 -1.136040 0.224694
61840 30.9200 -1.136952 0.222258
61850 30.9250 -1.137951 0.219607
61860 30.9300 -1.138929 0.217026
61870 30.9350 -1.139809 0.214718
61880 30.9400 -1.140807 0.212113
61890 30.9450 -1.141812 0.209507
61900 30.9500 -1.142705 0.207206
61910 30.9550 -1.143379 0.205476
61920 30.9600 -1.143786 0.204436
61930 30.9650 -1.144158 0.203487
61940 30.9700 -1.144584 0.202401
61950 30.9750 -1.144913 0.201566
61960 30.9800 -1.145248 0.200719
61970 30.9850 -1.145596 0.199839
61980 30.9900 -1.145974 0.198886
61990 30.9950 -1.146529 0.197489
62000 31.0000 -1.147024 0.196251
62010 31.0050 -1.147456 0.191585
62020 31.0100 -1.147967 0.190331
62030 31.0150 -1.148605 0.188769
62040 31.0200 -1.149167 0.187399
62050 31.0250 -1.149870 0.185692
62060 31.0300 -1.150526 0.184107
62070 31.0350 -1.151066 0.182807
62080 31.0400 -1.151684 0.181324
62090 31.0450 -1.152516 0.179338
62100 31.0500 -1.153547 0.176891
62110 31.0550 -1.154561 0.174503
62120 31.0600 -1.155685 0.171872
62130 31.0650 -1.157006 0.168809
62140 31.0700 -1.158427 0.165542
62150 31.0750 -1.160014 0.161933
62160 31.0800 -1.161608 0.158347
62170 31.0850 -1.163133 0.154952
62180 31.0900 -1.164757 0.151381
62190 31.0950 -1.166473 0.147651
62200 31.1000 -1.168179 0.143989
62210 31.1050 -1.170043 0.140038
62220 31.1100 -1.171932 0.136094
62230 31.1150 -1.173718 0.132414
62240 31.1200 -1.175380 0.129036
62250 31.1250 -1.177068 0.125650
62260 31.1300 -1.178653 0.122513
62270 31.1350 -1.180158 0.119568
62280 31.1400 -1.181718 0.116554
62290 31.1450 -1.183368 0.113410
62300 31.1500 -1.184842 0.110637
62310 31.1550 -1.186226 0.108065
62320 31.1600 -1.187603 0.105533
62330 31.1650 -1.188934 0.103118
62340 31.1700 -1.190192 0.100860
62350 31.1750 -1.191313 0.098868
62360 31.1800 -1.192492 0.096796
62370 31.1850 -1.193854 0.094427
62380 31.1900 -1.195207 0.092105
62390 31.1950 -1.196413 0.090059
62400 31.2000 -1.197416 0.088375
62410 31.2050 -1.198284 0.086931
62420 31.2100 -1.198983 0.085776
62430 31.2150 -1.199743 0.084529
62440 31.2200 -1.200362 0.083521
62450 31.2250 -1.200889 0.082667
62460 31.2300 -1.201417 0.081816
62470 31.2350 -1.202024 0.080843
62480 31.2400 -1.202618 0.079895
62490 31.2450 -1.203155 0.079045
62500 31.2500 -1.203603 0.078339
62510 31.2550 -1.203850 0.076556
62520 31.2600 -1.203982 0.076351
62530 31.2650 -1.204065 0.076223
62540 31.2700 -1.204069 0.076217
62550 31.2750 -1.203688 0.076808
62560 31.2800 -1.203198 0.077572
62570 31.2850 -1.202458 0.078733
62580 31.2900 -1.201622 0.080055
62590 31.2950 -1.200751 0.081445
62600 31.3000 -1.200051 0.082570
62610 31.3050 -1.199375 0.083665
62620 31.3100 -1.198474 0.085133
62630 31.3150 -1.197319 0.087035
62640 31.3200 -1.196026 0.089189
62650 31.3250 -1.194523 0.091727
62660 31.3300 -1.192904 0.094501
62670 31.3350 -1.190918 0.097958
62680 31.3400 -1.188879 0.101574
62690 31.3450 -1.186761 0.105398
62700 31.3500 -1.184596 0.109381
62710 31.3550 -1.182345 0.113600
62720 31.3600 -1.180239 0.117621
62730 31.3650 -1.178269 0.121445
62740 31.3700 -1.176307 0.125314
62750 31.3750 -1.174422 0.129087
62760 31.3800 -1.172500 0.132995
62770 31.3850 -1.170564 0.136987
62780 31.3900 -1.168578 0.141146
62790 31.3950 -1.166560 0.145435
62800 31.4000 -1.164433 0.150024
62810 31.4050 -1.162151 0.155027
62820 31.4100 -1.159786 0.160300
62830 31.4150 -1.157556 0.165351
62840 31.4200 -1.155431 0.170238
62850 31.4250 -1.153395 0.174989
62860 31.4300 -1.151353 0.179815
62870 31.4350 -1.149322 0.184685
62880 31.4400 -1.147301 0.189593
62890 31.4450 -1.145254 0.194630
62900 31.4500 -1.143275 0.199561
62910 31.4550 -1.141605 0.203772
62920 31.4600 -1.139888 0.208146
62930 31.4650 -1.138066 0.212840
62940 31.4700 -1.136226 0.217632
62950 31.4750 -1.134501 0.222173
62960 31.4800 -1.132640 0.227124
62970 31.4850 -1.130941 0.231692
62980 31.4900 -1.129354 0.236000
62990 31.4950 -1.127862 0.240087
63000 31.5000 -1.126407 0.244106
63010 31.5050 -1.125153 0.243003
63020 31.5100 -1.123840 0.246626
63030 31.5150 -1.122236 0.251090
63040 31.5200 -1.120739 0.255292
63050 31.5250 -1.119242 0.259527
63060 31.5300 -1.117741 0.263812
63070 31.5350 -1.116401 0.267662
63080 31.5400 -1.115414 0.270519
63090 31.5450 -1.114507 0.273156
63100 31.5500 -1.113834 0.275121
63110 31.5550 -1.113138 0.277161
63120 31.5600 -1.112461 0.279152
63130 31.5650 -1.111991 0.280539
63140 31.5700 -1.112028 0.280429
63150 31.5750 -1.112302 0.279620
63160 31.5800 -1.112755 0.278286
63170 31.5850 -1.113291 0.276711
63180 31.5900 -1.114135 0.274242
63190 31.5950 -1.115132 0.271336
63200 31.6000 -1.116343 0.267832
63210 31.6050 -1.117733 0.263835
63220 31.6100 -1.119300 0.259363
63230 31.6150 -1.120924 0.254771
63240 31.6200 -1.122487 0.250388
63250 31.6250 -1.124085 0.245948
63260 31.6300 -1.125622 0.241715
63270 31.6350 -1.127015 0.237907
63280 31.6400 -1.128374 0.234223
63290 31.6450 -1.129861 0.230225
63300 31.6500 -1.131367 0.226212
63310 31.6550 -1.132899 0.222164
63320 31.6600 -1.134514 0.217935
63330 31.6650 -1.136145 0.213708
63340 31.6700 -1.137831 0.209381
63350 31.6750 -1.139495 0.205153
63360 31.6800 -1.141186 0.200898
63370 31.6850 -1.142862 0.196729
63380 31.6900 -1.144572 0.192518
63390 31.6950 -1.146326 0.188244
63400 31.7000 -1.148076 0.184030
63410 31.7050 -1.149888 0.179717
63420 31.7100 -1.151785 0.175254
63430 31.7150 -1.153603 0.171031
63440 31.7200 -1.155504 0.166670
63450 31.7250 -1.157498 0.162156
63460 31.7300 -1.159526 0.157627
63470 31.7350 -1.161582 0.153102
63480 31.7400 -1.163697 0.148515
63490 31.7450 -1.166030 0.143538
63500 31.7500 -1.168224 0.138933
63510 31.7550 -1.170384 0.132010
63520 31.7600 -1.172493 0.127777
63530 31.7650 -1.174646 0.123525
63540 31.7700 -1.176845 0.119259
63550 31.7750 -1.178932 0.115278
63560 31.7800 -1.180924 0.111540
63570 31.7850 -1.182985 0.107740
63580 31.7900 -1.185305 0.103538
63590 31.7950 -1.187544 0.099565
63600 31.8000 -1.189840 0.095569
63610 31.8050 -1.191956 0.091959
63620 31.8100 -1.193869 0.088757
63630 31.8150 -1.195719 0.085711
63640 31.8200 -1.197333 0.083099
63650 31.8250 -1.198591 0.081091
63660 31.8300 -1.199747 0.079268
63670 31.8350 -1.200750 0.077703
63680 31.8400 -1.201816 0.076056
63690 31.8450 -1.202716 0.074679
63700 31.8500 -1.203330 0.073747
63710 31.8550 -1.203654 0.073257
63720 31.8600 -1.203600 0.073339
63730 31.8650 -1.203231 0.073897
63740 31.8700 -1.202533 0.074957
63750 31.8750 -1.201505 0.076533
63760 31.8800 -1.200358 0.078312
63770 31.8850 -1.198911 0.080584
63780 31.8900 -1.197293 0.083164
63790 31.8950 -1.195417 0.086206
63800 31.9000 -1.193696 0.089043
63810 31.9050 -1.191889 0.092073
63820 31.9100 -1.190244 0.094875
63830 31.9150 -1.188561 0.097784
63840 31.9200 -1.186841 0.100803
63850 31.9250 -1.184980 0.104122
63860 31.9300 -1.182941 0.107821
63870 31.9350 -1.180742 0.111880
63880 31.9400 -1.178490 0.116115
63890 31.9450 -1.176180 0.120541
63900 31.9500 -1.173967 0.124858
63910 31.9550 -1.171649 0.129462
63920 31.9600 -1.169320 0.134172
63930 31.9650 -1.166832 0.139295
63940 31.9700 -1.164415 0.144363
63950 31.9750 -1.162054 0.149403
63960 31.9800 -1.159684 0.154548
63970 31.9850 -1.157429 0.159522
63980 31.9900 -1.155428 0.164003
63990 31.9950 -1.153431 0.168538
64000 32.0000 -1.151457 0.173078
64010 32.0050 -1.149460 0.174522
64020 32.0100 -1.147550 0.178973
64030 32.0150 -1.146158 0.182255
64040 32.0200 -1.144818 0.185442
64050 32.0250 -1.143522 0.188548
64060 32.0300 -1.142109 0.191967
64070 32.0350 -1.140689 0.195432
64080 32.0400 -1.139012 0.199563
64090 32.0450 -1.137444 0.203466
64100 32.0500 -1.135787 0.207630
64110 32.0550 -1.134023 0.212110
64120 32.0600 -1.132333 0.216445
64130 32.0650 -1.130858 0.220266
64140 32.0700 -1.129391 0.224099
64150 32.0750 -1.128065 0.227590
64160 32.0800 -1.126885 0.230720
64170 32.0850 -1.125792 0.233638
64180 32.0900 -1.124938 0.235932
64190 32.0950 -1.124195 0.237936
64200 32.1000 -1.123645 0.239423
64210 32.1050 -1.123348 0.240230
64220 32.1100 -1.123099 0.240905
64230 32.1150 -1.122815 0.241680
64240 32.1200 -1.122547 0.242409
64250 32.1250 -1.122368 0.242898
64260 32.1300 -1.122266 0.243178
64270 32.1350 -1.122148 0.243499
64280 32.1400 -1.122055 0.243754
64290 32.1450 -1.121990 0.243932
64300 32.1500 -1.122208 0.243334
64310 32.1550 -1.122620 0.242211
64320 32.1600 -1.123152 0.240763
64330 32.1650 -1.123685 0.239315
64340 32.1700 -1.124319 0.237600
64350 32.1750 -1.125133 0.235406
64360 32.1800 -1.125970 0.233162
64370 32.1850 -1.126851 0.230810
64380 32.1900 -1.127921 0.227971
64390 32.1950 -1.129128 0.224789
64400 32.2000 -1.130228 0.221906
64410 32.2050 -1.131338 0.219018
64420 32.2100 -1.132559 0.215862
64430 32.2150 -1.133970 0.212244
64440 32.2200 -1.135434 0.208522
64450 32.2250 -1.136843 0.204971
64460 32.2300 -1.138202 0.201574
64470 32.2350 -1.139406 0.198588
64480 32.2400 -1.140537 0.195804
64490 32.2450 -1.141844 0.192609
64500 32.2500 -1.143490 0.188625
64510 32.2550 -1.145314 0.180874
64520 32.2600 -1.147251 0.176353
64530 32.2650 -1.149327 0.171571
64540 32.2700 -1.151294 0.167099
64550 32.2750 -1.153050 0.163157
64560 32.2800 -1.154994 0.158846
64570 32.2850 -1.156885 0.154710
64580 32.2900 -1.158678 0.150837
64590 32.2950 -1.160529 0.146891
64600 32.3000 -1.162443 0.142865
64610 32.3050 -1.164254 0.139108
64620 32.3100 -1.166234 0.135055
64630 32.3150 -1.168167 0.131157
64640 32.3200 -1.169989 0.127534
64650 32.3250 -1.171753 0.124075
64660 32.3300 -1.173532 0.120635
64670 32.3350 -1.175364 0.117142
64680 32.3400 -1.177011 0.114046
64690 32.3450 -1.178777 0.110773
64700 32.3500 -1.180391 0.107821
64710 32.3550 -1.181966 0.104981
64720 32.3600 -1.183509 0.102234
64730 32.3650 -1.185262 0.099156
64740 32.3700 -1.187191 0.095825
64750 32.3750 -1.188879 0.092958
64760 32.3800 -1.190556 0.090150
64770 32.3850 -1.192203 0.087434
64780 32.3900 -1.193663 0.085063
64790 32.3950 -1.194723 0.083361
64800 32.4000 -1.195726 0.081767
64810 32.4050 -1.196651 0.080309
64820 32.4100 -1.197794 0.078528
64830 32.4150 -1.198848 0.076901
64840 32.4200 -1.199649 0.075677
64850 32.4250 -1.200122 0.074959
64860 32.4300 -1.200404 0.074533
64870 32.4350 -1.200556 0.074303
64880 32.4400 -1.200713 0.074067
64890 32.4450 -1.200858 0.073847
64900 32.4500 -1.200855 0.073852
64910 32.4550 -1.200730 0.074041
64920 32.4600 -1.200303 0.074686
64930 32.4650 -1.199895 0.075303
64940 32.4700 -1.199463 0.075961
64950 32.4750 -1.199019 0.076640
64960 32.4800 -1.198679 0.077161
64970 32.4850 -1.198298 0.077747
64980 32.4900 -1.197852 0.078437
64990 32.4950 -1.197591 0.078843
65000 32.5000 -1.197224 0.079413
65010 32.5050 -1.196852 0.078569
65020 32.5100 -1.196313 0.079406
65030 32.5150 -1.195864 0.080107
65040 32.5200 -1.195309 0.080978
65050 32.5250 -1.194969 0.081514
65060 32.5300 -1.194511 0.082238
65070 32.5350 -1.193886 0.083231
65080 32.5400 -1.193358 0.084074
65090 32.5450 -1.192799 0.084973
65100 32.5500 -1.192068 0.086155
65110 32.5550 -1.191303 0.087401
65120 32.5600 -1.190516 0.088690
65130 32.5650 -1.189488 0.090390
65140 32.5700 -1.188317 0.092346
65150 32.5750 -1.187356 0.093967
65160 32.5800 -1.186312 0.095743
65170 32.5850 -1.185362 0.097374
65180 32.5900 -1.184543 0.098791
65190 32.5950 -1.183593 0.100448
65200 32.6000 -1.182593 0.102207
65210 32.6050 -1.181611 0.103948
65220 32.6100 -1.180634 0.105696
65230 32.6150 -1.179568 0.107620
65240 32.6200 -1.178546 0.109479
65250 32.6250 -1.177606 0.111203
65260 32.6300 -1.176676 0.112924
65270 32.6350 -1.175540 0.115042
65280 32.6400 -1.174229 0.117511
65290 32.6450 -1.173012 0.119827
65300 32.6500 -1.171876 0.122007
65310 32.6550 -1.170655 0.124374
65320 32.6600 -1.169525 0.126585
65330 32.6650 -1.168452 0.128701
65340 32.6700 -1.167271 0.131053
65350 32.6750 -1.165847 0.133914
65360 32.6800 -1.164362 0.136932
65370 32.6850 -1.162786 0.140170
65380 32.6900 -1.161302 0.143255
65390 32.6950 -1.159862 0.146280
65400 32.7000 -1.158771 0.148592
65410 32.7050 -1.157771 0.150728
65420 32.7100 -1.156755 0.152913
65430 32.7150 -1.155880 0.154807
65440 32.7200 -1.155258 0.156160
65450 32.7250 -1.154671 0.157444
65460 32.7300 -1.154167 0.158549
65470 32.7350 -1.153814 0.159325
65480 32.7400 -1.153428 0.160176
65490 32.7450 -1.153061 0.160988
65500 32.7500 -1.152725 0.161734
65510 32.7550 -1.152561 0.159183
65520 32.7600 -1.152447 0.159433
65530 32.7650 -1.152628 0.159036
65540 32.7700 -1.152932 0.158370
65550 32.7750 -1.153517 0.157093
65560 32.7800 -1.154124 0.155771
65570 32.7850 -1.154556 0.154835
65580 32.7900 -1.154862 0.154174
65590 32.7950 -1.155470 0.152862
65600 32.8000 -1.156342 0.150992
65610 32.8050 -1.157239 0.149081
65620 32.8100 -1.158117 0.147222
65630 32.8150 -1.158885 0.145605
65640 32.8200 -1.159888 0.143507
65650 32.8250 -1.160818 0.141574
65660 32.8300 -1.161856 0.139433
65670 32.8350 -1.163030 0.137030
65680 32.8400 -1.164314 0.134427
65690 32.8450 -1.165634 0.131776
65700 32.8500 -1.166967 0.129127
65710 32.8550 -1.168385 0.126338
65720 32.8600 -1.169880 0.123429
65730 32.8650 -1.171353 0.120598
65740 32.8700 -1.172602 0.118220
65750 32.8750 -1.173642 0.116260
65760 32.8800 -1.174831 0.114038
65770 32.8850 -1.176057 0.111771
65780 32.8900 -1.177124 0.109815
65790 32.8950 -1.178093 0.108053
65800 32.9000 -1.179020 0.106382
65810 32.9050 -1.179837 0.104920
65820 32.9100 -1.180572 0.103614
65830 32.9150 -1.181121 0.102643
65840 32.9200 -1.181372 0.102200
65850 32.9250 -1.181493 0.101987
65860 32.9300 -1.181522 0.101937
65870 32.9350 -1.181586 0.101823
65880 32.9400 -1.181580 0.101834
65890 32.9450 -1.181372 0.102200
65900 32.9500 -1.180946 0.102951
65910 32.9550 -1.180412 0.103897
65920 32.9600 -1.180044 0.104550
65930 32.9650 -1.179595 0.105353
65940 32.9700 -1.179185 0.106087
65950 32.9750 -1.178753 0.106863
65960 32.9800 -1.178239 0.107790
65970 32.9850 -1.177759 0.108660
65980 32.9900 -1.177285 0.109521
65990 32.9950 -1.177033 0.109981
66000 33.0000 -1.176661 0.110661
66010 33.0050 -1.176300 0.109328
66020 33.0100 -1.175847 0.110154
66030 33.0150 -1.175412 0.110949
66040 33.0200 -1.174919 0.111853
66050 33.0250 -1.174371 0.112864
66060 33.0300 -1.173828 0.113868
66070 33.0350 -1.173181 0.115071
66080 33.0400 -1.172621 0.116117
66090 33.0450 -1.171728 0.117796
66100 33.0500 -1.170658 0.119823
66110 33.0550 -1.169594 0.121856
66120 33.0600 -1.168640 0.123692
66130 33.0650 -1.167789 0.125342
66140 33.0700 -1.166776 0.127320
66150 33.0750 -1.165698 0.129442
66160 33.0800 -1.164481 0.131859
66170 33.0850 -1.163445 0.133934
66180 33.0900 -1.162501 0.135839
66190 33.0950 -1.161504 0.137865
66200 33.1000 -1.160201 0.140535
66210 33.1050 -1.158926 0.143173
66220 33.1100 -1.157625 0.145889
66230 33.1150 -1.156488 0.148284
66240 33.1200 -1.155266 0.150880
66250 33.1250 -1.154053 0.153478
66260 33.1300 -1.153020 0.155709
66270 33.1350 -1.152123 0.157659
66280 33.1400 -1.151375 0.159294
66290 33.1450 -1.150769 0.160625
66300 33.1500 -1.150511 0.161191
66310 33.1550 -1.150324 0.161604
66320 33.1600 -1.149934 0.162466
66330 33.1650 -1.149636 0.163127
66340 33.1700 -1.149485 0.163462
66350 33.1750 -1.149773 0.162824
66360 33.1800 -1.150543 0.161121
66370 33.1850 -1.151477 0.159069
66380 33.1900 -1.152598 0.156623
66390 33.1950 -1.153795 0.154033
66400 33.2000 -1.155007 0.151432
66410 33.2050 -1.156374 0.148524
66420 33.2100 -1.157704 0.145724
66430 33.2150 -1.159098 0.142816
66440 33.2200 -1.160418 0.140088
66450 33.2250 -1.161613 0.137642
66460 33.2300 -1.162788 0.135257
66470 33.2350 -1.164204 0.132412
66480 33.2400 -1.165699 0.129441
66490 33.2450 -1.167126 0.126635
66500 33.2500 -1.168445 0.124069
66510 33.2550 -1.169734 0.119384
66520 33.2600 -1.171011 0.116978
66530 33.2650 -1.172264 0.114639
66540 33.2700 -1.173158 0.112984
66550 33.2750 -1.173674 0.112035
66560 33.2800 -1.174092 0.111269
66570 33.2850 -1.174486 0.110549
66580 33.2900 -1.174837 0.109910
66590 33.2950 -1.175317 0.109039
66600 33.3000 -1.175915 0.107959
66610 33.3050 -1.176602 0.106724
66620 33.3100 -1.177309 0.105461
66630 33.3150 -1.178146 0.103975
66640 33.3200 -1.179166 0.102178
66650 33.3250 -1.180153 0.100455
66660 33.3300 -1.180964 0.099050
66670 33.3350 -1.181719 0.097750
66680 33.3400 -1.182524 0.096375
66690 33.3450 -1.183212 0.095206
66700 33.3500 -1.183799 0.094214
66710 33.3550 -1.184102 0.093706
66720 33.3600 -1.184391 0.093220
66730 33.3650 -1.184549 0.092956
66740 33.3700 -1.184509 0.093024
66750 33.3750 -1.184362 0.093269
66760 33.3800 -1.183938 0.093980
66770 33.3850 -1.183117 0.095367
66780 33.3900 -1.182383 0.096615
66790 33.3950 -1.181555 0.098032
66800 33.4000 -1.180853 0.099241
66810 33.4050 -1.180241 0.100302
66820 33.4100 -1.179651 0.101330
66830 33.4150 -1.178976 0.102512
66840 33.4200 -1.178326 0.103656
66850 33.4250 -1.177615 0.104917
66860 33.4300 -1.176915 0.106163
66870 33.4350 -1.176352 0.107173
66880 33.4400 -1.175862 0.108054
66890 33.4450 -1.175504 0.108700
66900 33.4500 -1.174967 0.109674
66910 33.4550 -1.174420 0.110669
66920 33.4600 -1.173720 0.111951
66930 33.4650 -1.172968 0.113334
66940 33.4700 -1.172233 0.114696
66950 33.4750 -1.171496 0.116069
66960 33.4800 -1.170588 0.117771
66970 33.4850 -1.169372 0.120071
66980 33.4900 -1.167890 0.122904
66990 33.4950 -1.166566 0.125462
67000 33.5000 -1.165397 0.127742
67010 33.5050 -1.164653 0.126890
67020 33.5100 -1.164465 0.127257
67030 33.5150 -1.164557 0.127078
67040 33.5200 -1.164642 0.126910
67050 33.5250 -1.164639 0.126918
67060 33.5300 -1.164780 0.126643
67070 33.5350 -1.164861 0.126484
67080 33.5400 -1.164843 0.126521
67090 33.5450 -1.164881 0.126446
67100 33.5500 -1.164896 0.126416
67110 33.5550 -1.164917 0.126376
67120 33.5600 -1.164859 0.126489
67130 33.5650 -1.164833 0.126539
67140 33.5700 -1.164758 0.126685
67150 33.5750 -1.164665 0.126866
67160 33.5800 -1.164548 0.127094
67170 33.5850 -1.164455 0.127275
67180 33.5900 -1.164316 0.127547
67190 33.5950 -1.164028 0.128110
67200 33.6000 -1.163606 0.128939
67210 33.6050 -1.163306 0.129529
67220 33.6100 -1.163023 0.130085
67230 33.6150 -1.162660 0.130804
67240 33.6200 -1.162374 0.131370
67250 33.6250 -1.162105 0.131903
67260 33.6300 -1.161969 0.132173
67270 33.6350 -1.161868 0.132375
67280 33.6400 -1.161962 0.132188
67290 33.6450 -1.162128 0.131858
67300 33.6500 -1.162220 0.131676
67310 33.6550 -1.162515 0.131090
67320 33.6600 -1.162926 0.130277
67330 33.6650 -1.163366 0.129410
67340 33.6700 -1.163955 0.128253
67350 33.6750 -1.164693 0.126813
67360 33.6800 -1.165592 0.125065
67370 33.6850 -1.166615 0.123094
67380 33.6900 -1.167619 0.121175
67390 33.6950 -1.168592 0.119329
67400 33.7000 -1.169675 0.117290
67410 33.7050 -1.170937 0.114936
67420 33.7100 -1.171963 0.113041
67430 33.7150 -1.173007 0.111128
67440 33.7200 -1.174245 0.108880
67450 33.7250 -1.175728 0.106218
67460 33.7300 -1.177412 0.103236
67470 33.7350 -1.179158 0.100186
67480 33.7400 -1.181061 0.096916
67490 33.7450 -1.183070 0.093522
67500 33.7500 -1.185168 0.090041
67510 33.7550 -1.187139 0.085232
67520 33.7600 -1.189141 0.082064
67530 33.7650 -1.191008 0.079164
67540 33.7700 -1.193104 0.075969
67550 33.7750 -1.195175 0.072877
67560 33.7800 -1.197139 0.070004
67570 33.7850 -1.199029 0.067293
67580 33.7900 -1.200836 0.064752
67590 33.7950 -1.202682 0.062205
67600 33.8000 -1.204583 0.059635
67610 33.8050 -1.206308 0.057351
67620 33.8100 -1.207972 0.055189
67630 33.8150 -1.209725 0.052957
67640 33.8200 -1.211422 0.050840
67650 33.8250 -1.213054 0.048844
67660 33.8300 -1.214535 0.047066
67670 33.8350 -1.215846 0.045521
67680 33.8400 -1.217025 0.044153
67690 33.8450 -1.218365 0.042624
67700 33.8500 -1.219748 0.041073
67710 33.8550 -1.221038 0.039653
67720 33.8600 -1.222128 0.038471
67730 33.8650 -1.223317 0.037204
67740 33.8700 -1.224492 0.035972
67750 33.8750 -1.225419 0.035014
67760 33.8800 -1.226326 0.034089
67770 33.8850 -1.227214 0.033197
67780 33.8900 -1.228134 0.032284
67790 33.8950 -1.229202 0.031239
67800 33.9000 -1.230265 0.030217
67810 33.9050 -1.231178 0.029353
67820 33.9100 -1.232164 0.028434
67830 33.9150 -1.233007 0.027659
67840 33.9200 -1.233787 0.026952
67850 33.9250 -1.234505 0.026309
67860 33.9300 -1.235186 0.025707
67870 33.9350 -1.235693 0.025262
67880 33.9400 -1.236136 0.024877
67890 33.9450 -1.236593 0.024483
67900 33.9500 -1.236781 0.024322
67910 33.9550 -1.236820 0.024288
67920 33.9600 -1.236620 0.024460
67930 33.9650 -1.236474 0.024586
67940 33.9700 -1.236203 0.024819
67950 33.9750 -1.235675 0.025278
67960 33.9800 -1.235039 0.025836
67970 33.9850 -1.234327 0.026467
67980 33.9900 -1.233591 0.027129
67990 33.9950 -1.232836 0.027815
68000 34.0000 -1.232062 0.028528
68010 34.0050 -1.231230 0.021405
68020 34.0100 -1.230459 0.022127
68030 34.0150 -1.230036 0.022527
68040 34.0200 -1.229601 0.022941
68050 34.0250 -1.228872 0.023642
68060 34.0300 -1.227884 0.024604
68070 34.0350 -1.226748 0.025728
68080 34.0400 -1.225632 0.026851
68090 34.0450 -1.224431 0.028082
68100 34.0500 -1.223121 0.029447
68110 34.0550 -1.221660 0.031001
68120 34.0600 -1.220245 0.032536
68130 34.0650 -1.218930 0.033989
68140 34.0700 -1.217433 0.035676
68150 34.0750 -1.215738 0.037625
68160 34.0800 -1.213927 0.039755
68170 34.0850 -1.211913 0.042183
68180 34.0900 -1.209778 0.044821
68190 34.0950 -1.207507 0.047703
68200 34.1000 -1.205043 0.050918
68210 34.1050 -1.202556 0.054253
68220 34.1100 -1.200081 0.057664
68230 34.1150 -1.197642 0.061115
68240 34.1200 -1.194926 0.065064
68250 34.1250 -1.192120 0.069257
68260 34.1300 -1.189139 0.073842
68270 34.1350 -1.186021 0.078779
68280 34.1400 -1.182684 0.084224
68290 34.1450 -1.179343 0.089841
68300 34.1500 -1.175850 0.095890
68310 34.1550 -1.172370 0.102099
68320 34.1600 -1.169192 0.107925
68330 34.1650 -1.166007 0.113916
68340 34.1700 -1.162902 0.119901
68350 34.1750 -1.159959 0.125706
68360 34.1800 -1.157260 0.131145
68370 34.1850 -1.154681 0.136440
68380 34.1900 -1.152002 0.142048
68390 34.1950 -1.149442 0.147504
68400 34.2000 -1.147000 0.152800
68410 34.2050 -1.144772 0.157710
68420 34.2100 -1.142489 0.162816
68430 34.2150 -1.140301 0.167782
68440 34.2200 -1.138124 0.172795
68450 34.2250 -1.136017 0.177713
68460 34.2300 -1.134077 0.182297
68470 34.2350 -1.132314 0.186514
68480 34.2400 -1.130608 0.190636
68490 34.2450 -1.129199 0.194075
68500 34.2500 -1.127911 0.197243
68510 34.2550 -1.126643 0.182667
68520 34.2600 -1.125557 0.185343
68530 34.2650 -1.124737 0.187375
68540 34.2700 -1.124067 0.189041
68550 34.2750 -1.123542 0.190353
68560 34.2800 -1.123345 0.190845
68570 34.2850 -1.123299 0.190959
68580 34.2900 -1.123519 0.190410
68590 34.2950 -1.123810 0.189682
68600 34.3000 -1.124138 0.188865
68610 34.3050 -1.124475 0.188026
68620 34.3100 -1.124963 0.186813
68630 34.3150 -1.125554 0.185349
68640 34.3200 -1.126159 0.183857
68650 34.3250 -1.126666 0.182610
68660 34.3300 -1.127100 0.181545
68670 34.3350 -1.127637 0.180234
68680 34.3400 -1.128235 0.178775
68690 34.3450 -1.128808 0.177383
68700 34.3500 -1.129648 0.175354
68710 34.3550 -1.130607 0.173046
68720 34.3600 -1.131638 0.170583
68730 34.3650 -1.132804 0.167816
68740 34.3700 -1.134152 0.164641
68750 34.3750 -1.135643 0.161159
68760 34.3800 -1.137292 0.157346
68770 34.3850 -1.139003 0.153432
68780 34.3900 -1.140932 0.149073
68790 34.3950 -1.142748 0.145017
68800 34.4000 -1.144522 0.141103
68810 34.4050 -1.146322 0.137179
68820 34.4100 -1.148246 0.133036
68830 34.4150 -1.150266 0.128745
68840 34.4200 -1.152323 0.124437
68850 34.4250 -1.154373 0.120206
68860 34.4300 -1.156281 0.116324
68870 34.4350 -1.158343 0.112188
68880 34.4400 -1.160521 0.107889
68890 34.4450 -1.162727 0.103605
68900 34.4500 -1.164874 0.099504
68910 34.4550 -1.166920 0.095659
68920 34.4600 -1.169336 0.091198
68930 34.4650 -1.171709 0.086900
68940 34.4700 -1.174284 0.082332
68950 34.4750 -1.177090 0.077462
68960 34.4800 -1.179784 0.072898
68970 34.4850 -1.182515 0.068381
68980 34.4900 -1.185359 0.063794
68990 34.4950 -1.188423 0.058986
69000 34.5000 -1.191534 0.054244
69010 34.5050 -1.194507 0.049239
69020 34.5100 -1.197552 0.044916
69030 34.5150 -1.200494 0.040869
69040 34.5200 -1.203317 0.037106
69050 34.5250 -1.205903 0.033762
69060 34.5300 -1.208250 0.030812
69070 34.5350 -1.210605 0.027935
69080 34.5400 -1.212808 0.025318
69090 34.5450 -1.214848 0.022958
69100 34.5500 -1.216788 0.020772
69110 34.5550 -1.218597 0.018783
69120 34.5600 -1.220407 0.016842
69130 34.5650 -1.221885 0.015292
69140 34.5700 -1.223181 0.013960
69150 34.5750 -1.224130 0.013002
69160 34.5800 -1.224709 0.012422
69170 34.5850 -1.224954 0.012179
69180 34.5900 -1.225019 0.012115
69190 34.5950 -1.224767 0.012365
69200 34.6000 -1.224318 0.012812
69210 34.6050 -1.223752 0.013381
69220 34.6100 -1.223214 0.013927
69230 34.6150 -1.222577 0.014578
69240 34.6200 -1.221674 0.015512
69250 34.6250 -1.220524 0.016718
69260 34.6300 -1.219228 0.018101
69270 34.6350 -1.217792 0.019662
69280 34.6400 -1.216126 0.021512
69290 34.6450 -1.214328 0.023554
69300 34.6500 -1.212436 0.025755
69310 34.6550 -1.210516 0.028042
69320 34.6600 -1.208506 0.030496
69330 34.6650 -1.206123 0.033482
69340 34.6700 -1.203885 0.036362
69350 34.6750 -1.201749 0.039181
69360 34.6800 -1.199688 0.041965
69370 34.6850 -1.197728 0.044671
69380 34.6900 -1.195774 0.047425
69390 34.6950 -1.193652 0.050479
69400 34.7000 -1.191530 0.053600
69410 34.7050 -1.189359 0.056861
69420 34.7100 -1.187396 0.059871
69430 34.7150 -1.185478 0.062865
69440 34.7200 -1.183641 0.065786
69450 34.7250 -1.181948 0.068520
69460 34.7300 -1.180190 0.071405
69470 34.7350 -1.178231 0.074673
69480 34.7400 -1.176106 0.078281
69490 34.7450 -1.173994 0.081934
69500 34.7500 -1.171894 0.085633
69510 34.7550 -1.170080 0.087733
69520 34.7600 -1.168519 0.090537
69530 34.7650 -1.166950 0.093390
69540 34.7700 -1.165362 0.096315
69550 34.7750 -1.163763 0.099298
69560 34.7800 -1.162254 0.102147
69570 34.7850 -1.160729 0.105062
69580 34.7900 -1.159313 0.107797
69590 34.7950 -1.157910 0.110538
69600 34.8000 -1.156616 0.113090
69610 34.8050 -1.155468 0.115376
69620 34.8100 -1.154355 0.117608
69630 34.8150 -1.153449 0.119441
69640 34.8200 -1.152889 0.120579
69650 34.8250 -1.152511 0.121350
69660 34.8300 -1.152138 0.122112
69670 34.8350 -1.151943 0.122511
69680 34.8400 -1.151863 0.122676
69690 34.8450 -1.151892 0.122618
69700 34.8500 -1.151934 0.122530
69710 34.8550 -1.152035 0.122323
69720 34.8600 -1.152022 0.122350
69730 34.8650 -1.152304 0.121773
69740 34.8700 -1.152573 0.121223
69750 34.8750 -1.152572 0.121226
69760 34.8800 -1.152395 0.121586
69770 34.8850 -1.151992 0.122412
69780 34.8900 -1.151358 0.123715
69790 34.8950 -1.150593 0.125293
69800 34.9000 -1.149784 0.126974
69810 34.9050 -1.149128 0.128342
69820 34.9100 -1.148416 0.129835
69830 34.9150 -1.147736 0.131270
69840 34.9200 -1.147043 0.132736
69850 34.9250 -1.146284 0.134350
69860 34.9300 -1.145633 0.135742
69870 34.9350 -1.145151 0.136777
69880 34.9400 -1.144966 0.137174
69890 34.9450 -1.144709 0.137729
69900 34.9500 -1.144558 0.138054
69910 34.9550 -1.144490 0.138202
69920 34.9600 -1.144420 0.138353
69930 34.9650 -1.144498 0.138184
69940 34.9700 -1.144630 0.137900
69950 34.9750 -1.144912 0.137293
69960 34.9800 -1.145102 0.136884
69970 34.9850 -1.145139 0.136804
69980 34.9900 -1.145149 0.136783
69990 34.9950 -1.145379 0.136287
70000 35.0000 -1.145535 0.135954
70010 35.0050 -1.145761 0.133553
70020 35.0100 -1.146095 0.132846
70030 35.0150 -1.146367 0.132272
70040 35.0200 -1.146440 0.132120
70050 35.0250 -1.146624 0.131731
70060 35.0300 -1.147050 0.130838
70070 35.0350 -1.147808 0.129252
70080 35.0400 -1.148735 0.127323
70090 35.0450 -1.149560 0.125618
70100 35.0500 -1.150359 0.123974
70110 35.0550 -1.151263 0.122129
70120 35.0600 -1.152286 0.120053
70130 35.0650 -1.153261 0.118088
70140 35.0700 -1.154407 0.115798
70150 35.0750 -1.155549 0.113535
70160 35.0800 -1.156694 0.111284
70170 35.0850 -1.158056 0.108631
70180 35.0900 -1.159594 0.105668
70190 35.0950 -1.161256 0.102507
70200 35.1000 -1.163195 0.098867
70210 35.1050 -1.165557 0.094508
70220 35.1100 -1.168182 0.089761
70230 35.1150 -1.170830 0.085073
70240 35.1200 -1.173714 0.080083
70250 35.1250 -1.176598 0.075215
70260 35.1300 -1.179513 0.070418
70270 35.1350 -1.182314 0.065926
70280 35.1400 -1.184790 0.062050
70290 35.1450 -1.187254 0.058282
70300 35.1500 -1.189750 0.054557
70310 35.1550 -1.192106 0.051123
70320 35.1600 -1.194209 0.048127
70330 35.1650 -1.196184 0.045373
70340 35.1700 -1.198141 0.042699
70350 35.1750 -1.200116 0.040058
70360 35.1800 -1.201784 0.037872
70370 35.1850 -1.203129 0.036139
70380 35.1900 -1.204154 0.034837
70390 35.1950 -1.204859 0.033950
70400 35.2000 -1.205372 0.033308
70410 35.2050 -1.205806 0.032769
70420 35.2100 -1.205878 0.032680
70430 35.2150 -1.205766 0.032819
70440 35.2200 -1.205465 0.033193
70450 35.2250 -1.205168 0.033563
70460 35.2300 -1.204951 0.033834
70470 35.2350 -1.204598 0.034277
70480 35.2400 -1.204062 0.034953
70490 35.2450 -1.203256 0.035978
70500 35.2500 -1.202303 0.037201
70510 35.2550 -1.201355 0.038003
70520 35.2600 -1.200333 0.039333
70530 35.2650 -1.199188 0.040840
70540 35.2700 -1.198119 0.042264
70550 35.2750 -1.197039 0.043720
70560 35.2800 -1.195992 0.045148
70570 35.2850 -1.194902 0.046653
70580 35.2900 -1.193753 0.048257
70590 35.2950 -1.192575 0.049920
70600 35.3000 -1.191442 0.051541
70610 35.3050 -1.190296 0.053198
70620 35.3100 -1.189067 0.054997
70630 35.3150 -1.188029 0.056534
70640 35.3200 -1.186926 0.058184
70650 35.3250 -1.185736 0.059984
70660 35.3300 -1.184458 0.061941
70670 35.3350 -1.182975 0.064241
70680 35.3400 -1.181433 0.066667
70690 35.3450 -1.180031 0.068903
70700 35.3500 -1.178721 0.071019
70710 35.3550 -1.177444 0.073105
70720 35.3600 -1.176242 0.075090
70730 35.3650 -1.175256 0.076735
70740 35.3700 -1.174428 0.078126
70750 35.3750 -1.173624 0.079487
70760 35.3800 -1.172835 0.080832
70770 35.3850 -1.172136 0.082031
70780 35.3900 -1.171593 0.082967
70790 35.3950 -1.171120 0.083785
70800 35.4000 -1.170719 0.084484
70810 35.4050 -1.170513 0.084841
70820 35.4100 -1.170471 0.084915
70830 35.4150 -1.170505 0.084856
70840 35.4200 -1.170409 0.085024
70850 35.4250 -1.170420 0.085004
70860 35.4300 -1.170455 0.084942
70870 35.4350 -1.170727 0.084469
70880 35.4400 -1.171171 0.083697
70890 35.4450 -1.171649 0.082870
70900 35.4500 -1.172093 0.082105
70910 35.4550 -1.172561 0.081302
70920 35.4600 -1.172967 0.080606
70930 35.4650 -1.173490 0.079715
70940 35.4700 -1.174047 0.078770
70950 35.4750 -1.174595 0.077844
70960 35.4800 -1.175155 0.076903
70970 35.4850 -1.175794 0.075836
70980 35.4900 -1.176474 0.074706
70990 35.4950 -1.176856 0.074073
71000 35.5000 -1.177207 0.073494
71010 35.5050 -1.177547 0.066894
71020 35.5100 -1.177817 0.066456
71030 35.5150 -1.178101 0.065995
71040 35.5200 -1.178363 0.065572
71050 35.5250 -1.178477 0.065388
71060 35.5300 -1.178169 0.065886
71070 35.5350 -1.177712 0.066626
71080 35.5400 -1.177296 0.067302
71090 35.5450 -1.176917 0.067921
71100 35.5500 -1.176540 0.068539
71110 35.5550 -1.176083 0.069289
71120 35.5600 -1.175636 0.070027
71130 35.5650 -1.175048 0.071000
71140 35.5700 -1.174224 0.072374
71150 35.5750 -1.173423 0.073721
71160 35.5800 -1.172630 0.075062
71170 35.5850 -1.171962 0.076199
71180 35.5900 -1.171291 0.077348
71190 35.5950 -1.170689 0.078383
71200 35.6000 -1.170081 0.079436
71210 35.6050 -1.169694 0.080106
71220 35.6100 -1.169520 0.080410
71230 35.6150 -1.169174 0.081014
71240 35.6200 -1.168622 0.081981
71250 35.6250 -1.167999 0.083077
71260 35.6300 -1.167347 0.084231
71270 35.6350 -1.166730 0.085327
71280 35.6400 -1.166365 0.085980
71290 35.6450 -1.166062 0.086522
71300 35.6500 -1.165915 0.086785
71310 35.6550 -1.165581 0.087386
71320 35.6600 -1.165104 0.088246
71330 35.6650 -1.164606 0.089148
71340 35.6700 -1.164188 0.089907
71350 35.6750 -1.163817 0.090583
71360 35.6800 -1.163619 0.090946
71370 35.6850 -1.163425 0.091299
71380 35.6900 -1.163062 0.091967
71390 35.6950 -1.162798 0.092451
71400 35.7000 -1.162646 0.092732
71410 35.7050 -1.162401 0.093184
71420 35.7100 -1.162179 0.093594
71430 35.7150 -1.161875 0.094156
71440 35.7200 -1.161574 0.094715
71450 35.7250 -1.161268 0.095285
71460 35.7300 -1.160822 0.096115
71470 35.7350 -1.160403 0.096900
71480 35.7400 -1.159935 0.097780
71490 35.7450 -1.159423 0.098745
71500 35.7500 -1.159000 0.099546
71510 35.7550 -1.158564 0.099070
71520 35.7600 -1.157770 0.100570
71530 35.7650 -1.156992 0.102046
71540 35.7700 -1.156376 0.103222
71550 35.7750 -1.155569 0.104773
71560 35.7800 -1.154406 0.107021
71570 35.7850 -1.153106 0.109558
71580 35.7900 -1.151755 0.112222
71590 35.7950 -1.150421 0.114877
71600 35.8000 -1.149201 0.117328
71610 35.8050 -1.148096 0.119566
71620 35.8100 -1.146931 0.121947
71630 35.8150 -1.145662 0.124560
71640 35.8200 -1.144396 0.127192
71650 35.8250 -1.143138 0.129828
71660 35.8300 -1.142319 0.131558
71670 35.8350 -1.141530 0.133234
71680 35.8400 -1.140580 0.135263
71690 35.8450 -1.139701 0.137151
71700 35.8500 -1.138918 0.138843
71710 35.8550 -1.138087 0.140650
71720 35.8600 -1.137375 0.142204
71730 35.8650 -1.136605 0.143893
71740 35.8700 -1.135616 0.146076
71750 35.8750 -1.134626 0.148276
71760 35.8800 -1.133802 0.150118
71770 35.8850 -1.133008 0.151902
71780 35.8900 -1.132038 0.154093
71790 35.8950 -1.130982 0.156495
71800 35.9000 -1.130063 0.158598
71810 35.9050 -1.129243 0.160483
71820 35.9100 -1.128391 0.162453
71830 35.9150 -1.127492 0.164546
71840 35.9200 -1.126495 0.166877
71850 35.9250 -1.125586 0.169015
71860 35.9300 -1.124678 0.171166
71870 35.9350 -1.123811 0.173226
71880 35.9400 -1.122784 0.175683
71890 35.9450 -1.121723 0.178239
71900 35.9500 -1.120819 0.180429
71910 35.9550 -1.120231 0.181860
71920 35.9600 -1.119844 0.182803
71930 35.9650 -1.119596 0.183411
71940 35.9700 -1.119547 0.183529
71950 35.9750 -1.119617 0.183359
71960 35.9800 -1.119868 0.182744
71970 35.9850 -1.120172 0.182004
71980 35.9900 -1.120672 0.180786
71990 35.9950 -1.121141 0.179648
72000 36.0000 -1.121720 0.178246
72010 36.0050 -1.122590 0.173580
72020 36.0100 -1.123545 0.171319
72030 36.0150 -1.124469 0.169145
72040 36.0200 -1.125352 0.167080
72050 36.0250 -1.126269 0.164948
72060 36.0300 -1.127079 0.163071
72070 36.0350 -1.127831 0.161341
72080 36.0400 -1.128550 0.159691
72090 36.0450 -1.129325 0.157922
72100 36.0500 -1.130217 0.155899
72110 36.0550 -1.131246 0.153576
72120 36.0600 -1.132396 0.151000
72130 36.0650 -1.133576 0.148377
72140 36.0700 -1.134714 0.145864
72150 36.0750 -1.135926 0.143209
72160 36.0800 -1.137284 0.140261
72170 36.0850 -1.139016 0.136537
72180 36.0900 -1.140898 0.132540
72190 36.0950 -1.142751 0.128653
72200 36.1000 -1.144713 0.124593
72210 36.1050 -1.146998 0.119933
72220 36.1100 -1.149420 0.115077
72230 36.1150 -1.151908 0.110175
72240 36.1200 -1.154405 0.105345
72250 36.1250 -1.156698 0.100988
72260 36.1300 -1.158975 0.096737
72270 36.1350 -1.161325 0.092429
72280 36.1400 -1.163600 0.088332
72290 36.1450 -1.165665 0.084678
72300 36.1500 -1.167636 0.081248
72310 36.1550 -1.169670 0.077768
72320 36.1600 -1.171714 0.074330
72330 36.1650 -1.173690 0.071062
72340 36.1700 -1.175759 0.067702
72350 36.1750 -1.177671 0.064652
72360 36.1800 -1.179419 0.061911
72370 36.1850 -1.180901 0.059619
72380 36.1900 -1.182418 0.057307
72390 36.1950 -1.183703 0.055375
72400 36.2000 -1.184733 0.053843
72410 36.2050 -1.185586 0.052587
72420 36.2100 -1.186277 0.051576
72430 36.2150 -1.186774 0.050853
72440 36.2200 -1.187342 0.050031
72450 36.2250 -1.187579 0.049691
72460 36.2300 -1.187702 0.049514
72470 36.2350 -1.187695 0.049524
72480 36.2400 -1.187578 0.049692
72490 36.2450 -1.187381 0.049976
72500 36.2500 -1.187113 0.050362
72510 36.2550 -1.186828 0.050195
72520 36.2600 -1.186431 0.050765
72530 36.2650 -1.186032 0.051341
72540 36.2700 -1.185656 0.051887
72550 36.2750 -1.185390 0.052275
72560 36.2800 -1.185116 0.052675
72570 36.2850 -1.185053 0.052766
72580 36.2900 -1.185145 0.052632
72590 36.2950 -1.185520 0.052085
72600 36.3000 -1.185974 0.051426
72610 36.3050 -1.186583 0.050547
72620 36.3100 -1.187138 0.049749
72630 36.3150 -1.187459 0.049291
72640 36.3200 -1.187757 0.048866
72650 36.3250 -1.188233 0.048190
72660 36.3300 -1.188625 0.047636
72670 36.3350 -1.188938 0.047196
72680 36.3400 -1.189301 0.046686
72690 36.3450 -1.189714 0.046110
72700 36.3500 -1.189990 0.045724
72710 36.3550 -1.190084 0.045594
72720 36.3600 -1.189904 0.045845
72730 36.3650 -1.189587 0.046287
72740 36.3700 -1.189253 0.046753
72750 36.3750 -1.188762 0.047443
72760 36.3800 -1.188229 0.048196
72770 36.3850 -1.187571 0.049131
72780 36.3900 -1.186774 0.050272
72790 36.3950 -1.185942 0.051472
72800 36.4000 -1.184998 0.052847
72810 36.4050 -1.183972 0.054356
72820 36.4100 -1.182849 0.056024
72830 36.4150 -1.181723 0.057714
72840 36.4200 -1.180452 0.059646
72850 36.4250 -1.179251 0.061490
72860 36.4300 -1.178110 0.063264
72870 36.4350 -1.176974 0.065047
72880 36.4400 -1.175914 0.066728
72890 36.4450 -1.174599 0.068836
72900 36.4500 -1.173151 0.071186
72910 36.4550 -1.171802 0.073402
72920 36.4600 -1.170250 0.075984
72930 36.4650 -1.168398 0.079111
72940 36.4700 -1.166503 0.082363
72950 36.4750 -1.164529 0.085803
72960 36.4800 -1.162409 0.089561
72970 36.4850 -1.160415 0.093154
72980 36.4900 -1.158482 0.096692
72990 36.4950 -1.156431 0.100506
73000 36.5000 -1.154306 0.104520
73010 36.5050 -1.152104 0.107340
73020 36.5100 -1.149686 0.112016
73030 36.5150 -1.146873 0.117562
73040 36.5200 -1.143995 0.123351
73050 36.5250 -1.141096 0.129302
73060 36.5300 -1.138283 0.135190
73070 36.5350 -1.135683 0.140736
73080 36.5400 -1.133155 0.146220
73090 36.5450 -1.130711 0.151607
73100 36.5500 -1.128382 0.156823
73110 36.5550 -1.126211 0.161752
73120 36.5600 -1.124147 0.166500
73130 36.5650 -1.122047 0.171397
73140 36.5700 -1.120250 0.175636
73150 36.5750 -1.118974 0.178672
73160 36.5800 -1.117982 0.181051
73170 36.5850 -1.117189 0.182960
73180 36.5900 -1.116587 0.184417
73190 36.5950 -1.116037 0.185754
73200 36.6000 -1.115351 0.187425
73210 36.6050 -1.114585 0.189300
73220 36.6100 -1.113941 0.190880
73230 36.6150 -1.113314 0.192428
73240 36.6200 -1.112888 0.193481
73250 36.6250 -1.112817 0.193656
73260 36.6300 -1.113013 0.193172
73270 36.6350 -1.113737 0.191383
73280 36.6400 -1.114871 0.188598
73290 36.6450 -1.116283 0.185156
73300 36.6500 -1.118021 0.180956
73310 36.6550 -1.119891 0.176487
73320 36.6600 -1.121982 0.171549
73330 36.6650 -1.124324 0.166092
73340 36.6700 -1.126621 0.160815
73350 36.6750 -1.128791 0.155900
73360 36.6800 -1.131105 0.150732
73370 36.6850 -1.133491 0.145486
73380 36.6900 -1.135965 0.140129
73390 36.6950 -1.138432 0.134876
73400 36.7000 -1.141198 0.129089
73410 36.7050 -1.144080 0.123178
73420 36.7100 -1.146837 0.117631
73430 36.7150 -1.149434 0.112509
73440 36.7200 -1.152073 0.107400
73450 36.7250 -1.154734 0.102352
73460 36.7300 -1.157397 0.097399
73470 36.7350 -1.159898 0.092840
73480 36.7400 -1.162215 0.088697
73490 36.7450 -1.164594 0.084524
73500 36.7500 -1.167050 0.080300
73510 36.7550 -1.169293 0.075560
73520 36.7600 -1.171541 0.071878
73530 36.7650 -1.173561 0.068633
73540 36.7700 -1.175354 0.065799
73550 36.7750 -1.177075 0.063124
73560 36.7800 -1.178716 0.060613
73570 36.7850 -1.180232 0.058327
73580 36.7900 -1.181596 0.056298
73590 36.7950 -1.182990 0.054252
73600 36.8000 -1.184235 0.052449
73610 36.8050 -1.185345 0.050859
73620 36.8100 -1.186221 0.049618
73630 36.8150 -1.186795 0.048810
73640 36.8200 -1.187414 0.047945
73650 36.8250 -1.188173 0.046891
73660 36.8300 -1.188802 0.046023
73670 36.8350 -1.189211 0.045462
73680 36.8400 -1.189586 0.044950
73690 36.8450 -1.189978 0.044417
73700 36.8500 -1.190278 0.044011
73710 36.8550 -1.190502 0.043708
73720 36.8600 -1.190538 0.043658
73730 36.8650 -1.190466 0.043756
73740 36.8700 -1.190390 0.043858
73750 36.8750 -1.190202 0.044113
73760 36.8800 -1.189848 0.044593
73770 36.8850 -1.189514 0.045049
73780 36.8900 -1.189194 0.045486
73790 36.8950 -1.188939 0.045835
73800 36.9000 -1.188345 0.046652
73810 36.9050 -1.187548 0.047757
73820 36.9100 -1.186703 0.048940
73830 36.9150 -1.185668 0.050401
73840 36.9200 -1.184979 0.051382
73850 36.9250 -1.184477 0.052101
73860 36.9300 -1.183931 0.052887
73870 36.9350 -1.183402 0.053653
73880 36.9400 -1.183021 0.054207
73890 36.9450 -1.182914 0.054364
73900 36.9500 -1.182888 0.054402
73910 36.9550 -1.182948 0.054314
73920 36.9600 -1.182900 0.054384
73930 36.9650 -1.182711 0.054659
73940 36.9700 -1.182215 0.055387
73950 36.9750 -1.181793 0.056007
73960 36.9800 -1.181270 0.056780
73970 36.9850 -1.180577 0.057812
73980 36.9900 -1.180014 0.058654
73990 36.9950 -1.179468 0.059475
74000 37.0000 -1.178799 0.060487
74010 37.0050 -1.178033 0.060932
74020 37.0100 -1.177380 0.061923
74030 37.0150 -1.176793 0.062821
74040 37.0200 -1.176006 0.064031
74050 37.0250 -1.174975 0.065630
74060 37.0300 -1.173819 0.067442
74070 37.0350 -1.172740 0.069148
74080 37.0400 -1.171761 0.070712
74090 37.0450 -1.170837 0.072201
74100 37.0500 -1.170039 0.073497
74110 37.0550 -1.169336 0.074645
74120 37.0600 -1.168679 0.075725
74130 37.0650 -1.168177 0.076554
74140 37.0700 -1.167721 0.077310
74150 37.0750 -1.167185 0.078204
74160 37.0800 -1.166526 0.079307
74170 37.0850 -1.165651 0.080781
74180 37.0900 -1.164823 0.082188
74190 37.0950 -1.164145 0.083346
74200 37.1000 -1.163376 0.084668
74210 37.1050 -1.162636 0.085948
74220 37.1100 -1.161981 0.087087
74230 37.1150 -1.161393 0.088114
74240 37.1200 -1.160799 0.089158
74250 37.1250 -1.160238 0.090147
74260 37.1300 -1.159588 0.091301
74270 37.1350 -1.159016 0.092321
74280 37.1400 -1.158272 0.093653
74290 37.1450 -1.157548 0.094958
74300 37.1500 -1.156871 0.096185
74310 37.1550 -1.156060 0.097663
74320 37.1600 -1.155196 0.099249
74330 37.1650 -1.154506 0.100522
74340 37.1700 -1.153808 0.101817
74350 37.1750 -1.153198 0.102956
74360 37.1800 -1.152989 0.103346
74370 37.1850 -1.152854 0.103599
74380 37.1900 -1.152898 0.103516
74390 37.1950 -1.153010 0.103307
74400 37.2000 -1.153021 0.103286
74410 37.2050 -1.153143 0.103059
74420 37.2100 -1.153524 0.102346
74430 37.2150 -1.154012 0.101439
74440 37.2200 -1.154271 0.100957
74450 37.2250 -1.154485 0.100561
74460 37.2300 -1.154767 0.100039
74470 37.2350 -1.155026 0.099561
74480 37.2400 -1.154956 0.099691
74490 37.2450 -1.154696 0.100170
74500 37.2500 -1.154398 0.100721
74510 37.2550 -1.154104 0.099966
74520 37.2600 -1.153747 0.100624
74530 37.2650 -1.153488 0.101101
74540 37.2700 -1.153234 0.101570
74550 37.2750 -1.152795 0.102384
74560 37.2800 -1.152300 0.103305
74570 37.2850 -1.151686 0.104452
74580 37.2900 -1.150925 0.105881
74590 37.2950 -1.150133 0.107376
74600 37.3000 -1.149366 0.108834
74610 37.3050 -1.148506 0.110477
74620 37.3100 -1.147684 0.112059
74630 37.3150 -1.146963 0.113453
74640 37.3200 -1.146281 0.114781
74650 37.3250 -1.145319 0.116663
74660 37.3300 -1.144242 0.118784
74670 37.3350 -1.142936 0.121379
74680 37.3400 -1.141545 0.124171
74690 37.3450 -1.139923 0.127461
74700 37.3500 -1.138522 0.130333
74710 37.3550 -1.137135 0.133203
74720 37.3600 -1.135780 0.136035
74730 37.3650 -1.134536 0.138657
74740 37.3700 -1.133419 0.141028
74750 37.3750 -1.132112 0.143828
74760 37.3800 -1.130781 0.146704
74770 37.3850 -1.129348 0.149826
74780 37.3900 -1.127714 0.153424
74790 37.3950 -1.125897 0.157471
74800 37.4000 -1.123966 0.161821
74810 37.4050 -1.121978 0.166354
74820 37.4100 -1.120042 0.170825
74830 37.4150 -1.118161 0.175218
74840 37.4200 -1.116060 0.180186
74850 37.4250 -1.113953 0.185231
74860 37.4300 -1.111973 0.190029
74870 37.4350 -1.110154 0.194486
74880 37.4400 -1.108258 0.199180
74890 37.4450 -1.106539 0.203480
74900 37.4500 -1.104829 0.207803
74910 37.4550 -1.103068 0.212295
74920 37.4600 -1.101512 0.216302
74930 37.4650 -1.100118 0.219920
74940 37.4700 -1.098751 0.223496
74950 37.4750 -1.097446 0.226934
74960 37.4800 -1.096352 0.229834
74970 37.4850 -1.095512 0.232075
74980 37.4900 -1.094718 0.234199
74990 37.4950 -1.094009 0.236104
75000 37.5000 -1.093252 0.238146
75010 37.5050 -1.092449 0.236675
75020 37.5100 -1.091601 0.238950
75030 37.5150 -1.090849 0.240978
75040 37.5200 -1.090089 0.243033
75050 37.5250 -1.089095 0.245735
75060 37.5300 -1.087925 0.248931
75070 37.5350 -1.086817 0.251977
75080 37.5400 -1.085710 0.255036
75090 37.5450 -1.084522 0.258339
75100 37.5500 -1.083314 0.261718
75110 37.5550 -1.081835 0.265882
75120 37.5600 -1.080129 0.270725
75130 37.5650 -1.078525 0.275315
75140 37.5700 -1.077071 0.279508
75150 37.5750 -1.075553 0.283915
75160 37.5800 -1.074145 0.288033
75170 37.5850 -1.072780 0.292051
75180 37.5900 -1.071555 0.295679
75190 37.5950 -1.070719 0.298170
75200 37.6000 -1.069849 0.300768
75210 37.6050 -1.069120 0.302956
75220 37.6100 -1.068421 0.305058
75230 37.6150 -1.067563 0.307650
75240 37.6200 -1.066713 0.310229
75250 37.6250 -1.066122 0.312028
75260 37.6300 -1.065599 0.313623
75270 37.6350 -1.065220 0.314781
75280 37.6400 -1.064933 0.315661
75290 37.6450 -1.064606 0.316663
75300 37.6500 -1.064411 0.317261
75310 37.6550 -1.064240 0.317786
75320 37.6600 -1.063925 0.318756
75330 37.6650 -1.063689 0.319481
75340 37.6700 -1.063607 0.319734
75350 37.6750 -1.063619 0.319698
75360 37.6800 -1.063754 0.319282
75370 37.6850 -1.064139 0.318097
75380 37.6900 -1.064559 0.316805
75390 37.6950 -1.064948 0.315615
75400 37.7000 -1.065129 0.315059
75410 37.7050 -1.065230 0.314749
75420 37.7100 -1.065281 0.314596
75430 37.7150 -1.065293 0.314556
75440 37.7200 -1.065222 0.314775
75450 37.7250 -1.065158 0.314970
75460 37.7300 -1.065335 0.314428
75470 37.7350 -1.065591 0.313646
75480 37.7400 -1.065736 0.313204
75490 37.7450 -1.066050 0.312245
75500 37.7500 -1.066462 0.310992
75510 37.7550 -1.066962 0.304457
75520 37.7600 -1.067537 0.302744
75530 37.7650 -1.068135 0.300965
75540 37.7700 -1.069009 0.298377
75550 37.7750 -1.069934 0.295646
75560 37.7800 -1.070709 0.293368
75570 37.7850 -1.071328 0.291553
75580 37.7900 -1.072070 0.289387
75590 37.7950 -1.072843 0.287138
75600 37.8000 -1.073560 0.285058
75610 37.8050 -1.074276 0.282991
75620 37.8100 -1.074772 0.281563
75630 37.8150 -1.075200 0.280330
75640 37.8200 -1.075561 0.279296
75650 37.8250 -1.076009 0.278012
75660 37.8300 -1.076464 0.276713
75670 37.8350 -1.076941 0.275352
75680 37.8400 -1.077718 0.273142
75690 37.8450 -1.078530 0.270842
75700 37.8500 -1.079316 0.268625
75710 37.8550 -1.080226 0.266070
75720 37.8600 -1.081133 0.263534
75730 37.8650 -1.082049 0.260984
75740 37.8700 -1.083241 0.257681
75750 37.8750 -1.084517 0.254168
75760 37.8800 -1.085793 0.250679
75770 37.8850 -1.087077 0.247190
75780 37.8900 -1.088201 0.244155
75790 37.8950 -1.089296 0.241213
75800 37.9000 -1.090346 0.238410
75810 37.9050 -1.091265 0.235968
75820 37.9100 -1.092342 0.233120
75830 37.9150 -1.093588 0.229845
75840 37.9200 -1.094877 0.226480
75850 37.9250 -1.096239 0.222951
75860 37.9300 -1.097532 0.219623
75870 37.9350 -1.098797 0.216390
75880 37.9400 -1.100229 0.212756
75890 37.9450 -1.101844 0.208692
75900 37.9500 -1.103388 0.204840
75910 37.9550 -1.104748 0.201475
75920 37.9600 -1.106095 0.198167
75930 37.9650 -1.107246 0.195359
75940 37.9700 -1.108298 0.192811
75950 37.9750 -1.109149 0.190758
75960 37.9800 -1.110131 0.188406
75970 37.9850 -1.110957 0.186434
75980 37.9900 -1.111729 0.184601
75990 37.9950 -1.112609 0.182522
76000 38.0000 -1.113421 0.180613
76010 38.0050 -1.113954 0.176784
76020 38.0100 -1.114293 0.176003
76030 38.0150 -1.114593 0.175311
76040 38.0200 -1.114985 0.174411
76050 38.0250 -1.115266 0.173766
76060 38.0300 -1.115389 0.173484
76070 38.0350 -1.115721 0.172724
76080 38.0400 -1.116064 0.171941
76090 38.0450 -1.116097 0.171865
76100 38.0500 -1.116162 0.171717
76110 38.0550 -1.116177 0.171683
76120 38.0600 -1.116102 0.171854
76130 38.0650 -1.115880 0.172361
76140 38.0700 -1.115524 0.173175
76150 38.0750 -1.114952 0.174485
76160 38.0800 -1.114339 0.175896
76170 38.0850 -1.113617 0.177564
76180 38.0900 -1.112710 0.179669
76190 38.0950 -1.111567 0.182340
76200 38.1000 -1.110207 0.185537
76210 38.1050 -1.108539 0.189496
76220 38.1100 -1.106806 0.193649
76230 38.1150 -1.105094 0.197791
76240 38.1200 -1.103260 0.202274
76250 38.1250 -1.101397 0.206873
76260 38.1300 -1.099412 0.211828
76270 38.1350 -1.097313 0.217124
76280 38.1400 -1.095393 0.222022
76290 38.1450 -1.093739 0.226284
76300 38.1500 -1.092069 0.230622
76310 38.1550 -1.090496 0.234745
76320 38.1600 -1.088824 0.239164
76330 38.1650 -1.087020 0.243972
76340 38.1700 -1.085232 0.248783
76350 38.1750 -1.083459 0.253597
76360 38.1800 -1.081652 0.258547
76370 38.1850 -1.079675 0.264015
76380 38.1900 -1.077688 0.269564
76390 38.1950 -1.076031 0.274232
76400 38.2000 -1.074504 0.278566
76410 38.2050 -1.073333 0.281913
76420 38.2100 -1.072208 0.285145
76430 38.2150 -1.071161 0.288170
76440 38.2200 -1.070136 0.291145
76450 38.2250 -1.068970 0.294546
76460 38.2300 -1.068048 0.297248
76470 38.2350 -1.067403 0.299144
76480 38.2400 -1.066854 0.300764
76490 38.2450 -1.066217 0.302649
76500 38.2500 -1.065492 0.304801
76510 38.2550 -1.064956 0.301468
76520 38.2600 -1.064710 0.302190
76530 38.2650 -1.064693 0.302241
76540 38.2700 -1.064799 0.301927
76550 38.2750 -1.065088 0.301081
76560 38.2800 -1.065420 0.300109
76570 38.2850 -1.065872 0.298788
76580 38.2900 -1.066414 0.297208
76590 38.2950 -1.067018 0.295451
76600 38.3000 -1.067844 0.293056
76610 38.3050 -1.068750 0.290440
76620 38.3100 -1.069750 0.287566
76630 38.3150 -1.070773 0.284640
76640 38.3200 -1.071816 0.281671
76650 38.3250 -1.072762 0.278989
76660 38.3300 -1.073530 0.276821
76670 38.3350 -1.074106 0.275200
76680 38.3400 -1.074502 0.274090
76690 38.3450 -1.074840 0.273141
76700 38.3500 -1.075307 0.271835
76710 38.3550 -1.075713 0.270703
76720 38.3600 -1.076032 0.269813
76730 38.3650 -1.076293 0.269088
76740 38.3700 -1.076560 0.268345
76750 38.3750 -1.076742 0.267842
76760 38.3800 -1.076745 0.267833
76770 38.3850 -1.076756 0.267802
76780 38.3900 -1.076779 0.267740
76790 38.3950 -1.076711 0.267926
76800 38.4000 -1.076668 0.268045
76810 38.4050 -1.076572 0.268314
76820 38.4100 -1.076329 0.268988
76830 38.4150 -1.075972 0.269981
76840 38.4200 -1.075423 0.271512
76850 38.4250 -1.075087 0.272449
76860 38.4300 -1.074832 0.273165
76870 38.4350 -1.074658 0.273652
76880 38.4400 -1.074453 0.274227
76890 38.4450 -1.074157 0.275056
76900 38.4500 -1.073854 0.275909
76910 38.4550 -1.073734 0.276246
76920 38.4600 -1.073767 0.276155
76930 38.4650 -1.073536 0.276803
76940 38.4700 -1.073185 0.277793
76950 38.4750 -1.072726 0.279091
76960 38.4800 -1.072435 0.279914
76970 38.4850 -1.072295 0.280310
76980 38.4900 -1.072212 0.280544
76990 38.4950 -1.072165 0.280679
77000 38.5000 -1.072004 0.281135
77010 38.5050 -1.072098 0.276440
77020 38.5100 -1.072177 0.276218
77030 38.5150 -1.072280 0.275930
77040 38.5200 -1.072585 0.275081
77050 38.5250 -1.072837 0.274380
77060 38.5300 -1.073108 0.273624
77070 38.5350 -1.073372 0.272891
77080 38.5400 -1.073686 0.272019
77090 38.5450 -1.074062 0.270979
77100 38.5500 -1.074214 0.270559
77110 38.5550 -1.073967 0.271242
77120 38.5600 -1.073657 0.272100
77130 38.5650 -1.073079 0.273704
77140 38.5700 -1.072350 0.275736
77150 38.5750 -1.071406 0.278375
77160 38.5800 -1.070453 0.281052
77170 38.5850 -1.069400 0.284024
77180 38.5900 -1.068302 0.287140
77190 38.5950 -1.067142 0.290447
77200 38.6000 -1.066159 0.293264
77210 38.6050 -1.065565 0.294971
77220 38.6100 -1.064967 0.296695
77230 38.6150 -1.064475 0.298118
77240 38.6200 -1.064221 0.298853
77250 38.6250 -1.064001 0.299490
77260 38.6300 -1.064123 0.299136
77270 38.6350 -1.064266 0.298722
77280 38.6400 -1.064271 0.298708
77290 38.6450 -1.064419 0.298279
77300 38.6500 -1.064780 0.297235
77310 38.6550 -1.065395 0.295462
77320 38.6600 -1.066054 0.293564
77330 38.6650 -1.066869 0.291229
77340 38.6700 -1.067687 0.288891
77350 38.6750 -1.068554 0.286424
77360 38.6800 -1.069567 0.283552
77370 38.6850 -1.070750 0.280218
77380 38.6900 -1.071995 0.276728
77390 38.6950 -1.073406 0.272797
77400 38.7000 -1.074687 0.269250
77410 38.7050 -1.076004 0.265628
77420 38.7100 -1.077302 0.262078
77430 38.7150 -1.078450 0.258959
77440 38.7200 -1.079657 0.255700
77450 38.7250 -1.081000 0.252093
77460 38.7300 -1.082482 0.248139
77470 38.7350 -1.084132 0.243774
77480 38.7400 -1.085611 0.239891
77490 38.7450 -1.087111 0.235983
77500 38.7500 -1.088618 0.232086
77510 38.7550 -1.090157 0.224679
77520 38.7600 -1.091866 0.220391
77530 38.7650 -1.093701 0.215825
77540 38.7700 -1.095602 0.211144
77550 38.7750 -1.097503 0.206509
77560 38.7800 -1.099303 0.202164
77570 38.7850 -1.100876 0.198403
77580 38.7900 -1.102134 0.195418
77590 38.7950 -1.103330 0.192600
77600 38.8000 -1.104604 0.189617
77610 38.8050 -1.105979 0.186422
77620 38.8100 -1.107360 0.183239
77630 38.8150 -1.108777 0.179997
77640 38.8200 -1.110114 0.176962
77650 38.8250 -1.111266 0.174368
77660 38.8300 -1.112608 0.171366
77670 38.8350 -1.113785 0.168754
77680 38.8400 -1.114920 0.166252
77690 38.8450 -1.115977 0.163936
77700 38.8500 -1.116968 0.161779
77710 38.8550 -1.117994 0.159558
77720 38.8600 -1.119068 0.157249
77730 38.8650 -1.120143 0.154953
77740 38.8700 -1.121178 0.152756
77750 38.8750 -1.121950 0.151128
77760 38.8800 -1.122509 0.149953
77770 38.8850 -1.122814 0.149315
77780 38.8900 -1.123149 0.148613
77790 38.8950 -1.123480 0.147924
77800 38.9000 -1.123866 0.147119
77810 38.9050 -1.124365 0.146084
77820 38.9100 -1.124848 0.145084
77830 38.9150 -1.125224 0.144307
77840 38.9200 -1.125444 0.143855
77850 38.9250 -1.125606 0.143521
77860 38.9300 -1.125757 0.143211
77870 38.9350 -1.125890 0.142936
77880 38.9400 -1.126111 0.142483
77890 38.9450 -1.126263 0.142171
77900 38.9500 -1.126544 0.141597
77910 38.9550 -1.126614 0.141454
77920 38.9600 -1.126742 0.141193
77930 38.9650 -1.126945 0.140779
77940 38.9700 -1.127319 0.140017
77950 38.9750 -1.127498 0.139652
77960 38.9800 -1.127564 0.139518
77970 38.9850 -1.127480 0.139690
77980 38.9900 -1.127190 0.140279
77990 38.9950 -1.126872 0.140926
78000 39.0000 -1.126411 0.141869
78010 39.0050 -1.125864 0.116704
78020 39.0100 -1.125401 0.117646
78030 39.0150 -1.124915 0.118638
78040 39.0200 -1.124437 0.119617
78050 39.0250 -1.124015 0.120483
78060 39.0300 -1.123571 0.121396
78070 39.0350 -1.123013 0.122548
78080 39.0400 -1.122424 0.123769
78090 39.0450 -1.122073 0.124499
78100 39.0500 -1.121708 0.125260
78110 39.0550 -1.121337 0.126034
78120 39.0600 -1.120921 0.126905
78130 39.0650 -1.120623 0.127530
78140 39.0700 -1.120274 0.128265
78150 39.0750 -1.119775 0.129316
78160 39.0800 -1.119165 0.130607
78170 39.0850 -1.118598 0.131811
78180 39.0900 -1.118044 0.132991
78190 39.0950 -1.117339 0.134499
78200 39.1000 -1.116721 0.135825
78210 39.1050 -1.115955 0.137477
78220 39.1100 -1.115267 0.138968
78230 39.1150 -1.114519 0.140595
78240 39.1200 -1.113827 0.142106
78250 39.1250 -1.113188 0.143509
78260 39.1300 -1.112485 0.145056
78270 39.1350 -1.111696 0.146801
78280 39.1400 -1.110690 0.149038
78290 39.1450 -1.109620 0.151433
78300 39.1500 -1.108345 0.154303
78310 39.1550 -1.106972 0.157419
78320 39.1600 -1.105642 0.160463
78330 39.1650 -1.104162 0.163876
78340 39.1700 -1.102541 0.167646
78350 39.1750 -1.100827 0.171670
78360 39.1800 -1.099091 0.175783
78370 39.1850 -1.097169 0.180384
78380 39.1900 -1.095150 0.185271
78390 39.1950 -1.093120 0.190235
78400 39.2000 -1.090923 0.195669
78410 39.2050 -1.088672 0.201302
78420 39.2100 -1.086308 0.207290
78430 39.2150 -1.083939 0.213361
78440 39.2200 -1.081515 0.219652
78450 39.2250 -1.079028 0.226183
78460 39.2300 -1.076405 0.233158
78470 39.2350 -1.073761 0.240281
78480 39.2400 -1.071255 0.247115
78490 39.2450 -1.068960 0.253447
78500 39.2500 -1.066454 0.260436
78510 39.2550 -1.063859 0.263657
78520 39.2600 -1.061288 0.270890
78530 39.2650 -1.058869 0.277772
78540 39.2700 -1.056683 0.284055
78550 39.2750 -1.054495 0.290407
78560 39.2800 -1.052300 0.296840
78570 39.2850 -1.050248 0.302906
78580 39.2900 -1.048217 0.308968
78590 39.2950 -1.046325 0.314659
78600 39.3000 -1.044733 0.319483
78610 39.3050 -1.043338 0.323740
78620 39.3100 -1.042189 0.327261
78630 39.3150 -1.041125 0.330538
78640 39.3200 -1.040415 0.332734
78650 39.3250 -1.040083 0.333763
78660 39.3300 -1.039853 0.334475
78670 39.3350 -1.039736 0.334839
78680 39.3400 -1.039668 0.335052
78690 39.3450 -1.039754 0.334784
78700 39.3500 -1.039690 0.334983
78710 39.3550 -1.039827 0.334558
78720 39.3600 -1.039819 0.334582
78730 39.3650 -1.040016 0.333972
78740 39.3700 -1.040420 0.332719
78750 39.3750 -1.040888 0.331273
78760 39.3800 -1.041556 0.329210
78770 39.3850 -1.042231 0.327132
78780 39.3900 -1.043140 0.324346
78790 39.3950 -1.044268 0.320899
78800 39.4000 -1.045628 0.316768
78810 39.4050 -1.046974 0.312702
78820 39.4100 -1.048397 0.308428
78830 39.4150 -1.049719 0.304481
78840 39.4200 -1.051010 0.300648
78850 39.4250 -1.052443 0.296419
78860 39.4300 -1.053969 0.291943
78870 39.4350 -1.055609 0.287165
78880 39.4400 -1.057295 0.282292
78890 39.4450 -1.059108 0.277088
78900 39.4500 -1.061116 0.271377
78910 39.4550 -1.063037 0.265961
78920 39.4600 -1.065192 0.259941
78930 39.4650 -1.067416 0.253789
78940 39.4700 -1.069727 0.247464
78950 39.4750 -1.071967 0.241400
78960 39.4800 -1.074453 0.234744
78970 39.4850 -1.076929 0.228193
78980 39.4900 -1.079220 0.222201
78990 39.4950 -1.081545 0.216189
79000 39.5000 -1.084096 0.209673
79010 39.5050 -1.086662 0.200252
79020 39.5100 -1.089352 0.193648
79030 39.5150 -1.092131 0.186921
79040 39.5200 -1.094888 0.180344
79050 39.5250 -1.097890 0.173292
79060 39.5300 -1.100703 0.166790
79070 39.5350 -1.103481 0.160465
79080 39.5400 -1.106229 0.154306
79090 39.5450 -1.109005 0.148183
79100 39.5500 -1.111497 0.142768
79110 39.5550 -1.113853 0.137723
79120 39.5600 -1.115956 0.133279
79130 39.5650 -1.117737 0.129560
79140 39.5700 -1.119521 0.125874
79150 39.5750 -1.121164 0.122516
79160 39.5800 -1.122519 0.119773
79170 39.5850 -1.123461 0.117879
79180 39.5900 -1.124383 0.116038
79190 39.5950 -1.125293 0.114230
79200 39.6000 -1.126205 0.112429
79210 39.6050 -1.127042 0.110784
79220 39.6100 -1.127813 0.109280
79230 39.6150 -1.128221 0.108484
79240 39.6200 -1.128368 0.108200
79250 39.6250 -1.128307 0.108318
79260 39.6300 -1.128070 0.108779
79270 39.6350 -1.127853 0.109200
79280 39.6400 -1.127529 0.109833
79290 39.6450 -1.127100 0.110672
79300 39.6500 -1.126715 0.111426
79310 39.6550 -1.126157 0.112523
79320 39.6600 -1.125459 0.113901
79330 39.6650 -1.124603 0.115599
79340 39.6700 -1.123565 0.117670
79350 39.6750 -1.122485 0.119842
79360 39.6800 -1.121543 0.121747
79370 39.6850 -1.120427 0.124019
79380 39.6900 -1.119243 0.126446
79390 39.6950 -1.118149 0.128704
79400 39.7000 -1.117020 0.131053
79410 39.7050 -1.115850 0.133501
79420 39.7100 -1.114569 0.136204
79430 39.7150 -1.113062 0.139409
79440 39.7200 -1.111526 0.142706
79450 39.7250 -1.109899 0.146231
79460 39.7300 -1.108125 0.150114
79470 39.7350 -1.106327 0.154089
79480 39.7400 -1.104513 0.158142
79490 39.7450 -1.102714 0.162201
79500 39.7500 -1.100948 0.166227
79510 39.7550 -1.099184 0.167966
79520 39.7600 -1.097524 0.171780
79530 39.7650 -1.095671 0.176075
79540 39.7700 -1.093792 0.180476
79550 39.7750 -1.091869 0.185026
79560 39.7800 -1.089803 0.189967
79570 39.7850 -1.087765 0.194894
79580 39.7900 -1.085877 0.199504
79590 39.7950 -1.083869 0.204457
79600 39.8000 -1.081954 0.209228
79610 39.8050 -1.080042 0.214037
79620 39.8100 -1.078232 0.218630
79630 39.8150 -1.076520 0.223014
79640 39.8200 -1.074952 0.227064
79650 39.8250 -1.073279 0.231416
79660 39.8300 -1.071789 0.235323
79670 39.8350 -1.070475 0.238789
79680 39.8400 -1.068974 0.242778
79690 39.8450 -1.067598 0.246460
79700 39.8500 -1.066350 0.249818
79710 39.8550 -1.065125 0.253134
79720 39.8600 -1.063872 0.256547
79730 39.8650 -1.062768 0.259568
79740 39.8700 -1.061817 0.262184
79750 39.8750 -1.060981 0.264492
79760 39.8800 -1.060106 0.266919
79770 39.8850 -1.059200 0.269441
79780 39.8900 -1.058460 0.271508
79790 39.8950 -1.057683 0.273687
79800 39.9000 -1.056835 0.276072
79810 39.9050 -1.056128 0.278067
79820 39.9100 -1.055567 0.279655
79830 39.9150 -1.054969 0.281353
79840 39.9200 -1.054530 0.282602
79850 39.9250 -1.054072 0.283907
79860 39.9300 -1.053660 0.285087
79870 39.9350 -1.053290 0.286145
79880 39.9400 -1.053074 0.286762
79890 39.9450 -1.052953 0.287108
79900 39.9500 -1.052860 0.287377
79910 39.9550 -1.052838 0.287441
79920 39.9600 -1.052946 0.287130
79930 39.9650 -1.053267 0.286209
79940 39.9700 -1.053701 0.284968
79950 39.9750 -1.054200 0.283544
79960 39.9800 -1.054872 0.281630
79970 39.9850 -1.055639 0.279453
79980 39.9900 -1.056515 0.276974
79990 39.9950 -1.057617 0.273871
80000 40.0000 -1.058831 0.270471
80010 40.0050 -1.060356 0.262113
80020 40.0100 -1.062164 0.257194
80030 40.0150 -1.064214 0.251662
80040 40.0200 -1.066469 0.245638
80050 40.0250 -1.068873 0.239285
80060 40.0300 -1.071439 0.232586
80070 40.0350 -1.073894 0.226249
80080 40.0400 -1.076414 0.219825
80090 40.0450 -1.079023 0.213255
80100 40.0500 -1.081731 0.206524
80110 40.0550 -1.084703 0.199243
80120 40.0600 -1.087838 0.191681
80130 40.0650 -1.091037 0.184090
80140 40.0700 -1.094309 0.176458
80150 40.0750 -1.097681 0.168733
80160 40.0800 -1.101001 0.161262
80170 40.0850 -1.104297 0.153983
80180 40.0900 -1.107679 0.146654
80190 40.0950 -1.111189 0.139197
80200 40.1000 -1.114573 0.132154
80210 40.1050 -1.117775 0.125622
80220 40.1100 -1.121078 0.119017
80230 40.1150 -1.124444 0.112428
80240 40.1200 -1.127552 0.106468
80250 40.1250 -1.130397 0.101121
80260 40.1300 -1.132935 0.096435
80270 40.1350 -1.135424 0.091918
80280 40.1400 -1.137764 0.087743
80290 40.1450 -1.139959 0.083890
80300 40.1500 -1.141965 0.080421
80310 40.1550 -1.143756 0.077366
80320 40.1600 -1.145369 0.074650
80330 40.1650 -1.146663 0.072495
80340 40.1700 -1.147727 0.070739
80350 40.1750 -1.148693 0.069157
80360 40.1800 -1.149349 0.068089
80370 40.1850 -1.149720 0.067488
80380 40.1900 -1.149715 0.067496
80390 40.1950 -1.149479 0.067878
80400 40.2000 -1.148806 0.068972
80410 40.2050 -1.147696 0.070789
80420 40.2100 -1.146227 0.073218
80430 40.2150 -1.144738 0.075708
80440 40.2200 -1.143183 0.078339
80450 40.2250 -1.141625 0.081005
80460 40.2300 -1.139897 0.083998
80470 40.2350 -1.137831 0.087625
80480 40.2400 -1.135453 0.091866
80490 40.2450 -1.133052 0.096222
80500 40.2500 -1.130539 0.100856
80510 40.2550 -1.127985 0.088755
80520 40.2600 -1.125416 0.093610
80530 40.2650 -1.122817 0.098607
80540 40.2700 -1.120165 0.103791
80550 40.2750 -1.117570 0.108949
80560 40.2800 -1.115024 0.114091
80570 40.2850 -1.112203 0.119883
80580 40.2900 -1.109141 0.126282
80590 40.2950 -1.105893 0.133197
80600 40.3000 -1.102726 0.140065
80610 40.3050 -1.099602 0.146963
80620 40.3100 -1.096390 0.154182
80630 40.3150 -1.093236 0.161394
80640 40.3200 -1.089928 0.169092
80650 40.3250 -1.086559 0.177071
80660 40.3300 -1.083108 0.185391
80670 40.3350 -1.079514 0.194211
80680 40.3400 -1.076098 0.202741
80690 40.3450 -1.072939 0.210761
80700 40.3500 -1.069979 0.218386
80710 40.3550 -1.067194 0.225661
80720 40.3600 -1.064534 0.232696
80730 40.3650 -1.062129 0.239135
80740 40.3700 -1.059875 0.245232
80750 40.3750 -1.057648 0.251320
80760 40.3800 -1.055464 0.257347
80770 40.3850 -1.053509 0.262796
80780 40.3900 -1.051798 0.267601
80790 40.3950 -1.050275 0.271911
80800 40.4000 -1.049021 0.275479
80810 40.4050 -1.047960 0.278513
80820 40.4100 -1.047194 0.280713
80830 40.4150 -1.046354 0.283134
80840 40.4200 -1.045637 0.285207
80850 40.4250 -1.044839 0.287523
80860 40.4300 -1.044064 0.289779
80870 40.4350 -1.043594 0.291149
80880 40.4400 -1.043168 0.292394
80890 40.4450 -1.042753 0.293610
80900 40.4500 -1.042578 0.294124
80910 40.4550 -1.042618 0.294008
80920 40.4600 -1.042665 0.293868
80930 40.4650 -1.042724 0.293696
80940 40.4700 -1.042861 0.293295
80950 40.4750 -1.042954 0.293022
80960 40.4800 -1.043155 0.292434
80970 40.4850 -1.043573 0.291212
80980 40.4900 -1.044169 0.289471
80990 40.4950 -1.044755 0.287766
81000 40.5000 -1.045186 0.286514
81010 40.5050 -1.045874 0.280037
81020 40.5100 -1.046506 0.278239
81030 40.5150 -1.047349 0.275852
81040 40.5200 -1.048566 0.272417
81050 40.5250 -1.049840 0.268842
81060 40.5300 -1.051473 0.264291
81070 40.5350 -1.053291 0.259261
81080 40.5400 -1.055189 0.254049
81090 40.5450 -1.057251 0.248441
81100 40.5500 -1.059442 0.242537
81110 40.5550 -1.061683 0.236558
81120 40.5600 -1.063902 0.230697
81130 40.5650 -1.066152 0.224818
81140 40.5700 -1.068473 0.218816
81150 40.5750 -1.070977 0.212414
81160 40.5800 -1.073500 0.206042
81170 40.5850 -1.075890 0.200076
81180 40.5900 -1.078250 0.194253
81190 40.5950 -1.080723 0.188223
81200 40.6000 -1.083111 0.182473
81210 40.6050 -1.085451 0.176903
81220 40.6100 -1.087763 0.171469
81230 40.6150 -1.090257 0.165677
81240 40.6200 -1.092545 0.160431
81250 40.6250 -1.094833 0.155248
81260 40.6300 -1.096985 0.150433
81270 40.6350 -1.098947 0.146092
81280 40.6400 -1.100824 0.141982
81290 40.6450 -1.102506 0.138336
81300 40.6500 -1.103966 0.135199
81310 40.6550 -1.105236 0.132493
81320 40.6600 -1.106333 0.130170
81330 40.6650 -1.107439 0.127844
81340 40.6700 -1.108614 0.125387
81350 40.6750 -1.109782 0.122965
81360 40.6800 -1.110971 0.120513
81370 40.6850 -1.112197 0.118004
81380 40.6900 -1.113269 0.115825
81390 40.6950 -1.114215 0.113916
81400 40.7000 -1.114993 0.112352
81410 40.7050 -1.115501 0.111335
81420 40.7100 -1.116244 0.109854
81430 40.7150 -1.117044 0.108267
81440 40.7200 -1.117670 0.107030
81450 40.7250 -1.118115 0.106154
81460 40.7300 -1.118466 0.105465
81470 40.7350 -1.118589 0.105224
81480 40.7400 -1.118571 0.105259
81490 40.7450 -1.118290 0.105811
81500 40.7500 -1.118139 0.106107
81510 40.7550 -1.117805 0.105460
81520 40.7600 -1.117361 0.106327
81530 40.7650 -1.116908 0.107213
81540 40.7700 -1.116463 0.108088
81550 40.7750 -1.116036 0.108928
81560 40.7800 -1.115655 0.109680
81570 40.7850 -1.115057 0.110863
81580 40.7900 -1.114279 0.112410
81590 40.7950 -1.113355 0.114257
81600 40.8000 -1.112263 0.116453
81610 40.8050 -1.111095 0.118817
81620 40.8100 -1.109713 0.121635
81630 40.8150 -1.108400 0.124336
81640 40.8200 -1.107362 0.126485
81650 40.8250 -1.106119 0.129078
81660 40.8300 -1.104666 0.132131
81670 40.8350 -1.103300 0.135024
81680 40.8400 -1.101609 0.138638
81690 40.8450 -1.099946 0.142225
81700 40.8500 -1.098221 0.145982
81710 40.8550 -1.096401 0.149987
81720 40.8600 -1.094618 0.153947
81730 40.8650 -1.092689 0.158277
81740 40.8700 -1.090731 0.162719
81750 40.8750 -1.088803 0.167136
81760 40.8800 -1.087019 0.171263
81770 40.8850 -1.085456 0.174912
81780 40.8900 -1.084073 0.178166
81790 40.8950 -1.082673 0.181483
81800 40.9000 -1.081242 0.184899
81810 40.9050 -1.079834 0.188282
81820 40.9100 -1.078376 0.191813
81830 40.9150 -1.076877 0.195468
81840 40.9200 -1.075399 0.199101
81850 40.9250 -1.073986 0.202597
81860 40.9300 -1.072639 0.205953
81870 40.9350 -1.071374 0.209125
81880 40.9400 -1.070291 0.211855
81890 40.9450 -1.069224 0.214561
81900 40.9500 -1.068141 0.217319
81910 40.9550 -1.067011 0.220213
81920 40.9600 -1.065800 0.223333
81930 40.9650 -1.064562 0.226538
81940 40.9700 -1.063367 0.229651
81950 40.9750 -1.062274 0.232515
81960 40.9800 -1.061079 0.235660
81970 40.9850 -1.059792 0.239068
81980 40.9900 -1.058788 0.241740
81990 40.9950 -1.057944 0.243995
82000 41.0000 -1.057253 0.245849
82010 41.0050 -1.056790 0.243388
82020 41.0100 -1.056438 0.244322
82030 41.0150 -1.055982 0.245534
82040 41.0200 -1.055661 0.246392
82050 41.0250 -1.055591 0.246577
82060 41.0300 -1.055641 0.246444
82070 41.0350 -1.055629 0.246476
82080 41.0400 -1.055836 0.245925
82090 41.0450 -1.056225 0.244890
82100 41.0500 -1.056858 0.243207
82110 41.0550 -1.057565 0.241334
82120 41.0600 -1.058537 0.238772
82130 41.0650 -1.059623 0.235918
82140 41.0700 -1.060653 0.233227
82150 41.0750 -1.061431 0.231202
82160 41.0800 -1.062371 0.228766
82170 41.0850 -1.063621 0.225542
82180 41.0900 -1.064978 0.222064
82190 41.0950 -1.066451 0.218314
82200 41.1000 -1.067766 0.214987
82210 41.1050 -1.069037 0.211791
82220 41.1100 -1.070146 0.209019
82230 41.1150 -1.071409 0.205880
82240 41.1200 -1.072661 0.202788
82250 41.1250 -1.073828 0.199919
82260 41.1300 -1.074944 0.197193
82270 41.1350 -1.076311 0.193876
82280 41.1400 -1.077783 0.190327
82290 41.1450 -1.079216 0.186899
82300 41.1500 -1.080491 0.183867
82310 41.1550 -1.081901 0.180539
82320 41.1600 -1.083376 0.177082
82330 41.1650 -1.084778 0.173820
82340 41.1700 -1.085860 0.171320
82350 41.1750 -1.086899 0.168931
82360 41.1800 -1.087934 0.166563
82370 41.1850 -1.088748 0.164711
82380 41.1900 -1.089403 0.163227
82390 41.1950 -1.090003 0.161872
82400 41.2000 -1.090419 0.160935
82410 41.2050 -1.090558 0.160622
82420 41.2100 -1.090981 0.159672
82430 41.2150 -1.091469 0.158579
82440 41.2200 -1.091762 0.157924
82450 41.2250 -1.092006 0.157378
82460 41.2300 -1.092291 0.156742
82470 41.2350 -1.092560 0.156144
82480 41.2400 -1.092725 0.155777
82490 41.2450 -1.092998 0.155172
82500 41.2500 -1.093236 0.154644
82510 41.2550 -1.093524 0.142776
82520 41.2600 -1.093751 0.142280
82530 41.2650 -1.093911 0.141932
82540 41.2700 -1.093848 0.142069
82550 41.2750 -1.093620 0.142568
82560 41.2800 -1.093422 0.143002
82570 41.2850 -1.093319 0.143226
82580 41.2900 -1.093373 0.143109
82590 41.2950 -1.093330 0.143201
82600 41.3000 -1.093171 0.143551
82610 41.3050 -1.092919 0.144102
82620 41.3100 -1.092745 0.144484
82630 41.3150 -1.092505 0.145012
82640 41.3200 -1.092060 0.145992
82650 41.3250 -1.091479 0.147275
82660 41.3300 -1.090781 0.148822
82670 41.3350 -1.090151 0.150224
82680 41.3400 -1.089557 0.151549
82690 41.3450 -1.088959 0.152888
82700 41.3500 -1.088143 0.154722
82710 41.3550 -1.087266 0.156701
82720 41.3600 -1.086400 0.158665
82730 41.3650 -1.085573 0.160548
82740 41.3700 -1.084774 0.162376
82750 41.3750 -1.084266 0.163540
82760 41.3800 -1.083829 0.164548
82770 41.3850 -1.083497 0.165313
82780 41.3900 -1.082949 0.166578
82790 41.3950 -1.082354 0.167957
82800 41.4000 -1.081856 0.169115
82810 41.4050 -1.081448 0.170064
82820 41.4100 -1.080950 0.171227
82830 41.4150 -1.080314 0.172715
82840 41.4200 -1.079673 0.174221
82850 41.4250 -1.078926 0.175983
82860 41.4300 -1.078005 0.178164
82870 41.4350 -1.076972 0.180619
82880 41.4400 -1.075959 0.183043
82890 41.4450 -1.074998 0.185353
82900 41.4500 -1.074090 0.187545
82910 41.4550 -1.073462 0.189066
82920 41.4600 -1.073021 0.190136
82930 41.4650 -1.072426 0.191585
82940 41.4700 -1.071732 0.193283
82950 41.4750 -1.070955 0.195187
82960 41.4800 -1.070005 0.197526
82970 41.4850 -1.069368 0.199100
82980 41.4900 -1.068761 0.200605
82990 41.4950 -1.068271 0.201824
83000 41.5000 -1.067589 0.203523
83010 41.5050 -1.066974 0.202138
83020 41.5100 -1.066549 0.203190
83030 41.5150 -1.066288 0.203835
83040 41.5200 -1.066225 0.203993
83050 41.5250 -1.066219 0.204007
83060 41.5300 -1.066361 0.203655
83070 41.5350 -1.066620 0.203014
83080 41.5400 -1.066827 0.202502
83090 41.5450 -1.066840 0.202469
83100 41.5500 -1.066917 0.202279
83110 41.5550 -1.067084 0.201865
83120 41.5600 -1.067244 0.201472
83130 41.5650 -1.067381 0.201133
83140 41.5700 -1.067670 0.200422
83150 41.5750 -1.068124 0.199304
83160 41.5800 -1.068635 0.198048
83170 41.5850 -1.068983 0.197197
83180 41.5900 -1.069462 0.196026
83190 41.5950 -1.069977 0.194769
83200 41.6000 -1.070584 0.193294
83210 41.6050 -1.071096 0.192052
83220 41.6100 -1.071604 0.190823
83230 41.6150 -1.072061 0.189718
83240 41.6200 -1.072781 0.187987
83250 41.6250 -1.073602 0.186017
83260 41.6300 -1.074478 0.183926
83270 41.6350 -1.075376 0.181790
83280 41.6400 -1.076235 0.179758
83290 41.6450 -1.077031 0.177881
83300 41.6500 -1.077700 0.176309
83310 41.6550 -1.078471 0.174506
83320 41.6600 -1.079406 0.172328
83330 41.6650 -1.080506 0.169778
83340 41.6700 -1.081623 0.167202
83350 41.6750 -1.082671 0.164802
83360 41.6800 -1.083862 0.162085
83370 41.6850 -1.084913 0.159704
83380 41.6900 -1.086111 0.157007
83390 41.6950 -1.087564 0.153757
83400 41.7000 -1.089287 0.149935
83410 41.7050 -1.091149 0.145845
83420 41.7100 -1.093177 0.141436
83430 41.7150 -1.095270 0.136937
83440 41.7200 -1.097388 0.132437
83450 41.7250 -1.099589 0.127816
83460 41.7300 -1.101667 0.123507
83470 41.7350 -1.103669 0.119403
83480 41.7400 -1.105549 0.115594
83490 41.7450 -1.107389 0.111905
83500 41.7500 -1.109249 0.108218
83510 41.7550 -1.111263 0.102990
83520 41.7600 -1.113236 0.099210
83530 41.7650 -1.115087 0.095706
83540 41.7700 -1.116967 0.092189
83550 41.7750 -1.118548 0.089262
83560 41.7800 -1.119886 0.086810
83570 41.7850 -1.121171 0.084474
83580 41.7900 -1.122188 0.082639
83590 41.7950 -1.123047 0.081100
83600 41.8000 -1.123591 0.080128
83610 41.8050 -1.123861 0.079647
83620 41.8100 -1.123967 0.079460
83630 41.8150 -1.123961 0.079469
83640 41.8200 -1.123938 0.079512
83650 41.8250 -1.123892 0.079593
83660 41.8300 -1.123776 0.079800
83670 41.8350 -1.123510 0.080274
83680 41.8400 -1.123157 0.080903
83690 41.8450 -1.122618 0.081867
83700 41.8500 -1.121921 0.083120
83710 41.8550 -1.121199 0.084424
83720 41.8600 -1.120385 0.085901
83730 41.8650 -1.119387 0.087723
83740 41.8700 -1.118144 0.090007
83750 41.8750 -1.116729 0.092632
83760 41.8800 -1.115436 0.095050
83770 41.8850 -1.114247 0.097291
83780 41.8900 -1.113063 0.099540
83790 41.8950 -1.111925 0.101716
83800 41.9000 -1.110740 0.104001
83810 41.9050 -1.109281 0.106834
83820 41.9100 -1.107716 0.109901
83830 41.9150 -1.106186 0.112928
83840 41.9200 -1.104637 0.116020
83850 41.9250 -1.102959 0.119402
83860 41.9300 -1.101328 0.122723
83870 41.9350 -1.099658 0.126154
83880 41.9400 -1.098109 0.129366
83890 41.9450 -1.096832 0.132035
83900 41.9500 -1.095392 0.135069
83910 41.9550 -1.093994 0.138037
83920 41.9600 -1.092873 0.140433
83930 41.9650 -1.091840 0.142655
83940 41.9700 -1.090912 0.144662
83950 41.9750 -1.089827 0.147021
83960 41.9800 -1.088663 0.149567
83970 41.9850 -1.087447 0.152244
83980 41.9900 -1.086318 0.154745
83990 41.9950 -1.084996 0.157692
84000 42.0000 -1.083722 0.160551
84010 42.0050 -1.082582 0.130528
84020 42.0100 -1.081244 0.133535
84030 42.0150 -1.079938 0.136490
84040 42.0200 -1.078782 0.139122
84050 42.0250 -1.077682 0.141642
84060 42.0300 -1.076518 0.144324
84070 42.0350 -1.075284 0.147183
84080 42.0400 -1.074112 0.149917
84090 42.0450 -1.072973 0.152587
84100 42.0500 -1.071992 0.154901
84110 42.0550 -1.071100 0.157014
84120 42.0600 -1.070505 0.158429
84130 42.0650 -1.069993 0.159649
84140 42.0700 -1.069664 0.160436
84150 42.0750 -1.069324 0.161249
84160 42.0800 -1.068890 0.162288
84170 42.0850 -1.068503 0.163219
84180 42.0900 -1.068267 0.163786
84190 42.0950 -1.068263 0.163795
84200 42.1000 -1.068418 0.163424
84210 42.1050 -1.068571 0.163055
84220 42.1100 -1.068849 0.162386
84230 42.1150 -1.069087 0.161816
84240 42.1200 -1.069262 0.161397
84250 42.1250 -1.069356 0.161172
84260 42.1300 -1.069566 0.160669
84270 42.1350 -1.069789 0.160137
84280 42.1400 -1.069977 0.159687
84290 42.1450 -1.070206 0.159140
84300 42.1500 -1.070294 0.158930
84310 42.1550 -1.070367 0.158756
84320 42.1600 -1.070555 0.158308
84330 42.1650 -1.070733 0.157886
84340 42.1700 -1.070854 0.157597
84350 42.1750 -1.070895 0.157500
84360 42.1800 -1.070860 0.157584
84370 42.1850 -1.070799 0.157729
84380 42.1900 -1.070695 0.157975
84390 42.1950 -1.070651 0.158080
84400 42.2000 -1.070519 0.158395
84410 42.2050 -1.070259 0.159014
84420 42.2100 -1.069950 0.159750
84430 42.2150 -1.069607 0.160571
84440 42.2200 -1.069208 0.161525
84450 42.2250 -1.068755 0.162613
84460 42.2300 -1.068181 0.163993
84470 42.2350 -1.067486 0.165671
84480 42.2400 -1.066749 0.167454
84490 42.2450 -1.065965 0.169358
84500 42.2500 -1.064961 0.171808
84510 42.2550 -1.063944 0.135823
84520 42.2600 -1.062813 0.138576
84530 42.2650 -1.061677 0.141355
84540 42.2700 -1.060499 0.144253
84550 42.2750 -1.059396 0.146979
84560 42.2800 -1.058424 0.149396
84570 42.2850 -1.057299 0.152204
84580 42.2900 -1.056164 0.155054
84590 42.2950 -1.055068 0.157820
84600 42.3000 -1.053906 0.160768
84610 42.3050 -1.052534 0.164268
84620 42.3100 -1.051140 0.167846
84630 42.3150 -1.049726 0.171502
84640 42.3200 -1.048402 0.174944
84650 42.3250 -1.047066 0.178439
84660 42.3300 -1.045880 0.181557
84670 42.3350 -1.044829 0.184336
84680 42.3400 -1.043679 0.187390
84690 42.3450 -1.042556 0.190390
84700 42.3500 -1.041428 0.193416
84710 42.3550 -1.040466 0.196008
84720 42.3600 -1.039693 0.198098
84730 42.3650 -1.038914 0.200214
84740 42.3700 -1.038425 0.201544
84750 42.3750 -1.037902 0.202970
84760 42.3800 -1.037264 0.204717
84770 42.3850 -1.036563 0.206639
84780 42.3900 -1.035717 0.208966
84790 42.3950 -1.034927 0.211148
84800 42.4000 -1.034022 0.213655
84810 42.4050 -1.033396 0.215397
84820 42.4100 -1.032852 0.216911
84830 42.4150 -1.032526 0.217821
84840 42.4200 -1.032459 0.218008
84850 42.4250 -1.032515 0.217851
84860 42.4300 -1.032805 0.217042
84870 42.4350 -1.033167 0.216033
84880 42.4400 -1.033656 0.214672
84890 42.4450 -1.034199 0.213165
84900 42.4500 -1.034860 0.211334
84910 42.4550 -1.035536 0.209464
84920 42.4600 -1.035910 0.208434
84930 42.4650 -1.036060 0.208021
84940 42.4700 -1.036094 0.207928
84950 42.4750 -1.036169 0.207720
84960 42.4800 -1.036184 0.207680
84970 42.4850 -1.036349 0.207227
84980 42.4900 -1.036545 0.206687
84990 42.4950 -1.036904 0.205703
85000 42.5000 -1.037665 0.203619
85010 42.5050 -1.038578 0.198091
85020 42.5100 -1.039585 0.195397
85030 42.5150 -1.040705 0.192412
85040 42.5200 -1.041817 0.189463
85050 42.5250 -1.042703 0.187126
85060 42.5300 -1.043600 0.184768
85070 42.5350 -1.044171 0.183272
85080 42.5400 -1.044804 0.181618
85090 42.5450 -1.045491 0.179827
85100 42.5500 -1.046000 0.178504
85110 42.5550 -1.046376 0.177529
85120 42.5600 -1.046807 0.176411
85130 42.5650 -1.047222 0.175339
85140 42.5700 -1.047661 0.174206
85150 42.5750 -1.048036 0.173241
85160 42.5800 -1.048612 0.171762
85170 42.5850 -1.049263 0.170093
85180 42.5900 -1.049820 0.168671
85190 42.5950 -1.050411 0.167163
85200 42.6000 -1.050849 0.166049
85210 42.6050 -1.051094 0.165426
85220 42.6100 -1.051081 0.165461
85230 42.6150 -1.050917 0.165877
85240 42.6200 -1.050581 0.166732
85250 42.6250 -1.050004 0.168201
85260 42.6300 -1.049417 0.169700
85270 42.6350 -1.048896 0.171034
85280 42.6400 -1.048588 0.171822
85290 42.6450 -1.048157 0.172929
85300 42.6500 -1.047730 0.174030
85310 42.6550 -1.047365 0.174969
85320 42.6600 -1.047041 0.175806
85330 42.6650 -1.046750 0.176558
85340 42.6700 -1.046640 0.176843
85350 42.6750 -1.046533 0.177122
85360 42.6800 -1.046557 0.177060
85370 42.6850 -1.046447 0.177344
85380 42.6900 -1.046310 0.177699
85390 42.6950 -1.046075 0.178308
85400 42.7000 -1.045844 0.178909
85410 42.7050 -1.045568 0.179627
85420 42.7100 -1.045424 0.180001
85430 42.7150 -1.045294 0.180338
85440 42.7200 -1.045293 0.180343
85450 42.7250 -1.045510 0.179778
85460 42.7300 -1.045699 0.179286
85470 42.7350 -1.045820 0.178970
85480 42.7400 -1.045948 0.178638
85490 42.7450 -1.046038 0.178405
85500 42.7500 -1.046350 0.177594
85510 42.7550 -1.046963 0.173464
85520 42.7600 -1.047651 0.171712
85530 42.7650 -1.048259 0.170169
85540 42.7700 -1.048862 0.168644
85550 42.7750 -1.049506 0.167019
85560 42.7800 -1.050170 0.165348
85570 42.7850 -1.050826 0.163701
85580 42.7900 -1.051643 0.161658
85590 42.7950 -1.052521 0.159472
85600 42.8000 -1.053139 0.157939
85610 42.8050 -1.053591 0.156819
85620 42.8100 -1.054000 0.155808
85630 42.8150 -1.054377 0.154879
85640 42.8200 -1.054946 0.153478
85650 42.8250 -1.055729 0.151556
85660 42.8300 -1.056600 0.149427
85670 42.8350 -1.057255 0.147833
85680 42.8400 -1.057814 0.146475
85690 42.8450 -1.058262 0.145388
85700 42.8500 -1.058596 0.144582
85710 42.8550 -1.058750 0.144209
85720 42.8600 -1.059032 0.143529
85730 42.8650 -1.059219 0.143078
85740 42.8700 -1.059187 0.143155
85750 42.8750 -1.059047 0.143493
85760 42.8800 -1.058916 0.143809
85770 42.8850 -1.058811 0.144062
85780 42.8900 -1.058573 0.144637
85790 42.8950 -1.058276 0.145355
85800 42.9000 -1.058051 0.145900
85810 42.9050 -1.057575 0.147054
85820 42.9100 -1.056988 0.148483
85830 42.9150 -1.056402 0.149912
85840 42.9200 -1.055827 0.151317
85850 42.9250 -1.055145 0.152990
85860 42.9300 -1.054584 0.154367
85870 42.9350 -1.053992 0.155828
85880 42.9400 -1.053211 0.157759
85890 42.9450 -1.052256 0.160131
85900 42.9500 -1.051174 0.162830
85910 42.9550 -1.049822 0.166221
85920 42.9600 -1.048394 0.169828
85930 42.9650 -1.046694 0.174149
85940 42.9700 -1.044955 0.178604
85950 42.9750 -1.043232 0.183051
85960 42.9800 -1.041627 0.187226
85970 42.9850 -1.040004 0.191476
85980 42.9900 -1.038633 0.195090
85990 42.9950 -1.037411 0.198330
86000 43.0000 -1.036323 0.201227
86010 43.0050 -1.035526 0.200320
86020 43.0100 -1.034939 0.201871
86030 43.0150 -1.034580 0.202821
86040 43.0200 -1.034240 0.203723
86050 43.0250 -1.034086 0.204134
86060 43.0300 -1.034026 0.204291
86070 43.0350 -1.033970 0.204441
86080 43.0400 -1.033806 0.204877
86090 43.0450 -1.033880 0.204679
86100 43.0500 -1.034234 0.203741
86110 43.0550 -1.034599 0.202772
86120 43.0600 -1.035006 0.201692
86130 43.0650 -1.035420 0.200598
86140 43.0700 -1.035953 0.199192
86150 43.0750 -1.036679 0.197282
86160 43.0800 -1.037659 0.194715
86170 43.0850 -1.038711 0.191969
86180 43.0900 -1.039676 0.189460
86190 43.0950 -1.040595 0.187082
86200 43.1000 -1.041498 0.184753
86210 43.1050 -1.042119 0.183158
86220 43.1100 -1.042606 0.181910
86230 43.1150 -1.042918 0.181113
86240 43.1200 -1.043257 0.180247
86250 43.1250 -1.043744 0.179003
86260 43.1300 -1.044215 0.177806
86270 43.1350 -1.044562 0.176924
86280 43.1400 -1.044710 0.176549
86290 43.1450 -1.044740 0.176472
86300 43.1500 -1.044608 0.176807
86310 43.1550 -1.044499 0.177083
86320 43.1600 -1.044395 0.177348
86330 43.1650 -1.044523 0.177024
86340 43.1700 -1.044462 0.177179
86350 43.1750 -1.044116 0.178058
86360 43.1800 -1.043684 0.179156
86370 43.1850 -1.043221 0.180337
86380 43.1900 -1.042728 0.181599
86390 43.1950 -1.042293 0.182711
86400 43.2000 -1.041743 0.184125
86410 43.2050 -1.041062 0.185877
86420 43.2100 -1.040355 0.187702
86430 43.2150 -1.039568 0.189741
86440 43.2200 -1.038647 0.192136
86450 43.2250 -1.037658 0.194716
86460 43.2300 -1.036600 0.197490
86470 43.2350 -1.035669 0.199943
86480 43.2400 -1.034733 0.202417
86490 43.2450 -1.033866 0.204718
86500 43.2500 -1.033102 0.206753
86510 43.2550 -1.032366 0.205578
86520 43.2600 -1.031730 0.207259
86530 43.2650 -1.031246 0.208537
86540 43.2700 -1.031180 0.208712
86550 43.2750 -1.031326 0.208328
86560 43.2800 -1.031666 0.207428
86570 43.2850 -1.032171 0.206093
86580 43.2900 -1.032751 0.204564
86590 43.2950 -1.033277 0.203182
86600 43.3000 -1.033930 0.201470
86610 43.3050 -1.034639 0.199615
86620 43.3100 -1.035220 0.198100
86630 43.3150 -1.035847 0.196470
86640 43.3200 -1.036613 0.194484
86650 43.3250 -1.037311 0.192679
86660 43.3300 -1.037980 0.190956
86670 43.3350 -1.038561 0.189462
86680 43.3400 -1.039162 0.187921
86690 43.3450 -1.039696 0.186555
86700 43.3500 -1.040382 0.184805
86710 43.3550 -1.041231 0.182648
86720 43.3600 -1.042381 0.179736
86730 43.3650 -1.043485 0.176956
86740 43.3700 -1.044682 0.173958
86750 43.3750 -1.045849 0.171049
86760 43.3800 -1.046992 0.168214
86770 43.3850 -1.048013 0.165695
86780 43.3900 -1.049054 0.163138
86790 43.3950 -1.050111 0.160553
86800 43.4000 -1.051251 0.157779
86810 43.4050 -1.052465 0.154843
86820 43.4100 -1.053895 0.151403
86830 43.4150 -1.055247 0.148172
86840 43.4200 -1.056586 0.144993
86850 43.4250 -1.057763 0.142214
86860 43.4300 -1.058938 0.139455
86870 43.4350 -1.059976 0.137032
86880 43.4400 -1.061206 0.134173
86890 43.4450 -1.062672 0.130790
86900 43.4500 -1.064089 0.127541
86910 43.4550 -1.065267 0.124857
86920 43.4600 -1.066230 0.122674
86930 43.4650 -1.066919 0.121120
86940 43.4700 -1.067373 0.120098
86950 43.4750 -1.067746 0.119260
86960 43.4800 -1.068148 0.118358
86970 43.4850 -1.068515 0.117537
86980 43.4900 -1.068809 0.116880
86990 43.4950 -1.069201 0.116006
87000 43.5000 -1.069524 0.115286
87010 43.5050 -1.069833 0.113130
87020 43.5100 -1.069990 0.112786
87030 43.5150 -1.070186 0.112358
87040 43.5200 -1.070264 0.112185
87050 43.5250 -1.069997 0.112770
87060 43.5300 -1.069580 0.113686
87070 43.5350 -1.069091 0.114763
87080 43.5400 -1.068407 0.116273
87090 43.5450 -1.067674 0.117895
87100 43.5500 -1.066719 0.120021
87110 43.5550 -1.065418 0.122930
87120 43.5600 -1.064112 0.125868
87130 43.5650 -1.062889 0.128639
87140 43.5700 -1.061657 0.131444
87150 43.5750 -1.060626 0.133806
87160 43.5800 -1.059723 0.135884
87170 43.5850 -1.058844 0.137917
87180 43.5900 -1.057986 0.139907
87190 43.5950 -1.056978 0.142256
87200 43.6000 -1.056029 0.144478
87210 43.6050 -1.054906 0.147121
87220 43.6100 -1.053770 0.149808
87230 43.6150 -1.052689 0.152376
87240 43.6200 -1.051533 0.155140
87250 43.6250 -1.050303 0.158096
87260 43.6300 -1.049057 0.161105
87270 43.6350 -1.048026 0.163609
87280 43.6400 -1.047194 0.165641
87290 43.6450 -1.046582 0.167137
87300 43.6500 -1.045952 0.168683
87310 43.6550 -1.045283 0.170330
87320 43.6600 -1.044552 0.172135
87330 43.6650 -1.043841 0.173897
87340 43.6700 -1.043034 0.175901
87350 43.6750 -1.042224 0.177922
87360 43.6800 -1.041665 0.179319
87370 43.6850 -1.041081 0.180786
87380 43.6900 -1.040507 0.182230
87390 43.6950 -1.039795 0.184024
87400 43.7000 -1.039145 0.185669
87410 43.7050 -1.038587 0.187084
87420 43.7100 -1.038122 0.188266
87430 43.7150 -1.037556 0.189706
87440 43.7200 -1.037029 0.191053
87450 43.7250 -1.036630 0.192073
87460 43.7300 -1.036266 0.193006
87470 43.7350 -1.035846 0.194085
87480 43.7400 -1.035611 0.194689
87490 43.7450 -1.035729 0.194385
87500 43.7500 -1.035943 0.193835
87510 43.7550 -1.035974 0.190916
87520 43.7600 -1.036115 0.190559
87530 43.7650 -1.036254 0.190206
87540 43.7700 -1.036384 0.189880
87550 43.7750 -1.036513 0.189553
87560 43.7800 -1.036606 0.189317
87570 43.7850 -1.036820 0.188778
87580 43.7900 -1.037089 0.188099
87590 43.7950 -1.037427 0.187248
87600 43.8000 -1.037713 0.186529
87610 43.8050 -1.038060 0.185659
87620 43.8100 -1.038503 0.184548
87630 43.8150 -1.038726 0.183990
87640 43.8200 -1.038983 0.183346
87650 43.8250 -1.039378 0.182362
87660 43.8300 -1.040026 0.180748
87670 43.8350 -1.040897 0.178584
87680 43.8400 -1.041971 0.175931
87690 43.8450 -1.043133 0.173072
87700 43.8500 -1.044010 0.170924
87710 43.8550 -1.044576 0.169544
87720 43.8600 -1.045067 0.168347
87730 43.8650 -1.045596 0.167062
87740 43.8700 -1.046047 0.165970
87750 43.8750 -1.046442 0.165013
87760 43.8800 -1.046779 0.164199
87770 43.8850 -1.047092 0.163446
87780 43.8900 -1.047442 0.162603
87790 43.8950 -1.047682 0.162025
87800 43.9000 -1.047911 0.161475
87810 43.9050 -1.048255 0.160648
87820 43.9100 -1.048567 0.159902
87830 43.9150 -1.048610 0.159798
87840 43.9200 -1.048653 0.159697
87850 43.9250 -1.048846 0.159236
87860 43.9300 -1.049029 0.158797
87870 43.9350 -1.049132 0.158550
87880 43.9400 -1.049292 0.158170
87890 43.9450 -1.049643 0.157332
87900 43.9500 -1.049894 0.156734
87910 43.9550 -1.050154 0.156116
87920 43.9600 -1.050125 0.156185
87930 43.9650 -1.049859 0.156819
87940 43.9700 -1.049555 0.157541
87950 43.9750 -1.049366 0.157992
87960 43.9800 -1.049022 0.158815
87970 43.9850 -1.048701 0.159582
87980 43.9900 -1.048290 0.160565
87990 43.9950 -1.047673 0.162046
88000 44.0000 -1.047099 0.163428
88010 44.0050 -1.046386 0.162851
88020 44.0100 -1.045731 0.164417
88030 44.0150 -1.045171 0.165758
88040 44.0200 -1.044622 0.167077
88050 44.0250 -1.044129 0.168263
88060 44.0300 -1.043703 0.169291
88070 44.0350 -1.043302 0.170262
88080 44.0400 -1.042778 0.171531
88090 44.0450 -1.042237 0.172845
88100 44.0500 -1.041688 0.174180
88110 44.0550 -1.041202 0.175367
88120 44.0600 -1.040900 0.176104
88130 44.0650 -1.040702 0.176589
88140 44.0700 -1.040382 0.177373
88150 44.0750 -1.039850 0.178678
88160 44.0800 -1.039232 0.180200
88170 44.0850 -1.038735 0.181426
88180 44.0900 -1.038379 0.182305
88190 44.0950 -1.038187 0.182779
88200 44.1000 -1.037728 0.183917
88210 44.1050 -1.037135 0.185390
88220 44.1100 -1.036592 0.186741
88230 44.1150 -1.036317 0.187427
88240 44.1200 -1.036371 0.187294
88250 44.1250 -1.036866 0.186061
88260 44.1300 -1.037536 0.184393
88270 44.1350 -1.038493 0.182022
88280 44.1400 -1.039496 0.179550
88290 44.1450 -1.040414 0.177295
88300 44.1500 -1.041366 0.174966
88310 44.1550 -1.042306 0.172676
88320 44.1600 -1.043148 0.170634
88330 44.1650 -1.043866 0.168899
88340 44.1700 -1.044595 0.167142
88350 44.1750 -1.045416 0.165169
88360 44.1800 -1.046154 0.163404
88370 44.1850 -1.046798 0.161868
88380 44.1900 -1.047509 0.160177
88390 44.1950 -1.048201 0.158538
88400 44.2000 -1.048685 0.157393
88410 44.2050 -1.049188 0.156207
88420 44.2100 -1.049728 0.154935
88430 44.2150 -1.050186 0.153861
88440 44.2200 -1.050362 0.153449
88450 44.2250 -1.050434 0.153280
88460 44.2300 -1.050785 0.152459
88470 44.2350 -1.051137 0.151636
88480 44.2400 -1.051479 0.150836
88490 44.2450 -1.051833 0.150013
88500 44.2500 -1.052246 0.149051
88510 44.2550 -1.052619 0.146179
88520 44.2600 -1.053161 0.144938
88530 44.2650 -1.053853 0.143362
88540 44.2700 -1.054592 0.141682
88550 44.2750 -1.055500 0.139627
88560 44.2800 -1.056598 0.137152
88570 44.2850 -1.057615 0.134872
88580 44.2900 -1.058834 0.132153
88590 44.2950 -1.060044 0.129470
88600 44.3000 -1.061346 0.126602
88610 44.3050 -1.062502 0.124069
88620 44.3100 -1.063559 0.121766
88630 44.3150 -1.064711 0.119271
88640 44.3200 -1.065935 0.116634
88650 44.3250 -1.067252 0.113814
88660 44.3300 -1.068419 0.111331
88670 44.3350 -1.069491 0.109064
88680 44.3400 -1.070636 0.106654
88690 44.3450 -1.071809 0.104201
88700 44.3500 -1.073093 0.101531
88710 44.3550 -1.074310 0.099019
88720 44.3600 -1.075558 0.096458
88730 44.3650 -1.076739 0.094049
88740 44.3700 -1.077972 0.091551
88750 44.3750 -1.078893 0.089695
88760 44.3800 -1.079887 0.087702
88770 44.3850 -1.081035 0.085412
88780 44.3900 -1.082057 0.083387
88790 44.3950 -1.083014 0.081500
88800 44.4000 -1.083818 0.079924
88810 44.4050 -1.084401 0.078782
88820 44.4100 -1.085002 0.077613
88830 44.4150 -1.085477 0.076688
88840 44.4200 -1.085897 0.075875
88850 44.4250 -1.086261 0.075172
88860 44.4300 -1.086495 0.074719
88870 44.4350 -1.086504 0.074701
88880 44.4400 -1.086301 0.075094
88890 44.4450 -1.086011 0.075655
88900 44.4500 -1.085590 0.076470
88910 44.4550 -1.085117 0.077388
88920 44.4600 -1.084398 0.078790
88930 44.4650 -1.083370 0.080801
88940 44.4700 -1.082301 0.082906
88950 44.4750 -1.080783 0.085914
88960 44.4800 -1.078941 0.089599
88970 44.4850 -1.077036 0.093446
88980 44.4900 -1.074976 0.097649
88990 44.4950 -1.072900 0.101931
89000 44.5000 -1.070597 0.106735
89010 44.5050 -1.068282 0.110241
89020 44.5100 -1.065791 0.115504
89030 44.5150 -1.063290 0.120853
89040 44.5200 -1.060813 0.126218
89050 44.5250 -1.058325 0.131670
89060 44.5300 -1.056023 0.136775
89070 44.5350 -1.053621 0.142159
89080 44.5400 -1.051215 0.147617
89090 44.5450 -1.048972 0.152760
89100 44.5500 -1.046970 0.157397
89110 44.5550 -1.045132 0.161689
89120 44.5600 -1.043308 0.165987
89130 44.5650 -1.041468 0.170358
89140 44.5700 -1.039748 0.174478
89150 44.5750 -1.037994 0.178711
89160 44.5800 -1.036126 0.183255
89170 44.5850 -1.034228 0.187914
89180 44.5900 -1.032201 0.192929
89190 44.5950 -1.030118 0.198131
89200 44.6000 -1.028147 0.203095
89210 44.6050 -1.026156 0.208156
89220 44.6100 -1.023970 0.213758
89230 44.6150 -1.021863 0.219210
89240 44.6200 -1.019804 0.224583
89250 44.6250 -1.018016 0.229287
89260 44.6300 -1.016315 0.233796
89270 44.6350 -1.014621 0.238318
89280 44.6400 -1.013116 0.242361
89290 44.6450 -1.011918 0.245598
89300 44.6500 -1.010925 0.248292
89310 44.6550 -1.010180 0.250322
89320 44.6600 -1.009498 0.252184
89330 44.6650 -1.009077 0.253336
89340 44.6700 -1.008928 0.253745
89350 44.6750 -1.008977 0.253612
89360 44.6800 -1.009331 0.252641
89370 44.6850 -1.009986 0.250849
89380 44.6900 -1.010514 0.249410
89390 44.6950 -1.010952 0.248219
89400 44.7000 -1.011504 0.246719
89410 44.7050 -1.012212 0.244803
89420 44.7100 -1.012935 0.242849
89430 44.7150 -1.013763 0.240619
89440 44.7200 -1.014576 0.238439
89450 44.7250 -1.015364 0.236329
89460 44.7300 -1.016316 0.233792
89470 44.7350 -1.017329 0.231106
89480 44.7400 -1.018401 0.228271
89490 44.7450 -1.019648 0.224993
89500 44.7500 -1.020811 0.221950
89510 44.7550 -1.022042 0.215445
89520 44.7600 -1.023153 0.212609
89530 44.7650 -1.024434 0.209356
89540 44.7700 -1.025786 0.205941
89550 44.7750 -1.027256 0.202251
89560 44.7800 -1.028914 0.198118
89570 44.7850 -1.030726 0.193633
89580 44.7900 -1.032524 0.189219
89590 44.7950 -1.034185 0.185171
89600 44.8000 -1.035703 0.181500
89610 44.8050 -1.037318 0.177617
89620 44.8100 -1.039015 0.173570
89630 44.8150 -1.040901 0.169107
89640 44.8200 -1.042715 0.164851
89650 44.8250 -1.044596 0.160474
89660 44.8300 -1.046572 0.155917
89670 44.8350 -1.048470 0.151580
89680 44.8400 -1.050217 0.147619
89690 44.8450 -1.052143 0.143291
89700 44.8500 -1.053964 0.139235
89710 44.8550 -1.055615 0.135589
89720 44.8600 -1.057152 0.132218
89730 44.8650 -1.058446 0.129401
89740 44.8700 -1.059636 0.126824
89750 44.8750 -1.060797 0.124326
89760 44.8800 -1.061839 0.122096
89770 44.8850 -1.062833 0.119979
89780 44.8900 -1.063839 0.117846
89790 44.8950 -1.064635 0.116168
89800 44.9000 -1.065457 0.114440
89810 44.9050 -1.066082 0.113130
89820 44.9100 -1.066549 0.112155
89830 44.9150 -1.066951 0.111317
89840 44.9200 -1.067304 0.110584
89850 44.9250 -1.067757 0.109643
89860 44.9300 -1.067976 0.109190
89870 44.9350 -1.068021 0.109098
89880 44.9400 -1.068155 0.108820
89890 44.9450 -1.068427 0.108257
89900 44.9500 -1.068808 0.107471
89910 44.9550 -1.069121 0.106826
89920 44.9600 -1.069393 0.106267
89930 44.9650 -1.069458 0.106132
89940 44.9700 -1.069406 0.106239
89950 44.9750 -1.069106 0.106857
89960 44.9800 -1.068630 0.107838
89970 44.9850 -1.067956 0.109232
89980 44.9900 -1.067230 0.110738
89990 44.9950 -1.066477 0.112306
90000 45.0000 -1.065403 0.114553
90010 45.0050 -1.064409 0.115180
90020 45.0100 -1.063182 0.117746
90030 45.0150 -1.061857 0.120534
90040 45.0200 -1.060428 0.123562
90050 45.0250 -1.059008 0.126591
90060 45.0300 -1.057577 0.129666
90070 45.0350 -1.056215 0.132612
90080 45.0400 -1.054714 0.135881
90090 45.0450 -1.053112 0.139396
90100 45.0500 -1.051269 0.143473
90110 45.0550 -1.049340 0.147780
90120 45.0600 -1.047397 0.152156
90130 45.0650 -1.045270 0.156994
90140 45.0700 -1.043149 0.161867
90150 45.0750 -1.041407 0.165903
90160 45.0800 -1.039694 0.169904
90170 45.0850 -1.038110 0.173632
90180 45.0900 -1.036622 0.177157
90190 45.0950 -1.035156 0.180654
90200 45.1000 -1.033791 0.183931
90210 45.1050 -1.032408 0.187270
90220 45.1100 -1.031071 0.190517
90230 45.1150 -1.029856 0.193486
90240 45.1200 -1.028477 0.196874
90250 45.1250 -1.026720 0.201222
90260 45.1300 -1.024873 0.205828
90270 45.1350 -1.023360 0.209628
90280 45.1400 -1.022000 0.213064
90290 45.1450 -1.020755 0.216230
90300 45.1500 -1.019823 0.218609
90310 45.1550 -1.018892 0.220994
90320 45.1600 -1.017896 0.223558
90330 45.1650 -1.016822 0.226335
90340 45.1700 -1.015807 0.228969
90350 45.1750 -1.014945 0.231216
90360 45.1800 -1.014132 0.233344
90370 45.1850 -1.013495 0.235013
90380 45.1900 -1.012765 0.236935
90390 45.1950 -1.012180 0.238479
90400 45.2000 -1.011733 0.239659
90410 45.2050 -1.011526 0.240209
90420 45.2100 -1.011490 0.240304
90430 45.2150 -1.011619 0.239963
90440 45.2200 -1.011976 0.239018
90450 45.2250 -1.012431 0.237816
90460 45.2300 -1.012740 0.237002
90470 45.2350 -1.013001 0.236315
90480 45.2400 -1.013177 0.235849
90490 45.2450 -1.013407 0.235245
90500 45.2500 -1.013681 0.234525
90510 45.2550 -1.014020 0.212205
90520 45.2600 -1.014357 0.211336
90530 45.2650 -1.014852 0.210061
90540 45.2700 -1.015275 0.208972
90550 45.2750 -1.015635 0.208048
90560 45.2800 -1.016136 0.206765
90570 45.2850 -1.016855 0.204928
90580 45.2900 -1.017554 0.203146
90590 45.2950 -1.018303 0.201245
90600 45.3000 -1.018998 0.199486
90610 45.3050 -1.019898 0.197212
90620 45.3100 -1.021027 0.194376
90630 45.3150 -1.022142 0.191588
90640 45.3200 -1.023235 0.188868
90650 45.3250 -1.024464 0.185822
90660 45.3300 -1.025883 0.182328
90670 45.3350 -1.027164 0.179192
90680 45.3400 -1.028548 0.175822
90690 45.3450 -1.029896 0.172561
90700 45.3500 -1.031243 0.169321
90710 45.3550 -1.032875 0.165420
90720 45.3600 -1.034413 0.161771
90730 45.3650 -1.035835 0.158421
90740 45.3700 -1.037126 0.155394
90750 45.3750 -1.038275 0.152718
90760 45.3800 -1.039514 0.149846
90770 45.3850 -1.040885 0.146688
90780 45.3900 -1.042226 0.143617
90790 45.3950 -1.043620 0.140444
90800 45.4000 -1.044875 0.137606
90810 45.4050 -1.046134 0.134776
90820 45.4100 -1.047306 0.132155
90830 45.4150 -1.048589 0.129302
90840 45.4200 -1.050005 0.126175
90850 45.4250 -1.051398 0.123118
90860 45.4300 -1.052815 0.120029
90870 45.4350 -1.053919 0.117638
90880 45.4400 -1.054736 0.115876
90890 45.4450 -1.055282 0.114701
90900 45.4500 -1.055968 0.113232
90910 45.4550 -1.056644 0.111789
90920 45.4600 -1.057024 0.110978
90930 45.4650 -1.057426 0.110123
90940 45.4700 -1.057957 0.108996
90950 45.4750 -1.058248 0.108380
90960 45.4800 -1.058276 0.108321
90970 45.4850 -1.058258 0.108358
90980 45.4900 -1.058054 0.108790
90990 45.4950 -1.057971 0.108966
91000 45.5000 -1.058123 0.108645
91010 45.5050 -1.058074 0.107379
91020 45.5100 -1.057839 0.107872
91030 45.5150 -1.057490 0.108604
91040 45.5200 -1.057160 0.109297
91050 45.5250 -1.056715 0.110234
91060 45.5300 -1.056106 0.111520
91070 45.5350 -1.055276 0.113279
91080 45.5400 -1.054276 0.115407
91090 45.5450 -1.053032 0.118068
91100 45.5500 -1.051788 0.120745
91110 45.5550 -1.050581 0.123358
91120 45.5600 -1.049500 0.125710
91130 45.5650 -1.048200 0.128556
91140 45.5700 -1.046891 0.131440
91150 45.5750 -1.045647 0.134196
91160 45.5800 -1.044444 0.136878
91170 45.5850 -1.043252 0.139549
91180 45.5900 -1.042112 0.142119
91190 45.5950 -1.040829 0.145026
91200 45.6000 -1.039459 0.148148
91210 45.6050 -1.038134 0.151187
91220 45.6100 -1.036820 0.154221
91230 45.6150 -1.035401 0.157515
91240 45.6200 -1.034095 0.160568
91250 45.6250 -1.032779 0.163659
91260 45.6300 -1.031516 0.166644
91270 45.6350 -1.030162 0.169864
91280 45.6400 -1.028893 0.172900
91290 45.6450 -1.027493 0.176267
91300 45.6500 -1.026006 0.179866
91310 45.6550 -1.024622 0.183239
91320 45.6600 -1.023205 0.186712
91330 45.6650 -1.021955 0.189795
91340 45.6700 -1.020677 0.192963
91350 45.6750 -1.019523 0.195836
91360 45.6800 -1.018624 0.198087
91370 45.6850 -1.017730 0.200333
91380 45.6900 -1.016881 0.202474
91390 45.6950 -1.015843 0.205102
91400 45.7000 -1.014809 0.207732
91410 45.7050 -1.013828 0.210237
91420 45.7100 -1.012870 0.212695
91430 45.7150 -1.012061 0.214776
91440 45.7200 -1.011400 0.216485
91450 45.7250 -1.010808 0.218016
91460 45.7300 -1.010213 0.219559
91470 45.7350 -1.009627 0.221084
91480 45.7400 -1.009166 0.222286
91490 45.7450 -1.008717 0.223459
91500 45.7500 -1.008501 0.224025
91510 45.7550 -1.008341 0.207637
91520 45.7600 -1.008206 0.207985
91530 45.7650 -1.008248 0.207877
91540 45.7700 -1.008560 0.207071
91550 45.7750 -1.009205 0.205411
91560 45.7800 -1.010046 0.203253
91570 45.7850 -1.010836 0.201234
91580 45.7900 -1.011580 0.199336
91590 45.7950 -1.012342 0.197401
91600 45.8000 -1.013153 0.195346
91610 45.8050 -1.014133 0.192876
91620 45.8100 -1.015097 0.190454
91630 45.8150 -1.015975 0.188256
91640 45.8200 -1.016930 0.185875
91650 45.8250 -1.017936 0.183378
91660 45.8300 -1.019068 0.180579
91670 45.8350 -1.020388 0.177336
91680 45.8400 -1.021873 0.173708
91690 45.8450 -1.023343 0.170138
91700 45.8500 -1.024742 0.166762
91710 45.8550 -1.026220 0.163219
91720 45.8600 -1.027752 0.159571
91730 45.8650 -1.029314 0.155875
91740 45.8700 -1.031016 0.151877
91750 45.8750 -1.032683 0.147992
91760 45.8800 -1.034296 0.144260
91770 45.8850 -1.035903 0.140569
91780 45.8900 -1.037531 0.136856
91790 45.8950 -1.039319 0.132809
91800 45.9000 -1.041031 0.128966
91810 45.9050 -1.042767 0.125100
91820 45.9100 -1.044765 0.120689
91830 45.9150 -1.047015 0.115769
91840 45.9200 -1.049258 0.110919
91850 45.9250 -1.051433 0.106263
91860 45.9300 -1.053558 0.101762
91870 45.9350 -1.055439 0.097815
91880 45.9400 -1.057293 0.093961
91890 45.9450 -1.059405 0.089611
91900 45.9500 -1.061663 0.085012
91910 45.9550 -1.063974 0.080358
91920 45.9600 -1.066255 0.075819
91930 45.9650 -1.068463 0.071474
91940 45.9700 -1.070659 0.067201
91950 45.9750 -1.072668 0.063334
91960 45.9800 -1.074741 0.059387
91970 45.9850 -1.076854 0.055408
91980 45.9900 -1.078855 0.051682
91990 45.9950 -1.080792 0.048113
92000 46.0000 -1.082410 0.045161
92010 46.0050 -1.083718 0.042332
92020 46.0100 -1.084999 0.040054
92030 46.0150 -1.086251 0.037842
92040 46.0200 -1.087538 0.035585
92050 46.0250 -1.088779 0.033424
92060 46.0300 -1.089832 0.031601
92070 46.0350 -1.090735 0.030050
92080 46.0400 -1.091545 0.028663
92090 46.0450 -1.092419 0.027175
92100 46.0500 -1.093305 0.025673
92110 46.0550 -1.093950 0.024585
92120 46.0600 -1.094263 0.024059
92130 46.0650 -1.094418 0.023800
92140 46.0700 -1.094362 0.023893
92150 46.0750 -1.094541 0.023593
92160 46.0800 -1.094546 0.023584
92170 46.0850 -1.094395 0.023838
92180 46.0900 -1.094185 0.024191
92190 46.0950 -1.093770 0.024889
92200 46.1000 -1.093217 0.025823
92210 46.1050 -1.092653 0.026777
92220 46.1100 -1.092010 0.027869
92230 46.1150 -1.091139 0.029356
92240 46.1200 -1.090182 0.030999
92250 46.1250 -1.089059 0.032938
92260 46.1300 -1.087744 0.035225
92270 46.1350 -1.086354 0.037659
92280 46.1400 -1.084966 0.040112
92290 46.1450 -1.083509 0.042705
92300 46.1500 -1.081908 0.045580
92310 46.1550 -1.080253 0.048578
92320 46.1600 -1.078581 0.051637
92330 46.1650 -1.076543 0.055400
92340 46.1700 -1.074374 0.059452
92350 46.1750 -1.072120 0.063714
92360 46.1800 -1.069991 0.067787
92370 46.1850 -1.068044 0.071550
92380 46.1900 -1.066056 0.075431
92390 46.1950 -1.064101 0.079290
92400 46.2000 -1.062112 0.083253
92410 46.2050 -1.060099 0.087305
92420 46.2100 -1.058016 0.091541
92430 46.2150 -1.055940 0.095808
92440 46.2200 -1.053867 0.100112
92450 46.2250 -1.051753 0.104546
92460 46.2300 -1.049597 0.109116
92470 46.2350 -1.047554 0.113488
92480 46.2400 -1.045522 0.117883
92490 46.2450 -1.043206 0.122940
92500 46.2500 -1.040736 0.128396
92510 46.2550 -1.038068 0.132595
92520 46.2600 -1.035330 0.138718
92530 46.2650 -1.032766 0.144521
92540 46.2700 -1.030181 0.150442
92550 46.2750 -1.027595 0.156435
92560 46.2800 -1.025122 0.162231
92570 46.2850 -1.022525 0.168389
92580 46.2900 -1.019739 0.175072
92590 46.2950 -1.017163 0.181323
92600 46.3000 -1.014752 0.187241
92610 46.3050 -1.012476 0.192880
92620 46.3100 -1.010260 0.198428
92630 46.3150 -1.008237 0.203535
92640 46.3200 -1.006341 0.208365
92650 46.3250 -1.004545 0.212974
92660 46.3300 -1.002791 0.217509
92670 46.3350 -1.001489 0.220895
92680 46.3400 -1.000471 0.223558
92690 46.3450 -0.999966 0.224882
92700 46.3500 -0.999798 0.225324
92710 46.3550 -0.999725 0.225516
92720 46.3600 -0.999736 0.225486
92730 46.3650 -0.999903 0.225047
92740 46.3700 -0.999874 0.225124
92750 46.3750 -0.999895 0.225068
92760 46.3800 -0.999947 0.224932
92770 46.3850 -1.000380 0.223796
92780 46.3900 -1.001146 0.221792
92790 46.3950 -1.002196 0.219055
92800 46.4000 -1.003355 0.216048
92810 46.4050 -1.004597 0.212840
92820 46.4100 -1.005702 0.210001
92830 46.4150 -1.006946 0.206820
92840 46.4200 -1.008684 0.202404
92850 46.4250 -1.010559 0.197676
92860 46.4300 -1.012637 0.192481
92870 46.4350 -1.014886 0.186909
92880 46.4400 -1.017409 0.180724
92890 46.4450 -1.020000 0.174443
92900 46.4500 -1.022641 0.168112
92910 46.4550 -1.025307 0.161796
92920 46.4600 -1.028136 0.155176
92930 46.4650 -1.030919 0.148745
92940 46.4700 -1.033647 0.142521
92950 46.4750 -1.036371 0.136380
92960 46.4800 -1.039033 0.130454
92970 46.4850 -1.041720 0.124547
92980 46.4900 -1.044230 0.119097
92990 46.4950 -1.046492 0.114241
93000 46.5000 -1.048710 0.109528
93010 46.5050 -1.051097 0.103187
93020 46.5100 -1.053406 0.098447
93030 46.5150 -1.055360 0.094477
93040 46.5200 -1.057311 0.090554
93050 46.5250 -1.059269 0.086654
93060 46.5300 -1.061063 0.083113
93070 46.5350 -1.062711 0.079891
93080 46.5400 -1.064091 0.077213
93090 46.5450 -1.065302 0.074879
93100 46.5500 -1.066165 0.073225
93110 46.5550 -1.066759 0.072089
93120 46.5600 -1.067190 0.071268
93130 46.5650 -1.067754 0.070196
93140 46.5700 -1.068224 0.069307
93150 46.5750 -1.068698 0.068410
93160 46.5800 -1.068947 0.067940
93170 46.5850 -1.068858 0.068109
93180 46.5900 -1.068650 0.068502
93190 46.5950 -1.068362 0.069044
93200 46.6000 -1.067965 0.069796
93210 46.6050 -1.067419 0.070833
93220 46.6100 -1.066966 0.071695
93230 46.6150 -1.066433 0.072711
93240 46.6200 -1.065807 0.073909
93250 46.6250 -1.065311 0.074862
93260 46.6300 -1.064577 0.076274
93270 46.6350 -1.063814 0.077748
93280 46.6400 -1.063017 0.079295
93290 46.6450 -1.061949 0.081377
93300 46.6500 -1.060707 0.083814
93310 46.6550 -1.059418 0.086357
93320 46.6600 -1.057983 0.089211
93330 46.6650 -1.056435 0.092310
93340 46.6700 -1.054859 0.095492
93350 46.6750 -1.053377 0.098507
93360 46.6800 -1.052106 0.101108
93370 46.6850 -1.050883 0.103629
93380 46.6900 -1.049659 0.106167
93390 46.6950 -1.048298 0.109005
93400 46.7000 -1.047210 0.111288
93410 46.7050 -1.046267 0.113277
93420 46.7100 -1.045549 0.114798
93430 46.7150 -1.044944 0.116084
93440 46.7200 -1.044457 0.117121
93450 46.7250 -1.043882 0.118347
93460 46.7300 -1.043435 0.119304
93470 46.7350 -1.043151 0.119913
93480 46.7400 -1.043156 0.119902
93490 46.7450 -1.043064 0.120101
93500 46.7500 -1.042945 0.120356
93510 46.7550 -1.043058 0.077961
93520 46.7600 -1.043299 0.077450
93530 46.7650 -1.043662 0.076681
93540 46.7700 -1.043930 0.076115
93550 46.7750 -1.044077 0.075803
93560 46.7800 -1.044244 0.075451
93570 46.7850 -1.044418 0.075084
93580 46.7900 -1.044611 0.074678
93590 46.7950 -1.044706 0.074477
93600 46.8000 -1.044729 0.074430
93610 46.8050 -1.044728 0.074432
93620 46.8100 -1.044863 0.074148
93630 46.8150 -1.044860 0.074154
93640 46.8200 -1.044739 0.074409
93650 46.8250 -1.044617 0.074666
93660 46.8300 -1.044609 0.074683
93670 46.8350 -1.044632 0.074634
93680 46.8400 -1.044400 0.075123
93690 46.8450 -1.044055 0.075850
93700 46.8500 -1.043788 0.076415
93710 46.8550 -1.043446 0.077139
93720 46.8600 -1.043195 0.077670
93730 46.8650 -1.042762 0.078588
93740 46.8700 -1.042160 0.079869
93750 46.8750 -1.041451 0.081382
93760 46.8800 -1.040755 0.082874
93770 46.8850 -1.040063 0.084359
93780 46.8900 -1.039376 0.085841
93790 46.8950 -1.038865 0.086946
93800 46.9000 -1.038529 0.087673
93810 46.9050 -1.038043 0.088727
93820 46.9100 -1.037567 0.089763
93830 46.9150 -1.037147 0.090678
93840 46.9200 -1.036864 0.091297
93850 46.9250 -1.036581 0.091914
93860 46.9300 -1.036195 0.092760
93870 46.9350 -1.035770 0.093692
93880 46.9400 -1.035628 0.094004
93890 46.9450 -1.035713 0.093818
93900 46.9500 -1.035881 0.093448
93910 46.9550 -1.036102 0.092964
93920 46.9600 -1.036409 0.092291
93930 46.9650 -1.036844 0.091340
93940 46.9700 -1.037372 0.090187
93950 46.9750 -1.037928 0.088977
93960 46.9800 -1.038576 0.087570
93970 46.9850 -1.039258 0.086094
93980 46.9900 -1.039598 0.085361
93990 46.9950 -1.040053 0.084380
94000 47.0000 -1.040578 0.083252
94010 47.0050 -1.041013 0.079061
94020 47.0100 -1.041286 0.078485
94030 47.0150 -1.041790 0.077419
94040 47.0200 -1.042276 0.076397
94050 47.0250 -1.042728 0.075445
94060 47.0300 -1.043286 0.074276
94070 47.0350 -1.044118 0.072537
94080 47.0400 -1.044938 0.070831
94090 47.0450 -1.045773 0.069098
94100 47.0500 -1.046589 0.067413
94110 47.0550 -1.047356 0.065837
94120 47.0600 -1.048176 0.064157
94130 47.0650 -1.048891 0.062697
94140 47.0700 -1.049391 0.061680
94150 47.0750 -1.049882 0.060684
94160 47.0800 -1.050249 0.059940
94170 47.0850 -1.050695 0.059039
94180 47.0900 -1.051123 0.058176
94190 47.0950 -1.051641 0.057132
94200 47.1000 -1.052094 0.056223
94210 47.1050 -1.052514 0.055381
94220 47.1100 -1.053022 0.054367
94230 47.1150 -1.053440 0.053533
94240 47.1200 -1.053769 0.052878
94250 47.1250 -1.053732 0.052952
94260 47.1300 -1.053478 0.053458
94270 47.1350 -1.053183 0.054045
94280 47.1400 -1.052909 0.054593
94290 47.1450 -1.052455 0.055500
94300 47.1500 -1.051964 0.056484
94310 47.1550 -1.051418 0.057580
94320 47.1600 -1.050635 0.059160
94330 47.1650 -1.049641 0.061171
94340 47.1700 -1.048638 0.063214
94350 47.1750 -1.047651 0.065231
94360 47.1800 -1.046380 0.067844
94370 47.1850 -1.045015 0.070671
94380 47.1900 -1.043609 0.073601
94390 47.1950 -1.042119 0.076726
94400 47.2000 -1.040697 0.079731
94410 47.2050 -1.039339 0.082620
94420 47.2100 -1.038095 0.085284
94430 47.2150 -1.036923 0.087807
94440 47.2200 -1.035636 0.090594
94450 47.2250 -1.034342 0.093413
94460 47.2300 -1.033115 0.096103
94470 47.2350 -1.031814 0.098970
94480 47.2400 -1.030529 0.101820
94490 47.2450 -1.029428 0.104276
94500 47.2500 -1.028328 0.106743
94510 47.2550 -1.027091 0.108092
94520 47.2600 -1.025592 0.111451
94530 47.2650 -1.024043 0.114946
94540 47.2700 -1.022438 0.118594
94550 47.2750 -1.020845 0.122240
94560 47.2800 -1.019297 0.125809
94570 47.2850 -1.017890 0.129075
94580 47.2900 -1.016428 0.132490
94590 47.2950 -1.014953 0.135958
94600 47.3000 -1.013482 0.139439
94610 47.3050 -1.012176 0.142552
94620 47.3100 -1.010986 0.145400
94630 47.3150 -1.009668 0.148574
94640 47.3200 -1.008178 0.152186
94650 47.3250 -1.006760 0.155645
94660 47.3300 -1.005598 0.158494
94670 47.3350 -1.004754 0.160574
94680 47.3400 -1.004047 0.162320
94690 47.3450 -1.003584 0.163468
94700 47.3500 -1.003310 0.164147
94710 47.3550 -1.003568 0.163506
94720 47.3600 -1.003843 0.162825
94730 47.3650 -1.004315 0.161657
94740 47.3700 -1.005027 0.159899
94750 47.3750 -1.006033 0.157426
94760 47.3800 -1.007082 0.154858
94770 47.3850 -1.008234 0.152049
94780 47.3900 -1.009394 0.149237
94790 47.3950 -1.010711 0.146061
94800 47.4000 -1.012295 0.142267
94810 47.4050 -1.014243 0.137636
94820 47.4100 -1.016430 0.132485
94830 47.4150 -1.018703 0.127185
94840 47.4200 -1.021127 0.121593
94850 47.4250 -1.023802 0.115491
94860 47.4300 -1.026603 0.109183
94870 47.4350 -1.029487 0.102773
94880 47.4400 -1.032432 0.096315
94890 47.4450 -1.035721 0.089208
94900 47.4500 -1.038944 0.082352
94910 47.4550 -1.042243 0.075442
94920 47.4600 -1.045593 0.068537
94930 47.4650 -1.048934 0.061765
94940 47.4700 -1.052206 0.055239
94950 47.4750 -1.055227 0.049311
94960 47.4800 -1.058110 0.043736
94970 47.4850 -1.060803 0.038605
94980 47.4900 -1.063450 0.033629
94990 47.4950 -1.066036 0.028835
95000 47.5000 -1.068431 0.024455
95010 47.5050 -1.070870 0.019840
95020 47.5100 -1.073359 0.015452
95030 47.5150 -1.075738 0.011314
95040 47.5200 -1.078119 0.007226
95050 47.5250 -1.080331 0.003479
95060 47.5300 -1.082274 0.000226
95070 47.5350 -1.084008 0.000000
95080 47.5400 -1.085388 0.000000
95090 47.5450 -1.086580 0.000000
95100 47.5500 -1.087473 0.000000
95110 47.5550 -1.088214 0.000000
95120 47.5600 -1.088612 0.000000
95130 47.5650 -1.088836 0.000000
95140 47.5700 -1.088696 0.000000
95150 47.5750 -1.088458 0.000000
95160 47.5800 -1.088056 0.000000
95170 47.5850 -1.087454 0.000000
95180 47.5900 -1.086621 0.000000
95190 47.5950 -1.085396 0.000000
95200 47.6000 -1.083736 0.000000
95210 47.6050 -1.081969 0.000734
95220 47.6100 -1.080083 0.003897
95230 47.6150 -1.077983 0.007459
95240 47.6200 -1.075856 0.011110
95250 47.6250 -1.073620 0.014995
95260 47.6300 -1.071246 0.019174
95270 47.6350 -1.068861 0.023427
95280 47.6400 -1.066220 0.028202
95290 47.6450 -1.063340 0.033487
95300 47.6500 -1.060151 0.039436
95310 47.6550 -1.056942 0.045521
95320 47.6600 -1.053695 0.051784
95330 47.6650 -1.050481 0.058086
95340 47.6700 -1.047328 0.064370
95350 47.6750 -1.044415 0.070263
95360 47.6800 -1.041455 0.076341
95370 47.6850 -1.038441 0.082620
95380 47.6900 -1.035516 0.088801
95390 47.6950 -1.032808 0.094602
95400 47.7000 -1.030277 0.100093
95410 47.7050 -1.027803 0.105522
95420 47.7100 -1.025256 0.111179
95430 47.7150 -1.022561 0.117239
95440 47.7200 -1.019828 0.123460
95450 47.7250 -1.017139 0.129658
95460 47.7300 -1.014425 0.135991
95470 47.7350 -1.011785 0.142225
95480 47.7400 -1.009065 0.148729
95490 47.7450 -1.006394 0.155189
95500 47.7500 -1.003929 0.161221
95510 47.7550 -1.001571 0.164641
95520 47.7600 -0.999299 0.170239
95530 47.7650 -0.997016 0.175919
95540 47.7700 -0.994764 0.181578
95550 47.7750 -0.992582 0.187112
95560 47.7800 -0.990430 0.192623
95570 47.7850 -0.988253 0.198249
95580 47.7900 -0.986183 0.203649
95590 47.7950 -0.984284 0.208642
95600 47.8000 -0.982423 0.213573
95610 47.8050 -0.980767 0.217997
95620 47.8100 -0.979324 0.221874
95630 47.8150 -0.978005 0.225439
95640 47.8200 -0.976736 0.228888
95650 47.8250 -0.975422 0.232478
95660 47.8300 -0.974168 0.235921
95670 47.8350 -0.973190 0.238620
95680 47.8400 -0.972366 0.240904
95690 47.8450 -0.971885 0.242239
95700 47.8500 -0.971385 0.243632
95710 47.8550 -0.970961 0.244813
95720 47.8600 -0.970412 0.246346
95730 47.8650 -0.970000 0.247499
95740 47.8700 -0.969529 0.248819
95750 47.8750 -0.968950 0.250446
95760 47.8800 -0.968305 0.252262
95770 47.8850 -0.967626 0.254183
95780 47.8900 -0.967083 0.255719
95790 47.8950 -0.966634 0.256994
95800 47.9000 -0.966382 0.257709
95810 47.9050 -0.966213 0.258190
95820 47.9100 -0.966346 0.257811
95830 47.9150 -0.966394 0.257675
95840 47.9200 -0.966478 0.257436
95850 47.9250 -0.966520 0.257316
95860 47.9300 -0.966520 0.257317
95870 47.9350 -0.966657 0.256928
95880 47.9400 -0.966795 0.256535
95890 47.9450 -0.966947 0.256105
95900 47.9500 -0.967226 0.255313
95910 47.9550 -0.967669 0.254059
95920 47.9600 -0.968283 0.252326
95930 47.9650 -0.968986 0.250345
95940 47.9700 -0.969686 0.248379
95950 47.9750 -0.970562 0.245927
95960 47.9800 -0.971340 0.243755
95970 47.9850 -0.972078 0.241704
95980 47.9900 -0.972946 0.239296
95990 47.9950 -0.973930 0.236577
96000 48.0000 -0.974862 0.234014
96010 48.0050 -0.975786 0.227748
96020 48.0100 -0.976925 0.224689
96030 48.0150 -0.978166 0.221374
96040 48.0200 -0.979142 0.218781
96050 48.0250 -0.980021 0.216451
96060 48.0300 -0.981072 0.213679
96070 48.0350 -0.982250 0.210585
96080 48.0400 -0.983693 0.206816
96090 48.0450 -0.985255 0.202764
96100 48.0500 -0.986731 0.198956
96110 48.0550 -0.988471 0.194501
96120 48.0600 -0.990498 0.189351
96130 48.0650 -0.992758 0.183660
96140 48.0700 -0.995144 0.177715
96150 48.0750 -0.997712 0.171382
96160 48.0800 -1.000458 0.164688
96170 48.0850 -1.003234 0.158001
96180 48.0900 -1.006035 0.151337
96190 48.0950 -1.008655 0.145177
96200 48.1000 -1.011219 0.139219
96210 48.1050 -1.013974 0.132893
96220 48.1100 -1.016687 0.126739
96230 48.1150 -1.019274 0.120942
96240 48.1200 -1.021964 0.114987
96250 48.1250 -1.024616 0.109188
96260 48.1300 -1.027411 0.103152
96270 48.1350 -1.030277 0.097046
96280 48.1400 -1.033085 0.091144
96290 48.1450 -1.035817 0.085476
96300 48.1500 -1.038699 0.079577
96310 48.1550 -1.041606 0.073711
96320 48.1600 -1.044671 0.067616
96330 48.1650 -1.047793 0.061502
96340 48.1700 -1.050587 0.056111
96350 48.1750 -1.053009 0.051500
96360 48.1800 -1.055269 0.047248
96370 48.1850 -1.057486 0.043125
96380 48.1900 -1.059572 0.039288
96390 48.1950 -1.061564 0.035664
96400 48.2000 -1.063369 0.032411
96410 48.2050 -1.065311 0.028948
96420 48.2100 -1.067164 0.025677
96430 48.2150 -1.068849 0.022732
96440 48.2200 -1.070354 0.020123
96450 48.2250 -1.071537 0.018088
96460 48.2300 -1.072659 0.016169
96470 48.2350 -1.073527 0.014693
96480 48.2400 -1.074343 0.013313
96490 48.2450 -1.075002 0.012202
96500 48.2500 -1.075409 0.011519
96510 48.2550 -1.075506 0.011246
96520 48.2600 -1.075363 0.011484
96530 48.2650 -1.075005 0.012080
96540 48.2700 -1.074493 0.012934
96550 48.2750 -1.073887 0.013948
96560 48.2800 -1.073311 0.014916
96570 48.2850 -1.072807 0.015765
96580 48.2900 -1.072224 0.016749
96590 48.2950 -1.071554 0.017886
96600 48.3000 -1.070790 0.019186
96610 48.3050 -1.069952 0.020619
96620 48.3100 -1.069068 0.022138
96630 48.3150 -1.068065 0.023871
96640 48.3200 -1.066678 0.026283
96650 48.3250 -1.065445 0.028442
96660 48.3300 -1.064248 0.030553
96670 48.3350 -1.063085 0.032616
96680 48.3400 -1.062100 0.034373
96690 48.3450 -1.060899 0.036530
96700 48.3500 -1.059549 0.038969
96710 48.3550 -1.058116 0.041578
96720 48.3600 -1.056758 0.044068
96730 48.3650 -1.055495 0.046400
96740 48.3700 -1.054459 0.048327
96750 48.3750 -1.053454 0.050204
96760 48.3800 -1.052464 0.052062
96770 48.3850 -1.051478 0.053923
96780 48.3900 -1.050687 0.055422
96790 48.3950 -1.050017 0.056697
96800 48.4000 -1.049405 0.057866
96810 48.4050 -1.048814 0.058997
96820 48.4100 -1.048454 0.059689
96830 48.4150 -1.048117 0.060338
96840 48.4200 -1.047930 0.060697
96850 48.4250 -1.047880 0.060793
96860 48.4300 -1.047744 0.061056
96870 48.4350 -1.047701 0.061139
96880 48.4400 -1.047662 0.061213
96890 48.4450 -1.047626 0.061284
96900 48.4500 -1.047602 0.061330
96910 48.4550 -1.047634 0.061267
96920 48.4600 -1.047559 0.061412
96930 48.4650 -1.047395 0.061729
96940 48.4700 -1.047452 0.061620
96950 48.4750 -1.047536 0.061457
96960 48.4800 -1.047667 0.061205
96970 48.4850 -1.047701 0.061138
96980 48.4900 -1.047536 0.061457
96990 48.4950 -1.047423 0.061674
97000 48.5000 -1.047284 0.061943
97010 48.5050 -1.047204 0.061387
97020 48.5100 -1.047169 0.061453
97030 48.5150 -1.047129 0.061531
97040 48.5200 -1.047085 0.061614
97050 48.5250 -1.047034 0.061712
97060 48.5300 -1.046940 0.061892
97070 48.5350 -1.046856 0.062052
97080 48.5400 -1.046919 0.061932
97090 48.5450 -1.047114 0.061559
97100 48.5500 -1.047299 0.061205
97110 48.5550 -1.047527 0.060769
97120 48.5600 -1.047741 0.060360
97130 48.5650 -1.047899 0.060058
97140 48.5700 -1.048214 0.059460
97150 48.5750 -1.048658 0.058616
97160 48.5800 -1.049039 0.057893
97170 48.5850 -1.049493 0.057032
97180 48.5900 -1.049679 0.056681
97190 48.5950 -1.049801 0.056451
97200 48.6000 -1.050216 0.055668
97210 48.6050 -1.050659 0.054834
97220 48.6100 -1.051032 0.054134
97230 48.6150 -1.051542 0.053179
97240 48.6200 -1.051832 0.052636
97250 48.6250 -1.051846 0.052610
97260 48.6300 -1.051776 0.052741
97270 48.6350 -1.051880 0.052548
97280 48.6400 -1.051806 0.052685
97290 48.6450 -1.051572 0.053122
97300 48.6500 -1.051352 0.053535
97310 48.6550 -1.051084 0.054037
97320 48.6600 -1.050754 0.054657
97330 48.6650 -1.050291 0.055528
97340 48.6700 -1.049947 0.056175
97350 48.6750 -1.049635 0.056764
97360 48.6800 -1.049129 0.057723
97370 48.6850 -1.048540 0.058839
97380 48.6900 -1.048081 0.059713
97390 48.6950 -1.047545 0.060735
97400 48.7000 -1.046791 0.062177
97410 48.7050 -1.045728 0.064222
97420 48.7100 -1.044568 0.066463
97430 48.7150 -1.043187 0.069152
97440 48.7200 -1.041601 0.072260
97450 48.7250 -1.039882 0.075658
97460 48.7300 -1.038192 0.079028
97470 48.7350 -1.036420 0.082592
97480 48.7400 -1.034458 0.086573
97490 48.7450 -1.032497 0.090591
97500 48.7500 -1.030504 0.094716
97510 48.7550 -1.028558 0.097556
97520 48.7600 -1.026802 0.101216
97530 48.7650 -1.025312 0.104347
97540 48.7700 -1.023927 0.107275
97550 48.7750 -1.022539 0.110229
97560 48.7800 -1.021283 0.112920
97570 48.7850 -1.020240 0.115168
97580 48.7900 -1.019183 0.117456
97590 48.7950 -1.017990 0.120052
97600 48.8000 -1.017019 0.122177
97610 48.8050 -1.016148 0.124090
97620 48.8100 -1.015190 0.126204
97630 48.8150 -1.014315 0.128142
97640 48.8200 -1.013674 0.129568
97650 48.8250 -1.013160 0.130714
97660 48.8300 -1.012736 0.131661
97670 48.8350 -1.012376 0.132468
97680 48.8400 -1.012351 0.132524
97690 48.8450 -1.012494 0.132203
97700 48.8500 -1.012741 0.131650
97710 48.8550 -1.012855 0.131395
97720 48.8600 -1.012779 0.131566
97730 48.8650 -1.012692 0.131761
97740 48.8700 -1.012600 0.131965
97750 48.8750 -1.012456 0.132289
97760 48.8800 -1.012632 0.131895
97770 48.8850 -1.013034 0.130996
97780 48.8900 -1.013519 0.129914
97790 48.8950 -1.014120 0.128575
97800 48.9000 -1.014770 0.127132
97810 48.9050 -1.015498 0.125523
97820 48.9100 -1.016407 0.123520
97830 48.9150 -1.017435 0.121264
97840 48.9200 -1.018530 0.118876
97850 48.9250 -1.019577 0.116602
97860 48.9300 -1.020554 0.114489
97870 48.9350 -1.021669 0.112092
97880 48.9400 -1.022925 0.109405
97890 48.9450 -1.024272 0.106544
97900 48.9500 -1.025849 0.103216
97910 48.9550 -1.027201 0.100382
97920 48.9600 -1.028544 0.097587
97930 48.9650 -1.029836 0.094914
97940 48.9700 -1.030994 0.092533
97950 48.9750 -1.032188 0.090091
97960 48.9800 -1.033374 0.087682
97970 48.9850 -1.034548 0.085309
97980 48.9900 -1.035900 0.082594
97990 48.9950 -1.037270 0.079860
98000 49.0000 -1.038464 0.077494
98010 49.0050 -1.039640 0.074284
98020 49.0100 -1.040689 0.072253
98030 49.0150 -1.041597 0.070502
98040 49.0200 -1.042344 0.069066
98050 49.0250 -1.043110 0.067603
98060 49.0300 -1.043938 0.066025
98070 49.0350 -1.044929 0.064145
98080 49.0400 -1.045833 0.062440
98090 49.0450 -1.046752 0.060714
98100 49.0500 -1.047786 0.058783
98110 49.0550 -1.048622 0.057228
98120 49.0600 -1.049371 0.055843
98130 49.0650 -1.050159 0.054389
98140 49.0700 -1.050889 0.053048
98150 49.0750 -1.051480 0.051967
98160 49.0800 -1.052100 0.050835
98170 49.0850 -1.052801 0.049561
98180 49.0900 -1.053377 0.048517
98190 49.0950 -1.053852 0.047658
98200 49.1000 -1.054402 0.046668
98210 49.1050 -1.054685 0.046159
98220 49.1100 -1.054761 0.046023
98230 49.1150 -1.054947 0.045689
98240 49.1200 -1.055194 0.045245
98250 49.1250 -1.055523 0.044657
98260 49.1300 -1.055781 0.044196
98270 49.1350 -1.056005 0.043796
98280 49.1400 -1.056255 0.043351
98290 49.1450 -1.056350 0.043181
98300 49.1500 -1.056464 0.042978
98310 49.1550 -1.056548 0.042829
98320 49.1600 -1.056555 0.042816
98330 49.1650 -1.056389 0.043112
98340 49.1700 -1.055983 0.043836
98350 49.1750 -1.055334 0.044994
98360 49.1800 -1.054693 0.046145
98370 49.1850 -1.054178 0.047071
98380 49.1900 -1.053641 0.048040
98390 49.1950 -1.053287 0.048680
98400 49.2000 -1.052799 0.049563
98410 49.2050 -1.052299 0.050473
98420 49.2100 -1.052097 0.050841
98430 49.2150 -1.051906 0.051189
98440 49.2200 -1.051801 0.051379
98450 49.2250 -1.051762 0.051451
98460 49.2300 -1.051481 0.051964
98470 49.2350 -1.051076 0.052706
98480 49.2400 -1.050860 0.053101
98490 49.2450 -1.050777 0.053254
98500 49.2500 -1.050689 0.053415
98510 49.2550 -1.050384 0.053383
98520 49.2600 -1.049829 0.054394
98530 49.2650 -1.049152 0.055631
98540 49.2700 -1.048699 0.056462
98550 49.2750 -1.048276 0.057240
98560 49.2800 -1.047876 0.057977
98570 49.2850 -1.047345 0.058956
98580 49.2900 -1.046572 0.060388
98590 49.2950 -1.045651 0.062103
98600 49.3000 -1.044604 0.064061
98610 49.3050 -1.043743 0.065680
98620 49.3100 -1.042813 0.067437
98630 49.3150 -1.041700 0.069550
98640 49.3200 -1.040365 0.072101
98650 49.3250 -1.038962 0.074800
98660 49.3300 -1.037507 0.077622
98670 49.3350 -1.036021 0.080523
98680 49.3400 -1.034365 0.083784
98690 49.3450 -1.032602 0.087285
98700 49.3500 -1.030543 0.091411
98710 49.3550 -1.028478 0.095595
98720 49.3600 -1.026482 0.099678
98730 49.3650 -1.024417 0.103946
98740 49.3700 -1.022453 0.108046
98750 49.3750 -1.020492 0.112177
98760 49.3800 -1.018634 0.116130
98770 49.3850 -1.016609 0.120475
98780 49.3900 -1.014508 0.125030
98790 49.3950 -1.012671 0.129052
98800 49.4000 -1.011010 0.132717
98810 49.4050 -1.009649 0.135742
98820 49.4100 -1.008503 0.138303
98830 49.4150 -1.007619 0.140290
98840 49.4200 -1.006903 0.141905
98850 49.4250 -1.006421 0.142994
98860 49.4300 -1.006044 0.143849
98870 49.4350 -1.005652 0.144737
98880 49.4400 -1.005468 0.145155
98890 49.4450 -1.005382 0.145350
98900 49.4500 -1.005139 0.145903
98910 49.4550 -1.004941 0.146355
98920 49.4600 -1.004743 0.146808
98930 49.4650 -1.004635 0.147054
98940 49.4700 -1.004647 0.147027
98950 49.4750 -1.004712 0.146878
98960 49.4800 -1.004886 0.146481
98970 49.4850 -1.004978 0.146272
98980 49.4900 -1.005289 0.145562
98990 49.4950 -1.005676 0.144682
99000 49.5000 -1.006066 0.143798
99010 49.5050 -1.006495 0.140887
99020 49.5100 -1.007222 0.139265
99030 49.5150 -1.008097 0.137319
99040 49.5200 -1.009008 0.135303
99050 49.5250 -1.010062 0.132982
99060 49.5300 -1.011297 0.130275
99070 49.5350 -1.012938 0.126706
99080 49.5400 -1.014934 0.122401
99090 49.5450 -1.016962 0.118068
99100 49.5500 -1.019069 0.113610
99110 49.5550 -1.021234 0.109078
99120 49.5600 -1.023253 0.104895
99130 49.5650 -1.025227 0.100845
99140 49.5700 -1.027364 0.096506
99150 49.5750 -1.029549 0.092115
99160 49.5800 -1.031852 0.087538
99170 49.5850 -1.034149 0.083027
99180 49.5900 -1.036272 0.078903
99190 49.5950 -1.038250 0.075102
99200 49.6000 -1.040220 0.071355
99210 49.6050 -1.042180 0.067662
99220 49.6100 -1.044151 0.063990
99230 49.6150 -1.046099 0.060395
99240 49.6200 -1.048263 0.056446
99250 49.6250 -1.050429 0.052537
99260 49.6300 -1.052559 0.048739
99270 49.6350 -1.054500 0.045314
99280 49.6400 -1.056520 0.041788
99290 49.6450 -1.058601 0.038197
99300 49.6500 -1.060677 0.034656
99310 49.6550 -1.062593 0.031423
99320 49.6600 -1.064434 0.028350
99330 49.6650 -1.066054 0.025672
99340 49.6700 -1.067669 0.023026
99350 49.6750 -1.069306 0.020370
99360 49.6800 -1.071047 0.017571
99370 49.6850 -1.072730 0.014893
99380 49.6900 -1.074514 0.012084
99390 49.6950 -1.076244 0.009387
99400 49.7000 -1.077760 0.007046
99410 49.7050 -1.079172 0.004886
99420 49.7100 -1.080425 0.002984
99430 49.7150 -1.081624 0.001177
99440 49.7200 -1.082640 0.000000
99450 49.7250 -1.083493 0.000000
99460 49.7300 -1.084208 0.000000
99470 49.7350 -1.084851 0.000000
99480 49.7400 -1.085336 0.000000
99490 49.7450 -1.085705 0.000000
99500 49.7500 -1.086041 0.000000
99510 49.7550 -1.086379 0.000000
99520 49.7600 -1.086483 0.000000
99530 49.7650 -1.086331 0.000000
99540 49.7700 -1.085789 0.000364
99550 49.7750 -1.084983 0.001537
99560 49.7800 -1.084113 0.002808
99570 49.7850 -1.083128 0.004257
99580 49.7900 -1.082222 0.005598
99590 49.7950 -1.081300 0.006969
99600 49.8000 -1.080444 0.008249
99610 49.8050 -1.079497 0.009674
99620 49.8100 -1.078388 0.011352
99630 49.8150 -1.076955 0.013538
99640 49.8200 -1.075120 0.016365
99650 49.8250 -1.073042 0.019603
99660 49.8300 -1.070857 0.023053
99670 49.8350 -1.068583 0.026689
99680 49.8400 -1.066126 0.030674
99690 49.8450 -1.063548 0.034915
99700 49.8500 -1.060853 0.039417
99710 49.8550 -1.057874 0.044472
99720 49.8600 -1.054767 0.049835
99730 49.8650 -1.051443 0.055674
99740 49.8700 -1.047957 0.061914
99750 49.8750 -1.044444 0.068321
99760 49.8800 -1.040824 0.075050
99770 49.8850 -1.037275 0.081772
99780 49.8900 -1.033653 0.088760
99790 49.8950 -1.029824 0.096288
99800 49.9000 -1.025999 0.103958
99810 49.9050 -1.022124 0.111879
99820 49.9100 -1.018219 0.120017
99830 49.9150 -1.014436 0.128048
99840 49.9200 -1.010813 0.135880
99850 49.9250 -1.007202 0.143823
99860 49.9300 -1.003813 0.151405
99870 49.9350 -1.000506 0.158918
99880 49.9400 -0.997305 0.166302
99890 49.9450 -0.994143 0.173704
99900 49.9500 -0.991089 0.180959
99910 49.9550 -0.987968 0.188476
99920 49.9600 -0.984845 0.196106
99930 49.9650 -0.981573 0.204216
99940 49.9700 -0.978480 0.211990
99950 49.9750 -0.975393 0.219858
99960 49.9800 -0.972464 0.227423
99970 49.9850 -0.969658 0.234761
99980 49.9900 -0.967191 0.241288
99990 49.9950 -0.964936 0.247316
100000 50.0000 -0.962983 0.252583
100010 50.0050 -0.961022 0.253854
100020 50.0100 -0.959369 0.258313
100030 50.0150 -0.958107 0.261740
100040 50.0200 -0.957052 0.264616
100050 50.0250 -0.956151 0.267086
100060 50.0300 -0.955476 0.268939
100070 50.0350 -0.955350 0.269286
100080 50.0400 -0.955556 0.268721
100090 50.0450 -0.955791 0.268075
100100 50.0500 -0.956129 0.267145
100110 50.0550 -0.956600 0.265855
100120 50.0600 -0.957068 0.264572
100130 50.0650 -0.957671 0.262927
100140 50.0700 -0.958294 0.261232
100150 50.0750 -0.958926 0.259513
100160 50.0800 -0.959853 0.257006
100170 50.0850 -0.960846 0.254326
100180 50.0900 -0.961894 0.251514
100190 50.0950 -0.963107 0.248275
100200 50.1000 -0.964547 0.244449
100210 50.1050 -0.966211 0.240059
100220 50.1100 -0.968025 0.235309
100230 50.1150 -0.969910 0.230413
100240 50.1200 -0.972078 0.224830
100250 50.1250 -0.974433 0.218826
100260 50.1300 -0.976875 0.212664
100270 50.1350 -0.979441 0.206263
100280 50.1400 -0.982074 0.199770
100290 50.1450 -0.984923 0.192828
100300 50.1500 -0.988214 0.184923
100310 50.1550 -0.991623 0.176855
100320 50.1600 -0.995299 0.168297
100330 50.1650 -0.999381 0.158961
100340 50.1700 -1.003797 0.149058
100350 50.1750 -1.008151 0.139497
100360 50.1800 -1.012759 0.129588
100370 50.1850 -1.017363 0.119907
100380 50.1900 -1.022005 0.110366
100390 50.1950 -1.026535 0.101262
100400 50.2000 -1.030951 0.092583
100410 50.2050 -1.035370 0.084092
100420 50.2100 -1.039814 0.075744
100430 50.2150 -1.044147 0.067791
100440 50.2200 -1.048220 0.060478
100450 50.2250 -1.052006 0.053824
100460 50.2300 -1.055701 0.047459
100470 50.2350 -1.059513 0.041029
100480 50.2400 -1.063269 0.034826
100490 50.2450 -1.066941 0.028887
100500 50.2500 -1.070711 0.022922
100510 50.2550 -1.074214 0.017325
100520 50.2600 -1.077680 0.012116
100530 50.2650 -1.081046 0.007161
100540 50.2700 -1.084450 0.002257
100550 50.2750 -1.087755 0.000000
100560 50.2800 -1.090929 0.000000
100570 50.2850 -1.093926 0.000000
100580 50.2900 -1.097031 0.000000
100590 50.2950 -1.099970 0.000000
100600 50.3000 -1.102743 0.000000
100610 50.3050 -1.105069 0.000000
100620 50.3100 -1.107241 0.000000
100630 50.3150 -1.109161 0.000000
100640 50.3200 -1.110736 0.000000
100650 50.3250 -1.112027 0.000000
100660 50.3300 -1.113221 0.000000
100670 50.3350 -1.114313 0.000000
100680 50.3400 -1.115306 0.000000
100690 50.3450 -1.115984 0.000000
100700 50.3500 -1.116261 0.000000
100710 50.3550 -1.116119 0.000000
100720 50.3600 -1.115802 0.000000
100730 50.3650 -1.115180 0.000000
100740 50.3700 -1.114259 0.000000
100750 50.3750 -1.112901 0.000000
100760 50.3800 -1.111061 0.000000
100770 50.3850 -1.108867 0.000000
100780 50.3900 -1.106413 0.000000
100790 50.3950 -1.103554 0.000000
100800 50.4000 -1.100454 0.000000
100810 50.4050 -1.097114 0.000000
100820 50.4100 -1.093679 0.000000
100830 50.4150 -1.089986 0.000000
100840 50.4200 -1.086265 0.000000
100850 50.4250 -1.082521 0.005023
100860 50.4300 -1.078628 0.010710
100870 50.4350 -1.074682 0.016615
100880 50.4400 -1.070595 0.022883
100890 50.4450 -1.066742 0.028933
100900 50.4500 -1.062856 0.035174
100910 50.4550 -1.058852 0.041751
100920 50.4600 -1.054928 0.048343
100930 50.4650 -1.051100 0.054915
100940 50.4700 -1.047356 0.061478
100950 50.4750 -1.043683 0.068048
100960 50.4800 -1.040049 0.074675
100970 50.4850 -1.036405 0.081450
100980 50.4900 -1.032617 0.088629
100990 50.4950 -1.028779 0.096050
101000 50.5000 -1.025121 0.103259
101010 50.5050 -1.021600 0.108986
101020 50.5100 -1.018228 0.115797
101030 50.5150 -1.014952 0.122525
101040 50.5200 -1.011598 0.129527
101050 50.5250 -1.007968 0.137234
101060 50.5300 -1.004177 0.145433
101070 50.5350 -1.000325 0.153917
101080 50.5400 -0.996685 0.162079
101090 50.5450 -0.993337 0.169710
101100 50.5500 -0.990285 0.176773
101110 50.5550 -0.987388 0.183569
101120 50.5600 -0.984712 0.189929
101130 50.5650 -0.982144 0.196105
101140 50.5700 -0.979889 0.201589
101150 50.5750 -0.977905 0.206461
101160 50.5800 -0.976111 0.210903
101170 50.5850 -0.974573 0.214740
101180 50.5900 -0.973228 0.218119
101190 50.5950 -0.972014 0.221184
101200 50.6000 -0.971076 0.223566
101210 50.6050 -0.970177 0.225857
101220 50.6100 -0.969413 0.227812
101230 50.6150 -0.969035 0.228780
101240 50.6200 -0.968824 0.229322
101250 50.6250 -0.968835 0.229293
101260 50.6300 -0.968910 0.229102
101270 50.6350 -0.969419 0.227794
101280 50.6400 -0.970141 0.225950
101290 50.6450 -0.971063 0.223597
101300 50.6500 -0.971965 0.221310
101310 50.6550 -0.973025 0.218629
101320 50.6600 -0.974119 0.215880
101330 50.6650 -0.975119 0.213375
101340 50.6700 -0.976225 0.210621
101350 50.6750 -0.977442 0.207604
101360 50.6800 -0.978737 0.204413
101370 50.6850 -0.980200 0.200830
101380 50.6900 -0.981898 0.196699
101390 50.6950 -0.983766 0.192195
101400 50.7000 -0.985867 0.187174
101410 50.7050 -0.987888 0.182389
101420 50.7100 -0.990040 0.177342
101430 50.7150 -0.992391 0.171887
101440 50.7200 -0.994838 0.166274
101450 50.7250 -0.997447 0.160358
101460 50.7300 -1.000183 0.154231
101470 50.7350 -1.002856 0.148324
101480 50.7400 -1.005566 0.142412
101490 50.7450 -1.008474 0.136153
101500 50.7500 -1.011566 0.129594
101510 50.7550 -1.014645 0.121564
101520 50.7600 -1.017887 0.114974
101530 50.7650 -1.021270 0.108210
101540 50.7700 -1.024608 0.101648
101550 50.7750 -1.027836 0.095408
101560 50.7800 -1.030983 0.089427
101570 50.7850 -1.034113 0.083572
101580 50.7900 -1.037349 0.077622
101590 50.7950 -1.040478 0.071963
101600 50.8000 -1.043467 0.066646
101610 50.8050 -1.046509 0.061324
101620 50.8100 -1.049440 0.056280
101630 50.8150 -1.052479 0.051134
101640 50.8200 -1.055530 0.046056
101650 50.8250 -1.058435 0.041303
101660 50.8300 -1.061118 0.036982
101670 50.8350 -1.063656 0.032957
101680 50.8400 -1.065894 0.029457
101690 50.8450 -1.067868 0.026408
101700 50.8500 -1.069803 0.023454
101710 50.8550 -1.071543 0.020827
101720 50.8600 -1.073076 0.018534
101730 50.8650 -1.074329 0.016677
101740 50.8700 -1.075112 0.015524
101750 50.8750 -1.075727 0.014621
101760 50.8800 -1.076141 0.014016
101770 50.8850 -1.076327 0.013743
101780 50.8900 -1.076056 0.014140
101790 50.8950 -1.075728 0.014620
101800 50.9000 -1.075253 0.015316
101810 50.9050 -1.074832 0.015935
101820 50.9100 -1.074518 0.016398
101830 50.9150 -1.074161 0.016925
101840 50.9200 -1.073819 0.017430
101850 50.9250 -1.073347 0.018132
101860 50.9300 -1.072578 0.019276
101870 50.9350 -1.071526 0.020851
101880 50.9400 -1.070416 0.022525
101890 50.9450 -1.069356 0.024132
101900 50.9500 -1.068348 0.025671
101910 50.9550 -1.067266 0.027334
101920 50.9600 -1.065992 0.029305
101930 50.9650 -1.064525 0.031593
101940 50.9700 -1.063240 0.033613
101950 50.9750 -1.062151 0.035336
101960 50.9800 -1.061031 0.037122
101970 50.9850 -1.059788 0.039117
101980 50.9900 -1.058395 0.041368
101990 50.9950 -1.056852 0.043883
102000 51.0000 -1.055268 0.046490
102010 51.0050 -1.053643 0.048683
102020 51.0100 -1.051859 0.051646
102030 51.0150 -1.049889 0.054953
102040 51.0200 -1.047729 0.058620
102050 51.0250 -1.045195 0.062979
102060 51.0300 -1.042627 0.067460
102070 51.0350 -1.040191 0.071770
102080 51.0400 -1.037773 0.076105
102090 51.0450 -1.035275 0.080642
102100 51.0500 -1.032686 0.085409
102110 51.0550 -1.029925 0.090566
102120 51.0600 -1.027179 0.095769
102130 51.0650 -1.024521 0.100878
102140 51.0700 -1.021890 0.106004
102150 51.0750 -1.019368 0.110984
102160 51.0800 -1.016793 0.116136
102170 51.0850 -1.014137 0.121520
102180 51.0900 -1.011485 0.126967
102190 51.0950 -1.008840 0.132473
102200 51.1000 -1.006219 0.138001
102210 51.1050 -1.003712 0.143356
102220 51.1100 -1.001108 0.148988
102230 51.1150 -0.998537 0.154620
102240 51.1200 -0.996039 0.160158
102250 51.1250 -0.993611 0.165605
102260 51.1300 -0.991077 0.171358
102270 51.1350 -0.988643 0.176949
102280 51.1400 -0.986405 0.182148
102290 51.1450 -0.984280 0.187134
102300 51.1500 -0.982302 0.191821
102310 51.1550 -0.980440 0.196274
102320 51.1600 -0.978843 0.200120
102330 51.1650 -0.977409 0.203600
102340 51.1700 -0.976333 0.206227
102350 51.1750 -0.975366 0.208597
102360 51.1800 -0.974591 0.210507
102370 51.1850 -0.973948 0.212095
102380 51.1900 -0.973523 0.213146
102390 51.1950 -0.973276 0.213759
102400 51.2000 -0.973194 0.213964
102410 51.2050 -0.973313 0.213669
102420 51.2100 -0.973526 0.213141
102430 51.2150 -0.973828 0.212392
102440 51.2200 -0.974144 0.211610
102450 51.2250 -0.974572 0.210552
102460 51.2300 -0.975280 0.208809
102470 51.2350 -0.976298 0.206314
102480 51.2400 -0.977667 0.202973
102490 51.2450 -0.979234 0.199176
102500 51.2500 -0.981066 0.194772
102510 51.2550 -0.982936 0.187593
102520 51.2600 -0.985162 0.182405
102530 51.2650 -0.987447 0.177140
102540 51.2700 -0.989758 0.171869
102550 51.2750 -0.992078 0.166638
102560 51.2800 -0.994300 0.161681
102570 51.2850 -0.996703 0.156381
102580 51.2900 -0.999401 0.150501
102590 51.2950 -1.002214 0.144453
102600 51.3000 -1.004808 0.138949
102610 51.3050 -1.007298 0.133733
102620 51.3100 -1.009761 0.128634
102630 51.3150 -1.012182 0.123685
102640 51.3200 -1.014613 0.118775
102650 51.3250 -1.017070 0.113875
102660 51.3300 -1.019487 0.109111
102670 51.3350 -1.022089 0.104052
102680 51.3400 -1.024695 0.099050
102690 51.3450 -1.027284 0.094149
102700 51.3500 -1.029979 0.089117
102710 51.3550 -1.032432 0.084598
102720 51.3600 -1.034831 0.080236
102730 51.3650 -1.037018 0.076309
102740 51.3700 -1.039083 0.072643
102750 51.3750 -1.040828 0.069576
102760 51.3800 -1.042466 0.066724
102770 51.3850 -1.043902 0.064246
102780 51.3900 -1.045229 0.061973
102790 51.3950 -1.046624 0.059600
102800 51.4000 -1.048083 0.057140
102810 51.4050 -1.049598 0.054605
102820 51.4100 -1.050981 0.052311
102830 51.4150 -1.052331 0.050088
102840 51.4200 -1.053650 0.047933
102850 51.4250 -1.055113 0.045562
102860 51.4300 -1.056526 0.043290
102870 51.4350 -1.057928 0.041055
102880 51.4400 -1.059170 0.039089
102890 51.4450 -1.060341 0.037249
102900 51.4500 -1.061534 0.035387
102910 51.4550 -1.062719 0.033551
102920 51.4600 -1.063729 0.031997
102930 51.4650 -1.064585 0.030686
102940 51.4700 -1.065270 0.029643
102950 51.4750 -1.065726 0.028950
102960 51.4800 -1.066273 0.028123
102970 51.4850 -1.066854 0.027246
102980 51.4900 -1.067488 0.026293
102990 51.4950 -1.068138 0.025320
103000 51.5000 -1.068742 0.024418
103010 51.5050 -1.069364 0.023274
103020 51.5100 -1.070124 0.022159
103030 51.5150 -1.070919 0.020998
103040 51.5200 -1.071528 0.020113
103050 51.5250 -1.072232 0.019093
103060 51.5300 -1.072739 0.018362
103070 51.5350 -1.073158 0.017759
103080 51.5400 -1.073528 0.017228
103090 51.5450 -1.073499 0.017270
103100 51.5500 -1.073341 0.017497
103110 51.5550 -1.073147 0.017775
103120 51.5600 -1.073072 0.017883
103130 51.5650 -1.072901 0.018129
103140 51.5700 -1.072524 0.018672
103150 51.5750 -1.072025 0.019392
103160 51.5800 -1.071321 0.020412
103170 51.5850 -1.070605 0.021456
103180 51.5900 -1.069933 0.022439
103190 51.5950 -1.069211 0.023498
103200 51.6000 -1.068459 0.024607
103210 51.6050 -1.067437 0.026125
103220 51.6100 -1.066359 0.027733
103230 51.6150 -1.065131 0.029580
103240 51.6200 -1.063594 0.031911
103250 51.6250 -1.061754 0.034728
103260 51.6300 -1.059671 0.037957
103270 51.6350 -1.057498 0.041367
103280 51.6400 -1.055197 0.045027
103290 51.6450 -1.052791 0.048905
103300 51.6500 -1.050152 0.053222
103310 51.6550 -1.047687 0.057313
103320 51.6600 -1.045327 0.061284
103330 51.6650 -1.042979 0.065288
103340 51.6700 -1.040488 0.069593
103350 51.6750 -1.037984 0.073980
103360 51.6800 -1.035534 0.078333
103370 51.6850 -1.033271 0.082405
103380 51.6900 -1.031238 0.086105
103390 51.6950 -1.029145 0.089957
103400 51.7000 -1.026897 0.094142
103410 51.7050 -1.024421 0.098811
103420 51.7100 -1.021835 0.103752
103430 51.7150 -1.019275 0.108710
103440 51.7200 -1.016692 0.113778
103450 51.7250 -1.014153 0.118829
103460 51.7300 -1.011791 0.123584
103470 51.7350 -1.009569 0.128111
103480 51.7400 -1.007451 0.132473
103490 51.7450 -1.005413 0.136715
103500 51.7500 -1.003767 0.140171
103510 51.7550 -1.002267 0.141492
103520 51.7600 -1.000876 0.144426
103530 51.7650 -0.999684 0.146953
103540 51.7700 -0.998615 0.149235
103550 51.7750 -0.997703 0.151190
103560 51.7800 -0.996981 0.152745
103570 51.7850 -0.996472 0.153844
103580 51.7900 -0.996269 0.154284
103590 51.7950 -0.996305 0.154206
103600 51.8000 -0.996586 0.153598
103610 51.8050 -0.997039 0.152620
103620 51.8100 -0.997643 0.151320
103630 51.8150 -0.998518 0.149443
103640 51.8200 -0.999534 0.147274
103650 51.8250 -1.000850 0.144480
103660 51.8300 -1.002270 0.141487
103670 51.8350 -1.003991 0.137887
103680 51.8400 -1.006023 0.133675
103690 51.8450 -1.008228 0.129155
103700 51.8500 -1.010611 0.124327
103710 51.8550 -1.013102 0.119342
103720 51.8600 -1.015641 0.114326
103730 51.8650 -1.018256 0.109228
103740 51.8700 -1.021197 0.103577
103750 51.8750 -1.024459 0.097409
103760 51.8800 -1.027796 0.091212
103770 51.8850 -1.031004 0.085355
103780 51.8900 -1.034260 0.079516
103790 51.8950 -1.037591 0.073647
103800 51.9000 -1.041082 0.067611
103810 51.9050 -1.044488 0.061835
103820 51.9100 -1.047852 0.056238
103830 51.9150 -1.051006 0.051089
103840 51.9200 -1.054021 0.046252
103850 51.9250 -1.056753 0.041942
103860 51.9300 -1.059193 0.038150
103870 51.9350 -1.061245 0.035005
103880 51.9400 -1.063114 0.032174
103890 51.9450 -1.065053 0.029270
103900 51.9500 -1.066815 0.026661
103910 51.9550 -1.068322 0.024451
103920 51.9600 -1.069851 0.022230
103930 51.9650 -1.071184 0.020312
103940 51.9700 -1.072173 0.018899
103950 51.9750 -1.072998 0.017726
103960 51.9800 -1.073511 0.017001
103970 51.9850 -1.073641 0.016818
103980 51.9900 -1.073485 0.017038
103990 51.9950 -1.073129 0.017541
104000 52.0000 -1.072658 0.018209
104010 52.0050 -1.072049 0.018906
104020 52.0100 -1.071202 0.020106
104030 52.0150 -1.070179 0.021565
104040 52.0200 -1.069504 0.022532
104050 52.0250 -1.068875 0.023438
104060 52.0300 -1.068155 0.024478
104070 52.0350 -1.067352 0.025645
104080 52.0400 -1.066526 0.026851
104090 52.0450 -1.065619 0.028182
104100 52.0500 -1.064635 0.029635
104110 52.0550 -1.063407 0.031461
104120 52.0600 -1.062196 0.033274
104130 52.0650 -1.060817 0.035356
104140 52.0700 -1.059141 0.037910
104150 52.0750 -1.057347 0.040672
104160 52.0800 -1.055604 0.043383
104170 52.0850 -1.053755 0.046292
104180 52.0900 -1.051493 0.049893
104190 52.0950 -1.048905 0.054072
104200 52.1000 -1.045887 0.059026
104210 52.1050 -1.042791 0.064197
104220 52.1100 -1.039647 0.069543
104230 52.1150 -1.036316 0.075310
104240 52.1200 -1.032671 0.081744
104250 52.1250 -1.029070 0.088230
104260 52.1300 -1.025642 0.094522
104270 52.1350 -1.022247 0.100869
104280 52.1400 -1.018709 0.107607
104290 52.1450 -1.015148 0.114517
104300 52.1500 -1.011238 0.122254
104310 52.1550 -1.007130 0.130551
104320 52.1600 -1.002820 0.139447
104330 52.1650 -0.998554 0.148446
104340 52.1700 -0.994242 0.157736
104350 52.1750 -0.989849 0.167408
104360 52.1800 -0.985525 0.177134
104370 52.1850 -0.981186 0.187098
104380 52.1900 -0.976860 0.197243
104390 52.1950 -0.972503 0.207672
104400 52.2000 -0.968226 0.218118
104410 52.2050 -0.964069 0.228472
104420 52.2100 -0.960104 0.238535
104430 52.2150 -0.956270 0.248438
104440 52.2200 -0.952571 0.258158
104450 52.2250 -0.949036 0.267600
104460 52.2300 -0.945753 0.276500
104470 52.2350 -0.942717 0.284846
104480 52.2400 -0.939796 0.292983
104490 52.2450 -0.937260 0.300129
104500 52.2500 -0.934894 0.306869
104510 52.2550 -0.932554 0.308548
104520 52.2600 -0.930343 0.314865
104530 52.2650 -0.928329 0.320669
104540 52.2700 -0.926527 0.325905
104550 52.2750 -0.924745 0.331124
104560 52.2800 -0.923440 0.334971
104570 52.2850 -0.922562 0.337570
104580 52.2900 -0.921844 0.339703
104590 52.2950 -0.920995 0.342232
104600 52.3000 -0.920460 0.343833
104610 52.3050 -0.920097 0.344918
104620 52.3100 -0.920124 0.344838
104630 52.3150 -0.920525 0.343637
104640 52.3200 -0.921187 0.341658
104650 52.3250 -0.922052 0.339083
104660 52.3300 -0.923026 0.336193
104670 52.3350 -0.924172 0.332810
104680 52.3400 -0.925749 0.328180
104690 52.3450 -0.927540 0.322957
104700 52.3500 -0.929458 0.317408
104710 52.3550 -0.931451 0.311692
104720 52.3600 -0.933733 0.305204
104730 52.3650 -0.936274 0.298054
104740 52.3700 -0.939062 0.290298
104750 52.3750 -0.941910 0.282471
104760 52.3800 -0.944994 0.274107
104770 52.3850 -0.948296 0.265274
104780 52.3900 -0.951662 0.256403
104790 52.3950 -0.955357 0.246816
104800 52.4000 -0.959213 0.236980
104810 52.4050 -0.963022 0.227432
104820 52.4100 -0.966644 0.218505
104830 52.4150 -0.970293 0.209662
104840 52.4200 -0.973976 0.200886
104850 52.4250 -0.977790 0.191958
104860 52.4300 -0.981754 0.182847
104870 52.4350 -0.985693 0.173964
104880 52.4400 -0.989384 0.165791
104890 52.4450 -0.993019 0.157886
104900 52.4500 -0.996616 0.150201
104910 52.4550 -1.000222 0.142633
104920 52.4600 -1.003801 0.135255
104930 52.4650 -1.007317 0.128136
104940 52.4700 -1.010859 0.121093
104950 52.4750 -1.014147 0.114669
104960 52.4800 -1.017290 0.108630
104970 52.4850 -1.020372 0.102802
104980 52.4900 -1.023495 0.096996
104990 52.4950 -1.026372 0.091730
105000 52.5000 -1.029116 0.086782
105010 52.5050 -1.031445 0.081688
105020 52.5100 -1.033477 0.078152
105030 52.5150 -1.035550 0.074589
105040 52.5200 -1.037717 0.070904
105050 52.5250 -1.039939 0.067175
105060 52.5300 -1.042096 0.063599
105070 52.5350 -1.044261 0.060054
105080 52.5400 -1.046441 0.056529
105090 52.5450 -1.048714 0.052901
105100 52.5500 -1.051123 0.049107
105110 52.5550 -1.053292 0.045737
105120 52.5600 -1.055250 0.042732
105130 52.5650 -1.057205 0.039767
105140 52.5700 -1.059006 0.037066
105150 52.5750 -1.060743 0.034489
105160 52.5800 -1.062314 0.032181
105170 52.5850 -1.063668 0.030211
105180 52.5900 -1.064816 0.028553
105190 52.5950 -1.065670 0.027328
105200 52.6000 -1.066242 0.026509
105210 52.6050 -1.066591 0.026012
105220 52.6100 -1.066799 0.025717
105230 52.6150 -1.066795 0.025722
105240 52.6200 -1.066720 0.025829
105250 52.6250 -1.066610 0.025985
105260 52.6300 -1.066524 0.026109
105270 52.6350 -1.066371 0.026325
105280 52.6400 -1.066131 0.026668
105290 52.6450 -1.065745 0.027220
105300 52.6500 -1.065126 0.028107
105310 52.6550 -1.064398 0.029155
105320 52.6600 -1.063794 0.030028
105330 52.6650 -1.063337 0.030692
105340 52.6700 -1.062775 0.031509
105350 52.6750 -1.062166 0.032398
105360 52.6800 -1.061822 0.032901
105370 52.6850 -1.061513 0.033355
105380 52.6900 -1.061008 0.034098
105390 52.6950 -1.060248 0.035220
105400 52.7000 -1.059372 0.036521
105410 52.7050 -1.058526 0.037783
105420 52.7100 -1.057592 0.039183
105430 52.7150 -1.056576 0.040717
105440 52.7200 -1.055579 0.042230
105450 52.7250 -1.054377 0.044067
105460 52.7300 -1.053188 0.045897
105470 52.7350 -1.051876 0.047931
105480 52.7400 -1.050458 0.050149
105490 52.7450 -1.048811 0.052746
105500 52.7500 -1.047088 0.055490
105510 52.7550 -1.045178 0.057962
105520 52.7600 -1.043262 0.061053
105530 52.7650 -1.041374 0.064133
105540 52.7700 -1.039573 0.067103
105550 52.7750 -1.037807 0.070044
105560 52.7800 -1.036105 0.072907
105570 52.7850 -1.034371 0.075852
105580 52.7900 -1.032484 0.079090
105590 52.7950 -1.030642 0.082285
105600 52.8000 -1.028610 0.085847
105610 52.8050 -1.026697 0.089236
105620 52.8100 -1.024763 0.092700
105630 52.8150 -1.023246 0.095443
105640 52.8200 -1.022019 0.097678
105650 52.8250 -1.021039 0.099475
105660 52.8300 -1.020105 0.101195
105670 52.8350 -1.019225 0.102824
105680 52.8400 -1.018179 0.104769
105690 52.8450 -1.017071 0.106844
105700 52.8500 -1.015820 0.109200
105710 52.8550 -1.014554 0.111599
105720 52.8600 -1.013552 0.113512
105730 52.8650 -1.012681 0.115181
105740 52.8700 -1.011726 0.117020
105750 52.8750 -1.010612 0.119178
105760 52.8800 -1.009339 0.121659
105770 52.8850 -1.008109 0.124073
105780 52.8900 -1.006890 0.126478
105790 52.8950 -1.005875 0.128495
105800 52.9000 -1.004954 0.130332
105810 52.9050 -1.003855 0.132538
105820 52.9100 -1.002656 0.134958
105830 52.9150 -1.001692 0.136913
105840 52.9200 -1.000654 0.139031
105850 52.9250 -0.999495 0.141408
105860 52.9300 -0.998385 0.143699
105870 52.9350 -0.997393 0.145757
105880 52.9400 -0.996479 0.147663
105890 52.9450 -0.995392 0.149938
105900 52.9500 -0.994484 0.151851
105910 52.9550 -0.993416 0.154112
105920 52.9600 -0.992505 0.156048
105930 52.9650 -0.991740 0.157683
105940 52.9700 -0.991076 0.159106
105950 52.9750 -0.990583 0.160164
105960 52.9800 -0.990335 0.160698
105970 52.9850 -0.990194 0.161002
105980 52.9900 -0.990084 0.161240
105990 52.9950 -0.990294 0.160787
106000 53.0000 -0.990739 0.159829
106010 53.0050 -0.991344 0.156428
106020 53.0100 -0.991907 0.155238
106030 53.0150 -0.992514 0.153956
106040 53.0200 -0.993259 0.152389
106050 53.0250 -0.994037 0.150760
106060 53.0300 -0.994770 0.149231
106070 53.0350 -0.995679 0.147343
106080 53.0400 -0.996616 0.145405
106090 53.0450 -0.997818 0.142933
106100 53.0500 -0.998989 0.140537
106110 53.0550 -1.000421 0.137630
106120 53.0600 -1.002154 0.134139
106130 53.0650 -1.004068 0.130320
106140 53.0700 -1.005887 0.126725
106150 53.0750 -1.007693 0.123189
106160 53.0800 -1.009813 0.119082
106170 53.0850 -1.012215 0.114483
106180 53.0900 -1.014886 0.109438
106190 53.0950 -1.017558 0.104463
106200 53.1000 -1.020320 0.099395
106210 53.1050 -1.023132 0.094314
106220 53.1100 -1.026182 0.088889
106230 53.1150 -1.029298 0.083441
106240 53.1200 -1.032381 0.078144
106250 53.1250 -1.035368 0.073098
106260 53.1300 -1.038369 0.068115
106270 53.1350 -1.041186 0.063515
106280 53.1400 -1.043857 0.059221
106290 53.1450 -1.046647 0.054809
106300 53.1500 -1.049482 0.050398
106310 53.1550 -1.052159 0.046301
106320 53.1600 -1.054705 0.042466
106330 53.1650 -1.057026 0.039021
106340 53.1700 -1.059050 0.036057
106350 53.1750 -1.060948 0.033312
106360 53.1800 -1.062497 0.031095
106370 53.1850 -1.063852 0.029173
106380 53.1900 -1.064987 0.027576
106390 53.1950 -1.065839 0.026383
106400 53.2000 -1.066416 0.025581
106410 53.2050 -1.066513 0.025446
106420 53.2100 -1.066332 0.025698
106430 53.2150 -1.065964 0.026210
106440 53.2200 -1.065432 0.026953
106450 53.2250 -1.064690 0.027992
106460 53.2300 -1.063961 0.029018
106470 53.2350 -1.063208 0.030084
106480 53.2400 -1.062409 0.031220
106490 53.2450 -1.061549 0.032449
106500 53.2500 -1.060738 0.033614
106510 53.2550 -1.059851 0.034567
106520 53.2600 -1.058905 0.035929
106530 53.2650 -1.057840 0.037473
106540 53.2700 -1.056525 0.039393
106550 53.2750 -1.055003 0.041635
106560 53.2800 -1.053273 0.044208
106570 53.2850 -1.051342 0.047114
106580 53.2900 -1.049462 0.049977
106590 53.2950 -1.047353 0.053227
106600 53.3000 -1.045518 0.056087
106610 53.3050 -1.043567 0.059163
106620 53.3100 -1.041450 0.062542
106630 53.3150 -1.039320 0.065985
106640 53.3200 -1.037249 0.069372
106650 53.3250 -1.035239 0.072700
106660 53.3300 -1.033080 0.076315
106670 53.3350 -1.030928 0.079966
106680 53.3400 -1.028711 0.083773
106690 53.3450 -1.026436 0.087729
106700 53.3500 -1.024164 0.091732
106710 53.3550 -1.022029 0.095540
106720 53.3600 -1.019958 0.099276
106730 53.3650 -1.018000 0.102848
106740 53.3700 -1.016267 0.106041
106750 53.3750 -1.014655 0.109037
106760 53.3800 -1.013037 0.112072
106770 53.3850 -1.011491 0.114998
106780 53.3900 -1.009852 0.118125
106790 53.3950 -1.008179 0.121346
106800 53.4000 -1.006420 0.124761
106810 53.4050 -1.004725 0.128085
106820 53.4100 -1.002901 0.131694
106830 53.4150 -1.001133 0.135226
106840 53.4200 -0.999734 0.138044
106850 53.4250 -0.998259 0.141035
106860 53.4300 -0.996938 0.143736
106870 53.4350 -0.995744 0.146193
106880 53.4400 -0.994598 0.148564
106890 53.4450 -0.993336 0.151192
106900 53.4500 -0.992065 0.153856
106910 53.4550 -0.991009 0.156081
106920 53.4600 -0.990366 0.157442
106930 53.4650 -0.989851 0.158536
106940 53.4700 -0.989556 0.159165
106950 53.4750 -0.989556 0.159164
106960 53.4800 -0.989641 0.158982
106970 53.4850 -0.990017 0.158183
106980 53.4900 -0.990468 0.157226
106990 53.4950 -0.991078 0.155935
107000 53.5000 -0.992002 0.153988
107010 53.5050 -0.992998 0.149914
107020 53.5100 -0.994058 0.147728
107030 53.5150 -0.995125 0.145537
107040 53.5200 -0.996412 0.142912
107050 53.5250 -0.997819 0.140064
107060 53.5300 -0.999352 0.136981
107070 53.5350 -1.001006 0.133684
107080 53.5400 -1.002772 0.130196
107090 53.5450 -1.004658 0.126507
107100 53.5500 -1.006627 0.122692
107110 53.5550 -1.008752 0.118622
107120 53.5600 -1.010876 0.114599
107130 53.5650 -1.013083 0.110468
107140 53.5700 -1.015327 0.106317
107150 53.5750 -1.017729 0.101932
107160 53.5800 -1.020230 0.097426
107170 53.5850 -1.022934 0.092624
107180 53.5900 -1.025817 0.087583
107190 53.5950 -1.028736 0.082563
107200 53.6000 -1.031751 0.077464
107210 53.6050 -1.034783 0.072425
107220 53.6100 -1.037831 0.067446
107230 53.6150 -1.040814 0.062660
107240 53.6200 -1.043881 0.057826
107250 53.6250 -1.046621 0.053581
107260 53.6300 -1.049272 0.049542
107270 53.6350 -1.051838 0.045692
107280 53.6400 -1.054254 0.042123
107290 53.6450 -1.056605 0.038701
107300 53.6500 -1.059286 0.034859
107310 53.6550 -1.061814 0.031295
107320 53.6600 -1.064409 0.027698
107330 53.6650 -1.067071 0.024069
107340 53.6700 -1.069621 0.020651
107350 53.6750 -1.072153 0.017314
107360 53.6800 -1.074670 0.014052
107370 53.6850 -1.077066 0.010998
107380 53.6900 -1.079525 0.007917
107390 53.6950 -1.081997 0.004870
107400 53.7000 -1.084489 0.001853
107410 53.7050 -1.086892 0.000000
107420 53.7100 -1.089036 0.000000
107430 53.7150 -1.091237 0.000000
107440 53.7200 -1.093402 0.000000
107450 53.7250 -1.095413 0.000000
107460 53.7300 -1.097407 0.000000
107470 53.7350 -1.099437 0.000000
107480 53.7400 -1.101482 0.000000
107490 53.7450 -1.103440 0.000000
107500 53.7500 -1.104957 0.000000
107510 53.7550 -1.106052 0.000000
107520 53.7600 -1.107054 0.000000
107530 53.7650 -1.107798 0.000000
107540 53.7700 -1.108167 0.000000
107550 53.7750 -1.108232 0.000000
107560 53.7800 -1.108191 0.000000
107570 53.7850 -1.107975 0.000000
107580 53.7900 -1.107492 0.000000
107590 53.7950 -1.106546 0.000000
107600 53.8000 -1.105190 0.000000
107610 53.8050 -1.103465 0.001533
107620 53.8100 -1.101575 0.003501
107630 53.8150 -1.099512 0.005684
107640 53.8200 -1.097325 0.008037
107650 53.8250 -1.094788 0.010817
107660 53.8300 -1.092220 0.013686
107670 53.8350 -1.089745 0.016504
107680 53.8400 -1.087102 0.019571
107690 53.8450 -1.084436 0.022724
107700 53.8500 -1.081779 0.025929
107710 53.8550 -1.079252 0.029033
107720 53.8600 -1.076718 0.032201
107730 53.8650 -1.074218 0.035381
107740 53.8700 -1.071643 0.038715
107750 53.8750 -1.069237 0.041882
107760 53.8800 -1.066854 0.045069
107770 53.8850 -1.064529 0.048229
107780 53.8900 -1.062617 0.050862
107790 53.8950 -1.060979 0.053145
107800 53.9000 -1.059367 0.055413
107810 53.9050 -1.057689 0.057801
107820 53.9100 -1.056017 0.060206
107830 53.9150 -1.054471 0.062452
107840 53.9200 -1.052982 0.064636
107850 53.9250 -1.051250 0.067202
107860 53.9300 -1.049532 0.069776
107870 53.9350 -1.047791 0.072410
107880 53.9400 -1.046183 0.074869
107890 53.9450 -1.044553 0.077385
107900 53.9500 -1.043057 0.079718
107910 53.9550 -1.041442 0.082259
107920 53.9600 -1.039780 0.084900
107930 53.9650 -1.038208 0.087422
107940 53.9700 -1.036668 0.089915
107950 53.9750 -1.035277 0.092188
107960 53.9800 -1.033898 0.094457
107970 53.9850 -1.032411 0.096926
107980 53.9900 -1.030971 0.099338
107990 53.9950 -1.029577 0.101691
108000 54.0000 -1.028148 0.104123
108010 54.0050 -1.026481 0.105735
108020 54.0100 -1.024799 0.108625
108030 54.0150 -1.022859 0.111992
108040 54.0200 -1.020713 0.115759
108050 54.0250 -1.018536 0.119630
108060 54.0300 -1.016442 0.123395
108070 54.0350 -1.014551 0.126836
108080 54.0400 -1.012758 0.130130
108090 54.0450 -1.011192 0.133034
108100 54.0500 -1.009979 0.135302
108110 54.0550 -1.009059 0.137030
108120 54.0600 -1.008217 0.138622
108130 54.0650 -1.007607 0.139779
108140 54.0700 -1.007533 0.139918
108150 54.0750 -1.007720 0.139564
108160 54.0800 -1.007995 0.139042
108170 54.0850 -1.008385 0.138302
108180 54.0900 -1.008857 0.137412
108190 54.0950 -1.009418 0.136355
108200 54.1000 -1.010064 0.135142
108210 54.1050 -1.010873 0.133628
108220 54.1100 -1.011591 0.132292
108230 54.1150 -1.012490 0.130626
108240 54.1200 -1.013644 0.128498
108250 54.1250 -1.015039 0.125944
108260 54.1300 -1.016394 0.123482
108270 54.1350 -1.017679 0.121165
108280 54.1400 -1.019073 0.118670
108290 54.1450 -1.020516 0.116108
108300 54.1500 -1.022019 0.113461
108310 54.1550 -1.023601 0.110700
108320 54.1600 -1.025093 0.108118
108330 54.1650 -1.026558 0.105604
108340 54.1700 -1.027975 0.103194
108350 54.1750 -1.029273 0.101001
108360 54.1800 -1.030682 0.098642
108370 54.1850 -1.031892 0.096631
108380 54.1900 -1.032808 0.095116
108390 54.1950 -1.033665 0.093708
108400 54.2000 -1.034256 0.092742
108410 54.2050 -1.034989 0.091546
108420 54.2100 -1.035705 0.090384
108430 54.2150 -1.036441 0.089195
108440 54.2200 -1.037013 0.088275
108450 54.2250 -1.037472 0.087537
108460 54.2300 -1.037942 0.086785
108470 54.2350 -1.038346 0.086140
108480 54.2400 -1.038792 0.085430
108490 54.2450 -1.039227 0.084739
108500 54.2500 -1.039539 0.084245
108510 54.2550 -1.039819 0.082865
108520 54.2600 -1.040279 0.082146
108530 54.2650 -1.040977 0.081058
108540 54.2700 -1.041890 0.079642
108550 54.2750 -1.043095 0.077785
108560 54.2800 -1.044492 0.075650
108570 54.2850 -1.045838 0.073608
108580 54.2900 -1.047148 0.071640
108590 54.2950 -1.048707 0.069316
108600 54.3000 -1.050379 0.066850
108610 54.3050 -1.052126 0.064301
108620 54.3100 -1.053813 0.061866
108630 54.3150 -1.055598 0.059318
108640 54.3200 -1.057452 0.056702
108650 54.3250 -1.059375 0.054023
108660 54.3300 -1.061413 0.051219
108670 54.3350 -1.063480 0.048414
108680 54.3400 -1.065565 0.045624
108690 54.3450 -1.067402 0.043197
108700 54.3500 -1.069139 0.040929
108710 54.3550 -1.070827 0.038752
108720 54.3600 -1.072454 0.036677
108730 54.3650 -1.074084 0.034622
108740 54.3700 -1.075602 0.032728
108750 54.3750 -1.076910 0.031114
108760 54.3800 -1.077997 0.029782
108770 54.3850 -1.079256 0.028253
108780 54.3900 -1.080497 0.026760
108790 54.3950 -1.081789 0.025219
108800 54.4000 -1.082920 0.023883
108810 54.4050 -1.083947 0.022678
108820 54.4100 -1.085019 0.021430
108830 54.4150 -1.085951 0.020354
108840 54.4200 -1.086554 0.019661
108850 54.4250 -1.087197 0.018926
108860 54.4300 -1.087672 0.018385
108870 54.4350 -1.087742 0.018306
108880 54.4400 -1.087919 0.018105
108890 54.4450 -1.088077 0.017926
108900 54.4500 -1.088110 0.017889
108910 54.4550 -1.087706 0.018346
108920 54.4600 -1.087240 0.018877
108930 54.4650 -1.086766 0.019418
108940 54.4700 -1.086261 0.019997
108950 54.4750 -1.085358 0.021038
108960 54.4800 -1.084455 0.022086
108970 54.4850 -1.083570 0.023119
108980 54.4900 -1.082448 0.024439
108990 54.4950 -1.080962 0.026204
109000 54.5000 -1.079476 0.027987
109010 54.5050 -1.078028 0.029482
109020 54.5100 -1.076641 0.031170
109030 54.5150 -1.075031 0.033149
109040 54.5200 -1.073190 0.035441
109050 54.5250 -1.071439 0.037648
109060 54.5300 -1.069648 0.039932
109070 54.5350 -1.067730 0.042412
109080 54.5400 -1.065761 0.044991
109090 54.5450 -1.063591 0.047874
109100 54.5500 -1.061378 0.050859
109110 54.5550 -1.059168 0.053883
109120 54.5600 -1.056927 0.056994
109130 54.5650 -1.054625 0.060240
109140 54.5700 -1.052264 0.063618
109150 54.5750 -1.049951 0.066978
109160 54.5800 -1.047560 0.070504
109170 54.5850 -1.045322 0.073853
109180 54.5900 -1.043283 0.076946
109190 54.5950 -1.041482 0.079709
109200 54.6000 -1.039464 0.082844
109210 54.6050 -1.037370 0.086136
109220 54.6100 -1.035358 0.089341
109230 54.6150 -1.033575 0.092214
109240 54.6200 -1.031806 0.095093
109250 54.6250 -1.029926 0.098188
109260 54.6300 -1.028099 0.101229
109270 54.6350 -1.026394 0.104096
109280 54.6400 -1.024619 0.107112
109290 54.6450 -1.022921 0.110026
109300 54.6500 -1.021236 0.112947
109310 54.6550 -1.019893 0.115294
109320 54.6600 -1.018682 0.117428
109330 54.6650 -1.017527 0.119475
109340 54.6700 -1.016204 0.121839
109350 54.6750 -1.015068 0.123881
109360 54.6800 -1.014036 0.125750
109370 54.6850 -1.013158 0.127346
109380 54.6900 -1.012492 0.128563
109390 54.6950 -1.011832 0.129774
109400 54.7000 -1.011174 0.130984
109410 54.7050 -1.010786 0.131702
109420 54.7100 -1.010758 0.131753
109430 54.7150 -1.010827 0.131626
109440 54.7200 -1.010815 0.131647
109450 54.7250 -1.010815 0.131648
109460 54.7300 -1.010917 0.131459
109470 54.7350 -1.011161 0.131009
109480 54.7400 -1.011430 0.130514
109490 54.7450 -1.012000 0.129465
109500 54.7500 -1.012805 0.127991
109510 54.7550 -1.013845 0.124549
109520 54.7600 -1.015210 0.122103
109530 54.7650 -1.016799 0.119279
109540 54.7700 -1.018600 0.116109
109550 54.7750 -1.020494 0.112811
109560 54.7800 -1.022572 0.109235
109570 54.7850 -1.024801 0.105447
109580 54.7900 -1.027126 0.101549
109590 54.7950 -1.029422 0.097752
109600 54.8000 -1.032064 0.093446
109610 54.8050 -1.034854 0.088974
109620 54.8100 -1.037808 0.084319
109630 54.8150 -1.041031 0.079338
109640 54.8200 -1.044189 0.074554
109650 54.8250 -1.047238 0.070023
109660 54.8300 -1.050561 0.065184
109670 54.8350 -1.053867 0.060473
109680 54.8400 -1.057269 0.055730
109690 54.8450 -1.060578 0.051218
109700 54.8500 -1.063725 0.047020
109710 54.8550 -1.066848 0.042940
109720 54.8600 -1.069931 0.038998
109730 54.8650 -1.073259 0.034838
109740 54.8700 -1.076788 0.030534
109750 54.8750 -1.080506 0.026116
109760 54.8800 -1.084322 0.021706
109770 54.8850 -1.088398 0.017133
109780 54.8900 -1.092281 0.012909
109790 54.8950 -1.096048 0.008931
109800 54.9000 -1.099530 0.005363
109810 54.9050 -1.102692 0.002208
109820 54.9100 -1.105358 0.000000
109830 54.9150 -1.107660 0.000000
109840 54.9200 -1.109682 0.000000
109850 54.9250 -1.111511 0.000000
109860 54.9300 -1.113267 0.000000
109870 54.9350 -1.114843 0.000000
109880 54.9400 -1.116221 0.000000
109890 54.9450 -1.117484 0.000000
109900 54.9500 -1.118449 0.000000
109910 54.9550 -1.119295 0.000000
109920 54.9600 -1.120038 0.000000
109930 54.9650 -1.120531 0.000000
109940 54.9700 -1.120787 0.000000
109950 54.9750 -1.120964 0.000000
109960 54.9800 -1.120945 0.000000
109970 54.9850 -1.120723 0.000000
109980 54.9900 -1.120196 0.000000
109990 54.9950 -1.119396 0.000000
110000 55.0000 -1.118415 0.000000
110010 55.0050 -1.117378 0.000885
110020 55.0100 -1.115960 0.002110
110030 55.0150 -1.114151 0.003696
110040 55.0200 -1.111980 0.005636
110050 55.0250 -1.109569 0.007835
110060 55.0300 -1.106790 0.010430
110070 55.0350 -1.103699 0.013391
110080 55.0400 -1.100417 0.016623
110090 55.0450 -1.096810 0.020279
110100 55.0500 -1.092958 0.024305
110110 55.0550 -1.088931 0.028648
110120 55.0600 -1.084716 0.033344
110130 55.0650 -1.080382 0.038332
110140 55.0700 -1.075994 0.043549
110150 55.0750 -1.071587 0.048959
110160 55.0800 -1.067170 0.054554
110170 55.0850 -1.062723 0.060365
110180 55.0900 -1.058137 0.066546
110190 55.0950 -1.053545 0.072928
110200 55.1000 -1.048928 0.079542
110210 55.1050 -1.044415 0.086201
110220 55.1100 -1.040084 0.092773
110230 55.1150 -1.035765 0.099507
110240 55.1200 -1.031673 0.106056
110250 55.1250 -1.027403 0.113064
110260 55.1300 -1.023076 0.120351
110270 55.1350 -1.019071 0.127264
110280 55.1400 -1.015248 0.134014
110290 55.1450 -1.011608 0.140581
110300 55.1500 -1.007980 0.147263
110310 55.1550 -1.004395 0.154003
110320 55.1600 -1.001069 0.160376
110330 55.1650 -0.998124 0.166116
110340 55.1700 -0.995400 0.171512
110350 55.1750 -0.992909 0.176513
110360 55.1800 -0.990692 0.181023
110370 55.1850 -0.988784 0.184947
110380 55.1900 -0.987271 0.188086
110390 55.1950 -0.985994 0.190757
110400 55.2000 -0.984877 0.193107
110410 55.2050 -0.984109 0.194732
110420 55.2100 -0.983665 0.195673
110430 55.2150 -0.983530 0.195959
110440 55.2200 -0.983312 0.196423
110450 55.2250 -0.983183 0.196697
110460 55.2300 -0.983139 0.196793
110470 55.2350 -0.983254 0.196547
110480 55.2400 -0.983599 0.195813
110490 55.2450 -0.984471 0.193965
110500 55.2500 -0.985759 0.191249
110510 55.2550 -0.987104 0.185907
110520 55.2600 -0.988774 0.182476
110530 55.2650 -0.990617 0.178727
110540 55.2700 -0.992730 0.174474
110550 55.2750 -0.995177 0.169609
110560 55.2800 -0.997908 0.164257
110570 55.2850 -1.001054 0.158189
110580 55.2900 -1.004585 0.151503
110590 55.2950 -1.008340 0.144539
110600 55.3000 -1.012213 0.137509
110610 55.3050 -1.016182 0.130464
110620 55.3100 -1.020048 0.123759
110630 55.3150 -1.023855 0.117303
110640 55.3200 -1.027538 0.111194
110650 55.3250 -1.031104 0.105407
110660 55.3300 -1.034651 0.099776
110670 55.3350 -1.038025 0.094532
110680 55.3400 -1.041387 0.089415
110690 55.3450 -1.044714 0.084459
110700 55.3500 -1.047916 0.079787
110710 55.3550 -1.051141 0.075178
110720 55.3600 -1.054536 0.070431
110730 55.3650 -1.057793 0.065977
110740 55.3700 -1.061046 0.061625
110750 55.3750 -1.064333 0.057324
110760 55.3800 -1.067489 0.053287
110770 55.3850 -1.070502 0.049515
110780 55.3900 -1.073484 0.045861
110790 55.3950 -1.076470 0.042282
110800 55.4000 -1.079369 0.038880
110810 55.4050 -1.082088 0.035756
110820 55.4100 -1.084837 0.032662
110830 55.4150 -1.087512 0.029713
110840 55.4200 -1.089839 0.027199
110850 55.4250 -1.091926 0.024981
110860 55.4300 -1.093847 0.022974
110870 55.4350 -1.095487 0.021284
110880 55.4400 -1.097005 0.019741
110890 55.4450 -1.098692 0.018047
110900 55.4500 -1.100252 0.016503
110910 55.4550 -1.101874 0.014918
110920 55.4600 -1.103260 0.013582
110930 55.4650 -1.104649 0.012259
110940 55.4700 -1.105781 0.011192
110950 55.4750 -1.106596 0.010431
110960 55.4800 -1.107156 0.009911
110970 55.4850 -1.107384 0.009699
110980 55.4900 -1.107386 0.009697
110990 55.4950 -1.107150 0.009916
111000 55.5000 -1.106447 0.010570
111010 55.5050 -1.105501 0.011367
111020 55.5100 -1.104409 0.012392
111030 55.5150 -1.103145 0.013590
111040 55.5200 -1.101629 0.015044
111050 55.5250 -1.099918 0.016709
111060 55.5300 -1.097805 0.018799
111070 55.5350 -1.095555 0.021066
111080 55.5400 -1.093310 0.023370
111090 55.5450 -1.090849 0.025945
111100 55.5500 -1.088363 0.028599
111110 55.5550 -1.085641 0.031565
111120 55.5600 -1.082622 0.034930
111130 55.5650 -1.079393 0.038616
111140 55.5700 -1.076118 0.042447
111150 55.5750 -1.072727 0.046515
111160 55.5800 -1.069287 0.050745
111170 55.5850 -1.065810 0.055127
111180 55.5900 -1.062437 0.059483
111190 55.5950 -1.059066 0.063940
111200 55.6000 -1.055607 0.068620
111210 55.6050 -1.052185 0.073361
111220 55.6100 -1.048860 0.078070
111230 55.6150 -1.045661 0.082700
111240 55.6200 -1.042441 0.087459
111250 55.6250 -1.039282 0.092224
111260 55.6300 -1.036168 0.097015
111270 55.6350 -1.033108 0.101814
111280 55.6400 -1.030274 0.106342
111290 55.6450 -1.027367 0.111069
111300 55.6500 -1.024149 0.116399
111310 55.6550 -1.020582 0.122430
111320 55.6600 -1.017104 0.128434
111330 55.6650 -1.013702 0.134425
111340 55.6700 -1.010236 0.140654
111350 55.6750 -1.007087 0.146421
111360 55.6800 -1.004076 0.152034
111370 55.6850 -1.001071 0.157730
111380 55.6900 -0.998242 0.163181
111390 55.6950 -0.995802 0.167952
111400 55.7000 -0.993273 0.172965
111410 55.7050 -0.990665 0.178208
111420 55.7100 -0.988134 0.183366
111430 55.7150 -0.985603 0.188597
111440 55.7200 -0.983206 0.193616
111450 55.7250 -0.980817 0.198681
111460 55.7300 -0.978640 0.203353
111470 55.7350 -0.976631 0.207713
111480 55.7400 -0.974737 0.211864
111490 55.7450 -0.973133 0.215413
111500 55.7500 -0.971737 0.218524
111510 55.7550 -0.970591 0.218080
111520 55.7600 -0.969478 0.220562
111530 55.7650 -0.968397 0.222987
111540 55.7700 -0.967495 0.225022
111550 55.7750 -0.966920 0.226323
111560 55.7800 -0.966544 0.227177
111570 55.7850 -0.966444 0.227404
111580 55.7900 -0.966544 0.227177
111590 55.7950 -0.966648 0.226939
111600 55.8000 -0.966748 0.226713
111610 55.8050 -0.966665 0.226902
111620 55.8100 -0.966605 0.227037
111630 55.8150 -0.966642 0.226954
111640 55.8200 -0.966858 0.226463
111650 55.8250 -0.967358 0.225331
111660 55.8300 -0.968023 0.223831
111670 55.8350 -0.968936 0.221777
111680 55.8400 -0.969797 0.219848
111690 55.8450 -0.970491 0.218302
111700 55.8500 -0.971289 0.216529
111710 55.8550 -0.972134 0.214660
111720 55.8600 -0.972964 0.212832
111730 55.8650 -0.973666 0.211292
111740 55.8700 -0.974436 0.209610
111750 55.8750 -0.975313 0.207701
111760 55.8800 -0.976421 0.205302
111770 55.8850 -0.977611 0.202742
111780 55.8900 -0.978837 0.200120
111790 55.8950 -0.980251 0.197118
111800 55.9000 -0.981867 0.193716
111810 55.9050 -0.983520 0.190264
111820 55.9100 -0.985095 0.187004
111830 55.9150 -0.986678 0.183755
111840 55.9200 -0.988438 0.180174
111850 55.9250 -0.990410 0.176204
111860 55.9300 -0.992560 0.171923
111870 55.9350 -0.994711 0.167689
111880 55.9400 -0.996989 0.163261
111890 55.9450 -0.999165 0.159083
111900 55.9500 -1.001326 0.154985
111910 55.9550 -1.003513 0.150887
111920 55.9600 -1.005716 0.146809
111930 55.9650 -1.007775 0.143046
111940 55.9700 -1.009727 0.139517
111950 55.9750 -1.011617 0.136139
111960 55.9800 -1.013609 0.132619
111970 55.9850 -1.015492 0.129328
111980 55.9900 -1.017470 0.125911
111990 55.9950 -1.019667 0.122162
112000 56.0000 -1.021970 0.118283
112010 56.0050 -1.024251 0.113098
112020 56.0100 -1.026294 0.109779
112030 56.0150 -1.028288 0.106582
112040 56.0200 -1.030360 0.103299
112050 56.0250 -1.032445 0.100038
112060 56.0300 -1.034652 0.096633
112070 56.0350 -1.037091 0.092925
112080 56.0400 -1.039432 0.089421
112090 56.0450 -1.041831 0.085882
112100 56.0500 -1.044206 0.082435
112110 56.0550 -1.046480 0.079182
112120 56.0600 -1.048377 0.076508
112130 56.0650 -1.050253 0.073895
112140 56.0700 -1.051942 0.071571
112150 56.0750 -1.053439 0.069533
112160 56.0800 -1.054854 0.067625
112170 56.0850 -1.056371 0.065602
112180 56.0900 -1.057671 0.063884
112190 56.0950 -1.058867 0.062316
112200 56.1000 -1.059813 0.061086
112210 56.1050 -1.060381 0.060351
112220 56.1100 -1.060823 0.059782
112230 56.1150 -1.061216 0.059277
112240 56.1200 -1.061372 0.059076
112250 56.1250 -1.061205 0.059291
112260 56.1300 -1.060898 0.059685
112270 56.1350 -1.060299 0.060458
112280 56.1400 -1.059577 0.061392
112290 56.1450 -1.058666 0.062579
112300 56.1500 -1.057565 0.064023
112310 56.1550 -1.056538 0.065380
112320 56.1600 -1.055422 0.066865
112330 56.1650 -1.054287 0.068388
112340 56.1700 -1.052971 0.070168
112350 56.1750 -1.051425 0.072279
112360 56.1800 -1.049678 0.074693
112370 56.1850 -1.047966 0.077084
112380 56.1900 -1.046210 0.079566
112390 56.1950 -1.044266 0.082348
112400 56.2000 -1.042311 0.085182
112410 56.2050 -1.040206 0.088272
112420 56.2100 -1.037855 0.091775
112430 56.2150 -1.035544 0.095271
112440 56.2200 -1.033354 0.098630
112450 56.2250 -1.031063 0.102194
112460 56.2300 -1.028942 0.105540
112470 56.2350 -1.026848 0.108887
112480 56.2400 -1.024701 0.112364
112490 56.2450 -1.022709 0.115630
112500 56.2500 -1.020782 0.118828
112510 56.2550 -1.018640 0.120956
112520 56.2600 -1.016460 0.124635
112530 56.2650 -1.014180 0.128533
112540 56.2700 -1.011847 0.132579
112550 56.2750 -1.009599 0.136530
112560 56.2800 -1.007438 0.140376
112570 56.2850 -1.005203 0.144407
112580 56.2900 -1.002948 0.148527
112590 56.2950 -1.000793 0.152515
112600 56.3000 -0.998771 0.156302
112610 56.3050 -0.996541 0.160529
112620 56.3100 -0.994032 0.165347
112630 56.3150 -0.991494 0.170293
112640 56.3200 -0.989080 0.175061
112650 56.3250 -0.986842 0.179539
112660 56.3300 -0.984630 0.184020
112670 56.3350 -0.982644 0.188090
112680 56.3400 -0.980900 0.191699
112690 56.3450 -0.979147 0.195364
112700 56.3500 -0.977229 0.199410
112710 56.3550 -0.975341 0.203436
112720 56.3600 -0.973667 0.207038
112730 56.3650 -0.972104 0.210430
112740 56.3700 -0.970756 0.213378
112750 56.3750 -0.969636 0.215844
112760 56.3800 -0.968497 0.218367
112770 56.3850 -0.967381 0.220854
112780 56.3900 -0.966392 0.223069
112790 56.3950 -0.965395 0.225314
112800 56.4000 -0.964651 0.226996
112810 56.4050 -0.964023 0.228421
112820 56.4100 -0.963386 0.229872
112830 56.4150 -0.962713 0.231410
112840 56.4200 -0.962068 0.232887
112850 56.4250 -0.961381 0.234468
112860 56.4300 -0.960713 0.236010
112870 56.4350 -0.959992 0.237680
112880 56.4400 -0.959238 0.239434
112890 56.4450 -0.958452 0.241268
112900 56.4500 -0.957676 0.243086
112910 56.4550 -0.956959 0.244772
112920 56.4600 -0.956491 0.245877
112930 56.4650 -0.956278 0.246381
112940 56.4700 -0.956084 0.246839
112950 56.4750 -0.955830 0.247441
112960 56.4800 -0.955581 0.248032
112970 56.4850 -0.955384 0.248500
112980 56.4900 -0.955044 0.249307
112990 56.4950 -0.954917 0.249610
113000 56.5000 -0.954803 0.249882
113010 56.5050 -0.954844 0.246290
113020 56.5100 -0.954923 0.246104
113030 56.5150 -0.955092 0.245707
113040 56.5200 -0.955329 0.245150
113050 56.5250 -0.955531 0.244675
113060 56.5300 -0.955566 0.244594
113070 56.5350 -0.955436 0.244898
113080 56.5400 -0.955420 0.244936
113090 56.5450 -0.955422 0.244931
113100 56.5500 -0.955340 0.245124
113110 56.5550 -0.955442 0.244885
113120 56.5600 -0.955643 0.244414
113130 56.5650 -0.956071 0.243412
113140 56.5700 -0.956470 0.242480
113150 56.5750 -0.956893 0.241493
113160 56.5800 -0.957356 0.240416
113170 56.5850 -0.958065 0.238772
113180 56.5900 -0.958803 0.237067
113190 56.5950 -0.959585 0.235267
113200 56.6000 -0.960494 0.233185
113210 56.6050 -0.961629 0.230597
113220 56.6100 -0.962924 0.227663
113230 56.6150 -0.964434 0.224267
113240 56.6200 -0.966081 0.220593
113250 56.6250 -0.967765 0.216868
113260 56.6300 -0.969527 0.213006
113270 56.6350 -0.971602 0.208504
113280 56.6400 -0.973579 0.204261
113290 56.6450 -0.975603 0.199961
113300 56.6500 -0.977485 0.196006
113310 56.6550 -0.979137 0.192565
113320 56.6600 -0.980739 0.189259
113330 56.6650 -0.982258 0.186152
113340 56.6700 -0.983451 0.183728
113350 56.6750 -0.984546 0.181517
113360 56.6800 -0.985820 0.178962
113370 56.6850 -0.987053 0.176506
113380 56.6900 -0.988296 0.174047
113390 56.6950 -0.989642 0.171403
113400 56.7000 -0.991008 0.168740
113410 56.7050 -0.992336 0.166171
113420 56.7100 -0.993586 0.163771
113430 56.7150 -0.994846 0.161367
113440 56.7200 -0.995919 0.159335
113450 56.7250 -0.997015 0.157269
113460 56.7300 -0.998076 0.155283
113470 56.7350 -0.998951 0.153656
113480 56.7400 -0.999816 0.152053
113490 56.7450 -1.000626 0.150560
113500 56.7500 -1.001386 0.149165
113510 56.7550 -1.002108 0.145962
113520 56.7600 -1.003025 0.144310
113530 56.7650 -1.003947 0.142659
113540 56.7700 -1.004925 0.140918
113550 56.7750 -1.005769 0.139421
113560 56.7800 -1.006472 0.138181
113570 56.7850 -1.007215 0.136876
113580 56.7900 -1.007811 0.135833
113590 56.7950 -1.008240 0.135086
113600 56.8000 -1.008649 0.134374
113610 56.8050 -1.008969 0.133818
113620 56.8100 -1.009066 0.133651
113630 56.8150 -1.009093 0.133603
113640 56.8200 -1.008914 0.133913
113650 56.8250 -1.008731 0.134231
113660 56.8300 -1.008403 0.134802
113670 56.8350 -1.008033 0.135447
113680 56.8400 -1.007464 0.136441
113690 56.8450 -1.006812 0.137583
113700 56.8500 -1.005890 0.139208
113710 56.8550 -1.004765 0.141201
113720 56.8600 -1.003366 0.143699
113730 56.8650 -1.001798 0.146523
113740 56.8700 -1.000268 0.149304
113750 56.8750 -0.998633 0.152301
113760 56.8800 -0.996850 0.155604
113770 56.8850 -0.994841 0.159366
113780 56.8900 -0.992774 0.163281
113790 56.8950 -0.990572 0.167504
113800 56.9000 -0.988483 0.171556
113810 56.9050 -0.986287 0.175869
113820 56.9100 -0.984053 0.180313
113830 56.9150 -0.981824 0.184799
113840 56.9200 -0.979471 0.189595
113850 56.9250 -0.977124 0.194441
113860 56.9300 -0.974779 0.199347
113870 56.9350 -0.972549 0.204067
113880 56.9400 -0.970237 0.209020
113890 56.9450 -0.967920 0.214048
113900 56.9500 -0.965573 0.219203
113910 56.9550 -0.963291 0.224276
113920 56.9600 -0.961216 0.228940
113930 56.9650 -0.959063 0.233836
113940 56.9700 -0.957072 0.238409
113950 56.9750 -0.955209 0.242732
113960 56.9800 -0.953417 0.246928
113970 56.9850 -0.951784 0.250787
113980 56.9900 -0.950522 0.253790
113990 56.9950 -0.949461 0.256329
114000 57.0000 -0.948433 0.258801
114010 57.0050 -0.947529 0.257317
114020 57.0100 -0.946716 0.259268
114030 57.0150 -0.946052 0.260864
114040 57.0200 -0.945428 0.262372
114050 57.0250 -0.944498 0.264626
114060 57.0300 -0.943562 0.266906
114070 57.0350 -0.942947 0.268411
114080 57.0400 -0.942829 0.268699
114090 57.0450 -0.943017 0.268239
114100 57.0500 -0.943466 0.267140
114110 57.0550 -0.944053 0.265709
114120 57.0600 -0.944622 0.264325
114130 57.0650 -0.945361 0.262535
114140 57.0700 -0.946331 0.260193
114150 57.0750 -0.947439 0.257534
114160 57.0800 -0.948530 0.254929
114170 57.0850 -0.949544 0.252520
114180 57.0900 -0.950825 0.249494
114190 57.0950 -0.952299 0.246037
114200 57.1000 -0.953966 0.242157
114210 57.1050 -0.955633 0.238313
114220 57.1100 -0.957420 0.234227
114230 57.1150 -0.959252 0.230076
114240 57.1200 -0.961021 0.226104
114250 57.1250 -0.962908 0.221909
114260 57.1300 -0.964958 0.217397
114270 57.1350 -0.967029 0.212889
114280 57.1400 -0.969378 0.207834
114290 57.1450 -0.971928 0.202420
114300 57.1500 -0.974479 0.197074
114310 57.1550 -0.977225 0.191403
114320 57.1600 -0.980301 0.185151
114330 57.1650 -0.983568 0.178625
114340 57.1700 -0.986964 0.171964
114350 57.1750 -0.990285 0.165572
114360 57.1800 -0.993589 0.159331
114370 57.1850 -0.996923 0.153151
114380 57.1900 -1.000234 0.147129
114390 57.1950 -1.003707 0.140938
114400 57.2000 -1.007198 0.134840
114410 57.2050 -1.010725 0.128807
114420 57.2100 -1.014337 0.122758
114430 57.2150 -1.017917 0.116894
114440 57.2200 -1.021633 0.110943
114450 57.2250 -1.025299 0.105204
114460 57.2300 -1.028745 0.099930
114470 57.2350 -1.031954 0.095122
114480 57.2400 -1.035063 0.090557
114490 57.2450 -1.037782 0.086641
114500 57.2500 -1.040352 0.083002
114510 57.2550 -1.042741 0.078761
114520 57.2600 -1.044855 0.075885
114530 57.2650 -1.046727 0.073374
114540 57.2700 -1.048429 0.071118
114550 57.2750 -1.049895 0.069197
114560 57.2800 -1.051194 0.067510
114570 57.2850 -1.052420 0.065933
114580 57.2900 -1.053498 0.064556
114590 57.2950 -1.054625 0.063130
114600 57.3000 -1.055824 0.061624
114610 57.3050 -1.056896 0.060289
114620 57.3100 -1.057834 0.059128
114630 57.3150 -1.058602 0.058185
114640 57.3200 -1.059407 0.057201
114650 57.3250 -1.059823 0.056695
114660 57.3300 -1.059857 0.056654
114670 57.3350 -1.059857 0.056654
114680 57.3400 -1.059725 0.056814
114690 57.3450 -1.059434 0.057168
114700 57.3500 -1.059006 0.057690
114710 57.3550 -1.058524 0.058281
114720 57.3600 -1.057766 0.059212
114730 57.3650 -1.056679 0.060558
114740 57.3700 -1.055700 0.061779
114750 57.3750 -1.054673 0.063069
114760 57.3800 -1.053490 0.064567
114770 57.3850 -1.052352 0.066019
114780 57.3900 -1.051131 0.067592
114790 57.3950 -1.049487 0.069730
114800 57.4000 -1.047391 0.072491
114810 57.4050 -1.045121 0.075526
114820 57.4100 -1.042641 0.078897
114830 57.4150 -1.039948 0.082624
114840 57.4200 -1.037100 0.086638
114850 57.4250 -1.034176 0.090839
114860 57.4300 -1.031211 0.095183
114870 57.4350 -1.027895 0.100140
114880 57.4400 -1.024363 0.105539
114890 57.4450 -1.020944 0.110883
114900 57.4500 -1.017421 0.116509
114910 57.4550 -1.013701 0.122585
114920 57.4600 -1.009935 0.128879
114930 57.4650 -1.006261 0.135159
114940 57.4700 -1.002548 0.141649
114950 57.4750 -0.998834 0.148285
114960 57.4800 -0.995173 0.154966
114970 57.4850 -0.991495 0.161826
114980 57.4900 -0.988015 0.168449
114990 57.4950 -0.984614 0.175048
115000 57.5000 -0.981351 0.181501
115010 57.5050 -0.978360 0.185062
115020 57.5100 -0.975367 0.191124
115030 57.5150 -0.972431 0.197167
115040 57.5200 -0.969722 0.202829
115050 57.5250 -0.966975 0.208656
115060 57.5300 -0.964228 0.214570
115070 57.5350 -0.961932 0.219579
115080 57.5400 -0.959742 0.224416
115090 57.5450 -0.957801 0.228746
115100 57.5500 -0.956069 0.232650
115110 57.5550 -0.954409 0.236424
115120 57.5600 -0.952838 0.240026
115130 57.5650 -0.951209 0.243791
115140 57.5700 -0.949593 0.247558
115150 57.5750 -0.948038 0.251212
115160 57.5800 -0.946470 0.254927
115170 57.5850 -0.944806 0.258900
115180 57.5900 -0.943114 0.262976
115190 57.5950 -0.941528 0.266826
115200 57.6000 -0.940023 0.270508
115210 57.6050 -0.938540 0.274164
115220 57.6100 -0.937066 0.277826
115230 57.6150 -0.935741 0.281139
115240 57.6200 -0.934737 0.283664
115250 57.6250 -0.933872 0.285848
115260 57.6300 -0.933123 0.287749
115270 57.6350 -0.932433 0.289505
115280 57.6400 -0.931761 0.291220
115290 57.6450 -0.931060 0.293016
115300 57.6500 -0.930596 0.294210
115310 57.6550 -0.930294 0.294987
115320 57.6600 -0.930196 0.295239
115330 57.6650 -0.930122 0.295430
115340 57.6700 -0.929943 0.295891
115350 57.6750 -0.929864 0.296094
115360 57.6800 -0.929780 0.296312
115370 57.6850 -0.929901 0.295999
115380 57.6900 -0.930130 0.295408
115390 57.6950 -0.930281 0.295021
115400 57.7000 -0.930503 0.294448
115410 57.7050 -0.930699 0.293945
115420 57.7100 -0.930896 0.293438
115430 57.7150 -0.931157 0.292767
115440 57.7200 -0.931504 0.291877
115450 57.7250 -0.931791 0.291144
115460 57.7300 -0.931923 0.290807
115470 57.7350 -0.932209 0.290075
115480 57.7400 -0.932653 0.288943
115490 57.7450 -0.933014 0.288026
115500 57.7500 -0.933324 0.287238
115510 57.7550 -0.933503 0.282681
115520 57.7600 -0.933723 0.282130
115530 57.7650 -0.933835 0.281849
115540 57.7700 -0.933959 0.281539
115550 57.7750 -0.934133 0.281104
115560 57.7800 -0.934287 0.280720
115570 57.7850 -0.934583 0.279983
115580 57.7900 -0.935136 0.278608
115590 57.7950 -0.935789 0.276989
115600 57.8000 -0.936481 0.275278
115610 57.8050 -0.937321 0.273212
115620 57.8100 -0.938349 0.270693
115630 57.8150 -0.939496 0.267897
115640 57.8200 -0.940951 0.264373
115650 57.8250 -0.942720 0.260124
115660 57.8300 -0.944497 0.255893
115670 57.8350 -0.946265 0.251722
115680 57.8400 -0.947973 0.247727
115690 57.8450 -0.949727 0.243660
115700 57.8500 -0.951386 0.239849
115710 57.8550 -0.952885 0.236431
115720 57.8600 -0.954162 0.233540
115730 57.8650 -0.955505 0.230521
115740 57.8700 -0.956818 0.227590
115750 57.8750 -0.958051 0.224855
115760 57.8800 -0.959358 0.221976
115770 57.8850 -0.960841 0.218733
115780 57.8900 -0.962376 0.215403
115790 57.8950 -0.963729 0.212490
115800 57.9000 -0.965139 0.209478
115810 57.9050 -0.966462 0.206671
115820 57.9100 -0.967700 0.204063
115830 57.9150 -0.968807 0.201744
115840 57.9200 -0.969904 0.199461
115850 57.9250 -0.970840 0.197524
115860 57.9300 -0.971761 0.195627
115870 57.9350 -0.972405 0.194307
115880 57.9400 -0.972938 0.193218
115890 57.9450 -0.973316 0.192446
115900 57.9500 -0.973769 0.191525
115910 57.9550 -0.974140 0.190772
115920 57.9600 -0.974358 0.190330
115930 57.9650 -0.974255 0.190540
115940 57.9700 -0.974071 0.190913
115950 57.9750 -0.973917 0.191224
115960 57.9800 -0.973531 0.192008
115970 57.9850 -0.973062 0.192963
115980 57.9900 -0.972429 0.194257
115990 57.9950 -0.971738 0.195674
116000 58.0000 -0.970960 0.197276
116010 58.0050 -0.970061 0.196464
116020 58.0100 -0.968980 0.198690
116030 58.0150 -0.967787 0.201160
116040 58.0200 -0.966529 0.203782
116050 58.0250 -0.965266 0.206432
116060 58.0300 -0.963965 0.209183
116070 58.0350 -0.962598 0.212091
116080 58.0400 -0.961165 0.215165
116090 58.0450 -0.959615 0.218515
116100 58.0500 -0.958133 0.221743
116110 58.0550 -0.956778 0.224718
116120 58.0600 -0.955597 0.227329
116130 58.0650 -0.954597 0.229552
116140 58.0700 -0.953703 0.231548
116150 58.0750 -0.953034 0.233050
116160 58.0800 -0.952772 0.233638
116170 58.0850 -0.952645 0.233924
116180 58.0900 -0.952684 0.233837
116190 58.0950 -0.952656 0.233900
116200 58.1000 -0.952632 0.233955
116210 58.1050 -0.952857 0.233447
116220 58.1100 -0.953233 0.232603
116230 58.1150 -0.953707 0.231540
116240 58.1200 -0.954295 0.230225
116250 58.1250 -0.954706 0.229308
116260 58.1300 -0.955335 0.227911
116270 58.1350 -0.956157 0.226089
116280 58.1400 -0.956913 0.224422
116290 58.1450 -0.957826 0.222417
116300 58.1500 -0.958906 0.220057
116310 58.1550 -0.959937 0.217816
116320 58.1600 -0.960733 0.216095
116330 58.1650 -0.961613 0.214201
116340 58.1700 -0.962457 0.212392
116350 58.1750 -0.963379 0.210427
116360 58.1800 -0.964475 0.208101
116370 58.1850 -0.965388 0.206176
116380 58.1900 -0.966089 0.204703
116390 58.1950 -0.966897 0.203013
116400 58.2000 -0.967791 0.201151
116410 58.2050 -0.968740 0.199186
116420 58.2100 -0.969475 0.197669
116430 58.2150 -0.970239 0.196100
116440 58.2200 -0.971106 0.194327
116450 58.2250 -0.972157 0.192190
116460 58.2300 -0.973252 0.189975
116470 58.2350 -0.974188 0.188093
116480 58.2400 -0.974915 0.186638
116490 58.2450 -0.975503 0.185465
116500 58.2500 -0.976049 0.184379
116510 58.2550 -0.976484 0.181072
116520 58.2600 -0.976840 0.180375
116530 58.2650 -0.977078 0.179908
116540 58.2700 -0.977088 0.179890
116550 58.2750 -0.977116 0.179835
116560 58.2800 -0.977143 0.179781
116570 58.2850 -0.977103 0.179860
116580 58.2900 -0.976997 0.180068
116590 58.2950 -0.976935 0.180189
116600 58.3000 -0.977033 0.179996
116610 58.3050 -0.977301 0.179475
116620 58.3100 -0.977436 0.179210
116630 58.3150 -0.977476 0.179132
116640 58.3200 -0.977627 0.178839
116650 58.3250 -0.977850 0.178404
116660 58.3300 -0.978128 0.177864
116670 58.3350 -0.978486 0.177170
116680 58.3400 -0.978873 0.176421
116690 58.3450 -0.979173 0.175840
116700 58.3500 -0.979481 0.175247
116710 58.3550 -0.979733 0.174761
116720 58.3600 -0.979981 0.174284
116730 58.3650 -0.980226 0.173813
116740 58.3700 -0.980474 0.173338
116750 58.3750 -0.980808 0.172699
116760 58.3800 -0.981033 0.172268
116770 58.3850 -0.981259 0.171836
116780 58.3900 -0.981442 0.171488
116790 58.3950 -0.981728 0.170943
116800 58.4000 -0.981801 0.170805
116810 58.4050 -0.981866 0.170681
116820 58.4100 -0.981877 0.170660
116830 58.4150 -0.981956 0.170509
116840 58.4200 -0.982014 0.170400
116850 58.4250 -0.982110 0.170217
116860 58.4300 -0.982224 0.170000
116870 58.4350 -0.982548 0.169386
116880 58.4400 -0.982949 0.168628
116890 58.4450 -0.983123 0.168299
116900 58.4500 -0.983254 0.168051
116910 58.4550 -0.983343 0.167885
116920 58.4600 -0.983326 0.167917
116930 58.4650 -0.983194 0.168165
116940 58.4700 -0.983045 0.168446
116950 58.4750 -0.982994 0.168543
116960 58.4800 -0.982740 0.169023
116970 58.4850 -0.982369 0.169725
116980 58.4900 -0.981988 0.170449
116990 58.4950 -0.981751 0.170900
117000 58.5000 -0.981560 0.171263
117010 58.5050 -0.981162 0.169758
117020 58.5100 -0.980501 0.171010
117030 58.5150 -0.979762 0.172416
117040 58.5200 -0.978926 0.174013
117050 58.5250 -0.977971 0.175846
117060 58.5300 -0.976796 0.178117
117070 58.5350 -0.975457 0.180721
117080 58.5400 -0.973994 0.183590
117090 58.5450 -0.972598 0.186350
117100 58.5500 -0.971303 0.188929
117110 58.5550 -0.970045 0.191452
117120 58.5600 -0.968845 0.193876
117130 58.5650 -0.967718 0.196167
117140 58.5700 -0.966721 0.198206
117150 58.5750 -0.965717 0.200271
117160 58.5800 -0.964763 0.202242
117170 58.5850 -0.963841 0.204158
117180 58.5900 -0.962904 0.206114
117190 58.5950 -0.962032 0.207944
117200 58.6000 -0.961270 0.209552
117210 58.6050 -0.960443 0.211302
117220 58.6100 -0.959597 0.213101
117230 58.6150 -0.958990 0.214397
117240 58.6200 -0.958403 0.215654
117250 58.6250 -0.957715 0.217133
117260 58.6300 -0.956788 0.219133
117270 58.6350 -0.955747 0.221393
117280 58.6400 -0.954632 0.223826
117290 58.6450 -0.953424 0.226479
117300 58.6500 -0.952411 0.228716
117310 58.6550 -0.951262 0.231269
117320 58.6600 -0.950003 0.234084
117330 58.6650 -0.948733 0.236942
117340 58.6700 -0.947662 0.239366
117350 58.6750 -0.946983 0.240911
117360 58.6800 -0.946374 0.242302
117370 58.6850 -0.945612 0.244047
117380 58.6900 -0.944862 0.245770
117390 58.6950 -0.944353 0.246946
117400 58.7000 -0.943895 0.248005
117410 58.7050 -0.943447 0.249044
117420 58.7100 -0.943075 0.249908
117430 58.7150 -0.942817 0.250507
117440 58.7200 -0.942757 0.250647
117450 58.7250 -0.942841 0.250452
117460 58.7300 -0.943011 0.250056
117470 58.7350 -0.943490 0.248944
117480 58.7400 -0.944025 0.247705
117490 58.7450 -0.944729 0.246077
117500 58.7500 -0.945366 0.244611
117510 58.7550 -0.945895 0.240008
117520 58.7600 -0.946395 0.238876
117530 58.7650 -0.946778 0.238011
117540 58.7700 -0.947089 0.237311
117550 58.7750 -0.947479 0.236433
117560 58.7800 -0.947975 0.235321
117570 58.7850 -0.948781 0.233520
117580 58.7900 -0.949683 0.231511
117590 58.7950 -0.950684 0.229295
117600 58.8000 -0.951737 0.226975
117610 58.8050 -0.952894 0.224442
117620 58.8100 -0.954365 0.221242
117630 58.8150 -0.956035 0.217641
117640 58.8200 -0.957703 0.214075
117650 58.8250 -0.959405 0.210471
117660 58.8300 -0.961109 0.206896
117670 58.8350 -0.962708 0.203569
117680 58.8400 -0.964209 0.200474
117690 58.8450 -0.965509 0.197813
117700 58.8500 -0.966651 0.195493
117710 58.8550 -0.967783 0.193206
117720 58.8600 -0.968713 0.191339
117730 58.8650 -0.969619 0.189529
117740 58.8700 -0.970339 0.188096
117750 58.8750 -0.971010 0.186767
117760 58.8800 -0.971642 0.185519
117770 58.8850 -0.972141 0.184538
117780 58.8900 -0.972388 0.184052
117790 58.8950 -0.972501 0.183831
117800 58.9000 -0.972741 0.183360
117810 58.9050 -0.972868 0.183112
117820 58.9100 -0.972912 0.183026
117830 58.9150 -0.972943 0.182964
117840 58.9200 -0.972777 0.183289
117850 58.9250 -0.972455 0.183920
117860 58.9300 -0.972107 0.184603
117870 58.9350 -0.971835 0.185138
117880 58.9400 -0.971384 0.186027
117890 58.9450 -0.971042 0.186704
117900 58.9500 -0.970757 0.187267
117910 58.9550 -0.970637 0.187505
117920 58.9600 -0.970583 0.187612
117930 58.9650 -0.970579 0.187621
117940 58.9700 -0.970819 0.187144
117950 58.9750 -0.971227 0.186338
117960 58.9800 -0.971857 0.185096
117970 58.9850 -0.972330 0.184165
117980 58.9900 -0.972909 0.183032
117990 58.9950 -0.973653 0.181578
118000 59.0000 -0.974318 0.180285
118010 59.0050 -0.974975 0.176621
118020 59.0100 -0.975426 0.175760
118030 59.0150 -0.975808 0.175031
118040 59.0200 -0.976147 0.174385
118050 59.0250 -0.976624 0.173478
118060 59.0300 -0.977026 0.172717
118070 59.0350 -0.977211 0.172367
118080 59.0400 -0.977092 0.172592
118090 59.0450 -0.976712 0.173312
118100 59.0500 -0.976261 0.174168
118110 59.0550 -0.975928 0.174802
118120 59.0600 -0.975498 0.175621
118130 59.0650 -0.974928 0.176711
118140 59.0700 -0.974213 0.178083
118150 59.0750 -0.973521 0.179418
118160 59.0800 -0.972692 0.181022
118170 59.0850 -0.971894 0.182573
118180 59.0900 -0.971085 0.184152
118190 59.0950 -0.970089 0.186109
118200 59.1000 -0.969066 0.188127
118210 59.1050 -0.967861 0.190522
118220 59.1100 -0.966603 0.193039
118230 59.1150 -0.965555 0.195149
118240 59.1200 -0.964431 0.197426
118250 59.1250 -0.963239 0.199855
118260 59.1300 -0.961973 0.202454
118270 59.1350 -0.960706 0.205073
118280 59.1400 -0.959320 0.207957
118290 59.1450 -0.958118 0.210479
118300 59.1500 -0.956925 0.212996
118310 59.1550 -0.955544 0.215931
118320 59.1600 -0.954107 0.219007
118330 59.1650 -0.952508 0.222458
118340 59.1700 -0.950826 0.226123
118350 59.1750 -0.949198 0.229699
118360 59.1800 -0.947738 0.232935
118370 59.1850 -0.946361 0.236006
118380 59.1900 -0.945116 0.238805
118390 59.1950 -0.943887 0.241584
118400 59.2000 -0.942749 0.244174
118410 59.2050 -0.941753 0.246455
118420 59.2100 -0.940764 0.248729
118430 59.2150 -0.939722 0.251138
118440 59.2200 -0.938700 0.253515
118450 59.2250 -0.937577 0.256139
118460 59.2300 -0.936368 0.258983
118470 59.2350 -0.935235 0.261663
118480 59.2400 -0.934004 0.264593
118490 59.2450 -0.932657 0.267820
118500 59.2500 -0.931546 0.270500
118510 59.2550 -0.930595 0.268948
118520 59.2600 -0.929903 0.270611
118530 59.2650 -0.929292 0.272085
118540 59.2700 -0.928706 0.273502
118550 59.2750 -0.928323 0.274430
118560 59.2800 -0.928281 0.274533
118570 59.2850 -0.928489 0.274029
118580 59.2900 -0.928717 0.273475
118590 59.2950 -0.928909 0.273011
118600 59.3000 -0.929288 0.272093
118610 59.3050 -0.929744 0.270993
118620 59.3100 -0.930375 0.269476
118630 59.3150 -0.931326 0.267197
118640 59.3200 -0.932395 0.264648
118650 59.3250 -0.933462 0.262119
118660 59.3300 -0.934422 0.259855
118670 59.3350 -0.935347 0.257683
118680 59.3400 -0.936200 0.255690
118690 59.3450 -0.936906 0.254047
118700 59.3500 -0.937823 0.251920
118710 59.3550 -0.938920 0.249391
118720 59.3600 -0.940113 0.246657
118730 59.3650 -0.941214 0.244147
118740 59.3700 -0.942528 0.241171
118750 59.3750 -0.944031 0.237793
118760 59.3800 -0.945567 0.234366
118770 59.3850 -0.946950 0.231306
118780 59.3900 -0.948106 0.228764
118790 59.3950 -0.949374 0.225995
118800 59.4000 -0.950567 0.223407
118810 59.4050 -0.951750 0.220856
118820 59.4100 -0.953155 0.217847
118830 59.4150 -0.954651 0.214669
118840 59.4200 -0.956017 0.211789
118850 59.4250 -0.957368 0.208961
118860 59.4300 -0.958719 0.206155
118870 59.4350 -0.960287 0.202924
118880 59.4400 -0.962007 0.199411
118890 59.4450 -0.963365 0.196660
118900 59.4500 -0.964306 0.194768
118910 59.4550 -0.964946 0.193486
118920 59.4600 -0.965439 0.192500
118930 59.4650 -0.965966 0.191451
118940 59.4700 -0.966593 0.190206
118950 59.4750 -0.967275 0.188858
118960 59.4800 -0.967967 0.187494
118970 59.4850 -0.968616 0.186220
118980 59.4900 -0.969418 0.184652
118990 59.4950 -0.970013 0.183493
119000 59.5000 -0.970581 0.182393
119010 59.5050 -0.970952 0.179235
119020 59.5100 -0.971107 0.178937
119030 59.5150 -0.971087 0.178975
119040 59.5200 -0.970984 0.179173
119050 59.5250 -0.970920 0.179296
119060 59.5300 -0.970888 0.179357
119070 59.5350 -0.970994 0.179154
119080 59.5400 -0.970885 0.179362
119090 59.5450 -0.970540 0.180025
119100 59.5500 -0.970016 0.181032
119110 59.5550 -0.969542 0.181945
119120 59.5600 -0.969121 0.182758
119130 59.5650 -0.968646 0.183678
119140 59.5700 -0.968263 0.184421
119150 59.5750 -0.967828 0.185268
119160 59.5800 -0.967398 0.186107
119170 59.5850 -0.966906 0.187069
119180 59.5900 -0.966397 0.188068
119190 59.5950 -0.965676 0.189488
119200 59.6000 -0.964993 0.190837
119210 59.6050 -0.964271 0.192271
119220 59.6100 -0.963639 0.193529
119230 59.6150 -0.963024 0.194758
119240 59.6200 -0.962046 0.196722
119250 59.6250 -0.961063 0.198705
119260 59.6300 -0.960022 0.200819
119270 59.6350 -0.959279 0.202333
119280 59.6400 -0.958763 0.203391
119290 59.6450 -0.958302 0.204336
119300 59.6500 -0.958015 0.204926
119310 59.6550 -0.958002 0.204954
119320 59.6600 -0.958103 0.204745
119330 59.6650 -0.958054 0.204847
119340 59.6700 -0.958386 0.204165
119350 59.6750 -0.958664 0.203593
119360 59.6800 -0.958869 0.203172
119370 59.6850 -0.959286 0.202319
119380 59.6900 -0.959686 0.201504
119390 59.6950 -0.960070 0.200721
119400 59.7000 -0.960324 0.200205
119410 59.7050 -0.960609 0.199624
119420 59.7100 -0.960961 0.198912
119430 59.7150 -0.961055 0.198722
119440 59.7200 -0.961082 0.198666
119450 59.7250 -0.961147 0.198535
119460 59.7300 -0.961109 0.198612
119470 59.7350 -0.961002 0.198829
119480 59.7400 -0.960830 0.199177
119490 59.7450 -0.960668 0.199506
119500 59.7500 -0.960458 0.199932
119510 59.7550 -0.959997 0.198141
119520 59.7600 -0.959584 0.198975
119530 59.7650 -0.959000 0.200156
119540 59.7700 -0.958458 0.201256
119550 59.7750 -0.957971 0.202246
119560 59.7800 -0.957267 0.203685
119570 59.7850 -0.956400 0.205462
119580 59.7900 -0.955507 0.207303
119590 59.7950 -0.954351 0.209700
119600 59.8000 -0.953291 0.211910
119610 59.8050 -0.952242 0.214109
119620 59.8100 -0.951069 0.216585
119630 59.8150 -0.949953 0.218954
119640 59.8200 -0.948690 0.221654
119650 59.8250 -0.947471 0.224275
119660 59.8300 -0.946252 0.226914
119670 59.8350 -0.944992 0.229662
119680 59.8400 -0.943774 0.232334
119690 59.8450 -0.942615 0.234893
119700 59.8500 -0.941405 0.237583
119710 59.8550 -0.940257 0.240148
119720 59.8600 -0.939059 0.242844
119730 59.8650 -0.938012 0.245213
119740 59.8700 -0.937160 0.247151
119750 59.8750 -0.936350 0.249001
119760 59.8800 -0.935515 0.250917
119770 59.8850 -0.934729 0.252729
119780 59.8900 -0.933819 0.254833
119790 59.8950 -0.932931 0.256899
119800 59.9000 -0.932211 0.258578
119810 59.9050 -0.931936 0.259221
119820 59.9100 -0.932022 0.259020
119830 59.9150 -0.932249 0.258489
119840 59.9200 -0.932828 0.257137
119850 59.9250 -0.933542 0.255477
119860 59.9300 -0.934088 0.254210
119870 59.9350 -0.934633 0.252950
119880 59.9400 -0.935179 0.251691
119890 59.9450 -0.935877 0.250085
119900 59.9500 -0.936839 0.247883
119910 59.9550 -0.938101 0.245013
119920 59.9600 -0.939335 0.242223
119930 59.9650 -0.940395 0.239840
119940 59.9700 -0.941835 0.236626
119950 59.9750 -0.943432 0.233088
119960 59.9800 -0.945030 0.229579
119970 59.9850 -0.946534 0.226303
119980 59.9900 -0.948148 0.222817
119990 59.9950 -0.949819 0.219239
120000 60.0000 -0.951522 0.215627
120010 60.0050 -0.953016 0.201998
120020 60.0100 -0.954606 0.198718
120030 60.0150 -0.956392 0.195067
120040 60.0200 -0.958229 0.191350
120050 60.0250 -0.959975 0.187852
120060 60.0300 -0.961646 0.184536
120070 60.0350 -0.963453 0.180986
120080 60.0400 -0.965270 0.177453
120090 60.0450 -0.967124 0.173885
120100 60.0500 -0.968905 0.170493
120110 60.0550 -0.970557 0.167378
120120 60.0600 -0.972056 0.164578
120130 60.0650 -0.973660 0.161608
120140 60.0700 -0.975342 0.158523
120150 60.0750 -0.977026 0.155464
120160 60.0800 -0.978599 0.152635
120170 60.0850 -0.980033 0.150079
120180 60.0900 -0.981416 0.147635
120190 60.0950 -0.982657 0.145459
120200 60.1000 -0.983784 0.143496
120210 60.1050 -0.984863 0.141628
120220 60.1100 -0.985887 0.139869
120230 60.1150 -0.986892 0.138151
120240 60.1200 -0.987692 0.136793
120250 60.1250 -0.988324 0.135723
120260 60.1300 -0.988919 0.134720
120270 60.1350 -0.989357 0.133985
120280 60.1400 -0.989574 0.133622
120290 60.1450 -0.989456 0.133819
120300 60.1500 -0.989224 0.134209
120310 60.1550 -0.988916 0.134726
120320 60.1600 -0.988678 0.135127
120330 60.1650 -0.988438 0.135532
120340 60.1700 -0.988125 0.136059
120350 60.1750 -0.987657 0.136852
120360 60.1800 -0.987227 0.137581
120370 60.1850 -0.986674 0.138523
120380 60.1900 -0.986113 0.139483
120390 60.1950 -0.985413 0.140682
120400 60.2000 -0.984630 0.142031
120410 60.2050 -0.983815 0.143441
120420 60.2100 -0.982935 0.144973
120430 60.2150 -0.981972 0.146658
120440 60.2200 -0.980941 0.148472
120450 60.2250 -0.979994 0.150148
120460 60.2300 -0.978805 0.152266
120470 60.2350 -0.977528 0.154559
120480 60.2400 -0.976189 0.156980
120490 60.2450 -0.974805 0.159505
120500 60.2500 -0.973614 0.161693
120510 60.2550 -0.972511 0.161606
120520 60.2600 -0.971459 0.163546
120530 60.2650 -0.970556 0.165219
120540 60.2700 -0.969789 0.166649
120550 60.2750 -0.969053 0.168027
120560 60.2800 -0.968303 0.169435
120570 60.2850 -0.967559 0.170841
120580 60.2900 -0.966734 0.172405
120590 60.2950 -0.965783 0.174219
120600 60.3000 -0.964846 0.176014
120610 60.3050 -0.964001 0.177642
120620 60.3100 -0.963353 0.178897
120630 60.3150 -0.962538 0.180480
120640 60.3200 -0.961750 0.182017
120650 60.3250 -0.960890 0.183705
120660 60.3300 -0.959847 0.185760
120670 60.3350 -0.958826 0.187785
120680 60.3400 -0.957964 0.189503
120690 60.3450 -0.957230 0.190973
120700 60.3500 -0.956330 0.192785
120710 60.3550 -0.955289 0.194891
120720 60.3600 -0.954390 0.196719
120730 60.3650 -0.953529 0.198479
120740 60.3700 -0.952750 0.200077
120750 60.3750 -0.952060 0.201501
120760 60.3800 -0.951421 0.202823
120770 60.3850 -0.950633 0.204459
120780 60.3900 -0.949720 0.206365
120790 60.3950 -0.948776 0.208344
120800 60.4000 -0.947704 0.210605
120810 60.4050 -0.946545 0.213067
120820 60.4100 -0.945224 0.215888
120830 60.4150 -0.944044 0.218427
120840 60.4200 -0.942928 0.220843
120850 60.4250 -0.941950 0.222971
120860 60.4300 -0.941051 0.224937
120870 60.4350 -0.940156 0.226905
120880 60.4400 -0.939213 0.228989
120890 60.4450 -0.938302 0.231011
120900 60.4500 -0.937462 0.232886
120910 60.4550 -0.936680 0.234636
120920 60.4600 -0.935979 0.236214
120930 60.4650 -0.935367 0.237593
120940 60.4700 -0.934712 0.239078
120950 60.4750 -0.933807 0.241135
120960 60.4800 -0.932899 0.243209
120970 60.4850 -0.931963 0.245358
120980 60.4900 -0.931018 0.247536
120990 60.4950 -0.930184 0.249469
121000 60.5000 -0.929563 0.250913
121010 60.5050 -0.928888 0.189822
121020 60.5100 -0.928244 0.191312
121030 60.5150 -0.927802 0.192338
121040 60.5200 -0.927420 0.193226
121050 60.5250 -0.926881 0.194482
121060 60.5300 -0.926242 0.195976
121070 60.5350 -0.925827 0.196951
121080 60.5400 -0.925718 0.197205
121090 60.5450 -0.925571 0.197551
121100 60.5500 -0.925360 0.198047
121110 60.5550 -0.924859 0.199229
121120 60.5600 -0.924405 0.200300
121130 60.5650 -0.923808 0.201714
121140 60.5700 -0.923043 0.203532
121150 60.5750 -0.922325 0.205245
121160 60.5800 -0.921751 0.206620
121170 60.5850 -0.921208 0.207922
121180 60.5900 -0.920478 0.209680
121190 60.5950 -0.919793 0.211337
121200 60.6000 -0.919189 0.212799
121210 60.6050 -0.918718 0.213944
121220 60.6100 -0.918055 0.215561
121230 60.6150 -0.917486 0.216952
121240 60.6200 -0.916970 0.218219
121250 60.6250 -0.916316 0.219826
121260 60.6300 -0.915875 0.220915
121270 60.6350 -0.915473 0.221907
121280 60.6400 -0.915307 0.222318
121290 60.6450 -0.915218 0.222540
121300 60.6500 -0.915363 0.222180
121310 60.6550 -0.915599 0.221597
121320 60.6600 -0.916086 0.220395
121330 60.6650 -0.916693 0.218899
121340 60.6700 -0.917316 0.217370
121350 60.6750 -0.918150 0.215330
121360 60.6800 -0.918920 0.213453
121370 60.6850 -0.919826 0.211256
121380 60.6900 -0.920906 0.208649
121390 60.6950 -0.922245 0.205437
121400 60.7000 -0.923762 0.201823
121410 60.7050 -0.925343 0.198089
121420 60.7100 -0.926870 0.194508
121430 60.7150 -0.928511 0.190692
121440 60.7200 -0.930304 0.186561
121450 60.7250 -0.932387 0.181809
121460 60.7300 -0.934703 0.176587
121470 60.7350 -0.937138 0.171163
121480 60.7400 -0.939684 0.165568
121490 60.7450 -0.942346 0.159799
121500 60.7500 -0.945169 0.153772
121510 60.7550 -0.948064 0.145844
121520 60.7600 -0.951060 0.139713
121530 60.7650 -0.953817 0.134161
121540 60.7700 -0.956578 0.128686
121550 60.7750 -0.959480 0.123025
121560 60.7800 -0.962450 0.117325
121570 60.7850 -0.965561 0.111462
121580 60.7900 -0.968528 0.105966
121590 60.7950 -0.971222 0.101059
121600 60.8000 -0.973670 0.096667
121610 60.8050 -0.976191 0.092210
121620 60.8100 -0.978523 0.088149
121630 60.8150 -0.980720 0.084374
121640 60.8200 -0.982694 0.081025
121650 60.8250 -0.984451 0.078078
121660 60.8300 -0.986257 0.075083
121670 60.8350 -0.988195 0.071906
121680 60.8400 -0.990067 0.068873
121690 60.8450 -0.991871 0.065983
121700 60.8500 -0.993744 0.063018
121710 60.8550 -0.995425 0.060386
121720 60.8600 -0.996877 0.058137
121730 60.8650 -0.998356 0.055866
121740 60.8700 -0.999674 0.053861
121750 60.8750 -1.000809 0.052148
121760 60.8800 -1.001460 0.051171
121770 60.8850 -1.001930 0.050468
121780 60.8900 -1.002136 0.050160
121790 60.8950 -1.002116 0.050191
121800 60.9000 -1.001915 0.050491
121810 60.9050 -1.001676 0.050848
121820 60.9100 -1.001421 0.051230
121830 60.9150 -1.000880 0.052040
121840 60.9200 -1.000258 0.052978
121850 60.9250 -0.999266 0.054480
121860 60.9300 -0.997889 0.056580
121870 60.9350 -0.996306 0.059019
121880 60.9400 -0.994731 0.061470
121890 60.9450 -0.993073 0.064076
121900 60.9500 -0.991363 0.066794
121910 60.9550 -0.989788 0.069321
121920 60.9600 -0.988125 0.072020
121930 60.9650 -0.986283 0.075039
121940 60.9700 -0.984422 0.078127
121950 60.9750 -0.982429 0.081473
121960 60.9800 -0.980548 0.084668
121970 60.9850 -0.978767 0.087727
121980 60.9900 -0.977008 0.090781
121990 60.9950 -0.974979 0.094345
122000 61.0000 -0.972869 0.098096
122010 61.0050 -0.970663 0.100944
122020 61.0100 -0.968360 0.105110
122030 61.0150 -0.966020 0.109402
122040 61.0200 -0.963802 0.113526
122050 61.0250 -0.961693 0.117495
122060 61.0300 -0.959649 0.121390
122070 61.0350 -0.957538 0.125461
122080 61.0400 -0.955343 0.129746
122090 61.0450 -0.953071 0.134239
122100 61.0500 -0.950574 0.139243
122110 61.0550 -0.948137 0.144196
122120 61.0600 -0.945739 0.149135
122130 61.0650 -0.943295 0.154237
122140 61.0700 -0.940956 0.159186
122150 61.0750 -0.938803 0.163796
122160 61.0800 -0.936652 0.168455
122170 61.0850 -0.934781 0.172554
122180 61.0900 -0.933179 0.176095
122190 61.0950 -0.931534 0.179761
122200 61.1000 -0.929904 0.183429
122210 61.1050 -0.928374 0.186900
122220 61.1100 -0.927014 0.190007
122230 61.1150 -0.925654 0.193138
122240 61.1200 -0.924274 0.196337
122250 61.1250 -0.922983 0.199350
122260 61.1300 -0.921840 0.202034
122270 61.1350 -0.920719 0.204683
122280 61.1400 -0.919716 0.207067
122290 61.1450 -0.918656 0.209599
122300 61.1500 -0.917599 0.212137
122310 61.1550 -0.916425 0.214973
122320 61.1600 -0.915217 0.217908
122330 61.1650 -0.914102 0.220633
122340 61.1700 -0.913182 0.222893
122350 61.1750 -0.912188 0.225346
122360 61.1800 -0.911202 0.227791
122370 61.1850 -0.910325 0.229976
122380 61.1900 -0.909607 0.231773
122390 61.1950 -0.909089 0.233074
122400 61.2000 -0.908591 0.234327
122410 61.2050 -0.908289 0.235089
122420 61.2100 -0.908040 0.235716
122430 61.2150 -0.907631 0.236752
122440 61.2200 -0.907202 0.237839
122450 61.2250 -0.906748 0.238991
122460 61.2300 -0.906208 0.240365
122470 61.2350 -0.905562 0.242016
122480 61.2400 -0.904777 0.244027
122490 61.2450 -0.904197 0.245518
122500 61.2500 -0.903751 0.246668
122510 61.2550 -0.903457 0.243980
122520 61.2600 -0.903425 0.244060
122530 61.2650 -0.903518 0.243825
122540 61.2700 -0.903754 0.243223
122550 61.2750 -0.903957 0.242706
122560 61.2800 -0.904127 0.242273
122570 61.2850 -0.904201 0.242086
122580 61.2900 -0.904282 0.241879
122590 61.2950 -0.904436 0.241488
122600 61.3000 -0.904797 0.240574
122610 61.3050 -0.905185 0.239593
122620 61.3100 -0.905777 0.238096
122630 61.3150 -0.906643 0.235919
122640 61.3200 -0.907740 0.233173
122650 61.3250 -0.908870 0.230360
122660 61.3300 -0.909973 0.227629
122670 61.3350 -0.911143 0.224749
122680 61.3400 -0.912313 0.221884
122690 61.3450 -0.913542 0.218893
122700 61.3500 -0.914902 0.215607
122710 61.3550 -0.916385 0.212049
122720 61.3600 -0.917823 0.208623
122730 61.3650 -0.919180 0.205413
122740 61.3700 -0.920376 0.202605
122750 61.3750 -0.921545 0.199873
122760 61.3800 -0.922601 0.197423
122770 61.3850 -0.923888 0.194453
122780 61.3900 -0.925330 0.191148
122790 61.3950 -0.926827 0.187743
122800 61.4000 -0.928335 0.184341
122810 61.4050 -0.929695 0.181296
122820 61.4100 -0.931104 0.178164
122830 61.4150 -0.932442 0.175212
122840 61.4200 -0.933867 0.172091
122850 61.4250 -0.935408 0.168742
122860 61.4300 -0.936715 0.165922
122870 61.4350 -0.938033 0.163100
122880 61.4400 -0.939175 0.160672
122890 61.4450 -0.940211 0.158481
122900 61.4500 -0.941180 0.156442
122910 61.4550 -0.942097 0.154524
122920 61.4600 -0.943025 0.152592
122930 61.4650 -0.943971 0.150633
122940 61.4700 -0.944977 0.148562
122950 61.4750 -0.946132 0.146196
122960 61.4800 -0.947428 0.143561
122970 61.4850 -0.948698 0.140998
122980 61.4900 -0.949554 0.139280
122990 61.4950 -0.950522 0.137347
123000 61.5000 -0.951537 0.135331
123010 61.5050 -0.952314 0.132190
123020 61.5100 -0.953059 0.130738
123030 61.5150 -0.953574 0.129739
123040 61.5200 -0.954029 0.128859
123050 61.5250 -0.954538 0.127876
123060 61.5300 -0.955034 0.126923
123070 61.5350 -0.955398 0.126225
123080 61.5400 -0.955753 0.125543
123090 61.5450 -0.956055 0.124967
123100 61.5500 -0.956315 0.124471
123110 61.5550 -0.956273 0.124551
123120 61.5600 -0.956011 0.125050
123130 61.5650 -0.955752 0.125545
123140 61.5700 -0.955348 0.126320
123150 61.5750 -0.954540 0.127872
123160 61.5800 -0.953400 0.130078
123170 61.5850 -0.952104 0.132600
123180 61.5900 -0.950749 0.135257
123190 61.5950 -0.949244 0.138234
123200 61.6000 -0.947582 0.141549
123210 61.6050 -0.945790 0.145160
123220 61.6100 -0.943972 0.148859
123230 61.6150 -0.942301 0.152293
123240 61.6200 -0.940758 0.155492
123250 61.6250 -0.939170 0.158814
123260 61.6300 -0.937447 0.162449
123270 61.6350 -0.935731 0.166107
123280 61.6400 -0.933984 0.169862
123290 61.6450 -0.932237 0.173655
123300 61.6500 -0.930502 0.177456
123310 61.6550 -0.928516 0.181853
123320 61.6600 -0.926484 0.186398
123330 61.6650 -0.924370 0.191178
123340 61.6700 -0.922201 0.196139
123350 61.6750 -0.919997 0.201237
123360 61.6800 -0.917665 0.206695
123370 61.6850 -0.915351 0.212176
123380 61.6900 -0.912934 0.217970
123390 61.6950 -0.910334 0.224284
123400 61.7000 -0.907600 0.231011
123410 61.7050 -0.905057 0.237354
123420 61.7100 -0.902527 0.243741
123430 61.7150 -0.899917 0.250414
123440 61.7200 -0.897077 0.257773
123450 61.7250 -0.894363 0.264902
123460 61.7300 -0.891671 0.272064
123470 61.7350 -0.888949 0.279399
123480 61.7400 -0.886143 0.287063
123490 61.7450 -0.883449 0.294513
123500 61.7500 -0.880802 0.301925
123510 61.7550 -0.878284 0.304516
123520 61.7600 -0.875699 0.311818
123530 61.7650 -0.873168 0.319050
123540 61.7700 -0.870876 0.325669
123550 61.7750 -0.868828 0.331645
123560 61.7800 -0.866946 0.337182
123570 61.7850 -0.865027 0.342873
123580 61.7900 -0.863031 0.348847
123590 61.7950 -0.861083 0.354729
123600 61.8000 -0.859218 0.360406
123610 61.8050 -0.857513 0.365634
123620 61.8100 -0.855753 0.371073
123630 61.8150 -0.854031 0.376435
123640 61.8200 -0.852404 0.381534
123650 61.8250 -0.850710 0.386883
123660 61.8300 -0.849170 0.391779
123670 61.8350 -0.847768 0.396264
123680 61.8400 -0.846664 0.399815
123690 61.8450 -0.845568 0.403354
123700 61.8500 -0.844489 0.406856
123710 61.8550 -0.843412 0.410365
123720 61.8600 -0.842400 0.413678
123730 61.8650 -0.841393 0.416990
123740 61.8700 -0.840633 0.419498
123750 61.8750 -0.840101 0.421257
123760 61.8800 -0.839782 0.422313
123770 61.8850 -0.839544 0.423104
123780 61.8900 -0.839306 0.423891
123790 61.8950 -0.839043 0.424766
123800 61.9000 -0.839062 0.424703
123810 61.9050 -0.839219 0.424183
123820 61.9100 -0.839146 0.424424
123830 61.9150 -0.839215 0.424195
123840 61.9200 -0.839417 0.423523
123850 61.9250 -0.839586 0.422962
123860 61.9300 -0.839804 0.422241
123870 61.9350 -0.839965 0.421707
123880 61.9400 -0.840336 0.420479
123890 61.9450 -0.840982 0.418344
123900 61.9500 -0.841828 0.415559
123910 61.9550 -0.842650 0.412860
123920 61.9600 -0.843320 0.410668
123930 61.9650 -0.844119 0.408059
123940 61.9700 -0.844867 0.405629
123950 61.9750 -0.845834 0.402495
123960 61.9800 -0.846811 0.399341
123970 61.9850 -0.847959 0.395650
123980 61.9900 -0.849101 0.391998
123990 61.9950 -0.850111 0.388784
124000 62.0000 -0.850860 0.386407
124010 62.0050 -0.851594 0.377983
124020 62.0100 -0.852400 0.375488
124030 62.0150 -0.853147 0.373183
124040 62.0200 -0.853957 0.370694
124050 62.0250 -0.854815 0.368063
124060 62.0300 -0.855947 0.364611
124070 62.0350 -0.856982 0.361468
124080 62.0400 -0.857922 0.358626
124090 62.0450 -0.858829 0.355894
124100 62.0500 -0.859763 0.353089
124110 62.0550 -0.860726 0.350212
124120 62.0600 -0.862029 0.346339
124130 62.0650 -0.863380 0.342344
124140 62.0700 -0.864523 0.338983
124150 62.0750 -0.865742 0.335416
124160 62.0800 -0.866958 0.331878
124170 62.0850 -0.868253 0.328129
124180 62.0900 -0.869520 0.324482
124190 62.0950 -0.870544 0.321551
124200 62.1000 -0.871368 0.319202
124210 62.1050 -0.872312 0.316520
124220 62.1100 -0.873395 0.313456
124230 62.1150 -0.874489 0.310378
124240 62.1200 -0.875756 0.306831
124250 62.1250 -0.877161 0.302921
124260 62.1300 -0.878350 0.299634
124270 62.1350 -0.879392 0.296766
124280 62.1400 -0.880335 0.294180
124290 62.1450 -0.881314 0.291511
124300 62.1500 -0.882348 0.288705
124310 62.1550 -0.883402 0.285854
124320 62.1600 -0.884416 0.283129
124330 62.1650 -0.885395 0.280508
124340 62.1700 -0.886321 0.278040
124350 62.1750 -0.887230 0.275626
124360 62.1800 -0.888253 0.272925
124370 62.1850 -0.889199 0.270435
124380 62.1900 -0.890055 0.268194
124390 62.1950 -0.890781 0.266301
124400 62.2000 -0.891243 0.265097
124410 62.2050 -0.891602 0.264165
124420 62.2100 -0.891943 0.263281
124430 62.2150 -0.892205 0.262604
124440 62.2200 -0.892373 0.262169
124450 62.2250 -0.892407 0.262081
124460 62.2300 -0.892432 0.262017
124470 62.2350 -0.892502 0.261836
124480 62.2400 -0.892639 0.261482
124490 62.2450 -0.892802 0.261060
124500 62.2500 -0.892905 0.260794
124510 62.2550 -0.893097 0.180296
124520 62.2600 -0.893490 0.179299
124530 62.2650 -0.893872 0.178331
124540 62.2700 -0.894096 0.177764
124550 62.2750 -0.894375 0.177059
124560 62.2800 -0.894817 0.175944
124570 62.2850 -0.895056 0.175341
124580 62.2900 -0.895129 0.175156
124590 62.2950 -0.894927 0.175665
124600 62.3000 -0.894541 0.176640
124610 62.3050 -0.893846 0.178398
124620 62.3100 -0.893159 0.180140
124630 62.3150 -0.892483 0.181860
124640 62.3200 -0.891858 0.183457
124650 62.3250 -0.891013 0.185621
124660 62.3300 -0.890094 0.187985
124670 62.3350 -0.889188 0.190327
124680 62.3400 -0.888440 0.192267
124690 62.3450 -0.887709 0.194170
124700 62.3500 -0.886769 0.196625
124710 62.3550 -0.885693 0.199450
124720 62.3600 -0.884432 0.202778
124730 62.3650 -0.883306 0.205769
124740 62.3700 -0.881821 0.209735
124750 62.3750 -0.880081 0.214415
124760 62.3800 -0.878551 0.218563
124770 62.3850 -0.877084 0.222565
124780 62.3900 -0.875541 0.226805
124790 62.3950 -0.873981 0.231122
124800 62.4000 -0.872644 0.234846
124810 62.4050 -0.871540 0.237936
124820 62.4100 -0.870523 0.240798
124830 62.4150 -0.869542 0.243569
124840 62.4200 -0.868614 0.246203
124850 62.4250 -0.867791 0.248547
124860 62.4300 -0.866916 0.251050
124870 62.4350 -0.866044 0.253553
124880 62.4400 -0.864947 0.256717
124890 62.4450 -0.863533 0.260814
124900 62.4500 -0.862024 0.265217
124910 62.4550 -0.860343 0.270155
124920 62.4600 -0.858545 0.275477
124930 62.4650 -0.856782 0.280733
124940 62.4700 -0.854969 0.286183
124950 62.4750 -0.853180 0.291598
124960 62.4800 -0.851421 0.296967
124970 62.4850 -0.849634 0.302459
124980 62.4900 -0.847990 0.307549
124990 62.4950 -0.846535 0.312082
125000 62.5000 -0.845119 0.316521
125010 62.5050 -0.843634 0.315900
125020 62.5100 -0.842159 0.320494
125030 62.5150 -0.840748 0.324912
125040 62.5200 -0.839340 0.329349
125050 62.5250 -0.837911 0.333877
125060 62.5300 -0.836440 0.338565
125070 62.5350 -0.835108 0.342831
125080 62.5400 -0.833553 0.347843
125090 62.5450 -0.832069 0.352656
125100 62.5500 -0.830802 0.356786
125110 62.5550 -0.829610 0.360689
125120 62.5600 -0.828476 0.364421
125130 62.5650 -0.827075 0.369055
125140 62.5700 -0.825722 0.373550
125150 62.5750 -0.824524 0.377554
125160 62.5800 -0.823353 0.381484
125170 62.5850 -0.822022 0.385973
125180 62.5900 -0.820791 0.390143
125190 62.5950 -0.819609 0.394166
125200 62.6000 -0.818442 0.398157
125210 62.6050 -0.817292 0.402106
125220 62.6100 -0.816002 0.406557
125230 62.6150 -0.814933 0.410262
125240 62.6200 -0.813904 0.413840
125250 62.6250 -0.812870 0.417452
125260 62.6300 -0.811918 0.420788
125270 62.6350 -0.810990 0.424052
125280 62.6400 -0.809983 0.427609
125290 62.6450 -0.809094 0.430757
125300 62.6500 -0.808265 0.433705
125310 62.6550 -0.807651 0.435891
125320 62.6600 -0.807225 0.437414
125330 62.6650 -0.806906 0.438553
125340 62.6700 -0.806669 0.439402
125350 62.6750 -0.806626 0.439554
125360 62.6800 -0.806713 0.439245
125370 62.6850 -0.807009 0.438184
125380 62.6900 -0.807665 0.435842
125390 62.6950 -0.808649 0.432337
125400 62.7000 -0.809878 0.427979
125410 62.7050 -0.811342 0.422813
125420 62.7100 -0.812965 0.417121
125430 62.7150 -0.814680 0.411142
125440 62.7200 -0.816433 0.405068
125450 62.7250 -0.818467 0.398070
125460 62.7300 -0.820627 0.390700
125470 62.7350 -0.822705 0.383665
125480 62.7400 -0.824913 0.376251
125490 62.7450 -0.827249 0.368478
125500 62.7500 -0.829653 0.360548
125510 62.7550 -0.832070 0.346565
125520 62.7600 -0.834446 0.339029
125530 62.7650 -0.836750 0.331789
125540 62.7700 -0.839056 0.324605
125550 62.7750 -0.841279 0.317745
125560 62.7800 -0.843552 0.310791
125570 62.7850 -0.845733 0.304177
125580 62.7900 -0.847837 0.297854
125590 62.7950 -0.849996 0.291422
125600 62.8000 -0.852212 0.284878
125610 62.8050 -0.854342 0.278644
125620 62.8100 -0.856461 0.272496
125630 62.8150 -0.858409 0.266893
125640 62.8200 -0.860489 0.260961
125650 62.8250 -0.862708 0.254689
125660 62.8300 -0.864919 0.248496
125670 62.8350 -0.867327 0.241821
125680 62.8400 -0.869749 0.235177
125690 62.8450 -0.872146 0.228669
125700 62.8500 -0.874509 0.222320
125710 62.8550 -0.876702 0.216488
125720 62.8600 -0.878749 0.211095
125730 62.8650 -0.880664 0.206094
125740 62.8700 -0.882473 0.201408
125750 62.8750 -0.884250 0.196845
125760 62.8800 -0.886088 0.192161
125770 62.8850 -0.887936 0.187493
125780 62.8900 -0.889691 0.183097
125790 62.8950 -0.891251 0.179218
125800 62.9000 -0.892630 0.175811
125810 62.9050 -0.893985 0.172488
125820 62.9100 -0.895348 0.169165
125830 62.9150 -0.896607 0.166115
125840 62.9200 -0.897719 0.163435
125850 62.9250 -0.898353 0.161915
125860 62.9300 -0.898661 0.161176
125870 62.9350 -0.898837 0.160756
125880 62.9400 -0.899057 0.160231
125890 62.9450 -0.899207 0.159873
125900 62.9500 -0.899294 0.159664
125910 62.9550 -0.899326 0.159589
125920 62.9600 -0.899304 0.159640
125930 62.9650 -0.899206 0.159876
125940 62.9700 -0.898766 0.160926
125950 62.9750 -0.898153 0.162394
125960 62.9800 -0.897352 0.164318
125970 62.9850 -0.896309 0.166834
125980 62.9900 -0.895107 0.169751
125990 62.9950 -0.893697 0.173192
126000 63.0000 -0.892174 0.176937
126010 63.0050 -0.890670 0.178197
126020 63.0100 -0.889242 0.181709
126030 63.0150 -0.887751 0.185401
126040 63.0200 -0.886164 0.189361
126050 63.0250 -0.884280 0.194098
126060 63.0300 -0.882254 0.199238
126070 63.0350 -0.880105 0.204743
126080 63.0400 -0.877980 0.210238
126090 63.0450 -0.875853 0.215792
126100 63.0500 -0.873644 0.221615
126110 63.0550 -0.871464 0.227417
126120 63.0600 -0.869140 0.233665
126130 63.0650 -0.866804 0.240010
126140 63.0700 -0.864578 0.246118
126150 63.0750 -0.862353 0.252279
126160 63.0800 -0.860124 0.258511
126170 63.0850 -0.857991 0.264528
126180 63.0900 -0.855727 0.270978
126190 63.0950 -0.853321 0.277898
126200 63.1000 -0.850954 0.284773
126210 63.1050 -0.848844 0.290960
126220 63.1100 -0.846671 0.297385
126230 63.1150 -0.844298 0.304470
126240 63.1200 -0.841893 0.311719
126250 63.1250 -0.839587 0.318736
126260 63.1300 -0.837776 0.324293
126270 63.1350 -0.836287 0.328889
126280 63.1400 -0.835030 0.332794
126290 63.1450 -0.833896 0.336331
126300 63.1500 -0.832867 0.339554
126310 63.1550 -0.832105 0.341948
126320 63.1600 -0.831544 0.343719
126330 63.1650 -0.831083 0.345174
126340 63.1700 -0.830744 0.346246
126350 63.1750 -0.830585 0.346749
126360 63.1800 -0.830696 0.346397
126370 63.1850 -0.830822 0.345998
126380 63.1900 -0.830906 0.345732
126390 63.1950 -0.831201 0.344801
126400 63.2000 -0.831386 0.344216
126410 63.2050 -0.831505 0.343842
126420 63.2100 -0.831549 0.343701
126430 63.2150 -0.831672 0.343314
126440 63.2200 -0.832026 0.342198
126450 63.2250 -0.832419 0.340962
126460 63.2300 -0.832763 0.339881
126470 63.2350 -0.833082 0.338880
126480 63.2400 -0.833394 0.337901
126490 63.2450 -0.833493 0.337591
126500 63.2500 -0.833453 0.337716
126510 63.2550 -0.833606 0.331572
126520 63.2600 -0.833854 0.330809
126530 63.2650 -0.834058 0.330184
126540 63.2700 -0.834470 0.328922
126550 63.2750 -0.834942 0.327479
126560 63.2800 -0.835281 0.326444
126570 63.2850 -0.835681 0.325225
126580 63.2900 -0.835979 0.324317
126590 63.2950 -0.836123 0.323880
126600 63.3000 -0.836083 0.323999
126610 63.3050 -0.835925 0.324480
126620 63.3100 -0.835848 0.324715
126630 63.3150 -0.835783 0.324913
126640 63.3200 -0.835738 0.325052
126650 63.3250 -0.835792 0.324887
126660 63.3300 -0.835880 0.324618
126670 63.3350 -0.836078 0.324016
126680 63.3400 -0.836255 0.323479
126690 63.3450 -0.836456 0.322868
126700 63.3500 -0.836735 0.322020
126710 63.3550 -0.837025 0.321142
126720 63.3600 -0.837184 0.320659
126730 63.3650 -0.837330 0.320218
126740 63.3700 -0.837351 0.320153
126750 63.3750 -0.837385 0.320050
126760 63.3800 -0.837643 0.319272
126770 63.3850 -0.838026 0.318114
126780 63.3900 -0.838535 0.316578
126790 63.3950 -0.839103 0.314870
126800 63.4000 -0.839823 0.312710
126810 63.4050 -0.840724 0.310012
126820 63.4100 -0.841714 0.307063
126830 63.4150 -0.842728 0.304053
126840 63.4200 -0.843840 0.300766
126850 63.4250 -0.845111 0.297026
126860 63.4300 -0.846469 0.293053
126870 63.4350 -0.847650 0.289614
126880 63.4400 -0.849012 0.285669
126890 63.4450 -0.850387 0.281707
126900 63.4500 -0.851558 0.278353
126910 63.4550 -0.852861 0.274638
126920 63.4600 -0.854440 0.270164
126930 63.4650 -0.856077 0.265555
126940 63.4700 -0.857843 0.260618
126950 63.4750 -0.859504 0.256008
126960 63.4800 -0.861036 0.251785
126970 63.4850 -0.862802 0.246950
126980 63.4900 -0.864810 0.241498
126990 63.4950 -0.866813 0.236103
127000 63.5000 -0.868656 0.231180
127010 63.5050 -0.870553 0.212025
127020 63.5100 -0.872397 0.207250
127030 63.5150 -0.874219 0.202569
127040 63.5200 -0.876161 0.197622
127050 63.5250 -0.878194 0.192489
127060 63.5300 -0.880267 0.187302
127070 63.5350 -0.882422 0.181963
127080 63.5400 -0.884549 0.176742
127090 63.5450 -0.886427 0.172172
127100 63.5500 -0.888346 0.167546
127110 63.5550 -0.890217 0.163075
127120 63.5600 -0.892265 0.158224
127130 63.5650 -0.894389 0.153241
127140 63.5700 -0.896450 0.148453
127150 63.5750 -0.898510 0.143714
127160 63.5800 -0.900570 0.139022
127170 63.5850 -0.902652 0.134327
127180 63.5900 -0.904583 0.130014
127190 63.5950 -0.906548 0.125665
127200 63.6000 -0.908418 0.121566
127210 63.6050 -0.910410 0.117240
127220 63.6100 -0.912248 0.113286
127230 63.6150 -0.913986 0.109581
127240 63.6200 -0.915715 0.105926
127250 63.6250 -0.917509 0.102168
127260 63.6300 -0.919128 0.098805
127270 63.6350 -0.920912 0.095131
127280 63.6400 -0.922716 0.091449
127290 63.6450 -0.924590 0.087662
127300 63.6500 -0.926461 0.083916
127310 63.6550 -0.928402 0.080068
127320 63.6600 -0.930332 0.076281
127330 63.6650 -0.932033 0.072975
127340 63.6700 -0.933479 0.070187
127350 63.6750 -0.934642 0.067960
127360 63.6800 -0.935725 0.065901
127370 63.6850 -0.936597 0.064250
127380 63.6900 -0.937546 0.062461
127390 63.6950 -0.938214 0.061210
127400 63.7000 -0.938561 0.060559
127410 63.7050 -0.938590 0.060505
127420 63.7100 -0.938336 0.060980
127430 63.7150 -0.937945 0.061712
127440 63.7200 -0.937172 0.063165
127450 63.7250 -0.936311 0.064791
127460 63.7300 -0.935324 0.066661
127470 63.7350 -0.934109 0.068979
127480 63.7400 -0.932747 0.071596
127490 63.7450 -0.931338 0.074322
127500 63.7500 -0.929801 0.077318
127510 63.7550 -0.928249 0.079471
127520 63.7600 -0.926685 0.082538
127530 63.7650 -0.924950 0.085971
127540 63.7700 -0.923385 0.089096
127550 63.7750 -0.921767 0.092351
127560 63.7800 -0.919950 0.096041
127570 63.7850 -0.918045 0.099946
127580 63.7900 -0.916201 0.103762
127590 63.7950 -0.914408 0.107507
127600 63.8000 -0.912520 0.111489
127610 63.8050 -0.910573 0.115632
127620 63.8100 -0.908501 0.120087
127630 63.8150 -0.906513 0.124404
127640 63.8200 -0.904470 0.128886
127650 63.8250 -0.902305 0.133682
127660 63.8300 -0.900041 0.138755
127670 63.8350 -0.897705 0.144046
127680 63.8400 -0.895522 0.149044
127690 63.8450 -0.893567 0.153563
127700 63.8500 -0.891712 0.157893
127710 63.8550 -0.889837 0.162304
127720 63.8600 -0.888041 0.166569
127730 63.8650 -0.886516 0.170217
127740 63.8700 -0.885174 0.173447
127750 63.8750 -0.883702 0.177015
127760 63.8800 -0.882406 0.180178
127770 63.8850 -0.881324 0.182830
127780 63.8900 -0.880526 0.184796
127790 63.8950 -0.879715 0.186802
127800 63.9000 -0.878778 0.189126
127810 63.9050 -0.877939 0.191217
127820 63.9100 -0.877374 0.192629
127830 63.9150 -0.877057 0.193422
127840 63.9200 -0.876717 0.194275
127850 63.9250 -0.876621 0.194517
127860 63.9300 -0.876812 0.194036
127870 63.9350 -0.877199 0.193068
127880 63.9400 -0.877506 0.192299
127890 63.9450 -0.877926 0.191250
127900 63.9500 -0.878271 0.190389
127910 63.9550 -0.878818 0.189028
127920 63.9600 -0.879399 0.187584
127930 63.9650 -0.879794 0.186604
127940 63.9700 -0.880032 0.186016
127950 63.9750 -0.880275 0.185415
127960 63.9800 -0.880574 0.184677
127970 63.9850 -0.880713 0.184336
127980 63.9900 -0.880857 0.183980
127990 63.9950 -0.881158 0.183240
128000 64.0000 -0.881744 0.181800
128010 64.0050 -0.882538 0.176318
128020 64.0100 -0.883415 0.174206
128030 64.0150 -0.884103 0.172555
128040 64.0200 -0.884613 0.171337
128050 64.0250 -0.885198 0.169940
128060 64.0300 -0.885679 0.168795
128070 64.0350 -0.886016 0.167993
128080 64.0400 -0.886614 0.166575
128090 64.0450 -0.887104 0.165416
128100 64.0500 -0.887586 0.164279
128110 64.0550 -0.887952 0.163416
128120 64.0600 -0.888244 0.162730
128130 64.0650 -0.888440 0.162269
128140 64.0700 -0.888145 0.162963
128150 64.0750 -0.887838 0.163686
128160 64.0800 -0.887537 0.164395
128170 64.0850 -0.887186 0.165222
128180 64.0900 -0.887069 0.165499
128190 64.0950 -0.886967 0.165739
128200 64.1000 -0.886776 0.166192
128210 64.1050 -0.886478 0.166898
128220 64.1100 -0.886121 0.167745
128230 64.1150 -0.885558 0.169082
128240 64.1200 -0.884953 0.170524
128250 64.1250 -0.884620 0.171320
128260 64.1300 -0.884567 0.171446
128270 64.1350 -0.884655 0.171235
128280 64.1400 -0.884695 0.171140
128290 64.1450 -0.884616 0.171329
128300 64.1500 -0.884637 0.171278
128310 64.1550 -0.884695 0.171139
128320 64.1600 -0.884641 0.171270
128330 64.1650 -0.884659 0.171225
128340 64.1700 -0.884724 0.171070
128350 64.1750 -0.884873 0.170715
128360 64.1800 -0.884956 0.170518
128370 64.1850 -0.884855 0.170758
128380 64.1900 -0.884821 0.170839
128390 64.1950 -0.884626 0.171305
128400 64.2000 -0.884308 0.172064
128410 64.2050 -0.883867 0.173121
128420 64.2100 -0.883535 0.173919
128430 64.2150 -0.883276 0.174542
128440 64.2200 -0.883357 0.174347
128450 64.2250 -0.883618 0.173720
128460 64.2300 -0.883988 0.172832
128470 64.2350 -0.884473 0.171670
128480 64.2400 -0.885070 0.170246
128490 64.2450 -0.885650 0.168863
128500 64.2500 -0.886183 0.167598
128510 64.2550 -0.886998 0.163428
128520 64.2600 -0.887992 0.161113
128530 64.2650 -0.889024 0.158721
128540 64.2700 -0.889773 0.156992
128550 64.2750 -0.890414 0.155517
128560 64.2800 -0.891145 0.153841
128570 64.2850 -0.892114 0.151629
128580 64.2900 -0.893192 0.149179
128590 64.2950 -0.894131 0.147056
128600 64.3000 -0.894950 0.145211
128610 64.3050 -0.895657 0.143624
128620 64.3100 -0.896449 0.141853
128630 64.3150 -0.897175 0.140236
128640 64.3200 -0.897696 0.139078
128650 64.3250 -0.898039 0.138317
128660 64.3300 -0.898451 0.137406
128670 64.3350 -0.898734 0.136781
128680 64.3400 -0.899013 0.136165
128690 64.3450 -0.899308 0.135515
128700 64.3500 -0.899623 0.134821
128710 64.3550 -0.899946 0.134113
128720 64.3600 -0.900314 0.133306
128730 64.3650 -0.900584 0.132714
128740 64.3700 -0.900831 0.132175
128750 64.3750 -0.900997 0.131813
128760 64.3800 -0.901256 0.131248
128770 64.3850 -0.901382 0.130973
128780 64.3900 -0.901442 0.130843
128790 64.3950 -0.901488 0.130742
128800 64.4000 -0.901320 0.131108
128810 64.4050 -0.901001 0.131803
128820 64.4100 -0.900450 0.133008
128830 64.4150 -0.899769 0.134503
128840 64.4200 -0.898838 0.136551
128850 64.4250 -0.897931 0.138556
128860 64.4300 -0.896929 0.140783
128870 64.4350 -0.896064 0.142712
128880 64.4400 -0.895321 0.144377
128890 64.4450 -0.894583 0.146037
128900 64.4500 -0.893797 0.147809
128910 64.4550 -0.893190 0.149184
128920 64.4600 -0.892708 0.150278
128930 64.4650 -0.892156 0.151533
128940 64.4700 -0.891582 0.152842
128950 64.4750 -0.890779 0.154680
128960 64.4800 -0.890095 0.156251
128970 64.4850 -0.889329 0.158016
128980 64.4900 -0.888535 0.159853
128990 64.4950 -0.887792 0.161579
129000 64.5000 -0.887038 0.163335
129010 64.5050 -0.886066 0.163395
129020 64.5100 -0.884835 0.166254
129030 64.5150 -0.883287 0.169871
129040 64.5200 -0.881669 0.173682
129050 64.5250 -0.879948 0.177765
129060 64.5300 -0.878284 0.181743
129070 64.5350 -0.876866 0.185157
129080 64.5400 -0.875540 0.188373
129090 64.5450 -0.874285 0.191430
129100 64.5500 -0.872999 0.194584
129110 64.5550 -0.871583 0.198076
129120 64.5600 -0.869967 0.202089
129130 64.5650 -0.868355 0.206121
129140 64.5700 -0.866959 0.209635
129150 64.5750 -0.865545 0.213218
129160 64.5800 -0.864266 0.216477
129170 64.5850 -0.862941 0.219873
129180 64.5900 -0.861382 0.223896
129190 64.5950 -0.860015 0.227445
129200 64.6000 -0.858746 0.230758
129210 64.6050 -0.857344 0.234439
129220 64.6100 -0.855881 0.238304
129230 64.6150 -0.854630 0.241629
129240 64.6200 -0.853342 0.245072
129250 64.6250 -0.852169 0.248221
129260 64.6300 -0.851344 0.250446
129270 64.6350 -0.850533 0.252641
129280 64.6400 -0.849824 0.254566
129290 64.6450 -0.849242 0.256151
129300 64.6500 -0.848666 0.257723
129310 64.6550 -0.848047 0.259416
129320 64.6600 -0.847514 0.260879
129330 64.6650 -0.847094 0.262033
129340 64.6700 -0.846611 0.263363
129350 64.6750 -0.846191 0.264521
129360 64.6800 -0.845717 0.265832
129370 64.6850 -0.845035 0.267721
129380 64.6900 -0.844481 0.269258
129390 64.6950 -0.844236 0.269939
129400 64.7000 -0.843921 0.270818
129410 64.7050 -0.843558 0.271830
129420 64.7100 -0.843330 0.272468
129430 64.7150 -0.843031 0.273302
129440 64.7200 -0.842699 0.274233
129450 64.7250 -0.842433 0.274978
129460 64.7300 -0.842314 0.275310
129470 64.7350 -0.842193 0.275652
129480 64.7400 -0.842039 0.276083
129490 64.7450 -0.842217 0.275582
129500 64.7500 -0.842509 0.274764
129510 64.7550 -0.842959 0.269236
129520 64.7600 -0.843597 0.267480
129530 64.7650 -0.844397 0.265289
129540 64.7700 -0.845171 0.263173
129550 64.7750 -0.846069 0.260726
129560 64.7800 -0.847233 0.257572
129570 64.7850 -0.848352 0.254551
129580 64.7900 -0.849556 0.251319
129590 64.7950 -0.851083 0.247241
129600 64.8000 -0.852804 0.242676
129610 64.8050 -0.854676 0.237748
129620 64.8100 -0.856677 0.232526
129630 64.8150 -0.858504 0.227796
129640 64.8200 -0.860333 0.223097
129650 64.8250 -0.862139 0.218495
129660 64.8300 -0.863941 0.213938
129670 64.8350 -0.865596 0.209784
129680 64.8400 -0.867311 0.205511
129690 64.8450 -0.868918 0.201537
129700 64.8500 -0.870659 0.197263
129710 64.8550 -0.872545 0.192672
129720 64.8600 -0.874454 0.188065
129730 64.8650 -0.876640 0.182834
129740 64.8700 -0.878663 0.178042
129750 64.8750 -0.880509 0.173708
129760 64.8800 -0.882417 0.169264
129770 64.8850 -0.884412 0.164662
129780 64.8900 -0.886385 0.160152
129790 64.8950 -0.888251 0.155924
129800 64.9000 -0.890265 0.151401
129810 64.9050 -0.892302 0.146874
129820 64.9100 -0.894341 0.142383
129830 64.9150 -0.896387 0.137922
129840 64.9200 -0.898447 0.133474
129850 64.9250 -0.900244 0.129630
129860 64.9300 -0.901996 0.125916
129870 64.9350 -0.903603 0.122536
129880 64.9400 -0.905022 0.119574
129890 64.9450 -0.906107 0.117322
129900 64.9500 -0.907409 0.114636
129910 64.9550 -0.908719 0.111953
129920 64.9600 -0.909933 0.109480
129930 64.9650 -0.911171 0.106976
129940 64.9700 -0.912454 0.104396
129950 64.9750 -0.913691 0.101925
129960 64.9800 -0.914971 0.099384
129970 64.9850 -0.916005 0.097344
129980 64.9900 -0.916847 0.095690
129990 64.9950 -0.917665 0.094091
130000 65.0000 -0.918410 0.092640
130010 65.0050 -0.919064 0.090312
130020 65.0100 -0.919604 0.089278
130030 65.0150 -0.920115 0.088304
130040 65.0200 -0.920590 0.087398
130050 65.0250 -0.921200 0.086239
130060 65.0300 -0.921589 0.085503
130070 65.0350 -0.922050 0.084631
130080 65.0400 -0.922744 0.083325
130090 65.0450 -0.923217 0.082436
130100 65.0500 -0.923531 0.081848
130110 65.0550 -0.923512 0.081883
130120 65.0600 -0.923333 0.082218
130130 65.0650 -0.922900 0.083030
130140 65.0700 -0.922319 0.084124
130150 65.0750 -0.921469 0.085731
130160 65.0800 -0.920549 0.087477
130170 65.0850 -0.919480 0.089516
130180 65.0900 -0.918429 0.091532
130190 65.0950 -0.917335 0.093642
130200 65.1000 -0.916288 0.095675
130210 65.1050 -0.915236 0.097726
130220 65.1100 -0.914191 0.099776
130230 65.1150 -0.913067 0.101993
130240 65.1200 -0.911838 0.104431
130250 65.1250 -0.910734 0.106635
130260 65.1300 -0.909613 0.108884
130270 65.1350 -0.908494 0.111142
130280 65.1400 -0.907403 0.113357
130290 65.1450 -0.906364 0.115478
130300 65.1500 -0.905179 0.117911
130310 65.1550 -0.904073 0.120193
130320 65.1600 -0.903086 0.122241
130330 65.1650 -0.902246 0.123992
130340 65.1700 -0.901659 0.125220
130350 65.1750 -0.901131 0.126328
130360 65.1800 -0.900498 0.127659
130370 65.1850 -0.899980 0.128752
130380 65.1900 -0.899414 0.129951
130390 65.1950 -0.898649 0.131574
130400 65.2000 -0.897858 0.133259
130410 65.2050 -0.897041 0.135006
130420 65.2100 -0.896387 0.136409
130430 65.2150 -0.895914 0.137427
130440 65.2200 -0.895478 0.138368
130450 65.2250 -0.894878 0.139666
130460 65.2300 -0.894246 0.141036
130470 65.2350 -0.893627 0.142382
130480 65.2400 -0.892980 0.143795
130490 65.2450 -0.892304 0.145275
130500 65.2500 -0.891717 0.146564
130510 65.2550 -0.891128 0.144919
130520 65.2600 -0.890636 0.145992
130530 65.2650 -0.890203 0.146940
130540 65.2700 -0.889744 0.147945
130550 65.2750 -0.889398 0.148705
130560 65.2800 -0.889119 0.149320
130570 65.2850 -0.888972 0.149642
130580 65.2900 -0.888858 0.149894
130590 65.2950 -0.888878 0.149849
130600 65.3000 -0.888746 0.150140
130610 65.3050 -0.888677 0.150292
130620 65.3100 -0.888624 0.150410
130630 65.3150 -0.888648 0.150356
130640 65.3200 -0.888816 0.149986
130650 65.3250 -0.889192 0.149158
130660 65.3300 -0.889760 0.147910
130670 65.3350 -0.890361 0.146593
130680 65.3400 -0.891050 0.145088
130690 65.3450 -0.891644 0.143795
130700 65.3500 -0.892374 0.142211
130710 65.3550 -0.893180 0.140469
130720 65.3600 -0.894160 0.138359
130730 65.3650 -0.895049 0.136454
130740 65.3700 -0.895754 0.134949
130750 65.3750 -0.896723 0.132888
130760 65.3800 -0.897800 0.130610
130770 65.3850 -0.898815 0.128474
130780 65.3900 -0.899876 0.126252
130790 65.3950 -0.900729 0.124474
130800 65.4000 -0.901632 0.122601
130810 65.4050 -0.902552 0.120701
130820 65.4100 -0.903393 0.118972
130830 65.4150 -0.904269 0.117179
130840 65.4200 -0.905166 0.115349
130850 65.4250 -0.906044 0.113569
130860 65.4300 -0.907044 0.111548
130870 65.4350 -0.908096 0.109435
130880 65.4400 -0.908935 0.107757
130890 65.4450 -0.909741 0.106152
130900 65.4500 -0.910669 0.104312
130910 65.4550 -0.911515 0.102644
130920 65.4600 -0.912317 0.101066
130930 65.4650 -0.913095 0.099544
130940 65.4700 -0.913994 0.097793
130950 65.4750 -0.914915 0.096007
130960 65.4800 -0.915805 0.094288
130970 65.4850 -0.916771 0.092432
130980 65.4900 -0.917638 0.090775
130990 65.4950 -0.918537 0.089065
131000 65.5000 -0.919559 0.087129
131010 65.5050 -0.920731 0.083956
131020 65.5100 -0.921750 0.082068
131030 65.5150 -0.922567 0.080562
131040 65.5200 -0.923329 0.079162
131050 65.5250 -0.924022 0.077896
131060 65.5300 -0.924505 0.077015
131070 65.5350 -0.924796 0.076485
131080 65.5400 -0.924770 0.076532
131090 65.5450 -0.924839 0.076407
131100 65.5500 -0.924930 0.076241
131110 65.5550 -0.924883 0.076327
131120 65.5600 -0.924916 0.076267
131130 65.5650 -0.924973 0.076164
131140 65.5700 -0.924975 0.076161
131150 65.5750 -0.924580 0.076877
131160 65.5800 -0.924005 0.077927
131170 65.5850 -0.923343 0.079138
131180 65.5900 -0.922650 0.080409
131190 65.5950 -0.921790 0.081994
131200 65.6000 -0.920811 0.083808
131210 65.6050 -0.919746 0.085791
131220 65.6100 -0.918714 0.087723
131230 65.6150 -0.917497 0.090016
131240 65.6200 -0.916189 0.092496
131250 65.6250 -0.914858 0.095040
131260 65.6300 -0.913296 0.098044
131270 65.6350 -0.911662 0.101217
131280 65.6400 -0.909990 0.104488
131290 65.6450 -0.908396 0.107634
131300 65.6500 -0.906947 0.110518
131310 65.6550 -0.905469 0.113478
131320 65.6600 -0.903878 0.116693
131330 65.6650 -0.902223 0.120063
131340 65.6700 -0.900752 0.123084
131350 65.6750 -0.899321 0.126042
131360 65.6800 -0.898017 0.128756
131370 65.6850 -0.896995 0.130897
131380 65.6900 -0.896059 0.132865
131390 65.6950 -0.895162 0.134763
131400 65.7000 -0.894386 0.136410
131410 65.7050 -0.893566 0.138157
131420 65.7100 -0.892823 0.139745
131430 65.7150 -0.892208 0.141066
131440 65.7200 -0.891844 0.141848
131450 65.7250 -0.891457 0.142682
131460 65.7300 -0.890860 0.143973
131470 65.7350 -0.890238 0.145321
131480 65.7400 -0.889680 0.146532
131490 65.7450 -0.889402 0.147139
131500 65.7500 -0.889104 0.147788
131510 65.7550 -0.888634 0.146901
131520 65.7600 -0.888227 0.147781
131530 65.7650 -0.887766 0.148780
131540 65.7700 -0.887223 0.149960
131550 65.7750 -0.886631 0.151252
131560 65.7800 -0.885885 0.152883
131570 65.7850 -0.885014 0.154795
131580 65.7900 -0.883943 0.157159
131590 65.7950 -0.882795 0.159705
131600 65.8000 -0.881879 0.161745
131610 65.8050 -0.881029 0.163649
131620 65.8100 -0.880032 0.165890
131630 65.8150 -0.879048 0.168112
131640 65.8200 -0.878059 0.170357
131650 65.8250 -0.877363 0.171942
131660 65.8300 -0.876879 0.173047
131670 65.8350 -0.876342 0.174277
131680 65.8400 -0.875747 0.175643
131690 65.8450 -0.875186 0.176935
131700 65.8500 -0.874806 0.177813
131710 65.8550 -0.874627 0.178226
131720 65.8600 -0.874336 0.178900
131730 65.8650 -0.873940 0.179816
131740 65.8700 -0.873556 0.180707
131750 65.8750 -0.873140 0.181675
131760 65.8800 -0.872891 0.182255
131770 65.8850 -0.872703 0.182693
131780 65.8900 -0.872467 0.183243
131790 65.8950 -0.872248 0.183754
131800 65.9000 -0.872082 0.184144
131810 65.9050 -0.871746 0.184929
131820 65.9100 -0.871444 0.185637
131830 65.9150 -0.871200 0.186211
131840 65.9200 -0.871180 0.186258
131850 65.9250 -0.871265 0.186057
131860 65.9300 -0.871486 0.185538
131870 65.9350 -0.871925 0.184512
131880 65.9400 -0.872645 0.182829
131890 65.9450 -0.873343 0.181202
131900 65.9500 -0.873912 0.179881
131910 65.9550 -0.874632 0.178213
131920 65.9600 -0.875317 0.176633
131930 65.9650 -0.876050 0.174946
131940 65.9700 -0.876949 0.172888
131950 65.9750 -0.877699 0.171175
131960 65.9800 -0.878364 0.169664
131970 65.9850 -0.879094 0.168008
131980 65.9900 -0.879838 0.166327
131990 65.9950 -0.880770 0.164229
132000 66.0000 -0.881820 0.161876
132010 66.0050 -0.882915 0.126909
132020 66.0100 -0.884040 0.124445
132030 66.0150 -0.885214 0.121888
132040 66.0200 -0.886355 0.119416
132050 66.0250 -0.887417 0.117130
132060 66.0300 -0.888325 0.115182
132070 66.0350 -0.889163 0.113393
132080 66.0400 -0.889879 0.111871
132090 66.0450 -0.890592 0.110359
132100 66.0500 -0.891393 0.108668
132110 66.0550 -0.892113 0.107153
132120 66.0600 -0.892720 0.105880
132130 66.0650 -0.893286 0.104697
132140 66.0700 -0.893684 0.103867
132150 66.0750 -0.894088 0.103026
132160 66.0800 -0.894537 0.102095
132170 66.0850 -0.894982 0.101174
132180 66.0900 -0.895248 0.100623
132190 66.0950 -0.895357 0.100397
132200 66.1000 -0.895470 0.100165
132210 66.1050 -0.895735 0.099617
132220 66.1100 -0.896049 0.098970
132230 66.1150 -0.896210 0.098639
132240 66.1200 -0.896420 0.098206
132250 66.1250 -0.896500 0.098042
132260 66.1300 -0.896978 0.097061
132270 66.1350 -0.897737 0.095509
132280 66.1400 -0.898644 0.093663
132290 66.1450 -0.899554 0.091818
132300 66.1500 -0.900803 0.089298
132310 66.1550 -0.902195 0.086511
132320 66.1600 -0.903353 0.084207
132330 66.1650 -0.904562 0.081815
132340 66.1700 -0.905667 0.079643
132350 66.1750 -0.906712 0.077601
132360 66.1800 -0.907614 0.075846
132370 66.1850 -0.908417 0.074291
132380 66.1900 -0.909129 0.072916
132390 66.1950 -0.909609 0.071993
132400 66.2000 -0.909863 0.071505
132410 66.2050 -0.910070 0.071109
132420 66.2100 -0.910209 0.070842
132430 66.2150 -0.910299 0.070670
132440 66.2200 -0.910188 0.070882
132450 66.2250 -0.910063 0.071123
132460 66.2300 -0.909899 0.071437
132470 66.2350 -0.909620 0.071972
132480 66.2400 -0.909295 0.072597
132490 66.2450 -0.909139 0.072898
132500 66.2500 -0.909318 0.072553
132510 66.2550 -0.909478 0.071435
132520 66.2600 -0.909605 0.071194
132530 66.2650 -0.909465 0.071459
132540 66.2700 -0.909286 0.071801
132550 66.2750 -0.909142 0.072076
132560 66.2800 -0.909207 0.071952
132570 66.2850 -0.909371 0.071639
132580 66.2900 -0.909389 0.071605
132590 66.2950 -0.909425 0.071535
132600 66.3000 -0.909534 0.071329
132610 66.3050 -0.909651 0.071107
132620 66.3100 -0.909689 0.071033
132630 66.3150 -0.909591 0.071220
132640 66.3200 -0.909389 0.071605
