# step t_ps cv bias_e
0 0.0000 -1.462384 0.000000
10 0.0050 -1.463184 0.000000
20 0.0100 -1.464034 0.000000
30 0.0150 -1.464964 0.000000
40 0.0200 -1.465908 0.000000
50 0.0250 -1.466903 0.000000
60 0.0300 -1.467925 0.000000
70 0.0350 -1.468942 0.000000
80 0.0400 -1.469863 0.000000
90 0.0450 -1.470648 0.000000
100 0.0500 -1.471443 0.000000
110 0.0550 -1.472133 0.000000
120 0.0600 -1.472639 0.000000
130 0.0650 -1.472984 0.000000
140 0.0700 -1.473342 0.000000
150 0.0750 -1.473399 0.000000
160 0.0800 -1.473245 0.000000
170 0.0850 -1.473045 0.000000
180 0.0900 -1.472679 0.000000
190 0.0950 -1.472207 0.000000
200 0.1000 -1.471791 0.000000
210 0.1050 -1.471356 0.000000
220 0.1100 -1.470860 0.000000
230 0.1150 -1.470162 0.000000
240 0.1200 -1.469399 0.000000
250 0.1250 -1.468707 0.000000
260 0.1300 -1.468077 0.000000
270 0.1350 -1.467421 0.000000
280 0.1400 -1.466678 0.000000
290 0.1450 -1.466003 0.000000
300 0.1500 -1.465287 0.000000
310 0.1550 -1.464554 0.000000
320 0.1600 -1.463742 0.000000
330 0.1650 -1.463040 0.000000
340 0.1700 -1.462311 0.000000
350 0.1750 -1.461434 0.000000
360 0.1800 -1.460508 0.000000
370 0.1850 -1.459465 0.000000
380 0.1900 -1.458269 0.000000
390 0.1950 -1.457070 0.000000
400 0.2000 -1.455837 0.000000
410 0.2050 -1.454405 0.000000
420 0.2100 -1.452779 0.000000
430 0.2150 -1.451389 0.000000
440 0.2200 -1.449974 0.000000
450 0.2250 -1.448561 0.000000
460 0.2300 -1.447237 0.000000
470 0.2350 -1.446170 0.000000
480 0.2400 -1.445085 0.000000
490 0.2450 -1.443985 0.000000
500 0.2500 -1.443019 0.000000
510 0.2550 -1.442511 0.000056
520 0.2600 -1.442240 0.000086
530 0.2650 -1.441997 0.000115
540 0.2700 -1.441854 0.000132
550 0.2750 -1.441800 0.000138
560 0.2800 -1.441547 0.000169
570 0.2850 -1.441482 0.000177
580 0.2900 -1.441572 0.000166
590 0.2950 -1.441879 0.000129
600 0.3000 -1.442437 0.000064
610 0.3050 -1.442957 0.000007
620 0.3100 -1.443503 0.000000
630 0.3150 -1.443871 0.000000
640 0.3200 -1.444234 0.000000
650 0.3250 -1.444688 0.000000
660 0.3300 -1.445080 0.000000
670 0.3350 -1.445462 0.000000
680 0.3400 -1.445852 0.000000
690 0.3450 -1.446291 0.000000
700 0.3500 -1.446642 0.000000
710 0.3550 -1.446847 0.000000
720 0.3600 -1.447077 0.000000
730 0.3650 -1.447311 0.000000
740 0.3700 -1.447685 0.000000
750 0.3750 -1.448121 0.000000
760 0.3800 -1.448320 0.000000
770 0.3850 -1.448521 0.000000
780 0.3900 -1.448650 0.000000
790 0.3950 -1.448583 0.000000
800 0.4000 -1.448811 0.000000
810 0.4050 -1.449406 0.000000
820 0.4100 -1.450083 0.000000
830 0.4150 -1.450868 0.000000
840 0.4200 -1.451675 0.000000
850 0.4250 -1.452533 0.000000
860 0.4300 -1.453323 0.000000
870 0.4350 -1.453976 0.000000
880 0.4400 -1.454313 0.000000
890 0.4450 -1.454458 0.000000
900 0.4500 -1.454554 0.000000
910 0.4550 -1.454568 0.000000
920 0.4600 -1.454698 0.000000
930 0.4650 -1.454599 0.000000
940 0.4700 -1.454390 0.000000
950 0.4750 -1.454094 0.000000
960 0.4800 -1.453826 0.000000
970 0.4850 -1.453752 0.000000
980 0.4900 -1.453515 0.000000
990 0.4950 -1.453302 0.000000
1000 0.5000 -1.453049 0.000000
1010 0.5050 -1.452845 0.000000
1020 0.5100 -1.452435 0.000001
1030 0.5150 -1.451943 0.000004
1040 0.5200 -1.451333 0.000012
1050 0.5250 -1.450953 0.000019
1060 0.5300 -1.450588 0.000027
1070 0.5350 -1.450227 0.000037
1080 0.5400 -1.449990 0.000044
1090 0.5450 -1.449645 0.000055
1100 0.5500 -1.449077 0.000077
1110 0.5550 -1.448568 0.000099
1120 0.5600 -1.448181 0.000118
1130 0.5650 -1.447811 0.000138
1140 0.5700 -1.447541 0.000153
1150 0.5750 -1.447231 0.000172
1160 0.5800 -1.446759 0.000202
1170 0.5850 -1.446178 0.000243
1180 0.5900 -1.445674 0.000281
1190 0.5950 -1.445225 0.000317
1200 0.6000 -1.444798 0.000354
1210 0.6050 -1.444542 0.000377
1220 0.6100 -1.444477 0.000383
1230 0.6150 -1.444492 0.000382
1240 0.6200 -1.444555 0.000376
1250 0.6250 -1.444849 0.000350
1260 0.6300 -1.445158 0.000323
1270 0.6350 -1.445488 0.000296
1280 0.6400 -1.445859 0.000267
1290 0.6450 -1.446312 0.000233
1300 0.6500 -1.446725 0.000204
1310 0.6550 -1.447424 0.000160
1320 0.6600 -1.448203 0.000117
1330 0.6650 -1.449086 0.000076
1340 0.6700 -1.450070 0.000041
1350 0.6750 -1.450928 0.000019
1360 0.6800 -1.451653 0.000007
1370 0.6850 -1.452317 0.000001
1380 0.6900 -1.452888 0.000000
1390 0.6950 -1.453417 0.000002
1400 0.7000 -1.453784 0.000005
1410 0.7050 -1.453965 0.000007
1420 0.7100 -1.453940 0.000007
1430 0.7150 -1.453867 0.000006
1440 0.7200 -1.453536 0.000003
1450 0.7250 -1.453091 0.000000
1460 0.7300 -1.452483 0.000000
1470 0.7350 -1.451892 0.000004
1480 0.7400 -1.451351 0.000012
1490 0.7450 -1.450820 0.000022
1500 0.7500 -1.450432 0.000031
1510 0.7550 -1.450246 0.000018
1520 0.7600 -1.450069 0.000022
1530 0.7650 -1.449882 0.000026
1540 0.7700 -1.449656 0.000032
1550 0.7750 -1.449444 0.000039
1560 0.7800 -1.448953 0.000055
1570 0.7850 -1.448521 0.000072
1580 0.7900 -1.448061 0.000092
1590 0.7950 -1.447628 0.000112
1600 0.8000 -1.447302 0.000130
1610 0.8050 -1.447069 0.000142
1620 0.8100 -1.446855 0.000155
1630 0.8150 -1.446839 0.000156
1640 0.8200 -1.446758 0.000161
1650 0.8250 -1.446510 0.000176
1660 0.8300 -1.446259 0.000192
1670 0.8350 -1.446184 0.000197
1680 0.8400 -1.446175 0.000198
1690 0.8450 -1.446247 0.000193
1700 0.8500 -1.446462 0.000179
1710 0.8550 -1.446772 0.000160
1720 0.8600 -1.447208 0.000135
1730 0.8650 -1.447703 0.000109
1740 0.8700 -1.448198 0.000085
1750 0.8750 -1.448802 0.000061
1760 0.8800 -1.449442 0.000039
1770 0.8850 -1.450061 0.000022
1780 0.8900 -1.450802 0.000007
1790 0.8950 -1.451493 0.000000
1800 0.9000 -1.452273 0.000000
1810 0.9050 -1.453191 0.000001
1820 0.9100 -1.454353 0.000021
1830 0.9150 -1.455440 0.000053
1840 0.9200 -1.456627 0.000103
1850 0.9250 -1.457717 0.000163
1860 0.9300 -1.458759 0.000232
1870 0.9350 -1.459870 0.000319
1880 0.9400 -1.461018 0.000423
1890 0.9450 -1.462207 0.000546
1900 0.9500 -1.463296 0.000672
1910 0.9550 -1.464339 0.000806
1920 0.9600 -1.465206 0.000926
1930 0.9650 -1.465909 0.001029
1940 0.9700 -1.466810 0.001169
1950 0.9750 -1.467951 0.001360
1960 0.9800 -1.469276 0.001600
1970 0.9850 -1.470801 0.001899
1980 0.9900 -1.472244 0.002206
1990 0.9950 -1.473579 0.002511
2000 1.0000 -1.474603 0.002758
2010 1.0050 -1.475314 0.001836
2020 1.0100 -1.475918 0.001961
2030 1.0150 -1.476414 0.002068
2040 1.0200 -1.476756 0.002143
2050 1.0250 -1.476890 0.002172
2060 1.0300 -1.476669 0.002123
2070 1.0350 -1.476333 0.002050
2080 1.0400 -1.475844 0.001946
2090 1.0450 -1.475442 0.001862
2100 1.0500 -1.475195 0.001811
2110 1.0550 -1.474851 0.001742
2120 1.0600 -1.474339 0.001641
2130 1.0650 -1.473641 0.001508
2140 1.0700 -1.473164 0.001420
2150 1.0750 -1.472722 0.001341
2160 1.0800 -1.472241 0.001258
2170 1.0850 -1.471230 0.001090
2180 1.0900 -1.470322 0.000950
2190 1.0950 -1.469487 0.000828
2200 1.1000 -1.468426 0.000685
2210 1.1050 -1.467441 0.000563
2220 1.1100 -1.466428 0.000449
2230 1.1150 -1.465468 0.000351
2240 1.1200 -1.464724 0.000282
2250 1.1250 -1.463955 0.000218
2260 1.1300 -1.463132 0.000155
2270 1.1350 -1.462273 0.000099
2280 1.1400 -1.461519 0.000055
2290 1.1450 -1.460760 0.000018
2300 1.1500 -1.459866 0.000000
2310 1.1550 -1.458926 0.000000
2320 1.1600 -1.457924 0.000000
2330 1.1650 -1.456929 0.000000
2340 1.1700 -1.455908 0.000000
2350 1.1750 -1.454679 0.000000
2360 1.1800 -1.453484 0.000000
2370 1.1850 -1.452297 0.000033
2380 1.1900 -1.451100 0.000099
2390 1.1950 -1.450093 0.000167
2400 1.2000 -1.449161 0.000239
2410 1.2050 -1.448420 0.000303
2420 1.2100 -1.447840 0.000358
2430 1.2150 -1.447312 0.000411
2440 1.2200 -1.446635 0.000483
2450 1.2250 -1.446044 0.000551
2460 1.2300 -1.445660 0.000596
2470 1.2350 -1.445302 0.000641
2480 1.2400 -1.444920 0.000689
2490 1.2450 -1.444583 0.000734
2500 1.2500 -1.444462 0.000750
2510 1.2550 -1.444493 0.000553
2520 1.2600 -1.444349 0.000569
2530 1.2650 -1.444260 0.000580
2540 1.2700 -1.444267 0.000579
2550 1.2750 -1.444393 0.000564
2560 1.2800 -1.444581 0.000543
2570 1.2850 -1.444458 0.000557
2580 1.2900 -1.444316 0.000573
2590 1.2950 -1.444214 0.000585
2600 1.3000 -1.443973 0.000613
2610 1.3050 -1.443753 0.000639
2620 1.3100 -1.443543 0.000664
2630 1.3150 -1.443327 0.000691
2640 1.3200 -1.443079 0.000722
2650 1.3250 -1.442843 0.000753
2660 1.3300 -1.442913 0.000743
2670 1.3350 -1.443150 0.000713
2680 1.3400 -1.443467 0.000674
2690 1.3450 -1.443959 0.000614
2700 1.3500 -1.444262 0.000579
2710 1.3550 -1.444292 0.000576
2720 1.3600 -1.444249 0.000581
2730 1.3650 -1.444093 0.000599
2740 1.3700 -1.443703 0.000645
2750 1.3750 -1.443512 0.000668
2760 1.3800 -1.443129 0.000716
2770 1.3850 -1.442790 0.000759
2780 1.3900 -1.442572 0.000788
2790 1.3950 -1.442297 0.000825
2800 1.4000 -1.442125 0.000849
2810 1.4050 -1.441931 0.000876
2820 1.4100 -1.441797 0.000894
2830 1.4150 -1.441342 0.000960
2840 1.4200 -1.440679 0.001059
2850 1.4250 -1.439917 0.001180
2860 1.4300 -1.439423 0.001261
2870 1.4350 -1.438877 0.001354
2880 1.4400 -1.438278 0.001460
2890 1.4450 -1.437508 0.001602
2900 1.4500 -1.436785 0.001741
2910 1.4550 -1.436240 0.001850
2920 1.4600 -1.435773 0.001946
2930 1.4650 -1.435381 0.002028
2940 1.4700 -1.435156 0.002076
2950 1.4750 -1.435213 0.002064
2960 1.4800 -1.435545 0.001994
2970 1.4850 -1.435953 0.001909
2980 1.4900 -1.436453 0.001807
2990 1.4950 -1.436950 0.001709
3000 1.5000 -1.437432 0.001617
3010 1.5050 -1.437975 0.001106
3020 1.5100 -1.438399 0.001041
3030 1.5150 -1.438862 0.000972
3040 1.5200 -1.439446 0.000888
3050 1.5250 -1.440111 0.000797
3060 1.5300 -1.440772 0.000712
3070 1.5350 -1.441235 0.000655
3080 1.5400 -1.441634 0.000608
3090 1.5450 -1.442032 0.000563
3100 1.5500 -1.442397 0.000523
3110 1.5550 -1.442812 0.000479
3120 1.5600 -1.443262 0.000434
3130 1.5650 -1.443611 0.000400
3140 1.5700 -1.443857 0.000377
3150 1.5750 -1.444075 0.000357
3160 1.5800 -1.444057 0.000359
3170 1.5850 -1.443893 0.000374
3180 1.5900 -1.443736 0.000388
3190 1.5950 -1.443365 0.000424
3200 1.6000 -1.443017 0.000458
3210 1.6050 -1.442936 0.000466
3220 1.6100 -1.442655 0.000495
3230 1.6150 -1.442367 0.000526
3240 1.6200 -1.441936 0.000573
3250 1.6250 -1.441497 0.000624
3260 1.6300 -1.441075 0.000674
3270 1.6350 -1.440686 0.000723
3280 1.6400 -1.440349 0.000766
3290 1.6450 -1.440263 0.000777
3300 1.6500 -1.440165 0.000790
3310 1.6550 -1.440002 0.000812
3320 1.6600 -1.439775 0.000843
3330 1.6650 -1.439689 0.000854
3340 1.6700 -1.439723 0.000850
3350 1.6750 -1.439972 0.000816
3360 1.6800 -1.440297 0.000773
3370 1.6850 -1.440607 0.000733
3380 1.6900 -1.440777 0.000711
3390 1.6950 -1.440749 0.000715
3400 1.7000 -1.440629 0.000730
3410 1.7050 -1.440649 0.000728
3420 1.7100 -1.440724 0.000718
3430 1.7150 -1.440953 0.000689
3440 1.7200 -1.441063 0.000676
3450 1.7250 -1.441203 0.000659
3460 1.7300 -1.441282 0.000649
3470 1.7350 -1.441328 0.000644
3480 1.7400 -1.441444 0.000630
3490 1.7450 -1.441596 0.000612
3500 1.7500 -1.441784 0.000591
3510 1.7550 -1.442113 0.000422
3520 1.7600 -1.442501 0.000385
3530 1.7650 -1.443036 0.000337
3540 1.7700 -1.443523 0.000297
3550 1.7750 -1.443928 0.000265
3560 1.7800 -1.444452 0.000226
3570 1.7850 -1.444856 0.000198
3580 1.7900 -1.445350 0.000167
3590 1.7950 -1.445749 0.000144
3600 1.8000 -1.446150 0.000122
3610 1.8050 -1.446590 0.000100
3620 1.8100 -1.446939 0.000084
3630 1.8150 -1.447006 0.000081
3640 1.8200 -1.447072 0.000079
3650 1.8250 -1.447129 0.000076
3660 1.8300 -1.447096 0.000078
3670 1.8350 -1.447049 0.000080
3680 1.8400 -1.447205 0.000073
3690 1.8450 -1.447755 0.000053
3700 1.8500 -1.448617 0.000027
3710 1.8550 -1.449290 0.000013
3720 1.8600 -1.449966 0.000003
3730 1.8650 -1.450831 0.000000
3740 1.8700 -1.451691 0.000003
3750 1.8750 -1.452516 0.000014
3760 1.8800 -1.453385 0.000033
3770 1.8850 -1.454254 0.000062
3780 1.8900 -1.455212 0.000102
3790 1.8950 -1.456158 0.000152
3800 1.9000 -1.457105 0.000212
3810 1.9050 -1.457730 0.000257
3820 1.9100 -1.458059 0.000283
3830 1.9150 -1.458610 0.000328
3840 1.9200 -1.459224 0.000382
3850 1.9250 -1.459647 0.000422
3860 1.9300 -1.459892 0.000446
3870 1.9350 -1.460279 0.000485
3880 1.9400 -1.460609 0.000520
3890 1.9450 -1.460700 0.000529
3900 1.9500 -1.460689 0.000528
3910 1.9550 -1.460769 0.000537
3920 1.9600 -1.461042 0.000567
3930 1.9650 -1.461236 0.000589
3940 1.9700 -1.461352 0.000602
3950 1.9750 -1.461660 0.000638
3960 1.9800 -1.462081 0.000689
3970 1.9850 -1.462623 0.000758
3980 1.9900 -1.463245 0.000840
3990 1.9950 -1.464031 0.000950
4000 2.0000 -1.464985 0.001093
4010 2.0050 -1.466059 0.001017
4020 2.0100 -1.467003 0.001163
4030 2.0150 -1.467861 0.001304
4040 2.0200 -1.468732 0.001456
4050 2.0250 -1.469594 0.001614
4060 2.0300 -1.470462 0.001782
4070 2.0350 -1.471300 0.001952
4080 2.0400 -1.472162 0.002135
4090 2.0450 -1.472981 0.002316
4100 2.0500 -1.473930 0.002536
4110 2.0550 -1.474814 0.002749
4120 2.0600 -1.475798 0.002996
4130 2.0650 -1.476690 0.003230
4140 2.0700 -1.477426 0.003429
4150 2.0750 -1.477932 0.003569
4160 2.0800 -1.478388 0.003698
4170 2.0850 -1.478680 0.003782
4180 2.0900 -1.478802 0.003817
4190 2.0950 -1.478738 0.003799
4200 2.1000 -1.478439 0.003712
4210 2.1050 -1.478076 0.003610
4220 2.1100 -1.477482 0.003444
4230 2.1150 -1.476789 0.003256
4240 2.1200 -1.476069 0.003066
4250 2.1250 -1.475196 0.002843
4260 2.1300 -1.474307 0.002625
4270 2.1350 -1.473465 0.002427
4280 2.1400 -1.472628 0.002237
4290 2.1450 -1.471527 0.002000
4300 2.1500 -1.470505 0.001791
4310 2.1550 -1.469481 0.001593
4320 2.1600 -1.468488 0.001413
4330 2.1650 -1.467395 0.001226
4340 2.1700 -1.466339 0.001059
4350 2.1750 -1.465224 0.000895
4360 2.1800 -1.463984 0.000730
4370 2.1850 -1.462351 0.000537
4380 2.1900 -1.460799 0.000381
4390 2.1950 -1.459142 0.000244
4400 2.2000 -1.457451 0.000136
4410 2.2050 -1.455687 0.000056
4420 2.2100 -1.453867 0.000009
4430 2.2150 -1.451894 0.000000
4440 2.2200 -1.450016 0.000031
4450 2.2250 -1.448064 0.000104
4460 2.2300 -1.445959 0.000230
4470 2.2350 -1.443832 0.000407
4480 2.2400 -1.441540 0.000653
4490 2.2450 -1.439337 0.000944
4500 2.2500 -1.437321 0.001257
4510 2.2550 -1.435389 0.001327
4520 2.2600 -1.433491 0.001672
4530 2.2650 -1.431948 0.001981
4540 2.2700 -1.430518 0.002290
4550 2.2750 -1.429073 0.002626
4560 2.2800 -1.427474 0.003025
4570 2.2850 -1.426090 0.003392
4580 2.2900 -1.424944 0.003713
4590 2.2950 -1.423886 0.004021
4600 2.3000 -1.422823 0.004344
4610 2.3050 -1.422005 0.004600
4620 2.3100 -1.421329 0.004818
4630 2.3150 -1.420660 0.005038
4640 2.3200 -1.420210 0.005189
4650 2.3250 -1.419993 0.005263
4660 2.3300 -1.420153 0.005208
4670 2.3350 -1.420494 0.005094
4680 2.3400 -1.420899 0.004959
4690 2.3450 -1.421405 0.004793
4700 2.3500 -1.422186 0.004543
4710 2.3550 -1.423161 0.004240
4720 2.3600 -1.424269 0.003908
4730 2.3650 -1.425403 0.003583
4740 2.3700 -1.426561 0.003265
4750 2.3750 -1.427939 0.002906
4760 2.3800 -1.429456 0.002535
4770 2.3850 -1.430966 0.002191
4780 2.3900 -1.432573 0.001852
4790 2.3950 -1.434361 0.001509
4800 2.4000 -1.436254 0.001184
4810 2.4050 -1.438073 0.000908
4820 2.4100 -1.440079 0.000646
4830 2.4150 -1.442103 0.000427
4840 2.4200 -1.444081 0.000257
4850 2.4250 -1.446086 0.000128
4860 2.4300 -1.448074 0.000044
4870 2.4350 -1.450070 0.000003
4880 2.4400 -1.452178 0.000007
4890 2.4450 -1.454351 0.000063
4900 2.4500 -1.456668 0.000179
4910 2.4550 -1.459159 0.000371
4920 2.4600 -1.461778 0.000645
4930 2.4650 -1.464361 0.000990
4940 2.4700 -1.467014 0.001420
4950 2.4750 -1.469621 0.001919
4960 2.4800 -1.472121 0.002467
4970 2.4850 -1.474306 0.003002
4980 2.4900 -1.476220 0.003515
4990 2.4950 -1.477810 0.003971
5000 2.5000 -1.479126 0.004369
5010 2.5050 -1.480258 0.003934
5020 2.5100 -1.481115 0.004190
5030 2.5150 -1.481939 0.004444
5040 2.5200 -1.482637 0.004664
5050 2.5250 -1.483111 0.004817
5060 2.5300 -1.483536 0.004957
5070 2.5350 -1.483920 0.005084
5080 2.5400 -1.484220 0.005185
5090 2.5450 -1.484243 0.005192
5100 2.5500 -1.484063 0.005132
5110 2.5550 -1.483617 0.004983
5120 2.5600 -1.482875 0.004741
5130 2.5650 -1.481852 0.004416
5140 2.5700 -1.480618 0.004040
5150 2.5750 -1.479129 0.003609
5160 2.5800 -1.477634 0.003200
5170 2.5850 -1.476169 0.002823
5180 2.5900 -1.474423 0.002405
5190 2.5950 -1.472483 0.001980
5200 2.6000 -1.470359 0.001562
5210 2.6050 -1.468052 0.001163
5220 2.6100 -1.465465 0.000786
5230 2.6150 -1.462719 0.000467
5240 2.6200 -1.459996 0.000231
5250 2.6250 -1.457275 0.000078
5260 2.6300 -1.454352 0.000003
5270 2.6350 -1.451463 0.000021
5280 2.6400 -1.448704 0.000125
5290 2.6450 -1.445899 0.000315
5300 2.6500 -1.443103 0.000591
5310 2.6550 -1.440460 0.000931
5320 2.6600 -1.437870 0.001339
5330 2.6650 -1.435409 0.001794
5340 2.6700 -1.433005 0.002303
5350 2.6750 -1.430620 0.002871
5360 2.6800 -1.428010 0.003564
5370 2.6850 -1.425407 0.004330
5380 2.6900 -1.422678 0.005212
5390 2.6950 -1.420033 0.006146
5400 2.7000 -1.417437 0.007137
5410 2.7050 -1.414986 0.008141
5420 2.7100 -1.412742 0.009117
5430 2.7150 -1.410633 0.010086
5440 2.7200 -1.408463 0.011133
5450 2.7250 -1.406456 0.012148
5460 2.7300 -1.404487 0.013186
5470 2.7350 -1.402642 0.014198
5480 2.7400 -1.401021 0.015118
5490 2.7450 -1.399507 0.016002
5500 2.7500 -1.398059 0.016872
5510 2.7550 -1.396710 0.014908
5520 2.7600 -1.395596 0.015551
5530 2.7650 -1.394622 0.016123
5540 2.7700 -1.393917 0.016545
5550 2.7750 -1.393210 0.016973
5560 2.7800 -1.392810 0.017218
5570 2.7850 -1.392788 0.017231
5580 2.7900 -1.392879 0.017175
5590 2.7950 -1.392806 0.017220
5600 2.8000 -1.392948 0.017133
5610 2.8050 -1.393216 0.016969
5620 2.8100 -1.393526 0.016781
5630 2.8150 -1.393820 0.016604
5640 2.8200 -1.394068 0.016454
5650 2.8250 -1.394472 0.016213
5660 2.8300 -1.395074 0.015856
5670 2.8350 -1.395791 0.015437
5680 2.8400 -1.396758 0.014881
5690 2.8450 -1.397818 0.014282
5700 2.8500 -1.398930 0.013667
5710 2.8550 -1.400020 0.013078
5720 2.8600 -1.400862 0.012632
5730 2.8650 -1.401598 0.012248
5740 2.8700 -1.402288 0.011893
5750 2.8750 -1.403185 0.011440
5760 2.8800 -1.404384 0.010848
5770 2.8850 -1.405746 0.010195
5780 2.8900 -1.406918 0.009649
5790 2.8950 -1.408145 0.009094
5800 2.9000 -1.409295 0.008588
5810 2.9050 -1.410339 0.008142
5820 2.9100 -1.411465 0.007673
5830 2.9150 -1.412727 0.007165
5840 2.9200 -1.413868 0.006720
5850 2.9250 -1.415107 0.006254
5860 2.9300 -1.416583 0.005719
5870 2.9350 -1.418322 0.005120
5880 2.9400 -1.420325 0.004472
5890 2.9450 -1.422358 0.003858
5900 2.9500 -1.424367 0.003296
5910 2.9550 -1.426359 0.002782
5920 2.9600 -1.428314 0.002320
5930 2.9650 -1.430563 0.001840
5940 2.9700 -1.432811 0.001415
5950 2.9750 -1.434909 0.001069
5960 2.9800 -1.436943 0.000779
5970 2.9850 -1.438946 0.000538
5980 2.9900 -1.440947 0.000340
5990 2.9950 -1.443000 0.000183
6000 3.0000 -1.445055 0.000072
6010 3.0050 -1.447092 0.000000
6020 3.0100 -1.449067 0.000000
6030 3.0150 -1.450994 0.000013
6040 3.0200 -1.452827 0.000078
6050 3.0250 -1.454602 0.000175
6060 3.0300 -1.456425 0.000312
6070 3.0350 -1.458347 0.000495
6080 3.0400 -1.460235 0.000714
6090 3.0450 -1.462207 0.000985
6100 3.0500 -1.464186 0.001299
6110 3.0550 -1.466092 0.001643
6120 3.0600 -1.467728 0.001969
6130 3.0650 -1.469237 0.002296
6140 3.0700 -1.470789 0.002658
6150 3.0750 -1.472236 0.003019
6160 3.0800 -1.473663 0.003398
6170 3.0850 -1.475055 0.003789
6180 3.0900 -1.476302 0.004157
6190 3.0950 -1.477348 0.004479
6200 3.1000 -1.478089 0.004715
6210 3.1050 -1.478462 0.004836
6220 3.1100 -1.478593 0.004878
6230 3.1150 -1.478485 0.004843
6240 3.1200 -1.478330 0.004793
6250 3.1250 -1.478076 0.004710
6260 3.1300 -1.477725 0.004598
6270 3.1350 -1.477322 0.004471
6280 3.1400 -1.476615 0.004253
6290 3.1450 -1.475786 0.004003
6300 3.1500 -1.474989 0.003770
6310 3.1550 -1.474222 0.003553
6320 3.1600 -1.473396 0.003325
6330 3.1650 -1.472363 0.003052
6340 3.1700 -1.471187 0.002755
6350 3.1750 -1.469880 0.002443
6360 3.1800 -1.468696 0.002176
6370 3.1850 -1.467546 0.001931
6380 3.1900 -1.466381 0.001698
6390 3.1950 -1.465112 0.001461
6400 3.2000 -1.463761 0.001228
6410 3.2050 -1.462250 0.000991
6420 3.2100 -1.460665 0.000770
6430 3.2150 -1.459028 0.000570
6440 3.2200 -1.457442 0.000404
6450 3.2250 -1.455800 0.000261
6460 3.2300 -1.454179 0.000149
6470 3.2350 -1.452685 0.000071
6480 3.2400 -1.451174 0.000017
6490 3.2450 -1.449572 0.000000
6500 3.2500 -1.448117 0.000000
6510 3.2550 -1.446721 0.000018
6520 3.2600 -1.445319 0.000059
6530 3.2650 -1.444010 0.000115
6540 3.2700 -1.442851 0.000181
6550 3.2750 -1.441819 0.000252
6560 3.2800 -1.440750 0.000338
6570 3.2850 -1.439737 0.000431
6580 3.2900 -1.438804 0.000527
6590 3.2950 -1.437873 0.000631
6600 3.3000 -1.437082 0.000728
6610 3.3050 -1.436371 0.000821
6620 3.3100 -1.435951 0.000878
6630 3.3150 -1.435742 0.000907
6640 3.3200 -1.435502 0.000941
6650 3.3250 -1.435260 0.000976
6660 3.3300 -1.435215 0.000983
6670 3.3350 -1.435219 0.000982
6680 3.3400 -1.435324 0.000967
6690 3.3450 -1.435473 0.000945
6700 3.3500 -1.435681 0.000916
6710 3.3550 -1.435941 0.000879
6720 3.3600 -1.436360 0.000822
6730 3.3650 -1.436880 0.000754
6740 3.3700 -1.437528 0.000673
6750 3.3750 -1.438363 0.000575
6760 3.3800 -1.439168 0.000488
6770 3.3850 -1.439952 0.000410
6780 3.3900 -1.440910 0.000324
6790 3.3950 -1.441952 0.000242
6800 3.4000 -1.443041 0.000169
6810 3.4050 -1.444203 0.000106
6820 3.4100 -1.445248 0.000061
6830 3.4150 -1.446213 0.000030
6840 3.4200 -1.447148 0.000011
6850 3.4250 -1.447954 0.000001
6860 3.4300 -1.448732 0.000000
6870 3.4350 -1.449426 0.000002
6880 3.4400 -1.450019 0.000009
6890 3.4450 -1.450679 0.000022
6900 3.4500 -1.451309 0.000038
6910 3.4550 -1.452074 0.000064
6920 3.4600 -1.452818 0.000095
6930 3.4650 -1.453363 0.000121
6940 3.4700 -1.453749 0.000142
6950 3.4750 -1.454277 0.000173
6960 3.4800 -1.454732 0.000202
6970 3.4850 -1.455083 0.000226
6980 3.4900 -1.455696 0.000272
6990 3.4950 -1.456333 0.000323
7000 3.5000 -1.457049 0.000386
7010 3.5050 -1.457561 0.000376
7020 3.5100 -1.458080 0.000425
7030 3.5150 -1.458614 0.000479
7040 3.5200 -1.459087 0.000529
7050 3.5250 -1.459607 0.000587
7060 3.5300 -1.459943 0.000626
7070 3.5350 -1.460015 0.000634
7080 3.5400 -1.460322 0.000671
7090 3.5450 -1.460661 0.000713
7100 3.5500 -1.460838 0.000735
7110 3.5550 -1.460776 0.000727
7120 3.5600 -1.460770 0.000727
7130 3.5650 -1.460975 0.000753
7140 3.5700 -1.461153 0.000776
7150 3.5750 -1.461389 0.000807
7160 3.5800 -1.461583 0.000833
7170 3.5850 -1.461830 0.000867
7180 3.5900 -1.462075 0.000901
7190 3.5950 -1.462391 0.000946
7200 3.6000 -1.462760 0.001000
7210 3.6050 -1.463253 0.001075
7220 3.6100 -1.463874 0.001173
7230 3.6150 -1.464431 0.001264
7240 3.6200 -1.464889 0.001341
7250 3.6250 -1.465303 0.001413
7260 3.6300 -1.465582 0.001463
7270 3.6350 -1.465851 0.001512
7280 3.6400 -1.466133 0.001564
7290 3.6450 -1.466371 0.001608
7300 3.6500 -1.466722 0.001675
7310 3.6550 -1.467030 0.001734
7320 3.6600 -1.467315 0.001790
7330 3.6650 -1.467561 0.001839
7340 3.6700 -1.467539 0.001835
7350 3.6750 -1.467580 0.001843
7360 3.6800 -1.467467 0.001820
7370 3.6850 -1.467342 0.001796
7380 3.6900 -1.467270 0.001781
7390 3.6950 -1.467306 0.001788
7400 3.7000 -1.467225 0.001773
7410 3.7050 -1.467300 0.001787
7420 3.7100 -1.467224 0.001772
7430 3.7150 -1.467301 0.001788
7440 3.7200 -1.467342 0.001796
7450 3.7250 -1.467327 0.001793
7460 3.7300 -1.467135 0.001755
7470 3.7350 -1.466626 0.001656
7480 3.7400 -1.465905 0.001522
7490 3.7450 -1.465051 0.001369
7500 3.7500 -1.464322 0.001246
7510 3.7550 -1.463475 0.000971
7520 3.7600 -1.462557 0.000842
7530 3.7650 -1.461422 0.000695
7540 3.7700 -1.460230 0.000556
7550 3.7750 -1.459076 0.000436
7560 3.7800 -1.458112 0.000346
7570 3.7850 -1.457220 0.000273
7580 3.7900 -1.456140 0.000196
7590 3.7950 -1.455156 0.000137
7600 3.8000 -1.454058 0.000083
7610 3.8050 -1.452900 0.000041
7620 3.8100 -1.451843 0.000015
7630 3.8150 -1.450935 0.000003
7640 3.8200 -1.450093 0.000000
7650 3.8250 -1.449257 0.000004
7660 3.8300 -1.448443 0.000016
7670 3.8350 -1.447555 0.000036
7680 3.8400 -1.446781 0.000062
7690 3.8450 -1.446258 0.000083
7700 3.8500 -1.445821 0.000102
7710 3.8550 -1.445243 0.000131
7720 3.8600 -1.444752 0.000159
7730 3.8650 -1.444191 0.000194
7740 3.8700 -1.443480 0.000243
7750 3.8750 -1.442869 0.000290
7760 3.8800 -1.442496 0.000320
7770 3.8850 -1.442115 0.000353
7780 3.8900 -1.441978 0.000365
7790 3.8950 -1.441719 0.000389
7800 3.9000 -1.441419 0.000417
7810 3.9050 -1.441153 0.000443
7820 3.9100 -1.440931 0.000465
7830 3.9150 -1.440771 0.000481
7840 3.9200 -1.440706 0.000488
7850 3.9250 -1.440833 0.000475
7860 3.9300 -1.441030 0.000455
7870 3.9350 -1.441290 0.000429
7880 3.9400 -1.441697 0.000391
7890 3.9450 -1.442320 0.000335
7900 3.9500 -1.443184 0.000265
7910 3.9550 -1.444176 0.000195
7920 3.9600 -1.445174 0.000135
7930 3.9650 -1.446015 0.000093
7940 3.9700 -1.447105 0.000050
7950 3.9750 -1.448203 0.000020
7960 3.9800 -1.449031 0.000006
7970 3.9850 -1.449751 0.000000
7980 3.9900 -1.450331 0.000000
7990 3.9950 -1.451137 0.000005
8000 4.0000 -1.452450 0.000028
8010 4.0050 -1.453819 0.000068
8020 4.0100 -1.455194 0.000132
8030 4.0150 -1.456414 0.000205
8040 4.0200 -1.457555 0.000289
8050 4.0250 -1.458727 0.000390
8060 4.0300 -1.460153 0.000533
8070 4.0350 -1.461656 0.000708
8080 4.0400 -1.463160 0.000907
8090 4.0450 -1.464704 0.001138
8100 4.0500 -1.466369 0.001416
8110 4.0550 -1.467848 0.001689
8120 4.0600 -1.469163 0.001951
8130 4.0650 -1.470584 0.002256
8140 4.0700 -1.471810 0.002537
8150 4.0750 -1.473055 0.002839
8160 4.0800 -1.474357 0.003173
8170 4.0850 -1.475546 0.003494
8180 4.0900 -1.476827 0.003857
8190 4.0950 -1.478177 0.004260
8200 4.1000 -1.479295 0.004608
8210 4.1050 -1.480151 0.004884
8220 4.1100 -1.480969 0.005155
8230 4.1150 -1.481621 0.005377
8240 4.1200 -1.482118 0.005549
8250 4.1250 -1.482578 0.005710
8260 4.1300 -1.482792 0.005786
8270 4.1350 -1.483116 0.005902
8280 4.1400 -1.483417 0.006011
8290 4.1450 -1.483843 0.006166
8300 4.1500 -1.483937 0.006201
8310 4.1550 -1.483793 0.006148
8320 4.1600 -1.483536 0.006054
8330 4.1650 -1.483229 0.005943
8340 4.1700 -1.482907 0.005827
8350 4.1750 -1.482436 0.005660
8360 4.1800 -1.482087 0.005538
8370 4.1850 -1.481753 0.005422
8380 4.1900 -1.481421 0.005308
8390 4.1950 -1.481361 0.005288
8400 4.2000 -1.481360 0.005288
8410 4.2050 -1.481325 0.005275
8420 4.2100 -1.481143 0.005214
8430 4.2150 -1.480897 0.005131
8440 4.2200 -1.480723 0.005073
8450 4.2250 -1.480437 0.004978
8460 4.2300 -1.480169 0.004890
8470 4.2350 -1.479746 0.004753
8480 4.2400 -1.479187 0.004574
8490 4.2450 -1.478433 0.004338
8500 4.2500 -1.477279 0.003990
8510 4.2550 -1.476112 0.003235
8520 4.2600 -1.474732 0.002878
8530 4.2650 -1.473122 0.002488
8540 4.2700 -1.471203 0.002060
8550 4.2750 -1.469172 0.001651
8560 4.2800 -1.467130 0.001285
8570 4.2850 -1.464991 0.000951
8580 4.2900 -1.462898 0.000673
8590 4.2950 -1.460604 0.000423
8600 4.3000 -1.458138 0.000218
8610 4.3050 -1.455379 0.000068
8620 4.3100 -1.452561 0.000001
8630 4.3150 -1.449545 0.000025
8640 4.3200 -1.446344 0.000160
8650 4.3250 -1.443277 0.000395
8660 4.3300 -1.440118 0.000744
8670 4.3350 -1.436875 0.001216
8680 4.3400 -1.433645 0.001800
8690 4.3450 -1.430532 0.002472
8700 4.3500 -1.427667 0.003183
8710 4.3550 -1.424788 0.003989
8720 4.3600 -1.421959 0.004869
8730 4.3650 -1.419204 0.005810
8740 4.3700 -1.416166 0.006945
8750 4.3750 -1.413131 0.008179
8760 4.3800 -1.410289 0.009425
8770 4.3850 -1.407474 0.010748
8780 4.3900 -1.404750 0.012110
8790 4.3950 -1.402088 0.013520
8800 4.4000 -1.399468 0.014982
8810 4.4050 -1.397148 0.016341
8820 4.4100 -1.394991 0.017657
8830 4.4150 -1.392919 0.018968
8840 4.4200 -1.390857 0.020320
8850 4.4250 -1.388827 0.021697
8860 4.4300 -1.386913 0.023036
8870 4.4350 -1.385226 0.024250
8880 4.4400 -1.383821 0.025284
8890 4.4450 -1.382584 0.026213
8900 4.4500 -1.381630 0.026940
8910 4.4550 -1.381113 0.027339
8920 4.4600 -1.380702 0.027658
8930 4.4650 -1.380344 0.027937
8940 4.4700 -1.379790 0.028373
8950 4.4750 -1.379324 0.028740
8960 4.4800 -1.378943 0.029043
8970 4.4850 -1.378672 0.029260
8980 4.4900 -1.378509 0.029391
8990 4.4950 -1.378454 0.029435
9000 4.5000 -1.378572 0.029340
9010 4.5050 -1.379086 0.025914
9020 4.5100 -1.379960 0.025262
9030 4.5150 -1.380951 0.024533
9040 4.5200 -1.382201 0.023628
9050 4.5250 -1.383736 0.022540
9060 4.5300 -1.385529 0.021303
9070 4.5350 -1.387481 0.019995
9080 4.5400 -1.389576 0.018637
9090 4.5450 -1.391878 0.017200
9100 4.5500 -1.394098 0.015869
9110 4.5550 -1.396487 0.014496
9120 4.5600 -1.398829 0.013211
9130 4.5650 -1.401326 0.011906
9140 4.5700 -1.403974 0.010597
9150 4.5750 -1.406777 0.009293
9160 4.5800 -1.409769 0.007997
9170 4.5850 -1.412768 0.006795
9180 4.5900 -1.415666 0.005726
9190 4.5950 -1.418630 0.004728
9200 4.6000 -1.421704 0.003793
9210 4.6050 -1.424908 0.002929
9220 4.6100 -1.428141 0.002169
9230 4.6150 -1.431311 0.001535
9240 4.6200 -1.434482 0.001010
9250 4.6250 -1.437550 0.000607
9260 4.6300 -1.440506 0.000315
9270 4.6350 -1.443378 0.000122
9280 4.6400 -1.446228 0.000019
9290 4.6450 -1.448991 0.000004
9300 4.6500 -1.451771 0.000073
9310 4.6550 -1.454560 0.000226
9320 4.6600 -1.457370 0.000467
9330 4.6650 -1.460120 0.000785
9340 4.6700 -1.462798 0.001174
9350 4.6750 -1.465357 0.001619
9360 4.6800 -1.467561 0.002059
9370 4.6850 -1.469456 0.002479
9380 4.6900 -1.470841 0.002812
9390 4.6950 -1.471985 0.003102
9400 4.7000 -1.473046 0.003383
9410 4.7050 -1.474008 0.003650
9420 4.7100 -1.474754 0.003863
9430 4.7150 -1.475462 0.004071
9440 4.7200 -1.476122 0.004270
9450 4.7250 -1.476397 0.004354
9460 4.7300 -1.476297 0.004323
9470 4.7350 -1.475962 0.004221
9480 4.7400 -1.475496 0.004081
9490 4.7450 -1.474948 0.003919
9500 4.7500 -1.474430 0.003769
9510 4.7550 -1.473714 0.003200
9520 4.7600 -1.472878 0.002983
9530 4.7650 -1.471928 0.002745
9540 4.7700 -1.470953 0.002512
9550 4.7750 -1.469931 0.002278
9560 4.7800 -1.469039 0.002084
9570 4.7850 -1.467989 0.001866
9580 4.7900 -1.466835 0.001640
9590 4.7950 -1.465677 0.001429
9600 4.8000 -1.464680 0.001258
9610 4.8050 -1.463585 0.001083
9620 4.8100 -1.462340 0.000900
9630 4.8150 -1.461073 0.000731
9640 4.8200 -1.459596 0.000555
9650 4.8250 -1.457931 0.000387
9660 4.8300 -1.456192 0.000242
9670 4.8350 -1.454530 0.000135
9680 4.8400 -1.452805 0.000056
9690 4.8450 -1.450918 0.000007
9700 4.8500 -1.449183 0.000000
9710 4.8550 -1.447627 0.000013
9720 4.8600 -1.446304 0.000048
9730 4.8650 -1.445039 0.000100
9740 4.8700 -1.444043 0.000153
9750 4.8750 -1.443064 0.000216
9760 4.8800 -1.442160 0.000283
9770 4.8850 -1.441150 0.000369
9780 4.8900 -1.440049 0.000475
9790 4.8950 -1.438957 0.000593
9800 4.9000 -1.437956 0.000712
9810 4.9050 -1.437122 0.000821
9820 4.9100 -1.436255 0.000941
9830 4.9150 -1.435342 0.001076
9840 4.9200 -1.434350 0.001234
9850 4.9250 -1.433162 0.001437
9860 4.9300 -1.432180 0.001616
9870 4.9350 -1.431149 0.001815
9880 4.9400 -1.430030 0.002045
9890 4.9450 -1.428650 0.002346
9900 4.9500 -1.427068 0.002718
9910 4.9550 -1.425619 0.003082
9920 4.9600 -1.424209 0.003458
9930 4.9650 -1.422874 0.003835
9940 4.9700 -1.421805 0.004150
9950 4.9750 -1.420815 0.004453
9960 4.9800 -1.419871 0.004752
9970 4.9850 -1.419155 0.004985
9980 4.9900 -1.418405 0.005235
9990 4.9950 -1.417784 0.005447
10000 5.0000 -1.417363 0.005593
10010 5.0050 -1.417128 0.005148
10020 5.0100 -1.417146 0.005142
10030 5.0150 -1.417215 0.005119
10040 5.0200 -1.417529 0.005015
10050 5.0250 -1.417732 0.004948
10060 5.0300 -1.418018 0.004855
10070 5.0350 -1.418268 0.004774
10080 5.0400 -1.418496 0.004701
10090 5.0450 -1.418870 0.004582
10100 5.0500 -1.419316 0.004442
10110 5.0550 -1.419734 0.004313
10120 5.0600 -1.420210 0.004169
10130 5.0650 -1.420718 0.004017
10140 5.0700 -1.421209 0.003873
10150 5.0750 -1.421789 0.003707
10160 5.0800 -1.422432 0.003526
10170 5.0850 -1.423103 0.003343
10180 5.0900 -1.423822 0.003152
10190 5.0950 -1.424707 0.002925
10200 5.1000 -1.425584 0.002708
10210 5.1050 -1.426569 0.002474
10220 5.1100 -1.427480 0.002267
10230 5.1150 -1.428395 0.002068
10240 5.1200 -1.429336 0.001874
10250 5.1250 -1.430519 0.001643
10260 5.1300 -1.431705 0.001426
10270 5.1350 -1.432705 0.001255
10280 5.1400 -1.433846 0.001074
10290 5.1450 -1.435205 0.000876
10300 5.1500 -1.436538 0.000702
10310 5.1550 -1.438035 0.000529
10320 5.1600 -1.439631 0.000372
10330 5.1650 -1.441293 0.000237
10340 5.1700 -1.442777 0.000142
10350 5.1750 -1.444255 0.000072
10360 5.1800 -1.445680 0.000027
10370 5.1850 -1.446934 0.000005
10380 5.1900 -1.448199 0.000000
10390 5.1950 -1.449360 0.000011
10400 5.2000 -1.450596 0.000039
10410 5.2050 -1.451839 0.000084
10420 5.2100 -1.453051 0.000144
10430 5.2150 -1.454252 0.000219
10440 5.2200 -1.455468 0.000311
10450 5.2250 -1.456560 0.000407
10460 5.2300 -1.457538 0.000505
10470 5.2350 -1.458326 0.000591
10480 5.2400 -1.458837 0.000650
10490 5.2450 -1.459066 0.000678
10500 5.2500 -1.459094 0.000681
10510 5.2550 -1.459120 0.000622
10520 5.2600 -1.459206 0.000632
10530 5.2650 -1.459547 0.000673
10540 5.2700 -1.459989 0.000728
10550 5.2750 -1.460514 0.000795
10560 5.2800 -1.461111 0.000876
10570 5.2850 -1.461657 0.000953
10580 5.2900 -1.462106 0.001019
10590 5.2950 -1.462794 0.001124
10600 5.3000 -1.463638 0.001260
10610 5.3050 -1.464582 0.001421
10620 5.3100 -1.465360 0.001561
10630 5.3150 -1.466041 0.001689
10640 5.3200 -1.466500 0.001778
10650 5.3250 -1.467122 0.001903
10660 5.3300 -1.467750 0.002033
10670 5.3350 -1.468213 0.002131
10680 5.3400 -1.468585 0.002212
10690 5.3450 -1.468676 0.002232
10700 5.3500 -1.468514 0.002196
10710 5.3550 -1.468219 0.002132
10720 5.3600 -1.467973 0.002080
10730 5.3650 -1.467772 0.002037
10740 5.3700 -1.467572 0.001995
10750 5.3750 -1.467085 0.001895
10760 5.3800 -1.466538 0.001786
10770 5.3850 -1.466030 0.001687
10780 5.3900 -1.465422 0.001572
10790 5.3950 -1.464559 0.001417
10800 5.4000 -1.463275 0.001200
10810 5.4050 -1.461916 0.000990
10820 5.4100 -1.460635 0.000811
10830 5.4150 -1.459370 0.000652
10840 5.4200 -1.457885 0.000487
10850 5.4250 -1.456311 0.000338
10860 5.4300 -1.454583 0.000206
10870 5.4350 -1.452617 0.000095
10880 5.4400 -1.450503 0.000023
10890 5.4450 -1.448389 0.000000
10900 5.4500 -1.446272 0.000025
10910 5.4550 -1.444203 0.000096
10920 5.4600 -1.442117 0.000216
10930 5.4650 -1.440131 0.000373
10940 5.4700 -1.438201 0.000568
10950 5.4750 -1.436407 0.000785
10960 5.4800 -1.434643 0.001032
10970 5.4850 -1.432804 0.001326
10980 5.4900 -1.431197 0.001613
10990 5.4950 -1.429786 0.001888
11000 5.5000 -1.428828 0.002088
11010 5.5050 -1.427947 0.002090
11020 5.5100 -1.427116 0.002271
11030 5.5150 -1.426334 0.002448
11040 5.5200 -1.425623 0.002615
11050 5.5250 -1.424771 0.002823
11060 5.5300 -1.424087 0.002995
11070 5.5350 -1.423173 0.003233
11080 5.5400 -1.422289 0.003471
11090 5.5450 -1.421496 0.003693
11100 5.5500 -1.420787 0.003897
11110 5.5550 -1.420093 0.004101
11120 5.5600 -1.419577 0.004257
11130 5.5650 -1.419269 0.004351
11140 5.5700 -1.419237 0.004361
11150 5.5750 -1.419531 0.004271
11160 5.5800 -1.419827 0.004181
11170 5.5850 -1.419825 0.004182
11180 5.5900 -1.420017 0.004124
11190 5.5950 -1.420466 0.003991
11200 5.6000 -1.420969 0.003844
11210 5.6050 -1.421357 0.003733
11220 5.6100 -1.421852 0.003593
11230 5.6150 -1.422484 0.003418
11240 5.6200 -1.423236 0.003216
11250 5.6250 -1.424241 0.002955
11260 5.6300 -1.425251 0.002705
11270 5.6350 -1.426372 0.002440
11280 5.6400 -1.427656 0.002153
11290 5.6450 -1.429157 0.001840
11300 5.6500 -1.430735 0.001538
11310 5.6550 -1.432208 0.001280
11320 5.6600 -1.433547 0.001066
11330 5.6650 -1.434801 0.000883
11340 5.6700 -1.436091 0.000713
11350 5.6750 -1.437466 0.000552
11360 5.6800 -1.438902 0.000406
11370 5.6850 -1.440303 0.000284
11380 5.6900 -1.441805 0.000178
11390 5.6950 -1.443246 0.000099
11400 5.7000 -1.444598 0.000046
11410 5.7050 -1.445920 0.000013
11420 5.7100 -1.447406 0.000000
11430 5.7150 -1.448997 0.000010
11440 5.7200 -1.450341 0.000041
11450 5.7250 -1.451577 0.000086
11460 5.7300 -1.452694 0.000142
11470 5.7350 -1.453726 0.000206
11480 5.7400 -1.454634 0.000271
11490 5.7450 -1.455378 0.000331
11500 5.7500 -1.455988 0.000385
11510 5.7550 -1.456517 0.000403
11520 5.7600 -1.457033 0.000453
11530 5.7650 -1.457578 0.000508
11540 5.7700 -1.458123 0.000567
11550 5.7750 -1.458747 0.000639
11560 5.7800 -1.459393 0.000717
11570 5.7850 -1.460113 0.000810
11580 5.7900 -1.460874 0.000914
11590 5.7950 -1.461442 0.000996
11600 5.8000 -1.462097 0.001095
11610 5.8050 -1.462727 0.001195
11620 5.8100 -1.463452 0.001315
11630 5.8150 -1.464214 0.001447
11640 5.8200 -1.464675 0.001530
11650 5.8250 -1.464942 0.001579
11660 5.8300 -1.465288 0.001644
11670 5.8350 -1.465739 0.001730
11680 5.8400 -1.466131 0.001807
11690 5.8450 -1.466469 0.001875
11700 5.8500 -1.467001 0.001984
11710 5.8550 -1.467608 0.002112
11720 5.8600 -1.468171 0.002234
11730 5.8650 -1.468778 0.002370
11740 5.8700 -1.469400 0.002514
11750 5.8750 -1.469764 0.002600
11760 5.8800 -1.470000 0.002656
11770 5.8850 -1.470191 0.002702
11780 5.8900 -1.470468 0.002770
11790 5.8950 -1.470653 0.002816
11800 5.9000 -1.470924 0.002883
11810 5.9050 -1.470992 0.002900
11820 5.9100 -1.470990 0.002900
11830 5.9150 -1.470805 0.002853
11840 5.9200 -1.470404 0.002754
11850 5.9250 -1.469848 0.002620
11860 5.9300 -1.469141 0.002454
11870 5.9350 -1.468122 0.002224
11880 5.9400 -1.466762 0.001934
11890 5.9450 -1.465107 0.001610
11900 5.9500 -1.463330 0.001294
11910 5.9550 -1.461420 0.000993
11920 5.9600 -1.459539 0.000736
11930 5.9650 -1.457731 0.000525
11940 5.9700 -1.455957 0.000352
11950 5.9750 -1.454183 0.000214
11960 5.9800 -1.452463 0.000113
11970 5.9850 -1.450701 0.000042
11980 5.9900 -1.448825 0.000004
11990 5.9950 -1.446883 0.000006
12000 6.0000 -1.444875 0.000050
12010 6.0050 -1.442976 0.000126
12020 6.0100 -1.441177 0.000238
12030 6.0150 -1.439292 0.000393
12040 6.0200 -1.437322 0.000596
12050 6.0250 -1.435320 0.000846
12060 6.0300 -1.433280 0.001146
12070 6.0350 -1.431116 0.001514
12080 6.0400 -1.428760 0.001972
12090 6.0450 -1.426633 0.002437
12100 6.0500 -1.424550 0.002941
12110 6.0550 -1.422487 0.003486
12120 6.0600 -1.420573 0.004034
12130 6.0650 -1.418762 0.004589
12140 6.0700 -1.416854 0.005212
12150 6.0750 -1.414919 0.005884
12160 6.0800 -1.413051 0.006572
12170 6.0850 -1.411118 0.007324
12180 6.0900 -1.408970 0.008207
12190 6.0950 -1.407086 0.009023
12200 6.1000 -1.405283 0.009840
12210 6.1050 -1.403601 0.010634
12220 6.1100 -1.402093 0.011372
12230 6.1150 -1.400645 0.012105
12240 6.1200 -1.399246 0.012834
12250 6.1250 -1.397807 0.013606
12260 6.1300 -1.396446 0.014357
12270 6.1350 -1.395106 0.015116
12280 6.1400 -1.393820 0.015863
12290 6.1450 -1.392599 0.016589
12300 6.1500 -1.391382 0.017328
12310 6.1550 -1.390086 0.018133
12320 6.1600 -1.388706 0.019011
12330 6.1650 -1.387491 0.019801
12340 6.1700 -1.386215 0.020648
12350 6.1750 -1.384992 0.021476
12360 6.1800 -1.383715 0.022359
12370 6.1850 -1.382474 0.023233
12380 6.1900 -1.381459 0.023961
12390 6.1950 -1.380563 0.024613
12400 6.2000 -1.379810 0.025167
12410 6.2050 -1.379417 0.025459
12420 6.2100 -1.379152 0.025656
12430 6.2150 -1.379058 0.025726
12440 6.2200 -1.379238 0.025592
12450 6.2250 -1.379513 0.025387
12460 6.2300 -1.380040 0.024997
12470 6.2350 -1.380734 0.024488
12480 6.2400 -1.381670 0.023809
12490 6.2450 -1.382944 0.022900
12500 6.2500 -1.384402 0.021882
12510 6.2550 -1.386009 0.019157
12520 6.2600 -1.387697 0.018083
12530 6.2650 -1.389443 0.017006
12540 6.2700 -1.391073 0.016030
12550 6.2750 -1.392646 0.015116
12560 6.2800 -1.394368 0.014145
12570 6.2850 -1.396033 0.013237
12580 6.2900 -1.397507 0.012459
12590 6.2950 -1.399167 0.011611
12600 6.3000 -1.401117 0.010652
12610 6.3050 -1.403124 0.009709
12620 6.3100 -1.405225 0.008768
12630 6.3150 -1.407371 0.007857
12640 6.3200 -1.409460 0.007017
12650 6.3250 -1.411335 0.006305
12660 6.3300 -1.413233 0.005622
12670 6.3350 -1.415038 0.005009
12680 6.3400 -1.416815 0.004440
12690 6.3450 -1.418612 0.003899
12700 6.3500 -1.420584 0.003347
12710 6.3550 -1.422585 0.002829
12720 6.3600 -1.424755 0.002316
12730 6.3650 -1.426757 0.001889
12740 6.3700 -1.428519 0.001549
12750 6.3750 -1.430109 0.001271
12760 6.3800 -1.431660 0.001026
12770 6.3850 -1.433087 0.000824
12780 6.3900 -1.434442 0.000653
12790 6.3950 -1.435632 0.000519
12800 6.4000 -1.436840 0.000398
12810 6.4050 -1.437960 0.000301
12820 6.4100 -1.439033 0.000220
12830 6.4150 -1.440077 0.000154
12840 6.4200 -1.440892 0.000110
12850 6.4250 -1.441927 0.000065
12860 6.4300 -1.442998 0.000031
12870 6.4350 -1.444264 0.000006
12880 6.4400 -1.445660 0.000000
12890 6.4450 -1.446910 0.000011
12900 6.4500 -1.448079 0.000038
12910 6.4550 -1.449058 0.000071
12920 6.4600 -1.449992 0.000113
12930 6.4650 -1.450743 0.000154
12940 6.4700 -1.451329 0.000189
12950 6.4750 -1.451929 0.000230
12960 6.4800 -1.452541 0.000275
12970 6.4850 -1.453118 0.000322
12980 6.4900 -1.453351 0.000341
12990 6.4950 -1.453396 0.000345
13000 6.5000 -1.453564 0.000360
13010 6.5050 -1.453682 0.000342
13020 6.5100 -1.453688 0.000342
13030 6.5150 -1.453722 0.000345
13040 6.5200 -1.453735 0.000346
13050 6.5250 -1.453676 0.000341
13060 6.5300 -1.453656 0.000340
13070 6.5350 -1.453626 0.000337
13080 6.5400 -1.453546 0.000330
13090 6.5450 -1.453043 0.000289
13100 6.5500 -1.452459 0.000244
13110 6.5550 -1.452207 0.000226
13120 6.5600 -1.451848 0.000202
13130 6.5650 -1.451352 0.000170
13140 6.5700 -1.450683 0.000131
13150 6.5750 -1.450088 0.000101
13160 6.5800 -1.449446 0.000073
13170 6.5850 -1.448868 0.000051
13180 6.5900 -1.448263 0.000033
13190 6.5950 -1.447593 0.000017
13200 6.6000 -1.446764 0.000003
13210 6.6050 -1.445676 0.000000
13220 6.6100 -1.444488 0.000006
13230 6.6150 -1.443385 0.000027
13240 6.6200 -1.442154 0.000067
13250 6.6250 -1.440982 0.000120
13260 6.6300 -1.439719 0.000193
13270 6.6350 -1.438396 0.000289
13280 6.6400 -1.437202 0.000392
13290 6.6450 -1.435924 0.000519
13300 6.6500 -1.434638 0.000665
13310 6.6550 -1.433471 0.000813
13320 6.6600 -1.432243 0.000985
13330 6.6650 -1.431015 0.001173
13340 6.6700 -1.429835 0.001369
13350 6.6750 -1.428509 0.001607
13360 6.6800 -1.427404 0.001820
13370 6.6850 -1.426562 0.001992
13380 6.6900 -1.425989 0.002113
13390 6.6950 -1.425461 0.002228
13400 6.7000 -1.424850 0.002364
13410 6.7050 -1.424264 0.002499
13420 6.7100 -1.423778 0.002613
13430 6.7150 -1.423359 0.002714
13440 6.7200 -1.422909 0.002825
13450 6.7250 -1.422577 0.002908
13460 6.7300 -1.422107 0.003027
13470 6.7350 -1.421619 0.003154
13480 6.7400 -1.421183 0.003269
13490 6.7450 -1.420656 0.003411
13500 6.7500 -1.420220 0.003531
13510 6.7550 -1.419841 0.003383
13520 6.7600 -1.419530 0.003468
13530 6.7650 -1.419209 0.003557
13540 6.7700 -1.418980 0.003621
13550 6.7750 -1.418805 0.003670
13560 6.7800 -1.418670 0.003708
13570 6.7850 -1.418744 0.003687
13580 6.7900 -1.418918 0.003638
13590 6.7950 -1.419149 0.003574
13600 6.8000 -1.419526 0.003469
13610 6.8050 -1.419979 0.003346
13620 6.8100 -1.420278 0.003266
13630 6.8150 -1.420573 0.003188
13640 6.8200 -1.420908 0.003100
13650 6.8250 -1.421567 0.002931
13660 6.8300 -1.422040 0.002813
13670 6.8350 -1.422338 0.002740
13680 6.8400 -1.422615 0.002673
13690 6.8450 -1.422976 0.002587
13700 6.8500 -1.423380 0.002492
13710 6.8550 -1.423715 0.002414
13720 6.8600 -1.423990 0.002352
13730 6.8650 -1.424336 0.002274
13740 6.8700 -1.424609 0.002214
13750 6.8750 -1.424754 0.002182
13760 6.8800 -1.424894 0.002152
13770 6.8850 -1.425148 0.002097
13780 6.8900 -1.425248 0.002076
13790 6.8950 -1.425449 0.002034
13800 6.9000 -1.425841 0.001952
13810 6.9050 -1.426324 0.001854
13820 6.9100 -1.426604 0.001798
13830 6.9150 -1.426908 0.001738
13840 6.9200 -1.427291 0.001665
13850 6.9250 -1.427529 0.001620
13860 6.9300 -1.427610 0.001605
13870 6.9350 -1.427581 0.001610
13880 6.9400 -1.427573 0.001612
13890 6.9450 -1.427647 0.001598
13900 6.9500 -1.427714 0.001585
13910 6.9550 -1.427889 0.001553
13920 6.9600 -1.428044 0.001525
13930 6.9650 -1.428251 0.001487
13940 6.9700 -1.428476 0.001447
13950 6.9750 -1.428716 0.001405
13960 6.9800 -1.428972 0.001360
13970 6.9850 -1.428993 0.001357
13980 6.9900 -1.428744 0.001400
13990 6.9950 -1.428477 0.001447
14000 7.0000 -1.428281 0.001482
14010 7.0050 -1.428170 0.001397
14020 7.0100 -1.428189 0.001393
14030 7.0150 -1.428307 0.001373
14040 7.0200 -1.428478 0.001344
14050 7.0250 -1.428649 0.001315
14060 7.0300 -1.429051 0.001248
14070 7.0350 -1.429483 0.001177
14080 7.0400 -1.429945 0.001104
14090 7.0450 -1.430408 0.001034
14100 7.0500 -1.431241 0.000913
14110 7.0550 -1.432208 0.000781
14120 7.0600 -1.433127 0.000666
14130 7.0650 -1.434023 0.000562
14140 7.0700 -1.434766 0.000483
14150 7.0750 -1.435584 0.000403
14160 7.0800 -1.436406 0.000329
14170 7.0850 -1.437365 0.000253
14180 7.0900 -1.438464 0.000177
14190 7.0950 -1.439675 0.000110
14200 7.1000 -1.440817 0.000060
14210 7.1050 -1.442033 0.000024
14220 7.1100 -1.443217 0.000003
14230 7.1150 -1.444213 0.000000
14240 7.1200 -1.445149 0.000002
14250 7.1250 -1.446118 0.000017
14260 7.1300 -1.447055 0.000041
14270 7.1350 -1.447991 0.000075
14280 7.1400 -1.448768 0.000110
14290 7.1450 -1.449578 0.000154
14300 7.1500 -1.450393 0.000205
14310 7.1550 -1.451006 0.000248
14320 7.1600 -1.451773 0.000308
14330 7.1650 -1.452431 0.000364
14340 7.1700 -1.453158 0.000432
14350 7.1750 -1.453664 0.000483
14360 7.1800 -1.453909 0.000508
14370 7.1850 -1.453933 0.000511
14380 7.1900 -1.453854 0.000503
14390 7.1950 -1.453691 0.000486
14400 7.2000 -1.453268 0.000443
14410 7.2050 -1.452694 0.000388
14420 7.2100 -1.452173 0.000342
14430 7.2150 -1.451615 0.000295
14440 7.2200 -1.451146 0.000259
14450 7.2250 -1.450680 0.000225
14460 7.2300 -1.450059 0.000183
14470 7.2350 -1.449344 0.000141
14480 7.2400 -1.448440 0.000095
14490 7.2450 -1.447311 0.000050
14500 7.2500 -1.446205 0.000019
14510 7.2550 -1.445153 0.000002
14520 7.2600 -1.444162 0.000000
14530 7.2650 -1.443190 0.000005
14540 7.2700 -1.442174 0.000022
14550 7.2750 -1.441043 0.000055
14560 7.2800 -1.439892 0.000103
14570 7.2850 -1.438928 0.000154
14580 7.2900 -1.437881 0.000221
14590 7.2950 -1.437007 0.000286
14600 7.3000 -1.436095 0.000363
14610 7.3050 -1.435170 0.000450
14620 7.3100 -1.434293 0.000541
14630 7.3150 -1.433314 0.000652
14640 7.3200 -1.432309 0.000778
14650 7.3250 -1.431256 0.000921
14660 7.3300 -1.430099 0.001092
14670 7.3350 -1.428820 0.001298
14680 7.3400 -1.427463 0.001537
14690 7.3450 -1.425996 0.001816
14700 7.3500 -1.424807 0.002061
14710 7.3550 -1.423790 0.002282
14720 7.3600 -1.422409 0.002600
14730 7.3650 -1.421165 0.002904
14740 7.3700 -1.419985 0.003208
14750 7.3750 -1.418981 0.003479
14760 7.3800 -1.418022 0.003748
14770 7.3850 -1.417090 0.004019
14780 7.3900 -1.416385 0.004230
14790 7.3950 -1.415738 0.004429
14800 7.4000 -1.415122 0.004622
14810 7.4050 -1.414474 0.004830
14820 7.4100 -1.413835 0.005039
14830 7.4150 -1.413569 0.005127
14840 7.4200 -1.413421 0.005177
14850 7.4250 -1.413431 0.005173
14860 7.4300 -1.413321 0.005211
14870 7.4350 -1.413303 0.005217
14880 7.4400 -1.413534 0.005139
14890 7.4450 -1.413982 0.004990
14900 7.4500 -1.414701 0.004756
14910 7.4550 -1.415443 0.004520
14920 7.4600 -1.416275 0.004264
14930 7.4650 -1.417331 0.003948
14940 7.4700 -1.418430 0.003632
14950 7.4750 -1.419534 0.003329
14960 7.4800 -1.420832 0.002989
14970 7.4850 -1.422137 0.002665
14980 7.4900 -1.423603 0.002324
14990 7.4950 -1.424993 0.002021
15000 7.5000 -1.426469 0.001724
15010 7.5050 -1.427890 0.001352
15020 7.5100 -1.429290 0.001122
15030 7.5150 -1.430766 0.000902
15040 7.5200 -1.432163 0.000716
15050 7.5250 -1.433364 0.000573
15060 7.5300 -1.434422 0.000460
15070 7.5350 -1.435307 0.000375
15080 7.5400 -1.436076 0.000308
15090 7.5450 -1.436677 0.000261
15100 7.5500 -1.437174 0.000224
15110 7.5550 -1.437607 0.000194
15120 7.5600 -1.438018 0.000168
15130 7.5650 -1.438541 0.000137
15140 7.5700 -1.439141 0.000105
15150 7.5750 -1.439718 0.000079
15160 7.5800 -1.440290 0.000056
15170 7.5850 -1.440913 0.000035
15180 7.5900 -1.441321 0.000023
15190 7.5950 -1.441405 0.000021
15200 7.6000 -1.441258 0.000025
15210 7.6050 -1.441102 0.000029
15220 7.6100 -1.441063 0.000030
15230 7.6150 -1.440951 0.000034
15240 7.6200 -1.440684 0.000042
15250 7.6250 -1.440290 0.000056
15260 7.6300 -1.439660 0.000081
15270 7.6350 -1.438895 0.000118
15280 7.6400 -1.438249 0.000154
15290 7.6450 -1.437677 0.000190
15300 7.6500 -1.436924 0.000242
15310 7.6550 -1.436303 0.000290
15320 7.6600 -1.435787 0.000333
15330 7.6650 -1.434999 0.000404
15340 7.6700 -1.434315 0.000471
15350 7.6750 -1.433699 0.000536
15360 7.6800 -1.433104 0.000603
15370 7.6850 -1.432500 0.000675
15380 7.6900 -1.431843 0.000757
15390 7.6950 -1.431145 0.000850
15400 7.7000 -1.430346 0.000962
15410 7.7050 -1.429747 0.001051
15420 7.7100 -1.429217 0.001133
15430 7.7150 -1.428717 0.001213
15440 7.7200 -1.428188 0.001301
15450 7.7250 -1.427724 0.001380
15460 7.7300 -1.427359 0.001444
15470 7.7350 -1.426981 0.001512
15480 7.7400 -1.426482 0.001605
15490 7.7450 -1.425980 0.001700
15500 7.7500 -1.425652 0.001764
15510 7.7550 -1.425403 0.001692
15520 7.7600 -1.425258 0.001720
15530 7.7650 -1.425243 0.001723
15540 7.7700 -1.425256 0.001720
15550 7.7750 -1.425169 0.001737
15560 7.7800 -1.425182 0.001735
15570 7.7850 -1.425446 0.001683
15580 7.7900 -1.425717 0.001632
15590 7.7950 -1.425808 0.001615
15600 7.8000 -1.425630 0.001648
15610 7.8050 -1.425345 0.001703
15620 7.8100 -1.425013 0.001768
15630 7.8150 -1.424850 0.001800
15640 7.8200 -1.424640 0.001842
15650 7.8250 -1.424620 0.001846
15660 7.8300 -1.424793 0.001811
15670 7.8350 -1.424983 0.001774
15680 7.8400 -1.425083 0.001754
15690 7.8450 -1.425142 0.001742
15700 7.8500 -1.425090 0.001753
15710 7.8550 -1.425040 0.001762
15720 7.8600 -1.425060 0.001759
15730 7.8650 -1.425198 0.001731
15740 7.8700 -1.425657 0.001643
15750 7.8750 -1.426292 0.001525
15760 7.8800 -1.426968 0.001403
15770 7.8850 -1.427613 0.001292
15780 7.8900 -1.428204 0.001194
15790 7.8950 -1.428718 0.001112
15800 7.9000 -1.429255 0.001030
15810 7.9050 -1.429912 0.000933
15820 7.9100 -1.430524 0.000847
15830 7.9150 -1.431165 0.000761
15840 7.9200 -1.431778 0.000684
15850 7.9250 -1.432653 0.000580
15860 7.9300 -1.433251 0.000514
15870 7.9350 -1.433583 0.000479
15880 7.9400 -1.433677 0.000469
15890 7.9450 -1.433624 0.000474
15900 7.9500 -1.433599 0.000477
15910 7.9550 -1.433576 0.000479
15920 7.9600 -1.433307 0.000508
15930 7.9650 -1.432883 0.000554
15940 7.9700 -1.432120 0.000642
15950 7.9750 -1.431351 0.000737
15960 7.9800 -1.430515 0.000848
15970 7.9850 -1.430014 0.000918
15980 7.9900 -1.429478 0.000996
15990 7.9950 -1.428933 0.001079
16000 8.0000 -1.428464 0.001153
16010 8.0050 -1.427963 0.001151
16020 8.0100 -1.427613 0.001208
16030 8.0150 -1.427207 0.001275
16040 8.0200 -1.426935 0.001321
16050 8.0250 -1.426670 0.001367
16060 8.0300 -1.426413 0.001412
16070 8.0350 -1.426086 0.001470
16080 8.0400 -1.425742 0.001533
16090 8.0450 -1.425431 0.001591
16100 8.0500 -1.425213 0.001632
16110 8.0550 -1.424916 0.001689
16120 8.0600 -1.424492 0.001772
16130 8.0650 -1.423965 0.001878
16140 8.0700 -1.423407 0.001993
16150 8.0750 -1.422912 0.002098
16160 8.0800 -1.422238 0.002245
16170 8.0850 -1.421546 0.002402
16180 8.0900 -1.420909 0.002551
16190 8.0950 -1.420316 0.002693
16200 8.1000 -1.419699 0.002845
16210 8.1050 -1.419121 0.002992
16220 8.1100 -1.418733 0.003092
16230 8.1150 -1.418339 0.003195
16240 8.1200 -1.417949 0.003299
16250 8.1250 -1.417455 0.003434
16260 8.1300 -1.416945 0.003575
16270 8.1350 -1.416535 0.003691
16280 8.1400 -1.416277 0.003764
16290 8.1450 -1.415957 0.003857
16300 8.1500 -1.415660 0.003944
16310 8.1550 -1.415431 0.004011
16320 8.1600 -1.415410 0.004018
16330 8.1650 -1.415554 0.003975
16340 8.1700 -1.415777 0.003910
16350 8.1750 -1.416079 0.003822
16360 8.1800 -1.416221 0.003780
16370 8.1850 -1.416367 0.003738
16380 8.1900 -1.416713 0.003640
16390 8.1950 -1.417263 0.003487
16400 8.2000 -1.417742 0.003355
16410 8.2050 -1.418265 0.003215
16420 8.2100 -1.418828 0.003067
16430 8.2150 -1.419289 0.002949
16440 8.2200 -1.419679 0.002850
16450 8.2250 -1.420003 0.002770
16460 8.2300 -1.420604 0.002623
16470 8.2350 -1.421419 0.002431
16480 8.2400 -1.422186 0.002257
16490 8.2450 -1.422822 0.002118
16500 8.2500 -1.423627 0.001947
16510 8.2550 -1.424332 0.001677
16520 8.2600 -1.424728 0.001601
16530 8.2650 -1.425009 0.001548
16540 8.2700 -1.425183 0.001516
16550 8.2750 -1.425581 0.001444
16560 8.2800 -1.426234 0.001329
16570 8.2850 -1.426921 0.001212
16580 8.2900 -1.427646 0.001095
16590 8.2950 -1.428335 0.000990
16600 8.3000 -1.429215 0.000862
16610 8.3050 -1.430509 0.000690
16620 8.3100 -1.431784 0.000538
16630 8.3150 -1.433153 0.000394
16640 8.3200 -1.434485 0.000274
16650 8.3250 -1.435790 0.000175
16660 8.3300 -1.436961 0.000102
16670 8.3350 -1.438007 0.000049
16680 8.3400 -1.438869 0.000015
16690 8.3450 -1.439599 0.000000
16700 8.3500 -1.440188 0.000000
16710 8.3550 -1.440572 0.000000
16720 8.3600 -1.440839 0.000000
16730 8.3650 -1.440921 0.000000
16740 8.3700 -1.440967 0.000000
16750 8.3750 -1.440939 0.000000
16760 8.3800 -1.440886 0.000000
16770 8.3850 -1.440611 0.000000
16780 8.3900 -1.440093 0.000000
16790 8.3950 -1.439684 0.000000
16800 8.4000 -1.439211 0.000004
16810 8.4050 -1.438693 0.000021
16820 8.4100 -1.438147 0.000043
16830 8.4150 -1.437745 0.000062
16840 8.4200 -1.437460 0.000076
16850 8.4250 -1.437444 0.000076
16860 8.4300 -1.437621 0.000068
16870 8.4350 -1.437854 0.000056
16880 8.4400 -1.437977 0.000051
16890 8.4450 -1.438123 0.000044
16900 8.4500 -1.438455 0.000031
16910 8.4550 -1.438833 0.000016
16920 8.4600 -1.439024 0.000010
16930 8.4650 -1.439072 0.000008
16940 8.4700 -1.438979 0.000011
16950 8.4750 -1.438577 0.000026
16960 8.4800 -1.438159 0.000043
16970 8.4850 -1.437796 0.000059
16980 8.4900 -1.437276 0.000085
16990 8.4950 -1.436658 0.000120
17000 8.5000 -1.435938 0.000165
17010 8.5050 -1.435279 0.000193
17020 8.5100 -1.434628 0.000242
17030 8.5150 -1.433942 0.000299
17040 8.5200 -1.433259 0.000361
17050 8.5250 -1.432262 0.000461
17060 8.5300 -1.430984 0.000604
17070 8.5350 -1.429838 0.000748
17080 8.5400 -1.428737 0.000899
17090 8.5450 -1.427848 0.001031
17100 8.5500 -1.427129 0.001144
17110 8.5550 -1.426377 0.001268
17120 8.5600 -1.425610 0.001401
17130 8.5650 -1.424879 0.001534
17140 8.5700 -1.424238 0.001655
17150 8.5750 -1.423663 0.001768
17160 8.5800 -1.423144 0.001872
17170 8.5850 -1.422648 0.001975
17180 8.5900 -1.422022 0.002109
17190 8.5950 -1.421303 0.002267
17200 8.6000 -1.420636 0.002419
17210 8.6050 -1.420034 0.002561
17220 8.6100 -1.419460 0.002700
17230 8.6150 -1.418925 0.002832
17240 8.6200 -1.418546 0.002928
17250 8.6250 -1.418227 0.003010
17260 8.6300 -1.417859 0.003105
17270 8.6350 -1.417565 0.003183
17280 8.6400 -1.417160 0.003291
17290 8.6450 -1.416977 0.003340
17300 8.6500 -1.416820 0.003383
17310 8.6550 -1.416677 0.003422
17320 8.6600 -1.416615 0.003439
17330 8.6650 -1.416837 0.003379
17340 8.6700 -1.417091 0.003310
17350 8.6750 -1.417253 0.003266
17360 8.6800 -1.417646 0.003161
17370 8.6850 -1.418047 0.003056
17380 8.6900 -1.418482 0.002944
17390 8.6950 -1.418920 0.002833
17400 8.7000 -1.419514 0.002686
17410 8.7050 -1.420092 0.002547
17420 8.7100 -1.420636 0.002419
17430 8.7150 -1.421255 0.002278
17440 8.7200 -1.421698 0.002179
17450 8.7250 -1.422142 0.002083
17460 8.7300 -1.422599 0.001985
17470 8.7350 -1.423134 0.001874
17480 8.7400 -1.423624 0.001776
17490 8.7450 -1.424045 0.001693
17500 8.7500 -1.424594 0.001587
17510 8.7550 -1.425009 0.001405
17520 8.7600 -1.425465 0.001324
17530 8.7650 -1.425798 0.001267
17540 8.7700 -1.425908 0.001248
17550 8.7750 -1.425890 0.001251
17560 8.7800 -1.425615 0.001298
17570 8.7850 -1.425415 0.001333
17580 8.7900 -1.425211 0.001369
17590 8.7950 -1.425050 0.001397
17600 8.8000 -1.425138 0.001382
17610 8.8050 -1.425361 0.001342
17620 8.8100 -1.425438 0.001329
17630 8.8150 -1.425253 0.001361
17640 8.8200 -1.424990 0.001408
17650 8.8250 -1.424879 0.001428
17660 8.8300 -1.424737 0.001454
17670 8.8350 -1.424536 0.001490
17680 8.8400 -1.424457 0.001505
17690 8.8450 -1.424518 0.001494
17700 8.8500 -1.424478 0.001501
17710 8.8550 -1.424571 0.001484
17720 8.8600 -1.424509 0.001495
17730 8.8650 -1.424367 0.001522
17740 8.8700 -1.424067 0.001578
17750 8.8750 -1.423617 0.001664
17760 8.8800 -1.423286 0.001729
17770 8.8850 -1.423148 0.001756
17780 8.8900 -1.423004 0.001785
17790 8.8950 -1.422733 0.001840
17800 8.9000 -1.422584 0.001870
17810 8.9050 -1.422502 0.001887
17820 8.9100 -1.422469 0.001894
17830 8.9150 -1.422305 0.001928
17840 8.9200 -1.421844 0.002025
17850 8.9250 -1.421265 0.002150
17860 8.9300 -1.420790 0.002256
17870 8.9350 -1.420389 0.002347
17880 8.9400 -1.420100 0.002414
17890 8.9450 -1.419714 0.002504
17900 8.9500 -1.419242 0.002617
17910 8.9550 -1.418895 0.002702
17920 8.9600 -1.418557 0.002785
17930 8.9650 -1.417906 0.002950
17940 8.9700 -1.417337 0.003097
17950 8.9750 -1.416746 0.003254
17960 8.9800 -1.416131 0.003422
17970 8.9850 -1.415421 0.003620
17980 8.9900 -1.414868 0.003778
17990 8.9950 -1.414337 0.003933
18000 9.0000 -1.413807 0.004091
18010 9.0050 -1.413311 0.003982
18020 9.0100 -1.412803 0.004135
18030 9.0150 -1.412192 0.004322
18040 9.0200 -1.411477 0.004547
18050 9.0250 -1.410692 0.004800
18060 9.0300 -1.409953 0.005044
18070 9.0350 -1.409248 0.005282
18080 9.0400 -1.408504 0.005540
18090 9.0450 -1.407990 0.005722
18100 9.0500 -1.407419 0.005927
18110 9.0550 -1.406731 0.006178
18120 9.0600 -1.405864 0.006503
18130 9.0650 -1.404906 0.006871
18140 9.0700 -1.403972 0.007239
18150 9.0750 -1.403009 0.007629
18160 9.0800 -1.402022 0.008039
18170 9.0850 -1.401005 0.008473
18180 9.0900 -1.399960 0.008930
18190 9.0950 -1.398795 0.009455
18200 9.1000 -1.397690 0.009965
18210 9.1050 -1.396402 0.010577
18220 9.1100 -1.395008 0.011259
18230 9.1150 -1.393404 0.012071
18240 9.1200 -1.391714 0.012956
18250 9.1250 -1.389931 0.013924
18260 9.1300 -1.388368 0.014801
18270 9.1350 -1.387014 0.015582
18280 9.1400 -1.385619 0.016408
18290 9.1450 -1.384223 0.017255
18300 9.1500 -1.382934 0.018057
18310 9.1550 -1.381849 0.018745
18320 9.1600 -1.380859 0.019385
18330 9.1650 -1.379934 0.019991
18340 9.1700 -1.379046 0.020583
18350 9.1750 -1.378115 0.021213
18360 9.1800 -1.377100 0.021910
18370 9.1850 -1.376127 0.022588
18380 9.1900 -1.375304 0.023170
18390 9.1950 -1.374560 0.023703
18400 9.2000 -1.373809 0.024247
18410 9.2050 -1.373051 0.024802
18420 9.2100 -1.372460 0.025239
18430 9.2150 -1.372076 0.025525
18440 9.2200 -1.371677 0.025823
18450 9.2250 -1.371639 0.025852
18460 9.2300 -1.371378 0.026049
18470 9.2350 -1.370844 0.026453
18480 9.2400 -1.370276 0.026887
18490 9.2450 -1.369915 0.027164
18500 9.2500 -1.369694 0.027335
18510 9.2550 -1.369641 0.025977
18520 9.2600 -1.369790 0.025865
18530 9.2650 -1.369982 0.025721
18540 9.2700 -1.370381 0.025424
18550 9.2750 -1.370847 0.025078
18560 9.2800 -1.371231 0.024796
18570 9.2850 -1.371824 0.024362
18580 9.2900 -1.372461 0.023901
18590 9.2950 -1.373319 0.023286
18600 9.3000 -1.374254 0.022625
18610 9.3050 -1.375155 0.021998
18620 9.3100 -1.376195 0.021284
18630 9.3150 -1.377238 0.020580
18640 9.3200 -1.378602 0.019678
18650 9.3250 -1.380182 0.018657
18660 9.3300 -1.381678 0.017716
18670 9.3350 -1.382768 0.017046
18680 9.3400 -1.383799 0.016423
18690 9.3450 -1.384923 0.015758
18700 9.3500 -1.386008 0.015129
18710 9.3550 -1.386903 0.014620
18720 9.3600 -1.387538 0.014263
18730 9.3650 -1.387846 0.014092
18740 9.3700 -1.387910 0.014057
18750 9.3750 -1.388070 0.013968
18760 9.3800 -1.387992 0.014011
18770 9.3850 -1.387889 0.014068
18780 9.3900 -1.387711 0.014167
18790 9.3950 -1.387369 0.014358
18800 9.4000 -1.387081 0.014519
18810 9.4050 -1.386655 0.014760
18820 9.4100 -1.386005 0.015130
18830 9.4150 -1.385206 0.015593
18840 9.4200 -1.384456 0.016033
18850 9.4250 -1.383862 0.016386
18860 9.4300 -1.383065 0.016865
18870 9.4350 -1.382266 0.017353
18880 9.4400 -1.381453 0.017856
18890 9.4450 -1.380649 0.018361
18900 9.4500 -1.379817 0.018890
18910 9.4550 -1.378900 0.019483
18920 9.4600 -1.377858 0.020167
18930 9.4650 -1.376812 0.020866
18940 9.4700 -1.375775 0.021571
18950 9.4750 -1.374720 0.022299
18960 9.4800 -1.373642 0.023057
18970 9.4850 -1.372264 0.024043
18980 9.4900 -1.370751 0.025150
18990 9.4950 -1.369316 0.026222
19000 9.5000 -1.367736 0.027429
19010 9.5050 -1.366270 0.027165
19020 9.5100 -1.364782 0.028319
19030 9.5150 -1.363077 0.029669
19040 9.5200 -1.361357 0.031064
19050 9.5250 -1.359658 0.032473
19060 9.5300 -1.357752 0.034091
19070 9.5350 -1.355721 0.035858
19080 9.5400 -1.353802 0.037569
19090 9.5450 -1.352132 0.039090
19100 9.5500 -1.350510 0.040596
19110 9.5550 -1.348818 0.042199
19120 9.5600 -1.346993 0.043960
19130 9.5650 -1.345219 0.045708
19140 9.5700 -1.343341 0.047595
19150 9.5750 -1.341446 0.049539
19160 9.5800 -1.339319 0.051765
19170 9.5850 -1.337125 0.054114
19180 9.5900 -1.335167 0.056253
19190 9.5950 -1.333590 0.058007
19200 9.6000 -1.332271 0.059495
19210 9.6050 -1.331228 0.060684
19220 9.6100 -1.330397 0.061640
19230 9.6150 -1.329902 0.062214
19240 9.6200 -1.329471 0.062714
19250 9.6250 -1.329120 0.063124
19260 9.6300 -1.329116 0.063128
19270 9.6350 -1.329275 0.062943
19280 9.6400 -1.329664 0.062490
19290 9.6450 -1.330315 0.061735
19300 9.6500 -1.331124 0.060803
19310 9.6550 -1.332069 0.059724
19320 9.6600 -1.333065 0.058597
19330 9.6650 -1.334350 0.057159
19340 9.6700 -1.335841 0.055512
19350 9.6750 -1.337368 0.053851
19360 9.6800 -1.339003 0.052101
19370 9.6850 -1.340762 0.050249
19380 9.6900 -1.342610 0.048340
19390 9.6950 -1.344447 0.046479
19400 9.7000 -1.346321 0.044618
19410 9.7050 -1.348200 0.042791
19420 9.7100 -1.350067 0.041012
19430 9.7150 -1.351843 0.039357
19440 9.7200 -1.353645 0.037711
19450 9.7250 -1.355459 0.036089
19460 9.7300 -1.357087 0.034665
19470 9.7350 -1.358691 0.033289
19480 9.7400 -1.360195 0.032024
19490 9.7450 -1.361715 0.030771
19500 9.7500 -1.363079 0.029668
19510 9.7550 -1.364138 0.027358
19520 9.7600 -1.364922 0.026759
19530 9.7650 -1.365460 0.026352
19540 9.7700 -1.365836 0.026069
19550 9.7750 -1.366132 0.025847
19560 9.7800 -1.366232 0.025773
19570 9.7850 -1.366264 0.025749
19580 9.7900 -1.366161 0.025826
19590 9.7950 -1.366026 0.025927
19600 9.8000 -1.365716 0.026160
19610 9.8050 -1.365145 0.026590
19620 9.8100 -1.364327 0.027214
19630 9.8150 -1.363337 0.027977
19640 9.8200 -1.362112 0.028938
19650 9.8250 -1.360677 0.030082
19660 9.8300 -1.359029 0.031426
19670 9.8350 -1.357180 0.032967
19680 9.8400 -1.355122 0.034725
19690 9.8450 -1.353246 0.036369
19700 9.8500 -1.351435 0.037991
19710 9.8550 -1.349541 0.039725
19720 9.8600 -1.347715 0.041434
19730 9.8650 -1.345950 0.043120
19740 9.8700 -1.344134 0.044889
19750 9.8750 -1.342240 0.046773
19760 9.8800 -1.340380 0.048660
19770 9.8850 -1.338611 0.050490
19780 9.8900 -1.336849 0.052346
19790 9.8950 -1.334944 0.054390
19800 9.9000 -1.333025 0.056488
19810 9.9050 -1.331134 0.058596
19820 9.9100 -1.329135 0.060866
19830 9.9150 -1.327156 0.063155
19840 9.9200 -1.325137 0.065533
19850 9.9250 -1.323124 0.067948
19860 9.9300 -1.321116 0.070402
19870 9.9350 -1.319169 0.072821
19880 9.9400 -1.316961 0.075615
19890 9.9450 -1.314704 0.078526
19900 9.9500 -1.312432 0.081511
19910 9.9550 -1.310180 0.084524
19920 9.9600 -1.307932 0.087587
19930 9.9650 -1.305603 0.090819
19940 9.9700 -1.303130 0.094313
19950 9.9750 -1.300543 0.098038
19960 9.9800 -1.297884 0.101943
19970 9.9850 -1.295294 0.105820
19980 9.9900 -1.292653 0.109848
19990 9.9950 -1.290203 0.113651
20000 10.0000 -1.287845 0.117373
20010 10.0050 -1.285323 0.115372
20020 10.0100 -1.282840 0.119296
20030 10.0150 -1.280676 0.122769
20040 10.0200 -1.278354 0.126550
20050 10.0250 -1.275988 0.130462
20060 10.0300 -1.273637 0.134409
20070 10.0350 -1.271203 0.138555
20080 10.0400 -1.268662 0.142952
20090 10.0450 -1.266346 0.147019
20100 10.0500 -1.263998 0.151200
20110 10.0550 -1.261607 0.155518
20120 10.0600 -1.259254 0.159826
20130 10.0650 -1.257083 0.163851
20140 10.0700 -1.255234 0.167321
20150 10.0750 -1.253634 0.170351
20160 10.0800 -1.252265 0.172968
20170 10.0850 -1.251049 0.175305
20180 10.0900 -1.249859 0.177611
20190 10.0950 -1.248885 0.179508
20200 10.1000 -1.248387 0.180481
20210 10.1050 -1.248133 0.180980
20220 10.1100 -1.247838 0.181558
20230 10.1150 -1.247916 0.181406
20240 10.1200 -1.248501 0.180258
20250 10.1250 -1.249414 0.178476
20260 10.1300 -1.250527 0.176316
20270 10.1350 -1.251652 0.174144
20280 10.1400 -1.252698 0.172137
20290 10.1450 -1.253833 0.169974
20300 10.1500 -1.255258 0.167275
20310 10.1550 -1.256757 0.164461
20320 10.1600 -1.258291 0.161605
20330 10.1650 -1.260134 0.158207
20340 10.1700 -1.262260 0.154332
20350 10.1750 -1.264551 0.150209
20360 10.1800 -1.266855 0.146121
20370 10.1850 -1.269238 0.141949
20380 10.1900 -1.271676 0.137745
20390 10.1950 -1.274203 0.133453
20400 10.2000 -1.276946 0.128872
20410 10.2050 -1.279822 0.124152
20420 10.2100 -1.282903 0.119196
20430 10.2150 -1.286137 0.114100
20440 10.2200 -1.289559 0.108829
20450 10.2250 -1.292685 0.104123
20460 10.2300 -1.295705 0.099674
20470 10.2350 -1.298604 0.095495
20480 10.2400 -1.301473 0.091448
20490 10.2450 -1.304359 0.087464
20500 10.2500 -1.307337 0.083446
20510 10.2550 -1.310103 0.075879
20520 10.2600 -1.312550 0.072814
20530 10.2650 -1.314840 0.070002
20540 10.2700 -1.317122 0.067255
20550 10.2750 -1.319479 0.064476
20560 10.2800 -1.321744 0.061861
20570 10.2850 -1.324042 0.059262
20580 10.2900 -1.326315 0.056745
20590 10.2950 -1.328784 0.054074
20600 10.3000 -1.331297 0.051422
20610 10.3050 -1.333775 0.048871
20620 10.3100 -1.336138 0.046499
20630 10.3150 -1.338523 0.044164
20640 10.3200 -1.340710 0.042077
20650 10.3250 -1.342781 0.040147
20660 10.3300 -1.344839 0.038272
20670 10.3350 -1.346656 0.036655
20680 10.3400 -1.348315 0.035210
20690 10.3450 -1.350104 0.033682
20700 10.3500 -1.351869 0.032209
20710 10.3550 -1.353721 0.030699
20720 10.3600 -1.355692 0.029130
20730 10.3650 -1.357671 0.027597
20740 10.3700 -1.359876 0.025939
20750 10.3750 -1.362119 0.024303
20760 10.3800 -1.364280 0.022778
20770 10.3850 -1.366311 0.021390
20780 10.3900 -1.368163 0.020162
20790 10.3950 -1.369996 0.018982
20800 10.4000 -1.371751 0.017885
20810 10.4050 -1.373682 0.016717
20820 10.4100 -1.375501 0.015652
20830 10.4150 -1.377315 0.014625
20840 10.4200 -1.378966 0.013721
20850 10.4250 -1.380639 0.012834
20860 10.4300 -1.382207 0.012029
20870 10.4350 -1.383573 0.011349
20880 10.4400 -1.384881 0.010717
20890 10.4450 -1.386089 0.010149
20900 10.4500 -1.387171 0.009653
20910 10.4550 -1.388346 0.009129
20920 10.4600 -1.389553 0.008605
20930 10.4650 -1.390758 0.008098
20940 10.4700 -1.391853 0.007651
20950 10.4750 -1.392836 0.007260
20960 10.4800 -1.393609 0.006960
20970 10.4850 -1.394284 0.006703
20980 10.4900 -1.394714 0.006542
20990 10.4950 -1.395104 0.006398
21000 10.5000 -1.395599 0.006217
21010 10.5050 -1.395998 0.005783
21020 10.5100 -1.396363 0.005656
21030 10.5150 -1.396586 0.005579
21040 10.5200 -1.396673 0.005549
21050 10.5250 -1.396784 0.005511
21060 10.5300 -1.396753 0.005521
21070 10.5350 -1.396817 0.005499
21080 10.5400 -1.396798 0.005506
21090 10.5450 -1.396522 0.005601
21100 10.5500 -1.396015 0.005777
21110 10.5550 -1.395275 0.006038
21120 10.5600 -1.394433 0.006344
21130 10.5650 -1.393648 0.006635
21140 10.5700 -1.392866 0.006931
21150 10.5750 -1.391890 0.007311
21160 10.5800 -1.390754 0.007764
21170 10.5850 -1.389457 0.008300
21180 10.5900 -1.388138 0.008862
21190 10.5950 -1.386887 0.009412
21200 10.6000 -1.385549 0.010020
21210 10.6050 -1.384120 0.010689
21220 10.6100 -1.382421 0.011513
21230 10.6150 -1.380620 0.012419
21240 10.6200 -1.378552 0.013503
21250 10.6250 -1.376493 0.014627
21260 10.6300 -1.374559 0.015723
21270 10.6350 -1.372439 0.016970
21280 10.6400 -1.370096 0.018404
21290 10.6450 -1.367648 0.019963
21300 10.6500 -1.365107 0.021649
21310 10.6550 -1.362732 0.023287
21320 10.6600 -1.360306 0.025022
21330 10.6650 -1.357891 0.026810
21340 10.6700 -1.355392 0.028726
21350 10.6750 -1.352673 0.030885
21360 10.6800 -1.349888 0.033177
21370 10.6850 -1.346888 0.035738
21380 10.6900 -1.344034 0.038263
21390 10.6950 -1.341239 0.040818
21400 10.7000 -1.338419 0.043480
21410 10.7050 -1.335777 0.046050
21420 10.7100 -1.333295 0.048532
21430 10.7150 -1.330822 0.051069
21440 10.7200 -1.328426 0.053588
21450 10.7250 -1.325984 0.056219
21460 10.7300 -1.323496 0.058963
21470 10.7350 -1.321027 0.061751
21480 10.7400 -1.318817 0.064301
21490 10.7450 -1.316724 0.066763
21500 10.7500 -1.314627 0.069277
21510 10.7550 -1.312483 0.068573
21520 10.7600 -1.310246 0.071283
21530 10.7650 -1.307710 0.074417
21540 10.7700 -1.305248 0.077524
21550 10.7750 -1.302835 0.080631
21560 10.7800 -1.300381 0.083854
21570 10.7850 -1.298017 0.087017
21580 10.7900 -1.295853 0.089964
21590 10.7950 -1.294063 0.092439
21600 10.8000 -1.292693 0.094355
21610 10.8050 -1.291389 0.096197
21620 10.8100 -1.290130 0.097994
21630 10.8150 -1.288734 0.100004
21640 10.8200 -1.287467 0.101846
21650 10.8250 -1.286607 0.103106
21660 10.8300 -1.285947 0.104078
21670 10.8350 -1.285423 0.104853
21680 10.8400 -1.285018 0.105455
21690 10.8450 -1.284857 0.105695
21700 10.8500 -1.284872 0.105673
21710 10.8550 -1.284918 0.105604
21720 10.8600 -1.284961 0.105540
21730 10.8650 -1.285033 0.105433
21740 10.8700 -1.285322 0.105004
21750 10.8750 -1.285652 0.104515
21760 10.8800 -1.286078 0.103885
21770 10.8850 -1.286593 0.103127
21780 10.8900 -1.286974 0.102568
21790 10.8950 -1.287227 0.102198
21800 10.9000 -1.287586 0.101673
21810 10.9050 -1.287939 0.101158
21820 10.9100 -1.288197 0.100782
21830 10.9150 -1.288146 0.100858
21840 10.9200 -1.288215 0.100757
21850 10.9250 -1.288443 0.100425
21860 10.9300 -1.288590 0.100212
21870 10.9350 -1.288824 0.099874
21880 10.9400 -1.289270 0.099229
21890 10.9450 -1.289850 0.098396
21900 10.9500 -1.290625 0.097286
21910 10.9550 -1.291442 0.096123
21920 10.9600 -1.292294 0.094917
21930 10.9650 -1.293250 0.093573
21940 10.9700 -1.294338 0.092057
21950 10.9750 -1.295582 0.090337
21960 10.9800 -1.297075 0.088294
21970 10.9850 -1.298557 0.086289
21980 10.9900 -1.299860 0.084546
21990 10.9950 -1.301247 0.082709
22000 11.0000 -1.302813 0.080660
22010 11.0050 -1.304425 0.074904
22020 11.0100 -1.306175 0.072735
22030 11.0150 -1.308018 0.070485
22040 11.0200 -1.310054 0.068040
22050 11.0250 -1.312092 0.065637
22060 11.0300 -1.314075 0.063339
22070 11.0350 -1.315975 0.061176
22080 11.0400 -1.317436 0.059538
22090 11.0450 -1.318700 0.058139
22100 11.0500 -1.319833 0.056899
22110 11.0550 -1.320912 0.055731
22120 11.0600 -1.322159 0.054395
22130 11.0650 -1.323482 0.052996
22140 11.0700 -1.324548 0.051881
22150 11.0750 -1.325617 0.050776
22160 11.0800 -1.326694 0.049674
22170 11.0850 -1.327746 0.048610
22180 11.0900 -1.328931 0.047424
22190 11.0950 -1.330468 0.045908
22200 11.1000 -1.331972 0.044449
22210 11.1050 -1.333307 0.043173
22220 11.1100 -1.334649 0.041909
22230 11.1150 -1.335841 0.040803
22240 11.1200 -1.336808 0.039916
22250 11.1250 -1.337535 0.039255
22260 11.1300 -1.338253 0.038609
22270 11.1350 -1.338803 0.038116
22280 11.1400 -1.339250 0.037719
22290 11.1450 -1.339737 0.037289
22300 11.1500 -1.340165 0.036912
22310 11.1550 -1.340519 0.036602
22320 11.1600 -1.340677 0.036464
22330 11.1650 -1.340667 0.036473
22340 11.1700 -1.340541 0.036583
22350 11.1750 -1.340065 0.037000
22360 11.1800 -1.339550 0.037454
22370 11.1850 -1.338985 0.037954
22380 11.1900 -1.338279 0.038585
22390 11.1950 -1.337380 0.039396
22400 11.2000 -1.336254 0.040423
22410 11.2050 -1.335108 0.041482
22420 11.2100 -1.333809 0.042698
22430 11.2150 -1.332502 0.043941
22440 11.2200 -1.331376 0.045025
22450 11.2250 -1.330393 0.045982
22460 11.2300 -1.329136 0.047220
22470 11.2350 -1.327792 0.048564
22480 11.2400 -1.326413 0.049960
22490 11.2450 -1.324894 0.051522
22500 11.2500 -1.323498 0.052979
22510 11.2550 -1.322183 0.051918
22520 11.2600 -1.320935 0.053221
22530 11.2650 -1.319731 0.054494
22540 11.2700 -1.318711 0.055583
22550 11.2750 -1.318094 0.056248
22560 11.2800 -1.317719 0.056653
22570 11.2850 -1.317131 0.057293
22580 11.2900 -1.316546 0.057933
22590 11.2950 -1.316023 0.058507
22600 11.3000 -1.315664 0.058903
22610 11.3050 -1.315207 0.059409
22620 11.3100 -1.314670 0.060006
22630 11.3150 -1.314202 0.060530
22640 11.3200 -1.313810 0.060970
22650 11.3250 -1.313538 0.061276
22660 11.3300 -1.313239 0.061613
22670 11.3350 -1.312820 0.062088
22680 11.3400 -1.312288 0.062693
22690 11.3450 -1.311761 0.063295
22700 11.3500 -1.311080 0.064078
22710 11.3550 -1.310319 0.064957
22720 11.3600 -1.309590 0.065807
22730 11.3650 -1.308959 0.066545
22740 11.3700 -1.308420 0.067179
22750 11.3750 -1.308009 0.067666
22760 11.3800 -1.307490 0.068282
22770 11.3850 -1.306965 0.068908
22780 11.3900 -1.306650 0.069285
22790 11.3950 -1.306390 0.069597
22800 11.4000 -1.306054 0.070001
22810 11.4050 -1.305488 0.070683
22820 11.4100 -1.304780 0.071543
22830 11.4150 -1.304045 0.072442
22840 11.4200 -1.303457 0.073164
22850 11.4250 -1.302987 0.073743
22860 11.4300 -1.302617 0.074201
22870 11.4350 -1.302334 0.074553
22880 11.4400 -1.301988 0.074983
22890 11.4450 -1.301385 0.075737
22900 11.4500 -1.300554 0.076781
22910 11.4550 -1.299932 0.077567
22920 11.4600 -1.299215 0.078478
22930 11.4650 -1.298414 0.079504
22940 11.4700 -1.297644 0.080494
22950 11.4750 -1.296928 0.081422
22960 11.4800 -1.296305 0.082232
22970 11.4850 -1.295954 0.082691
22980 11.4900 -1.295556 0.083214
22990 11.4950 -1.295080 0.083839
23000 11.5000 -1.294613 0.084456
23010 11.5050 -1.294087 0.081363
23020 11.5100 -1.293644 0.081937
23030 11.5150 -1.293299 0.082386
23040 11.5200 -1.293013 0.082759
23050 11.5250 -1.292655 0.083225
23060 11.5300 -1.291980 0.084111
23070 11.5350 -1.291254 0.085068
23080 11.5400 -1.290480 0.086094
23090 11.5450 -1.289704 0.087130
23100 11.5500 -1.288869 0.088250
23110 11.5550 -1.288139 0.089235
23120 11.5600 -1.287478 0.090132
23130 11.5650 -1.286826 0.091022
23140 11.5700 -1.286196 0.091885
23150 11.5750 -1.285753 0.092494
23160 11.5800 -1.285434 0.092935
23170 11.5850 -1.285147 0.093332
23180 11.5900 -1.284816 0.093790
23190 11.5950 -1.284658 0.094010
23200 11.6000 -1.284579 0.094119
23210 11.6050 -1.284716 0.093929
23220 11.6100 -1.285079 0.093425
23230 11.6150 -1.285422 0.092951
23240 11.6200 -1.285779 0.092458
23250 11.6250 -1.286223 0.091847
23260 11.6300 -1.286815 0.091036
23270 11.6350 -1.287319 0.090349
23280 11.6400 -1.287711 0.089815
23290 11.6450 -1.288071 0.089327
23300 11.6500 -1.288541 0.088692
23310 11.6550 -1.288993 0.088082
23320 11.6600 -1.289319 0.087645
23330 11.6650 -1.289413 0.087519
23340 11.6700 -1.289392 0.087547
23350 11.6750 -1.289235 0.087757
23360 11.6800 -1.288900 0.088208
23370 11.6850 -1.288280 0.089044
23380 11.6900 -1.287640 0.089913
23390 11.6950 -1.286712 0.091178
23400 11.7000 -1.285673 0.092604
23410 11.7050 -1.284505 0.094222
23420 11.7100 -1.283030 0.096286
23430 11.7150 -1.281482 0.098474
23440 11.7200 -1.280039 0.100536
23450 11.7250 -1.278726 0.102431
23460 11.7300 -1.277278 0.104540
23470 11.7350 -1.275658 0.106927
23480 11.7400 -1.273954 0.109466
23490 11.7450 -1.272096 0.112267
23500 11.7500 -1.270331 0.114962
23510 11.7550 -1.268592 0.112428
23520 11.7600 -1.266543 0.115545
23530 11.7650 -1.264501 0.118692
23540 11.7700 -1.262334 0.122080
23550 11.7750 -1.260050 0.125700
23560 11.7800 -1.257646 0.129566
23570 11.7850 -1.255252 0.133475
23580 11.7900 -1.252932 0.137320
23590 11.7950 -1.250624 0.141196
23600 11.8000 -1.248391 0.144998
23610 11.8050 -1.246034 0.149066
23620 11.8100 -1.243779 0.153009
23630 11.8150 -1.241621 0.156831
23640 11.8200 -1.239534 0.160572
23650 11.8250 -1.237422 0.164403
23660 11.8300 -1.235461 0.167998
23670 11.8350 -1.233648 0.171357
23680 11.8400 -1.232050 0.174345
23690 11.8450 -1.230218 0.177804
23700 11.8500 -1.228343 0.181377
23710 11.8550 -1.226515 0.184894
23720 11.8600 -1.224880 0.188068
23730 11.8650 -1.223377 0.191011
23740 11.8700 -1.221901 0.193922
23750 11.8750 -1.220549 0.196607
23760 11.8800 -1.219534 0.198635
23770 11.8850 -1.218764 0.200181
23780 11.8900 -1.218099 0.201521
23790 11.8950 -1.217734 0.202258
23800 11.9000 -1.217459 0.202815
23810 11.9050 -1.217151 0.203438
23820 11.9100 -1.217109 0.203523
23830 11.9150 -1.217228 0.203281
23840 11.9200 -1.217489 0.202754
23850 11.9250 -1.217847 0.202030
23860 11.9300 -1.218389 0.200936
23870 11.9350 -1.219098 0.199511
23880 11.9400 -1.219974 0.197755
23890 11.9450 -1.221001 0.195707
23900 11.9500 -1.222189 0.193353
23910 11.9550 -1.223499 0.190771
23920 11.9600 -1.224990 0.187854
23930 11.9650 -1.226455 0.185011
23940 11.9700 -1.227996 0.182041
23950 11.9750 -1.229820 0.178558
23960 11.9800 -1.231723 0.174960
23970 11.9850 -1.233741 0.171185
23980 11.9900 -1.235806 0.167364
23990 11.9950 -1.238037 0.163282
24000 12.0000 -1.240319 0.159160
24010 12.0050 -1.242552 0.148324
24020 12.0100 -1.244450 0.145079
24030 12.0150 -1.246146 0.142210
24040 12.0200 -1.247833 0.139383
24050 12.0250 -1.249436 0.136725
24060 12.0300 -1.250746 0.134571
24070 12.0350 -1.251755 0.132923
24080 12.0400 -1.252563 0.131609
24090 12.0450 -1.253100 0.130742
24100 12.0500 -1.253504 0.130090
24110 12.0550 -1.253942 0.129385
24120 12.0600 -1.254509 0.128476
24130 12.0650 -1.254993 0.127702
24140 12.0700 -1.255344 0.127143
24150 12.0750 -1.255579 0.126768
24160 12.0800 -1.255813 0.126397
24170 12.0850 -1.255903 0.126253
24180 12.0900 -1.255899 0.126260
24190 12.0950 -1.255857 0.126326
24200 12.1000 -1.255644 0.126664
24210 12.1050 -1.255392 0.127066
24220 12.1100 -1.254864 0.127908
24230 12.1150 -1.254268 0.128862
24240 12.1200 -1.253403 0.130252
24250 12.1250 -1.252567 0.131604
24260 12.1300 -1.251671 0.133059
24270 12.1350 -1.250921 0.134284
24280 12.1400 -1.250119 0.135599
24290 12.1450 -1.249320 0.136917
24300 12.1500 -1.248467 0.138329
24310 12.1550 -1.247395 0.140114
24320 12.1600 -1.246365 0.141842
24330 12.1650 -1.245596 0.143137
24340 12.1700 -1.244723 0.144617
24350 12.1750 -1.243920 0.145982
24360 12.1800 -1.243175 0.147255
24370 12.1850 -1.242490 0.148430
24380 12.1900 -1.241839 0.149552
24390 12.1950 -1.241279 0.150520
24400 12.2000 -1.240630 0.151646
24410 12.2050 -1.240034 0.152684
24420 12.2100 -1.239295 0.153976
24430 12.2150 -1.238819 0.154810
24440 12.2200 -1.238461 0.155440
24450 12.2250 -1.238298 0.155726
24460 12.2300 -1.238165 0.155961
24470 12.2350 -1.238243 0.155823
24480 12.2400 -1.238785 0.154870
24490 12.2450 -1.239702 0.153264
24500 12.2500 -1.240853 0.151259
24510 12.2550 -1.242155 0.142447
24520 12.2600 -1.243626 0.139998
24530 12.2650 -1.245114 0.137541
24540 12.2700 -1.246812 0.134764
24550 12.2750 -1.248701 0.131707
24560 12.2800 -1.250792 0.128364
24570 12.2850 -1.252902 0.125033
24580 12.2900 -1.255059 0.121674
24590 12.2950 -1.257283 0.118256
24600 12.3000 -1.259445 0.114980
24610 12.3050 -1.261779 0.111496
24620 12.3100 -1.264067 0.108131
24630 12.3150 -1.266449 0.104682
24640 12.3200 -1.268742 0.101414
24650 12.3250 -1.270982 0.098272
24660 12.3300 -1.272967 0.095528
24670 12.3350 -1.274785 0.093048
24680 12.3400 -1.276407 0.090863
24690 12.3450 -1.277825 0.088975
24700 12.3500 -1.279053 0.087354
24710 12.3550 -1.280155 0.085913
24720 12.3600 -1.280993 0.084825
24730 12.3650 -1.281861 0.083705
24740 12.3700 -1.282981 0.082272
24750 12.3750 -1.283978 0.081006
24760 12.3800 -1.284712 0.080080
24770 12.3850 -1.285242 0.079415
24780 12.3900 -1.285480 0.079117
24790 12.3950 -1.285651 0.078903
24800 12.4000 -1.285768 0.078757
24810 12.4050 -1.285997 0.078471
24820 12.4100 -1.285978 0.078495
24830 12.4150 -1.285822 0.078690
24840 12.4200 -1.285613 0.078951
24850 12.4250 -1.285337 0.079295
24860 12.4300 -1.285046 0.079661
24870 12.4350 -1.284692 0.080105
24880 12.4400 -1.284511 0.080333
24890 12.4450 -1.284387 0.080490
24900 12.4500 -1.284300 0.080599
24910 12.4550 -1.284222 0.080698
24920 12.4600 -1.284198 0.080728
24930 12.4650 -1.283975 0.081010
24940 12.4700 -1.283494 0.081619
24950 12.4750 -1.282794 0.082511
24960 12.4800 -1.282039 0.083476
24970 12.4850 -1.281251 0.084492
24980 12.4900 -1.280571 0.085372
24990 12.4950 -1.279856 0.086303
25000 12.5000 -1.279027 0.087388
25010 12.5050 -1.278046 0.084821
25020 12.5100 -1.277176 0.085947
25030 12.5150 -1.276373 0.086993
25040 12.5200 -1.275610 0.087992
25050 12.5250 -1.274948 0.088865
25060 12.5300 -1.274336 0.089674
25070 12.5350 -1.273933 0.090210
25080 12.5400 -1.273582 0.090677
25090 12.5450 -1.273200 0.091187
25100 12.5500 -1.272882 0.091614
25110 12.5550 -1.272500 0.092126
25120 12.5600 -1.272073 0.092701
25130 12.5650 -1.271718 0.093179
25140 12.5700 -1.271410 0.093596
25150 12.5750 -1.271095 0.094024
25160 12.5800 -1.270845 0.094363
25170 12.5850 -1.270676 0.094593
25180 12.5900 -1.270444 0.094910
25190 12.5950 -1.270422 0.094940
25200 12.6000 -1.270632 0.094654
25210 12.6050 -1.270805 0.094418
25220 12.6100 -1.270880 0.094317
25230 12.6150 -1.271096 0.094023
25240 12.6200 -1.271341 0.093690
25250 12.6250 -1.271522 0.093445
25260 12.6300 -1.271549 0.093409
25270 12.6350 -1.271735 0.093157
25280 12.6400 -1.271858 0.092991
25290 12.6450 -1.271866 0.092979
25300 12.6500 -1.271639 0.093287
25310 12.6550 -1.271462 0.093527
25320 12.6600 -1.271296 0.093751
25330 12.6650 -1.271226 0.093846
25340 12.6700 -1.271124 0.093985
25350 12.6750 -1.270975 0.094187
25360 12.6800 -1.270868 0.094332
25370 12.6850 -1.270823 0.094393
25380 12.6900 -1.270904 0.094283
25390 12.6950 -1.270894 0.094297
25400 12.7000 -1.270746 0.094498
25410 12.7050 -1.270532 0.094790
25420 12.7100 -1.270335 0.095058
25430 12.7150 -1.270234 0.095197
25440 12.7200 -1.270088 0.095396
25450 12.7250 -1.270031 0.095474
25460 12.7300 -1.269855 0.095715
25470 12.7350 -1.269759 0.095847
25480 12.7400 -1.269537 0.096150
25490 12.7450 -1.269407 0.096330
25500 12.7500 -1.269446 0.096275
25510 12.7550 -1.269640 0.091794
25520 12.7600 -1.269742 0.091658
25530 12.7650 -1.269858 0.091503
25540 12.7700 -1.269818 0.091556
25550 12.7750 -1.269926 0.091412
25560 12.7800 -1.269894 0.091455
25570 12.7850 -1.269742 0.091658
25580 12.7900 -1.269676 0.091745
25590 12.7950 -1.269698 0.091716
25600 12.8000 -1.269665 0.091761
25610 12.8050 -1.269489 0.091996
25620 12.8100 -1.269070 0.092558
25630 12.8150 -1.268685 0.093075
25640 12.8200 -1.268332 0.093551
25650 12.8250 -1.267845 0.094210
25660 12.8300 -1.267014 0.095339
25670 12.8350 -1.266084 0.096610
25680 12.8400 -1.264936 0.098192
25690 12.8450 -1.263991 0.099503
25700 12.8500 -1.263250 0.100537
25710 12.8550 -1.262515 0.101567
25720 12.8600 -1.261707 0.102707
25730 12.8650 -1.260728 0.104095
25740 12.8700 -1.259794 0.105428
25750 12.8750 -1.259081 0.106451
25760 12.8800 -1.258346 0.107513
25770 12.8850 -1.257602 0.108590
25780 12.8900 -1.256710 0.109891
25790 12.8950 -1.255641 0.111459
25800 12.9000 -1.254445 0.113225
25810 12.9050 -1.253282 0.114957
25820 12.9100 -1.252120 0.116701
25830 12.9150 -1.250983 0.118420
25840 12.9200 -1.249804 0.120213
25850 12.9250 -1.248712 0.121888
25860 12.9300 -1.247813 0.123276
25870 12.9350 -1.246785 0.124870
25880 12.9400 -1.245713 0.126545
25890 12.9450 -1.244585 0.128320
25900 12.9500 -1.243515 0.130013
25910 12.9550 -1.242447 0.131715
25920 12.9600 -1.241346 0.133481
25930 12.9650 -1.240055 0.135565
25940 12.9700 -1.238557 0.138006
25950 12.9750 -1.236837 0.140832
25960 12.9800 -1.235048 0.143803
25970 12.9850 -1.233242 0.146834
25980 12.9900 -1.231259 0.150196
25990 12.9950 -1.229295 0.153564
26000 13.0000 -1.227266 0.157083
26010 13.0050 -1.225054 0.154141
26020 13.0100 -1.222882 0.157889
26030 13.0150 -1.220499 0.162052
26040 13.0200 -1.218201 0.166117
26050 13.0250 -1.215931 0.170181
26060 13.0300 -1.213695 0.174231
26070 13.0350 -1.211400 0.178438
26080 13.0400 -1.209034 0.182826
26090 13.0450 -1.206694 0.187216
26100 13.0500 -1.204386 0.191597
26110 13.0550 -1.202148 0.195894
26120 13.0600 -1.200042 0.199978
26130 13.0650 -1.198101 0.203782
26140 13.0700 -1.196313 0.207314
26150 13.0750 -1.194692 0.210544
26160 13.0800 -1.193232 0.213472
26170 13.0850 -1.192086 0.215786
26180 13.0900 -1.191155 0.217675
26190 13.0950 -1.190587 0.218831
26200 13.1000 -1.190441 0.219129
26210 13.1050 -1.190592 0.218822
26220 13.1100 -1.190835 0.218327
26230 13.1150 -1.191213 0.217558
26240 13.1200 -1.191748 0.216472
26250 13.1250 -1.192565 0.214818
26260 13.1300 -1.193628 0.212676
26270 13.1350 -1.194967 0.209993
26280 13.1400 -1.196675 0.206596
26290 13.1450 -1.198487 0.203022
26300 13.1500 -1.200340 0.199399
26310 13.1550 -1.202341 0.195520
26320 13.1600 -1.204384 0.191601
26330 13.1650 -1.206487 0.187607
26340 13.1700 -1.208644 0.183553
26350 13.1750 -1.210983 0.179207
26360 13.1800 -1.213519 0.174553
26370 13.1850 -1.216174 0.169744
26380 13.1900 -1.219057 0.164598
26390 13.1950 -1.221973 0.159471
26400 13.2000 -1.224996 0.154241
26410 13.2050 -1.228231 0.148740
26420 13.2100 -1.231544 0.143207
26430 13.2150 -1.234768 0.137923
26440 13.2200 -1.237908 0.132871
26450 13.2250 -1.240947 0.128070
26460 13.2300 -1.244097 0.123184
26470 13.2350 -1.247301 0.118311
26480 13.2400 -1.250524 0.113507
26490 13.2450 -1.253567 0.109062
26500 13.2500 -1.256427 0.104963
26510 13.2550 -1.259295 0.096839
26520 13.2600 -1.262083 0.093092
26530 13.2650 -1.265050 0.089184
26540 13.2700 -1.267797 0.085639
26550 13.2750 -1.270517 0.082199
26560 13.2800 -1.273397 0.078633
26570 13.2850 -1.276484 0.074897
26580 13.2900 -1.279938 0.070824
26590 13.2950 -1.283446 0.066803
26600 13.3000 -1.286870 0.062988
26610 13.3050 -1.290089 0.059505
26620 13.3100 -1.293282 0.056145
26630 13.3150 -1.296528 0.052830
26640 13.3200 -1.299567 0.049815
26650 13.3250 -1.302695 0.046804
26660 13.3300 -1.305968 0.043753
26670 13.3350 -1.309165 0.040872
26680 13.3400 -1.312112 0.038301
26690 13.3450 -1.314993 0.035867
26700 13.3500 -1.317579 0.033751
26710 13.3550 -1.319781 0.031998
26720 13.3600 -1.322004 0.030276
26730 13.3650 -1.324096 0.028698
26740 13.3700 -1.325794 0.027448
26750 13.3750 -1.327096 0.026508
26760 13.3800 -1.328224 0.025707
26770 13.3850 -1.329061 0.025120
26780 13.3900 -1.329497 0.024817
26790 13.3950 -1.329601 0.024745
26800 13.4000 -1.329315 0.024943
26810 13.4050 -1.328877 0.025249
26820 13.4100 -1.328203 0.025722
26830 13.4150 -1.327412 0.026283
26840 13.4200 -1.326556 0.026896
26850 13.4250 -1.325658 0.027547
26860 13.4300 -1.324702 0.028249
26870 13.4350 -1.323695 0.028997
26880 13.4400 -1.322740 0.029716
26890 13.4450 -1.321590 0.030593
26900 13.4500 -1.320462 0.031465
26910 13.4550 -1.319115 0.032523
26920 13.4600 -1.317622 0.033716
26930 13.4650 -1.315870 0.035142
26940 13.4700 -1.313704 0.036946
26950 13.4750 -1.311434 0.038885
26960 13.4800 -1.308927 0.041082
26970 13.4850 -1.306338 0.043415
26980 13.4900 -1.303765 0.045796
26990 13.4950 -1.301197 0.048235
27000 13.5000 -1.298664 0.050702
27010 13.5050 -1.295854 0.051463
27020 13.5100 -1.292950 0.054381
27030 13.5150 -1.290023 0.057404
27040 13.5200 -1.287031 0.060576
27050 13.5250 -1.284096 0.063770
27060 13.5300 -1.281115 0.067098
27070 13.5350 -1.278043 0.070615
27080 13.5400 -1.274978 0.074213
27090 13.5450 -1.271797 0.078041
27100 13.5500 -1.268731 0.081820
27110 13.5550 -1.265796 0.085520
27120 13.5600 -1.262920 0.089225
27130 13.5650 -1.259803 0.093327
27140 13.5700 -1.256430 0.097869
27150 13.5750 -1.253269 0.102223
27160 13.5800 -1.250077 0.106716
27170 13.5850 -1.246810 0.111411
27180 13.5900 -1.243522 0.116238
27190 13.5950 -1.240283 0.121092
27200 13.6000 -1.237001 0.126111
27210 13.6050 -1.233969 0.130837
27220 13.6100 -1.230980 0.135580
27230 13.6150 -1.228167 0.140119
27240 13.6200 -1.225430 0.144608
27250 13.6250 -1.222678 0.149191
27260 13.6300 -1.219888 0.153909
27270 13.6350 -1.217232 0.158469
27280 13.6400 -1.214810 0.162683
27290 13.6450 -1.212444 0.166855
27300 13.6500 -1.210245 0.170777
27310 13.6550 -1.208268 0.174342
27320 13.6600 -1.206461 0.177632
27330 13.6650 -1.204729 0.180815
27340 13.6700 -1.203099 0.183836
27350 13.6750 -1.201567 0.186697
27360 13.6800 -1.199837 0.189954
27370 13.6850 -1.198401 0.192679
27380 13.6900 -1.197306 0.194770
27390 13.6950 -1.196515 0.196286
27400 13.7000 -1.195660 0.197933
27410 13.7050 -1.194856 0.199488
27420 13.7100 -1.194088 0.200978
27430 13.7150 -1.193577 0.201974
27440 13.7200 -1.193289 0.202535
27450 13.7250 -1.193250 0.202611
27460 13.7300 -1.193230 0.202650
27470 13.7350 -1.193324 0.202467
27480 13.7400 -1.193650 0.201831
27490 13.7450 -1.194032 0.201087
27500 13.7500 -1.194428 0.200318
27510 13.7550 -1.194898 0.191289
27520 13.7600 -1.195569 0.190031
27530 13.7650 -1.196701 0.187915
27540 13.7700 -1.198158 0.185212
27550 13.7750 -1.199641 0.182477
27560 13.7800 -1.201298 0.179449
27570 13.7850 -1.202956 0.176441
27580 13.7900 -1.204616 0.173456
27590 13.7950 -1.206280 0.170487
27600 13.8000 -1.208150 0.167183
27610 13.8050 -1.210225 0.163553
27620 13.8100 -1.212499 0.159620
27630 13.8150 -1.214849 0.155606
27640 13.8200 -1.217493 0.151149
27650 13.8250 -1.220380 0.146356
27660 13.8300 -1.223444 0.141353
27670 13.8350 -1.226550 0.136368
27680 13.8400 -1.229768 0.131296
27690 13.8450 -1.232923 0.126416
27700 13.8500 -1.236135 0.121542
27710 13.8550 -1.239346 0.116764
27720 13.8600 -1.242508 0.112151
27730 13.8650 -1.245609 0.107716
27740 13.8700 -1.248667 0.103429
27750 13.8750 -1.251636 0.099348
27760 13.8800 -1.254522 0.095461
27770 13.8850 -1.257205 0.091915
27780 13.8900 -1.260019 0.088267
27790 13.8950 -1.262828 0.084699
27800 13.9000 -1.265542 0.081319
27810 13.9050 -1.268312 0.077942
27820 13.9100 -1.270940 0.074802
27830 13.9150 -1.273473 0.071836
27840 13.9200 -1.276096 0.068828
27850 13.9250 -1.278543 0.066079
27860 13.9300 -1.280830 0.063560
27870 13.9350 -1.282937 0.061282
27880 13.9400 -1.284935 0.059159
27890 13.9450 -1.286865 0.057145
27900 13.9500 -1.288916 0.055042
27910 13.9550 -1.290785 0.053158
27920 13.9600 -1.292543 0.051418
27930 13.9650 -1.294005 0.049991
27940 13.9700 -1.295179 0.048861
27950 13.9750 -1.296073 0.048008
27960 13.9800 -1.296638 0.047473
27970 13.9850 -1.297043 0.047091
27980 13.9900 -1.297050 0.047085
27990 13.9950 -1.296760 0.047358
28000 14.0000 -1.296248 0.047842
28010 14.0050 -1.295516 0.046609
28020 14.0100 -1.294862 0.047222
28030 14.0150 -1.294374 0.047683
28040 14.0200 -1.293910 0.048123
28050 14.0250 -1.293536 0.048478
28060 14.0300 -1.293121 0.048875
28070 14.0350 -1.292546 0.049427
28080 14.0400 -1.291830 0.050118
28090 14.0450 -1.290974 0.050951
28100 14.0500 -1.290301 0.051611
28110 14.0550 -1.289636 0.052266
28120 14.0600 -1.288996 0.052901
28130 14.0650 -1.288129 0.053769
28140 14.0700 -1.287138 0.054767
28150 14.0750 -1.286300 0.055619
28160 14.0800 -1.285379 0.056563
28170 14.0850 -1.284414 0.057560
28180 14.0900 -1.283087 0.058946
28190 14.0950 -1.281636 0.060479
28200 14.1000 -1.280182 0.062035
28210 14.1050 -1.278721 0.063619
28220 14.1100 -1.277185 0.065304
28230 14.1150 -1.275449 0.067237
28240 14.1200 -1.273866 0.069022
28250 14.1250 -1.272316 0.070794
28260 14.1300 -1.270858 0.072480
28270 14.1350 -1.269360 0.074233
28280 14.1400 -1.267790 0.076093
28290 14.1450 -1.266376 0.077788
28300 14.1500 -1.264933 0.079535
28310 14.1550 -1.263318 0.081515
28320 14.1600 -1.261631 0.083608
28330 14.1650 -1.259894 0.085790
28340 14.1700 -1.258212 0.087930
28350 14.1750 -1.256515 0.090116
28360 14.1800 -1.254588 0.092629
28370 14.1850 -1.252965 0.094773
28380 14.1900 -1.251328 0.096961
28390 14.1950 -1.249864 0.098937
28400 14.2000 -1.248452 0.100862
28410 14.2050 -1.247074 0.102759
28420 14.2100 -1.245777 0.104559
28430 14.2150 -1.244567 0.106254
28440 14.2200 -1.243370 0.107944
28450 14.2250 -1.242232 0.109561
28460 14.2300 -1.241181 0.111066
28470 14.2350 -1.240151 0.112551
28480 14.2400 -1.239221 0.113899
28490 14.2450 -1.238577 0.114839
28500 14.2500 -1.237835 0.115925
28510 14.2550 -1.237289 0.112074
28520 14.2600 -1.237075 0.112381
28530 14.2650 -1.236850 0.112705
28540 14.2700 -1.236650 0.112994
28550 14.2750 -1.236450 0.113283
28560 14.2800 -1.236242 0.113582
28570 14.2850 -1.236140 0.113731
28580 14.2900 -1.236373 0.113393
28590 14.2950 -1.236913 0.112615
28600 14.3000 -1.237570 0.111669
28610 14.3050 -1.238271 0.110666
28620 14.3100 -1.239085 0.109506
28630 14.3150 -1.240132 0.108023
28640 14.3200 -1.241108 0.106651
28650 14.3250 -1.242386 0.104865
28660 14.3300 -1.243706 0.103037
28670 14.3350 -1.244958 0.101317
28680 14.3400 -1.246290 0.099504
28690 14.3450 -1.247706 0.097594
28700 14.3500 -1.249224 0.095567
28710 14.3550 -1.250800 0.093485
28720 14.3600 -1.252491 0.091276
28730 14.3650 -1.254168 0.089111
28740 14.3700 -1.255620 0.087257
28750 14.3750 -1.256827 0.085731
28760 14.3800 -1.257962 0.084307
28770 14.3850 -1.259312 0.082630
28780 14.3900 -1.260661 0.080970
28790 14.3950 -1.261895 0.079467
28800 14.4000 -1.263060 0.078060
28810 14.4050 -1.263981 0.076957
28820 14.4100 -1.265012 0.075731
28830 14.4150 -1.265872 0.074717
28840 14.4200 -1.266684 0.073765
28850 14.4250 -1.267413 0.072915
28860 14.4300 -1.268051 0.072175
28870 14.4350 -1.268635 0.071501
28880 14.4400 -1.269320 0.070716
28890 14.4450 -1.270048 0.069885
28900 14.4500 -1.270797 0.069035
28910 14.4550 -1.271723 0.067991
28920 14.4600 -1.272562 0.067053
28930 14.4650 -1.273372 0.066152
28940 14.4700 -1.274092 0.065357
28950 14.4750 -1.274805 0.064575
28960 14.4800 -1.275633 0.063672
28970 14.4850 -1.276451 0.062785
28980 14.4900 -1.277164 0.062018
28990 14.4950 -1.278051 0.061071
29000 14.5000 -1.278923 0.060146
29010 14.5050 -1.279531 0.057081
29020 14.5100 -1.280032 0.056566
29030 14.5150 -1.280574 0.056013
29040 14.5200 -1.281065 0.055513
29050 14.5250 -1.281433 0.055141
29060 14.5300 -1.281632 0.054939
29070 14.5350 -1.281762 0.054808
29080 14.5400 -1.281795 0.054775
29090 14.5450 -1.281845 0.054724
29100 14.5500 -1.281894 0.054675
29110 14.5550 -1.281713 0.054858
29120 14.5600 -1.281428 0.055146
29130 14.5650 -1.281266 0.055309
29140 14.5700 -1.281153 0.055424
29150 14.5750 -1.280859 0.055723
29160 14.5800 -1.280354 0.056237
29170 14.5850 -1.279748 0.056858
29180 14.5900 -1.278982 0.057647
29190 14.5950 -1.278003 0.058664
29200 14.6000 -1.276882 0.059838
29210 14.6050 -1.275538 0.061263
29220 14.6100 -1.273988 0.062925
29230 14.6150 -1.272532 0.064507
29240 14.6200 -1.271176 0.065998
29250 14.6250 -1.269885 0.067433
29260 14.6300 -1.268740 0.068718
29270 14.6350 -1.267591 0.070020
29280 14.6400 -1.266445 0.071330
29290 14.6450 -1.265386 0.072553
29300 14.6500 -1.264133 0.074012
29310 14.6550 -1.262923 0.075433
29320 14.6600 -1.261582 0.077026
29330 14.6650 -1.260312 0.078548
29340 14.6700 -1.259038 0.080091
29350 14.6750 -1.257785 0.081623
29360 14.6800 -1.256628 0.083049
29370 14.6850 -1.255567 0.084368
29380 14.6900 -1.254595 0.085586
29390 14.6950 -1.253756 0.086645
29400 14.7000 -1.252964 0.087649
29410 14.7050 -1.252133 0.088709
29420 14.7100 -1.251250 0.089843
29430 14.7150 -1.250443 0.090885
29440 14.7200 -1.249746 0.091790
29450 14.7250 -1.249263 0.092420
29460 14.7300 -1.248964 0.092811
29470 14.7350 -1.248986 0.092781
29480 14.7400 -1.249006 0.092755
29490 14.7450 -1.249286 0.092390
29500 14.7500 -1.249715 0.091830
29510 14.7550 -1.250174 0.087557
29520 14.7600 -1.250757 0.086819
29530 14.7650 -1.251564 0.085802
29540 14.7700 -1.252356 0.084811
29550 14.7750 -1.253255 0.083691
29560 14.7800 -1.254165 0.082566
29570 14.7850 -1.254977 0.081568
29580 14.7900 -1.255820 0.080539
29590 14.7950 -1.256723 0.079442
29600 14.8000 -1.257579 0.078411
29610 14.8050 -1.258458 0.077358
29620 14.8100 -1.259188 0.076490
29630 14.8150 -1.259956 0.075580
29640 14.8200 -1.260721 0.074680
29650 14.8250 -1.261580 0.073676
29660 14.8300 -1.262353 0.072778
29670 14.8350 -1.263068 0.071953
29680 14.8400 -1.263936 0.070956
29690 14.8450 -1.264916 0.069840
29700 14.8500 -1.265893 0.068735
29710 14.8550 -1.266960 0.067539
29720 14.8600 -1.268279 0.066075
29730 14.8650 -1.269786 0.064421
29740 14.8700 -1.271355 0.062722
29750 14.8750 -1.272927 0.061041
29760 14.8800 -1.274381 0.059507
29770 14.8850 -1.275851 0.057976
29780 14.8900 -1.277076 0.056714
29790 14.8950 -1.278110 0.055661
29800 14.9000 -1.279176 0.054584
29810 14.9050 -1.280092 0.053668
29820 14.9100 -1.280846 0.052919
29830 14.9150 -1.281470 0.052304
29840 14.9200 -1.281941 0.051842
29850 14.9250 -1.282325 0.051465
29860 14.9300 -1.282591 0.051207
29870 14.9350 -1.282959 0.050849
29880 14.9400 -1.283389 0.050433
29890 14.9450 -1.283766 0.050069
29900 14.9500 -1.284245 0.049608
29910 14.9550 -1.284633 0.049237
29920 14.9600 -1.285080 0.048812
29930 14.9650 -1.285691 0.048232
29940 14.9700 -1.286278 0.047679
29950 14.9750 -1.286954 0.047046
29960 14.9800 -1.287661 0.046388
29970 14.9850 -1.288298 0.045799
29980 14.9900 -1.288833 0.045307
29990 14.9950 -1.289524 0.044677
30000 15.0000 -1.290245 0.044022
30010 15.0050 -1.290911 0.041598
30020 15.0100 -1.291325 0.041235
30030 15.0150 -1.291631 0.040968
30040 15.0200 -1.291771 0.040845
30050 15.0250 -1.291706 0.040902
30060 15.0300 -1.291714 0.040895
30070 15.0350 -1.291698 0.040909
30080 15.0400 -1.291544 0.041044
30090 15.0450 -1.291168 0.041373
30100 15.0500 -1.290880 0.041626
30110 15.0550 -1.290425 0.042028
30120 15.0600 -1.289833 0.042552
30130 15.0650 -1.288927 0.043362
30140 15.0700 -1.287830 0.044353
30150 15.0750 -1.286699 0.045386
30160 15.0800 -1.285542 0.046455
30170 15.0850 -1.284373 0.047547
30180 15.0900 -1.282964 0.048880
30190 15.0950 -1.281708 0.050083
30200 15.1000 -1.280506 0.051248
30210 15.1050 -1.279085 0.052643
30220 15.1100 -1.277704 0.054016
30230 15.1150 -1.276277 0.055453
30240 15.1200 -1.275135 0.056617
30250 15.1250 -1.273940 0.057847
30260 15.1300 -1.272497 0.059350
30270 15.1350 -1.270815 0.061126
30280 15.1400 -1.268961 0.063114
30290 15.1450 -1.266972 0.065280
30300 15.1500 -1.264917 0.067556
30310 15.1550 -1.262727 0.070025
30320 15.1600 -1.260405 0.072690
30330 15.1650 -1.258137 0.075341
30340 15.1700 -1.255972 0.077914
30350 15.1750 -1.253833 0.080499
30360 15.1800 -1.251811 0.082980
30370 15.1850 -1.249732 0.085571
30380 15.1900 -1.247578 0.088296
30390 15.1950 -1.245460 0.091017
30400 15.2000 -1.243302 0.093831
30410 15.2050 -1.241196 0.096618
30420 15.2100 -1.239222 0.099267
30430 15.2150 -1.237536 0.101558
30440 15.2200 -1.235798 0.103946
30450 15.2250 -1.234211 0.106150
30460 15.2300 -1.232928 0.107950
30470 15.2350 -1.231828 0.109504
30480 15.2400 -1.230713 0.111091
30490 15.2450 -1.229664 0.112593
30500 15.2500 -1.228818 0.113814
30510 15.2550 -1.227815 0.110702
30520 15.2600 -1.226831 0.112106
30530 15.2650 -1.225783 0.113611
30540 15.2700 -1.224822 0.114998
30550 15.2750 -1.224078 0.116079
30560 15.2800 -1.223729 0.116588
30570 15.2850 -1.223492 0.116934
30580 15.2900 -1.223110 0.117493
30590 15.2950 -1.222728 0.118053
30600 15.3000 -1.222361 0.118592
30610 15.3050 -1.222030 0.119078
30620 15.3100 -1.221613 0.119695
30630 15.3150 -1.221277 0.120192
30640 15.3200 -1.220966 0.120652
30650 15.3250 -1.220735 0.120995
30660 15.3300 -1.220387 0.121512
30670 15.3350 -1.220016 0.122066
30680 15.3400 -1.219572 0.122729
30690 15.3450 -1.219202 0.123283
30700 15.3500 -1.218906 0.123728
30710 15.3550 -1.218701 0.124035
30720 15.3600 -1.218753 0.123958
30730 15.3650 -1.218943 0.123671
30740 15.3700 -1.219126 0.123398
30750 15.3750 -1.219335 0.123083
30760 15.3800 -1.219557 0.122751
30770 15.3850 -1.219688 0.122555
30780 15.3900 -1.219727 0.122497
30790 15.3950 -1.219939 0.122181
30800 15.4000 -1.220134 0.121890
30810 15.4050 -1.220138 0.121884
30820 15.4100 -1.220253 0.121713
30830 15.4150 -1.220642 0.121133
30840 15.4200 -1.221045 0.120534
30850 15.4250 -1.221513 0.119842
30860 15.4300 -1.221838 0.119362
30870 15.4350 -1.222074 0.119014
30880 15.4400 -1.222152 0.118899
30890 15.4450 -1.222005 0.119116
30900 15.4500 -1.221911 0.119254
30910 15.4550 -1.221615 0.119691
30920 15.4600 -1.221312 0.120139
30930 15.4650 -1.221102 0.120450
30940 15.4700 -1.220880 0.120780
30950 15.4750 -1.220411 0.121476
30960 15.4800 -1.219924 0.122203
30970 15.4850 -1.219491 0.122850
30980 15.4900 -1.219022 0.123553
30990 15.4950 -1.218448 0.124416
31000 15.5000 -1.217921 0.125212
31010 15.5050 -1.217574 0.106428
31020 15.5100 -1.217343 0.106770
31030 15.5150 -1.217189 0.106998
31040 15.5200 -1.217017 0.107253
31050 15.5250 -1.216926 0.107389
31060 15.5300 -1.216869 0.107474
31070 15.5350 -1.216918 0.107400
31080 15.5400 -1.217112 0.107112
31090 15.5450 -1.217348 0.106763
31100 15.5500 -1.217502 0.106534
31110 15.5550 -1.217605 0.106382
31120 15.5600 -1.217682 0.106269
31130 15.5650 -1.217798 0.106097
31140 15.5700 -1.217900 0.105946
31150 15.5750 -1.217975 0.105835
31160 15.5800 -1.218138 0.105595
31170 15.5850 -1.218316 0.105332
31180 15.5900 -1.218688 0.104785
31190 15.5950 -1.219146 0.104113
31200 15.6000 -1.219694 0.103312
31210 15.6050 -1.220320 0.102398
31220 15.6100 -1.221017 0.101387
31230 15.6150 -1.221769 0.100299
31240 15.6200 -1.222772 0.098857
31250 15.6250 -1.223892 0.097257
31260 15.6300 -1.225052 0.095613
31270 15.6350 -1.226379 0.093746
31280 15.6400 -1.227816 0.091742
31290 15.6450 -1.229197 0.089834
31300 15.6500 -1.230465 0.088097
31310 15.6550 -1.231916 0.086127
31320 15.6600 -1.233444 0.084071
31330 15.6650 -1.234801 0.082265
31340 15.6700 -1.236106 0.080543
31350 15.6750 -1.237241 0.079056
31360 15.6800 -1.238200 0.077811
31370 15.6850 -1.239007 0.076769
31380 15.6900 -1.240058 0.075419
31390 15.6950 -1.241004 0.074214
31400 15.7000 -1.242056 0.072883
31410 15.7050 -1.242921 0.071795
31420 15.7100 -1.243689 0.070836
31430 15.7150 -1.244314 0.070059
31440 15.7200 -1.244824 0.069427
31450 15.7250 -1.245206 0.068956
31460 15.7300 -1.245235 0.068920
31470 15.7350 -1.245373 0.068749
31480 15.7400 -1.245372 0.068751
31490 15.7450 -1.245205 0.068956
31500 15.7500 -1.245132 0.069046
31510 15.7550 -1.245144 0.067144
31520 15.7600 -1.245092 0.067207
31530 15.7650 -1.244989 0.067331
31540 15.7700 -1.245011 0.067305
31550 15.7750 -1.245211 0.067063
31560 15.7800 -1.245583 0.066615
31570 15.7850 -1.245853 0.066290
31580 15.7900 -1.246257 0.065806
31590 15.7950 -1.246882 0.065058
31600 15.8000 -1.247611 0.064192
31610 15.8050 -1.248286 0.063393
31620 15.8100 -1.248923 0.062643
31630 15.8150 -1.249558 0.061900
31640 15.8200 -1.250139 0.061223
31650 15.8250 -1.250562 0.060731
31660 15.8300 -1.251048 0.060169
31670 15.8350 -1.251657 0.059467
31680 15.8400 -1.252364 0.058656
31690 15.8450 -1.253048 0.057877
31700 15.8500 -1.253378 0.057501
31710 15.8550 -1.253837 0.056982
31720 15.8600 -1.254531 0.056200
31730 15.8650 -1.255397 0.055229
31740 15.8700 -1.256128 0.054416
31750 15.8750 -1.256822 0.053648
31760 15.8800 -1.257255 0.053172
31770 15.8850 -1.257545 0.052853
31780 15.8900 -1.257789 0.052585
31790 15.8950 -1.257870 0.052497
31800 15.9000 -1.257865 0.052503
31810 15.9050 -1.257685 0.052700
31820 15.9100 -1.257316 0.053105
31830 15.9150 -1.256887 0.053577
31840 15.9200 -1.256603 0.053891
31850 15.9250 -1.256429 0.054083
31860 15.9300 -1.256296 0.054230
31870 15.9350 -1.256216 0.054319
31880 15.9400 -1.255997 0.054561
31890 15.9450 -1.255416 0.055209
31900 15.9500 -1.254661 0.056054
31910 15.9550 -1.253707 0.057128
31920 15.9600 -1.252651 0.058329
31930 15.9650 -1.251511 0.059635
31940 15.9700 -1.250076 0.061295
31950 15.9750 -1.248420 0.063235
31960 15.9800 -1.246618 0.065374
31970 15.9850 -1.244737 0.067636
31980 15.9900 -1.242718 0.070100
31990 15.9950 -1.240607 0.072715
32000 16.0000 -1.238601 0.075237
32010 16.0050 -1.236605 0.075653
32020 16.0100 -1.234524 0.078289
32030 16.0150 -1.232206 0.081272
32040 16.0200 -1.229824 0.084387
32050 16.0250 -1.227441 0.087554
32060 16.0300 -1.224918 0.090961
32070 16.0350 -1.222554 0.094206
32080 16.0400 -1.220129 0.097585
32090 16.0450 -1.217572 0.101206
32100 16.0500 -1.215149 0.104690
32110 16.0550 -1.212675 0.108301
32120 16.0600 -1.210162 0.112026
32130 16.0650 -1.207820 0.115547
32140 16.0700 -1.205404 0.119230
32150 16.0750 -1.203043 0.122879
32160 16.0800 -1.200619 0.126677
32170 16.0850 -1.198088 0.130700
32180 16.0900 -1.195574 0.134751
32190 16.0950 -1.193244 0.138555
32200 16.1000 -1.190944 0.142359
32210 16.1050 -1.188595 0.146291
32220 16.1100 -1.186103 0.150518
32230 16.1150 -1.183791 0.154487
32240 16.1200 -1.181616 0.158265
32250 16.1250 -1.179537 0.161916
32260 16.1300 -1.177413 0.165686
32270 16.1350 -1.175537 0.169048
32280 16.1400 -1.173800 0.172189
32290 16.1450 -1.172118 0.175257
32300 16.1500 -1.170488 0.178253
32310 16.1550 -1.168877 0.181238
32320 16.1600 -1.167382 0.184030
32330 16.1650 -1.165929 0.186759
32340 16.1700 -1.164687 0.189111
32350 16.1750 -1.163763 0.190866
32360 16.1800 -1.163054 0.192221
32370 16.1850 -1.162583 0.193122
32380 16.1900 -1.162489 0.193302
32390 16.1950 -1.162715 0.192869
32400 16.2000 -1.163196 0.191949
32410 16.2050 -1.163971 0.190470
32420 16.2100 -1.164669 0.189145
32430 16.2150 -1.165481 0.187607
32440 16.2200 -1.166436 0.185804
32450 16.2250 -1.167573 0.183672
32460 16.2300 -1.168820 0.181344
32470 16.2350 -1.170316 0.178571
32480 16.2400 -1.172031 0.175416
32490 16.2450 -1.173922 0.171968
32500 16.2500 -1.175836 0.168509
32510 16.2550 -1.177899 0.145609
32520 16.2600 -1.180047 0.141900
32530 16.2650 -1.182261 0.138121
32540 16.2700 -1.184690 0.134025
32550 16.2750 -1.187299 0.129682
32560 16.2800 -1.189899 0.125413
32570 16.2850 -1.192569 0.121092
32580 16.2900 -1.195567 0.116314
32590 16.2950 -1.198670 0.111452
32600 16.3000 -1.201929 0.106437
32610 16.3050 -1.205518 0.101020
32620 16.3100 -1.209278 0.095467
32630 16.3150 -1.213239 0.089751
32640 16.3200 -1.217276 0.084067
32650 16.3250 -1.221423 0.078377
32660 16.3300 -1.225597 0.072802
32670 16.3350 -1.229669 0.067510
32680 16.3400 -1.233606 0.062533
32690 16.3450 -1.237416 0.057844
32700 16.3500 -1.240946 0.053615
32710 16.3550 -1.244216 0.049795
32720 16.3600 -1.247590 0.045950
32730 16.3650 -1.250763 0.042427
32740 16.3700 -1.253937 0.038991
32750 16.3750 -1.257068 0.035688
32760 16.3800 -1.259869 0.032807
32770 16.3850 -1.262518 0.030145
32780 16.3900 -1.265114 0.027596
32790 16.3950 -1.267600 0.025211
32800 16.4000 -1.270155 0.022816
32810 16.4050 -1.272663 0.020521
32820 16.4100 -1.275058 0.018382
32830 16.4150 -1.277041 0.016649
32840 16.4200 -1.278768 0.015167
32850 16.4250 -1.280382 0.013807
32860 16.4300 -1.281754 0.012669
32870 16.4350 -1.282980 0.011665
32880 16.4400 -1.284070 0.010784
32890 16.4450 -1.285050 0.010001
32900 16.4500 -1.285821 0.009391
32910 16.4550 -1.286380 0.008952
32920 16.4600 -1.286613 0.008770
32930 16.4650 -1.286414 0.008925
32940 16.4700 -1.286195 0.009097
32950 16.4750 -1.286093 0.009177
32960 16.4800 -1.286219 0.009078
32970 16.4850 -1.286476 0.008877
32980 16.4900 -1.286653 0.008739
32990 16.4950 -1.286654 0.008738
33000 16.5000 -1.286385 0.008948
33010 16.5050 -1.285871 0.009173
33020 16.5100 -1.285235 0.009667
33030 16.5150 -1.284522 0.010225
33040 16.5200 -1.283784 0.010807
33050 16.5250 -1.283146 0.011314
33060 16.5300 -1.282455 0.011867
33070 16.5350 -1.281771 0.012419
33080 16.5400 -1.280832 0.013183
33090 16.5450 -1.279813 0.014022
33100 16.5500 -1.278806 0.014859
33110 16.5550 -1.277654 0.015828
33120 16.5600 -1.276217 0.017053
33130 16.5650 -1.274826 0.018256
33140 16.5700 -1.273539 0.019385
33150 16.5750 -1.272184 0.020589
33160 16.5800 -1.270782 0.021852
33170 16.5850 -1.269152 0.023341
33180 16.5900 -1.267374 0.024993
33190 16.5950 -1.265450 0.026813
33200 16.6000 -1.263429 0.028758
33210 16.6050 -1.261221 0.030925
33220 16.6100 -1.258769 0.033382
33230 16.6150 -1.256341 0.035867
33240 16.6200 -1.253879 0.038440
33250 16.6250 -1.251522 0.040953
33260 16.6300 -1.249334 0.043329
33270 16.6350 -1.247126 0.045770
33280 16.6400 -1.244797 0.048392
33290 16.6450 -1.242316 0.051237
33300 16.6500 -1.239922 0.054034
33310 16.6550 -1.237336 0.057112
33320 16.6600 -1.234664 0.060353
33330 16.6650 -1.231938 0.063725
33340 16.6700 -1.229315 0.067031
33350 16.6750 -1.226727 0.070353
33360 16.6800 -1.224331 0.073480
33370 16.6850 -1.222193 0.076314
33380 16.6900 -1.220031 0.079220
33390 16.6950 -1.217937 0.082074
33400 16.7000 -1.215837 0.084975
33410 16.7050 -1.213729 0.087926
33420 16.7100 -1.211527 0.091050
33430 16.7150 -1.209430 0.094064
33440 16.7200 -1.207457 0.096936
33450 16.7250 -1.205712 0.099506
33460 16.7300 -1.203918 0.102174
33470 16.7350 -1.202085 0.104929
33480 16.7400 -1.199985 0.108124
33490 16.7450 -1.197842 0.111423
33500 16.7500 -1.195799 0.114605
33510 16.7550 -1.194057 0.114123
33520 16.7600 -1.192819 0.116046
33530 16.7650 -1.191723 0.117760
33540 16.7700 -1.190612 0.119506
33550 16.7750 -1.189513 0.121246
33560 16.7800 -1.188679 0.122573
33570 16.7850 -1.187970 0.123705
33580 16.7900 -1.187501 0.124457
33590 16.7950 -1.187266 0.124833
33600 16.8000 -1.187290 0.124796
33610 16.8050 -1.187668 0.124189
33620 16.8100 -1.188088 0.123516
33630 16.8150 -1.188988 0.122081
33640 16.8200 -1.190303 0.119994
33650 16.8250 -1.191926 0.117442
33660 16.8300 -1.193815 0.114498
33670 16.8350 -1.195775 0.111478
33680 16.8400 -1.197675 0.108582
33690 16.8450 -1.199630 0.105635
33700 16.8500 -1.201599 0.102701
33710 16.8550 -1.203499 0.099901
33720 16.8600 -1.205758 0.096614
33730 16.8650 -1.208212 0.093094
33740 16.8700 -1.210548 0.089790
33750 16.8750 -1.212996 0.086381
33760 16.8800 -1.215862 0.082455
33770 16.8850 -1.218758 0.078561
33780 16.8900 -1.221587 0.074827
33790 16.8950 -1.224563 0.070975
33800 16.9000 -1.227560 0.067174
33810 16.9050 -1.230523 0.063494
33820 16.9100 -1.233693 0.059639
33830 16.9150 -1.236795 0.055954
33840 16.9200 -1.239870 0.052383
33850 16.9250 -1.243059 0.048767
33860 16.9300 -1.246360 0.045117
33870 16.9350 -1.249611 0.041615
33880 16.9400 -1.252595 0.038483
33890 16.9450 -1.255363 0.035647
33900 16.9500 -1.257910 0.033096
33910 16.9550 -1.260390 0.030667
33920 16.9600 -1.262806 0.028352
33930 16.9650 -1.265259 0.026053
33940 16.9700 -1.267620 0.023892
33950 16.9750 -1.270086 0.021685
33960 16.9800 -1.272377 0.019683
33970 16.9850 -1.274431 0.017927
33980 16.9900 -1.276571 0.016136
33990 16.9950 -1.278724 0.014377
34000 17.0000 -1.280841 0.012685
34010 17.0050 -1.282858 0.010891
34020 17.0100 -1.284794 0.009439
34030 17.0150 -1.286678 0.008058
34040 17.0200 -1.288455 0.006784
34050 17.0250 -1.290218 0.005547
34060 17.0300 -1.291883 0.004404
34070 17.0350 -1.293312 0.003442
34080 17.0400 -1.294576 0.002606
34090 17.0450 -1.295699 0.001876
34100 17.0500 -1.296759 0.001197
34110 17.0550 -1.297513 0.000719
34120 17.0600 -1.298059 0.000377
34130 17.0650 -1.298365 0.000186
34140 17.0700 -1.298621 0.000027
34150 17.0750 -1.298742 0.000000
34160 17.0800 -1.298733 0.000000
34170 17.0850 -1.298546 0.000073
34180 17.0900 -1.298352 0.000194
34190 17.0950 -1.297929 0.000458
34200 17.1000 -1.297298 0.000855
34210 17.1050 -1.296677 0.001249
34220 17.1100 -1.295649 0.001908
34230 17.1150 -1.294466 0.002679
34240 17.1200 -1.293324 0.003434
34250 17.1250 -1.292034 0.004301
34260 17.1300 -1.290749 0.005180
34270 17.1350 -1.289190 0.006265
34280 17.1400 -1.287560 0.007422
34290 17.1450 -1.285811 0.008690
34300 17.1500 -1.283906 0.010101
34310 17.1550 -1.281834 0.011672
34320 17.1600 -1.279531 0.013463
34330 17.1650 -1.277028 0.015462
34340 17.1700 -1.274388 0.017630
34350 17.1750 -1.271848 0.019773
34360 17.1800 -1.269292 0.021987
34370 17.1850 -1.266667 0.024320
34380 17.1900 -1.264039 0.026717
34390 17.1950 -1.261154 0.029418
34400 17.2000 -1.258245 0.032214
34410 17.2050 -1.255463 0.034958
34420 17.2100 -1.252682 0.037769
34430 17.2150 -1.249752 0.040803
34440 17.2200 -1.246944 0.043783
34450 17.2250 -1.244240 0.046716
34460 17.2300 -1.241591 0.049651
34470 17.2350 -1.239161 0.052399
34480 17.2400 -1.236808 0.055109
34490 17.2450 -1.234524 0.057785
34500 17.2500 -1.232258 0.060485
34510 17.2550 -1.229860 0.061874
34520 17.2600 -1.227460 0.064779
34530 17.2650 -1.225119 0.067660
34540 17.2700 -1.222927 0.070402
34550 17.2750 -1.220884 0.072996
34560 17.2800 -1.218923 0.075518
34570 17.2850 -1.217244 0.077705
34580 17.2900 -1.215734 0.079694
34590 17.2950 -1.214338 0.081549
34600 17.3000 -1.213095 0.083215
34610 17.3050 -1.211861 0.084884
34620 17.3100 -1.210719 0.086439
34630 17.3150 -1.209763 0.087749
34640 17.3200 -1.209151 0.088593
34650 17.3250 -1.208759 0.089135
34660 17.3300 -1.208546 0.089430
34670 17.3350 -1.208344 0.089710
34680 17.3400 -1.208347 0.089705
34690 17.3450 -1.208454 0.089557
34700 17.3500 -1.208711 0.089202
34710 17.3550 -1.209116 0.088641
34720 17.3600 -1.209653 0.087900
34730 17.3650 -1.210424 0.086842
34740 17.3700 -1.211453 0.085438
34750 17.3750 -1.212443 0.084094
34760 17.3800 -1.213480 0.082698
34770 17.3850 -1.214715 0.081047
34780 17.3900 -1.216049 0.079277
34790 17.3950 -1.217464 0.077417
34800 17.4000 -1.218998 0.075421
34810 17.4050 -1.220599 0.073360
34820 17.4100 -1.222338 0.071145
34830 17.4150 -1.224117 0.068908
34840 17.4200 -1.225886 0.066711
34850 17.4250 -1.227640 0.064559
34860 17.4300 -1.229456 0.062360
34870 17.4350 -1.231339 0.060109
34880 17.4400 -1.233310 0.057787
34890 17.4450 -1.235182 0.055613
34900 17.4500 -1.237137 0.053375
34910 17.4550 -1.239364 0.050866
34920 17.4600 -1.241733 0.048245
34930 17.4650 -1.244194 0.045573
34940 17.4700 -1.246751 0.042854
34950 17.4750 -1.249224 0.040279
34960 17.4800 -1.251726 0.037727
34970 17.4850 -1.254208 0.035250
34980 17.4900 -1.256909 0.032616
34990 17.4950 -1.259680 0.029979
35000 17.5000 -1.262498 0.027366
35010 17.5050 -1.265418 0.024203
35020 17.5100 -1.268362 0.021669
35030 17.5150 -1.271388 0.019144
35040 17.5200 -1.274538 0.016600
35050 17.5250 -1.277774 0.014078
35060 17.5300 -1.280897 0.011731
35070 17.5350 -1.283868 0.009576
35080 17.5400 -1.286869 0.007479
35090 17.5450 -1.289603 0.005637
35100 17.5500 -1.292431 0.003801
35110 17.5550 -1.295221 0.002058
35120 17.5600 -1.298047 0.000361
35130 17.5650 -1.300842 0.000000
35140 17.5700 -1.303638 0.000000
35150 17.5750 -1.306343 0.000000
35160 17.5800 -1.308883 0.000000
35170 17.5850 -1.310979 0.000000
35180 17.5900 -1.312881 0.000000
35190 17.5950 -1.314611 0.000000
35200 17.6000 -1.315953 0.000000
35210 17.6050 -1.316946 0.000000
35220 17.6100 -1.317690 0.000000
35230 17.6150 -1.318202 0.000000
35240 17.6200 -1.318617 0.000000
35250 17.6250 -1.318995 0.000000
35260 17.6300 -1.319227 0.000000
35270 17.6350 -1.319396 0.000000
35280 17.6400 -1.319307 0.000000
35290 17.6450 -1.319007 0.000000
35300 17.6500 -1.318581 0.000000
35310 17.6550 -1.317909 0.000000
35320 17.6600 -1.317155 0.000000
35330 17.6650 -1.316398 0.000000
35340 17.6700 -1.315429 0.000000
35350 17.6750 -1.314370 0.000000
35360 17.6800 -1.313023 0.000000
35370 17.6850 -1.311620 0.000000
35380 17.6900 -1.310121 0.000000
35390 17.6950 -1.308447 0.000000
35400 17.7000 -1.306495 0.000000
35410 17.7050 -1.304396 0.000000
35420 17.7100 -1.302086 0.000000
35430 17.7150 -1.299702 0.000000
35440 17.7200 -1.297143 0.000896
35450 17.7250 -1.294504 0.002499
35460 17.7300 -1.291925 0.004124
35470 17.7350 -1.289407 0.005767
35480 17.7400 -1.286829 0.007506
35490 17.7450 -1.284178 0.009356
35500 17.7500 -1.281676 0.011158
35510 17.7550 -1.279225 0.012741
35520 17.7600 -1.276741 0.014608
35530 17.7650 -1.274435 0.016389
35540 17.7700 -1.272116 0.018228
35550 17.7750 -1.269869 0.020054
35560 17.7800 -1.267597 0.021946
35570 17.7850 -1.265335 0.023874
35580 17.7900 -1.262972 0.025937
35590 17.7950 -1.260692 0.027973
35600 17.8000 -1.258525 0.029950
35610 17.8050 -1.256315 0.032010
35620 17.8100 -1.254014 0.034200
35630 17.8150 -1.251871 0.036281
35640 17.8200 -1.249736 0.038394
35650 17.8250 -1.247526 0.040624
35660 17.8300 -1.245298 0.042915
35670 17.8350 -1.243314 0.044992
35680 17.8400 -1.241299 0.047136
35690 17.8450 -1.239278 0.049322
35700 17.8500 -1.237303 0.051494
35710 17.8550 -1.235492 0.053515
35720 17.8600 -1.233725 0.055515
35730 17.8650 -1.231923 0.057583
35740 17.8700 -1.230070 0.059739
35750 17.8750 -1.228274 0.061857
35760 17.8800 -1.226410 0.064086
35770 17.8850 -1.224423 0.066495
35780 17.8900 -1.222319 0.069082
35790 17.8950 -1.220156 0.071785
35800 17.9000 -1.218024 0.074487
35810 17.9050 -1.215946 0.077161
35820 17.9100 -1.213999 0.079700
35830 17.9150 -1.212446 0.081749
35840 17.9200 -1.211066 0.083588
35850 17.9250 -1.209697 0.085428
35860 17.9300 -1.208341 0.087267
35870 17.9350 -1.207080 0.088991
35880 17.9400 -1.205975 0.090515
35890 17.9450 -1.204854 0.092070
35900 17.9500 -1.203728 0.093645
35910 17.9550 -1.202749 0.095021
35920 17.9600 -1.201819 0.096338
35930 17.9650 -1.201205 0.097212
35940 17.9700 -1.200775 0.097826
35950 17.9750 -1.200390 0.098376
35960 17.9800 -1.199799 0.099224
35970 17.9850 -1.199342 0.099881
35980 17.9900 -1.199024 0.100340
35990 17.9950 -1.198780 0.100692
36000 18.0000 -1.198605 0.100946
36010 18.0050 -1.198757 0.098124
36020 18.0100 -1.198974 0.097817
36030 18.0150 -1.199438 0.097160
36040 18.0200 -1.200104 0.096222
36050 18.0250 -1.200828 0.095206
36060 18.0300 -1.201729 0.093949
36070 18.0350 -1.202911 0.092310
36080 18.0400 -1.204144 0.090613
36090 18.0450 -1.205310 0.089021
36100 18.0500 -1.206507 0.087397
36110 18.0550 -1.207893 0.085535
36120 18.0600 -1.209472 0.083433
36130 18.0650 -1.211160 0.081211
36140 18.0700 -1.213028 0.078779
36150 18.0750 -1.215051 0.076182
36160 18.0800 -1.217065 0.073630
36170 18.0850 -1.219216 0.070944
36180 18.0900 -1.221578 0.068041
36190 18.0950 -1.223901 0.065235
36200 18.1000 -1.226414 0.062251
36210 18.1050 -1.229051 0.059179
36220 18.1100 -1.231597 0.056270
36230 18.1150 -1.234168 0.053391
36240 18.1200 -1.236864 0.050433
36250 18.1250 -1.239776 0.047310
36260 18.1300 -1.242688 0.044261
36270 18.1350 -1.245385 0.041502
36280 18.1400 -1.248166 0.038724
36290 18.1450 -1.251151 0.035817
36300 18.1500 -1.254001 0.033114
36310 18.1550 -1.256665 0.030651
36320 18.1600 -1.259213 0.028354
36330 18.1650 -1.261672 0.026191
36340 18.1700 -1.264177 0.024041
36350 18.1750 -1.266624 0.021993
36360 18.1800 -1.269121 0.019958
36370 18.1850 -1.271624 0.017972
36380 18.1900 -1.274037 0.016109
36390 18.1950 -1.276175 0.014501
36400 18.2000 -1.278198 0.013016
36410 18.2050 -1.280217 0.011570
36420 18.2100 -1.282206 0.010180
36430 18.2150 -1.284305 0.008750
36440 18.2200 -1.286277 0.007442
36450 18.2250 -1.288462 0.006032
36460 18.2300 -1.290695 0.004634
36470 18.2350 -1.292724 0.003402
36480 18.2400 -1.294528 0.002336
36490 18.2450 -1.296180 0.001385
36500 18.2500 -1.297694 0.000535
36510 18.2550 -1.299257 0.000000
36520 18.2600 -1.300764 0.000000
36530 18.2650 -1.302398 0.000000
36540 18.2700 -1.303909 0.000000
36550 18.2750 -1.305275 0.000000
36560 18.2800 -1.306650 0.000000
36570 18.2850 -1.307842 0.000000
36580 18.2900 -1.308924 0.000000
36590 18.2950 -1.309969 0.000000
36600 18.3000 -1.310827 0.000000
36610 18.3050 -1.311538 0.000000
36620 18.3100 -1.311992 0.000000
36630 18.3150 -1.312226 0.000000
36640 18.3200 -1.312266 0.000000
36650 18.3250 -1.312140 0.000000
36660 18.3300 -1.311878 0.000000
36670 18.3350 -1.311315 0.000000
36680 18.3400 -1.310489 0.000000
36690 18.3450 -1.309520 0.000000
36700 18.3500 -1.308388 0.000000
36710 18.3550 -1.307241 0.000000
36720 18.3600 -1.305752 0.000000
36730 18.3650 -1.304181 0.000000
36740 18.3700 -1.302694 0.000000
36750 18.3750 -1.301313 0.000000
36760 18.3800 -1.299732 0.000000
36770 18.3850 -1.297744 0.000499
36780 18.3900 -1.295393 0.001807
36790 18.3950 -1.293031 0.003170
36800 18.4000 -1.290677 0.004577
36810 18.4050 -1.288190 0.006116
36820 18.4100 -1.285609 0.007770
36830 18.4150 -1.283050 0.009468
36840 18.4200 -1.280566 0.011171
36850 18.4250 -1.278069 0.012937
36860 18.4300 -1.275393 0.014890
36870 18.4350 -1.272537 0.017043
36880 18.4400 -1.269567 0.019359
36890 18.4450 -1.266528 0.021807
36900 18.4500 -1.263440 0.024379
36910 18.4550 -1.260445 0.026951
36920 18.4600 -1.257278 0.029757
36930 18.4650 -1.253992 0.032762
36940 18.4700 -1.250846 0.035726
36950 18.4750 -1.247795 0.038685
36960 18.4800 -1.244824 0.041643
36970 18.4850 -1.241961 0.044567
36980 18.4900 -1.239019 0.047646
36990 18.4950 -1.236146 0.050726
37000 18.5000 -1.233357 0.053786
37010 18.5050 -1.230707 0.054970
37020 18.5100 -1.228319 0.057653
37030 18.5150 -1.226018 0.060285
37040 18.5200 -1.223897 0.062752
37050 18.5250 -1.221892 0.065121
37060 18.5300 -1.220079 0.067293
37070 18.5350 -1.218710 0.068953
37080 18.5400 -1.217520 0.070409
37090 18.5450 -1.216587 0.071559
37100 18.5500 -1.215825 0.072503
37110 18.5550 -1.215119 0.073383
37120 18.5600 -1.214565 0.074077
37130 18.5650 -1.214325 0.074378
37140 18.5700 -1.214246 0.074477
37150 18.5750 -1.214309 0.074399
37160 18.5800 -1.214333 0.074368
37170 18.5850 -1.214557 0.074086
37180 18.5900 -1.214947 0.073599
37190 18.5950 -1.215330 0.073119
37200 18.6000 -1.215605 0.072777
37210 18.6050 -1.215973 0.072319
37220 18.6100 -1.216504 0.071661
37230 18.6150 -1.217194 0.070809
37240 18.6200 -1.217903 0.069938
37250 18.6250 -1.218801 0.068842
37260 18.6300 -1.219789 0.067643
37270 18.6350 -1.220904 0.066302
37280 18.6400 -1.222135 0.064832
37290 18.6450 -1.223424 0.063308
37300 18.6500 -1.224991 0.061475
37310 18.6550 -1.226800 0.059385
37320 18.6600 -1.228911 0.056982
37330 18.6650 -1.231335 0.054272
37340 18.6700 -1.233735 0.051639
37350 18.6750 -1.236110 0.049083
37360 18.6800 -1.238567 0.046491
37370 18.6850 -1.241043 0.043931
37380 18.6900 -1.243371 0.041574
37390 18.6950 -1.245720 0.039243
37400 18.7000 -1.248066 0.036964
37410 18.7050 -1.250337 0.034803
37420 18.7100 -1.252771 0.032538
37430 18.7150 -1.255190 0.030337
37440 18.7200 -1.257539 0.028248
37450 18.7250 -1.259727 0.026347
37460 18.7300 -1.261679 0.024685
37470 18.7350 -1.263529 0.023141
37480 18.7400 -1.265258 0.021726
37490 18.7450 -1.266995 0.020330
37500 18.7500 -1.268605 0.019059
37510 18.7550 -1.269944 0.017671
37520 18.7600 -1.271231 0.016703
37530 18.7650 -1.272533 0.015738
37540 18.7700 -1.273653 0.014920
37550 18.7750 -1.274583 0.014248
37560 18.7800 -1.275574 0.013542
37570 18.7850 -1.276539 0.012862
37580 18.7900 -1.277281 0.012344
37590 18.7950 -1.277906 0.011913
37600 18.8000 -1.278501 0.011505
37610 18.8050 -1.279027 0.011146
37620 18.8100 -1.279496 0.010829
37630 18.8150 -1.279767 0.010646
37640 18.8200 -1.280000 0.010490
37650 18.8250 -1.280220 0.010342
37660 18.8300 -1.280236 0.010332
37670 18.8350 -1.280063 0.010448
37680 18.8400 -1.279978 0.010505
37690 18.8450 -1.280049 0.010457
37700 18.8500 -1.280241 0.010329
37710 18.8550 -1.280509 0.010150
37720 18.8600 -1.280708 0.010018
37730 18.8650 -1.280936 0.009866
37740 18.8700 -1.281212 0.009684
37750 18.8750 -1.281592 0.009434
37760 18.8800 -1.282016 0.009157
37770 18.8850 -1.282252 0.009003
37780 18.8900 -1.282259 0.008998
37790 18.8950 -1.282157 0.009065
37800 18.9000 -1.281710 0.009357
37810 18.9050 -1.280988 0.009832
37820 18.9100 -1.279941 0.010530
37830 18.9150 -1.278849 0.011267
37840 18.9200 -1.277705 0.012051
37850 18.9250 -1.276613 0.012810
37860 18.9300 -1.275389 0.013673
37870 18.9350 -1.273973 0.014688
37880 18.9400 -1.272426 0.015817
37890 18.9450 -1.270723 0.017084
37900 18.9500 -1.269035 0.018364
37910 18.9550 -1.267371 0.019651
37920 18.9600 -1.265579 0.021064
37930 18.9650 -1.263790 0.022502
37940 18.9700 -1.261842 0.024100
37950 18.9750 -1.259742 0.025860
37960 18.9800 -1.257647 0.027654
37970 18.9850 -1.255459 0.029569
37980 18.9900 -1.253135 0.031649
37990 18.9950 -1.250803 0.033784
38000 19.0000 -1.248547 0.035894
38010 19.0050 -1.246284 0.037268
38020 19.0100 -1.244031 0.039430
38030 19.0150 -1.241798 0.041617
38040 19.0200 -1.239603 0.043809
38050 19.0250 -1.237583 0.045864
38060 19.0300 -1.235647 0.047867
38070 19.0350 -1.234018 0.049576
38080 19.0400 -1.232162 0.051554
38090 19.0450 -1.230281 0.053589
38100 19.0500 -1.228457 0.055592
38110 19.0550 -1.226743 0.057500
38120 19.0600 -1.225070 0.059388
38130 19.0650 -1.223461 0.061227
38140 19.0700 -1.221803 0.063146
38150 19.0750 -1.220440 0.064740
38160 19.0800 -1.219130 0.066289
38170 19.0850 -1.217870 0.067793
38180 19.0900 -1.216826 0.069050
38190 19.0950 -1.215900 0.070172
38200 19.1000 -1.215186 0.071043
38210 19.1050 -1.214628 0.071726
38220 19.1100 -1.214251 0.072190
38230 19.1150 -1.214113 0.072360
38240 19.1200 -1.214196 0.072258
38250 19.1250 -1.214494 0.071891
38260 19.1300 -1.214891 0.071404
38270 19.1350 -1.215450 0.070720
38280 19.1400 -1.216101 0.069928
38290 19.1450 -1.216776 0.069110
38300 19.1500 -1.217384 0.068377
38310 19.1550 -1.218165 0.067440
38320 19.1600 -1.218943 0.066512
38330 19.1650 -1.219979 0.065285
38340 19.1700 -1.221446 0.063562
38350 19.1750 -1.223022 0.061732
38360 19.1800 -1.224871 0.059614
38370 19.1850 -1.226719 0.057527
38380 19.1900 -1.228701 0.055322
38390 19.1950 -1.230862 0.052957
38400 19.2000 -1.233220 0.050424
38410 19.2050 -1.235571 0.047945
38420 19.2100 -1.237916 0.045523
38430 19.2150 -1.240221 0.043187
38440 19.2200 -1.242512 0.040913
38450 19.2250 -1.244882 0.038608
38460 19.2300 -1.247163 0.036437
38470 19.2350 -1.249445 0.034310
38480 19.2400 -1.251684 0.032267
38490 19.2450 -1.254156 0.030062
38500 19.2500 -1.256723 0.027830
38510 19.2550 -1.259017 0.025358
38520 19.2600 -1.260971 0.023763
38530 19.2650 -1.262639 0.022428
38540 19.2700 -1.264383 0.021059
38550 19.2750 -1.266084 0.019748
38560 19.2800 -1.267797 0.018454
38570 19.2850 -1.269490 0.017200
38580 19.2900 -1.271124 0.016014
38590 19.2950 -1.272417 0.015091
38600 19.3000 -1.273446 0.014368
38610 19.3050 -1.274365 0.013729
38620 19.3100 -1.275100 0.013225
38630 19.3150 -1.275711 0.012808
38640 19.3200 -1.276342 0.012381
38650 19.3250 -1.276682 0.012153
38660 19.3300 -1.277035 0.011917
38670 19.3350 -1.277345 0.011711
38680 19.3400 -1.277589 0.011549
38690 19.3450 -1.277607 0.011537
38700 19.3500 -1.277428 0.011655
38710 19.3550 -1.276985 0.011951
38720 19.3600 -1.276284 0.012421
38730 19.3650 -1.275529 0.012932
38740 19.3700 -1.274711 0.013491
38750 19.3750 -1.273769 0.014143
38760 19.3800 -1.272721 0.014877
38770 19.3850 -1.271455 0.015776
38780 19.3900 -1.270113 0.016745
38790 19.3950 -1.268792 0.017714
38800 19.4000 -1.267558 0.018633
38810 19.4050 -1.266510 0.019424
38820 19.4100 -1.265406 0.020267
38830 19.4150 -1.264242 0.021169
38840 19.4200 -1.262974 0.022163
38850 19.4250 -1.261602 0.023256
38860 19.4300 -1.260232 0.024363
38870 19.4350 -1.258751 0.025578
38880 19.4400 -1.257208 0.026865
38890 19.4450 -1.255750 0.028100
38900 19.4500 -1.254235 0.029403
38910 19.4550 -1.252643 0.030794
38920 19.4600 -1.251200 0.032074
38930 19.4650 -1.249822 0.033314
38940 19.4700 -1.248629 0.034400
38950 19.4750 -1.247597 0.035350
38960 19.4800 -1.246490 0.036380
38970 19.4850 -1.245613 0.037202
38980 19.4900 -1.244719 0.038048
38990 19.4950 -1.243769 0.038955
39000 19.5000 -1.242774 0.039913
39010 19.5050 -1.241744 0.040057
39020 19.5100 -1.240872 0.040899
39030 19.5150 -1.240057 0.041691
39040 19.5200 -1.239335 0.042398
39050 19.5250 -1.238568 0.043153
39060 19.5300 -1.237708 0.044008
39070 19.5350 -1.236583 0.045134
39080 19.5400 -1.235469 0.046260
39090 19.5450 -1.234450 0.047301
39100 19.5500 -1.233491 0.048288
39110 19.5550 -1.232600 0.049211
39120 19.5600 -1.231858 0.049986
39130 19.5650 -1.231261 0.050614
39140 19.5700 -1.230718 0.051187
39150 19.5750 -1.230165 0.051774
39160 19.5800 -1.229797 0.052165
39170 19.5850 -1.229306 0.052689
39180 19.5900 -1.228809 0.053223
39190 19.5950 -1.228261 0.053812
39200 19.6000 -1.227518 0.054617
39210 19.6050 -1.226777 0.055424
39220 19.6100 -1.225983 0.056295
39230 19.6150 -1.225324 0.057021
39240 19.6200 -1.225061 0.057311
39250 19.6250 -1.224825 0.057573
39260 19.6300 -1.224673 0.057743
39270 19.6350 -1.224445 0.057996
39280 19.6400 -1.224296 0.058161
39290 19.6450 -1.224172 0.058300
39300 19.6500 -1.224149 0.058325
39310 19.6550 -1.224057 0.058428
39320 19.6600 -1.224085 0.058397
39330 19.6650 -1.224213 0.058254
39340 19.6700 -1.224469 0.057969
39350 19.6750 -1.224447 0.057994
39360 19.6800 -1.224529 0.057902
39370 19.6850 -1.224780 0.057623
39380 19.6900 -1.224926 0.057461
39390 19.6950 -1.225102 0.057267
39400 19.7000 -1.225247 0.057105
39410 19.7050 -1.225524 0.056799
39420 19.7100 -1.226029 0.056244
39430 19.7150 -1.226275 0.055973
39440 19.7200 -1.226575 0.055645
39450 19.7250 -1.227013 0.055166
39460 19.7300 -1.227535 0.054598
39470 19.7350 -1.227963 0.054135
39480 19.7400 -1.228599 0.053448
39490 19.7450 -1.229248 0.052751
39500 19.7500 -1.229759 0.052205
39510 19.7550 -1.230425 0.050364
39520 19.7600 -1.231129 0.049632
39530 19.7650 -1.231909 0.048826
39540 19.7700 -1.232722 0.047992
39550 19.7750 -1.233478 0.047220
39560 19.7800 -1.234112 0.046578
39570 19.7850 -1.234820 0.045864
39580 19.7900 -1.235519 0.045164
39590 19.7950 -1.236099 0.044586
39600 19.8000 -1.236503 0.044186
39610 19.8050 -1.236941 0.043753
39620 19.8100 -1.237527 0.043176
39630 19.8150 -1.238078 0.042637
39640 19.8200 -1.238628 0.042102
39650 19.8250 -1.239304 0.041447
39660 19.8300 -1.239987 0.040790
39670 19.8350 -1.240774 0.040038
39680 19.8400 -1.241709 0.039151
39690 19.8450 -1.242832 0.038096
39700 19.8500 -1.243936 0.037070
39710 19.8550 -1.245165 0.035940
39720 19.8600 -1.246524 0.034706
39730 19.8650 -1.247780 0.033580
39740 19.8700 -1.248922 0.032568
39750 19.8750 -1.250215 0.031437
39760 19.8800 -1.251666 0.030184
39770 19.8850 -1.253060 0.028998
39780 19.8900 -1.254260 0.027990
39790 19.8950 -1.255314 0.027116
39800 19.9000 -1.256148 0.026431
39810 19.9050 -1.256985 0.025749
39820 19.9100 -1.257727 0.025151
39830 19.9150 -1.258489 0.024540
39840 19.9200 -1.259088 0.024064
39850 19.9250 -1.259694 0.023586
39860 19.9300 -1.260454 0.022990
39870 19.9350 -1.261221 0.022395
39880 19.9400 -1.261733 0.022000
39890 19.9450 -1.262045 0.021761
39900 19.9500 -1.262402 0.021487
39910 19.9550 -1.262759 0.021215
39920 19.9600 -1.262874 0.021128
39930 19.9650 -1.262841 0.021154
39940 19.9700 -1.262707 0.021255
39950 19.9750 -1.262296 0.021568
39960 19.9800 -1.261638 0.022073
39970 19.9850 -1.261145 0.022454
39980 19.9900 -1.260768 0.022746
39990 19.9950 -1.260107 0.023262
40000 20.0000 -1.259297 0.023899
40010 20.0050 -1.258238 0.024269
40020 20.0100 -1.257163 0.025121
40030 20.0150 -1.256182 0.025907
40040 20.0200 -1.255264 0.026650
40050 20.0250 -1.254315 0.027426
40060 20.0300 -1.253493 0.028105
40070 20.0350 -1.252676 0.028786
40080 20.0400 -1.251613 0.029680
40090 20.0450 -1.250540 0.030592
40100 20.0500 -1.249501 0.031486
40110 20.0550 -1.248539 0.032321
40120 20.0600 -1.247567 0.033174
40130 20.0650 -1.246383 0.034223
40140 20.0700 -1.245134 0.035344
40150 20.0750 -1.244022 0.036353
40160 20.0800 -1.242784 0.037489
40170 20.0850 -1.241372 0.038802
40180 20.0900 -1.240001 0.040093
40190 20.0950 -1.238756 0.041279
40200 20.1000 -1.237571 0.042422
40210 20.1050 -1.236447 0.043517
40220 20.1100 -1.235444 0.044503
40230 20.1150 -1.234391 0.045548
40240 20.1200 -1.233546 0.046394
40250 20.1250 -1.232961 0.046983
40260 20.1300 -1.232619 0.047329
40270 20.1350 -1.232323 0.047629
40280 20.1400 -1.232008 0.047949
40290 20.1450 -1.231614 0.048351
40300 20.1500 -1.231106 0.048871
40310 20.1550 -1.230667 0.049322
40320 20.1600 -1.230283 0.049719
40330 20.1650 -1.229916 0.050099
40340 20.1700 -1.229523 0.050506
40350 20.1750 -1.229434 0.050599
40360 20.1800 -1.229469 0.050562
40370 20.1850 -1.229443 0.050590
40380 20.1900 -1.229404 0.050630
40390 20.1950 -1.229258 0.050782
40400 20.2000 -1.228952 0.051102
40410 20.2050 -1.228843 0.051216
40420 20.2100 -1.228826 0.051233
40430 20.2150 -1.228874 0.051183
40440 20.2200 -1.228839 0.051220
40450 20.2250 -1.228820 0.051240
40460 20.2300 -1.228824 0.051236
40470 20.2350 -1.229032 0.051018
40480 20.2400 -1.229449 0.050584
40490 20.2450 -1.230056 0.049953
40500 20.2500 -1.230897 0.049086
40510 20.2550 -1.231712 0.047210
40520 20.2600 -1.232427 0.046494
40530 20.2650 -1.233038 0.045886
40540 20.2700 -1.233444 0.045483
40550 20.2750 -1.233731 0.045200
40560 20.2800 -1.234035 0.044900
40570 20.2850 -1.234323 0.044617
40580 20.2900 -1.234632 0.044314
40590 20.2950 -1.235142 0.043815
40600 20.3000 -1.235965 0.043016
40610 20.3050 -1.237053 0.041970
40620 20.3100 -1.238050 0.041019
40630 20.3150 -1.238878 0.040236
40640 20.3200 -1.239733 0.039434
40650 20.3250 -1.240545 0.038679
40660 20.3300 -1.241426 0.037866
40670 20.3350 -1.242144 0.037207
40680 20.3400 -1.242942 0.036482
40690 20.3450 -1.243771 0.035733
40700 20.3500 -1.244784 0.034828
40710 20.3550 -1.246019 0.033735
40720 20.3600 -1.247178 0.032722
40730 20.3650 -1.248360 0.031702
40740 20.3700 -1.249540 0.030695
40750 20.3750 -1.250569 0.029826
40760 20.3800 -1.251543 0.029013
40770 20.3850 -1.252601 0.028140
40780 20.3900 -1.253664 0.027271
40790 20.3950 -1.254453 0.026633
40800 20.4000 -1.255238 0.026004
40810 20.4050 -1.256001 0.025398
40820 20.4100 -1.256833 0.024742
40830 20.4150 -1.257554 0.024179
40840 20.4200 -1.257921 0.023895
40850 20.4250 -1.258151 0.023716
40860 20.4300 -1.258050 0.023795
40870 20.4350 -1.257679 0.024082
40880 20.4400 -1.257400 0.024299
40890 20.4450 -1.256971 0.024635
40900 20.4500 -1.256416 0.025070
40910 20.4550 -1.255803 0.025555
40920 20.4600 -1.255157 0.026069
40930 20.4650 -1.254620 0.026500
40940 20.4700 -1.254034 0.026972
40950 20.4750 -1.253502 0.027403
40960 20.4800 -1.253185 0.027661
40970 20.4850 -1.252888 0.027904
40980 20.4900 -1.252427 0.028283
40990 20.4950 -1.251796 0.028804
41000 20.5000 -1.251322 0.029197
41010 20.5050 -1.251184 0.028736
41020 20.5100 -1.251083 0.028819
41030 20.5150 -1.251041 0.028854
41040 20.5200 -1.251020 0.028871
41050 20.5250 -1.250899 0.028970
41060 20.5300 -1.250905 0.028966
41070 20.5350 -1.251096 0.028809
41080 20.5400 -1.251262 0.028672
41090 20.5450 -1.251413 0.028548
41100 20.5500 -1.251786 0.028243
41110 20.5550 -1.252371 0.027767
41120 20.5600 -1.253208 0.027091
41130 20.5650 -1.254202 0.026296
41140 20.5700 -1.255321 0.025412
41150 20.5750 -1.256592 0.024421
41160 20.5800 -1.257980 0.023355
41170 20.5850 -1.259578 0.022149
41180 20.5900 -1.261084 0.021033
41190 20.5950 -1.262633 0.019906
41200 20.6000 -1.264287 0.018725
41210 20.6050 -1.265957 0.017557
41220 20.6100 -1.267707 0.016359
41230 20.6150 -1.269570 0.015114
41240 20.6200 -1.271394 0.013924
41250 20.6250 -1.273209 0.012769
41260 20.6300 -1.274891 0.011724
41270 20.6350 -1.276337 0.010846
41280 20.6400 -1.277402 0.010211
41290 20.6450 -1.278322 0.009670
41300 20.6500 -1.279212 0.009154
41310 20.6550 -1.279858 0.008783
41320 20.6600 -1.280416 0.008467
41330 20.6650 -1.281110 0.008076
41340 20.6700 -1.281689 0.007754
41350 20.6750 -1.282103 0.007525
41360 20.6800 -1.282483 0.007316
41370 20.6850 -1.282885 0.007097
41380 20.6900 -1.283222 0.006914
41390 20.6950 -1.283522 0.006752
41400 20.7000 -1.283768 0.006620
41410 20.7050 -1.283903 0.006548
41420 20.7100 -1.283734 0.006638
41430 20.7150 -1.283325 0.006858
41440 20.7200 -1.282742 0.007175
41450 20.7250 -1.281982 0.007592
41460 20.7300 -1.281176 0.008039
41470 20.7350 -1.280191 0.008594
41480 20.7400 -1.278926 0.009319
41490 20.7450 -1.277564 0.010114
41500 20.7500 -1.276041 0.011024
41510 20.7550 -1.274597 0.011707
41520 20.7600 -1.273144 0.012600
41530 20.7650 -1.271541 0.013606
41540 20.7700 -1.270000 0.014594
41550 20.7750 -1.268338 0.015684
41560 20.7800 -1.266735 0.016758
41570 20.7850 -1.265045 0.017915
41580 20.7900 -1.263104 0.019274
41590 20.7950 -1.260884 0.020870
41600 20.8000 -1.258778 0.022423
41610 20.8050 -1.256820 0.023903
41620 20.8100 -1.254886 0.025397
41630 20.8150 -1.252770 0.027069
41640 20.8200 -1.250783 0.028676
41650 20.8250 -1.248683 0.030411
41660 20.8300 -1.246478 0.032275
41670 20.8350 -1.244304 0.034155
41680 20.8400 -1.242183 0.036029
41690 20.8450 -1.240106 0.037903
41700 20.8500 -1.238009 0.039833
41710 20.8550 -1.236056 0.041666
41720 20.8600 -1.234250 0.043390
41730 20.8650 -1.232374 0.045213
41740 20.8700 -1.230319 0.047244
41750 20.8750 -1.228027 0.049555
41760 20.8800 -1.225973 0.051663
41770 20.8850 -1.224159 0.053557
41780 20.8900 -1.222485 0.055332
41790 20.8950 -1.220896 0.057039
41800 20.9000 -1.219467 0.058593
41810 20.9050 -1.218097 0.060099
41820 20.9100 -1.216847 0.061489
41830 20.9150 -1.215750 0.062719
41840 20.9200 -1.214752 0.063847
41850 20.9250 -1.213760 0.064979
41860 20.9300 -1.212660 0.066243
41870 20.9350 -1.211721 0.067330
41880 20.9400 -1.210901 0.068286
41890 20.9450 -1.210135 0.069185
41900 20.9500 -1.209303 0.070167
41910 20.9550 -1.208595 0.071008
41920 20.9600 -1.207911 0.071824
41930 20.9650 -1.207041 0.072867
41940 20.9700 -1.206089 0.074019
41950 20.9750 -1.205301 0.074976
41960 20.9800 -1.204288 0.076217
41970 20.9850 -1.203143 0.077629
41980 20.9900 -1.201949 0.079113
41990 20.9950 -1.200966 0.080347
42000 21.0000 -1.199966 0.081609
42010 21.0050 -1.198922 0.081055
42020 21.0100 -1.197990 0.082230
42030 21.0150 -1.197019 0.083461
42040 21.0200 -1.196338 0.084331
42050 21.0250 -1.195635 0.085232
42060 21.0300 -1.194810 0.086294
42070 21.0350 -1.194150 0.087150
42080 21.0400 -1.193821 0.087577
42090 21.0450 -1.193658 0.087790
42100 21.0500 -1.193685 0.087754
42110 21.0550 -1.193531 0.087955
42120 21.0600 -1.193368 0.088167
42130 21.0650 -1.193345 0.088198
42140 21.0700 -1.193293 0.088266
42150 21.0750 -1.192995 0.088655
42160 21.0800 -1.192787 0.088928
42170 21.0850 -1.192757 0.088968
42180 21.0900 -1.192995 0.088655
42190 21.0950 -1.193316 0.088236
42200 21.1000 -1.193805 0.087598
42210 21.1050 -1.194306 0.086947
42220 21.1100 -1.194518 0.086673
42230 21.1150 -1.194785 0.086326
42240 21.1200 -1.195193 0.085801
42250 21.1250 -1.195464 0.085452
42260 21.1300 -1.195874 0.084924
42270 21.1350 -1.196276 0.084409
42280 21.1400 -1.196733 0.083826
42290 21.1450 -1.197214 0.083213
42300 21.1500 -1.197626 0.082690
42310 21.1550 -1.198117 0.082069
42320 21.1600 -1.198815 0.081190
42330 21.1650 -1.199788 0.079971
42340 21.1700 -1.200980 0.078490
42350 21.1750 -1.202354 0.076797
42360 21.1800 -1.203722 0.075129
42370 21.1850 -1.205179 0.073371
42380 21.1900 -1.206878 0.071344
42390 21.1950 -1.208527 0.069402
42400 21.2000 -1.210212 0.067441
42410 21.2050 -1.212064 0.065316
42420 21.2100 -1.213978 0.063152
42430 21.2150 -1.215958 0.060947
42440 21.2200 -1.217780 0.058948
42450 21.2250 -1.219737 0.056834
42460 21.2300 -1.221540 0.054917
42470 21.2350 -1.223406 0.052962
42480 21.2400 -1.225433 0.050874
42490 21.2450 -1.227185 0.049098
42500 21.2500 -1.228679 0.047606
42510 21.2550 -1.229850 0.045467
42520 21.2600 -1.231064 0.044298
42530 21.2650 -1.232411 0.043017
42540 21.2700 -1.233547 0.041949
42550 21.2750 -1.234563 0.041003
42560 21.2800 -1.235476 0.040161
42570 21.2850 -1.236408 0.039310
42580 21.2900 -1.237487 0.038333
42590 21.2950 -1.238602 0.037335
42600 21.3000 -1.239605 0.036446
42610 21.3050 -1.240409 0.035739
42620 21.3100 -1.241058 0.035174
42630 21.3150 -1.241592 0.034711
42640 21.3200 -1.242146 0.034233
42650 21.3250 -1.242647 0.033804
42660 21.3300 -1.242898 0.033589
42670 21.3350 -1.243184 0.033346
42680 21.3400 -1.243311 0.033238
42690 21.3450 -1.243577 0.033013
42700 21.3500 -1.243901 0.032738
42710 21.3550 -1.244110 0.032562
42720 21.3600 -1.244150 0.032529
42730 21.3650 -1.244192 0.032493
42740 21.3700 -1.244155 0.032525
42750 21.3750 -1.243953 0.032695
42760 21.3800 -1.243525 0.033056
42770 21.3850 -1.243162 0.033365
42780 21.3900 -1.242870 0.033613
42790 21.3950 -1.242646 0.033805
42800 21.4000 -1.242493 0.033936
42810 21.4050 -1.242106 0.034268
42820 21.4100 -1.241602 0.034702
42830 21.4150 -1.241248 0.035009
42840 21.4200 -1.240906 0.035305
42850 21.4250 -1.240641 0.035537
42860 21.4300 -1.240606 0.035568
42870 21.4350 -1.240648 0.035531
42880 21.4400 -1.240598 0.035574
42890 21.4450 -1.240327 0.035811
42900 21.4500 -1.239849 0.036231
42910 21.4550 -1.239290 0.036724
42920 21.4600 -1.238699 0.037248
42930 21.4650 -1.237843 0.038013
42940 21.4700 -1.237076 0.038703
42950 21.4750 -1.236385 0.039330
42960 21.4800 -1.235766 0.039896
42970 21.4850 -1.235065 0.040539
42980 21.4900 -1.234235 0.041308
42990 21.4950 -1.233565 0.041933
43000 21.5000 -1.232932 0.042526
43010 21.5050 -1.232125 0.042401
43020 21.5100 -1.231336 0.043141
43030 21.5150 -1.230563 0.043871
43040 21.5200 -1.229759 0.044636
43050 21.5250 -1.229060 0.045305
43060 21.5300 -1.228391 0.045951
43070 21.5350 -1.227892 0.046434
43080 21.5400 -1.227508 0.046808
43090 21.5450 -1.227108 0.047199
43100 21.5500 -1.226705 0.047594
43110 21.5550 -1.226322 0.047971
43120 21.5600 -1.225881 0.048406
43130 21.5650 -1.225414 0.048869
43140 21.5700 -1.224931 0.049350
43150 21.5750 -1.224440 0.049841
43160 21.5800 -1.223929 0.050354
43170 21.5850 -1.223330 0.050958
43180 21.5900 -1.222940 0.051354
43190 21.5950 -1.222753 0.051544
43200 21.6000 -1.222434 0.051868
43210 21.6050 -1.222242 0.052065
43220 21.6100 -1.222230 0.052077
43230 21.6150 -1.222183 0.052124
43240 21.6200 -1.222172 0.052136
43250 21.6250 -1.222369 0.051935
43260 21.6300 -1.222540 0.051760
43270 21.6350 -1.222640 0.051658
43280 21.6400 -1.222552 0.051748
43290 21.6450 -1.222353 0.051951
43300 21.6500 -1.222320 0.051984
43310 21.6550 -1.222546 0.051754
43320 21.6600 -1.222846 0.051449
43330 21.6650 -1.223284 0.051005
43340 21.6700 -1.223750 0.050534
43350 21.6750 -1.224114 0.050168
43360 21.6800 -1.224330 0.049951
43370 21.6850 -1.224645 0.049635
43380 21.6900 -1.225014 0.049267
43390 21.6950 -1.225444 0.048839
43400 21.7000 -1.225786 0.048500
43410 21.7050 -1.226261 0.048031
43420 21.7100 -1.226763 0.047537
43430 21.7150 -1.227189 0.047120
43440 21.7200 -1.227500 0.046816
43450 21.7250 -1.227574 0.046744
43460 21.7300 -1.227593 0.046725
43470 21.7350 -1.227543 0.046774
43480 21.7400 -1.227399 0.046915
43490 21.7450 -1.227211 0.047098
43500 21.7500 -1.227127 0.047181
43510 21.7550 -1.226984 0.046334
43520 21.7600 -1.226713 0.046596
43530 21.7650 -1.226441 0.046860
43540 21.7700 -1.225941 0.047346
43550 21.7750 -1.225287 0.047985
43560 21.7800 -1.224733 0.048530
43570 21.7850 -1.224461 0.048798
43580 21.7900 -1.224290 0.048967
43590 21.7950 -1.224205 0.049051
43600 21.8000 -1.224179 0.049078
43610 21.8050 -1.224456 0.048803
43620 21.8100 -1.224780 0.048483
43630 21.8150 -1.225142 0.048128
43640 21.8200 -1.225491 0.047785
43650 21.8250 -1.226150 0.047143
43660 21.8300 -1.226985 0.046333
43670 21.8350 -1.227885 0.045468
43680 21.8400 -1.228791 0.044604
43690 21.8450 -1.229953 0.043506
43700 21.8500 -1.231161 0.042378
43710 21.8550 -1.232143 0.041471
43720 21.8600 -1.233134 0.040563
43730 21.8650 -1.234259 0.039543
43740 21.8700 -1.235579 0.038361
43750 21.8750 -1.237044 0.037067
43760 21.8800 -1.238508 0.035793
43770 21.8850 -1.239865 0.034629
43780 21.8900 -1.241268 0.033442
43790 21.8950 -1.242904 0.032080
43800 21.9000 -1.244376 0.030875
43810 21.9050 -1.245681 0.029822
43820 21.9100 -1.246893 0.028858
43830 21.9150 -1.248014 0.027977
43840 21.9200 -1.249142 0.027103
43850 21.9250 -1.250203 0.026290
43860 21.9300 -1.251276 0.025479
43870 21.9350 -1.252167 0.024812
43880 21.9400 -1.252956 0.024228
43890 21.9450 -1.253668 0.023705
43900 21.9500 -1.254252 0.023280
43910 21.9550 -1.254880 0.022826
43920 21.9600 -1.255639 0.022282
43930 21.9650 -1.256374 0.021760
43940 21.9700 -1.257086 0.021259
43950 21.9750 -1.257595 0.020903
43960 21.9800 -1.257989 0.020629
43970 21.9850 -1.258373 0.020363
43980 21.9900 -1.258842 0.020041
43990 21.9950 -1.259069 0.019886
44000 22.0000 -1.259094 0.019869
44010 22.0050 -1.259104 0.019500
44020 22.0100 -1.258882 0.019650
44030 22.0150 -1.258501 0.019908
44040 22.0200 -1.258010 0.020242
44050 22.0250 -1.257496 0.020595
44060 22.0300 -1.256802 0.021075
44070 22.0350 -1.256245 0.021463
44080 22.0400 -1.255768 0.021798
44090 22.0450 -1.254973 0.022360
44100 22.0500 -1.253994 0.023059
44110 22.0550 -1.252862 0.023879
44120 22.0600 -1.251622 0.024789
44130 22.0650 -1.250396 0.025703
44140 22.0700 -1.249171 0.026629
44150 22.0750 -1.247920 0.027588
44160 22.0800 -1.246716 0.028525
44170 22.0850 -1.245510 0.029475
44180 22.0900 -1.244494 0.030286
44190 22.0950 -1.243533 0.031061
44200 22.1000 -1.242580 0.031838
44210 22.1050 -1.241448 0.032771
44220 22.1100 -1.240216 0.033800
44230 22.1150 -1.238909 0.034905
44240 22.1200 -1.237459 0.036150
44250 22.1250 -1.235971 0.037446
44260 22.1300 -1.234422 0.038816
44270 22.1350 -1.232867 0.040212
44280 22.1400 -1.231371 0.041576
44290 22.1450 -1.229773 0.043055
44300 22.1500 -1.228020 0.044703
44310 22.1550 -1.226240 0.046404
44320 22.1600 -1.224431 0.048161
44330 22.1650 -1.222798 0.049773
44340 22.1700 -1.221107 0.051466
44350 22.1750 -1.219395 0.053207
44360 22.1800 -1.217729 0.054925
44370 22.1850 -1.216176 0.056550
44380 22.1900 -1.214563 0.058260
44390 22.1950 -1.212936 0.060007
44400 22.2000 -1.211404 0.061675
44410 22.2050 -1.210015 0.063204
44420 22.2100 -1.208536 0.064851
44430 22.2150 -1.207023 0.066557
44440 22.2200 -1.205700 0.068066
44450 22.2250 -1.204645 0.069279
44460 22.2300 -1.203725 0.070346
44470 22.2350 -1.202915 0.071292
44480 22.2400 -1.202272 0.072046
44490 22.2450 -1.201786 0.072618
44500 22.2500 -1.201319 0.073171
44510 22.2550 -1.200739 0.072242
44520 22.2600 -1.200115 0.072975
44530 22.2650 -1.199586 0.073600
44540 22.2700 -1.199242 0.074007
44550 22.2750 -1.199040 0.074247
44560 22.2800 -1.198891 0.074424
44570 22.2850 -1.198898 0.074416
44580 22.2900 -1.198938 0.074368
44590 22.2950 -1.198839 0.074485
44600 22.3000 -1.198746 0.074597
44610 22.3050 -1.198868 0.074451
44620 22.3100 -1.198952 0.074351
44630 22.3150 -1.198980 0.074317
44640 22.3200 -1.199053 0.074231
44650 22.3250 -1.199151 0.074114
44660 22.3300 -1.199493 0.073709
44670 22.3350 -1.199723 0.073438
44680 22.3400 -1.199884 0.073248
44690 22.3450 -1.200109 0.072983
44700 22.3500 -1.200491 0.072533
44710 22.3550 -1.200909 0.072042
44720 22.3600 -1.201243 0.071651
44730 22.3650 -1.201680 0.071142
44740 22.3700 -1.202066 0.070694
44750 22.3750 -1.202379 0.070331
44760 22.3800 -1.202662 0.070004
44770 22.3850 -1.203191 0.069394
44780 22.3900 -1.203852 0.068635
44790 22.3950 -1.204679 0.067691
44800 22.4000 -1.205661 0.066578
44810 22.4050 -1.206709 0.065400
44820 22.4100 -1.208108 0.063843
44830 22.4150 -1.209580 0.062223
44840 22.4200 -1.211180 0.060485
44850 22.4250 -1.212917 0.058622
44860 22.4300 -1.214707 0.056731
44870 22.4350 -1.216533 0.054832
44880 22.4400 -1.218472 0.052847
44890 22.4450 -1.220319 0.050987
44900 22.4500 -1.222110 0.049212
44910 22.4550 -1.223993 0.047377
44920 22.4600 -1.225886 0.045564
44930 22.4650 -1.227717 0.043840
44940 22.4700 -1.229647 0.042054
44950 22.4750 -1.231498 0.040374
44960 22.4800 -1.233354 0.038719
44970 22.4850 -1.235148 0.037147
44980 22.4900 -1.236879 0.035658
44990 22.4950 -1.238343 0.034420
45000 22.5000 -1.239853 0.033161
45010 22.5050 -1.241180 0.031435
45020 22.5100 -1.242506 0.030376
45030 22.5150 -1.243783 0.029372
45040 22.5200 -1.244936 0.028477
45050 22.5250 -1.246079 0.027602
45060 22.5300 -1.247197 0.026757
45070 22.5350 -1.248423 0.025844
45080 22.5400 -1.249647 0.024944
45090 22.5450 -1.250969 0.023988
45100 22.5500 -1.252026 0.023234
45110 22.5550 -1.252871 0.022639
45120 22.5600 -1.253514 0.022190
45130 22.5650 -1.254259 0.021674
45140 22.5700 -1.254742 0.021343
45150 22.5750 -1.255130 0.021077
45160 22.5800 -1.255470 0.020846
45170 22.5850 -1.255786 0.020633
45180 22.5900 -1.255940 0.020529
45190 22.5950 -1.256156 0.020383
45200 22.6000 -1.256206 0.020350
45210 22.6050 -1.256290 0.020293
45220 22.6100 -1.255943 0.020526
45230 22.6150 -1.255419 0.020881
45240 22.6200 -1.254803 0.021301
45250 22.6250 -1.254103 0.021782
45260 22.6300 -1.253456 0.022230
45270 22.6350 -1.252642 0.022799
45280 22.6400 -1.251700 0.023465
45290 22.6450 -1.250629 0.024232
45300 22.6500 -1.249552 0.025013
45310 22.6550 -1.248452 0.025822
45320 22.6600 -1.247097 0.026832
45330 22.6650 -1.245351 0.028158
45340 22.6700 -1.243554 0.029551
45350 22.6750 -1.241721 0.031001
45360 22.6800 -1.239911 0.032462
45370 22.6850 -1.238141 0.033917
45380 22.6900 -1.236363 0.035408
45390 22.6950 -1.234730 0.036802
45400 22.7000 -1.233087 0.038227
45410 22.7050 -1.231485 0.039640
45420 22.7100 -1.230012 0.040960
45430 22.7150 -1.228665 0.042183
45440 22.7200 -1.227571 0.043188
45450 22.7250 -1.226474 0.044207
45460 22.7300 -1.225160 0.045441
45470 22.7350 -1.223711 0.046820
45480 22.7400 -1.222284 0.048196
45490 22.7450 -1.220957 0.049492
45500 22.7500 -1.219890 0.050544
45510 22.7550 -1.218980 0.050386
45520 22.7600 -1.218159 0.051199
45530 22.7650 -1.217519 0.051836
45540 22.7700 -1.216980 0.052375
45550 22.7750 -1.216436 0.052924
45560 22.7800 -1.215794 0.053572
45570 22.7850 -1.215303 0.054072
45580 22.7900 -1.214786 0.054599
45590 22.7950 -1.214077 0.055328
45600 22.8000 -1.213300 0.056130
45610 22.8050 -1.212370 0.057098
45620 22.8100 -1.211603 0.057902
45630 22.8150 -1.210883 0.058661
45640 22.8200 -1.210174 0.059414
45650 22.8250 -1.209444 0.060193
45660 22.8300 -1.208600 0.061100
45670 22.8350 -1.207792 0.061974
45680 22.8400 -1.206891 0.062956
45690 22.8450 -1.206040 0.063890
45700 22.8500 -1.205360 0.064640
45710 22.8550 -1.204720 0.065350
45720 22.8600 -1.204176 0.065957
45730 22.8650 -1.203502 0.066712
45740 22.8700 -1.202974 0.067307
45750 22.8750 -1.202435 0.067917
45760 22.8800 -1.201766 0.068677
45770 22.8850 -1.201078 0.069463
45780 22.8900 -1.200287 0.070371
45790 22.8950 -1.199569 0.071200
45800 22.9000 -1.198973 0.071893
45810 22.9050 -1.198450 0.072503
45820 22.9100 -1.198288 0.072692
45830 22.9150 -1.198399 0.072562
45840 22.9200 -1.198490 0.072456
45850 22.9250 -1.198548 0.072388
45860 22.9300 -1.198653 0.072265
45870 22.9350 -1.198859 0.072026
45880 22.9400 -1.199173 0.071660
45890 22.9450 -1.199554 0.071218
45900 22.9500 -1.199947 0.070763
45910 22.9550 -1.200419 0.070219
45920 22.9600 -1.201191 0.069333
45930 22.9650 -1.202008 0.068401
45940 22.9700 -1.202848 0.067449
45950 22.9750 -1.203951 0.066209
45960 22.9800 -1.204900 0.065150
45970 22.9850 -1.205726 0.064235
45980 22.9900 -1.206492 0.063392
45990 22.9950 -1.207200 0.062618
46000 23.0000 -1.207915 0.061840
46010 23.0050 -1.208538 0.059856
46020 23.0100 -1.208957 0.059411
46030 23.0150 -1.209135 0.059223
46040 23.0200 -1.209252 0.059099
46050 23.0250 -1.209303 0.059045
46060 23.0300 -1.209256 0.059095
46070 23.0350 -1.209452 0.058888
46080 23.0400 -1.209773 0.058550
46090 23.0450 -1.210247 0.058052
46100 23.0500 -1.210662 0.057617
46110 23.0550 -1.211216 0.057040
46120 23.0600 -1.211621 0.056620
46130 23.0650 -1.212107 0.056117
46140 23.0700 -1.212742 0.055464
46150 23.0750 -1.213324 0.054867
46160 23.0800 -1.213669 0.054516
46170 23.0850 -1.213779 0.054404
46180 23.0900 -1.213723 0.054461
46190 23.0950 -1.213884 0.054297
46200 23.1000 -1.213941 0.054239
46210 23.1050 -1.214118 0.054059
46220 23.1100 -1.214420 0.053753
46230 23.1150 -1.214843 0.053327
46240 23.1200 -1.215547 0.052619
46250 23.1250 -1.216414 0.051754
46260 23.1300 -1.217369 0.050809
46270 23.1350 -1.218263 0.049931
46280 23.1400 -1.218842 0.049367
46290 23.1450 -1.219383 0.048843
46300 23.1500 -1.220014 0.048234
46310 23.1550 -1.220680 0.047595
46320 23.1600 -1.221213 0.047087
46330 23.1650 -1.221979 0.046360
46340 23.1700 -1.222623 0.045754
46350 23.1750 -1.223137 0.045273
46360 23.1800 -1.223769 0.044684
46370 23.1850 -1.224290 0.044202
46380 23.1900 -1.224573 0.043941
46390 23.1950 -1.224790 0.043740
46400 23.2000 -1.224805 0.043727
46410 23.2050 -1.224509 0.044000
46420 23.2100 -1.224301 0.044192
46430 23.2150 -1.223963 0.044504
46440 23.2200 -1.223562 0.044877
46450 23.2250 -1.223134 0.045276
46460 23.2300 -1.222822 0.045567
46470 23.2350 -1.222511 0.045860
46480 23.2400 -1.222152 0.046197
46490 23.2450 -1.221620 0.046701
46500 23.2500 -1.220976 0.047313
46510 23.2550 -1.220203 0.039193
46520 23.2600 -1.219196 0.040152
46530 23.2650 -1.218103 0.041203
46540 23.2700 -1.216757 0.042511
46550 23.2750 -1.215183 0.044062
46560 23.2800 -1.213506 0.045738
46570 23.2850 -1.211810 0.047458
46580 23.2900 -1.209883 0.049444
46590 23.2950 -1.207766 0.051663
46600 23.3000 -1.205439 0.054149
46610 23.3050 -1.202994 0.056813
46620 23.3100 -1.200647 0.059420
46630 23.3150 -1.198354 0.062014
46640 23.3200 -1.195855 0.064895
46650 23.3250 -1.193133 0.068096
46660 23.3300 -1.190435 0.071336
46670 23.3350 -1.187648 0.074748
46680 23.3400 -1.184848 0.078249
46690 23.3450 -1.182111 0.081738
46700 23.3500 -1.179413 0.085243
46710 23.3550 -1.176820 0.088673
46720 23.3600 -1.174030 0.092431
46730 23.3650 -1.171284 0.096200
46740 23.3700 -1.168685 0.099827
46750 23.3750 -1.166147 0.103429
46760 23.3800 -1.163679 0.106988
46770 23.3850 -1.161579 0.110058
46780 23.3900 -1.159570 0.113034
46790 23.3950 -1.157496 0.116145
46800 23.4000 -1.155455 0.119244
46810 23.4050 -1.153501 0.122245
46820 23.4100 -1.151541 0.125292
46830 23.4150 -1.149707 0.128174
46840 23.4200 -1.148128 0.130678
46850 23.4250 -1.146766 0.132858
46860 23.4300 -1.145617 0.134710
46870 23.4350 -1.144844 0.135963
46880 23.4400 -1.144167 0.137064
46890 23.4450 -1.143591 0.138005
46900 23.4500 -1.143163 0.138706
46910 23.4550 -1.143027 0.138928
46920 23.4600 -1.143196 0.138651
46930 23.4650 -1.143519 0.138123
46940 23.4700 -1.144103 0.137168
46950 23.4750 -1.144922 0.135836
46960 23.4800 -1.145850 0.134334
46970 23.4850 -1.146808 0.132791
46980 23.4900 -1.147603 0.131517
46990 23.4950 -1.148695 0.129777
47000 23.5000 -1.150206 0.127386
47010 23.5050 -1.151809 0.122172
47020 23.5100 -1.153509 0.119575
47030 23.5150 -1.155226 0.116978
47040 23.5200 -1.157191 0.114040
47050 23.5250 -1.159196 0.111077
47060 23.5300 -1.161301 0.108005
47070 23.5350 -1.163574 0.104732
47080 23.5400 -1.165958 0.101351
47090 23.5450 -1.168358 0.097997
47100 23.5500 -1.170864 0.094551
47110 23.5550 -1.173519 0.090961
47120 23.5600 -1.176295 0.087274
47130 23.5650 -1.179054 0.083679
47140 23.5700 -1.181696 0.080300
47150 23.5750 -1.184300 0.077030
47160 23.5800 -1.186911 0.073812
47170 23.5850 -1.189551 0.070620
47180 23.5900 -1.192220 0.067457
47190 23.5950 -1.195068 0.064151
47200 23.6000 -1.197927 0.060904
47210 23.6050 -1.200767 0.057751
47220 23.6100 -1.203435 0.054854
47230 23.6150 -1.205854 0.052282
47240 23.6200 -1.208205 0.049831
47250 23.6250 -1.210570 0.047415
47260 23.6300 -1.213112 0.044874
47270 23.6350 -1.215678 0.042366
47280 23.6400 -1.218035 0.040114
47290 23.6450 -1.220392 0.037910
47300 23.6500 -1.222732 0.035771
47310 23.6550 -1.225135 0.033624
47320 23.6600 -1.227394 0.031652
47330 23.6650 -1.229787 0.029612
47340 23.6700 -1.232267 0.027551
47350 23.6750 -1.234785 0.025513
47360 23.6800 -1.237194 0.023615
47370 23.6850 -1.239365 0.021949
47380 23.6900 -1.241678 0.020219
47390 23.6950 -1.244100 0.018457
47400 23.7000 -1.246530 0.016741
47410 23.7050 -1.248964 0.015074
47420 23.7100 -1.251281 0.013535
47430 23.7150 -1.253649 0.012010
47440 23.7200 -1.256082 0.010494
47450 23.7250 -1.258368 0.009117
47460 23.7300 -1.260500 0.007874
47470 23.7350 -1.262501 0.006742
47480 23.7400 -1.264462 0.005667
47490 23.7450 -1.266408 0.004633
47500 23.7500 -1.268142 0.003740
47510 23.7550 -1.269609 0.002965
47520 23.7600 -1.270938 0.002323
47530 23.7650 -1.272021 0.001811
47540 23.7700 -1.272647 0.001519
47550 23.7750 -1.273028 0.001344
47560 23.7800 -1.273048 0.001335
47570 23.7850 -1.272612 0.001536
47580 23.7900 -1.271833 0.001899
47590 23.7950 -1.270554 0.002507
47600 23.8000 -1.269254 0.003138
47610 23.8050 -1.267731 0.003898
47620 23.8100 -1.266054 0.004757
47630 23.8150 -1.264188 0.005742
47640 23.8200 -1.262056 0.006905
47650 23.8250 -1.259632 0.008274
47660 23.8300 -1.256853 0.009908
47670 23.8350 -1.253735 0.011820
47680 23.8400 -1.250539 0.013869
47690 23.8450 -1.247219 0.016091
47700 23.8500 -1.243505 0.018691
47710 23.8550 -1.239672 0.021502
47720 23.8600 -1.235582 0.024643
47730 23.8650 -1.231265 0.028117
47740 23.8700 -1.227143 0.031587
47750 23.8750 -1.223006 0.035220
47760 23.8800 -1.218789 0.039079
47770 23.8850 -1.214778 0.042895
47780 23.8900 -1.210918 0.046701
47790 23.8950 -1.207090 0.050606
47800 23.9000 -1.203264 0.054639
47810 23.9050 -1.199424 0.058817
47820 23.9100 -1.195829 0.062847
47830 23.9150 -1.192293 0.066924
47840 23.9200 -1.188724 0.071150
47850 23.9250 -1.185216 0.075416
47860 23.9300 -1.182062 0.079346
47870 23.9350 -1.179195 0.082995
47880 23.9400 -1.176270 0.086792
47890 23.9450 -1.173242 0.090805
47900 23.9500 -1.170494 0.094518
47910 23.9550 -1.167733 0.098318
47920 23.9600 -1.165080 0.102033
47930 23.9650 -1.162443 0.105787
47940 23.9700 -1.160022 0.109291
47950 23.9750 -1.157837 0.112497
47960 23.9800 -1.155794 0.115535
47970 23.9850 -1.153554 0.118908
47980 23.9900 -1.151393 0.122207
47990 23.9950 -1.149478 0.125163
48000 24.0000 -1.147751 0.127859
48010 24.0050 -1.146349 0.127310
48020 24.0100 -1.145282 0.128976
48030 24.0150 -1.144512 0.130184
48040 24.0200 -1.143815 0.131284
48050 24.0250 -1.143271 0.132144
48060 24.0300 -1.142945 0.132661
48070 24.0350 -1.142660 0.133114
48080 24.0400 -1.142726 0.133009
48090 24.0450 -1.142966 0.132627
48100 24.0500 -1.143572 0.131667
48110 24.0550 -1.144281 0.130548
48120 24.0600 -1.145313 0.128927
48130 24.0650 -1.146670 0.126811
48140 24.0700 -1.148107 0.124587
48150 24.0750 -1.149639 0.122237
48160 24.0800 -1.151285 0.119736
48170 24.0850 -1.153165 0.116909
48180 24.0900 -1.155186 0.113905
48190 24.0950 -1.157606 0.110356
48200 24.1000 -1.160431 0.106281
48210 24.1050 -1.163512 0.101918
48220 24.1100 -1.166569 0.097672
48230 24.1150 -1.169672 0.093448
48240 24.1200 -1.172829 0.089238
48250 24.1250 -1.176091 0.084983
48260 24.1300 -1.179310 0.080875
48270 24.1350 -1.182513 0.076881
48280 24.1400 -1.185889 0.072768
48290 24.1450 -1.189402 0.068597
48300 24.1500 -1.192800 0.064666
48310 24.1550 -1.196166 0.060872
48320 24.1600 -1.199459 0.057259
48330 24.1650 -1.202547 0.053957
48340 24.1700 -1.205236 0.051150
48350 24.1750 -1.207812 0.048521
48360 24.1800 -1.210267 0.046070
48370 24.1850 -1.212660 0.043731
48380 24.1900 -1.214888 0.041600
48390 24.1950 -1.217080 0.039545
48400 24.2000 -1.219286 0.037520
48410 24.2050 -1.221406 0.035613
48420 24.2100 -1.223281 0.033961
48430 24.2150 -1.224995 0.032477
48440 24.2200 -1.226485 0.031207
48450 24.2250 -1.227521 0.030336
48460 24.2300 -1.228446 0.029566
48470 24.2350 -1.229038 0.029078
48480 24.2400 -1.229389 0.028789
48490 24.2450 -1.229760 0.028485
48500 24.2500 -1.230173 0.028149
48510 24.2550 -1.230385 0.027504
48520 24.2600 -1.230401 0.027492
48530 24.2650 -1.230273 0.027594
48540 24.2700 -1.230165 0.027680
48550 24.2750 -1.230090 0.027741
48560 24.2800 -1.229919 0.027878
48570 24.2850 -1.229336 0.028350
48580 24.2900 -1.228654 0.028904
48590 24.2950 -1.227992 0.029446
48600 24.3000 -1.227382 0.029949
48610 24.3050 -1.226830 0.030407
48620 24.3100 -1.225930 0.031160
48630 24.3150 -1.224727 0.032177
48640 24.3200 -1.223257 0.033437
48650 24.3250 -1.221285 0.035157
48660 24.3300 -1.219114 0.037090
48670 24.3350 -1.216840 0.039159
48680 24.3400 -1.214560 0.041279
48690 24.3450 -1.212084 0.043634
48700 24.3500 -1.209357 0.046289
48710 24.3550 -1.206507 0.049134
48720 24.3600 -1.203705 0.052001
48730 24.3650 -1.200785 0.055062
48740 24.3700 -1.197685 0.058396
48750 24.3750 -1.194632 0.061760
48760 24.3800 -1.191650 0.065128
48770 24.3850 -1.188568 0.068690
48780 24.3900 -1.185561 0.072248
48790 24.3950 -1.182484 0.075971
48800 24.4000 -1.179571 0.079573
48810 24.4050 -1.176805 0.083064
48820 24.4100 -1.173902 0.086800
48830 24.4150 -1.170923 0.090713
48840 24.4200 -1.167946 0.094704
48850 24.4250 -1.165274 0.098352
48860 24.4300 -1.162905 0.101640
48870 24.4350 -1.160815 0.104583
48880 24.4400 -1.158815 0.107436
48890 24.4450 -1.156874 0.110238
48900 24.4500 -1.154904 0.113118
48910 24.4550 -1.152974 0.115973
48920 24.4600 -1.151188 0.118645
48930 24.4650 -1.149516 0.121173
48940 24.4700 -1.147944 0.123572
48950 24.4750 -1.146520 0.125765
48960 24.4800 -1.145259 0.127722
48970 24.4850 -1.143994 0.129698
48980 24.4900 -1.142952 0.131337
48990 24.4950 -1.142043 0.132777
49000 24.5000 -1.141223 0.134080
49010 24.5050 -1.140464 0.132423
49020 24.5100 -1.139895 0.133320
49030 24.5150 -1.139446 0.134030
49040 24.5200 -1.139153 0.134495
49050 24.5250 -1.138988 0.134758
49060 24.5300 -1.138886 0.134920
49070 24.5350 -1.138924 0.134860
49080 24.5400 -1.139074 0.134622
49090 24.5450 -1.139352 0.134180
49100 24.5500 -1.139682 0.133656
49110 24.5550 -1.140214 0.132817
49120 24.5600 -1.140824 0.131856
49130 24.5650 -1.141322 0.131072
49140 24.5700 -1.141957 0.130079
49150 24.5750 -1.142910 0.128594
49160 24.5800 -1.144088 0.126770
49170 24.5850 -1.145328 0.124863
49180 24.5900 -1.146444 0.123158
49190 24.5950 -1.147534 0.121506
49200 24.6000 -1.148727 0.119707
49210 24.6050 -1.150010 0.117788
49220 24.6100 -1.151053 0.116238
49230 24.6150 -1.152357 0.114314
49240 24.6200 -1.153727 0.112310
49250 24.6250 -1.154842 0.110692
49260 24.6300 -1.156094 0.108887
49270 24.6350 -1.157383 0.107043
49280 24.6400 -1.158691 0.105188
49290 24.6450 -1.160426 0.102752
49300 24.6500 -1.162451 0.099940
49310 24.6550 -1.164592 0.097008
49320 24.6600 -1.166826 0.093992
49330 24.6650 -1.169318 0.090680
49340 24.6700 -1.172013 0.087161
49350 24.6750 -1.174868 0.083503
49360 24.6800 -1.177680 0.079970
49370 24.6850 -1.180553 0.076434
49380 24.6900 -1.183257 0.073172
49390 24.6950 -1.185560 0.070446
49400 24.7000 -1.187878 0.067748
49410 24.7050 -1.190315 0.064963
49420 24.7100 -1.192917 0.062048
49430 24.7150 -1.195513 0.059198
49440 24.7200 -1.198046 0.056474
49450 24.7250 -1.200432 0.053961
49460 24.7300 -1.202662 0.051657
49470 24.7350 -1.204739 0.049551
49480 24.7400 -1.206787 0.047510
49490 24.7450 -1.208828 0.045514
49500 24.7500 -1.210802 0.043618
49510 24.7550 -1.212877 0.040898
49520 24.7600 -1.214793 0.039147
49530 24.7650 -1.216497 0.037619
49540 24.7700 -1.218163 0.036147
49550 24.7750 -1.219674 0.034834
49560 24.7800 -1.221252 0.033484
49570 24.7850 -1.222910 0.032090
49580 24.7900 -1.224493 0.030780
49590 24.7950 -1.226126 0.029452
49600 24.8000 -1.227581 0.028288
49610 24.8050 -1.229118 0.027079
49620 24.8100 -1.230554 0.025968
49630 24.8150 -1.231807 0.025013
49640 24.8200 -1.232782 0.024279
49650 24.8250 -1.233709 0.023589
49660 24.8300 -1.234590 0.022941
49670 24.8350 -1.235323 0.022406
49680 24.8400 -1.235923 0.021971
49690 24.8450 -1.236287 0.021709
49700 24.8500 -1.236308 0.021694
49710 24.8550 -1.236179 0.021787
49720 24.8600 -1.235849 0.022025
49730 24.8650 -1.235383 0.022362
49740 24.8700 -1.234832 0.022764
49750 24.8750 -1.234076 0.023318
49760 24.8800 -1.233380 0.023833
49770 24.8850 -1.232587 0.024425
49780 24.8900 -1.231811 0.025009
49790 24.8950 -1.230922 0.025686
49800 24.9000 -1.229913 0.026461
49810 24.9050 -1.229010 0.027163
49820 24.9100 -1.228111 0.027869
49830 24.9150 -1.227126 0.028650
49840 24.9200 -1.226111 0.029464
49850 24.9250 -1.225029 0.030341
49860 24.9300 -1.223795 0.031355
49870 24.9350 -1.222480 0.032449
49880 24.9400 -1.221079 0.033631
49890 24.9450 -1.219713 0.034801
49900 24.9500 -1.218271 0.036053
49910 24.9550 -1.216864 0.037292
49920 24.9600 -1.215365 0.038631
49930 24.9650 -1.213628 0.040208
49940 24.9700 -1.211903 0.041799
49950 24.9750 -1.210227 0.043371
49960 24.9800 -1.208395 0.045118
49970 24.9850 -1.206505 0.046949
49980 24.9900 -1.204580 0.048847
49990 24.9950 -1.202692 0.050741
50000 25.0000 -1.200562 0.052914
50010 25.0050 -1.198500 0.054047
50020 25.0100 -1.196423 0.056214
50030 25.0150 -1.194355 0.058411
50040 25.0200 -1.192376 0.060549
50050 25.0250 -1.190230 0.062904
50060 25.0300 -1.188038 0.065354
50070 25.0350 -1.185730 0.067979
50080 25.0400 -1.183392 0.070685
50090 25.0450 -1.180979 0.073529
50100 25.0500 -1.178511 0.076492
50110 25.0550 -1.176086 0.079455
50120 25.0600 -1.173417 0.082776
50130 25.0650 -1.170685 0.086242
50140 25.0700 -1.167858 0.089899
50150 25.0750 -1.164918 0.093777
50160 25.0800 -1.161989 0.097716
50170 25.0850 -1.159097 0.101682
50180 25.0900 -1.156099 0.105871
50190 25.0950 -1.153119 0.110115
50200 25.1000 -1.150199 0.114351
50210 25.1050 -1.147470 0.118379
50220 25.1100 -1.144863 0.122289
50230 25.1150 -1.142572 0.125775
50240 25.1200 -1.140429 0.129080
50250 25.1250 -1.138391 0.132260
50260 25.1300 -1.136601 0.135084
50270 25.1350 -1.135028 0.137590
50280 25.1400 -1.133585 0.139909
50290 25.1450 -1.132397 0.141833
50300 25.1500 -1.131424 0.143417
50310 25.1550 -1.130601 0.144764
50320 25.1600 -1.129793 0.146092
50330 25.1650 -1.128998 0.147404
50340 25.1700 -1.128402 0.148392
50350 25.1750 -1.128045 0.148985
50360 25.1800 -1.128033 0.149005
50370 25.1850 -1.128285 0.148586
50380 25.1900 -1.128629 0.148015
50390 25.1950 -1.129274 0.146948
50400 25.2000 -1.129923 0.145878
50410 25.2050 -1.130894 0.144283
50420 25.2100 -1.132162 0.142214
50430 25.2150 -1.133763 0.139622
50440 25.2200 -1.135565 0.136733
50450 25.2250 -1.137388 0.133840
50460 25.2300 -1.139168 0.131043
50470 25.2350 -1.140860 0.128411
50480 25.2400 -1.142789 0.125443
50490 25.2450 -1.144861 0.122292
50500 25.2500 -1.147101 0.118929
50510 25.2550 -1.149597 0.112825
50520 25.2600 -1.152276 0.108980
50530 25.2650 -1.154870 0.105317
50540 25.2700 -1.157531 0.101623
50550 25.2750 -1.160211 0.097966
50560 25.2800 -1.162741 0.094571
50570 25.2850 -1.165387 0.091082
50580 25.2900 -1.168192 0.087451
50590 25.2950 -1.171212 0.083620
50600 25.3000 -1.174201 0.079908
50610 25.3050 -1.177300 0.076143
50620 25.3100 -1.180585 0.072244
50630 25.3150 -1.183918 0.068384
50640 25.3200 -1.187158 0.064728
50650 25.3250 -1.189995 0.061600
50660 25.3300 -1.192776 0.058604
50670 25.3350 -1.195656 0.055573
50680 25.3400 -1.198423 0.052729
50690 25.3450 -1.201117 0.050024
50700 25.3500 -1.203622 0.047566
50710 25.3550 -1.206015 0.045270
50720 25.3600 -1.208428 0.043004
50730 25.3650 -1.210775 0.040849
50740 25.3700 -1.213075 0.038784
50750 25.3750 -1.215205 0.036913
50760 25.3800 -1.217045 0.035328
50770 25.3850 -1.218793 0.033849
50780 25.3900 -1.220291 0.032603
50790 25.3950 -1.221576 0.031550
50800 25.4000 -1.222776 0.030580
50810 25.4050 -1.223728 0.029819
50820 25.4100 -1.224398 0.029287
50830 25.4150 -1.224891 0.028899
50840 25.4200 -1.225036 0.028785
50850 25.4250 -1.224924 0.028873
50860 25.4300 -1.224672 0.029072
50870 25.4350 -1.223977 0.029621
50880 25.4400 -1.223347 0.030122
50890 25.4450 -1.222816 0.030547
50900 25.4500 -1.222181 0.031060
50910 25.4550 -1.221423 0.031675
50920 25.4600 -1.220705 0.032263
50930 25.4650 -1.220079 0.032779
50940 25.4700 -1.219212 0.033499
50950 25.4750 -1.217929 0.034577
50960 25.4800 -1.216320 0.035949
50970 25.4850 -1.214452 0.037570
50980 25.4900 -1.212616 0.039192
50990 25.4950 -1.210720 0.040899
51000 25.5000 -1.208750 0.042706
51010 25.5050 -1.206882 0.043659
51020 25.5100 -1.205163 0.045271
51030 25.5150 -1.203480 0.046875
51040 25.5200 -1.201768 0.048532
51050 25.5250 -1.199981 0.050289
51060 25.5300 -1.198273 0.051994
51070 25.5350 -1.196708 0.053578
51080 25.5400 -1.195148 0.055179
51090 25.5450 -1.193579 0.056811
51100 25.5500 -1.192046 0.058426
51110 25.5550 -1.190283 0.060310
51120 25.5600 -1.188412 0.062338
51130 25.5650 -1.186555 0.064381
51140 25.5700 -1.184493 0.066686
51150 25.5750 -1.182194 0.069300
51160 25.5800 -1.179874 0.071984
51170 25.5850 -1.177407 0.074892
51180 25.5900 -1.174783 0.078043
51190 25.5950 -1.172126 0.081296
51200 25.6000 -1.169323 0.084795
51210 25.6050 -1.166444 0.088462
51220 25.6100 -1.163785 0.091915
51230 25.6150 -1.161266 0.095242
51240 25.6200 -1.158789 0.098570
51250 25.6250 -1.156544 0.101633
51260 25.6300 -1.154571 0.104362
51270 25.6350 -1.152627 0.107085
51280 25.6400 -1.150694 0.109826
51290 25.6450 -1.148987 0.112274
51300 25.6500 -1.147309 0.114706
51310 25.6550 -1.145546 0.117288
51320 25.6600 -1.143863 0.119780
51330 25.6650 -1.142459 0.121877
51340 25.6700 -1.141272 0.123665
51350 25.6750 -1.140397 0.124990
51360 25.6800 -1.139834 0.125846
51370 25.6850 -1.139614 0.126182
51380 25.6900 -1.139614 0.126182
51390 25.6950 -1.139882 0.125773
51400 25.7000 -1.140478 0.124866
51410 25.7050 -1.141119 0.123896
51420 25.7100 -1.141865 0.122770
51430 25.7150 -1.142594 0.121675
51440 25.7200 -1.143517 0.120295
51450 25.7250 -1.144531 0.118789
51460 25.7300 -1.145425 0.117467
51470 25.7350 -1.146204 0.116321
51480 25.7400 -1.147030 0.115113
51490 25.7450 -1.147887 0.113865
51500 25.7500 -1.148837 0.112491
51510 25.7550 -1.149993 0.105767
51520 25.7600 -1.151228 0.104029
51530 25.7650 -1.152696 0.101982
51540 25.7700 -1.154414 0.099610
51550 25.7750 -1.156260 0.097091
51560 25.7800 -1.158181 0.094500
51570 25.7850 -1.160246 0.091752
51580 25.7900 -1.162441 0.088873
51590 25.7950 -1.164758 0.085880
51600 25.8000 -1.167057 0.082958
51610 25.8050 -1.169615 0.079761
51620 25.8100 -1.172286 0.076484
51630 25.8150 -1.174892 0.073348
51640 25.8200 -1.177417 0.070366
51650 25.8250 -1.179663 0.067760
51660 25.8300 -1.181745 0.065385
51670 25.8350 -1.183848 0.063024
51680 25.8400 -1.185984 0.060666
51690 25.8450 -1.188189 0.058274
51700 25.8500 -1.190337 0.055984
51710 25.8550 -1.192252 0.053977
51720 25.8600 -1.193987 0.052187
51730 25.8650 -1.195654 0.050490
51740 25.8700 -1.197072 0.049067
51750 25.8750 -1.198365 0.047784
51760 25.8800 -1.199676 0.046499
51770 25.8850 -1.201036 0.045181
51780 25.8900 -1.202536 0.043746
51790 25.8950 -1.204143 0.042231
51800 25.9000 -1.205801 0.040691
51810 25.9050 -1.207354 0.039270
51820 25.9100 -1.208870 0.037903
51830 25.9150 -1.210390 0.036553
51840 25.9200 -1.211873 0.035255
51850 25.9250 -1.213111 0.034187
51860 25.9300 -1.214213 0.033246
51870 25.9350 -1.215111 0.032487
51880 25.9400 -1.215653 0.032033
51890 25.9450 -1.215768 0.031937
51900 25.9500 -1.215580 0.032094
51910 25.9550 -1.215284 0.032342
51920 25.9600 -1.214915 0.032653
51930 25.9650 -1.214541 0.032968
51940 25.9700 -1.214031 0.033401
51950 25.9750 -1.213574 0.033790
51960 25.9800 -1.213112 0.034185
51970 25.9850 -1.212389 0.034808
51980 25.9900 -1.211373 0.035691
51990 25.9950 -1.210226 0.036698
52000 26.0000 -1.209167 0.037638
52010 26.0050 -1.208085 0.037959
52020 26.0100 -1.206908 0.039014
52030 26.0150 -1.205583 0.040216
52040 26.0200 -1.204205 0.041482
52050 26.0250 -1.202981 0.042621
52060 26.0300 -1.201909 0.043628
52070 26.0350 -1.200903 0.044584
52080 26.0400 -1.199936 0.045510
52090 26.0450 -1.198689 0.046716
52100 26.0500 -1.197417 0.047961
52110 26.0550 -1.196344 0.049021
52120 26.0600 -1.195290 0.050074
52130 26.0650 -1.194237 0.051134
52140 26.0700 -1.193261 0.052126
52150 26.0750 -1.192285 0.053125
52160 26.0800 -1.191187 0.054260
52170 26.0850 -1.189869 0.055637
52180 26.0900 -1.188703 0.056868
52190 26.0950 -1.187326 0.058335
52200 26.1000 -1.185966 0.059803
52210 26.1050 -1.184914 0.060948
52220 26.1100 -1.183867 0.062097
52230 26.1150 -1.182868 0.063203
52240 26.1200 -1.181653 0.064560
52250 26.1250 -1.180388 0.065987
52260 26.1300 -1.179115 0.067437
52270 26.1350 -1.178087 0.068618
52280 26.1400 -1.177310 0.069516
52290 26.1450 -1.176575 0.070373
52300 26.1500 -1.175983 0.071065
52310 26.1550 -1.175290 0.071879
52320 26.1600 -1.174367 0.072970
52330 26.1650 -1.173412 0.074107
52340 26.1700 -1.172694 0.074967
52350 26.1750 -1.172076 0.075711
52360 26.1800 -1.171553 0.076342
52370 26.1850 -1.171105 0.076887
52380 26.1900 -1.170552 0.077559
52390 26.1950 -1.169912 0.078343
52400 26.2000 -1.169259 0.079144
52410 26.2050 -1.168849 0.079650
52420 26.2100 -1.168669 0.079872
52430 26.2150 -1.168523 0.080053
52440 26.2200 -1.168385 0.080225
52450 26.2250 -1.167929 0.080790
52460 26.2300 -1.167474 0.081357
52470 26.2350 -1.167197 0.081703
52480 26.2400 -1.167062 0.081871
52490 26.2450 -1.167183 0.081720
52500 26.2500 -1.167728 0.081041
52510 26.2550 -1.168317 0.078782
52520 26.2600 -1.168727 0.078282
52530 26.2650 -1.169107 0.077819
52540 26.2700 -1.169318 0.077563
52550 26.2750 -1.169771 0.077013
52560 26.2800 -1.170733 0.075852
52570 26.2850 -1.172053 0.074273
52580 26.2900 -1.173385 0.072695
52590 26.2950 -1.174837 0.070992
52600 26.3000 -1.176385 0.069198
52610 26.3050 -1.177974 0.067379
52620 26.3100 -1.179500 0.065651
52630 26.3150 -1.181148 0.063809
52640 26.3200 -1.182894 0.061883
52650 26.3250 -1.184598 0.060030
52660 26.3300 -1.186107 0.058410
52670 26.3350 -1.187764 0.056654
52680 26.3400 -1.189552 0.054785
52690 26.3450 -1.191529 0.052752
52700 26.3500 -1.193624 0.050635
52710 26.3550 -1.195838 0.048440
52720 26.3600 -1.197789 0.046540
52730 26.3650 -1.199469 0.044931
52740 26.3700 -1.201079 0.043412
52750 26.3750 -1.202591 0.042006
52760 26.3800 -1.204032 0.040685
52770 26.3850 -1.205496 0.039361
52780 26.3900 -1.206983 0.038035
52790 26.3950 -1.208486 0.036714
52800 26.4000 -1.210117 0.035304
52810 26.4050 -1.211798 0.033874
52820 26.4100 -1.213558 0.032402
52830 26.4150 -1.215230 0.031030
52840 26.4200 -1.216842 0.029730
52850 26.4250 -1.218419 0.028479
52860 26.4300 -1.219896 0.027327
52870 26.4350 -1.221244 0.026293
52880 26.4400 -1.222505 0.025339
52890 26.4450 -1.223352 0.024706
52900 26.4500 -1.224073 0.024173
52910 26.4550 -1.224523 0.023841
52920 26.4600 -1.224777 0.023656
52930 26.4650 -1.224734 0.023687
52940 26.4700 -1.224331 0.023983
52950 26.4750 -1.223829 0.024353
52960 26.4800 -1.223084 0.024906
52970 26.4850 -1.222282 0.025507
52980 26.4900 -1.221366 0.026200
52990 26.4950 -1.220234 0.027067
53000 26.5000 -1.219067 0.027971
53010 26.5050 -1.217690 0.028591
53020 26.5100 -1.216303 0.029685
53030 26.5150 -1.214893 0.030816
53040 26.5200 -1.213330 0.032089
53050 26.5250 -1.211811 0.033346
53060 26.5300 -1.210120 0.034770
53070 26.5350 -1.208251 0.036371
53080 26.5400 -1.206165 0.038196
53090 26.5450 -1.204030 0.040101
53100 26.5500 -1.201898 0.042044
53110 26.5550 -1.199641 0.044144
53120 26.5600 -1.197427 0.046248
53130 26.5650 -1.195381 0.048229
53140 26.5700 -1.193511 0.050072
53150 26.5750 -1.191938 0.051646
53160 26.5800 -1.190412 0.053193
53170 26.5850 -1.188807 0.054844
53180 26.5900 -1.187419 0.056289
53190 26.5950 -1.185920 0.057867
53200 26.6000 -1.184325 0.059570
53210 26.6050 -1.182647 0.061385
53220 26.6100 -1.181086 0.063095
53230 26.6150 -1.179664 0.064672
53240 26.6200 -1.178421 0.066066
53250 26.6250 -1.177112 0.067547
53260 26.6300 -1.175759 0.069094
53270 26.6350 -1.174362 0.070709
53280 26.6400 -1.172826 0.072503
53290 26.6450 -1.171389 0.074201
53300 26.6500 -1.170172 0.075654
53310 26.6550 -1.169163 0.076868
53320 26.6600 -1.168284 0.077934
53330 26.6650 -1.167126 0.079348
53340 26.6700 -1.165875 0.080887
53350 26.6750 -1.164877 0.082127
53360 26.6800 -1.164031 0.083183
53370 26.6850 -1.163375 0.084006
53380 26.6900 -1.162689 0.084873
53390 26.6950 -1.162070 0.085658
53400 26.7000 -1.161395 0.086517
53410 26.7050 -1.160857 0.087205
53420 26.7100 -1.160500 0.087664
53430 26.7150 -1.160243 0.087993
53440 26.7200 -1.159937 0.088388
53450 26.7250 -1.159795 0.088571
53460 26.7300 -1.159766 0.088609
53470 26.7350 -1.159809 0.088553
53480 26.7400 -1.160033 0.088264
53490 26.7450 -1.160339 0.087871
53500 26.7500 -1.160592 0.087545
53510 26.7550 -1.160871 0.085527
53520 26.7600 -1.161089 0.085251
53530 26.7650 -1.161290 0.084997
53540 26.7700 -1.161324 0.084955
53550 26.7750 -1.161390 0.084871
53560 26.7800 -1.161695 0.084488
53570 26.7850 -1.162025 0.084073
53580 26.7900 -1.162333 0.083688
53590 26.7950 -1.162624 0.083324
53600 26.8000 -1.162901 0.082978
53610 26.8050 -1.163475 0.082264
53620 26.8100 -1.164181 0.081390
53630 26.8150 -1.164790 0.080639
53640 26.8200 -1.165304 0.080009
53650 26.8250 -1.165681 0.079547
53660 26.8300 -1.166139 0.078988
53670 26.8350 -1.166755 0.078240
53680 26.8400 -1.167353 0.077516
53690 26.8450 -1.168078 0.076643
53700 26.8500 -1.168885 0.075676
53710 26.8550 -1.169843 0.074537
53720 26.8600 -1.170912 0.073276
53730 26.8650 -1.171690 0.072363
53740 26.8700 -1.172569 0.071339
53750 26.8750 -1.173365 0.070418
53760 26.8800 -1.174119 0.069550
53770 26.8850 -1.174885 0.068673
53780 26.8900 -1.175779 0.067656
53790 26.8950 -1.176750 0.066561
53800 26.9000 -1.177844 0.065336
53810 26.9050 -1.179009 0.064043
53820 26.9100 -1.180319 0.062603
53830 26.9150 -1.181889 0.060898
53840 26.9200 -1.183547 0.059120
53850 26.9250 -1.185278 0.057290
53860 26.9300 -1.187312 0.055173
53870 26.9350 -1.189624 0.052810
53880 26.9400 -1.192190 0.050243
53890 26.9450 -1.194809 0.047682
53900 26.9500 -1.197609 0.045010
53910 26.9550 -1.200329 0.042480
53920 26.9600 -1.202976 0.040079
53930 26.9650 -1.205718 0.037657
53940 26.9700 -1.208477 0.035285
53950 26.9750 -1.210925 0.033235
53960 26.9800 -1.213084 0.031472
53970 26.9850 -1.215028 0.029917
53980 26.9900 -1.217003 0.028371
53990 26.9950 -1.218704 0.027067
54000 27.0000 -1.220144 0.025983
54010 27.0050 -1.221352 0.024683
54020 27.0100 -1.222275 0.024014
54030 27.0150 -1.222947 0.023532
54040 27.0200 -1.223266 0.023305
54050 27.0250 -1.223595 0.023071
54060 27.0300 -1.223943 0.022825
54070 27.0350 -1.223980 0.022798
54080 27.0400 -1.223657 0.023027
54090 27.0450 -1.222966 0.023518
54100 27.0500 -1.222015 0.024202
54110 27.0550 -1.221099 0.024867
54120 27.0600 -1.220311 0.025445
54130 27.0650 -1.219337 0.026167
54140 27.0700 -1.218146 0.027061
54150 27.0750 -1.216634 0.028214
54160 27.0800 -1.214920 0.029544
54170 27.0850 -1.213129 0.030962
54180 27.0900 -1.211135 0.032573
54190 27.0950 -1.209126 0.034230
54200 27.1000 -1.207033 0.035994
54210 27.1050 -1.204725 0.037984
54220 27.1100 -1.202214 0.040202
54230 27.1150 -1.199836 0.042351
54240 27.1200 -1.197463 0.044547
54250 27.1250 -1.194973 0.046903
54260 27.1300 -1.192461 0.049334
54270 27.1350 -1.189935 0.051835
54280 27.1400 -1.187444 0.054356
54290 27.1450 -1.184935 0.056949
54300 27.1500 -1.182384 0.059644
54310 27.1550 -1.179591 0.062659
54320 27.1600 -1.176682 0.065872
54330 27.1650 -1.173783 0.069149
54340 27.1700 -1.170803 0.072593
54350 27.1750 -1.167986 0.075921
54360 27.1800 -1.165385 0.079057
54370 27.1850 -1.162992 0.081996
54380 27.1900 -1.160424 0.085204
54390 27.1950 -1.157837 0.088496
54400 27.2000 -1.155142 0.091989
54410 27.2050 -1.152461 0.095527
54420 27.2100 -1.150013 0.098814
54430 27.2150 -1.147750 0.101900
54440 27.2200 -1.145690 0.104748
54450 27.2250 -1.143608 0.107667
54460 27.2300 -1.141475 0.110696
54470 27.2350 -1.139466 0.113586
54480 27.2400 -1.137716 0.116134
54490 27.2450 -1.136010 0.118644
54500 27.2500 -1.134361 0.121094
54510 27.2550 -1.132603 0.121316
54520 27.2600 -1.130758 0.124079
54530 27.2650 -1.128978 0.126773
54540 27.2700 -1.127455 0.129099
54550 27.2750 -1.126311 0.130861
54560 27.2800 -1.125506 0.132107
54570 27.2850 -1.125184 0.132608
54580 27.2900 -1.124921 0.133018
54590 27.2950 -1.124921 0.133018
54600 27.3000 -1.124975 0.132933
54610 27.3050 -1.125106 0.132730
54620 27.3100 -1.125438 0.132213
54630 27.3150 -1.125780 0.131683
54640 27.3200 -1.126064 0.131243
54650 27.3250 -1.126635 0.130361
54660 27.3300 -1.127284 0.129362
54670 27.3350 -1.127810 0.128555
54680 27.3400 -1.128439 0.127594
54690 27.3450 -1.129073 0.126627
54700 27.3500 -1.130008 0.125210
54710 27.3550 -1.130823 0.123981
54720 27.3600 -1.131782 0.122542
54730 27.3650 -1.132792 0.121035
54740 27.3700 -1.134198 0.118953
54750 27.3750 -1.136017 0.116286
54760 27.3800 -1.137787 0.113718
54770 27.3850 -1.139378 0.111436
54780 27.3900 -1.141028 0.109090
54790 27.3950 -1.142736 0.106689
54800 27.4000 -1.144665 0.104009
54810 27.4050 -1.146782 0.101104
54820 27.4100 -1.148879 0.098267
54830 27.4150 -1.150791 0.095713
54840 27.4200 -1.152671 0.093235
54850 27.4250 -1.154979 0.090235
54860 27.4300 -1.157426 0.087105
54870 27.4350 -1.159953 0.083929
54880 27.4400 -1.162508 0.080775
54890 27.4450 -1.164836 0.077952
54900 27.4500 -1.167095 0.075258
54910 27.4550 -1.169188 0.072801
54920 27.4600 -1.171301 0.070360
54930 27.4650 -1.173665 0.067676
54940 27.4700 -1.175981 0.065094
54950 27.4750 -1.178302 0.062554
54960 27.4800 -1.180738 0.059938
54970 27.4850 -1.183032 0.057522
54980 27.4900 -1.185115 0.055368
54990 27.4950 -1.186928 0.053525
55000 27.5000 -1.188523 0.051927
55010 27.5050 -1.190149 0.049420
55020 27.5100 -1.191933 0.047704
55030 27.5150 -1.193506 0.046214
55040 27.5200 -1.195028 0.044793
55050 27.5250 -1.196490 0.043447
55060 27.5300 -1.197942 0.042129
55070 27.5350 -1.199395 0.040828
55080 27.5400 -1.200673 0.039700
55090 27.5450 -1.201666 0.038832
55100 27.5500 -1.202791 0.037859
55110 27.5550 -1.204117 0.036727
55120 27.5600 -1.205322 0.035711
55130 27.5650 -1.206272 0.034919
55140 27.5700 -1.207102 0.034234
55150 27.5750 -1.207967 0.033526
55160 27.5800 -1.208795 0.032854
55170 27.5850 -1.209645 0.032171
55180 27.5900 -1.210611 0.031402
55190 27.5950 -1.211547 0.030665
55200 27.6000 -1.212278 0.030093
55210 27.6050 -1.212900 0.029612
55220 27.6100 -1.213516 0.029137
55230 27.6150 -1.214096 0.028694
55240 27.6200 -1.214482 0.028400
55250 27.6250 -1.214867 0.028109
55260 27.6300 -1.215004 0.028006
55270 27.6350 -1.215157 0.027891
55280 27.6400 -1.215263 0.027811
55290 27.6450 -1.215306 0.027778
55300 27.6500 -1.215231 0.027835
55310 27.6550 -1.214895 0.028088
55320 27.6600 -1.214323 0.028522
55330 27.6650 -1.213802 0.028918
55340 27.6700 -1.213184 0.029392
55350 27.6750 -1.212485 0.029933
55360 27.6800 -1.211741 0.030512
55370 27.6850 -1.211104 0.031012
55380 27.6900 -1.210507 0.031484
55390 27.6950 -1.209708 0.032120
55400 27.7000 -1.208534 0.033065
55410 27.7050 -1.207126 0.034214
55420 27.7100 -1.205633 0.035451
55430 27.7150 -1.203830 0.036971
55440 27.7200 -1.202036 0.038510
55450 27.7250 -1.200128 0.040179
55460 27.7300 -1.198024 0.042055
55470 27.7350 -1.195756 0.044121
55480 27.7400 -1.193375 0.046337
55490 27.7450 -1.190906 0.048688
55500 27.7500 -1.188357 0.051170
55510 27.7550 -1.185770 0.052815
55520 27.7600 -1.183069 0.055537
55530 27.7650 -1.180139 0.058563
55540 27.7700 -1.177263 0.061605
55550 27.7750 -1.174463 0.064637
55560 27.7800 -1.171693 0.067705
55570 27.7850 -1.168762 0.071024
55580 27.7900 -1.165878 0.074363
55590 27.7950 -1.163144 0.077597
55600 27.8000 -1.160371 0.080944
55610 27.8050 -1.157353 0.084663
55620 27.8100 -1.154282 0.088532
55630 27.8150 -1.151012 0.092742
55640 27.8200 -1.147718 0.097079
55650 27.8250 -1.144645 0.101213
55660 27.8300 -1.141674 0.105289
55670 27.8350 -1.138954 0.109090
55680 27.8400 -1.136309 0.112848
55690 27.8450 -1.133776 0.116507
55700 27.8500 -1.131240 0.120227
55710 27.8550 -1.128693 0.124022
55720 27.8600 -1.126404 0.127482
55730 27.8650 -1.124429 0.130505
55740 27.8700 -1.122630 0.133289
55750 27.8750 -1.120997 0.135842
55760 27.8800 -1.119494 0.138213
55770 27.8850 -1.118067 0.140481
55780 27.8900 -1.116707 0.142662
55790 27.8950 -1.115339 0.144871
55800 27.9000 -1.113976 0.147091
55810 27.9050 -1.112880 0.148885
55820 27.9100 -1.112168 0.150058
55830 27.9150 -1.111469 0.151215
55840 27.9200 -1.111079 0.151860
55850 27.9250 -1.110770 0.152374
55860 27.9300 -1.110660 0.152557
55870 27.9350 -1.110910 0.152141
55880 27.9400 -1.111458 0.151232
55890 27.9450 -1.112188 0.150025
55900 27.9500 -1.113106 0.148515
55910 27.9550 -1.114070 0.146936
55920 27.9600 -1.115187 0.145118
55930 27.9650 -1.116478 0.143031
55940 27.9700 -1.117862 0.140809
55950 27.9750 -1.119290 0.138536
55960 27.9800 -1.120896 0.136000
55970 27.9850 -1.122597 0.133341
55980 27.9900 -1.124506 0.130387
55990 27.9950 -1.126299 0.127642
56000 28.0000 -1.128163 0.124819
56010 28.0050 -1.130120 0.119488
56020 28.0100 -1.132326 0.116270
56030 28.0150 -1.134656 0.112919
56040 28.0200 -1.136898 0.109740
56050 28.0250 -1.139158 0.106580
56060 28.0300 -1.141244 0.103706
56070 28.0350 -1.143176 0.101076
56080 28.0400 -1.145115 0.098471
56090 28.0450 -1.146945 0.096043
56100 28.0500 -1.148742 0.093687
56110 28.0550 -1.150473 0.091446
56120 28.0600 -1.152041 0.089437
56130 28.0650 -1.153543 0.087534
56140 28.0700 -1.155034 0.085665
56150 28.0750 -1.156674 0.083632
56160 28.0800 -1.158322 0.081612
56170 28.0850 -1.159891 0.079710
56180 28.0900 -1.161388 0.077918
56190 28.0950 -1.163096 0.075896
56200 28.1000 -1.164842 0.073855
56210 28.1050 -1.166668 0.071750
56220 28.1100 -1.168631 0.069518
56230 28.1150 -1.170698 0.067206
56240 28.1200 -1.172641 0.065067
56250 28.1250 -1.174510 0.063039
56260 28.1300 -1.176359 0.061065
56270 28.1350 -1.178211 0.059116
56280 28.1400 -1.180129 0.057129
56290 28.1450 -1.182046 0.055176
56300 28.1500 -1.184142 0.053076
56310 28.1550 -1.186273 0.050982
56320 28.1600 -1.188316 0.049010
56330 28.1650 -1.190391 0.047045
56340 28.1700 -1.192403 0.045175
56350 28.1750 -1.194301 0.043443
56360 28.1800 -1.196068 0.041859
56370 28.1850 -1.197623 0.040487
56380 28.1900 -1.198897 0.039379
56390 28.1950 -1.199983 0.038445
56400 28.2000 -1.200885 0.037677
56410 28.2050 -1.201646 0.037034
56420 28.2100 -1.202351 0.036443
56430 28.2150 -1.202820 0.036053
56440 28.2200 -1.203245 0.035701
56450 28.2250 -1.203471 0.035514
56460 28.2300 -1.203766 0.035271
56470 28.2350 -1.204161 0.034946
56480 28.2400 -1.204230 0.034890
56490 28.2450 -1.204017 0.035065
56500 28.2500 -1.203427 0.035550
56510 28.2550 -1.202534 0.035682
56520 28.2600 -1.201435 0.036593
56530 28.2650 -1.200074 0.037735
56540 28.2700 -1.198349 0.039207
56550 28.2750 -1.196491 0.040820
56560 28.2800 -1.194599 0.042494
56570 28.2850 -1.192402 0.044476
56580 28.2900 -1.190087 0.046610
56590 28.2950 -1.187612 0.048944
56600 28.3000 -1.185160 0.051307
56610 28.3050 -1.182718 0.053713
56620 28.3100 -1.180344 0.056102
56630 28.3150 -1.178038 0.058470
56640 28.3200 -1.175856 0.060754
56650 28.3250 -1.173616 0.063141
56660 28.3300 -1.171360 0.065589
56670 28.3350 -1.168898 0.068312
56680 28.3400 -1.166332 0.071207
56690 28.3450 -1.163748 0.074180
56700 28.3500 -1.161138 0.077242
56710 28.3550 -1.158460 0.080447
56720 28.3600 -1.155870 0.083607
56730 28.3650 -1.153318 0.086779
56740 28.3700 -1.150753 0.090024
56750 28.3750 -1.148207 0.093303
56760 28.3800 -1.145713 0.096571
56770 28.3850 -1.143114 0.100035
56780 28.3900 -1.140401 0.103715
56790 28.3950 -1.137812 0.107288
56800 28.4000 -1.135190 0.110967
56810 28.4050 -1.132698 0.114521
56820 28.4100 -1.130182 0.118164
56830 28.4150 -1.127555 0.122031
56840 28.4200 -1.124977 0.125883
56850 28.4250 -1.122367 0.129844
56860 28.4300 -1.119894 0.133654
56870 28.4350 -1.117414 0.137531
56880 28.4400 -1.115052 0.141274
56890 28.4450 -1.112745 0.144977
56900 28.4500 -1.110552 0.148544
56910 28.4550 -1.108493 0.151930
56920 28.4600 -1.106465 0.155304
56930 28.4650 -1.104836 0.158041
56940 28.4700 -1.103032 0.161100
56950 28.4750 -1.101291 0.164080
56960 28.4800 -1.099493 0.167187
56970 28.4850 -1.097773 0.170186
56980 28.4900 -1.095957 0.173382
56990 28.4950 -1.094194 0.176512
57000 28.5000 -1.092478 0.179587
57010 28.5050 -1.090711 0.179108
57020 28.5100 -1.089196 0.181828
57030 28.5150 -1.087904 0.184165
57040 28.5200 -1.086845 0.186091
57050 28.5250 -1.085969 0.187692
57060 28.5300 -1.085261 0.188991
57070 28.5350 -1.084770 0.189895
57080 28.5400 -1.084338 0.190690
57090 28.5450 -1.083861 0.191573
57100 28.5500 -1.083542 0.192163
57110 28.5550 -1.083506 0.192230
57120 28.5600 -1.083612 0.192033
57130 28.5650 -1.083852 0.191589
57140 28.5700 -1.084120 0.191093
57150 28.5750 -1.084665 0.190087
57160 28.5800 -1.085211 0.189083
57170 28.5850 -1.085718 0.188151
57180 28.5900 -1.086491 0.186736
57190 28.5950 -1.087415 0.185053
57200 28.6000 -1.088314 0.183421
57210 28.6050 -1.089217 0.181790
57220 28.6100 -1.090117 0.180173
57230 28.6150 -1.090805 0.178941
57240 28.6200 -1.091627 0.177473
57250 28.6250 -1.092182 0.176487
57260 28.6300 -1.092959 0.175111
57270 28.6350 -1.093806 0.173616
57280 28.6400 -1.094883 0.171725
57290 28.6450 -1.095990 0.169793
57300 28.6500 -1.097238 0.167626
57310 28.6550 -1.098508 0.165437
57320 28.6600 -1.099960 0.162952
57330 28.6650 -1.101610 0.160150
57340 28.6700 -1.103412 0.157117
57350 28.6750 -1.105266 0.154029
57360 28.6800 -1.107051 0.151084
57370 28.6850 -1.108790 0.148243
57380 28.6900 -1.110691 0.145169
57390 28.6950 -1.112822 0.141759
57400 28.7000 -1.114863 0.138533
57410 28.7050 -1.117039 0.135134
57420 28.7100 -1.119347 0.131574
57430 28.7150 -1.121694 0.128003
57440 28.7200 -1.124029 0.124500
57450 28.7250 -1.126260 0.121196
57460 28.7300 -1.128504 0.117920
57470 28.7350 -1.130799 0.114614
57480 28.7400 -1.133109 0.111334
57490 28.7450 -1.135316 0.108245
57500 28.7500 -1.137489 0.105245
57510 28.7550 -1.139756 0.085143
57520 28.7600 -1.142107 0.082032
57530 28.7650 -1.144511 0.078901
57540 28.7700 -1.146885 0.075858
57550 28.7750 -1.149110 0.073051
57560 28.7800 -1.151334 0.070290
57570 28.7850 -1.153741 0.067348
57580 28.7900 -1.156317 0.064258
57590 28.7950 -1.158951 0.061158
57600 28.8000 -1.161566 0.058139
57610 28.8050 -1.164144 0.055221
57620 28.8100 -1.166645 0.052447
57630 28.8150 -1.168829 0.050068
57640 28.8200 -1.170621 0.048147
57650 28.8250 -1.172348 0.046322
57660 28.8300 -1.173890 0.044715
57670 28.8350 -1.175223 0.043341
57680 28.8400 -1.176539 0.042001
57690 28.8450 -1.177561 0.040970
57700 28.8500 -1.178382 0.040149
57710 28.8550 -1.178804 0.039729
57720 28.8600 -1.179114 0.039422
57730 28.8650 -1.179305 0.039232
57740 28.8700 -1.179250 0.039287
57750 28.8750 -1.178978 0.039556
57760 28.8800 -1.178716 0.039816
57770 28.8850 -1.178188 0.040342
57780 28.8900 -1.177632 0.040899
57790 28.8950 -1.177049 0.041486
57800 28.9000 -1.176594 0.041945
57810 28.9050 -1.176155 0.042390
57820 28.9100 -1.175538 0.043020
57830 28.9150 -1.174734 0.043843
57840 28.9200 -1.173842 0.044764
57850 28.9250 -1.172838 0.045809
57860 28.9300 -1.171901 0.046792
57870 28.9350 -1.170859 0.047894
57880 28.9400 -1.169757 0.049069
57890 28.9450 -1.168509 0.050414
57900 28.9500 -1.166910 0.052156
57910 28.9550 -1.165135 0.054115
57920 28.9600 -1.163214 0.056267
57930 28.9650 -1.161168 0.058594
57940 28.9700 -1.159087 0.060999
57950 28.9750 -1.157119 0.063308
57960 28.9800 -1.155353 0.065407
57970 28.9850 -1.153691 0.067409
57980 28.9900 -1.152014 0.069453
57990 28.9950 -1.150117 0.071796
58000 29.0000 -1.148207 0.074185
58010 29.0050 -1.146325 0.075358
58020 29.0100 -1.144576 0.077576
58030 29.0150 -1.142767 0.079899
58040 29.0200 -1.140904 0.082321
58050 29.0250 -1.139167 0.084608
58060 29.0300 -1.137458 0.086882
58070 29.0350 -1.135586 0.089404
58080 29.0400 -1.133686 0.091994
58090 29.0450 -1.132138 0.094129
58100 29.0500 -1.130605 0.096263
58110 29.0550 -1.128789 0.098819
58120 29.0600 -1.127025 0.101327
58130 29.0650 -1.125463 0.103573
58140 29.0700 -1.123944 0.105777
58150 29.0750 -1.122425 0.108003
58160 29.0800 -1.120730 0.110510
58170 29.0850 -1.119161 0.112851
58180 29.0900 -1.117994 0.114609
58190 29.0950 -1.116844 0.116352
58200 29.1000 -1.115684 0.118121
58210 29.1050 -1.114409 0.120081
58220 29.1100 -1.113189 0.121970
58230 29.1150 -1.111878 0.124014
58240 29.1200 -1.110722 0.125829
58250 29.1250 -1.109721 0.127410
58260 29.1300 -1.108817 0.128845
58270 29.1350 -1.108077 0.130027
58280 29.1400 -1.107418 0.131082
58290 29.1450 -1.106754 0.132150
58300 29.1500 -1.106125 0.133165
58310 29.1550 -1.105488 0.134195
58320 29.1600 -1.104788 0.135333
58330 29.1650 -1.104046 0.136544
58340 29.1700 -1.103294 0.137776
58350 29.1750 -1.102355 0.139322
58360 29.1800 -1.101491 0.140750
58370 29.1850 -1.100924 0.141691
58380 29.1900 -1.100585 0.142256
58390 29.1950 -1.100330 0.142681
58400 29.2000 -1.100109 0.143050
58410 29.2050 -1.099949 0.143317
58420 29.2100 -1.100048 0.143151
58430 29.2150 -1.099969 0.143283
58440 29.2200 -1.099682 0.143764
58450 29.2250 -1.099465 0.144127
58460 29.2300 -1.099494 0.144079
58470 29.2350 -1.099673 0.143778
58480 29.2400 -1.099979 0.143266
58490 29.2450 -1.100367 0.142618
58500 29.2500 -1.100976 0.141604
58510 29.2550 -1.101613 0.132351
58520 29.2600 -1.102297 0.131236
58530 29.2650 -1.102914 0.130233
58540 29.2700 -1.103604 0.129117
58550 29.2750 -1.104535 0.127615
58560 29.2800 -1.105698 0.125752
58570 29.2850 -1.107027 0.123637
58580 29.2900 -1.108348 0.121550
58590 29.2950 -1.109863 0.119177
58600 29.3000 -1.111374 0.116829
58610 29.3050 -1.112893 0.114489
58620 29.3100 -1.114523 0.112000
58630 29.3150 -1.116333 0.109266
58640 29.3200 -1.118145 0.106557
58650 29.3250 -1.119997 0.103818
58660 29.3300 -1.121947 0.100966
58670 29.3350 -1.124017 0.097975
58680 29.3400 -1.126279 0.094751
58690 29.3450 -1.128622 0.091459
58700 29.3500 -1.131073 0.088066
58710 29.3550 -1.133719 0.084462
58720 29.3600 -1.136379 0.080901
58730 29.3650 -1.138988 0.077468
58740 29.3700 -1.141580 0.074117
58750 29.3750 -1.144009 0.071029
58760 29.3800 -1.146369 0.068079
58770 29.3850 -1.148857 0.065021
58780 29.3900 -1.151501 0.061830
58790 29.3950 -1.154008 0.058861
58800 29.4000 -1.156466 0.056002
58810 29.4050 -1.158715 0.053432
58820 29.4100 -1.160726 0.051171
58830 29.4150 -1.162491 0.049217
58840 29.4200 -1.164017 0.047547
58850 29.4250 -1.165480 0.045967
58860 29.4300 -1.167045 0.044296
58870 29.4350 -1.168548 0.042710
58880 29.4400 -1.169945 0.041255
58890 29.4450 -1.171291 0.039868
58900 29.4500 -1.172447 0.038689
58910 29.4550 -1.173590 0.037536
58920 29.4600 -1.174656 0.036470
58930 29.4650 -1.175387 0.035744
58940 29.4700 -1.175880 0.035258
58950 29.4750 -1.176166 0.034976
58960 29.4800 -1.176162 0.034980
58970 29.4850 -1.176174 0.034968
58980 29.4900 -1.175979 0.035160
58990 29.4950 -1.175659 0.035476
59000 29.5000 -1.175298 0.035832
59010 29.5050 -1.174926 0.035708
59020 29.5100 -1.174549 0.036078
59030 29.5150 -1.173934 0.036686
59040 29.5200 -1.173498 0.037119
59050 29.5250 -1.173093 0.037522
59060 29.5300 -1.172449 0.038167
59070 29.5350 -1.171627 0.038995
59080 29.5400 -1.170829 0.039804
59090 29.5450 -1.169865 0.040789
59100 29.5500 -1.168823 0.041863
59110 29.5550 -1.167716 0.043013
59120 29.5600 -1.166601 0.044183
59130 29.5650 -1.165486 0.045363
59140 29.5700 -1.164503 0.046414
59150 29.5750 -1.163435 0.047563
59160 29.5800 -1.162310 0.048785
59170 29.5850 -1.161376 0.049807
59180 29.5900 -1.160497 0.050777
59190 29.5950 -1.159644 0.051724
59200 29.6000 -1.158741 0.052733
59210 29.6050 -1.157801 0.053792
59220 29.6100 -1.156662 0.055085
59230 29.6150 -1.155322 0.056620
59240 29.6200 -1.153944 0.058215
59250 29.6250 -1.152703 0.059665
59260 29.6300 -1.151476 0.061112
59270 29.6350 -1.150375 0.062422
59280 29.6400 -1.149259 0.063760
59290 29.6450 -1.148396 0.064802
59300 29.6500 -1.147338 0.066089
59310 29.6550 -1.146146 0.067550
59320 29.6600 -1.144877 0.069120
59330 29.6650 -1.143530 0.070801
59340 29.6700 -1.142333 0.072308
59350 29.6750 -1.141080 0.073899
59360 29.6800 -1.140045 0.075224
59370 29.6850 -1.139121 0.076414
59380 29.6900 -1.138263 0.077526
59390 29.6950 -1.137569 0.078430
59400 29.7000 -1.136702 0.079567
59410 29.7050 -1.135947 0.080561
59420 29.7100 -1.135034 0.081770
59430 29.7150 -1.134022 0.083118
59440 29.7200 -1.132948 0.084559
59450 29.7250 -1.131945 0.085913
59460 29.7300 -1.130895 0.087341
59470 29.7350 -1.129963 0.088617
59480 29.7400 -1.129053 0.089869
59490 29.7450 -1.128178 0.091081
59500 29.7500 -1.127413 0.092145
59510 29.7550 -1.126782 0.091537
59520 29.7600 -1.126164 0.092394
59530 29.7650 -1.125556 0.093239
59540 29.7700 -1.125058 0.093934
59550 29.7750 -1.124611 0.094561
59560 29.7800 -1.124356 0.094919
59570 29.7850 -1.124362 0.094910
59580 29.7900 -1.124716 0.094414
59590 29.7950 -1.125336 0.093546
59600 29.8000 -1.126122 0.092452
59610 29.8050 -1.126915 0.091353
59620 29.8100 -1.127789 0.090149
59630 29.8150 -1.128728 0.088862
59640 29.8200 -1.129631 0.087631
59650 29.8250 -1.130639 0.086266
59660 29.8300 -1.131647 0.084911
59670 29.8350 -1.132836 0.083323
59680 29.8400 -1.133855 0.081972
59690 29.8450 -1.134682 0.080883
59700 29.8500 -1.135343 0.080015
59710 29.8550 -1.136004 0.079153
59720 29.8600 -1.136782 0.078142
59730 29.8650 -1.137576 0.077115
59740 29.8700 -1.138438 0.076007
59750 29.8750 -1.139362 0.074827
59760 29.8800 -1.140346 0.073579
59770 29.8850 -1.141344 0.072321
59780 29.8900 -1.142204 0.071244
59790 29.8950 -1.143111 0.070115
59800 29.9000 -1.144003 0.069011
59810 29.9050 -1.144750 0.068092
59820 29.9100 -1.145393 0.067306
59830 29.9150 -1.146125 0.066415
59840 29.9200 -1.146923 0.065448
59850 29.9250 -1.147497 0.064756
59860 29.9300 -1.148187 0.063928
59870 29.9350 -1.149065 0.062881
59880 29.9400 -1.150047 0.061717
59890 29.9450 -1.151021 0.060572
59900 29.9500 -1.152006 0.059421
59910 29.9550 -1.152878 0.058410
59920 29.9600 -1.153538 0.057649
59930 29.9650 -1.153935 0.057193
59940 29.9700 -1.154266 0.056814
59950 29.9750 -1.154437 0.056618
59960 29.9800 -1.154648 0.056378
59970 29.9850 -1.154737 0.056276
59980 29.9900 -1.154556 0.056482
59990 29.9950 -1.154277 0.056801
60000 30.0000 -1.153952 0.057173
60010 30.0050 -1.153602 0.056730
60020 30.0100 -1.153302 0.057071
60030 30.0150 -1.152834 0.057605
60040 30.0200 -1.152119 0.058424
60050 30.0250 -1.151373 0.059285
60060 30.0300 -1.150549 0.060240
60070 30.0350 -1.149487 0.061480
60080 30.0400 -1.148308 0.062869
60090 30.0450 -1.147068 0.064342
60100 30.0500 -1.145874 0.065773
60110 30.0550 -1.144658 0.067244
60120 30.0600 -1.143484 0.068674
60130 30.0650 -1.142407 0.069999
60140 30.0700 -1.141364 0.071290
60150 30.0750 -1.140064 0.072914
60160 30.0800 -1.138615 0.074740
60170 30.0850 -1.137032 0.076756
60180 30.0900 -1.135404 0.078853
60190 30.0950 -1.133806 0.080933
60200 30.1000 -1.132299 0.082915
60210 30.1050 -1.130796 0.084911
60220 30.1100 -1.129316 0.086898
60230 30.1150 -1.127706 0.089079
60240 30.1200 -1.126074 0.091313
60250 30.1250 -1.124434 0.093583
60260 30.1300 -1.122968 0.095631
60270 30.1350 -1.121719 0.097391
60280 30.1400 -1.120284 0.099429
60290 30.1450 -1.119033 0.101221
60300 30.1500 -1.117736 0.103095
60310 30.1550 -1.116274 0.105223
60320 30.1600 -1.114656 0.107601
60330 30.1650 -1.112983 0.110084
60340 30.1700 -1.111563 0.112211
60350 30.1750 -1.110241 0.114207
60360 30.1800 -1.108870 0.116293
60370 30.1850 -1.107615 0.118218
60380 30.1900 -1.106528 0.119896
60390 30.1950 -1.105274 0.121845
60400 30.2000 -1.104019 0.123809
60410 30.2050 -1.102849 0.125653
60420 30.2100 -1.101686 0.127498
60430 30.2150 -1.100557 0.129300
60440 30.2200 -1.099359 0.131225
60450 30.2250 -1.098140 0.133196
60460 30.2300 -1.096774 0.135422
60470 30.2350 -1.095593 0.137358
60480 30.2400 -1.094484 0.139188
60490 30.2450 -1.093384 0.141015
60500 30.2500 -1.092288 0.142846
60510 30.2550 -1.091191 0.142198
60520 30.2600 -1.090348 0.143603
60530 30.2650 -1.089728 0.144638
60540 30.2700 -1.089480 0.145054
60550 30.2750 -1.089241 0.145455
60560 30.2800 -1.089128 0.145645
60570 30.2850 -1.089011 0.145842
60580 30.2900 -1.088945 0.145952
60590 30.2950 -1.088947 0.145949
60600 30.3000 -1.089050 0.145776
60610 30.3050 -1.089210 0.145507
60620 30.3100 -1.089429 0.145139
60630 30.3150 -1.089792 0.144531
60640 30.3200 -1.090213 0.143827
60650 30.3250 -1.090820 0.142815
60660 30.3300 -1.091558 0.141588
60670 30.3350 -1.092515 0.140005
60680 30.3400 -1.093658 0.138125
60690 30.3450 -1.094712 0.136401
60700 30.3500 -1.095682 0.134823
60710 30.3550 -1.096852 0.132932
60720 30.3600 -1.098391 0.130461
60730 30.3650 -1.099930 0.128012
60740 30.3700 -1.101527 0.125493
60750 30.3750 -1.103302 0.122720
60760 30.3800 -1.105296 0.119635
60770 30.3850 -1.107454 0.116339
60780 30.3900 -1.109664 0.113005
60790 30.3950 -1.111871 0.109718
60800 30.4000 -1.114021 0.106557
60810 30.4050 -1.116176 0.103429
60820 30.4100 -1.118373 0.100282
60830 30.4150 -1.120850 0.096786
60840 30.4200 -1.123356 0.093302
60850 30.4250 -1.125789 0.089971
60860 30.4300 -1.128170 0.086763
60870 30.4350 -1.130552 0.083602
60880 30.4400 -1.133047 0.080345
60890 30.4450 -1.135671 0.076977
60900 30.4500 -1.138624 0.073258
60910 30.4550 -1.141565 0.069629
60920 30.4600 -1.144466 0.066123
60930 30.4650 -1.147448 0.062595
60940 30.4700 -1.150512 0.059049
60950 30.4750 -1.153638 0.055514
60960 30.4800 -1.156837 0.051985
60970 30.4850 -1.159904 0.048683
60980 30.4900 -1.162763 0.045677
60990 30.4950 -1.165585 0.042780
61000 30.5000 -1.168445 0.039912
61010 30.5050 -1.171144 0.036749
61020 30.5100 -1.173727 0.034305
61030 30.5150 -1.176190 0.032028
61040 30.5200 -1.178674 0.029785
61050 30.5250 -1.181146 0.027603
61060 30.5300 -1.183487 0.025585
61070 30.5350 -1.185780 0.023653
61080 30.5400 -1.187706 0.022065
61090 30.5450 -1.189371 0.020717
61100 30.5500 -1.190743 0.019625
61110 30.5550 -1.192128 0.018538
61120 30.5600 -1.193262 0.017660
61130 30.5650 -1.194607 0.016632
61140 30.5700 -1.196085 0.015521
61150 30.5750 -1.197201 0.014693
61160 30.5800 -1.198171 0.013983
61170 30.5850 -1.199100 0.013310
61180 30.5900 -1.199821 0.012793
61190 30.5950 -1.200244 0.012491
61200 30.6000 -1.200483 0.012322
61210 30.6050 -1.200352 0.012414
61220 30.6100 -1.199944 0.012705
61230 30.6150 -1.199101 0.013310
61240 30.6200 -1.197983 0.014120
61250 30.6250 -1.196716 0.015051
61260 30.6300 -1.195310 0.016101
61270 30.6350 -1.194039 0.017064
61280 30.6400 -1.192470 0.018272
61290 30.6450 -1.190813 0.019570
61300 30.6500 -1.188844 0.021142
61310 30.6550 -1.186617 0.022960
61320 30.6600 -1.184227 0.024957
61330 30.6650 -1.181741 0.027085
61340 30.6700 -1.178983 0.029508
61350 30.6750 -1.176046 0.032160
61360 30.6800 -1.172799 0.035177
61370 30.6850 -1.169334 0.038494
61380 30.6900 -1.165719 0.042065
61390 30.6950 -1.161988 0.045867
61400 30.7000 -1.158046 0.050013
61410 30.7050 -1.154038 0.054366
61420 30.7100 -1.149833 0.059080
61430 30.7150 -1.145683 0.063883
61440 30.7200 -1.141380 0.069020
61450 30.7250 -1.137019 0.074389
61460 30.7300 -1.132625 0.079965
61470 30.7350 -1.128220 0.085724
61480 30.7400 -1.123853 0.091599
61490 30.7450 -1.119588 0.097498
61500 30.7500 -1.115236 0.103681
61510 30.7550 -1.110791 0.108409
61520 30.7600 -1.106494 0.114768
61530 30.7650 -1.102334 0.121078
61540 30.7700 -1.098272 0.127387
61550 30.7750 -1.094308 0.133684
61560 30.7800 -1.090498 0.139867
61570 30.7850 -1.086940 0.145757
61580 30.7900 -1.083660 0.151286
61590 30.7950 -1.080788 0.156206
61600 30.8000 -1.078361 0.160419
61610 30.8050 -1.076178 0.164255
61620 30.8100 -1.074082 0.167977
61630 30.8150 -1.072025 0.171669
61640 30.8200 -1.070069 0.175213
61650 30.8250 -1.068104 0.178810
61660 30.8300 -1.066357 0.182035
61670 30.8350 -1.064848 0.184844
61680 30.8400 -1.063288 0.187768
61690 30.8450 -1.061901 0.190386
61700 30.8500 -1.060649 0.192765
61710 30.8550 -1.059598 0.194772
61720 30.8600 -1.058860 0.196188
61730 30.8650 -1.058383 0.197105
61740 30.8700 -1.057939 0.197961
61750 30.8750 -1.057489 0.198830
61760 30.8800 -1.057111 0.199563
61770 30.8850 -1.056972 0.199833
61780 30.8900 -1.057000 0.199778
61790 30.8950 -1.057510 0.198791
61800 30.9000 -1.058301 0.197264
61810 30.9050 -1.059457 0.195043
61820 30.9100 -1.060588 0.192881
61830 30.9150 -1.062056 0.190092
61840 30.9200 -1.063907 0.186605
61850 30.9250 -1.065862 0.182954
61860 30.9300 -1.067881 0.179219
61870 30.9350 -1.069757 0.175781
61880 30.9400 -1.071439 0.172728
61890 30.9450 -1.073303 0.169370
61900 30.9500 -1.075212 0.165966
61910 30.9550 -1.077196 0.162461
61920 30.9600 -1.079562 0.158327
61930 30.9650 -1.082269 0.153659
61940 30.9700 -1.084978 0.149052
61950 30.9750 -1.087616 0.144629
61960 30.9800 -1.090278 0.140228
61970 30.9850 -1.092983 0.135820
61980 30.9900 -1.095580 0.131649
61990 30.9950 -1.098072 0.127701
62000 31.0000 -1.100459 0.123972
62010 31.0050 -1.102951 0.118112
62020 31.0100 -1.105532 0.114243
62030 31.0150 -1.108219 0.110278
62040 31.0200 -1.110745 0.106607
62050 31.0250 -1.113317 0.102926
62060 31.0300 -1.115968 0.099193
62070 31.0350 -1.118681 0.095436
62080 31.0400 -1.121400 0.091734
62090 31.0450 -1.123727 0.088616
62100 31.0500 -1.125942 0.085693
62110 31.0550 -1.128022 0.082986
62120 31.0600 -1.130090 0.080332
62130 31.0650 -1.132274 0.077570
62140 31.0700 -1.134570 0.074709
62150 31.0750 -1.136801 0.071973
62160 31.0800 -1.139137 0.069154
62170 31.0850 -1.141647 0.066178
62180 31.0900 -1.144262 0.063135
62190 31.0950 -1.146785 0.060253
62200 31.1000 -1.149338 0.057393
62210 31.1050 -1.151833 0.054652
62220 31.1100 -1.154327 0.051966
62230 31.1150 -1.156765 0.049390
62240 31.1200 -1.158866 0.047211
62250 31.1250 -1.160802 0.045237
62260 31.1300 -1.162554 0.043477
62270 31.1350 -1.163979 0.042065
62280 31.1400 -1.165168 0.040901
62290 31.1450 -1.166282 0.039821
62300 31.1500 -1.167162 0.038974
62310 31.1550 -1.167988 0.038186
62320 31.1600 -1.168581 0.037624
62330 31.1650 -1.168922 0.037302
62340 31.1700 -1.169380 0.036870
62350 31.1750 -1.170127 0.036172
62360 31.1800 -1.170726 0.035614
62370 31.1850 -1.171160 0.035213
62380 31.1900 -1.171520 0.034880
62390 31.1950 -1.171706 0.034709
62400 31.2000 -1.171768 0.034653
62410 31.2050 -1.171636 0.034773
62420 31.2100 -1.171539 0.034863
62430 31.2150 -1.171400 0.034991
62440 31.2200 -1.171324 0.035061
62450 31.2250 -1.171192 0.035183
62460 31.2300 -1.170897 0.035456
62470 31.2350 -1.170448 0.035872
62480 31.2400 -1.170038 0.036254
62490 31.2450 -1.169489 0.036768
62500 31.2500 -1.168804 0.037413
62510 31.2550 -1.167981 0.037676
62520 31.2600 -1.166997 0.038606
62530 31.2650 -1.165901 0.039652
62540 31.2700 -1.164730 0.040780
62550 31.2750 -1.163394 0.042082
62560 31.2800 -1.162005 0.043451
62570 31.2850 -1.160646 0.044807
62580 31.2900 -1.159215 0.046251
62590 31.2950 -1.157601 0.047901
62600 31.3000 -1.156072 0.049484
62610 31.3050 -1.154351 0.051290
62620 31.3100 -1.152766 0.052976
62630 31.3150 -1.151297 0.054558
62640 31.3200 -1.149814 0.056173
62650 31.3250 -1.148382 0.057751
62660 31.3300 -1.146974 0.059319
62670 31.3350 -1.145549 0.060924
62680 31.3400 -1.144009 0.062678
62690 31.3450 -1.142283 0.064666
62700 31.3500 -1.140459 0.066797
62710 31.3550 -1.138690 0.068890
62720 31.3600 -1.137002 0.070912
62730 31.3650 -1.135191 0.073109
62740 31.3700 -1.133251 0.075494
62750 31.3750 -1.131437 0.077754
62760 31.3800 -1.129867 0.079732
62770 31.3850 -1.128408 0.081591
62780 31.3900 -1.126865 0.083575
62790 31.3950 -1.125431 0.085438
62800 31.4000 -1.123974 0.087349
62810 31.4050 -1.122469 0.089341
62820 31.4100 -1.120951 0.091372
62830 31.4150 -1.119455 0.093394
62840 31.4200 -1.118145 0.095178
62850 31.4250 -1.116941 0.096832
62860 31.4300 -1.115885 0.098293
62870 31.4350 -1.115147 0.099320
62880 31.4400 -1.114480 0.100252
62890 31.4450 -1.113907 0.101057
62900 31.4500 -1.113058 0.102253
62910 31.4550 -1.112160 0.103524
62920 31.4600 -1.111290 0.104763
62930 31.4650 -1.110442 0.105979
62940 31.4700 -1.109709 0.107033
62950 31.4750 -1.109032 0.108011
62960 31.4800 -1.108336 0.109021
62970 31.4850 -1.107610 0.110078
62980 31.4900 -1.106970 0.111015
62990 31.4950 -1.106515 0.111682
63000 31.5000 -1.105848 0.112665
63010 31.5050 -1.105015 0.112044
63020 31.5100 -1.104036 0.113482
63030 31.5150 -1.102927 0.115122
63040 31.5200 -1.101872 0.116691
63050 31.5250 -1.100958 0.118059
63060 31.5300 -1.100276 0.119084
63070 31.5350 -1.099641 0.120043
63080 31.5400 -1.099058 0.120925
63090 31.5450 -1.098453 0.121845
63100 31.5500 -1.097882 0.122716
63110 31.5550 -1.097592 0.123159
63120 31.5600 -1.097605 0.123139
63130 31.5650 -1.097774 0.122881
63140 31.5700 -1.098231 0.122183
63150 31.5750 -1.098967 0.121063
63160 31.5800 -1.099639 0.120046
63170 31.5850 -1.100445 0.118829
63180 31.5900 -1.101465 0.117300
63190 31.5950 -1.102580 0.115636
63200 31.6000 -1.103625 0.114088
63210 31.6050 -1.104761 0.112416
63220 31.6100 -1.105990 0.110620
63230 31.6150 -1.107307 0.108709
63240 31.6200 -1.108699 0.106706
63250 31.6250 -1.110246 0.104499
63260 31.6300 -1.111805 0.102297
63270 31.6350 -1.113601 0.099785
63280 31.6400 -1.115506 0.097153
63290 31.6450 -1.117478 0.094461
63300 31.6500 -1.119709 0.091455
63310 31.6550 -1.121786 0.088696
63320 31.6600 -1.123701 0.086186
63330 31.6650 -1.125385 0.084003
63340 31.6700 -1.126867 0.082103
63350 31.6750 -1.128517 0.080011
63360 31.6800 -1.130084 0.078044
63370 31.6850 -1.131718 0.076016
63380 31.6900 -1.133222 0.074171
63390 31.6950 -1.134530 0.072581
63400 31.7000 -1.136007 0.070804
63410 31.7050 -1.137577 0.068936
63420 31.7100 -1.139176 0.067054
63430 31.7150 -1.140573 0.065428
63440 31.7200 -1.141995 0.063789
63450 31.7250 -1.143357 0.062238
63460 31.7300 -1.144478 0.060971
63470 31.7350 -1.145526 0.059797
63480 31.7400 -1.146520 0.058693
63490 31.7450 -1.147483 0.057630
63500 31.7500 -1.148413 0.056612
63510 31.7550 -1.149380 0.054749
63520 31.7600 -1.150432 0.053627
63530 31.7650 -1.151460 0.052539
63540 31.7700 -1.152386 0.051568
63550 31.7750 -1.153195 0.050725
63560 31.7800 -1.154029 0.049861
63570 31.7850 -1.154696 0.049176
63580 31.7900 -1.155173 0.048687
63590 31.7950 -1.155514 0.048339
63600 31.8000 -1.155705 0.048145
63610 31.8050 -1.155630 0.048220
63620 31.8100 -1.155496 0.048357
63630 31.8150 -1.155352 0.048504
63640 31.8200 -1.155077 0.048786
63650 31.8250 -1.154601 0.049273
63660 31.8300 -1.154109 0.049779
63670 31.8350 -1.153701 0.050201
63680 31.8400 -1.153390 0.050523
63690 31.8450 -1.153030 0.050896
63700 31.8500 -1.152638 0.051304
63710 31.8550 -1.152187 0.051776
63720 31.8600 -1.151699 0.052288
63730 31.8650 -1.151232 0.052781
63740 31.8700 -1.150791 0.053247
63750 31.8750 -1.150322 0.053744
63760 31.8800 -1.149792 0.054308
63770 31.8850 -1.149040 0.055113
63780 31.8900 -1.148184 0.056036
63790 31.8950 -1.147616 0.056652
63800 31.9000 -1.147124 0.057187
63810 31.9050 -1.146155 0.058248
63820 31.9100 -1.145052 0.059464
63830 31.9150 -1.143909 0.060737
63840 31.9200 -1.142567 0.062244
63850 31.9250 -1.141103 0.063907
63860 31.9300 -1.139365 0.065904
63870 31.9350 -1.137636 0.067916
63880 31.9400 -1.135988 0.069859
63890 31.9450 -1.134352 0.071811
63900 31.9500 -1.132588 0.073939
63910 31.9550 -1.130791 0.076136
63920 31.9600 -1.129084 0.078249
63930 31.9650 -1.127227 0.080575
63940 31.9700 -1.125278 0.083049
63950 31.9750 -1.123366 0.085509
63960 31.9800 -1.121617 0.087785
63970 31.9850 -1.119901 0.090045
63980 31.9900 -1.118270 0.092215
63990 31.9950 -1.116772 0.094229
64000 32.0000 -1.115271 0.096268
64010 32.0050 -1.113699 0.087926
64020 32.0100 -1.112157 0.090036
64030 32.0150 -1.110777 0.091943
64040 32.0200 -1.109453 0.093787
64050 32.0250 -1.108038 0.095775
64060 32.0300 -1.106607 0.097804
64070 32.0350 -1.105325 0.099637
64080 32.0400 -1.104005 0.101538
64090 32.0450 -1.102421 0.103839
64100 32.0500 -1.100815 0.106196
64110 32.0550 -1.099446 0.108221
64120 32.0600 -1.098268 0.109978
64130 32.0650 -1.097172 0.111623
64140 32.0700 -1.096170 0.113137
64150 32.0750 -1.095133 0.114712
64160 32.0800 -1.093909 0.116584
64170 32.0850 -1.092980 0.118012
64180 32.0900 -1.092384 0.118934
64190 32.0950 -1.091952 0.119603
64200 32.1000 -1.091762 0.119898
64210 32.1050 -1.091796 0.119846
64220 32.1100 -1.092099 0.119375
64230 32.1150 -1.092615 0.118576
64240 32.1200 -1.093246 0.117603
64250 32.1250 -1.094015 0.116421
64260 32.1300 -1.094956 0.114981
64270 32.1350 -1.096185 0.113114
64280 32.1400 -1.097464 0.111184
64290 32.1450 -1.098914 0.109013
64300 32.1500 -1.100521 0.106630
64310 32.1550 -1.102128 0.104268
64320 32.1600 -1.103714 0.101959
64330 32.1650 -1.105334 0.099624
64340 32.1700 -1.107131 0.097060
64350 32.1750 -1.109168 0.094187
64360 32.1800 -1.111142 0.091438
64370 32.1850 -1.112946 0.088954
64380 32.1900 -1.114912 0.086279
64390 32.1950 -1.116949 0.083544
64400 32.2000 -1.119092 0.080706
64410 32.2050 -1.121123 0.078052
64420 32.2100 -1.123059 0.075554
64430 32.2150 -1.125309 0.072694
64440 32.2200 -1.127602 0.069823
64450 32.2250 -1.129810 0.067102
64460 32.2300 -1.131951 0.064502
64470 32.2350 -1.134032 0.062013
64480 32.2400 -1.136144 0.059526
64490 32.2450 -1.138224 0.057112
64500 32.2500 -1.140282 0.054761
64510 32.2550 -1.142289 0.051778
64520 32.2600 -1.144245 0.049634
64530 32.2650 -1.145969 0.047772
64540 32.2700 -1.147671 0.045957
64550 32.2750 -1.149280 0.044265
64560 32.2800 -1.151028 0.042451
64570 32.2850 -1.152954 0.040483
64580 32.2900 -1.154920 0.038506
64590 32.2950 -1.156853 0.036594
64600 32.3000 -1.158588 0.034906
64610 32.3050 -1.160266 0.033296
64620 32.3100 -1.161984 0.031673
64630 32.3150 -1.163490 0.030270
64640 32.3200 -1.164936 0.028942
64650 32.3250 -1.166164 0.027827
64660 32.3300 -1.167280 0.026825
64670 32.3350 -1.168343 0.025882
64680 32.3400 -1.169370 0.024978
64690 32.3450 -1.170220 0.024237
64700 32.3500 -1.170846 0.023695
64710 32.3550 -1.171430 0.023192
64720 32.3600 -1.171800 0.022875
64730 32.3650 -1.171937 0.022759
64740 32.3700 -1.172137 0.022588
64750 32.3750 -1.172319 0.022432
64760 32.3800 -1.172287 0.022460
64770 32.3850 -1.172226 0.022511
64780 32.3900 -1.172040 0.022670
64790 32.3950 -1.171758 0.022911
64800 32.4000 -1.171504 0.023128
64810 32.4050 -1.171133 0.023448
64820 32.4100 -1.170822 0.023716
64830 32.4150 -1.170337 0.024135
64840 32.4200 -1.169689 0.024699
64850 32.4250 -1.168888 0.025401
64860 32.4300 -1.168177 0.026028
64870 32.4350 -1.167349 0.026765
64880 32.4400 -1.166334 0.027674
64890 32.4450 -1.165401 0.028519
64900 32.4500 -1.164520 0.029322
64910 32.4550 -1.163662 0.030111
64920 32.4600 -1.162610 0.031087
64930 32.4650 -1.161544 0.032086
64940 32.4700 -1.160511 0.033063
64950 32.4750 -1.159404 0.034119
64960 32.4800 -1.158362 0.035124
64970 32.4850 -1.157306 0.036151
64980 32.4900 -1.156346 0.037093
64990 32.4950 -1.155269 0.038159
65000 32.5000 -1.154021 0.039406
65010 32.5050 -1.152786 0.040133
65020 32.5100 -1.151398 0.041537
65030 32.5150 -1.149961 0.043006
65040 32.5200 -1.148319 0.044708
65050 32.5250 -1.146521 0.046597
65060 32.5300 -1.144896 0.048327
65070 32.5350 -1.143455 0.049880
65080 32.5400 -1.142072 0.051388
65090 32.5450 -1.140463 0.053163
65100 32.5500 -1.139030 0.054762
65110 32.5550 -1.137559 0.056423
65120 32.5600 -1.136049 0.058145
65130 32.5650 -1.134406 0.060043
65140 32.5700 -1.132807 0.061911
65150 32.5750 -1.131262 0.063737
65160 32.5800 -1.129814 0.065467
65170 32.5850 -1.128449 0.067114
65180 32.5900 -1.127057 0.068811
65190 32.5950 -1.125553 0.070662
65200 32.6000 -1.123829 0.072809
65210 32.6050 -1.122047 0.075054
65220 32.6100 -1.120114 0.077521
65230 32.6150 -1.118261 0.079916
65240 32.6200 -1.116523 0.082189
65250 32.6250 -1.115021 0.084175
65260 32.6300 -1.113498 0.086207
65270 32.6350 -1.111860 0.088418
65280 32.6400 -1.110343 0.090484
65290 32.6450 -1.109180 0.092082
65300 32.6500 -1.108529 0.092982
65310 32.6550 -1.108058 0.093636
65320 32.6600 -1.107769 0.094037
65330 32.6650 -1.107705 0.094127
65340 32.6700 -1.107974 0.093752
65350 32.6750 -1.108540 0.092967
65360 32.6800 -1.109367 0.091824
65370 32.6850 -1.110369 0.090448
65380 32.6900 -1.111457 0.088965
65390 32.6950 -1.112722 0.087252
65400 32.7000 -1.113975 0.085569
65410 32.7050 -1.115287 0.083821
65420 32.7100 -1.116938 0.081643
65430 32.7150 -1.118710 0.079333
65440 32.7200 -1.120492 0.077036
65450 32.7250 -1.122282 0.074756
65460 32.7300 -1.124160 0.072394
65470 32.7350 -1.126126 0.069954
65480 32.7400 -1.128234 0.067375
65490 32.7450 -1.130257 0.064935
65500 32.7500 -1.132405 0.062383
65510 32.7550 -1.134686 0.058878
65520 32.7600 -1.136599 0.056700
65530 32.7650 -1.138077 0.055039
65540 32.7700 -1.139654 0.053287
65550 32.7750 -1.141428 0.051342
65560 32.7800 -1.142985 0.049656
65570 32.7850 -1.144549 0.047983
65580 32.7900 -1.145939 0.046515
65590 32.7950 -1.147211 0.045185
65600 32.8000 -1.148346 0.044011
65610 32.8050 -1.149336 0.042995
65620 32.8100 -1.150240 0.042074
65630 32.8150 -1.151023 0.041282
65640 32.8200 -1.151722 0.040581
65650 32.8250 -1.152326 0.039977
65660 32.8300 -1.152891 0.039415
65670 32.8350 -1.153368 0.038943
65680 32.8400 -1.153635 0.038680
65690 32.8450 -1.154054 0.038268
65700 32.8500 -1.154469 0.037861
65710 32.8550 -1.154847 0.037492
65720 32.8600 -1.155022 0.037321
65730 32.8650 -1.155160 0.037186
65740 32.8700 -1.155248 0.037101
65750 32.8750 -1.155192 0.037155
65760 32.8800 -1.154828 0.037510
65770 32.8850 -1.154463 0.037866
65780 32.8900 -1.153725 0.038591
65790 32.8950 -1.152996 0.039312
65800 32.9000 -1.152264 0.040038
65810 32.9050 -1.151264 0.041040
65820 32.9100 -1.150140 0.042175
65830 32.9150 -1.149123 0.043213
65840 32.9200 -1.148103 0.044261
65850 32.9250 -1.146842 0.045570
65860 32.9300 -1.145446 0.047034
65870 32.9350 -1.143891 0.048684
65880 32.9400 -1.142429 0.050255
65890 32.9450 -1.140890 0.051929
65900 32.9500 -1.139286 0.053694
65910 32.9550 -1.137653 0.055514
65920 32.9600 -1.135871 0.057525
65930 32.9650 -1.133998 0.059669
65940 32.9700 -1.132156 0.061807
65950 32.9750 -1.130375 0.063901
65960 32.9800 -1.128655 0.065950
65970 32.9850 -1.126824 0.068159
65980 32.9900 -1.124934 0.070469
65990 32.9950 -1.123317 0.072470
66000 33.0000 -1.121614 0.074601
66010 33.0050 -1.119922 0.075652
66020 33.0100 -1.118150 0.077898
66030 33.0150 -1.116189 0.080416
66040 33.0200 -1.114169 0.083043
66050 33.0250 -1.112236 0.085590
66060 33.0300 -1.110422 0.088011
66070 33.0350 -1.108761 0.090252
66080 33.0400 -1.107036 0.092605
66090 33.0450 -1.105389 0.094875
66100 33.0500 -1.103840 0.097031
66110 33.0550 -1.102257 0.099257
66120 33.0600 -1.100663 0.101520
66130 33.0650 -1.099018 0.103880
66140 33.0700 -1.097560 0.105990
66150 33.0750 -1.096028 0.108226
66160 33.0800 -1.094644 0.110266
66170 33.0850 -1.093410 0.112098
66180 33.0900 -1.092186 0.113928
66190 33.0950 -1.091107 0.115553
66200 33.1000 -1.089996 0.117236
66210 33.1050 -1.088912 0.118888
66220 33.1100 -1.088034 0.120234
66230 33.1150 -1.087373 0.121252
66240 33.1200 -1.086770 0.122185
66250 33.1250 -1.086205 0.123061
66260 33.1300 -1.085602 0.123998
66270 33.1350 -1.084990 0.124955
66280 33.1400 -1.084596 0.125571
66290 33.1450 -1.084121 0.126316
66300 33.1500 -1.083795 0.126829
66310 33.1550 -1.083701 0.126976
66320 33.1600 -1.083613 0.127116
66330 33.1650 -1.083671 0.127025
66340 33.1700 -1.084052 0.126425
66350 33.1750 -1.084628 0.125522
66360 33.1800 -1.085616 0.123977
66370 33.1850 -1.086912 0.121965
66380 33.1900 -1.088383 0.119699
66390 33.1950 -1.090078 0.117111
66400 33.2000 -1.091621 0.114778
66410 33.2050 -1.092935 0.112806
66420 33.2100 -1.094093 0.111082
66430 33.2150 -1.095333 0.109249
66440 33.2200 -1.096841 0.107037
66450 33.2250 -1.098511 0.104611
66460 33.2300 -1.100354 0.101961
66470 33.2350 -1.102280 0.099224
66480 33.2400 -1.104281 0.096415
66490 33.2450 -1.106467 0.093386
66500 33.2500 -1.108757 0.090258
66510 33.2550 -1.111030 0.067321
66520 33.2600 -1.113560 0.064004
66530 33.2650 -1.116006 0.060851
66540 33.2700 -1.118554 0.057621
66550 33.2750 -1.121154 0.054382
66560 33.2800 -1.124038 0.050857
66570 33.2850 -1.126950 0.047371
66580 33.2900 -1.129814 0.044013
66590 33.2950 -1.132791 0.040597
66600 33.3000 -1.135705 0.037326
66610 33.3050 -1.138825 0.033904
66620 33.3100 -1.142094 0.030408
66630 33.3150 -1.145424 0.026940
66640 33.3200 -1.148721 0.023597
66650 33.3250 -1.152085 0.020283
66660 33.3300 -1.155496 0.017019
66670 33.3350 -1.158723 0.014021
66680 33.3400 -1.161742 0.011296
66690 33.3450 -1.164632 0.008760
66700 33.3500 -1.167544 0.006274
66710 33.3550 -1.170346 0.003949
66720 33.3600 -1.172963 0.001837
66730 33.3650 -1.175262 0.000028
66740 33.3700 -1.177318 0.000000
66750 33.3750 -1.179206 0.000000
66760 33.3800 -1.180915 0.000000
66770 33.3850 -1.182495 0.000000
66780 33.3900 -1.183855 0.000000
66790 33.3950 -1.184992 0.000000
66800 33.4000 -1.185830 0.000000
66810 33.4050 -1.186406 0.000000
66820 33.4100 -1.186977 0.000000
66830 33.4150 -1.187479 0.000000
66840 33.4200 -1.187504 0.000000
66850 33.4250 -1.187364 0.000000
66860 33.4300 -1.186910 0.000000
66870 33.4350 -1.186120 0.000000
66880 33.4400 -1.185064 0.000000
66890 33.4450 -1.183813 0.000000
66900 33.4500 -1.182557 0.000000
66910 33.4550 -1.181286 0.000000
66920 33.4600 -1.179953 0.000000
66930 33.4650 -1.178442 0.000000
66940 33.4700 -1.176560 0.000000
66950 33.4750 -1.174305 0.000776
66960 33.4800 -1.171763 0.002798
66970 33.4850 -1.169154 0.004930
66980 33.4900 -1.166451 0.007199
66990 33.4950 -1.163587 0.009669
67000 33.5000 -1.160544 0.012369
67010 33.5050 -1.157393 0.015090
67020 33.5100 -1.154128 0.018132
67030 33.5150 -1.150918 0.021210
67040 33.5200 -1.147797 0.024286
67050 33.5250 -1.144864 0.027252
67060 33.5300 -1.141946 0.030275
67070 33.5350 -1.138851 0.033561
67080 33.5400 -1.135881 0.036790
67090 33.5450 -1.133028 0.039964
67100 33.5500 -1.130177 0.043204
67110 33.5550 -1.127414 0.046411
67120 33.5600 -1.124806 0.049497
67130 33.5650 -1.122227 0.052607
67140 33.5700 -1.119721 0.055684
67150 33.5750 -1.117080 0.058985
67160 33.5800 -1.114709 0.062000
67170 33.5850 -1.112393 0.064991
67180 33.5900 -1.110171 0.067905
67190 33.5950 -1.108006 0.070784
67200 33.6000 -1.105820 0.073734
67210 33.6050 -1.103897 0.076362
67220 33.6100 -1.101909 0.079113
67230 33.6150 -1.100077 0.081679
67240 33.6200 -1.098192 0.084349
67250 33.6250 -1.096326 0.087023
67260 33.6300 -1.094557 0.089587
67270 33.6350 -1.093008 0.091853
67280 33.6400 -1.091548 0.094009
67290 33.6450 -1.090336 0.095814
67300 33.6500 -1.089305 0.097358
67310 33.6550 -1.088485 0.098592
67320 33.6600 -1.087856 0.099544
67330 33.6650 -1.087481 0.100113
67340 33.6700 -1.087236 0.100484
67350 33.6750 -1.086864 0.101051
67360 33.6800 -1.086632 0.101405
67370 33.6850 -1.086470 0.101652
67380 33.6900 -1.086513 0.101587
67390 33.6950 -1.086869 0.101043
67400 33.7000 -1.087375 0.100274
67410 33.7050 -1.088021 0.099295
67420 33.7100 -1.088818 0.098091
67430 33.7150 -1.090043 0.096251
67440 33.7200 -1.091508 0.094068
67450 33.7250 -1.093043 0.091802
67460 33.7300 -1.094730 0.089335
67470 33.7350 -1.096575 0.086665
67480 33.7400 -1.098527 0.083873
67490 33.7450 -1.100707 0.080793
67500 33.7500 -1.103218 0.077297
67510 33.7550 -1.105937 0.072573
67520 33.7600 -1.108651 0.068962
67530 33.7650 -1.111470 0.065277
67540 33.7700 -1.114311 0.061635
67550 33.7750 -1.117072 0.058161
67560 33.7800 -1.119896 0.054676
67570 33.7850 -1.122737 0.051238
67580 33.7900 -1.125501 0.047960
67590 33.7950 -1.128151 0.044880
67600 33.8000 -1.130708 0.041964
67610 33.8050 -1.133306 0.039058
67620 33.8100 -1.135961 0.036147
67630 33.8150 -1.138611 0.033302
67640 33.8200 -1.141347 0.030428
67650 33.8250 -1.144132 0.027567
67660 33.8300 -1.147137 0.024553
67670 33.8350 -1.150142 0.021616
67680 33.8400 -1.153040 0.018856
67690 33.8450 -1.156161 0.015962
67700 33.8500 -1.159546 0.012915
67710 33.8550 -1.163116 0.009807
67720 33.8600 -1.166639 0.006844
67730 33.8650 -1.170208 0.003947
67740 33.8700 -1.173538 0.001341
67750 33.8750 -1.176861 0.000000
67760 33.8800 -1.180336 0.000000
67770 33.8850 -1.183604 0.000000
67780 33.8900 -1.186519 0.000000
67790 33.8950 -1.189530 0.000000
67800 33.9000 -1.192489 0.000000
67810 33.9050 -1.195348 0.000000
67820 33.9100 -1.198215 0.000000
67830 33.9150 -1.200993 0.000000
67840 33.9200 -1.203818 0.000000
67850 33.9250 -1.206413 0.000000
67860 33.9300 -1.208715 0.000000
67870 33.9350 -1.210903 0.000000
67880 33.9400 -1.213093 0.000000
67890 33.9450 -1.215414 0.000000
67900 33.9500 -1.217536 0.000000
67910 33.9550 -1.219625 0.000000
67920 33.9600 -1.221509 0.000000
67930 33.9650 -1.223124 0.000000
67940 33.9700 -1.224604 0.000000
67950 33.9750 -1.225892 0.000000
67960 33.9800 -1.226945 0.000000
67970 33.9850 -1.227857 0.000000
67980 33.9900 -1.228669 0.000000
67990 33.9950 -1.229202 0.000000
68000 34.0000 -1.229588 0.000000
68010 34.0050 -1.229862 0.000000
68020 34.0100 -1.229957 0.000000
68030 34.0150 -1.229965 0.000000
68040 34.0200 -1.230001 0.000000
68050 34.0250 -1.229912 0.000000
68060 34.0300 -1.229397 0.000059
68070 34.0350 -1.228666 0.000288
68080 34.0400 -1.227819 0.000558
68090 34.0450 -1.226770 0.000901
68100 34.0500 -1.225446 0.001347
68110 34.0550 -1.223950 0.001867
68120 34.0600 -1.222324 0.002453
68130 34.0650 -1.220468 0.003148
68140 34.0700 -1.218403 0.003954
68150 34.0750 -1.216262 0.004827
68160 34.0800 -1.214172 0.005714
68170 34.0850 -1.211964 0.006691
68180 34.0900 -1.209393 0.007877
68190 34.0950 -1.206643 0.009206
68200 34.1000 -1.203857 0.010615
68210 34.1050 -1.200835 0.012216
68220 34.1100 -1.197791 0.013904
68230 34.1150 -1.194638 0.015732
68240 34.1200 -1.191468 0.017653
68250 34.1250 -1.188289 0.019663
68260 34.1300 -1.184862 0.021923
68270 34.1350 -1.181228 0.024426
68280 34.1400 -1.177650 0.026996
68290 34.1450 -1.174059 0.029684
68300 34.1500 -1.170506 0.032448
68310 34.1550 -1.166866 0.035389
68320 34.1600 -1.163230 0.038438
68330 34.1650 -1.159671 0.041530
68340 34.1700 -1.156187 0.044660
68350 34.1750 -1.152693 0.047901
68360 34.1800 -1.149438 0.051013
68370 34.1850 -1.146378 0.054022
68380 34.1900 -1.143604 0.056816
68390 34.1950 -1.140786 0.059723
68400 34.2000 -1.137946 0.062720
68410 34.2050 -1.135128 0.065761
68420 34.2100 -1.132391 0.068780
68430 34.2150 -1.129708 0.071803
68440 34.2200 -1.127100 0.074799
68450 34.2250 -1.124813 0.077474
68460 34.2300 -1.122928 0.079714
68470 34.2350 -1.121125 0.081884
68480 34.2400 -1.119334 0.084067
68490 34.2450 -1.117709 0.086072
68500 34.2500 -1.116124 0.088049
68510 34.2550 -1.114695 0.088436
68520 34.2600 -1.113670 0.089726
68530 34.2650 -1.112968 0.090613
68540 34.2700 -1.112235 0.091545
68550 34.2750 -1.111605 0.092350
68560 34.2800 -1.111101 0.092996
68570 34.2850 -1.110650 0.093577
68580 34.2900 -1.110068 0.094329
68590 34.2950 -1.109401 0.095193
68600 34.3000 -1.108822 0.095948
68610 34.3050 -1.108469 0.096408
68620 34.3100 -1.108203 0.096756
68630 34.3150 -1.108020 0.096995
68640 34.3200 -1.107982 0.097045
68650 34.3250 -1.107883 0.097176
68660 34.3300 -1.107767 0.097328
68670 34.3350 -1.107956 0.097080
68680 34.3400 -1.108139 0.096840
68690 34.3450 -1.108166 0.096804
68700 34.3500 -1.108263 0.096677
68710 34.3550 -1.108423 0.096468
68720 34.3600 -1.108758 0.096030
68730 34.3650 -1.109114 0.095567
68740 34.3700 -1.109603 0.094931
68750 34.3750 -1.110284 0.094049
68760 34.3800 -1.111220 0.092844
68770 34.3850 -1.112197 0.091594
68780 34.3900 -1.113188 0.090334
68790 34.3950 -1.114126 0.089150
68800 34.4000 -1.115098 0.087931
68810 34.4050 -1.116225 0.086527
68820 34.4100 -1.117490 0.084965
68830 34.4150 -1.118734 0.083442
68840 34.4200 -1.120074 0.081816
68850 34.4250 -1.121516 0.080084
68860 34.4300 -1.122988 0.078335
68870 34.4350 -1.124376 0.076702
68880 34.4400 -1.125822 0.075019
68890 34.4450 -1.127350 0.073259
68900 34.4500 -1.128971 0.071414
68910 34.4550 -1.130774 0.069388
68920 34.4600 -1.132508 0.067467
68930 34.4650 -1.134405 0.065394
68940 34.4700 -1.136250 0.063406
68950 34.4750 -1.137779 0.061782
68960 34.4800 -1.139185 0.060306
68970 34.4850 -1.140725 0.058708
68980 34.4900 -1.142179 0.057218
68990 34.4950 -1.143629 0.055749
69000 34.5000 -1.145037 0.054341
69010 34.5050 -1.146397 0.052196
69020 34.5100 -1.147606 0.051026
69030 34.5150 -1.148692 0.049985
69040 34.5200 -1.149873 0.048864
69050 34.5250 -1.151024 0.047783
69060 34.5300 -1.151855 0.047009
69070 34.5350 -1.152594 0.046327
69080 34.5400 -1.153135 0.045830
69090 34.5450 -1.153590 0.045414
69100 34.5500 -1.154162 0.044893
69110 34.5550 -1.154758 0.044353
69120 34.5600 -1.155260 0.043901
69130 34.5650 -1.155399 0.043776
69140 34.5700 -1.155396 0.043779
69150 34.5750 -1.155159 0.043992
69160 34.5800 -1.154869 0.044254
69170 34.5850 -1.154515 0.044573
69180 34.5900 -1.154100 0.044950
69190 34.5950 -1.153791 0.045230
69200 34.6000 -1.153435 0.045555
69210 34.6050 -1.152862 0.046080
69220 34.6100 -1.151991 0.046883
69230 34.6150 -1.150811 0.047983
69240 34.6200 -1.149344 0.049365
69250 34.6250 -1.147635 0.050998
69260 34.6300 -1.145844 0.052736
69270 34.6350 -1.143924 0.054630
69280 34.6400 -1.141973 0.056585
69290 34.6450 -1.139895 0.058705
69300 34.6500 -1.137737 0.060944
69310 34.6550 -1.135670 0.063126
69320 34.6600 -1.133796 0.065136
69330 34.6650 -1.132104 0.066976
69340 34.6700 -1.130437 0.068813
69350 34.6750 -1.128646 0.070813
69360 34.6800 -1.126874 0.072819
69370 34.6850 -1.125030 0.074935
69380 34.6900 -1.123123 0.077153
69390 34.6950 -1.121224 0.079394
69400 34.7000 -1.119197 0.081820
69410 34.7050 -1.117074 0.084399
69420 34.7100 -1.114949 0.087019
69430 34.7150 -1.112747 0.089775
69440 34.7200 -1.110462 0.092678
69450 34.7250 -1.108164 0.095645
69460 34.7300 -1.105984 0.098501
69470 34.7350 -1.103817 0.101380
69480 34.7400 -1.101921 0.103934
69490 34.7450 -1.099894 0.106698
69500 34.7500 -1.097758 0.109650
69510 34.7550 -1.095692 0.110734
69520 34.7600 -1.093667 0.113575
69530 34.7650 -1.091534 0.116605
69540 34.7700 -1.089486 0.119553
69550 34.7750 -1.087685 0.122175
69560 34.7800 -1.086276 0.124247
69570 34.7850 -1.085041 0.126076
69580 34.7900 -1.083786 0.127949
69590 34.7950 -1.082515 0.129860
69600 34.8000 -1.081392 0.131560
69610 34.8050 -1.080299 0.133226
69620 34.8100 -1.079351 0.134678
69630 34.8150 -1.078575 0.135873
69640 34.8200 -1.077785 0.137096
69650 34.8250 -1.077152 0.138080
69660 34.8300 -1.076675 0.138823
69670 34.8350 -1.076418 0.139223
69680 34.8400 -1.076307 0.139398
69690 34.8450 -1.076266 0.139462
69700 34.8500 -1.076416 0.139227
69710 34.8550 -1.077017 0.138289
69720 34.8600 -1.077975 0.136802
69730 34.8650 -1.079162 0.134969
69740 34.8700 -1.080556 0.132833
69750 34.8750 -1.082176 0.130372
69760 34.8800 -1.084129 0.127435
69770 34.8850 -1.086203 0.124354
69780 34.8900 -1.088650 0.120767
69790 34.8950 -1.091349 0.116871
69800 34.9000 -1.094074 0.113001
69810 34.9050 -1.096996 0.108923
69820 34.9100 -1.099943 0.104886
69830 34.9150 -1.102749 0.101112
69840 34.9200 -1.105212 0.097856
69850 34.9250 -1.107744 0.094564
69860 34.9300 -1.110028 0.091640
69870 34.9350 -1.112382 0.088676
69880 34.9400 -1.114918 0.085534
69890 34.9450 -1.117628 0.082239
69900 34.9500 -1.120334 0.079012
69910 34.9550 -1.122938 0.075965
69920 34.9600 -1.125609 0.072900
69930 34.9650 -1.128101 0.070095
69940 34.9700 -1.130508 0.067437
69950 34.9750 -1.132862 0.064885
69960 34.9800 -1.135062 0.062542
69970 34.9850 -1.137313 0.060188
69980 34.9900 -1.139220 0.058227
69990 34.9950 -1.141014 0.056411
70000 35.0000 -1.142838 0.054592
70010 35.0050 -1.144946 0.051725
70020 35.0100 -1.147363 0.049423
70030 35.0150 -1.150141 0.046839
70040 35.0200 -1.152964 0.044280
70050 35.0250 -1.155490 0.042047
70060 35.0300 -1.157863 0.039997
70070 35.0350 -1.159970 0.038217
70080 35.0400 -1.161912 0.036609
70090 35.0450 -1.163677 0.035176
70100 35.0500 -1.165301 0.033879
70110 35.0550 -1.166807 0.032697
70120 35.0600 -1.168171 0.031642
70130 35.0650 -1.169443 0.030672
70140 35.0700 -1.170655 0.029762
70150 35.0750 -1.171769 0.028934
70160 35.0800 -1.172552 0.028360
70170 35.0850 -1.172838 0.028150
70180 35.0900 -1.172805 0.028175
70190 35.0950 -1.172639 0.028296
70200 35.1000 -1.172392 0.028477
70210 35.1050 -1.171884 0.028850
70220 35.1100 -1.171050 0.029467
70230 35.1150 -1.170084 0.030189
70240 35.1200 -1.168954 0.031044
70250 35.1250 -1.167701 0.032004
70260 35.1300 -1.166331 0.033069
70270 35.1350 -1.164931 0.034173
70280 35.1400 -1.163373 0.035421
70290 35.1450 -1.161581 0.036881
70300 35.1500 -1.159690 0.038452
70310 35.1550 -1.157679 0.040155
70320 35.1600 -1.155789 0.041785
70330 35.1650 -1.154074 0.043292
70340 35.1700 -1.152054 0.045098
70350 35.1750 -1.149903 0.047058
70360 35.1800 -1.147661 0.049143
70370 35.1850 -1.145399 0.051290
70380 35.1900 -1.143052 0.053563
70390 35.1950 -1.140515 0.056072
70400 35.2000 -1.137852 0.058765
70410 35.2050 -1.135399 0.061298
70420 35.2100 -1.132921 0.063909
70430 35.2150 -1.130500 0.066511
70440 35.2200 -1.128184 0.069047
70450 35.2250 -1.126010 0.071468
70460 35.2300 -1.123896 0.073862
70470 35.2350 -1.121953 0.076096
70480 35.2400 -1.120148 0.078200
70490 35.2450 -1.118553 0.080083
70500 35.2500 -1.116941 0.082008
70510 35.2550 -1.115429 0.082528
70520 35.2600 -1.113878 0.084401
70530 35.2650 -1.112384 0.086227
70540 35.2700 -1.111007 0.087926
70550 35.2750 -1.109700 0.089554
70560 35.2800 -1.108403 0.091185
70570 35.2850 -1.107102 0.092834
70580 35.2900 -1.105924 0.094341
70590 35.2950 -1.104694 0.095927
70600 35.3000 -1.103383 0.097632
70610 35.3050 -1.102214 0.099165
70620 35.3100 -1.101410 0.100225
70630 35.3150 -1.100690 0.101181
70640 35.3200 -1.100237 0.101783
70650 35.3250 -1.099932 0.102190
70660 35.3300 -1.099480 0.102795
70670 35.3350 -1.098815 0.103688
70680 35.3400 -1.098196 0.104523
70690 35.3450 -1.097461 0.105518
70700 35.3500 -1.096709 0.106541
70710 35.3550 -1.096079 0.107402
70720 35.3600 -1.095246 0.108545
70730 35.3650 -1.094489 0.109591
70740 35.3700 -1.094037 0.110217
70750 35.3750 -1.093558 0.110881
70760 35.3800 -1.093180 0.111408
70770 35.3850 -1.093005 0.111652
70780 35.3900 -1.092845 0.111876
70790 35.3950 -1.092691 0.112092
70800 35.4000 -1.092577 0.112250
70810 35.4050 -1.092722 0.112048
70820 35.4100 -1.092926 0.111763
70830 35.4150 -1.093208 0.111369
70840 35.4200 -1.093549 0.110894
70850 35.4250 -1.094142 0.110071
70860 35.4300 -1.094948 0.108957
70870 35.4350 -1.096136 0.107324
70880 35.4400 -1.097312 0.105720
70890 35.4450 -1.098549 0.104046
70900 35.4500 -1.100004 0.102094
70910 35.4550 -1.101501 0.100105
70920 35.4600 -1.103072 0.098039
70930 35.4650 -1.104900 0.095660
70940 35.4700 -1.107005 0.092958
70950 35.4750 -1.109337 0.090010
70960 35.4800 -1.111762 0.086993
70970 35.4850 -1.114287 0.083905
70980 35.4900 -1.116782 0.080908
70990 35.4950 -1.119409 0.077811
71000 35.5000 -1.122060 0.074745
71010 35.5050 -1.124715 0.070601
71020 35.5100 -1.127278 0.067781
71030 35.5150 -1.129703 0.065164
71040 35.5200 -1.132018 0.062713
71050 35.5250 -1.134496 0.060141
71060 35.5300 -1.137032 0.057561
71070 35.5350 -1.139506 0.055097
71080 35.5400 -1.141938 0.052725
71090 35.5450 -1.144175 0.050588
71100 35.5500 -1.146337 0.048563
71110 35.5550 -1.148611 0.046475
71120 35.5600 -1.150904 0.044413
71130 35.5650 -1.153266 0.042336
71140 35.5700 -1.155550 0.040372
71150 35.5750 -1.157664 0.038592
71160 35.5800 -1.159619 0.036981
71170 35.5850 -1.161457 0.035494
71180 35.5900 -1.162997 0.034271
71190 35.5950 -1.164321 0.033234
71200 35.6000 -1.165613 0.032237
71210 35.6050 -1.166973 0.031203
71220 35.6100 -1.168354 0.030168
71230 35.6150 -1.169642 0.029217
71240 35.6200 -1.170648 0.028484
71250 35.6250 -1.171343 0.027983
71260 35.6300 -1.171941 0.027554
71270 35.6350 -1.172493 0.027161
71280 35.6400 -1.172936 0.026848
71290 35.6450 -1.173281 0.026605
71300 35.6500 -1.173581 0.026395
71310 35.6550 -1.173635 0.026357
71320 35.6600 -1.173613 0.026372
71330 35.6650 -1.173487 0.026461
71340 35.6700 -1.173275 0.026609
71350 35.6750 -1.173123 0.026716
71360 35.6800 -1.173093 0.026737
71370 35.6850 -1.172792 0.026950
71380 35.6900 -1.172184 0.027381
71390 35.6950 -1.171275 0.028032
71400 35.7000 -1.170324 0.028720
71410 35.7050 -1.169316 0.029456
71420 35.7100 -1.168141 0.030327
71430 35.7150 -1.166643 0.031453
71440 35.7200 -1.165110 0.032624
71450 35.7250 -1.163245 0.034075
71460 35.7300 -1.161466 0.035487
71470 35.7350 -1.159834 0.036806
71480 35.7400 -1.158075 0.038251
71490 35.7450 -1.156164 0.039851
71500 35.7500 -1.154189 0.041537
71510 35.7550 -1.152314 0.042547
71520 35.7600 -1.150220 0.044387
71530 35.7650 -1.147877 0.046489
71540 35.7700 -1.145286 0.048868
71550 35.7750 -1.142676 0.051321
71560 35.7800 -1.140175 0.053726
71570 35.7850 -1.137628 0.056230
71580 35.7900 -1.135276 0.058591
71590 35.7950 -1.132779 0.061148
71600 35.8000 -1.130270 0.063771
71610 35.8050 -1.127718 0.066495
71620 35.8100 -1.125211 0.069225
71630 35.8150 -1.122631 0.072090
71640 35.8200 -1.119659 0.075461
71650 35.8250 -1.116506 0.079121
71660 35.8300 -1.113409 0.082798
71670 35.8350 -1.110505 0.086322
71680 35.8400 -1.107730 0.089757
71690 35.8450 -1.104776 0.093487
71700 35.8500 -1.101694 0.097459
71710 35.8550 -1.098665 0.101443
71720 35.8600 -1.095622 0.105526
71730 35.8650 -1.092566 0.109706
71740 35.8700 -1.089611 0.113827
71750 35.8750 -1.086620 0.118075
71760 35.8800 -1.083626 0.122407
71770 35.8850 -1.080559 0.126925
71780 35.8900 -1.077363 0.131721
71790 35.8950 -1.074115 0.136688
71800 35.9000 -1.070878 0.141729
71810 35.9050 -1.067787 0.146631
71820 35.9100 -1.064819 0.151417
71830 35.9150 -1.061844 0.156292
71840 35.9200 -1.058766 0.161420
71850 35.9250 -1.055853 0.166350
71860 35.9300 -1.052988 0.171273
71870 35.9350 -1.050376 0.175824
71880 35.9400 -1.048149 0.179753
71890 35.9450 -1.045920 0.183730
71900 35.9500 -1.043768 0.187611
71910 35.9550 -1.041744 0.191299
71920 35.9600 -1.039944 0.194611
71930 35.9650 -1.038314 0.197634
71940 35.9700 -1.036685 0.200681
71950 35.9750 -1.035147 0.203577
71960 35.9800 -1.033881 0.205980
71970 35.9850 -1.032963 0.207729
71980 35.9900 -1.032302 0.208994
71990 35.9950 -1.031711 0.210128
72000 36.0000 -1.031352 0.210819
72010 36.0050 -1.031291 0.207343
72020 36.0100 -1.031420 0.207098
72030 36.0150 -1.031879 0.206227
72040 36.0200 -1.032670 0.204731
72050 36.0250 -1.033551 0.203070
72060 36.0300 -1.034768 0.200789
72070 36.0350 -1.036244 0.198040
72080 36.0400 -1.038051 0.194699
72090 36.0450 -1.039969 0.191186
72100 36.0500 -1.042203 0.187137
72110 36.0550 -1.044600 0.182840
72120 36.0600 -1.047132 0.178356
72130 36.0650 -1.049976 0.173389
72140 36.0700 -1.052979 0.168221
72150 36.0750 -1.056045 0.163028
72160 36.0800 -1.059160 0.157836
72170 36.0850 -1.062235 0.152795
72180 36.0900 -1.065241 0.147947
72190 36.0950 -1.068320 0.143063
72200 36.1000 -1.071771 0.137690
72210 36.1050 -1.075530 0.131954
72220 36.1100 -1.079373 0.126219
72230 36.1150 -1.083315 0.120470
72240 36.1200 -1.087039 0.115162
72250 36.1250 -1.090739 0.110008
72260 36.1300 -1.094385 0.105046
72270 36.1350 -1.098167 0.100019
72280 36.1400 -1.102144 0.094867
72290 36.1450 -1.106302 0.089625
72300 36.1500 -1.110705 0.084237
72310 36.1550 -1.115042 0.079092
72320 36.1600 -1.119303 0.074193
72330 36.1650 -1.123337 0.069698
72340 36.1700 -1.127208 0.065514
72350 36.1750 -1.130883 0.061659
72360 36.1800 -1.134516 0.057961
72370 36.1850 -1.138222 0.054304
72380 36.1900 -1.141903 0.050785
72390 36.1950 -1.145570 0.047392
72400 36.2000 -1.149093 0.044240
72410 36.2050 -1.152478 0.041308
72420 36.2100 -1.155676 0.038626
72430 36.2150 -1.159056 0.035884
72440 36.2200 -1.162647 0.033076
72450 36.2250 -1.166284 0.030339
72460 36.2300 -1.169714 0.027858
72470 36.2350 -1.172747 0.025746
72480 36.2400 -1.175584 0.023839
72490 36.2450 -1.178487 0.021955
72500 36.2500 -1.181279 0.020210
72510 36.2550 -1.183823 0.018417
72520 36.2600 -1.186092 0.017104
72530 36.2650 -1.188070 0.015994
72540 36.2700 -1.189835 0.015030
72550 36.2750 -1.191357 0.014220
72560 36.2800 -1.192533 0.013606
72570 36.2850 -1.193529 0.013095
72580 36.2900 -1.194291 0.012710
72590 36.2950 -1.194703 0.012504
72600 36.3000 -1.194894 0.012409
72610 36.3050 -1.194788 0.012461
72620 36.3100 -1.194562 0.012574
72630 36.3150 -1.194213 0.012749
72640 36.3200 -1.193790 0.012963
72650 36.3250 -1.193020 0.013355
72660 36.3300 -1.192020 0.013872
72670 36.3350 -1.190756 0.014537
72680 36.3400 -1.189358 0.015288
72690 36.3450 -1.187679 0.016211
72700 36.3500 -1.185955 0.017182
72710 36.3550 -1.184176 0.018210
72720 36.3600 -1.182406 0.019258
72730 36.3650 -1.180280 0.020552
72740 36.3700 -1.177964 0.022002
72750 36.3750 -1.175727 0.023446
72760 36.3800 -1.173262 0.025084
72770 36.3850 -1.170371 0.027069
72780 36.3900 -1.167262 0.029281
72790 36.3950 -1.163898 0.031764
72800 36.4000 -1.160277 0.034542
72810 36.4050 -1.156347 0.037680
72820 36.4100 -1.152340 0.041013
72830 36.4150 -1.148483 0.044347
72840 36.4200 -1.144739 0.047703
72850 36.4250 -1.141053 0.051122
72860 36.4300 -1.137263 0.054757
72870 36.4350 -1.133409 0.058577
72880 36.4400 -1.129374 0.062712
72890 36.4450 -1.125397 0.066922
72900 36.4500 -1.121226 0.071482
72910 36.4550 -1.116903 0.076365
72920 36.4600 -1.112594 0.081390
72930 36.4650 -1.108442 0.086384
72940 36.4700 -1.104292 0.091523
72950 36.4750 -1.100600 0.096220
72960 36.4800 -1.097099 0.100781
72970 36.4850 -1.093709 0.105300
72980 36.4900 -1.090478 0.109699
72990 36.4950 -1.087559 0.113752
73000 36.5000 -1.084892 0.117520
73010 36.5050 -1.082685 0.118753
73020 36.5100 -1.080752 0.121530
73030 36.5150 -1.079107 0.123919
73040 36.5200 -1.078037 0.125486
73050 36.5250 -1.077307 0.126560
73060 36.5300 -1.076780 0.127340
73070 36.5350 -1.076586 0.127627
73080 36.5400 -1.076674 0.127497
73090 36.5450 -1.076942 0.127100
73100 36.5500 -1.077378 0.126456
73110 36.5550 -1.078062 0.125450
73120 36.5600 -1.078934 0.124173
73130 36.5650 -1.080083 0.122499
73140 36.5700 -1.081414 0.120575
73150 36.5750 -1.082816 0.118565
73160 36.5800 -1.084517 0.116150
73170 36.5850 -1.086534 0.113318
73180 36.5900 -1.088690 0.110332
73190 36.5950 -1.090738 0.107530
73200 36.6000 -1.092737 0.104831
73210 36.6050 -1.094781 0.102109
73220 36.6100 -1.096878 0.099352
73230 36.6150 -1.098945 0.096672
73240 36.6200 -1.100981 0.094068
73250 36.6250 -1.102924 0.091616
73260 36.6300 -1.104985 0.089051
73270 36.6350 -1.107322 0.086186
73280 36.6400 -1.109902 0.083079
73290 36.6450 -1.112653 0.079827
73300 36.6500 -1.115392 0.076655
73310 36.6550 -1.118243 0.073420
73320 36.6600 -1.120995 0.070363
73330 36.6650 -1.123725 0.067395
73340 36.6700 -1.126254 0.064701
73350 36.6750 -1.129006 0.061831
73360 36.6800 -1.131672 0.059113
73370 36.6850 -1.134455 0.056339
73380 36.6900 -1.137602 0.053280
73390 36.6950 -1.140744 0.050310
73400 36.7000 -1.143903 0.047408
73410 36.7050 -1.147075 0.044577
73420 36.7100 -1.150113 0.041945
73430 36.7150 -1.153112 0.039423
73440 36.7200 -1.156028 0.037041
73450 36.7250 -1.158821 0.034827
73460 36.7300 -1.161478 0.032780
73470 36.7350 -1.164025 0.030874
73480 36.7400 -1.166400 0.029144
73490 36.7450 -1.168570 0.027604
73500 36.7500 -1.170621 0.026185
73510 36.7550 -1.172508 0.024555
73520 36.7600 -1.174186 0.023455
73530 36.7650 -1.175738 0.022458
73540 36.7700 -1.177571 0.021307
73550 36.7750 -1.179301 0.020245
73560 36.7800 -1.180901 0.019285
73570 36.7850 -1.182452 0.018375
73580 36.7900 -1.183935 0.017523
73590 36.7950 -1.185367 0.016717
73600 36.8000 -1.186796 0.015929
73610 36.8050 -1.188142 0.015203
73620 36.8100 -1.189347 0.014565
73630 36.8150 -1.190350 0.014043
73640 36.8200 -1.191373 0.013520
73650 36.8250 -1.192569 0.012918
73660 36.8300 -1.193642 0.012388
73670 36.8350 -1.194616 0.011915
73680 36.8400 -1.195490 0.011497
73690 36.8450 -1.196203 0.011161
73700 36.8500 -1.196762 0.010900
73710 36.8550 -1.197213 0.010692
73720 36.8600 -1.197292 0.010656
73730 36.8650 -1.197105 0.010742
73740 36.8700 -1.196997 0.010792
73750 36.8750 -1.196892 0.010840
73760 36.8800 -1.196772 0.010895
73770 36.8850 -1.196509 0.011018
73780 36.8900 -1.196168 0.011177
73790 36.8950 -1.195558 0.011465
73800 36.9000 -1.194852 0.011802
73810 36.9050 -1.193964 0.012231
73820 36.9100 -1.192953 0.012727
73830 36.9150 -1.191865 0.013270
73840 36.9200 -1.190705 0.013861
73850 36.9250 -1.189385 0.014545
73860 36.9300 -1.187931 0.015316
73870 36.9350 -1.186261 0.016222
73880 36.9400 -1.184530 0.017186
73890 36.9450 -1.182761 0.018196
73900 36.9500 -1.180767 0.019365
73910 36.9550 -1.178799 0.020550
73920 36.9600 -1.176821 0.021775
73930 36.9650 -1.174738 0.023098
73940 36.9700 -1.172575 0.024510
73950 36.9750 -1.170337 0.026012
73960 36.9800 -1.168163 0.027511
73970 36.9850 -1.165744 0.029224
73980 36.9900 -1.163332 0.030980
73990 36.9950 -1.160758 0.032907
74000 37.0000 -1.158310 0.034792
74010 37.0050 -1.155961 0.036129
74020 37.0100 -1.153937 0.037750
74030 37.0150 -1.151915 0.039404
74040 37.0200 -1.149817 0.041157
74050 37.0250 -1.147837 0.042845
74060 37.0300 -1.145955 0.044479
74070 37.0350 -1.144365 0.045884
74080 37.0400 -1.142789 0.047296
74090 37.0450 -1.141171 0.048769
74100 37.0500 -1.139534 0.050281
74110 37.0550 -1.137788 0.051918
74120 37.0600 -1.136408 0.053230
74130 37.0650 -1.135205 0.054388
74140 37.0700 -1.134158 0.055405
74150 37.0750 -1.133472 0.056077
74160 37.0800 -1.133082 0.056460
74170 37.0850 -1.132779 0.056759
74180 37.0900 -1.132580 0.056956
74190 37.0950 -1.132405 0.057129
74200 37.1000 -1.132212 0.057320
74210 37.1050 -1.131907 0.057624
74220 37.1100 -1.131576 0.057953
74230 37.1150 -1.131176 0.058353
74240 37.1200 -1.130676 0.058854
74250 37.1250 -1.130063 0.059473
74260 37.1300 -1.129496 0.060047
74270 37.1350 -1.128973 0.060579
74280 37.1400 -1.128454 0.061110
74290 37.1450 -1.127928 0.061649
74300 37.1500 -1.127303 0.062294
74310 37.1550 -1.126566 0.063058
74320 37.1600 -1.125746 0.063915
74330 37.1650 -1.125207 0.064480
74340 37.1700 -1.124694 0.065021
74350 37.1750 -1.124252 0.065488
74360 37.1800 -1.123776 0.065994
74370 37.1850 -1.123305 0.066496
74380 37.1900 -1.122869 0.066963
74390 37.1950 -1.122570 0.067284
74400 37.2000 -1.122277 0.067599
74410 37.2050 -1.121964 0.067937
74420 37.2100 -1.121863 0.068045
74430 37.2150 -1.121926 0.067977
74440 37.2200 -1.122112 0.067777
74450 37.2250 -1.122519 0.067338
74460 37.2300 -1.123086 0.066730
74470 37.2350 -1.123709 0.066066
74480 37.2400 -1.124348 0.065387
74490 37.2450 -1.125014 0.064683
74500 37.2500 -1.125669 0.063996
74510 37.2550 -1.126352 0.062308
74520 37.2600 -1.127085 0.061553
74530 37.2650 -1.128099 0.060517
74540 37.2700 -1.129216 0.059385
74550 37.2750 -1.130212 0.058385
74560 37.2800 -1.131423 0.057181
74570 37.2850 -1.132698 0.055926
74580 37.2900 -1.133956 0.054701
74590 37.2950 -1.135228 0.053476
74600 37.3000 -1.136225 0.052527
74610 37.3050 -1.137062 0.051735
74620 37.3100 -1.137881 0.050966
74630 37.3150 -1.138735 0.050171
74640 37.3200 -1.139470 0.049491
74650 37.3250 -1.140086 0.048925
74660 37.3300 -1.140601 0.048454
74670 37.3350 -1.141109 0.047992
74680 37.3400 -1.141417 0.047713
74690 37.3450 -1.141680 0.047475
74700 37.3500 -1.141915 0.047263
74710 37.3550 -1.142109 0.047089
74720 37.3600 -1.142398 0.046829
74730 37.3650 -1.142709 0.046551
74740 37.3700 -1.143103 0.046199
74750 37.3750 -1.143653 0.045711
74760 37.3800 -1.144103 0.045313
74770 37.3850 -1.144413 0.045039
74780 37.3900 -1.144783 0.044714
74790 37.3950 -1.145042 0.044487
74800 37.4000 -1.145225 0.044327
74810 37.4050 -1.145305 0.044258
74820 37.4100 -1.145467 0.044116
74830 37.4150 -1.145784 0.043841
74840 37.4200 -1.146169 0.043507
74850 37.4250 -1.146687 0.043060
74860 37.4300 -1.147111 0.042695
74870 37.4350 -1.147704 0.042189
74880 37.4400 -1.148404 0.041594
74890 37.4450 -1.149244 0.040886
74900 37.4500 -1.150122 0.040152
74910 37.4550 -1.150851 0.039548
74920 37.4600 -1.151549 0.038974
74930 37.4650 -1.152209 0.038434
74940 37.4700 -1.152984 0.037805
74950 37.4750 -1.153802 0.037147
74960 37.4800 -1.154699 0.036432
74970 37.4850 -1.155440 0.035846
74980 37.4900 -1.155930 0.035461
74990 37.4950 -1.156361 0.035124
75000 37.5000 -1.156690 0.034868
75010 37.5050 -1.157164 0.033998
75020 37.5100 -1.157665 0.033615
75030 37.5150 -1.158141 0.033253
75040 37.5200 -1.158334 0.033107
75050 37.5250 -1.158305 0.033129
75060 37.5300 -1.158196 0.033212
75070 37.5350 -1.157893 0.033442
75080 37.5400 -1.157427 0.033797
75090 37.5450 -1.156877 0.034219
75100 37.5500 -1.156318 0.034650
75110 37.5550 -1.155452 0.035323
75120 37.5600 -1.154553 0.036029
75130 37.5650 -1.153610 0.036776
75140 37.5700 -1.152616 0.037571
75150 37.5750 -1.151860 0.038182
75160 37.5800 -1.151073 0.038823
75170 37.5850 -1.150125 0.039602
75180 37.5900 -1.149253 0.040324
75190 37.5950 -1.148317 0.041108
75200 37.6000 -1.147247 0.042013
75210 37.6050 -1.146200 0.042907
75220 37.6100 -1.145104 0.043852
75230 37.6150 -1.144006 0.044810
75240 37.6200 -1.143102 0.045607
75250 37.6250 -1.142396 0.046233
75260 37.6300 -1.141730 0.046828
75270 37.6350 -1.140966 0.047515
75280 37.6400 -1.140372 0.048052
75290 37.6450 -1.139728 0.048639
75300 37.6500 -1.139153 0.049165
75310 37.6550 -1.138665 0.049614
75320 37.6600 -1.138166 0.050076
75330 37.6650 -1.137636 0.050567
75340 37.6700 -1.137007 0.051154
75350 37.6750 -1.136364 0.051758
75360 37.6800 -1.135795 0.052295
75370 37.6850 -1.135276 0.052787
75380 37.6900 -1.134854 0.053189
75390 37.6950 -1.134383 0.053640
75400 37.7000 -1.133822 0.054178
75410 37.7050 -1.133161 0.054817
75420 37.7100 -1.132454 0.055504
75430 37.7150 -1.131778 0.056165
75440 37.7200 -1.130996 0.056934
75450 37.7250 -1.130236 0.057686
75460 37.7300 -1.129595 0.058325
75470 37.7350 -1.129077 0.058843
75480 37.7400 -1.128574 0.059349
75490 37.7450 -1.127919 0.060011
75500 37.7500 -1.127406 0.060531
75510 37.7550 -1.126978 0.060042
75520 37.7600 -1.126637 0.060387
75530 37.7650 -1.126456 0.060571
75540 37.7700 -1.126476 0.060551
75550 37.7750 -1.126261 0.060770
75560 37.7800 -1.125949 0.061087
75570 37.7850 -1.125591 0.061453
75580 37.7900 -1.125180 0.061875
75590 37.7950 -1.124869 0.062195
75600 37.8000 -1.124687 0.062382
75610 37.8050 -1.124641 0.062430
75620 37.8100 -1.124579 0.062494
75630 37.8150 -1.124665 0.062405
75640 37.8200 -1.124814 0.062252
75650 37.8250 -1.125256 0.061797
75660 37.8300 -1.125793 0.061247
75670 37.8350 -1.126408 0.060620
75680 37.8400 -1.127003 0.060016
75690 37.8450 -1.127812 0.059200
75700 37.8500 -1.128856 0.058156
75710 37.8550 -1.130007 0.057015
75720 37.8600 -1.131300 0.055747
75730 37.8650 -1.132620 0.054467
75740 37.8700 -1.133950 0.053193
75750 37.8750 -1.135351 0.051866
75760 37.8800 -1.136768 0.050540
75770 37.8850 -1.138231 0.049191
75780 37.8900 -1.139720 0.047836
75790 37.8950 -1.141225 0.046485
75800 37.9000 -1.142795 0.045095
75810 37.9050 -1.144578 0.043543
75820 37.9100 -1.146482 0.041916
75830 37.9150 -1.148308 0.040383
75840 37.9200 -1.150226 0.038803
75850 37.9250 -1.152163 0.037239
75860 37.9300 -1.154061 0.035737
75870 37.9350 -1.156059 0.034188
75880 37.9400 -1.158236 0.032538
75890 37.9450 -1.160549 0.030829
75900 37.9500 -1.162748 0.029245
75910 37.9550 -1.165047 0.027633
75920 37.9600 -1.167347 0.026063
75930 37.9650 -1.169562 0.024593
75940 37.9700 -1.171810 0.023142
75950 37.9750 -1.173914 0.021823
75960 37.9800 -1.175867 0.020630
75970 37.9850 -1.177798 0.019482
75980 37.9900 -1.179688 0.018388
75990 37.9950 -1.181525 0.017353
76000 38.0000 -1.183311 0.016372
76010 38.0050 -1.184917 0.015303
76020 38.0100 -1.186268 0.014602
76030 38.0150 -1.187257 0.014099
76040 38.0200 -1.188079 0.013687
76050 38.0250 -1.189117 0.013175
76060 38.0300 -1.190012 0.012740
76070 38.0350 -1.191036 0.012250
76080 38.0400 -1.192132 0.011736
76090 38.0450 -1.193225 0.011233
76100 38.0500 -1.194094 0.010839
76110 38.0550 -1.194912 0.010475
76120 38.0600 -1.195549 0.010195
76130 38.0650 -1.195880 0.010051
76140 38.0700 -1.196012 0.009994
76150 38.0750 -1.196165 0.009928
76160 38.0800 -1.196184 0.009919
76170 38.0850 -1.195974 0.010010
76180 38.0900 -1.195851 0.010063
76190 38.0950 -1.195921 0.010033
76200 38.1000 -1.195926 0.010031
76210 38.1050 -1.195885 0.010049
76220 38.1100 -1.195988 0.010004
76230 38.1150 -1.196220 0.009904
76240 38.1200 -1.196481 0.009792
76250 38.1250 -1.196956 0.009588
76260 38.1300 -1.197288 0.009447
76270 38.1350 -1.197422 0.009391
76280 38.1400 -1.197524 0.009348
76290 38.1450 -1.197499 0.009358
76300 38.1500 -1.197371 0.009412
76310 38.1550 -1.197159 0.009502
76320 38.1600 -1.196788 0.009660
76330 38.1650 -1.196458 0.009801
76340 38.1700 -1.196050 0.009977
76350 38.1750 -1.195757 0.010104
76360 38.1800 -1.195678 0.010139
76370 38.1850 -1.195859 0.010060
76380 38.1900 -1.195849 0.010064
76390 38.1950 -1.195678 0.010139
76400 38.2000 -1.195456 0.010236
76410 38.2050 -1.195217 0.010341
76420 38.2100 -1.194922 0.010471
76430 38.2150 -1.194564 0.010630
76440 38.2200 -1.194134 0.010822
76450 38.2250 -1.193671 0.011030
76460 38.2300 -1.193385 0.011160
76470 38.2350 -1.193263 0.011215
76480 38.2400 -1.193015 0.011328
76490 38.2450 -1.192671 0.011486
76500 38.2500 -1.192080 0.011760
76510 38.2550 -1.191351 0.011949
76520 38.2600 -1.190643 0.012282
76530 38.2650 -1.190074 0.012552
76540 38.2700 -1.189302 0.012924
76550 38.2750 -1.188592 0.013270
76560 38.2800 -1.187787 0.013667
76570 38.2850 -1.186904 0.014109
76580 38.2900 -1.186088 0.014523
76590 38.2950 -1.185188 0.014986
76600 38.3000 -1.184213 0.015495
76610 38.3050 -1.183270 0.015995
76620 38.3100 -1.182324 0.016504
76630 38.3150 -1.181236 0.017098
76640 38.3200 -1.180317 0.017607
76650 38.3250 -1.179432 0.018104
76660 38.3300 -1.178501 0.018635
76670 38.3350 -1.177520 0.019201
76680 38.3400 -1.176617 0.019729
76690 38.3450 -1.175934 0.020133
76700 38.3500 -1.175257 0.020537
76710 38.3550 -1.174604 0.020931
76720 38.3600 -1.174031 0.021279
76730 38.3650 -1.173478 0.021618
76740 38.3700 -1.172891 0.021981
76750 38.3750 -1.172404 0.022283
76760 38.3800 -1.171897 0.022600
76770 38.3850 -1.171557 0.022814
76780 38.3900 -1.171309 0.022971
76790 38.3950 -1.170968 0.023187
76800 38.4000 -1.170480 0.023499
76810 38.4050 -1.170007 0.023802
76820 38.4100 -1.169595 0.024067
76830 38.4150 -1.169158 0.024351
76840 38.4200 -1.168856 0.024548
76850 38.4250 -1.168517 0.024770
76860 38.4300 -1.168245 0.024949
76870 38.4350 -1.168009 0.025104
76880 38.4400 -1.167955 0.025140
76890 38.4450 -1.168065 0.025067
76900 38.4500 -1.168206 0.024974
76910 38.4550 -1.168298 0.024914
76920 38.4600 -1.168345 0.024883
76930 38.4650 -1.168508 0.024776
76940 38.4700 -1.168752 0.024616
76950 38.4750 -1.168870 0.024539
76960 38.4800 -1.169020 0.024441
76970 38.4850 -1.169230 0.024304
76980 38.4900 -1.169618 0.024053
76990 38.4950 -1.170201 0.023677
77000 38.5000 -1.170789 0.023301
77010 38.5050 -1.171353 0.022622
77020 38.5100 -1.172187 0.022102
77030 38.5150 -1.172960 0.021625
77040 38.5200 -1.173676 0.021188
77050 38.5250 -1.174332 0.020791
77060 38.5300 -1.175367 0.020172
77070 38.5350 -1.176661 0.019410
77080 38.5400 -1.177942 0.018670
77090 38.5450 -1.179068 0.018030
77100 38.5500 -1.180152 0.017424
77110 38.5550 -1.181360 0.016761
77120 38.5600 -1.182706 0.016036
77130 38.5650 -1.184022 0.015341
77140 38.5700 -1.185503 0.014576
77150 38.5750 -1.187106 0.013769
77160 38.5800 -1.188770 0.012953
77170 38.5850 -1.190410 0.012172
77180 38.5900 -1.192219 0.011335
77190 38.5950 -1.193979 0.010547
77200 38.6000 -1.195817 0.009751
77210 38.6050 -1.197609 0.009001
77220 38.6100 -1.199331 0.008306
77230 38.6150 -1.201026 0.007644
77240 38.6200 -1.202724 0.007006
77250 38.6250 -1.204161 0.006483
77260 38.6300 -1.205418 0.006040
77270 38.6350 -1.206738 0.005589
77280 38.6400 -1.208146 0.005123
77290 38.6450 -1.209364 0.004732
77300 38.6500 -1.210499 0.004380
77310 38.6550 -1.211340 0.004125
77320 38.6600 -1.211813 0.003984
77330 38.6650 -1.212088 0.003903
77340 38.6700 -1.212059 0.003911
77350 38.6750 -1.211882 0.003964
77360 38.6800 -1.211531 0.004068
77370 38.6850 -1.211263 0.004148
77380 38.6900 -1.211019 0.004221
77390 38.6950 -1.210712 0.004315
77400 38.7000 -1.210043 0.004520
77410 38.7050 -1.208970 0.004857
77420 38.7100 -1.207607 0.005299
77430 38.7150 -1.206125 0.005797
77440 38.7200 -1.204458 0.006377
77450 38.7250 -1.202477 0.007097
77460 38.7300 -1.200157 0.007981
77470 38.7350 -1.197673 0.008975
77480 38.7400 -1.195017 0.010094
77490 38.7450 -1.192159 0.011362
77500 38.7500 -1.189171 0.012760
77510 38.7550 -1.186364 0.013965
77520 38.7600 -1.183433 0.015464
77530 38.7650 -1.180452 0.017062
77540 38.7700 -1.177479 0.018729
77550 38.7750 -1.174428 0.020516
77560 38.7800 -1.171560 0.022265
77570 38.7850 -1.168667 0.024100
77580 38.7900 -1.165558 0.026150
77590 38.7950 -1.162303 0.028382
77600 38.8000 -1.159043 0.030708
77610 38.8050 -1.155923 0.033016
77620 38.8100 -1.152790 0.035418
77630 38.8150 -1.149795 0.037790
77640 38.8200 -1.146895 0.040159
77650 38.8250 -1.143882 0.042697
77660 38.8300 -1.140864 0.045316
77670 38.8350 -1.137843 0.048015
77680 38.8400 -1.134881 0.050737
77690 38.8450 -1.131994 0.053462
77700 38.8500 -1.129208 0.056160
77710 38.8550 -1.126663 0.058682
77720 38.8600 -1.124397 0.060975
77730 38.8650 -1.122102 0.063342
77740 38.8700 -1.119844 0.065716
77750 38.8750 -1.117701 0.068009
77760 38.8800 -1.115846 0.070024
77770 38.8850 -1.114163 0.071881
77780 38.8900 -1.112653 0.073567
77790 38.8950 -1.111302 0.075091
77800 38.9000 -1.109999 0.076577
77810 38.9050 -1.108883 0.077861
77820 38.9100 -1.108075 0.078798
77830 38.9150 -1.107652 0.079290
77840 38.9200 -1.107400 0.079585
77850 38.9250 -1.107345 0.079649
77860 38.9300 -1.107319 0.079679
77870 38.9350 -1.107501 0.079466
77880 38.9400 -1.107992 0.078895
77890 38.9450 -1.108907 0.077833
77900 38.9500 -1.110090 0.076473
77910 38.9550 -1.111548 0.074812
77920 38.9600 -1.113202 0.072951
77930 38.9650 -1.115068 0.070879
77940 38.9700 -1.117245 0.068501
77950 38.9750 -1.119703 0.065865
77960 38.9800 -1.122399 0.063033
77970 38.9850 -1.125186 0.060172
77980 38.9900 -1.128215 0.057138
77990 38.9950 -1.131523 0.053914
78000 39.0000 -1.135014 0.050613
78010 39.0050 -1.138661 0.035610
78020 39.0100 -1.142448 0.032295
78030 39.0150 -1.146367 0.028993
78040 39.0200 -1.150299 0.025809
78050 39.0250 -1.154335 0.022679
78060 39.0300 -1.158542 0.019562
78070 39.0350 -1.162690 0.016634
78080 39.0400 -1.166891 0.013817
78090 39.0450 -1.171269 0.011037
78100 39.0500 -1.175888 0.008277
78110 39.0550 -1.180397 0.005754
78120 39.0600 -1.184987 0.003359
78130 39.0650 -1.189628 0.001115
78140 39.0700 -1.194252 0.000000
78150 39.0750 -1.198894 0.000000
78160 39.0800 -1.203597 0.000000
78170 39.0850 -1.208176 0.000000
78180 39.0900 -1.212596 0.000000
78190 39.0950 -1.216805 0.000000
78200 39.1000 -1.220969 0.000000
78210 39.1050 -1.225032 0.000000
78220 39.1100 -1.228797 0.000000
78230 39.1150 -1.232523 0.000000
78240 39.1200 -1.236240 0.000000
78250 39.1250 -1.239775 0.000000
78260 39.1300 -1.243177 0.000000
78270 39.1350 -1.246305 0.000000
78280 39.1400 -1.249281 0.000000
78290 39.1450 -1.252049 0.000000
78300 39.1500 -1.254646 0.000000
78310 39.1550 -1.256721 0.000000
78320 39.1600 -1.258694 0.000000
78330 39.1650 -1.260353 0.000000
78340 39.1700 -1.261560 0.000000
78350 39.1750 -1.262462 0.000000
78360 39.1800 -1.263024 0.000000
78370 39.1850 -1.263307 0.000000
78380 39.1900 -1.263354 0.000000
78390 39.1950 -1.263075 0.000000
78400 39.2000 -1.262541 0.000000
78410 39.2050 -1.261840 0.000000
78420 39.2100 -1.260965 0.000000
78430 39.2150 -1.259914 0.000000
78440 39.2200 -1.258626 0.000000
78450 39.2250 -1.256934 0.000000
78460 39.2300 -1.254959 0.000000
78470 39.2350 -1.252751 0.000000
78480 39.2400 -1.250345 0.000000
78490 39.2450 -1.247598 0.000000
78500 39.2500 -1.244553 0.000000
78510 39.2550 -1.241378 0.000108
78520 39.2600 -1.238063 0.000306
78530 39.2650 -1.234914 0.000575
78540 39.2700 -1.231451 0.000963
78550 39.2750 -1.227745 0.001484
78560 39.2800 -1.223685 0.002182
78570 39.2850 -1.219439 0.003053
78580 39.2900 -1.215151 0.004081
78590 39.2950 -1.210639 0.005323
78600 39.3000 -1.206211 0.006703
78610 39.3050 -1.201930 0.008189
78620 39.3100 -1.197596 0.009847
78630 39.3150 -1.193329 0.011629
78640 39.3200 -1.189162 0.013513
78650 39.3250 -1.184976 0.015551
78660 39.3300 -1.180788 0.017735
78670 39.3350 -1.176588 0.020071
78680 39.3400 -1.172636 0.022403
78690 39.3450 -1.168939 0.024703
78700 39.3500 -1.165348 0.027046
78710 39.3550 -1.161776 0.029485
78720 39.3600 -1.158417 0.031876
78730 39.3650 -1.155110 0.034322
78740 39.3700 -1.151621 0.037003
78750 39.3750 -1.148225 0.039713
78760 39.3800 -1.144905 0.042456
78770 39.3850 -1.141584 0.045293
78780 39.3900 -1.138295 0.048196
78790 39.3950 -1.135109 0.051097
78800 39.4000 -1.132266 0.053758
78810 39.4050 -1.129762 0.056159
78820 39.4100 -1.127372 0.058501
78830 39.4150 -1.125133 0.060740
78840 39.4200 -1.123240 0.062668
78850 39.4250 -1.121480 0.064486
78860 39.4300 -1.119774 0.066275
78870 39.4350 -1.118144 0.068008
78880 39.4400 -1.116760 0.069497
78890 39.4450 -1.115494 0.070873
78900 39.4500 -1.114715 0.071727
78910 39.4550 -1.114166 0.072333
78920 39.4600 -1.113820 0.072716
78930 39.4650 -1.113660 0.072892
78940 39.4700 -1.113702 0.072846
78950 39.4750 -1.113878 0.072651
78960 39.4800 -1.114164 0.072335
78970 39.4850 -1.114748 0.071691
78980 39.4900 -1.115600 0.070757
78990 39.4950 -1.116599 0.069672
79000 39.5000 -1.117478 0.068722
79010 39.5050 -1.118453 0.066546
79020 39.5100 -1.119352 0.065598
79030 39.5150 -1.120308 0.064598
79040 39.5200 -1.121299 0.063570
79050 39.5250 -1.122703 0.062127
79060 39.5300 -1.124627 0.060178
79070 39.5350 -1.126727 0.058087
79080 39.5400 -1.129035 0.055833
79090 39.5450 -1.131431 0.053540
79100 39.5500 -1.134000 0.051138
79110 39.5550 -1.136643 0.048725
79120 39.5600 -1.139554 0.046137
79130 39.5650 -1.142383 0.043690
79140 39.5700 -1.145389 0.041166
79150 39.5750 -1.148576 0.038573
79160 39.5800 -1.151810 0.036031
79170 39.5850 -1.155253 0.033421
79180 39.5900 -1.158848 0.030803
79190 39.5950 -1.162536 0.028230
79200 39.6000 -1.166069 0.025872
79210 39.6050 -1.169723 0.023543
79220 39.6100 -1.173609 0.021190
79230 39.6150 -1.177340 0.019049
79240 39.6200 -1.180776 0.017179
79250 39.6250 -1.184374 0.015326
79260 39.6300 -1.188087 0.013526
79270 39.6350 -1.191789 0.011846
79280 39.6400 -1.195660 0.010208
79290 39.6450 -1.199610 0.008664
79300 39.6500 -1.203492 0.007271
79310 39.6550 -1.207230 0.006046
79320 39.6600 -1.210692 0.005013
79330 39.6650 -1.213789 0.004171
79340 39.6700 -1.216724 0.003445
79350 39.6750 -1.219522 0.002818
79360 39.6800 -1.222256 0.002266
79370 39.6850 -1.224775 0.001810
79380 39.6900 -1.226997 0.001451
79390 39.6950 -1.228883 0.001177
79400 39.7000 -1.230438 0.000973
79410 39.7050 -1.231961 0.000791
79420 39.7100 -1.233442 0.000633
79430 39.7150 -1.234625 0.000519
79440 39.7200 -1.235266 0.000461
79450 39.7250 -1.235629 0.000431
79460 39.7300 -1.235611 0.000432
79470 39.7350 -1.235409 0.000449
79480 39.7400 -1.235084 0.000477
79490 39.7450 -1.234669 0.000515
79500 39.7500 -1.234117 0.000566
79510 39.7550 -1.233315 0.000637
79520 39.7600 -1.232256 0.000749
79530 39.7650 -1.230889 0.000906
79540 39.7700 -1.229423 0.001092
79550 39.7750 -1.227811 0.001317
79560 39.7800 -1.226226 0.001558
79570 39.7850 -1.224574 0.001831
79580 39.7900 -1.222806 0.002147
79590 39.7950 -1.221024 0.002491
79600 39.8000 -1.219091 0.002894
79610 39.8050 -1.216949 0.003375
79620 39.8100 -1.214845 0.003884
79630 39.8150 -1.212607 0.004464
79640 39.8200 -1.210302 0.005105
79650 39.8250 -1.207972 0.005797
79660 39.8300 -1.205651 0.006530
79670 39.8350 -1.203300 0.007317
79680 39.8400 -1.201098 0.008096
79690 39.8450 -1.199061 0.008851
79700 39.8500 -1.197136 0.009597
79710 39.8550 -1.195104 0.010416
79720 39.8600 -1.193210 0.011211
79730 39.8650 -1.191536 0.011938
79740 39.8700 -1.190120 0.012571
79750 39.8750 -1.188609 0.013265
79760 39.8800 -1.186986 0.014031
79770 39.8850 -1.185230 0.014884
79780 39.8900 -1.183670 0.015664
79790 39.8950 -1.182222 0.016406
79800 39.9000 -1.180804 0.017149
79810 39.9050 -1.179563 0.017813
79820 39.9100 -1.178227 0.018542
79830 39.9150 -1.176910 0.019276
79840 39.9200 -1.175823 0.019892
79850 39.9250 -1.174784 0.020491
79860 39.9300 -1.173684 0.021134
79870 39.9350 -1.172511 0.021831
79880 39.9400 -1.171262 0.022586
79890 39.9450 -1.169740 0.023524
79900 39.9500 -1.168174 0.024509
79910 39.9550 -1.166564 0.025543
79920 39.9600 -1.165147 0.026471
79930 39.9650 -1.163730 0.027416
79940 39.9700 -1.162209 0.028449
79950 39.9750 -1.160670 0.029514
79960 39.9800 -1.159344 0.030449
79970 39.9850 -1.157914 0.031472
79980 39.9900 -1.156520 0.032487
79990 39.9950 -1.155277 0.033405
80000 40.0000 -1.154251 0.034173
80010 40.0050 -1.153110 0.034462
80020 40.0100 -1.151911 0.035376
80030 40.0150 -1.150798 0.036234
80040 40.0200 -1.149643 0.037137
80050 40.0250 -1.148538 0.038011
80060 40.0300 -1.147261 0.039033
80070 40.0350 -1.146090 0.039984
80080 40.0400 -1.144779 0.041061
80090 40.0450 -1.143684 0.041973
80100 40.0500 -1.142628 0.042861
80110 40.0550 -1.141814 0.043552
80120 40.0600 -1.141143 0.044127
80130 40.0650 -1.140607 0.044588
80140 40.0700 -1.140158 0.044976
80150 40.0750 -1.139837 0.045255
80160 40.0800 -1.139433 0.045607
80170 40.0850 -1.139025 0.045964
80180 40.0900 -1.138440 0.046479
80190 40.0950 -1.137879 0.046974
80200 40.1000 -1.137259 0.047526
80210 40.1050 -1.136718 0.048009
80220 40.1100 -1.136174 0.048499
80230 40.1150 -1.135641 0.048981
80240 40.1200 -1.135183 0.049396
80250 40.1250 -1.135001 0.049562
80260 40.1300 -1.134879 0.049673
80270 40.1350 -1.134933 0.049624
80280 40.1400 -1.135443 0.049160
80290 40.1450 -1.136255 0.048426
80300 40.1500 -1.137074 0.047691
80310 40.1550 -1.137960 0.046903
80320 40.1600 -1.139133 0.045870
80330 40.1650 -1.140330 0.044827
80340 40.1700 -1.141509 0.043813
80350 40.1750 -1.142798 0.042718
80360 40.1800 -1.144232 0.041515
80370 40.1850 -1.145895 0.040143
80380 40.1900 -1.147838 0.038570
80390 40.1950 -1.149878 0.036953
80400 40.2000 -1.152073 0.035251
80410 40.2050 -1.154308 0.033562
80420 40.2100 -1.156745 0.031768
80430 40.2150 -1.159306 0.029937
80440 40.2200 -1.162076 0.028018
80450 40.2250 -1.164663 0.026285
80460 40.2300 -1.167105 0.024701
80470 40.2350 -1.169725 0.023057
80480 40.2400 -1.172367 0.021458
80490 40.2450 -1.175025 0.019907
80500 40.2500 -1.177381 0.018583
80510 40.2550 -1.179903 0.016915
80520 40.2600 -1.182477 0.015585
80530 40.2650 -1.184930 0.014370
80540 40.2700 -1.187306 0.013240
80550 40.2750 -1.189687 0.012155
80560 40.2800 -1.192079 0.011112
80570 40.2850 -1.194436 0.010131
80580 40.2900 -1.196776 0.009202
80590 40.2950 -1.199038 0.008347
80600 40.3000 -1.201299 0.007535
80610 40.3050 -1.203405 0.006816
80620 40.3100 -1.205327 0.006191
80630 40.3150 -1.207529 0.005513
80640 40.3200 -1.209664 0.004894
80650 40.3250 -1.211762 0.004321
80660 40.3300 -1.213758 0.003809
80670 40.3350 -1.215550 0.003378
80680 40.3400 -1.217273 0.002987
80690 40.3450 -1.218901 0.002641
80700 40.3500 -1.220507 0.002320
80710 40.3550 -1.221842 0.002069
80720 40.3600 -1.222832 0.001892
80730 40.3650 -1.223538 0.001771
80740 40.3700 -1.223918 0.001707
80750 40.3750 -1.224054 0.001685
80760 40.3800 -1.223888 0.001712
80770 40.3850 -1.223375 0.001798
80780 40.3900 -1.222646 0.001925
80790 40.3950 -1.221625 0.002109
80800 40.4000 -1.220306 0.002359
80810 40.4050 -1.218712 0.002680
80820 40.4100 -1.217058 0.003035
80830 40.4150 -1.215269 0.003443
80840 40.4200 -1.213446 0.003887
80850 40.4250 -1.211784 0.004315
80860 40.4300 -1.210189 0.004747
80870 40.4350 -1.208459 0.005239
80880 40.4400 -1.206584 0.005799
80890 40.4450 -1.204637 0.006412
80900 40.4500 -1.202566 0.007098
80910 40.4550 -1.200349 0.007871
80920 40.4600 -1.197972 0.008745
80930 40.4650 -1.195720 0.009616
80940 40.4700 -1.193411 0.010552
80950 40.4750 -1.191067 0.011548
80960 40.4800 -1.188886 0.012515
80970 40.4850 -1.186696 0.013526
80980 40.4900 -1.184475 0.014592
80990 40.4950 -1.182380 0.015635
81000 40.5000 -1.180347 0.016682
81010 40.5050 -1.178248 0.017510
81020 40.5100 -1.176079 0.018695
81030 40.5150 -1.173726 0.020025
81040 40.5200 -1.171440 0.021361
81050 40.5250 -1.169268 0.022673
81060 40.5300 -1.167149 0.023989
81070 40.5350 -1.165280 0.025183
81080 40.5400 -1.163606 0.026276
81090 40.5450 -1.162099 0.027281
81100 40.5500 -1.160779 0.028177
81110 40.5550 -1.159367 0.029151
81120 40.5600 -1.157799 0.030253
81130 40.5650 -1.156190 0.031406
81140 40.5700 -1.154657 0.032525
81150 40.5750 -1.153298 0.033533
81160 40.5800 -1.152143 0.034402
81170 40.5850 -1.150961 0.035304
81180 40.5900 -1.149822 0.036184
81190 40.5950 -1.148595 0.037145
81200 40.6000 -1.147498 0.038014
81210 40.6050 -1.146583 0.038747
81220 40.6100 -1.145738 0.039430
81230 40.6150 -1.145209 0.039861
81240 40.6200 -1.144940 0.040081
81250 40.6250 -1.144811 0.040187
81260 40.6300 -1.144794 0.040201
81270 40.6350 -1.144824 0.040177
81280 40.6400 -1.144921 0.040097
81290 40.6450 -1.145165 0.039898
81300 40.6500 -1.145742 0.039427
81310 40.6550 -1.146562 0.038763
81320 40.6600 -1.147556 0.037968
81330 40.6650 -1.148787 0.036993
81340 40.6700 -1.150184 0.035903
81350 40.6750 -1.151707 0.034734
81360 40.6800 -1.153372 0.033477
81370 40.6850 -1.155046 0.032239
81380 40.6900 -1.156786 0.030976
81390 40.6950 -1.158520 0.029744
81400 40.7000 -1.160221 0.028560
81410 40.7050 -1.162008 0.027342
81420 40.7100 -1.163845 0.026118
81430 40.7150 -1.165944 0.024755
81440 40.7200 -1.167949 0.023488
81450 40.7250 -1.169887 0.022295
81460 40.7300 -1.172056 0.020997
81470 40.7350 -1.174442 0.019615
81480 40.7400 -1.176958 0.018210
81490 40.7450 -1.179752 0.016712
81500 40.7500 -1.182514 0.015295
81510 40.7550 -1.185438 0.013617
81520 40.7600 -1.188463 0.012223
81530 40.7650 -1.191520 0.010891
81540 40.7700 -1.194566 0.009642
81550 40.7750 -1.197590 0.008478
81560 40.7800 -1.200542 0.007414
81570 40.7850 -1.203354 0.006468
81580 40.7900 -1.206245 0.005563
81590 40.7950 -1.208927 0.004785
81600 40.8000 -1.211241 0.004161
81610 40.8050 -1.213236 0.003658
81620 40.8100 -1.215160 0.003204
81630 40.8150 -1.217190 0.002758
81640 40.8200 -1.219082 0.002372
81650 40.8250 -1.220749 0.002056
81660 40.8300 -1.222249 0.001792
81670 40.8350 -1.223752 0.001545
81680 40.8400 -1.225254 0.001316
81690 40.8450 -1.226531 0.001136
81700 40.8500 -1.227635 0.000991
81710 40.8550 -1.228798 0.000849
81720 40.8600 -1.229690 0.000748
81730 40.8650 -1.230607 0.000650
81740 40.8700 -1.231347 0.000577
81750 40.8750 -1.231728 0.000540
81760 40.8800 -1.231845 0.000529
81770 40.8850 -1.231919 0.000523
81780 40.8900 -1.231829 0.000531
81790 40.8950 -1.231886 0.000526
81800 40.9000 -1.232019 0.000513
81810 40.9050 -1.231895 0.000525
81820 40.9100 -1.231702 0.000543
81830 40.9150 -1.231633 0.000549
81840 40.9200 -1.231624 0.000550
81850 40.9250 -1.231369 0.000574
81860 40.9300 -1.230900 0.000621
81870 40.9350 -1.230293 0.000683
81880 40.9400 -1.229432 0.000777
81890 40.9450 -1.228224 0.000918
81900 40.9500 -1.226615 0.001125
81910 40.9550 -1.224852 0.001375
81920 40.9600 -1.222904 0.001682
81930 40.9650 -1.220815 0.002044
81940 40.9700 -1.218737 0.002440
81950 40.9750 -1.216555 0.002894
81960 40.9800 -1.214509 0.003354
81970 40.9850 -1.212594 0.003816
81980 40.9900 -1.210430 0.004374
81990 40.9950 -1.208023 0.005040
82000 41.0000 -1.205580 0.005765
82010 41.0050 -1.203343 0.006367
82020 41.0100 -1.201318 0.007038
82030 41.0150 -1.199382 0.007710
82040 41.0200 -1.197607 0.008355
82050 41.0250 -1.195721 0.009068
82060 41.0300 -1.193808 0.009822
82070 41.0350 -1.192169 0.010491
82080 41.0400 -1.190674 0.011122
82090 41.0450 -1.189277 0.011727
82100 41.0500 -1.188065 0.012266
82110 41.0550 -1.186902 0.012795
82120 41.0600 -1.185650 0.013377
82130 41.0650 -1.184418 0.013962
82140 41.0700 -1.183412 0.014449
82150 41.0750 -1.182566 0.014866
82160 41.0800 -1.181881 0.015207
82170 41.0850 -1.181176 0.015563
82180 41.0900 -1.180386 0.015966
82190 41.0950 -1.179513 0.016418
82200 41.1000 -1.178747 0.016819
82210 41.1050 -1.177983 0.017225
82220 41.1100 -1.177377 0.017550
82230 41.1150 -1.176823 0.017850
82240 41.1200 -1.176265 0.018155
82250 41.1250 -1.175816 0.018402
82260 41.1300 -1.175380 0.018644
82270 41.1350 -1.175030 0.018839
82280 41.1400 -1.174613 0.019073
82290 41.1450 -1.174228 0.019290
82300 41.1500 -1.173794 0.019536
82310 41.1550 -1.173531 0.019686
82320 41.1600 -1.173153 0.019903
82330 41.1650 -1.172961 0.020014
82340 41.1700 -1.173021 0.019979
82350 41.1750 -1.173251 0.019847
82360 41.1800 -1.173549 0.019676
82370 41.1850 -1.173933 0.019457
82380 41.1900 -1.174530 0.019119
82390 41.1950 -1.175068 0.018817
82400 41.2000 -1.175479 0.018589
82410 41.2050 -1.175815 0.018403
82420 41.2100 -1.176049 0.018274
82430 41.2150 -1.176254 0.018161
82440 41.2200 -1.176406 0.018078
82450 41.2250 -1.176669 0.017934
82460 41.2300 -1.177135 0.017681
82470 41.2350 -1.177470 0.017500
82480 41.2400 -1.177741 0.017354
82490 41.2450 -1.178088 0.017169
82500 41.2500 -1.178434 0.016985
82510 41.2550 -1.178758 0.016528
82520 41.2600 -1.179045 0.016378
82530 41.2650 -1.179414 0.016187
82540 41.2700 -1.179862 0.015955
82550 41.2750 -1.180631 0.015562
82560 41.2800 -1.181562 0.015093
82570 41.2850 -1.182594 0.014582
82580 41.2900 -1.183605 0.014089
82590 41.2950 -1.184599 0.013613
82600 41.3000 -1.185664 0.013112
82610 41.3050 -1.186909 0.012539
82620 41.3100 -1.188247 0.011937
82630 41.3150 -1.189558 0.011362
82640 41.3200 -1.190989 0.010750
82650 41.3250 -1.192306 0.010203
82660 41.3300 -1.193657 0.009656
82670 41.3350 -1.194998 0.009129
82680 41.3400 -1.196394 0.008595
82690 41.3450 -1.197666 0.008124
82700 41.3500 -1.199091 0.007611
82710 41.3550 -1.200584 0.007092
82720 41.3600 -1.202239 0.006538
82730 41.3650 -1.203983 0.005979
82740 41.3700 -1.205554 0.005497
82750 41.3750 -1.206883 0.005105
82760 41.3800 -1.208352 0.004689
82770 41.3850 -1.209840 0.004285
82780 41.3900 -1.211428 0.003875
82790 41.3950 -1.213122 0.003460
82800 41.4000 -1.214763 0.003080
82810 41.4050 -1.216343 0.002735
82820 41.4100 -1.217599 0.002476
82830 41.4150 -1.218791 0.002242
82840 41.4200 -1.219915 0.002031
82850 41.4250 -1.220924 0.001852
82860 41.4300 -1.221751 0.001710
82870 41.4350 -1.222838 0.001533
82880 41.4400 -1.223824 0.001380
82890 41.4450 -1.224824 0.001234
82900 41.4500 -1.225466 0.001144
82910 41.4550 -1.225864 0.001090
82920 41.4600 -1.226347 0.001027
82930 41.4650 -1.226680 0.000984
82940 41.4700 -1.227035 0.000939
82950 41.4750 -1.227445 0.000889
82960 41.4800 -1.227974 0.000826
82970 41.4850 -1.228478 0.000768
82980 41.4900 -1.228818 0.000730
82990 41.4950 -1.229023 0.000708
83000 41.5000 -1.228964 0.000714
83010 41.5050 -1.228757 0.000722
83020 41.5100 -1.228495 0.000751
83030 41.5150 -1.228275 0.000776
83040 41.5200 -1.228036 0.000803
83050 41.5250 -1.227534 0.000862
83060 41.5300 -1.226934 0.000936
83070 41.5350 -1.226141 0.001037
83080 41.5400 -1.225087 0.001180
83090 41.5450 -1.223904 0.001351
83100 41.5500 -1.222601 0.001552
83110 41.5550 -1.221522 0.001729
83120 41.5600 -1.220491 0.001908
83130 41.5650 -1.219308 0.002123
83140 41.5700 -1.217816 0.002411
83150 41.5750 -1.216304 0.002721
83160 41.5800 -1.214637 0.003085
83170 41.5850 -1.212905 0.003487
83180 41.5900 -1.210997 0.003959
83190 41.5950 -1.209116 0.004454
83200 41.6000 -1.207305 0.004957
83210 41.6050 -1.205612 0.005453
83220 41.6100 -1.203972 0.005955
83230 41.6150 -1.202255 0.006505
83240 41.6200 -1.200635 0.007047
83250 41.6250 -1.199081 0.007586
83260 41.6300 -1.197631 0.008108
83270 41.6350 -1.196056 0.008695
83280 41.6400 -1.194255 0.009390
83290 41.6450 -1.192403 0.010134
83300 41.6500 -1.190422 0.010962
83310 41.6550 -1.188335 0.011869
83320 41.6600 -1.186201 0.012835
83330 41.6650 -1.184054 0.013844
83340 41.6700 -1.181825 0.014933
83350 41.6750 -1.179405 0.016164
83360 41.6800 -1.176931 0.017472
83370 41.6850 -1.174455 0.018833
83380 41.6900 -1.171875 0.020307
83390 41.6950 -1.169259 0.021859
83400 41.7000 -1.166689 0.023440
83410 41.7050 -1.164234 0.025003
83420 41.7100 -1.161790 0.026610
83430 41.7150 -1.159385 0.028240
83440 41.7200 -1.157124 0.029819
83450 41.7250 -1.155084 0.031280
83460 41.7300 -1.153148 0.032700
83470 41.7350 -1.151263 0.034114
83480 41.7400 -1.149624 0.035368
83490 41.7450 -1.148328 0.036375
83500 41.7500 -1.147133 0.037318
83510 41.7550 -1.146124 0.037505
83520 41.7600 -1.145380 0.038100
83530 41.7650 -1.144925 0.038466
83540 41.7700 -1.144484 0.038823
83550 41.7750 -1.144131 0.039110
83560 41.7800 -1.143869 0.039323
83570 41.7850 -1.143896 0.039301
83580 41.7900 -1.144056 0.039170
83590 41.7950 -1.144411 0.038882
83600 41.8000 -1.144970 0.038430
83610 41.8050 -1.145835 0.037736
83620 41.8100 -1.146902 0.036889
83630 41.8150 -1.148162 0.035901
83640 41.8200 -1.149377 0.034961
83650 41.8250 -1.150504 0.034100
83660 41.8300 -1.151793 0.033130
83670 41.8350 -1.153301 0.032012
83680 41.8400 -1.155016 0.030765
83690 41.8450 -1.156672 0.029585
83700 41.8500 -1.158319 0.028435
83710 41.8550 -1.160040 0.027257
83720 41.8600 -1.161593 0.026217
83730 41.8650 -1.163115 0.025217
83740 41.8700 -1.164628 0.024242
83750 41.8750 -1.166071 0.023331
83760 41.8800 -1.167518 0.022435
83770 41.8850 -1.169057 0.021503
83780 41.8900 -1.170518 0.020635
83790 41.8950 -1.171873 0.019847
83800 41.9000 -1.173141 0.019123
83810 41.9050 -1.174646 0.018282
83820 41.9100 -1.176020 0.017531
83830 41.9150 -1.177280 0.016856
83840 41.9200 -1.178388 0.016274
83850 41.9250 -1.179248 0.015829
83860 41.9300 -1.179874 0.015509
83870 41.9350 -1.180380 0.015253
83880 41.9400 -1.180560 0.015163
83890 41.9450 -1.180478 0.015204
83900 41.9500 -1.180211 0.015339
83910 41.9550 -1.179944 0.015474
83920 41.9600 -1.179829 0.015532
83930 41.9650 -1.179691 0.015602
83940 41.9700 -1.179315 0.015795
83950 41.9750 -1.178555 0.016187
83960 41.9800 -1.177772 0.016596
83970 41.9850 -1.177146 0.016927
83980 41.9900 -1.176213 0.017427
83990 41.9950 -1.175209 0.017972
84000 42.0000 -1.174047 0.018615
84010 42.0050 -1.172763 0.019018
84020 42.0100 -1.171372 0.019812
84030 42.0150 -1.169959 0.020634
84040 42.0200 -1.168643 0.021416
84050 42.0250 -1.167219 0.022278
84060 42.0300 -1.165694 0.023221
84070 42.0350 -1.164199 0.024164
84080 42.0400 -1.162573 0.025212
84090 42.0450 -1.160948 0.026282
84100 42.0500 -1.159366 0.027345
84110 42.0550 -1.157800 0.028418
84120 42.0600 -1.156065 0.029631
84130 42.0650 -1.154332 0.030870
84140 42.0700 -1.152725 0.032041
84150 42.0750 -1.150980 0.033338
84160 42.0800 -1.149355 0.034569
84170 42.0850 -1.147810 0.035761
84180 42.0900 -1.146419 0.036852
84190 42.0950 -1.144992 0.037988
84200 42.1000 -1.143638 0.039083
84210 42.1050 -1.142206 0.040257
84220 42.1100 -1.140751 0.041469
84230 42.1150 -1.139306 0.042690
84240 42.1200 -1.137894 0.043902
84250 42.1250 -1.136207 0.045372
84260 42.1300 -1.134713 0.046694
84270 42.1350 -1.133088 0.048155
84280 42.1400 -1.131431 0.049667
84290 42.1450 -1.129895 0.051092
84300 42.1500 -1.128482 0.052419
84310 42.1550 -1.127250 0.053591
84320 42.1600 -1.126021 0.054774
84330 42.1650 -1.125127 0.055642
84340 42.1700 -1.124238 0.056513
84350 42.1750 -1.123474 0.057266
84360 42.1800 -1.123103 0.057634
84370 42.1850 -1.123069 0.057668
84380 42.1900 -1.123208 0.057530
84390 42.1950 -1.123393 0.057347
84400 42.2000 -1.123547 0.057195
84410 42.2050 -1.123686 0.057057
84420 42.2100 -1.123943 0.056803
84430 42.2150 -1.124273 0.056479
84440 42.2200 -1.124759 0.056002
84450 42.2250 -1.125465 0.055314
84460 42.2300 -1.126366 0.054441
84470 42.2350 -1.127432 0.053418
84480 42.2400 -1.128603 0.052305
84490 42.2450 -1.129801 0.051179
84500 42.2500 -1.131066 0.050004
84510 42.2550 -1.132482 0.047904
84520 42.2600 -1.133938 0.046597
84530 42.2650 -1.135512 0.045205
84540 42.2700 -1.136975 0.043930
84550 42.2750 -1.138288 0.042802
84560 42.2800 -1.139536 0.041744
84570 42.2850 -1.140776 0.040706
84580 42.2900 -1.141855 0.039813
84590 42.2950 -1.142872 0.038981
84600 42.3000 -1.143721 0.038293
84610 42.3050 -1.144523 0.037650
84620 42.3100 -1.145343 0.036997
84630 42.3150 -1.146279 0.036259
84640 42.3200 -1.147398 0.035387
84650 42.3250 -1.148529 0.034516
84660 42.3300 -1.149625 0.033684
84670 42.3350 -1.150629 0.032930
84680 42.3400 -1.151622 0.032192
84690 42.3450 -1.152704 0.031399
84700 42.3500 -1.153717 0.030665
84710 42.3550 -1.154654 0.029994
84720 42.3600 -1.155537 0.029369
84730 42.3650 -1.156529 0.028674
84740 42.3700 -1.157719 0.027852
84750 42.3750 -1.158653 0.027215
84760 42.3800 -1.159277 0.026795
84770 42.3850 -1.159972 0.026329
84780 42.3900 -1.160770 0.025800
84790 42.3950 -1.161742 0.025163
84800 42.4000 -1.162771 0.024497
84810 42.4050 -1.163931 0.023758
84820 42.4100 -1.165369 0.022857
84830 42.4150 -1.166907 0.021913
84840 42.4200 -1.168509 0.020952
84850 42.4250 -1.170304 0.019900
84860 42.4300 -1.172172 0.018835
84870 42.4350 -1.174103 0.017765
84880 42.4400 -1.175983 0.016754
84890 42.4450 -1.177630 0.015892
84900 42.4500 -1.179239 0.015073
84910 42.4550 -1.180925 0.014238
84920 42.4600 -1.182604 0.013430
84930 42.4650 -1.184191 0.012688
84940 42.4700 -1.185614 0.012041
84950 42.4750 -1.186658 0.011578
84960 42.4800 -1.187825 0.011070
84970 42.4850 -1.188876 0.010622
84980 42.4900 -1.189916 0.010189
84990 42.4950 -1.190984 0.009753
85000 42.5000 -1.192133 0.009295
85010 42.5050 -1.193160 0.008732
85020 42.5100 -1.194124 0.008367
85030 42.5150 -1.195148 0.007988
85040 42.5200 -1.195766 0.007764
85050 42.5250 -1.196261 0.007586
85060 42.5300 -1.196519 0.007495
85070 42.5350 -1.196445 0.007521
85080 42.5400 -1.196198 0.007608
85090 42.5450 -1.195805 0.007750
85100 42.5500 -1.195142 0.007991
85110 42.5550 -1.194366 0.008277
85120 42.5600 -1.193487 0.008608
85130 42.5650 -1.192467 0.009000
85140 42.5700 -1.191254 0.009477
85150 42.5750 -1.190032 0.009970
85160 42.5800 -1.188913 0.010433
85170 42.5850 -1.187753 0.010924
85180 42.5900 -1.186560 0.011440
85190 42.5950 -1.185480 0.011919
85200 42.6000 -1.184514 0.012354
85210 42.6050 -1.183409 0.012863
85220 42.6100 -1.182215 0.013423
85230 42.6150 -1.181098 0.013959
85240 42.6200 -1.180050 0.014471
85250 42.6250 -1.178966 0.015011
85260 42.6300 -1.177823 0.015590
85270 42.6350 -1.176505 0.016272
85280 42.6400 -1.175130 0.017000
85290 42.6450 -1.173959 0.017631
85300 42.6500 -1.172779 0.018280
85310 42.6550 -1.171664 0.018904
85320 42.6600 -1.170698 0.019453
85330 42.6650 -1.169515 0.020136
85340 42.6700 -1.168296 0.020853
85350 42.6750 -1.167005 0.021625
85360 42.6800 -1.165803 0.022357
85370 42.6850 -1.164622 0.023088
85380 42.6900 -1.163518 0.023783
85390 42.6950 -1.162518 0.024421
85400 42.7000 -1.161477 0.025094
85410 42.7050 -1.160531 0.025714
85420 42.7100 -1.159783 0.026210
85430 42.7150 -1.159015 0.026724
85440 42.7200 -1.158021 0.027396
85450 42.7250 -1.157012 0.028088
85460 42.7300 -1.156137 0.028695
85470 42.7350 -1.155354 0.029243
85480 42.7400 -1.154463 0.029873
85490 42.7450 -1.153562 0.030518
85500 42.7500 -1.152701 0.031141
85510 42.7550 -1.151907 0.031239
85520 42.7600 -1.151156 0.031788
85530 42.7650 -1.150438 0.032318
85540 42.7700 -1.149695 0.032872
85550 42.7750 -1.148816 0.033532
85560 42.7800 -1.147872 0.034249
85570 42.7850 -1.147013 0.034907
85580 42.7900 -1.146231 0.035513
85590 42.7950 -1.145426 0.036141
85600 42.8000 -1.144826 0.036613
85610 42.8050 -1.144155 0.037145
85620 42.8100 -1.143458 0.037701
85630 42.8150 -1.142703 0.038309
85640 42.8200 -1.142203 0.038714
85650 42.8250 -1.141403 0.039367
85660 42.8300 -1.140471 0.040134
85670 42.8350 -1.139720 0.040758
85680 42.8400 -1.139049 0.041319
85690 42.8450 -1.138371 0.041891
85700 42.8500 -1.138076 0.042141
85710 42.8550 -1.137944 0.042253
85720 42.8600 -1.138208 0.042029
85730 42.8650 -1.138519 0.041766
85740 42.8700 -1.139144 0.041240
85750 42.8750 -1.139784 0.040705
85760 42.8800 -1.140480 0.040127
85770 42.8850 -1.141227 0.039512
85780 42.8900 -1.142030 0.038854
85790 42.8950 -1.142996 0.038073
85800 42.9000 -1.143945 0.037312
85810 42.9050 -1.144907 0.036549
85820 42.9100 -1.145808 0.035842
85830 42.9150 -1.146615 0.035214
85840 42.9200 -1.147483 0.034546
85850 42.9250 -1.148542 0.033739
85860 42.9300 -1.149742 0.032836
85870 42.9350 -1.150846 0.032017
85880 42.9400 -1.151954 0.031205
85890 42.9450 -1.153067 0.030400
85900 42.9500 -1.154037 0.029707
85910 42.9550 -1.155202 0.028886
85920 42.9600 -1.156519 0.027972
85930 42.9650 -1.157999 0.026963
85940 42.9700 -1.159447 0.025993
85950 42.9750 -1.160803 0.025102
85960 42.9800 -1.162217 0.024188
85970 42.9850 -1.163449 0.023407
85980 42.9900 -1.164563 0.022712
85990 42.9950 -1.165480 0.022147
86000 43.0000 -1.166159 0.021734
86010 43.0050 -1.166863 0.020997
86020 43.0100 -1.167802 0.020442
86030 43.0150 -1.168874 0.019817
86040 43.0200 -1.169892 0.019233
86050 43.0250 -1.170771 0.018735
86060 43.0300 -1.171653 0.018243
86070 43.0350 -1.172480 0.017787
86080 43.0400 -1.173138 0.017428
86090 43.0450 -1.173852 0.017044
86100 43.0500 -1.174514 0.016691
86110 43.0550 -1.175231 0.016313
86120 43.0600 -1.175939 0.015944
86130 43.0650 -1.176674 0.015566
86140 43.0700 -1.177466 0.015163
86150 43.0750 -1.178141 0.014824
86160 43.0800 -1.178765 0.014514
86170 43.0850 -1.179410 0.014197
86180 43.0900 -1.180031 0.013895
86190 43.0950 -1.180386 0.013724
86200 43.1000 -1.180852 0.013502
86210 43.1050 -1.180948 0.013456
86220 43.1100 -1.180692 0.013578
86230 43.1150 -1.180186 0.013821
86240 43.1200 -1.179423 0.014191
86250 43.1250 -1.178689 0.014551
86260 43.1300 -1.177816 0.014987
86270 43.1350 -1.176923 0.015439
86280 43.1400 -1.176018 0.015903
86290 43.1450 -1.174886 0.016494
86300 43.1500 -1.173653 0.017150
86310 43.1550 -1.172412 0.017824
86320 43.1600 -1.171152 0.018522
86330 43.1650 -1.169806 0.019282
86340 43.1700 -1.168449 0.020063
86350 43.1750 -1.166982 0.020926
86360 43.1800 -1.165256 0.021965
86370 43.1850 -1.163464 0.023071
86380 43.1900 -1.161741 0.024159
86390 43.1950 -1.160141 0.025193
86400 43.2000 -1.158551 0.026243
86410 43.2050 -1.156849 0.027390
86420 43.2100 -1.155039 0.028638
86430 43.2150 -1.153224 0.029917
86440 43.2200 -1.151618 0.031073
86450 43.2250 -1.149886 0.032345
86460 43.2300 -1.148166 0.033633
86470 43.2350 -1.146630 0.034806
86480 43.2400 -1.145301 0.035837
86490 43.2450 -1.143809 0.037012
86500 43.2500 -1.142272 0.038243
86510 43.2550 -1.140902 0.038790
86520 43.2600 -1.139455 0.039976
86530 43.2650 -1.138039 0.041155
86540 43.2700 -1.136787 0.042212
86550 43.2750 -1.135594 0.043233
86560 43.2800 -1.134300 0.044353
86570 43.2850 -1.132922 0.045562
86580 43.2900 -1.131634 0.046707
86590 43.2950 -1.130327 0.047885
86600 43.3000 -1.129162 0.048947
86610 43.3050 -1.128215 0.049819
86620 43.3100 -1.127481 0.050500
86630 43.3150 -1.127034 0.050917
86640 43.3200 -1.126715 0.051217
86650 43.3250 -1.126497 0.051420
86660 43.3300 -1.126068 0.051825
86670 43.3350 -1.125821 0.052059
86680 43.3400 -1.125614 0.052255
86690 43.3450 -1.125796 0.052082
86700 43.3500 -1.126249 0.051655
86710 43.3550 -1.126995 0.050954
86720 43.3600 -1.128049 0.049972
86730 43.3650 -1.129228 0.048886
86740 43.3700 -1.130437 0.047785
86750 43.3750 -1.131722 0.046629
86760 43.3800 -1.133163 0.045349
86770 43.3850 -1.134707 0.043999
86780 43.3900 -1.136350 0.042584
86790 43.3950 -1.138245 0.040982
86800 43.4000 -1.140206 0.039358
86810 43.4050 -1.142348 0.037622
86820 43.4100 -1.144627 0.035818
86830 43.4150 -1.147083 0.033926
86840 43.4200 -1.149712 0.031957
86850 43.4250 -1.152484 0.029946
86860 43.4300 -1.155417 0.027892
86870 43.4350 -1.158423 0.025863
86880 43.4400 -1.161569 0.023823
86890 43.4450 -1.164964 0.021717
86900 43.4500 -1.168478 0.019641
86910 43.4550 -1.171949 0.017695
86920 43.4600 -1.175314 0.015906
86930 43.4650 -1.178706 0.014200
86940 43.4700 -1.182132 0.012576
86950 43.4750 -1.185789 0.010953
86960 43.4800 -1.189494 0.009424
86970 43.4850 -1.193188 0.008014
86980 43.4900 -1.196771 0.006756
86990 43.4950 -1.200332 0.005613
87000 43.5000 -1.203800 0.004601
87010 43.5050 -1.207297 0.003625
87020 43.5100 -1.210813 0.002811
87030 43.5150 -1.213986 0.002165
87040 43.5200 -1.216910 0.001643
87050 43.5250 -1.219829 0.001192
87060 43.5300 -1.222437 0.000850
87070 43.5350 -1.224810 0.000586
87080 43.5400 -1.227205 0.000368
87090 43.5450 -1.229474 0.000204
87100 43.5500 -1.231589 0.000089
87110 43.5550 -1.233796 0.000008
87120 43.5600 -1.235814 0.000000
87130 43.5650 -1.237765 0.000000
87140 43.5700 -1.239418 0.000000
87150 43.5750 -1.240788 0.000015
87160 43.5800 -1.241941 0.000055
87170 43.5850 -1.242742 0.000088
87180 43.5900 -1.243272 0.000113
87190 43.5950 -1.243439 0.000122
87200 43.6000 -1.243460 0.000123
87210 43.6050 -1.243505 0.000125
87220 43.6100 -1.243506 0.000125
87230 43.6150 -1.243321 0.000116
87240 43.6200 -1.242929 0.000097
87250 43.6250 -1.242263 0.000068
87260 43.6300 -1.241126 0.000026
87270 43.6350 -1.239572 0.000000
87280 43.6400 -1.237857 0.000000
87290 43.6450 -1.235969 0.000000
87300 43.6500 -1.233962 0.000004
87310 43.6550 -1.231916 0.000075
87320 43.6600 -1.229800 0.000184
87330 43.6650 -1.227578 0.000338
87340 43.6700 -1.225233 0.000544
87350 43.6750 -1.223114 0.000770
87360 43.6800 -1.221252 0.000998
87370 43.6850 -1.219564 0.001231
87380 43.6900 -1.217804 0.001497
87390 43.6950 -1.215989 0.001800
87400 43.7000 -1.213940 0.002173
87410 43.7050 -1.211805 0.002600
87420 43.7100 -1.209813 0.003032
87430 43.7150 -1.207973 0.003461
87440 43.7200 -1.206179 0.003906
87450 43.7250 -1.204564 0.004329
87460 43.7300 -1.203137 0.004721
87470 43.7350 -1.201742 0.005122
87480 43.7400 -1.200305 0.005551
87490 43.7450 -1.198866 0.005998
87500 43.7500 -1.197406 0.006469
87510 43.7550 -1.196060 0.006825
87520 43.7600 -1.194507 0.007360
87530 43.7650 -1.192840 0.007957
87540 43.7700 -1.191270 0.008541
87550 43.7750 -1.189742 0.009129
87560 43.7800 -1.188000 0.009824
87570 43.7850 -1.186036 0.010637
87580 43.7900 -1.183815 0.011597
87590 43.7950 -1.181468 0.012657
87600 43.8000 -1.179167 0.013742
87610 43.8050 -1.176935 0.014837
87620 43.8100 -1.174596 0.016031
87630 43.8150 -1.172290 0.017253
87640 43.8200 -1.169977 0.018525
87650 43.8250 -1.167894 0.019709
87660 43.8300 -1.165879 0.020891
87670 43.8350 -1.163890 0.022092
87680 43.8400 -1.161976 0.023279
87690 43.8450 -1.160137 0.024449
87700 43.8500 -1.158462 0.025541
87710 43.8550 -1.156757 0.026677
87720 43.8600 -1.154963 0.027900
87730 43.8650 -1.153127 0.029180
87740 43.8700 -1.151367 0.030434
87750 43.8750 -1.149843 0.031542
87760 43.8800 -1.148411 0.032602
87770 43.8850 -1.147028 0.033643
87780 43.8900 -1.145617 0.034721
87790 43.8950 -1.144314 0.035732
87800 43.9000 -1.142959 0.036800
87810 43.9050 -1.141642 0.037853
87820 43.9100 -1.140466 0.038806
87830 43.9150 -1.139443 0.039645
87840 43.9200 -1.138502 0.040424
87850 43.9250 -1.137543 0.041227
87860 43.9300 -1.136735 0.041910
87870 43.9350 -1.136342 0.042243
87880 43.9400 -1.136084 0.042464
87890 43.9450 -1.135788 0.042717
87900 43.9500 -1.135538 0.042932
87910 43.9550 -1.135481 0.042981
87920 43.9600 -1.135398 0.043052
87930 43.9650 -1.135269 0.043163
87940 43.9700 -1.135293 0.043142
87950 43.9750 -1.135520 0.042947
87960 43.9800 -1.136057 0.042487
87970 43.9850 -1.136660 0.041973
87980 43.9900 -1.137467 0.041291
87990 43.9950 -1.138241 0.040642
88000 44.0000 -1.139017 0.039997
88010 44.0050 -1.139774 0.038794
88020 44.0100 -1.140918 0.037867
88030 44.0150 -1.142004 0.036997
88040 44.0200 -1.143046 0.036172
88050 44.0250 -1.143795 0.035585
88060 44.0300 -1.144322 0.035174
88070 44.0350 -1.144916 0.034716
88080 44.0400 -1.145719 0.034100
88090 44.0450 -1.146626 0.033410
88100 44.0500 -1.147622 0.032662
88110 44.0550 -1.148566 0.031961
88120 44.0600 -1.149423 0.031330
88130 44.0650 -1.150302 0.030691
88140 44.0700 -1.150990 0.030195
88150 44.0750 -1.151508 0.029825
88160 44.0800 -1.152118 0.029391
88170 44.0850 -1.152935 0.028815
88180 44.0900 -1.153708 0.028276
88190 44.0950 -1.154473 0.027748
88200 44.1000 -1.155228 0.027231
88210 44.1050 -1.155947 0.026744
88220 44.1100 -1.156698 0.026239
88230 44.1150 -1.157598 0.025642
88240 44.1200 -1.158752 0.024886
88250 44.1250 -1.160205 0.023949
88260 44.1300 -1.161481 0.023143
88270 44.1350 -1.162855 0.022289
88280 44.1400 -1.164365 0.021371
88290 44.1450 -1.165963 0.020419
88300 44.1500 -1.167673 0.019427
88310 44.1550 -1.169593 0.018341
88320 44.1600 -1.171605 0.017238
88330 44.1650 -1.173571 0.016193
88340 44.1700 -1.175452 0.015225
88350 44.1750 -1.177098 0.014402
88360 44.1800 -1.178722 0.013613
88370 44.1850 -1.180444 0.012801
88380 44.1900 -1.182093 0.012048
88390 44.1950 -1.183623 0.011369
88400 44.2000 -1.185193 0.010693
88410 44.2050 -1.186714 0.010058
88420 44.2100 -1.188226 0.009447
88430 44.2150 -1.189892 0.008795
88440 44.2200 -1.191326 0.008254
88450 44.2250 -1.192775 0.007723
88460 44.2300 -1.194130 0.007244
88470 44.2350 -1.195439 0.006796
88480 44.2400 -1.196544 0.006428
88490 44.2450 -1.197686 0.006059
88500 44.2500 -1.198877 0.005686
88510 44.2550 -1.199911 0.005293
88520 44.2600 -1.200940 0.004991
88530 44.2650 -1.201959 0.004701
88540 44.2700 -1.202856 0.004453
88550 44.2750 -1.203528 0.004272
88560 44.2800 -1.204174 0.004101
88570 44.2850 -1.204855 0.003925
88580 44.2900 -1.205459 0.003772
88590 44.2950 -1.206132 0.003605
88600 44.3000 -1.206704 0.003466
88610 44.3050 -1.207225 0.003342
88620 44.3100 -1.207535 0.003269
88630 44.3150 -1.207685 0.003234
88640 44.3200 -1.207940 0.003175
88650 44.3250 -1.208123 0.003133
88660 44.3300 -1.208355 0.003080
88670 44.3350 -1.208570 0.003032
88680 44.3400 -1.208753 0.002991
88690 44.3450 -1.208621 0.003021
88700 44.3500 -1.208209 0.003114
88710 44.3550 -1.207634 0.003246
88720 44.3600 -1.207047 0.003384
88730 44.3650 -1.206493 0.003517
88740 44.3700 -1.205886 0.003666
88750 44.3750 -1.205232 0.003829
88760 44.3800 -1.204399 0.004043
88770 44.3850 -1.203424 0.004300
88780 44.3900 -1.202553 0.004536
88790 44.3950 -1.201480 0.004836
88800 44.4000 -1.200368 0.005158
88810 44.4050 -1.199307 0.005474
88820 44.4100 -1.198334 0.005772
88830 44.4150 -1.197178 0.006137
88840 44.4200 -1.195697 0.006621
88850 44.4250 -1.194005 0.007196
88860 44.4300 -1.192235 0.007824
88870 44.4350 -1.190210 0.008575
88880 44.4400 -1.188174 0.009365
88890 44.4450 -1.186313 0.010118
88900 44.4500 -1.184418 0.010915
88910 44.4550 -1.182502 0.011752
88920 44.4600 -1.180587 0.012619
88930 44.4650 -1.178657 0.013525
88940 44.4700 -1.176510 0.014571
88950 44.4750 -1.174618 0.015525
88960 44.4800 -1.172625 0.016563
88970 44.4850 -1.170676 0.017610
88980 44.4900 -1.168781 0.018661
88990 44.4950 -1.166792 0.019797
89000 44.5000 -1.164822 0.020955
89010 44.5050 -1.162816 0.021856
89020 44.5100 -1.160710 0.023159
89030 44.5150 -1.158866 0.024332
89040 44.5200 -1.156908 0.025610
89050 44.5250 -1.154874 0.026972
89060 44.5300 -1.153109 0.028184
89070 44.5350 -1.151546 0.029280
89080 44.5400 -1.149943 0.030425
89090 44.5450 -1.148175 0.031715
89100 44.5500 -1.146251 0.033150
89110 44.5550 -1.144380 0.034576
89120 44.5600 -1.142720 0.035866
89130 44.5650 -1.141290 0.036998
89140 44.5700 -1.139824 0.038177
89150 44.5750 -1.138378 0.039358
89160 44.5800 -1.136912 0.040574
89170 44.5850 -1.135355 0.041886
89180 44.5900 -1.133821 0.043200
89190 44.5950 -1.132424 0.044415
89200 44.6000 -1.131219 0.045476
89210 44.6050 -1.129885 0.046666
89220 44.6100 -1.128441 0.047972
89230 44.6150 -1.127138 0.049166
89240 44.6200 -1.125935 0.050282
89250 44.6250 -1.124825 0.051323
89260 44.6300 -1.124183 0.051930
89270 44.6350 -1.123585 0.052499
89280 44.6400 -1.123079 0.052982
89290 44.6450 -1.122880 0.053174
89300 44.6500 -1.122840 0.053212
89310 44.6550 -1.122904 0.053151
89320 44.6600 -1.123018 0.053041
89330 44.6650 -1.123211 0.052856
89340 44.6700 -1.123489 0.052591
89350 44.6750 -1.123595 0.052490
89360 44.6800 -1.123845 0.052251
89370 44.6850 -1.124302 0.051817
89380 44.6900 -1.124832 0.051317
89390 44.6950 -1.125353 0.050827
89400 44.7000 -1.125976 0.050244
89410 44.7050 -1.126926 0.049361
89420 44.7100 -1.128259 0.048138
89430 44.7150 -1.129868 0.046681
89440 44.7200 -1.131709 0.045043
89450 44.7250 -1.133697 0.043307
89460 44.7300 -1.135821 0.041491
89470 44.7350 -1.138003 0.039667
89480 44.7400 -1.140444 0.037676
89490 44.7450 -1.143162 0.035521
89500 44.7500 -1.145958 0.033371
89510 44.7550 -1.148825 0.030644
89520 44.7600 -1.151729 0.028572
89530 44.7650 -1.154474 0.026681
89540 44.7700 -1.157054 0.024963
89550 44.7750 -1.159607 0.023320
89560 44.7800 -1.162096 0.021773
89570 44.7850 -1.164567 0.020291
89580 44.7900 -1.167334 0.018694
89590 44.7950 -1.170441 0.016978
89600 44.8000 -1.173474 0.015384
89610 44.8050 -1.176569 0.013839
89620 44.8100 -1.179718 0.012351
89630 44.8150 -1.182914 0.010928
89640 44.8200 -1.186126 0.009586
89650 44.8250 -1.189394 0.008310
89660 44.8300 -1.192556 0.007162
89670 44.8350 -1.195774 0.006081
89680 44.8400 -1.198882 0.005120
89690 44.8450 -1.201997 0.004238
89700 44.8500 -1.205032 0.003458
89710 44.8550 -1.208055 0.002757
89720 44.8600 -1.211030 0.002143
89730 44.8650 -1.213500 0.001689
89740 44.8700 -1.215868 0.001301
89750 44.8750 -1.217963 0.000998
89760 44.8800 -1.219896 0.000750
89770 44.8850 -1.221679 0.000549
89780 44.8900 -1.223206 0.000397
89790 44.8950 -1.224439 0.000289
89800 44.9000 -1.225705 0.000191
89810 44.9050 -1.226931 0.000109
89820 44.9100 -1.228079 0.000043
89830 44.9150 -1.229225 0.000000
89840 44.9200 -1.230074 0.000000
89850 44.9250 -1.230540 0.000000
89860 44.9300 -1.230931 0.000000
89870 44.9350 -1.231200 0.000000
89880 44.9400 -1.231302 0.000000
89890 44.9450 -1.231288 0.000000
89900 44.9500 -1.231219 0.000000
89910 44.9550 -1.230878 0.000000
89920 44.9600 -1.230440 0.000000
89930 44.9650 -1.229777 0.000000
89940 44.9700 -1.228958 0.000000
89950 44.9750 -1.228020 0.000046
89960 44.9800 -1.226729 0.000122
89970 44.9850 -1.225213 0.000228
89980 44.9900 -1.223587 0.000362
89990 44.9950 -1.221721 0.000544
90000 45.0000 -1.219804 0.000761
90010 45.0050 -1.217551 0.001045
90020 45.0100 -1.215048 0.001419
90030 45.0150 -1.212326 0.001885
90040 45.0200 -1.209364 0.002463
90050 45.0250 -1.206219 0.003157
90060 45.0300 -1.203031 0.003945
90070 45.0350 -1.199881 0.004808
90080 45.0400 -1.196505 0.005826
90090 45.0450 -1.192954 0.007001
90100 45.0500 -1.189442 0.008268
90110 45.0550 -1.186173 0.009543
90120 45.0600 -1.182727 0.010984
90130 45.0650 -1.179051 0.012634
90140 45.0700 -1.175406 0.014384
90150 45.0750 -1.171815 0.016221
90160 45.0800 -1.168330 0.018109
90170 45.0850 -1.164720 0.020176
90180 45.0900 -1.161117 0.022351
90190 45.0950 -1.157470 0.024668
90200 45.1000 -1.153727 0.027166
90210 45.1050 -1.150173 0.029651
90220 45.1100 -1.146561 0.032290
90230 45.1150 -1.142746 0.035202
90240 45.1200 -1.139061 0.038135
90250 45.1250 -1.135465 0.041114
90260 45.1300 -1.131959 0.044128
90270 45.1350 -1.128528 0.047183
90280 45.1400 -1.125277 0.050174
90290 45.1450 -1.122436 0.052864
90300 45.1500 -1.119574 0.055647
90310 45.1550 -1.116732 0.058483
90320 45.1600 -1.113960 0.061319
90330 45.1650 -1.111535 0.063856
90340 45.1700 -1.109339 0.066199
90350 45.1750 -1.107223 0.068498
90360 45.1800 -1.105178 0.070758
90370 45.1850 -1.103172 0.073011
90380 45.1900 -1.101340 0.075101
90390 45.1950 -1.099930 0.076730
90400 45.2000 -1.098635 0.078242
90410 45.2050 -1.097484 0.079598
90420 45.2100 -1.096699 0.080530
90430 45.2150 -1.096070 0.081281
90440 45.2200 -1.095490 0.081976
90450 45.2250 -1.095164 0.082368
90460 45.2300 -1.095186 0.082342
90470 45.2350 -1.095657 0.081776
90480 45.2400 -1.096530 0.080732
90490 45.2450 -1.097575 0.079490
90500 45.2500 -1.098989 0.077827
90510 45.2550 -1.100852 0.074605
90520 45.2600 -1.102957 0.072216
90530 45.2650 -1.105609 0.069263
90540 45.2700 -1.108449 0.066171
90550 45.2750 -1.111383 0.063053
90560 45.2800 -1.114177 0.060154
90570 45.2850 -1.116895 0.057402
90580 45.2900 -1.119481 0.054844
90590 45.2950 -1.122050 0.052363
90600 45.3000 -1.124828 0.049746
90610 45.3050 -1.127663 0.047145
90620 45.3100 -1.130568 0.044555
90630 45.3150 -1.133682 0.041861
90640 45.3200 -1.137106 0.038998
90650 45.3250 -1.140672 0.036126
90660 45.3300 -1.144377 0.033261
90670 45.3350 -1.148269 0.030380
90680 45.3400 -1.152310 0.027530
90690 45.3450 -1.156325 0.024839
90700 45.3500 -1.160535 0.022168
90710 45.3550 -1.164839 0.019596
90720 45.3600 -1.168953 0.017288
90730 45.3650 -1.173032 0.015144
90740 45.3700 -1.177173 0.013113
90750 45.3750 -1.181556 0.011124
90760 45.3800 -1.185960 0.009291
90770 45.3850 -1.190442 0.007596
90780 45.3900 -1.195048 0.006031
90790 45.3950 -1.199684 0.004637
90800 45.4000 -1.204036 0.003494
90810 45.4050 -1.208115 0.002567
90820 45.4100 -1.212022 0.001811
90830 45.4150 -1.215871 0.001190
90840 45.4200 -1.219619 0.000704
90850 45.4250 -1.223169 0.000351
90860 45.4300 -1.226579 0.000111
90870 45.4350 -1.229844 0.000000
90880 45.4400 -1.232846 0.000000
90890 45.4450 -1.235636 0.000000
90900 45.4500 -1.238271 0.000015
90910 45.4550 -1.240773 0.000141
90920 45.4600 -1.243231 0.000314
90930 45.4650 -1.245450 0.000512
90940 45.4700 -1.247619 0.000745
90950 45.4750 -1.249577 0.000988
90960 45.4800 -1.251319 0.001231
90970 45.4850 -1.252849 0.001464
90980 45.4900 -1.254307 0.001704
90990 45.4950 -1.255560 0.001924
91000 45.5000 -1.256520 0.002101
91010 45.5050 -1.257227 0.002195
91020 45.5100 -1.257848 0.002317
91030 45.5150 -1.258278 0.002403
91040 45.5200 -1.258552 0.002458
91050 45.5250 -1.258445 0.002436
91060 45.5300 -1.258009 0.002349
91070 45.5350 -1.257315 0.002213
91080 45.5400 -1.256290 0.002018
91090 45.5450 -1.255167 0.001815
91100 45.5500 -1.254083 0.001629
91110 45.5550 -1.252771 0.001417
91120 45.5600 -1.251576 0.001235
91130 45.5650 -1.250239 0.001046
91140 45.5700 -1.248722 0.000849
91150 45.5750 -1.247047 0.000653
91160 45.5800 -1.245421 0.000484
91170 45.5850 -1.243724 0.000332
91180 45.5900 -1.241679 0.000179
91190 45.5950 -1.239390 0.000049
91200 45.6000 -1.237171 0.000000
91210 45.6050 -1.234817 0.000000
91220 45.6100 -1.232464 0.000000
91230 45.6150 -1.229855 0.000000
91240 45.6200 -1.227032 0.000089
91250 45.6250 -1.223980 0.000294
91260 45.6300 -1.220783 0.000591
91270 45.6350 -1.217445 0.000992
91280 45.6400 -1.214133 0.001481
91290 45.6450 -1.210609 0.002103
91300 45.6500 -1.206844 0.002882
91310 45.6550 -1.202799 0.003852
91320 45.6600 -1.198754 0.004960
91330 45.6650 -1.194824 0.006169
91340 45.6700 -1.191222 0.007392
91350 45.6750 -1.187504 0.008770
91360 45.6800 -1.183659 0.010320
91370 45.6850 -1.179957 0.011931
91380 45.6900 -1.176262 0.013657
91390 45.6950 -1.172694 0.015434
91400 45.7000 -1.169344 0.017202
91410 45.7050 -1.166286 0.018902
91420 45.7100 -1.163396 0.020582
91430 45.7150 -1.160619 0.022265
91440 45.7200 -1.157909 0.023972
91450 45.7250 -1.155263 0.025700
91460 45.7300 -1.152685 0.027442
91470 45.7350 -1.150237 0.029150
91480 45.7400 -1.147815 0.030893
91490 45.7450 -1.145458 0.032637
91500 45.7500 -1.143218 0.034340
91510 45.7550 -1.141232 0.035409
91520 45.7600 -1.139471 0.036800
91530 45.7650 -1.137844 0.038110
91540 45.7700 -1.136469 0.039236
91550 45.7750 -1.135249 0.040248
91560 45.7800 -1.134393 0.040966
91570 45.7850 -1.133781 0.041484
91580 45.7900 -1.133342 0.041857
91590 45.7950 -1.133000 0.042148
91600 45.8000 -1.132881 0.042251
91610 45.8050 -1.132889 0.042244
91620 45.8100 -1.133044 0.042111
91630 45.8150 -1.133349 0.041850
91640 45.8200 -1.134082 0.041229
91650 45.8250 -1.135236 0.040258
91660 45.8300 -1.136579 0.039145
91670 45.8350 -1.137933 0.038038
91680 45.8400 -1.139432 0.036831
91690 45.8450 -1.140850 0.035708
91700 45.8500 -1.142160 0.034686
91710 45.8550 -1.143341 0.033778
91720 45.8600 -1.144582 0.032837
91730 45.8650 -1.146016 0.031766
91740 45.8700 -1.147432 0.030727
91750 45.8750 -1.148892 0.029674
91760 45.8800 -1.150359 0.028634
91770 45.8850 -1.151988 0.027502
91780 45.8900 -1.153585 0.026414
91790 45.8950 -1.155148 0.025371
91800 45.9000 -1.156520 0.024474
91810 45.9050 -1.157834 0.023629
91820 45.9100 -1.159432 0.022623
91830 45.9150 -1.161222 0.021521
91840 45.9200 -1.162962 0.020477
91850 45.9250 -1.164769 0.019421
91860 45.9300 -1.166583 0.018389
91870 45.9350 -1.168352 0.017411
91880 45.9400 -1.170039 0.016502
91890 45.9450 -1.171721 0.015622
91900 45.9500 -1.173551 0.014691
91910 45.9550 -1.175427 0.013766
91920 45.9600 -1.177335 0.012858
91930 45.9650 -1.179259 0.011973
91940 45.9700 -1.181275 0.011079
91950 45.9750 -1.183411 0.010171
91960 45.9800 -1.185447 0.009342
91970 45.9850 -1.187445 0.008562
91980 45.9900 -1.189309 0.007866
91990 45.9950 -1.191106 0.007223
92000 46.0000 -1.193033 0.006563
92010 46.0050 -1.194983 0.005847
92020 46.0100 -1.196845 0.005274
92030 46.0150 -1.198751 0.004719
92040 46.0200 -1.200611 0.004207
92050 46.0250 -1.202558 0.003702
92060 46.0300 -1.204289 0.003280
92070 46.0350 -1.205569 0.002984
92080 46.0400 -1.206565 0.002764
92090 46.0450 -1.207384 0.002589
92100 46.0500 -1.208016 0.002457
92110 46.0550 -1.208581 0.002343
92120 46.0600 -1.208964 0.002267
92130 46.0650 -1.208981 0.002263
92140 46.0700 -1.208964 0.002267
92150 46.0750 -1.208743 0.002310
92160 46.0800 -1.208200 0.002420
92170 46.0850 -1.207544 0.002555
92180 46.0900 -1.206830 0.002706
92190 46.0950 -1.206004 0.002887
92200 46.1000 -1.205181 0.003072
92210 46.1050 -1.204471 0.003237
92220 46.1100 -1.203630 0.003438
92230 46.1150 -1.202704 0.003665
92240 46.1200 -1.201683 0.003925
92250 46.1250 -1.200606 0.004208
92260 46.1300 -1.199420 0.004531
92270 46.1350 -1.198028 0.004926
92280 46.1400 -1.196739 0.005306
92290 46.1450 -1.195359 0.005729
92300 46.1500 -1.193649 0.006275
92310 46.1550 -1.191633 0.006951
92320 46.1600 -1.189627 0.007658
92330 46.1650 -1.187700 0.008369
92340 46.1700 -1.185567 0.009193
92350 46.1750 -1.183409 0.010067
92360 46.1800 -1.181025 0.011078
92370 46.1850 -1.178677 0.012123
92380 46.1900 -1.176566 0.013102
92390 46.1950 -1.174521 0.014087
92400 46.2000 -1.172458 0.015117
92410 46.2050 -1.170469 0.016145
92420 46.2100 -1.168614 0.017135
92430 46.2150 -1.166980 0.018032
92440 46.2200 -1.165558 0.018831
92450 46.2250 -1.164287 0.019560
92460 46.2300 -1.163061 0.020277
92470 46.2350 -1.161984 0.020917
92480 46.2400 -1.160985 0.021520
92490 46.2450 -1.160025 0.022107
92500 46.2500 -1.159310 0.022550
92510 46.2550 -1.158739 0.022599
92520 46.2600 -1.158193 0.022941
92530 46.2650 -1.157653 0.023282
92540 46.2700 -1.157106 0.023629
92550 46.2750 -1.156630 0.023934
92560 46.2800 -1.156388 0.024090
92570 46.2850 -1.156386 0.024091
92580 46.2900 -1.156566 0.023975
92590 46.2950 -1.156831 0.023805
92600 46.3000 -1.157223 0.023555
92610 46.3050 -1.157665 0.023275
92620 46.3100 -1.158372 0.022829
92630 46.3150 -1.159452 0.022157
92640 46.3200 -1.160795 0.021337
92650 46.3250 -1.162280 0.020447
92660 46.3300 -1.163924 0.019485
92670 46.3350 -1.165734 0.018453
92680 46.3400 -1.167564 0.017438
92690 46.3450 -1.169489 0.016402
92700 46.3500 -1.171348 0.015432
92710 46.3550 -1.173125 0.014533
92720 46.3600 -1.175057 0.013585
92730 46.3650 -1.177045 0.012645
92740 46.3700 -1.179066 0.011724
92750 46.3750 -1.181023 0.010865
92760 46.3800 -1.182967 0.010045
92770 46.3850 -1.184790 0.009305
92780 46.3900 -1.186597 0.008600
92790 46.3950 -1.188163 0.008012
92800 46.4000 -1.189490 0.007529
92810 46.4050 -1.190805 0.007066
92820 46.4100 -1.192100 0.006625
92830 46.4150 -1.193317 0.006223
92840 46.4200 -1.194630 0.005803
92850 46.4250 -1.195773 0.005450
92860 46.4300 -1.196735 0.005161
92870 46.4350 -1.197692 0.004882
92880 46.4400 -1.198546 0.004639
92890 46.4450 -1.199319 0.004425
92900 46.4500 -1.199810 0.004291
92910 46.4550 -1.200294 0.004162
92920 46.4600 -1.200961 0.003986
92930 46.4650 -1.201505 0.003846
92940 46.4700 -1.202038 0.003711
92950 46.4750 -1.202353 0.003632
92960 46.4800 -1.202554 0.003582
92970 46.4850 -1.202821 0.003517
92980 46.4900 -1.203112 0.003446
92990 46.4950 -1.203228 0.003418
93000 46.5000 -1.203159 0.003435
93010 46.5050 -1.202788 0.002916
93020 46.5100 -1.202237 0.003051
93030 46.5150 -1.201535 0.003227
93040 46.5200 -1.200756 0.003428
93050 46.5250 -1.199994 0.003629
93060 46.5300 -1.199185 0.003847
93070 46.5350 -1.198458 0.004049
93080 46.5400 -1.197595 0.004293
93090 46.5450 -1.196519 0.004607
93100 46.5500 -1.195479 0.004920
93110 46.5550 -1.194249 0.005302
93120 46.5600 -1.192891 0.005739
93130 46.5650 -1.191424 0.006228
93140 46.5700 -1.189934 0.006744
93150 46.5750 -1.188476 0.007267
93160 46.5800 -1.186997 0.007817
93170 46.5850 -1.185559 0.008369
93180 46.5900 -1.183973 0.008999
93190 46.5950 -1.182341 0.009669
93200 46.6000 -1.180792 0.010327
93210 46.6050 -1.179207 0.011021
93220 46.6100 -1.177614 0.011740
93230 46.6150 -1.175849 0.012563
93240 46.6200 -1.174032 0.013438
93250 46.6250 -1.172223 0.014338
93260 46.6300 -1.170325 0.015312
93270 46.6350 -1.168259 0.016408
93280 46.6400 -1.166243 0.017514
93290 46.6450 -1.164076 0.018742
93300 46.6500 -1.162042 0.019931
93310 46.6550 -1.159924 0.021208
93320 46.6600 -1.157804 0.022526
93330 46.6650 -1.155651 0.023904
93340 46.6700 -1.153714 0.025178
93350 46.6750 -1.151869 0.026423
93360 46.6800 -1.150364 0.027461
93370 46.6850 -1.149199 0.028277
93380 46.6900 -1.148143 0.029028
93390 46.6950 -1.147099 0.029780
93400 46.7000 -1.146204 0.030432
93410 46.7050 -1.145642 0.030845
93420 46.7100 -1.145577 0.030893
93430 46.7150 -1.145847 0.030694
93440 46.7200 -1.146267 0.030386
93450 46.7250 -1.146826 0.029978
93460 46.7300 -1.147220 0.029692
93470 46.7350 -1.147643 0.029387
93480 46.7400 -1.148073 0.029078
93490 46.7450 -1.148446 0.028811
93500 46.7500 -1.148997 0.028420
93510 46.7550 -1.149643 0.027623
93520 46.7600 -1.150313 0.027158
93530 46.7650 -1.151187 0.026556
93540 46.7700 -1.152406 0.025729
93550 46.7750 -1.153952 0.024698
93560 46.7800 -1.155880 0.023442
93570 46.7850 -1.157814 0.022215
93580 46.7900 -1.159783 0.021000
93590 46.7950 -1.162012 0.019665
93600 46.8000 -1.164433 0.018264
93610 46.8050 -1.167008 0.016830
93620 46.8100 -1.169596 0.015447
93630 46.8150 -1.171946 0.014241
93640 46.8200 -1.174409 0.013029
93650 46.8250 -1.176846 0.011882
93660 46.8300 -1.179485 0.010697
93670 46.8350 -1.182364 0.009473
93680 46.8400 -1.185257 0.008315
93690 46.8450 -1.188139 0.007233
93700 46.8500 -1.190993 0.006231
93710 46.8550 -1.193632 0.005368
93720 46.8600 -1.196178 0.004590
93730 46.8650 -1.198806 0.003846
93740 46.8700 -1.201578 0.003125
93750 46.8750 -1.204403 0.002457
93760 46.8800 -1.207259 0.001850
93770 46.8850 -1.210047 0.001324
93780 46.8900 -1.212804 0.000869
93790 46.8950 -1.215572 0.000476
93800 46.9000 -1.218502 0.000131
93810 46.9050 -1.221264 0.000000
93820 46.9100 -1.223660 0.000000
93830 46.9150 -1.225945 0.000000
93840 46.9200 -1.228256 0.000000
93850 46.9250 -1.230358 0.000000
93860 46.9300 -1.232252 0.000000
93870 46.9350 -1.233983 0.000000
93880 46.9400 -1.235726 0.000000
93890 46.9450 -1.237408 0.000000
93900 46.9500 -1.238944 0.000000
93910 46.9550 -1.240217 0.000000
93920 46.9600 -1.241154 0.000000
93930 46.9650 -1.242061 0.000000
93940 46.9700 -1.242854 0.000027
93950 46.9750 -1.243246 0.000065
93960 46.9800 -1.243457 0.000086
93970 46.9850 -1.243484 0.000089
93980 46.9900 -1.243292 0.000070
93990 46.9950 -1.243070 0.000048
94000 47.0000 -1.242831 0.000024
94010 47.0050 -1.242391 0.000000
94020 47.0100 -1.241924 0.000000
94030 47.0150 -1.241329 0.000000
94040 47.0200 -1.240666 0.000000
94050 47.0250 -1.240024 0.000000
94060 47.0300 -1.239101 0.000000
94070 47.0350 -1.238083 0.000000
94080 47.0400 -1.237017 0.000000
94090 47.0450 -1.235597 0.000000
94100 47.0500 -1.233823 0.000000
94110 47.0550 -1.231761 0.000000
94120 47.0600 -1.229335 0.000000
94130 47.0650 -1.226971 0.000000
94140 47.0700 -1.224602 0.000000
94150 47.0750 -1.222245 0.000000
94160 47.0800 -1.219880 0.000000
94170 47.0850 -1.217512 0.000241
94180 47.0900 -1.215077 0.000547
94190 47.0950 -1.212967 0.000851
94200 47.1000 -1.210915 0.001183
94210 47.1050 -1.208754 0.001572
94220 47.1100 -1.206486 0.002022
94230 47.1150 -1.204135 0.002534
94240 47.1200 -1.201646 0.003128
94250 47.1250 -1.199294 0.003738
94260 47.1300 -1.197185 0.004324
94270 47.1350 -1.195203 0.004910
94280 47.1400 -1.193272 0.005513
94290 47.1450 -1.191291 0.006165
94300 47.1500 -1.189529 0.006773
94310 47.1550 -1.187588 0.007473
94320 47.1600 -1.185590 0.008228
94330 47.1650 -1.183561 0.009030
94340 47.1700 -1.181357 0.009942
94350 47.1750 -1.178831 0.011037
94360 47.1800 -1.176316 0.012183
94370 47.1850 -1.174109 0.013234
94380 47.1900 -1.172081 0.014237
94390 47.1950 -1.170107 0.015247
94400 47.2000 -1.168069 0.016326
94410 47.2050 -1.166016 0.017449
94420 47.2100 -1.164048 0.018560
94430 47.2150 -1.162150 0.019664
94440 47.2200 -1.160240 0.020806
94450 47.2250 -1.158258 0.022025
94460 47.2300 -1.156422 0.023186
94470 47.2350 -1.154949 0.024138
94480 47.2400 -1.153471 0.025112
94490 47.2450 -1.152196 0.025969
94500 47.2500 -1.151222 0.026633
94510 47.2550 -1.150591 0.026745
94520 47.2600 -1.149971 0.027172
94530 47.2650 -1.149438 0.027543
94540 47.2700 -1.148775 0.028006
94550 47.2750 -1.148136 0.028457
94560 47.2800 -1.147649 0.028804
94570 47.2850 -1.147300 0.029053
94580 47.2900 -1.147283 0.029065
94590 47.2950 -1.147370 0.029002
94600 47.3000 -1.147787 0.028706
94610 47.3050 -1.148328 0.028322
94620 47.3100 -1.149019 0.027835
94630 47.3150 -1.149912 0.027213
94640 47.3200 -1.150878 0.026548
94650 47.3250 -1.152071 0.025738
94660 47.3300 -1.153314 0.024907
94670 47.3350 -1.154515 0.024117
94680 47.3400 -1.156126 0.023078
94690 47.3450 -1.158071 0.021853
94700 47.3500 -1.160110 0.020605
94710 47.3550 -1.162015 0.019472
94720 47.3600 -1.163849 0.018411
94730 47.3650 -1.165661 0.017392
94740 47.3700 -1.167451 0.016413
94750 47.3750 -1.169426 0.015365
94760 47.3800 -1.171598 0.014253
94770 47.3850 -1.173672 0.013229
94780 47.3900 -1.175792 0.012220
94790 47.3950 -1.177902 0.011255
94800 47.4000 -1.180053 0.010311
94810 47.4050 -1.182439 0.009311
94820 47.4100 -1.184856 0.008347
94830 47.4150 -1.187207 0.007459
94840 47.4200 -1.189309 0.006704
94850 47.4250 -1.191182 0.006064
94860 47.4300 -1.192715 0.005563
94870 47.4350 -1.194368 0.005044
94880 47.4400 -1.196153 0.004511
94890 47.4450 -1.197867 0.004025
94900 47.4500 -1.199459 0.003595
94910 47.4550 -1.200837 0.003241
94920 47.4600 -1.202023 0.002949
94930 47.4650 -1.202999 0.002718
94940 47.4700 -1.203960 0.002498
94950 47.4750 -1.204924 0.002285
94960 47.4800 -1.205993 0.002058
94970 47.4850 -1.206960 0.001862
94980 47.4900 -1.207739 0.001709
94990 47.4950 -1.208255 0.001611
95000 47.5000 -1.208533 0.001559
95010 47.5050 -1.208818 0.001493
95020 47.5100 -1.208981 0.001463
95030 47.5150 -1.208973 0.001465
95040 47.5200 -1.208957 0.001468
95050 47.5250 -1.208906 0.001477
95060 47.5300 -1.208868 0.001484
95070 47.5350 -1.208716 0.001512
95080 47.5400 -1.208483 0.001555
95090 47.5450 -1.208158 0.001615
95100 47.5500 -1.207794 0.001684
95110 47.5550 -1.207280 0.001784
95120 47.5600 -1.206634 0.001911
95130 47.5650 -1.205913 0.002059
95140 47.5700 -1.205110 0.002227
95150 47.5750 -1.203955 0.002480
95160 47.5800 -1.202611 0.002789
95170 47.5850 -1.201564 0.003039
95180 47.5900 -1.200662 0.003263
95190 47.5950 -1.199680 0.003514
95200 47.6000 -1.198708 0.003771
95210 47.6050 -1.197717 0.004041
95220 47.6100 -1.196612 0.004352
95230 47.6150 -1.195629 0.004638
95240 47.6200 -1.194719 0.004910
95250 47.6250 -1.193627 0.005245
95260 47.6300 -1.192379 0.005641
95270 47.6350 -1.190911 0.006124
95280 47.6400 -1.189186 0.006715
95290 47.6450 -1.187511 0.007314
95300 47.6500 -1.185782 0.007956
95310 47.6550 -1.183964 0.008661
95320 47.6600 -1.182365 0.009303
95330 47.6650 -1.180745 0.009977
95340 47.6700 -1.179028 0.010716
95350 47.6750 -1.177231 0.011516
95360 47.6800 -1.175657 0.012241
95370 47.6850 -1.174110 0.012973
95380 47.6900 -1.172683 0.013668
95390 47.6950 -1.171304 0.014356
95400 47.7000 -1.169934 0.015056
95410 47.7050 -1.168561 0.015773
95420 47.7100 -1.167431 0.016377
95430 47.7150 -1.166503 0.016880
95440 47.7200 -1.165714 0.017314
95450 47.7250 -1.164968 0.017730
95460 47.7300 -1.164460 0.018016
95470 47.7350 -1.163943 0.018308
95480 47.7400 -1.163536 0.018541
95490 47.7450 -1.163042 0.018825
95500 47.7500 -1.162590 0.019087
95510 47.7550 -1.162267 0.019050
95520 47.7600 -1.161740 0.019357
95530 47.7650 -1.161049 0.019763
95540 47.7700 -1.160255 0.020236
95550 47.7750 -1.159583 0.020639
95560 47.7800 -1.158882 0.021065
95570 47.7850 -1.157890 0.021674
95580 47.7900 -1.156764 0.022376
95590 47.7950 -1.155702 0.023049
95600 47.8000 -1.154650 0.023725
95610 47.8050 -1.153561 0.024435
95620 47.8100 -1.152744 0.024974
95630 47.8150 -1.151874 0.025556
95640 47.8200 -1.151193 0.026015
95650 47.8250 -1.150646 0.026387
95660 47.8300 -1.150065 0.026785
95670 47.8350 -1.149593 0.027111
95680 47.8400 -1.149378 0.027260
95690 47.8450 -1.149262 0.027340
95700 47.8500 -1.149344 0.027283
95710 47.8550 -1.149473 0.027194
95720 47.8600 -1.149630 0.027085
95730 47.8650 -1.150102 0.026760
95740 47.8700 -1.150848 0.026249
95750 47.8750 -1.151706 0.025669
95760 47.8800 -1.152466 0.025159
95770 47.8850 -1.153149 0.024706
95780 47.8900 -1.153811 0.024271
95790 47.8950 -1.154530 0.023802
95800 47.9000 -1.155146 0.023405
95810 47.9050 -1.155924 0.022908
95820 47.9100 -1.156717 0.022406
95830 47.9150 -1.157603 0.021852
95840 47.9200 -1.158609 0.021231
95850 47.9250 -1.159708 0.020564
95860 47.9300 -1.161079 0.019746
95870 47.9350 -1.162497 0.018917
95880 47.9400 -1.163964 0.018078
95890 47.9450 -1.165526 0.017206
95900 47.9500 -1.167184 0.016303
95910 47.9550 -1.168752 0.015472
95920 47.9600 -1.170113 0.014768
95930 47.9650 -1.171323 0.014155
95940 47.9700 -1.172575 0.013535
95950 47.9750 -1.173786 0.012948
95960 47.9800 -1.174772 0.012479
95970 47.9850 -1.175498 0.012140
95980 47.9900 -1.176238 0.011798
95990 47.9950 -1.176988 0.011457
96000 48.0000 -1.177903 0.011047
96010 48.0050 -1.178781 0.010540
96020 48.0100 -1.179563 0.010203
96030 48.0150 -1.180252 0.009912
96040 48.0200 -1.181087 0.009563
96050 48.0250 -1.181931 0.009218
96060 48.0300 -1.182650 0.008928
96070 48.0350 -1.183592 0.008555
96080 48.0400 -1.184808 0.008085
96090 48.0450 -1.185896 0.007676
96100 48.0500 -1.187137 0.007221
96110 48.0550 -1.188459 0.006751
96120 48.0600 -1.189542 0.006378
96130 48.0650 -1.190431 0.006079
96140 48.0700 -1.191185 0.005830
96150 48.0750 -1.191952 0.005583
96160 48.0800 -1.192481 0.005415
96170 48.0850 -1.192910 0.005281
96180 48.0900 -1.193409 0.005127
96190 48.0950 -1.193880 0.004983
96200 48.1000 -1.194337 0.004845
96210 48.1050 -1.194599 0.004767
96220 48.1100 -1.194991 0.004652
96230 48.1150 -1.195441 0.004521
96240 48.1200 -1.195978 0.004366
96250 48.1250 -1.196587 0.004194
96260 48.1300 -1.196950 0.004094
96270 48.1350 -1.197310 0.003995
96280 48.1400 -1.198003 0.003807
96290 48.1450 -1.198597 0.003650
96300 48.1500 -1.199170 0.003501
96310 48.1550 -1.199495 0.003417
96320 48.1600 -1.199732 0.003357
96330 48.1650 -1.199858 0.003325
96340 48.1700 -1.199968 0.003298
96350 48.1750 -1.199957 0.003301
96360 48.1800 -1.200015 0.003286
96370 48.1850 -1.199938 0.003305
96380 48.1900 -1.199706 0.003364
96390 48.1950 -1.199467 0.003425
96400 48.2000 -1.199270 0.003475
96410 48.2050 -1.199158 0.003504
96420 48.2100 -1.198922 0.003565
96430 48.2150 -1.198664 0.003632
96440 48.2200 -1.198534 0.003666
96450 48.2250 -1.198201 0.003754
96460 48.2300 -1.197945 0.003823
96470 48.2350 -1.197870 0.003843
96480 48.2400 -1.197734 0.003879
96490 48.2450 -1.197668 0.003897
96500 48.2500 -1.197476 0.003949
96510 48.2550 -1.197179 0.003990
96520 48.2600 -1.197004 0.004038
96530 48.2650 -1.196651 0.004135
96540 48.2700 -1.196310 0.004230
96550 48.2750 -1.195907 0.004344
96560 48.2800 -1.195535 0.004451
96570 48.2850 -1.195173 0.004555
96580 48.2900 -1.194940 0.004623
96590 48.2950 -1.194769 0.004673
96600 48.3000 -1.194652 0.004707
96610 48.3050 -1.194549 0.004738
96620 48.3100 -1.194425 0.004774
96630 48.3150 -1.194236 0.004831
96640 48.3200 -1.193824 0.004954
96650 48.3250 -1.193262 0.005125
96660 48.3300 -1.192759 0.005281
96670 48.3350 -1.192046 0.005504
96680 48.3400 -1.191458 0.005692
96690 48.3450 -1.191106 0.005806
96700 48.3500 -1.190679 0.005946
96710 48.3550 -1.190028 0.006162
96720 48.3600 -1.189555 0.006321
96730 48.3650 -1.189044 0.006495
96740 48.3700 -1.188396 0.006720
96750 48.3750 -1.187759 0.006943
96760 48.3800 -1.187003 0.007213
96770 48.3850 -1.186223 0.007498
96780 48.3900 -1.185571 0.007739
96790 48.3950 -1.185067 0.007928
96800 48.4000 -1.184549 0.008125
96810 48.4050 -1.184075 0.008307
96820 48.4100 -1.183734 0.008439
96830 48.4150 -1.183323 0.008600
96840 48.4200 -1.182987 0.008732
96850 48.4250 -1.182788 0.008811
96860 48.4300 -1.182583 0.008892
96870 48.4350 -1.182094 0.009088
96880 48.4400 -1.181553 0.009308
96890 48.4450 -1.180886 0.009582
96900 48.4500 -1.180123 0.009900
96910 48.4550 -1.179532 0.010150
96920 48.4600 -1.179120 0.010326
96930 48.4650 -1.178654 0.010527
96940 48.4700 -1.178079 0.010777
96950 48.4750 -1.177588 0.010993
96960 48.4800 -1.177197 0.011167
96970 48.4850 -1.176637 0.011418
96980 48.4900 -1.176229 0.011603
96990 48.4950 -1.176027 0.011695
97000 48.5000 -1.176058 0.011680
97010 48.5050 -1.176048 0.011554
97020 48.5100 -1.176151 0.011507
97030 48.5150 -1.176412 0.011390
97040 48.5200 -1.176734 0.011245
97050 48.5250 -1.177172 0.011050
97060 48.5300 -1.177713 0.010812
97070 48.5350 -1.178474 0.010480
97080 48.5400 -1.179477 0.010052
97090 48.5450 -1.180625 0.009571
97100 48.5500 -1.181819 0.009084
97110 48.5550 -1.183026 0.008605
97120 48.5600 -1.184167 0.008163
97130 48.5650 -1.185219 0.007765
97140 48.5700 -1.186477 0.007302
97150 48.5750 -1.187644 0.006885
97160 48.5800 -1.188926 0.006441
97170 48.5850 -1.190114 0.006042
97180 48.5900 -1.191393 0.005626
97190 48.5950 -1.192765 0.005195
97200 48.6000 -1.194269 0.004742
97210 48.6050 -1.195744 0.004316
97220 48.6100 -1.197440 0.003849
97230 48.6150 -1.199368 0.003349
97240 48.6200 -1.201509 0.002831
97250 48.6250 -1.203682 0.002345
97260 48.6300 -1.205911 0.001889
97270 48.6350 -1.207990 0.001502
97280 48.6400 -1.210001 0.001163
97290 48.6450 -1.212095 0.000846
97300 48.6500 -1.214335 0.000548
97310 48.6550 -1.216525 0.000298
97320 48.6600 -1.218514 0.000106
97330 48.6650 -1.220479 0.000000
97340 48.6700 -1.222480 0.000000
97350 48.6750 -1.224465 0.000000
97360 48.6800 -1.226353 0.000000
97370 48.6850 -1.227919 0.000000
97380 48.6900 -1.229385 0.000000
97390 48.6950 -1.230705 0.000000
97400 48.7000 -1.231863 0.000000
97410 48.7050 -1.232612 0.000000
97420 48.7100 -1.233061 0.000000
97430 48.7150 -1.233395 0.000000
97440 48.7200 -1.233372 0.000000
97450 48.7250 -1.233090 0.000000
97460 48.7300 -1.232514 0.000000
97470 48.7350 -1.231581 0.000000
97480 48.7400 -1.230445 0.000000
97490 48.7450 -1.229043 0.000000
97500 48.7500 -1.227733 0.000000
97510 48.7550 -1.226443 0.000020
97520 48.7600 -1.225042 0.000058
97530 48.7650 -1.223252 0.000130
97540 48.7700 -1.221245 0.000243
97550 48.7750 -1.218891 0.000420
97560 48.7800 -1.216401 0.000657
97570 48.7850 -1.213960 0.000941
97580 48.7900 -1.211446 0.001287
97590 48.7950 -1.208892 0.001693
97600 48.8000 -1.206201 0.002181
97610 48.8050 -1.203498 0.002734
97620 48.8100 -1.200714 0.003368
97630 48.8150 -1.197978 0.004057
97640 48.8200 -1.195215 0.004818
97650 48.8250 -1.192431 0.005651
97660 48.8300 -1.189609 0.006564
97670 48.8350 -1.186567 0.007626
97680 48.8400 -1.183605 0.008736
97690 48.8450 -1.180591 0.009945
97700 48.8500 -1.177606 0.011220
97710 48.8550 -1.174525 0.012617
97720 48.8600 -1.171452 0.014094
97730 48.8650 -1.168550 0.015565
97740 48.8700 -1.165768 0.017043
97750 48.8750 -1.162927 0.018624
97760 48.8800 -1.160066 0.020288
97770 48.8850 -1.157285 0.021975
97780 48.8900 -1.154536 0.023709
97790 48.8950 -1.151673 0.025587
97800 48.9000 -1.148811 0.027537
97810 48.9050 -1.146077 0.029467
97820 48.9100 -1.143275 0.031516
97830 48.9150 -1.140542 0.033580
97840 48.9200 -1.137790 0.035728
97850 48.9250 -1.135219 0.037795
97860 48.9300 -1.132756 0.039830
97870 48.9350 -1.130372 0.041853
97880 48.9400 -1.128226 0.043717
97890 48.9450 -1.126111 0.045595
97900 48.9500 -1.124067 0.047448
97910 48.9550 -1.122176 0.049197
97920 48.9600 -1.120439 0.050831
97930 48.9650 -1.119076 0.052133
97940 48.9700 -1.117838 0.053329
97950 48.9750 -1.116913 0.054233
97960 48.9800 -1.116283 0.054853
97970 48.9850 -1.115772 0.055357
97980 48.9900 -1.115393 0.055734
97990 48.9950 -1.115058 0.056068
98000 49.0000 -1.114780 0.056345
98010 49.0050 -1.114512 0.055884
98020 49.0100 -1.114481 0.055915
98030 49.0150 -1.114506 0.055890
98040 49.0200 -1.114495 0.055901
98050 49.0250 -1.114551 0.055844
98060 49.0300 -1.114806 0.055591
98070 49.0350 -1.115092 0.055307
98080 49.0400 -1.115316 0.055085
98090 49.0450 -1.115778 0.054630
98100 49.0500 -1.116394 0.054025
98110 49.0550 -1.116984 0.053449
98120 49.0600 -1.117523 0.052926
98130 49.0650 -1.117848 0.052611
98140 49.0700 -1.118111 0.052358
98150 49.0750 -1.118435 0.052046
98160 49.0800 -1.118751 0.051744
98170 49.0850 -1.119094 0.051415
98180 49.0900 -1.119419 0.051105
98190 49.0950 -1.119703 0.050836
98200 49.1000 -1.119937 0.050614
98210 49.1050 -1.120105 0.050455
98220 49.1100 -1.120208 0.050358
98230 49.1150 -1.120222 0.050345
98240 49.1200 -1.120162 0.050401
98250 49.1250 -1.119958 0.050594
98260 49.1300 -1.119882 0.050666
98270 49.1350 -1.119791 0.050752
98280 49.1400 -1.119729 0.050812
98290 49.1450 -1.119786 0.050757
98300 49.1500 -1.119974 0.050579
98310 49.1550 -1.119914 0.050636
98320 49.1600 -1.119828 0.050718
98330 49.1650 -1.119873 0.050675
98340 49.1700 -1.120001 0.050554
98350 49.1750 -1.120142 0.050421
98360 49.1800 -1.120317 0.050255
98370 49.1850 -1.120550 0.050035
98380 49.1900 -1.120876 0.049729
98390 49.1950 -1.121274 0.049356
98400 49.2000 -1.121657 0.048999
98410 49.2050 -1.122124 0.048565
98420 49.2100 -1.122586 0.048138
98430 49.2150 -1.123287 0.047494
98440 49.2200 -1.123830 0.046998
98450 49.2250 -1.124209 0.046653
98460 49.2300 -1.124788 0.046128
98470 49.2350 -1.125341 0.045630
98480 49.2400 -1.125872 0.045155
98490 49.2450 -1.126496 0.044599
98500 49.2500 -1.126960 0.044189
98510 49.2550 -1.127614 0.043043
98520 49.2600 -1.128452 0.042315
98530 49.2650 -1.129214 0.041659
98540 49.2700 -1.129859 0.041108
98550 49.2750 -1.130356 0.040686
98560 49.2800 -1.130828 0.040287
98570 49.2850 -1.131341 0.039856
98580 49.2900 -1.131582 0.039654
98590 49.2950 -1.131727 0.039533
98600 49.3000 -1.131708 0.039549
98610 49.3050 -1.131924 0.039369
98620 49.3100 -1.132112 0.039212
98630 49.3150 -1.132205 0.039135
98640 49.3200 -1.132375 0.038995
98650 49.3250 -1.132626 0.038787
98660 49.3300 -1.132848 0.038603
98670 49.3350 -1.132995 0.038483
98680 49.3400 -1.132890 0.038569
98690 49.3450 -1.132651 0.038766
98700 49.3500 -1.132189 0.039149
98710 49.3550 -1.131675 0.039577
98720 49.3600 -1.131227 0.039952
98730 49.3650 -1.130695 0.040399
98740 49.3700 -1.130012 0.040978
98750 49.3750 -1.129193 0.041677
98760 49.3800 -1.128314 0.042434
98770 49.3850 -1.127516 0.043127
98780 49.3900 -1.126753 0.043797
98790 49.3950 -1.125982 0.044477
98800 49.4000 -1.125238 0.045139
98810 49.4050 -1.124234 0.046040
98820 49.4100 -1.123449 0.046751
98830 49.4150 -1.122613 0.047515
98840 49.4200 -1.121699 0.048356
98850 49.4250 -1.120714 0.049272
98860 49.4300 -1.119814 0.050116
98870 49.4350 -1.118923 0.050960
98880 49.4400 -1.117870 0.051965
98890 49.4450 -1.116944 0.052858
98900 49.4500 -1.116056 0.053721
98910 49.4550 -1.115326 0.054436
98920 49.4600 -1.114660 0.055093
98930 49.4650 -1.114111 0.055638
98940 49.4700 -1.113525 0.056221
98950 49.4750 -1.112845 0.056902
98960 49.4800 -1.112456 0.057295
98970 49.4850 -1.112177 0.057577
98980 49.4900 -1.112044 0.057711
98990 49.4950 -1.111957 0.057800
99000 49.5000 -1.111902 0.057855
99010 49.5050 -1.112052 0.056955
99020 49.5100 -1.112371 0.056635
99030 49.5150 -1.112791 0.056214
99040 49.5200 -1.113379 0.055629
99050 49.5250 -1.114011 0.055002
99060 49.5300 -1.114817 0.054209
99070 49.5350 -1.115771 0.053277
99080 49.5400 -1.116750 0.052329
99090 49.5450 -1.117771 0.051350
99100 49.5500 -1.118613 0.050550
99110 49.5550 -1.119184 0.050011
99120 49.5600 -1.119773 0.049458
99130 49.5650 -1.120452 0.048825
99140 49.5700 -1.121146 0.048182
99150 49.5750 -1.121704 0.047668
99160 49.5800 -1.122295 0.047127
99170 49.5850 -1.123084 0.046409
99180 49.5900 -1.123844 0.045723
99190 49.5950 -1.124456 0.045174
99200 49.6000 -1.124992 0.044697
99210 49.6050 -1.125472 0.044272
99220 49.6100 -1.125968 0.043834
99230 49.6150 -1.126502 0.043365
99240 49.6200 -1.127143 0.042806
99250 49.6250 -1.127807 0.042231
99260 49.6300 -1.128282 0.041822
99270 49.6350 -1.128623 0.041530
99280 49.6400 -1.129120 0.041105
99290 49.6450 -1.129841 0.040494
99300 49.6500 -1.130648 0.039814
99310 49.6550 -1.131517 0.039089
99320 49.6600 -1.132525 0.038258
99330 49.6650 -1.133655 0.037336
99340 49.6700 -1.134849 0.036374
99350 49.6750 -1.136221 0.035285
99360 49.6800 -1.137693 0.034135
99370 49.6850 -1.139359 0.032858
99380 49.6900 -1.141128 0.031528
99390 49.6950 -1.143040 0.030122
99400 49.7000 -1.144993 0.028720
99410 49.7050 -1.146752 0.027486
99420 49.7100 -1.148419 0.026342
99430 49.7150 -1.150061 0.025239
99440 49.7200 -1.151497 0.024295
99450 49.7250 -1.152768 0.023475
99460 49.7300 -1.154435 0.022419
99470 49.7350 -1.156085 0.021400
99480 49.7400 -1.157391 0.020610
99490 49.7450 -1.158467 0.019970
99500 49.7500 -1.159541 0.019342
99510 49.7550 -1.160768 0.018385
99520 49.7600 -1.162074 0.017654
99530 49.7650 -1.163426 0.016912
99540 49.7700 -1.164894 0.016126
99550 49.7750 -1.166231 0.015426
99560 49.7800 -1.167589 0.014731
99570 49.7850 -1.169047 0.014003
99580 49.7900 -1.170596 0.013250
99590 49.7950 -1.172332 0.012431
99600 49.8000 -1.174095 0.011626
99610 49.8050 -1.175975 0.010799
99620 49.8100 -1.177806 0.010022
99630 49.8150 -1.179518 0.009322
99640 49.8200 -1.180993 0.008740
99650 49.8250 -1.182193 0.008280
99660 49.8300 -1.183465 0.007807
99670 49.8350 -1.184617 0.007390
99680 49.8400 -1.185673 0.007018
99690 49.8450 -1.186735 0.006654
99700 49.8500 -1.187517 0.006392
99710 49.8550 -1.188254 0.006149
99720 49.8600 -1.188779 0.005980
99730 49.8650 -1.189225 0.005838
99740 49.8700 -1.189466 0.005762
99750 49.8750 -1.189486 0.005755
99760 49.8800 -1.189278 0.005821
99770 49.8850 -1.189096 0.005879
99780 49.8900 -1.188773 0.005982
99790 49.8950 -1.188521 0.006063
99800 49.9000 -1.188248 0.006152
99810 49.9050 -1.187630 0.006354
99820 49.9100 -1.186884 0.006603
99830 49.9150 -1.186083 0.006876
99840 49.9200 -1.185296 0.007150
99850 49.9250 -1.184431 0.007456
99860 49.9300 -1.183596 0.007759
99870 49.9350 -1.182746 0.008073
99880 49.9400 -1.181851 0.008410
99890 49.9450 -1.180848 0.008796
99900 49.9500 -1.179410 0.009366
99910 49.9550 -1.177938 0.009967
99920 49.9600 -1.176437 0.010600
99930 49.9650 -1.175042 0.011205
99940 49.9700 -1.173728 0.011792
99950 49.9750 -1.172382 0.012408
99960 49.9800 -1.171128 0.012996
99970 49.9850 -1.169864 0.013603
99980 49.9900 -1.168832 0.014109
99990 49.9950 -1.167891 0.014578
100000 50.0000 -1.167158 0.014949
100010 50.0050 -1.166441 0.015115
100020 50.0100 -1.165722 0.015486
100030 50.0150 -1.165042 0.015841
100040 50.0200 -1.164494 0.016130
100050 50.0250 -1.164226 0.016273
100060 50.0300 -1.164022 0.016381
100070 50.0350 -1.163880 0.016457
100080 50.0400 -1.163813 0.016493
100090 50.0450 -1.163765 0.016519
100100 50.0500 -1.163786 0.016508
100110 50.0550 -1.163780 0.016511
100120 50.0600 -1.163911 0.016441
100130 50.0650 -1.164062 0.016360
100140 50.0700 -1.164386 0.016188
100150 50.0750 -1.164799 0.015969
100160 50.0800 -1.165216 0.015750
100170 50.0850 -1.165873 0.015408
100180 50.0900 -1.166632 0.015018
100190 50.0950 -1.167262 0.014697
100200 50.1000 -1.167830 0.014412
100210 50.1050 -1.168318 0.014168
100220 50.1100 -1.168824 0.013918
100230 50.1150 -1.169295 0.013688
100240 50.1200 -1.169916 0.013386
100250 50.1250 -1.170550 0.013083
100260 50.1300 -1.171238 0.012757
100270 50.1350 -1.172029 0.012387
100280 50.1400 -1.173006 0.011938
100290 50.1450 -1.174114 0.011439
100300 50.1500 -1.175309 0.010914
100310 50.1550 -1.176498 0.010403
100320 50.1600 -1.177818 0.009850
100330 50.1650 -1.179200 0.009288
100340 50.1700 -1.180421 0.008805
100350 50.1750 -1.181596 0.008352
100360 50.1800 -1.182900 0.007864
100370 50.1850 -1.184113 0.007423
100380 50.1900 -1.185131 0.007064
100390 50.1950 -1.186195 0.006697
100400 50.2000 -1.187321 0.006320
100410 50.2050 -1.188412 0.005965
100420 50.2100 -1.189526 0.005613
100430 50.2150 -1.190681 0.005260
100440 50.2200 -1.191972 0.004878
100450 50.2250 -1.193129 0.004549
100460 50.2300 -1.194246 0.004241
100470 50.2350 -1.195423 0.003930
100480 50.2400 -1.196742 0.003594
100490 50.2450 -1.197983 0.003292
100500 50.2500 -1.199087 0.003035
100510 50.2550 -1.200190 0.002747
100520 50.2600 -1.201200 0.002531
100530 50.2650 -1.201993 0.002369
100540 50.2700 -1.202647 0.002238
100550 50.2750 -1.203195 0.002132
100560 50.2800 -1.203823 0.002013
100570 50.2850 -1.204493 0.001890
100580 50.2900 -1.205107 0.001781
100590 50.2950 -1.205716 0.001676
100600 50.3000 -1.206220 0.001591
100610 50.3050 -1.206632 0.001524
100620 50.3100 -1.207034 0.001459
100630 50.3150 -1.207322 0.001414
100640 50.3200 -1.207658 0.001362
100650 50.3250 -1.207888 0.001327
100660 50.3300 -1.207877 0.001328
100670 50.3350 -1.207836 0.001335
100680 50.3400 -1.207679 0.001358
100690 50.3450 -1.207543 0.001379
100700 50.3500 -1.207369 0.001406
100710 50.3550 -1.206955 0.001472
100720 50.3600 -1.206194 0.001596
100730 50.3650 -1.205498 0.001713
100740 50.3700 -1.204746 0.001845
100750 50.3750 -1.203906 0.001998
100760 50.3800 -1.203073 0.002155
100770 50.3850 -1.202328 0.002301
100780 50.3900 -1.201321 0.002506
100790 50.3950 -1.200054 0.002777
100800 50.4000 -1.198435 0.003142
100810 50.4050 -1.196647 0.003572
100820 50.4100 -1.194817 0.004040
100830 50.4150 -1.192907 0.004560
100840 50.4200 -1.190839 0.005159
100850 50.4250 -1.188499 0.005881
100860 50.4300 -1.186038 0.006692
100870 50.4350 -1.183576 0.007556
100880 50.4400 -1.180883 0.008561
100890 50.4450 -1.177974 0.009718
100900 50.4500 -1.174840 0.011048
100910 50.4550 -1.171754 0.012441
100920 50.4600 -1.168604 0.013950
100930 50.4650 -1.165318 0.015617
100940 50.4700 -1.161871 0.017468
100950 50.4750 -1.158352 0.019467
100960 50.4800 -1.154852 0.021564
100970 50.4850 -1.151574 0.023626
100980 50.4900 -1.148179 0.025862
100990 50.4950 -1.144674 0.028280
101000 50.5000 -1.141134 0.030833
101010 50.5050 -1.137717 0.032986
101020 50.5100 -1.134375 0.035587
101030 50.5150 -1.131064 0.038264
101040 50.5200 -1.127774 0.041021
101050 50.5250 -1.124861 0.043544
101060 50.5300 -1.122063 0.046041
101070 50.5350 -1.119420 0.048464
101080 50.5400 -1.116799 0.050929
101090 50.5450 -1.114479 0.053164
101100 50.5500 -1.112335 0.055273
101110 50.5550 -1.110199 0.057416
101120 50.5600 -1.108233 0.059425
101130 50.5650 -1.106525 0.061199
101140 50.5700 -1.104878 0.062935
101150 50.5750 -1.103372 0.064544
101160 50.5800 -1.102001 0.066027
101170 50.5850 -1.100655 0.067500
101180 50.5900 -1.099321 0.068976
101190 50.5950 -1.098127 0.070311
101200 50.6000 -1.097129 0.071437
101210 50.6050 -1.096167 0.072532
101220 50.6100 -1.095289 0.073537
101230 50.6150 -1.094664 0.074258
101240 50.6200 -1.094201 0.074793
101250 50.6250 -1.094036 0.074985
101260 50.6300 -1.094047 0.074972
101270 50.6350 -1.094286 0.074695
101280 50.6400 -1.094770 0.074135
101290 50.6450 -1.095543 0.073245
101300 50.6500 -1.096566 0.072077
101310 50.6550 -1.097709 0.070782
101320 50.6600 -1.098969 0.069369
101330 50.6650 -1.100422 0.067757
101340 50.6700 -1.101888 0.066151
101350 50.6750 -1.103675 0.064219
101360 50.6800 -1.105833 0.061925
101370 50.6850 -1.108157 0.059503
101380 50.6900 -1.110638 0.056972
101390 50.6950 -1.113251 0.054367
101400 50.7000 -1.115860 0.051828
101410 50.7050 -1.118358 0.049456
101420 50.7100 -1.120927 0.047074
101430 50.7150 -1.123388 0.044850
101440 50.7200 -1.125674 0.042832
101450 50.7250 -1.128079 0.040762
101460 50.7300 -1.130743 0.038528
101470 50.7350 -1.133621 0.036188
101480 50.7400 -1.136468 0.033946
101490 50.7450 -1.139287 0.031799
101500 50.7500 -1.142049 0.029764
101510 50.7550 -1.144814 0.027417
101520 50.7600 -1.147417 0.025637
101530 50.7650 -1.149972 0.023950
101540 50.7700 -1.152532 0.022317
101550 50.7750 -1.155046 0.020771
101560 50.7800 -1.157592 0.019262
101570 50.7850 -1.160101 0.017832
101580 50.7900 -1.162640 0.016441
101590 50.7950 -1.165342 0.015024
101600 50.8000 -1.168257 0.013567
101610 50.8050 -1.171124 0.012207
101620 50.8100 -1.174229 0.010817
101630 50.8150 -1.177487 0.009449
101640 50.8200 -1.180581 0.008235
101650 50.8250 -1.183631 0.007122
101660 50.8300 -1.186615 0.006110
101670 50.8350 -1.189569 0.005186
101680 50.8400 -1.192366 0.004380
101690 50.8450 -1.195271 0.003615
101700 50.8500 -1.197957 0.002973
101710 50.8550 -1.200386 0.002446
101720 50.8600 -1.202519 0.002025
101730 50.8650 -1.204496 0.001670
101740 50.8700 -1.206307 0.001374
101750 50.8750 -1.208152 0.001101
101760 50.8800 -1.209905 0.000869
101770 50.8850 -1.211382 0.000695
101780 50.8900 -1.212684 0.000556
101790 50.8950 -1.213922 0.000437
101800 50.9000 -1.214958 0.000348
101810 50.9050 -1.216035 0.000265
101820 50.9100 -1.217146 0.000190
101830 50.9150 -1.218387 0.000119
101840 50.9200 -1.219820 0.000052
101850 50.9250 -1.221331 0.000001
101860 50.9300 -1.222960 0.000000
101870 50.9350 -1.224393 0.000000
101880 50.9400 -1.225749 0.000000
101890 50.9450 -1.226858 0.000000
101900 50.9500 -1.227805 0.000002
101910 50.9550 -1.228624 0.000027
101920 50.9600 -1.229373 0.000055
101930 50.9650 -1.230135 0.000089
101940 50.9700 -1.230630 0.000113
101950 50.9750 -1.230646 0.000114
101960 50.9800 -1.230588 0.000111
101970 50.9850 -1.230536 0.000108
101980 50.9900 -1.230190 0.000091
101990 50.9950 -1.229668 0.000068
102000 51.0000 -1.229242 0.000050
102010 51.0050 -1.228814 0.000034
102020 51.0100 -1.228352 0.000018
102030 51.0150 -1.227746 0.000000
102040 51.0200 -1.227106 0.000000
102050 51.0250 -1.226297 0.000000
102060 51.0300 -1.225546 0.000000
102070 51.0350 -1.224424 0.000000
102080 51.0400 -1.223054 0.000000
102090 51.0450 -1.221551 0.000000
102100 51.0500 -1.219818 0.000055
102110 51.0550 -1.218043 0.000140
102120 51.0600 -1.216170 0.000259
102130 51.0650 -1.213933 0.000441
102140 51.0700 -1.211648 0.000671
102150 51.0750 -1.209094 0.000980
102160 51.0800 -1.206300 0.001383
102170 51.0850 -1.203430 0.001867
102180 51.0900 -1.200548 0.002424
102190 51.0950 -1.197782 0.003026
102200 51.1000 -1.195106 0.003672
102210 51.1050 -1.192321 0.004410
102220 51.1100 -1.189716 0.005161
102230 51.1150 -1.187383 0.005884
102240 51.1200 -1.184962 0.006684
102250 51.1250 -1.182655 0.007494
102260 51.1300 -1.180465 0.008307
102270 51.1350 -1.178354 0.009129
102280 51.1400 -1.176417 0.009918
102290 51.1450 -1.174662 0.010662
102300 51.1500 -1.173082 0.011354
102310 51.1550 -1.171617 0.012016
102320 51.1600 -1.170291 0.012632
102330 51.1650 -1.169179 0.013160
102340 51.1700 -1.168189 0.013639
102350 51.1750 -1.167184 0.014134
102360 51.1800 -1.166212 0.014622
102370 51.1850 -1.165287 0.015094
102380 51.1900 -1.164408 0.015549
102390 51.1950 -1.163397 0.016081
102400 51.2000 -1.162368 0.016632
102410 51.2050 -1.161602 0.017048
102420 51.2100 -1.160791 0.017494
102430 51.2150 -1.160009 0.017930
102440 51.2200 -1.159564 0.018181
102450 51.2250 -1.159396 0.018276
102460 51.2300 -1.159328 0.018314
102470 51.2350 -1.159265 0.018350
102480 51.2400 -1.159306 0.018327
102490 51.2450 -1.159487 0.018225
102500 51.2500 -1.159571 0.018177
102510 51.2550 -1.159886 0.017759
102520 51.2600 -1.160440 0.017451
102530 51.2650 -1.161104 0.017085
102540 51.2700 -1.162060 0.016566
102550 51.2750 -1.162961 0.016083
102560 51.2800 -1.164037 0.015516
102570 51.2850 -1.165292 0.014868
102580 51.2900 -1.166628 0.014194
102590 51.2950 -1.167966 0.013534
102600 51.3000 -1.169335 0.012876
102610 51.3050 -1.170844 0.012169
102620 51.3100 -1.172384 0.011469
102630 51.3150 -1.174038 0.010739
102640 51.3200 -1.175507 0.010112
102650 51.3250 -1.176985 0.009500
102660 51.3300 -1.178425 0.008923
102670 51.3350 -1.180025 0.008302
102680 51.3400 -1.181522 0.007742
102690 51.3450 -1.182977 0.007216
102700 51.3500 -1.184647 0.006635
102710 51.3550 -1.186607 0.005985
102720 51.3600 -1.188481 0.005394
102730 51.3650 -1.190275 0.004858
102740 51.3700 -1.192174 0.004320
102750 51.3750 -1.194049 0.003820
102760 51.3800 -1.195982 0.003337
102770 51.3850 -1.197904 0.002888
102780 51.3900 -1.199592 0.002521
102790 51.3950 -1.201509 0.002133
102800 51.4000 -1.203537 0.001758
102810 51.4050 -1.205563 0.001418
102820 51.4100 -1.207383 0.001143
102830 51.4150 -1.209108 0.000909
102840 51.4200 -1.210667 0.000719
102850 51.4250 -1.212469 0.000526
102860 51.4300 -1.214229 0.000364
102870 51.4350 -1.215870 0.000237
102880 51.4400 -1.217244 0.000148
102890 51.4450 -1.218680 0.000072
102900 51.4500 -1.220389 0.000005
102910 51.4550 -1.222264 0.000000
102920 51.4600 -1.224014 0.000000
102930 51.4650 -1.225723 0.000000
102940 51.4700 -1.227507 0.000000
102950 51.4750 -1.229203 0.000054
102960 51.4800 -1.230938 0.000141
102970 51.4850 -1.232380 0.000233
102980 51.4900 -1.233671 0.000330
102990 51.4950 -1.234906 0.000436
103000 51.5000 -1.236003 0.000540
103010 51.5050 -1.237010 0.000640
103020 51.5100 -1.237784 0.000726
103030 51.5150 -1.238401 0.000799
103040 51.5200 -1.238794 0.000846
103050 51.5250 -1.238952 0.000866
103060 51.5300 -1.239170 0.000893
103070 51.5350 -1.239602 0.000949
103080 51.5400 -1.239778 0.000972
103090 51.5450 -1.239655 0.000955
103100 51.5500 -1.239402 0.000923
103110 51.5550 -1.238983 0.000870
103120 51.5600 -1.238289 0.000785
103130 51.5650 -1.237430 0.000686
103140 51.5700 -1.236635 0.000600
103150 51.5750 -1.235945 0.000530
103160 51.5800 -1.235168 0.000455
103170 51.5850 -1.234440 0.000390
103180 51.5900 -1.233399 0.000304
103190 51.5950 -1.232345 0.000227
103200 51.6000 -1.231364 0.000164
103210 51.6050 -1.230431 0.000111
103220 51.6100 -1.229389 0.000061
103230 51.6150 -1.228273 0.000017
103240 51.6200 -1.227088 0.000000
103250 51.6250 -1.225959 0.000000
103260 51.6300 -1.224645 0.000000
103270 51.6350 -1.223006 0.000000
103280 51.6400 -1.221141 0.000000
103290 51.6450 -1.219267 0.000053
103300 51.6500 -1.217349 0.000150
103310 51.6550 -1.215574 0.000267
103320 51.6600 -1.213767 0.000415
103330 51.6650 -1.211701 0.000617
103340 51.6700 -1.209587 0.000863
103350 51.6750 -1.207411 0.001156
103360 51.6800 -1.205062 0.001518
103370 51.6850 -1.202662 0.001937
103380 51.6900 -1.200176 0.002423
103390 51.6950 -1.197557 0.002993
103400 51.7000 -1.194844 0.003647
103410 51.7050 -1.191928 0.004421
103420 51.7100 -1.188934 0.005292
103430 51.7150 -1.186025 0.006214
103440 51.7200 -1.182985 0.007256
103450 51.7250 -1.180017 0.008352
103460 51.7300 -1.177085 0.009510
103470 51.7350 -1.174150 0.010746
103480 51.7400 -1.171225 0.012052
103490 51.7450 -1.168336 0.013417
103500 51.7500 -1.165489 0.014835
103510 51.7550 -1.162664 0.016107
103520 51.7600 -1.159824 0.017655
103530 51.7650 -1.157224 0.019136
103540 51.7700 -1.154886 0.020519
103550 51.7750 -1.152749 0.021826
103560 51.7800 -1.150692 0.023123
103570 51.7850 -1.148599 0.024481
103580 51.7900 -1.146747 0.025716
103590 51.7950 -1.145148 0.026807
103600 51.8000 -1.143742 0.027785
103610 51.8050 -1.142451 0.028698
103620 51.8100 -1.141508 0.029375
103630 51.8150 -1.140687 0.029971
103640 51.8200 -1.140029 0.030453
103650 51.8250 -1.139778 0.030639
103660 51.8300 -1.140041 0.030444
103670 51.8350 -1.140286 0.030265
103680 51.8400 -1.140649 0.029999
103690 51.8450 -1.141209 0.029592
103700 51.8500 -1.141674 0.029256
103710 51.8550 -1.142066 0.028974
103720 51.8600 -1.142471 0.028684
103730 51.8650 -1.143148 0.028203
103740 51.8700 -1.144124 0.027517
103750 51.8750 -1.145280 0.026715
103760 51.8800 -1.146554 0.025846
103770 51.8850 -1.147848 0.024978
103780 51.8900 -1.148947 0.024253
103790 51.8950 -1.150131 0.023483
103800 51.9000 -1.151280 0.022748
103810 51.9050 -1.152560 0.021944
103820 51.9100 -1.154004 0.021054
103830 51.9150 -1.155655 0.020059
103840 51.9200 -1.157400 0.019034
103850 51.9250 -1.159043 0.018094
103860 51.9300 -1.160818 0.017105
103870 51.9350 -1.162682 0.016097
103880 51.9400 -1.164647 0.015068
103890 51.9450 -1.166688 0.014035
103900 51.9500 -1.168712 0.013048
103910 51.9550 -1.170823 0.012056
103920 51.9600 -1.172875 0.011130
103930 51.9650 -1.175103 0.010167
103940 51.9700 -1.177467 0.009193
103950 51.9750 -1.180187 0.008133
103960 51.9800 -1.183209 0.007032
103970 51.9850 -1.186191 0.006024
103980 51.9900 -1.189026 0.005137
103990 51.9950 -1.191803 0.004337
104000 52.0000 -1.194503 0.003624
104010 52.0050 -1.197197 0.002926
104020 52.0100 -1.199960 0.002330
104030 52.0150 -1.203000 0.001751
104040 52.0200 -1.205932 0.001269
104050 52.0250 -1.208762 0.000874
104060 52.0300 -1.211533 0.000553
104070 52.0350 -1.214391 0.000292
104080 52.0400 -1.217164 0.000106
104090 52.0450 -1.220084 0.000000
104100 52.0500 -1.223272 0.000000
104110 52.0550 -1.226396 0.000000
104120 52.0600 -1.229521 0.000076
104130 52.0650 -1.232479 0.000262
104140 52.0700 -1.235380 0.000516
104150 52.0750 -1.238041 0.000811
104160 52.0800 -1.240584 0.001149
104170 52.0850 -1.243097 0.001537
104180 52.0900 -1.245334 0.001927
104190 52.0950 -1.247465 0.002337
104200 52.1000 -1.249466 0.002757
104210 52.1050 -1.251428 0.003201
104220 52.1100 -1.253226 0.003636
104230 52.1150 -1.254920 0.004071
104240 52.1200 -1.256603 0.004526
104250 52.1250 -1.258151 0.004966
104260 52.1300 -1.259550 0.005381
104270 52.1350 -1.260841 0.005778
104280 52.1400 -1.262093 0.006176
104290 52.1450 -1.263109 0.006508
104300 52.1500 -1.263901 0.006774
104310 52.1550 -1.264677 0.007038
104320 52.1600 -1.265214 0.007225
104330 52.1650 -1.265620 0.007367
104340 52.1700 -1.265776 0.007422
104350 52.1750 -1.265864 0.007453
104360 52.1800 -1.265954 0.007485
104370 52.1850 -1.265848 0.007448
104380 52.1900 -1.265670 0.007385
104390 52.1950 -1.265393 0.007287
104400 52.2000 -1.265055 0.007169
104410 52.2050 -1.264771 0.007071
104420 52.2100 -1.264566 0.007000
104430 52.2150 -1.264218 0.006881
104440 52.2200 -1.263587 0.006668
104450 52.2250 -1.262656 0.006359
104460 52.2300 -1.261682 0.006044
104470 52.2350 -1.260572 0.005694
104480 52.2400 -1.259450 0.005351
104490 52.2450 -1.258359 0.005027
104500 52.2500 -1.257027 0.004645
104510 52.2550 -1.255458 0.004165
104520 52.2600 -1.253723 0.003715
104530 52.2650 -1.251769 0.003239
104540 52.2700 -1.249583 0.002743
104550 52.2750 -1.247350 0.002278
104560 52.2800 -1.245143 0.001860
104570 52.2850 -1.242982 0.001490
104580 52.2900 -1.240722 0.001145
104590 52.2950 -1.238319 0.000826
104600 52.3000 -1.235571 0.000520
104610 52.3050 -1.232621 0.000263
104620 52.3100 -1.229641 0.000079
104630 52.3150 -1.226482 0.000000
104640 52.3200 -1.223036 0.000000
104650 52.3250 -1.219543 0.000015
104660 52.3300 -1.216061 0.000196
104670 52.3350 -1.212641 0.000474
104680 52.3400 -1.209180 0.000859
104690 52.3450 -1.205513 0.001379
104700 52.3500 -1.201806 0.002023
104710 52.3550 -1.198052 0.002797
104720 52.3600 -1.194138 0.003734
104730 52.3650 -1.190220 0.004807
104740 52.3700 -1.186213 0.006042
104750 52.3750 -1.182385 0.007354
104760 52.3800 -1.178881 0.008668
104770 52.3850 -1.175652 0.009974
104780 52.3900 -1.172639 0.011277
104790 52.3950 -1.169932 0.012516
104800 52.4000 -1.167391 0.013738
104810 52.4050 -1.164925 0.014978
104820 52.4100 -1.162769 0.016107
104830 52.4150 -1.160629 0.017269
104840 52.4200 -1.158305 0.018577
104850 52.4250 -1.156263 0.019766
104860 52.4300 -1.154693 0.020705
104870 52.4350 -1.153324 0.021543
104880 52.4400 -1.152022 0.022354
104890 52.4450 -1.150873 0.023083
104900 52.4500 -1.149925 0.023694
104910 52.4550 -1.149161 0.024192
104920 52.4600 -1.148625 0.024544
104930 52.4650 -1.148221 0.024812
104940 52.4700 -1.148105 0.024888
104950 52.4750 -1.148321 0.024746
104960 52.4800 -1.148558 0.024589
104970 52.4850 -1.149140 0.024206
104980 52.4900 -1.149932 0.023690
104990 52.4950 -1.150672 0.023212
105000 52.5000 -1.151505 0.022681
105010 52.5050 -1.152495 0.021768
105020 52.5100 -1.153693 0.021030
105030 52.5150 -1.154940 0.020275
105040 52.5200 -1.156281 0.019479
105050 52.5250 -1.157563 0.018733
105060 52.5300 -1.158928 0.017955
105070 52.5350 -1.160489 0.017086
105080 52.5400 -1.162058 0.016234
105090 52.5450 -1.163867 0.015279
105100 52.5500 -1.165680 0.014351
105110 52.5550 -1.167325 0.013535
105120 52.5600 -1.168984 0.012736
105130 52.5650 -1.170817 0.011882
105140 52.5700 -1.172923 0.010936
105150 52.5750 -1.175080 0.010009
105160 52.5800 -1.177481 0.009026
105170 52.5850 -1.179840 0.008109
105180 52.5900 -1.182316 0.007200
105190 52.5950 -1.184689 0.006379
105200 52.6000 -1.187094 0.005598
105210 52.6050 -1.189563 0.004848
105220 52.6100 -1.192137 0.004124
105230 52.6150 -1.194701 0.003460
105240 52.6200 -1.197388 0.002826
105250 52.6250 -1.200104 0.002249
105260 52.6300 -1.202643 0.001767
105270 52.6350 -1.205214 0.001336
105280 52.6400 -1.207917 0.000945
105290 52.6450 -1.210644 0.000615
105300 52.6500 -1.213115 0.000371
105310 52.6550 -1.215679 0.000173
105320 52.6600 -1.218408 0.000025
105330 52.6650 -1.221185 0.000000
105340 52.6700 -1.223819 0.000000
105350 52.6750 -1.226387 0.000000
105360 52.6800 -1.228954 0.000052
105370 52.6850 -1.231493 0.000200
105380 52.6900 -1.233929 0.000393
105390 52.6950 -1.236202 0.000619
105400 52.7000 -1.238590 0.000904
105410 52.7050 -1.240887 0.001223
105420 52.7100 -1.242948 0.001547
105430 52.7150 -1.244888 0.001885
105440 52.7200 -1.246700 0.002229
105450 52.7250 -1.248051 0.002503
105460 52.7300 -1.248937 0.002692
105470 52.7350 -1.249531 0.002822
105480 52.7400 -1.249923 0.002909
105490 52.7450 -1.250143 0.002959
105500 52.7500 -1.250214 0.002975
105510 52.7550 -1.250126 0.002924
105520 52.7600 -1.249695 0.002828
105530 52.7650 -1.249083 0.002694
105540 52.7700 -1.248185 0.002503
105550 52.7750 -1.247235 0.002309
105560 52.7800 -1.246158 0.002097
105570 52.7850 -1.244907 0.001864
105580 52.7900 -1.243471 0.001613
105590 52.7950 -1.241878 0.001354
105600 52.8000 -1.239931 0.001067
105610 52.8050 -1.237757 0.000784
105620 52.8100 -1.235516 0.000535
105630 52.8150 -1.233129 0.000316
105640 52.8200 -1.230586 0.000136
105650 52.8250 -1.228130 0.000015
105660 52.8300 -1.225709 0.000000
105670 52.8350 -1.223373 0.000000
105680 52.8400 -1.221189 0.000000
105690 52.8450 -1.219096 0.000011
105700 52.8500 -1.216909 0.000116
105710 52.8550 -1.214695 0.000263
105720 52.8600 -1.212616 0.000440
105730 52.8650 -1.210503 0.000659
105740 52.8700 -1.208538 0.000896
105750 52.8750 -1.206617 0.001160
105760 52.8800 -1.204693 0.001457
105770 52.8850 -1.202771 0.001786
105780 52.8900 -1.200705 0.002175
105790 52.8950 -1.198347 0.002665
105800 52.9000 -1.195966 0.003208
105810 52.9050 -1.193688 0.003774
105820 52.9100 -1.191722 0.004299
105830 52.9150 -1.189943 0.004804
105840 52.9200 -1.188364 0.005275
105850 52.9250 -1.186771 0.005772
105860 52.9300 -1.185093 0.006320
105870 52.9350 -1.183477 0.006871
105880 52.9400 -1.181910 0.007427
105890 52.9450 -1.180400 0.007984
105900 52.9500 -1.178960 0.008534
105910 52.9550 -1.177566 0.009083
105920 52.9600 -1.176434 0.009542
105930 52.9650 -1.175479 0.009938
105940 52.9700 -1.174584 0.010316
105950 52.9750 -1.173730 0.010684
105960 52.9800 -1.173045 0.010983
105970 52.9850 -1.172434 0.011254
105980 52.9900 -1.172249 0.011337
105990 52.9950 -1.172259 0.011332
106000 53.0000 -1.172358 0.011288
106010 53.0050 -1.172806 0.010940
106020 53.0100 -1.173404 0.010678
106030 53.0150 -1.174133 0.010364
106040 53.0200 -1.175274 0.009881
106050 53.0250 -1.176371 0.009428
106060 53.0300 -1.177716 0.008886
106070 53.0350 -1.179223 0.008299
106080 53.0400 -1.180960 0.007647
106090 53.0450 -1.182832 0.006974
106100 53.0500 -1.184804 0.006298
106110 53.0550 -1.186728 0.005672
106120 53.0600 -1.188753 0.005048
106130 53.0650 -1.190824 0.004447
106140 53.0700 -1.192820 0.003904
106150 53.0750 -1.194655 0.003435
106160 53.0800 -1.196501 0.002993
106170 53.0850 -1.198374 0.002576
106180 53.0900 -1.200417 0.002155
106190 53.0950 -1.202465 0.001769
106200 53.1000 -1.204521 0.001419
106210 53.1050 -1.206379 0.001134
106220 53.1100 -1.208299 0.000871
106230 53.1150 -1.210201 0.000642
106240 53.1200 -1.211919 0.000462
106250 53.1250 -1.213348 0.000332
106260 53.1300 -1.214812 0.000217
106270 53.1350 -1.216048 0.000134
106280 53.1400 -1.217037 0.000077
106290 53.1450 -1.217925 0.000034
106300 53.1500 -1.218705 0.000001
106310 53.1550 -1.219279 0.000000
106320 53.1600 -1.219549 0.000000
106330 53.1650 -1.219748 0.000000
106340 53.1700 -1.219690 0.000000
106350 53.1750 -1.219401 0.000000
106360 53.1800 -1.219049 0.000000
106370 53.1850 -1.218630 0.000004
106380 53.1900 -1.218036 0.000029
106390 53.1950 -1.217372 0.000060
106400 53.2000 -1.216714 0.000095
106410 53.2050 -1.215885 0.000144
106420 53.2100 -1.214871 0.000213
106430 53.2150 -1.213941 0.000283
106440 53.2200 -1.212757 0.000384
106450 53.2250 -1.211410 0.000513
106460 53.2300 -1.210150 0.000648
106470 53.2350 -1.209057 0.000776
106480 53.2400 -1.207935 0.000919
106490 53.2450 -1.207048 0.001039
106500 53.2500 -1.206245 0.001154
106510 53.2550 -1.205617 0.001227
106520 53.2600 -1.205041 0.001316
106530 53.2650 -1.204339 0.001427
106540 53.2700 -1.203782 0.001519
106550 53.2750 -1.203291 0.001602
106560 53.2800 -1.202675 0.001709
106570 53.2850 -1.201961 0.001838
106580 53.2900 -1.201343 0.001952
106590 53.2950 -1.200575 0.002100
106600 53.3000 -1.199847 0.002244
106610 53.3050 -1.199186 0.002379
106620 53.3100 -1.198630 0.002496
106630 53.3150 -1.198218 0.002584
106640 53.3200 -1.197733 0.002689
106650 53.3250 -1.197210 0.002805
106660 53.3300 -1.196548 0.002956
106670 53.3350 -1.195872 0.003113
106680 53.3400 -1.195151 0.003286
106690 53.3450 -1.194426 0.003464
106700 53.3500 -1.193887 0.003599
106710 53.3550 -1.193585 0.003676
106720 53.3600 -1.193313 0.003746
106730 53.3650 -1.193132 0.003793
106740 53.3700 -1.192996 0.003829
106750 53.3750 -1.192940 0.003843
106760 53.3800 -1.192797 0.003881
106770 53.3850 -1.192594 0.003934
106780 53.3900 -1.192521 0.003954
106790 53.3950 -1.192481 0.003964
106800 53.4000 -1.192368 0.003995
106810 53.4050 -1.192133 0.004058
106820 53.4100 -1.191545 0.004217
106830 53.4150 -1.190771 0.004432
106840 53.4200 -1.189961 0.004662
106850 53.4250 -1.189067 0.004923
106860 53.4300 -1.188322 0.005146
106870 53.4350 -1.187684 0.005341
106880 53.4400 -1.187228 0.005482
106890 53.4450 -1.186740 0.005635
106900 53.4500 -1.186083 0.005845
106910 53.4550 -1.185590 0.006005
106920 53.4600 -1.184853 0.006248
106930 53.4650 -1.184128 0.006492
106940 53.4700 -1.183328 0.006766
106950 53.4750 -1.182656 0.007001
106960 53.4800 -1.181894 0.007272
106970 53.4850 -1.181291 0.007490
106980 53.4900 -1.180983 0.007603
106990 53.4950 -1.180825 0.007661
107000 53.5000 -1.180924 0.007624
107010 53.5050 -1.181038 0.007479
107020 53.5100 -1.181115 0.007451
107030 53.5150 -1.181103 0.007455
107040 53.5200 -1.180990 0.007496
107050 53.5250 -1.181018 0.007486
107060 53.5300 -1.181071 0.007467
107070 53.5350 -1.181240 0.007405
107080 53.5400 -1.181347 0.007367
107090 53.5450 -1.181500 0.007311
107100 53.5500 -1.181597 0.007277
107110 53.5550 -1.181780 0.007211
107120 53.5600 -1.181964 0.007145
107130 53.5650 -1.181916 0.007162
107140 53.5700 -1.181786 0.007208
107150 53.5750 -1.181521 0.007304
107160 53.5800 -1.181107 0.007454
107170 53.5850 -1.180895 0.007531
107180 53.5900 -1.180896 0.007531
107190 53.5950 -1.181047 0.007476
107200 53.6000 -1.181462 0.007325
107210 53.6050 -1.182146 0.007080
107220 53.6100 -1.182890 0.006819
107230 53.6150 -1.183748 0.006523
107240 53.6200 -1.184719 0.006197
107250 53.6250 -1.185740 0.005862
107260 53.6300 -1.186500 0.005619
107270 53.6350 -1.187327 0.005360
107280 53.6400 -1.188173 0.005102
107290 53.6450 -1.188789 0.004918
107300 53.6500 -1.189483 0.004714
107310 53.6550 -1.190282 0.004485
107320 53.6600 -1.190968 0.004293
107330 53.6650 -1.191583 0.004125
107340 53.6700 -1.192324 0.003926
107350 53.6750 -1.193200 0.003697
107360 53.6800 -1.194147 0.003457
107370 53.6850 -1.195182 0.003204
107380 53.6900 -1.196155 0.002974
107390 53.6950 -1.197182 0.002741
107400 53.7000 -1.198164 0.002527
107410 53.7050 -1.199111 0.002328
107420 53.7100 -1.200136 0.002122
107430 53.7150 -1.201526 0.001857
107440 53.7200 -1.203148 0.001569
107450 53.7250 -1.204668 0.001321
107460 53.7300 -1.206266 0.001080
107470 53.7350 -1.208209 0.000819
107480 53.7400 -1.210196 0.000585
107490 53.7450 -1.212035 0.000399
107500 53.7500 -1.213861 0.000243
107510 53.7550 -1.215836 0.000027
107520 53.7600 -1.218090 0.000000
107530 53.7650 -1.220364 0.000000
107540 53.7700 -1.222380 0.000000
107550 53.7750 -1.224281 0.000000
107560 53.7800 -1.226223 0.000000
107570 53.7850 -1.228212 0.000000
107580 53.7900 -1.230223 0.000059
107590 53.7950 -1.232311 0.000211
107600 53.8000 -1.234327 0.000393
107610 53.8050 -1.236307 0.000606
107620 53.8100 -1.238389 0.000866
107630 53.8150 -1.240531 0.001172
107640 53.8200 -1.242645 0.001512
107650 53.8250 -1.244868 0.001910
107660 53.8300 -1.247185 0.002370
107670 53.8350 -1.249505 0.002876
107680 53.8400 -1.251759 0.003411
107690 53.8450 -1.253939 0.003969
107700 53.8500 -1.255827 0.004485
107710 53.8550 -1.257678 0.005019
107720 53.8600 -1.259336 0.005522
107730 53.8650 -1.260907 0.006020
107740 53.8700 -1.262363 0.006501
107750 53.8750 -1.263678 0.006949
107760 53.8800 -1.264562 0.007259
107770 53.8850 -1.265344 0.007538
107780 53.8900 -1.265897 0.007739
107790 53.8950 -1.266088 0.007809
107800 53.9000 -1.266125 0.007822
107810 53.9050 -1.265810 0.007707
107820 53.9100 -1.265401 0.007559
107830 53.9150 -1.264953 0.007398
107840 53.9200 -1.264137 0.007109
107850 53.9250 -1.263120 0.006757
107860 53.9300 -1.261884 0.006340
107870 53.9350 -1.260458 0.005876
107880 53.9400 -1.258801 0.005358
107890 53.9450 -1.257066 0.004839
107900 53.9500 -1.255170 0.004302
107910 53.9550 -1.253080 0.003744
107920 53.9600 -1.250939 0.003211
107930 53.9650 -1.248738 0.002704
107940 53.9700 -1.246238 0.002177
107950 53.9750 -1.243678 0.001692
107960 53.9800 -1.241286 0.001289
107970 53.9850 -1.238663 0.000903
107980 53.9900 -1.236095 0.000582
107990 53.9950 -1.233474 0.000312
108000 54.0000 -1.230758 0.000094
108010 54.0050 -1.227943 0.000000
108020 54.0100 -1.225073 0.000000
108030 54.0150 -1.222074 0.000000
108040 54.0200 -1.218893 0.000000
108050 54.0250 -1.215554 0.000051
108060 54.0300 -1.212145 0.000315
108070 54.0350 -1.208642 0.000692
108080 54.0400 -1.205071 0.001187
108090 54.0450 -1.201703 0.001755
108100 54.0500 -1.198308 0.002428
108110 54.0550 -1.194869 0.003213
108120 54.0600 -1.191479 0.004089
108130 54.0650 -1.188243 0.005019
108140 54.0700 -1.185093 0.006014
108150 54.0750 -1.181998 0.007077
108160 54.0800 -1.178918 0.008219
108170 54.0850 -1.175907 0.009416
108180 54.0900 -1.173031 0.010636
108190 54.0950 -1.170109 0.011951
108200 54.1000 -1.167268 0.013302
108210 54.1050 -1.164466 0.014705
108220 54.1100 -1.161778 0.016118
108230 54.1150 -1.159392 0.017426
108240 54.1200 -1.157290 0.018622
108250 54.1250 -1.155270 0.019808
108260 54.1300 -1.153303 0.020998
108270 54.1350 -1.151451 0.022151
108280 54.1400 -1.149864 0.023163
108290 54.1450 -1.148298 0.024184
108300 54.1500 -1.146842 0.025154
108310 54.1550 -1.145549 0.026031
108320 54.1600 -1.144338 0.026866
108330 54.1650 -1.143288 0.027601
108340 54.1700 -1.142237 0.028347
108350 54.1750 -1.141484 0.028887
108360 54.1800 -1.141081 0.029179
108370 54.1850 -1.140748 0.029420
108380 54.1900 -1.140413 0.029664
108390 54.1950 -1.140342 0.029717
108400 54.2000 -1.140400 0.029674
108410 54.2050 -1.140496 0.029604
108420 54.2100 -1.140623 0.029511
108430 54.2150 -1.140978 0.029253
108440 54.2200 -1.141555 0.028836
108450 54.2250 -1.142154 0.028406
108460 54.2300 -1.142853 0.027908
108470 54.2350 -1.143690 0.027318
108480 54.2400 -1.144733 0.026592
108490 54.2450 -1.145719 0.025915
108500 54.2500 -1.146783 0.025194
108510 54.2550 -1.147774 0.024212
108520 54.2600 -1.148897 0.023476
108530 54.2650 -1.149936 0.022806
108540 54.2700 -1.150971 0.022147
108550 54.2750 -1.152122 0.021426
108560 54.2800 -1.153312 0.020694
108570 54.2850 -1.154391 0.020041
108580 54.2900 -1.155400 0.019440
108590 54.2950 -1.156244 0.018944
108600 54.3000 -1.157062 0.018470
108610 54.3050 -1.157901 0.017989
108620 54.3100 -1.158808 0.017477
108630 54.3150 -1.159858 0.016893
108640 54.3200 -1.161069 0.016233
108650 54.3250 -1.162250 0.015601
108660 54.3300 -1.163432 0.014981
108670 54.3350 -1.164492 0.014436
108680 54.3400 -1.165655 0.013850
108690 54.3450 -1.167092 0.013142
108700 54.3500 -1.168793 0.012328
108710 54.3550 -1.170679 0.011456
108720 54.3600 -1.172742 0.010538
108730 54.3650 -1.174876 0.009629
108740 54.3700 -1.177200 0.008685
108750 54.3750 -1.179585 0.007766
108760 54.3800 -1.181922 0.006915
108770 54.3850 -1.184412 0.006061
108780 54.3900 -1.187246 0.005156
108790 54.3950 -1.190234 0.004279
108800 54.4000 -1.193320 0.003456
108810 54.4050 -1.196407 0.002717
108820 54.4100 -1.199529 0.002054
108830 54.4150 -1.202848 0.001444
108840 54.4200 -1.206366 0.000902
108850 54.4250 -1.209987 0.000457
108860 54.4300 -1.213473 0.000136
108870 54.4350 -1.216791 0.000000
108880 54.4400 -1.219915 0.000000
108890 54.4450 -1.223048 0.000000
108900 54.4500 -1.226125 0.000000
108910 54.4550 -1.229019 0.000000
108920 54.4600 -1.231925 0.000190
108930 54.4650 -1.234713 0.000453
108940 54.4700 -1.237397 0.000768
108950 54.4750 -1.240049 0.001141
108960 54.4800 -1.242404 0.001522
108970 54.4850 -1.244538 0.001907
108980 54.4900 -1.246410 0.002278
108990 54.4950 -1.248130 0.002644
109000 54.5000 -1.249851 0.003036
109010 54.5050 -1.251492 0.003402
109020 54.5100 -1.252920 0.003764
109030 54.5150 -1.254376 0.004151
109040 54.5200 -1.255715 0.004523
109050 54.5250 -1.256999 0.004893
109060 54.5300 -1.258091 0.005219
109070 54.5350 -1.259110 0.005532
109080 54.5400 -1.259976 0.005805
109090 54.5450 -1.260706 0.006040
109100 54.5500 -1.261397 0.006267
109110 54.5550 -1.261923 0.006442
109120 54.5600 -1.262237 0.006548
109130 54.5650 -1.262254 0.006554
109140 54.5700 -1.262110 0.006505
109150 54.5750 -1.261669 0.006357
109160 54.5800 -1.261227 0.006211
109170 54.5850 -1.260529 0.005983
109180 54.5900 -1.259640 0.005699
109190 54.5950 -1.258640 0.005387
109200 54.6000 -1.257627 0.005079
109210 54.6050 -1.256546 0.004761
109220 54.6100 -1.255288 0.004403
109230 54.6150 -1.253724 0.003976
109240 54.6200 -1.251976 0.003523
109250 54.6250 -1.250050 0.003054
109260 54.6300 -1.247953 0.002579
109270 54.6350 -1.245528 0.002077
109280 54.6400 -1.242903 0.001589
109290 54.6450 -1.240223 0.001152
109300 54.6500 -1.237501 0.000770
109310 54.6550 -1.234647 0.000438
109320 54.6600 -1.231321 0.000139
109330 54.6650 -1.227731 0.000000
109340 54.6700 -1.223796 0.000000
109350 54.6750 -1.219509 0.000000
109360 54.6800 -1.214960 0.000054
109370 54.6850 -1.210271 0.000457
109380 54.6900 -1.205539 0.001058
109390 54.6950 -1.200766 0.001862
109400 54.7000 -1.195945 0.002878
109410 54.7050 -1.191261 0.004060
109420 54.7100 -1.186668 0.005408
109430 54.7150 -1.182277 0.006871
109440 54.7200 -1.178122 0.008413
109450 54.7250 -1.174186 0.010016
109460 54.7300 -1.170459 0.011661
109470 54.7350 -1.166984 0.013307
109480 54.7400 -1.163500 0.015066
109490 54.7450 -1.160367 0.016740
109500 54.7500 -1.157642 0.018269
109510 54.7550 -1.155368 0.019351
109520 54.7600 -1.153479 0.020484
109530 54.7650 -1.151652 0.021609
109540 54.7700 -1.149770 0.022800
109550 54.7750 -1.148003 0.023947
109560 54.7800 -1.146305 0.025077
109570 54.7850 -1.144853 0.026063
109580 54.7900 -1.143685 0.026871
109590 54.7950 -1.142902 0.027419
109600 54.8000 -1.142208 0.027910
109610 54.8050 -1.141854 0.028162
109620 54.8100 -1.141746 0.028239
109630 54.8150 -1.141743 0.028241
109640 54.8200 -1.142015 0.028047
109650 54.8250 -1.142507 0.027698
109660 54.8300 -1.143061 0.027307
109670 54.8350 -1.143621 0.026916
109680 54.8400 -1.144305 0.026441
109690 54.8450 -1.145074 0.025912
109700 54.8500 -1.145870 0.025370
109710 54.8550 -1.146672 0.024830
109720 54.8600 -1.147561 0.024239
109730 54.8650 -1.148728 0.023473
109740 54.8700 -1.150129 0.022570
109750 54.8750 -1.151754 0.021545
109760 54.8800 -1.153281 0.020604
109770 54.8850 -1.154690 0.019754
109780 54.8900 -1.156045 0.018953
109790 54.8950 -1.157403 0.018168
109800 54.9000 -1.158990 0.017271
109810 54.9050 -1.160583 0.016393
109820 54.9100 -1.162166 0.015544
109830 54.9150 -1.163779 0.014702
109840 54.9200 -1.165535 0.013812
109850 54.9250 -1.167269 0.012960
109860 54.9300 -1.169054 0.012111
109870 54.9350 -1.170848 0.011287
109880 54.9400 -1.172613 0.010504
109890 54.9450 -1.174479 0.009707
109900 54.9500 -1.176539 0.008863
109910 54.9550 -1.178356 0.008150
109920 54.9600 -1.180309 0.007416
109930 54.9650 -1.182226 0.006729
109940 54.9700 -1.184040 0.006109
109950 54.9750 -1.185829 0.005526
109960 54.9800 -1.187648 0.004963
109970 54.9850 -1.189393 0.004449
109980 54.9900 -1.191208 0.003944
109990 54.9950 -1.192943 0.003489
110000 55.0000 -1.194702 0.003054
110010 55.0050 -1.196570 0.002575
110020 55.0100 -1.198509 0.002162
110030 55.0150 -1.200277 0.001814
110040 55.0200 -1.202217 0.001463
110050 55.0250 -1.204032 0.001165
110060 55.0300 -1.205690 0.000919
110070 55.0350 -1.207175 0.000718
110080 55.0400 -1.208595 0.000544
110090 55.0450 -1.210322 0.000357
110100 55.0500 -1.211822 0.000215
110110 55.0550 -1.213111 0.000109
110120 55.0600 -1.214561 0.000007
110130 55.0650 -1.215882 0.000000
110140 55.0700 -1.217114 0.000000
110150 55.0750 -1.218293 0.000000
110160 55.0800 -1.219374 0.000000
110170 55.0850 -1.220186 0.000000
110180 55.0900 -1.220779 0.000000
110190 55.0950 -1.221311 0.000000
110200 55.1000 -1.221687 0.000000
110210 55.1050 -1.221919 0.000000
110220 55.1100 -1.222123 0.000000
110230 55.1150 -1.222250 0.000000
110240 55.1200 -1.222166 0.000000
110250 55.1250 -1.222117 0.000000
110260 55.1300 -1.221955 0.000000
110270 55.1350 -1.221831 0.000000
110280 55.1400 -1.221755 0.000000
110290 55.1450 -1.221820 0.000000
110300 55.1500 -1.221866 0.000000
110310 55.1550 -1.221821 0.000000
110320 55.1600 -1.221628 0.000000
110330 55.1650 -1.221627 0.000000
110340 55.1700 -1.221795 0.000000
110350 55.1750 -1.221991 0.000000
110360 55.1800 -1.222127 0.000000
110370 55.1850 -1.222166 0.000000
110380 55.1900 -1.222240 0.000000
110390 55.1950 -1.222207 0.000000
110400 55.2000 -1.221989 0.000000
110410 55.2050 -1.221724 0.000000
110420 55.2100 -1.221534 0.000000
110430 55.2150 -1.221429 0.000000
110440 55.2200 -1.221216 0.000000
110450 55.2250 -1.220878 0.000000
110460 55.2300 -1.220465 0.000000
110470 55.2350 -1.220183 0.000000
110480 55.2400 -1.219961 0.000000
110490 55.2450 -1.219520 0.000000
110500 55.2500 -1.218847 0.000000
110510 55.2550 -1.218306 0.000016
110520 55.2600 -1.217917 0.000029
110530 55.2650 -1.217336 0.000050
110540 55.2700 -1.216803 0.000073
110550 55.2750 -1.216372 0.000093
110560 55.2800 -1.216031 0.000110
110570 55.2850 -1.215605 0.000132
110580 55.2900 -1.215236 0.000153
110590 55.2950 -1.214809 0.000179
110600 55.3000 -1.214386 0.000206
110610 55.3050 -1.214102 0.000225
110620 55.3100 -1.213894 0.000239
110630 55.3150 -1.213705 0.000253
110640 55.3200 -1.213532 0.000265
110650 55.3250 -1.213226 0.000288
110660 55.3300 -1.213065 0.000300
110670 55.3350 -1.213195 0.000290
110680 55.3400 -1.213337 0.000279
110690 55.3450 -1.213573 0.000262
110700 55.3500 -1.214003 0.000232
110710 55.3550 -1.214318 0.000210
110720 55.3600 -1.214752 0.000182
110730 55.3650 -1.215310 0.000149
110740 55.3700 -1.215763 0.000124
110750 55.3750 -1.215977 0.000113
110760 55.3800 -1.216116 0.000105
110770 55.3850 -1.216157 0.000103
110780 55.3900 -1.216307 0.000096
110790 55.3950 -1.216528 0.000085
110800 55.4000 -1.216830 0.000072
110810 55.4050 -1.217019 0.000063
110820 55.4100 -1.217248 0.000054
110830 55.4150 -1.217524 0.000043
110840 55.4200 -1.217768 0.000034
110850 55.4250 -1.218011 0.000025
110860 55.4300 -1.218013 0.000025
110870 55.4350 -1.217937 0.000028
110880 55.4400 -1.217923 0.000028
110890 55.4450 -1.218009 0.000025
110900 55.4500 -1.218055 0.000024
110910 55.4550 -1.217911 0.000029
110920 55.4600 -1.217868 0.000030
110930 55.4650 -1.217733 0.000035
110940 55.4700 -1.217439 0.000046
110950 55.4750 -1.217084 0.000061
110960 55.4800 -1.216563 0.000084
110970 55.4850 -1.215855 0.000119
110980 55.4900 -1.215218 0.000154
110990 55.4950 -1.214578 0.000193
111000 55.5000 -1.214128 0.000223
111010 55.5050 -1.213951 0.000233
111020 55.5100 -1.213923 0.000235
111030 55.5150 -1.213911 0.000236
111040 55.5200 -1.213832 0.000242
111050 55.5250 -1.213661 0.000254
111060 55.5300 -1.213401 0.000273
111070 55.5350 -1.213003 0.000303
111080 55.5400 -1.212693 0.000327
111090 55.5450 -1.212284 0.000361
111100 55.5500 -1.211840 0.000399
111110 55.5550 -1.211508 0.000428
111120 55.5600 -1.211196 0.000457
111130 55.5650 -1.210773 0.000497
111140 55.5700 -1.210234 0.000550
111150 55.5750 -1.209599 0.000616
111160 55.5800 -1.208964 0.000686
111170 55.5850 -1.208391 0.000752
111180 55.5900 -1.207715 0.000834
111190 55.5950 -1.206976 0.000927
111200 55.6000 -1.206284 0.001020
111210 55.6050 -1.205585 0.001117
111220 55.6100 -1.204738 0.001241
111230 55.6150 -1.203722 0.001397
111240 55.6200 -1.202807 0.001546
111250 55.6250 -1.201939 0.001694
111260 55.6300 -1.201059 0.001851
111270 55.6350 -1.200236 0.002004
111280 55.6400 -1.199227 0.002199
111290 55.6450 -1.198035 0.002442
111300 55.6500 -1.196639 0.002742
111310 55.6550 -1.195241 0.003060
111320 55.6600 -1.193762 0.003415
111330 55.6650 -1.192266 0.003793
111340 55.6700 -1.190576 0.004245
111350 55.6750 -1.188677 0.004783
111360 55.6800 -1.186534 0.005428
111370 55.6850 -1.184234 0.006167
111380 55.6900 -1.181741 0.007020
111390 55.6950 -1.179144 0.007968
111400 55.7000 -1.176654 0.008933
111410 55.7050 -1.174139 0.009965
111420 55.7100 -1.171850 0.010953
111430 55.7150 -1.169602 0.011969
111440 55.7200 -1.167145 0.013132
111450 55.7250 -1.164803 0.014291
111460 55.7300 -1.162395 0.015534
111470 55.7350 -1.160140 0.016746
111480 55.7400 -1.158231 0.017807
111490 55.7450 -1.156452 0.018826
111500 55.7500 -1.154865 0.019760
111510 55.7550 -1.153363 0.020446
111520 55.7600 -1.151886 0.021350
111530 55.7650 -1.150580 0.022167
111540 55.7700 -1.149438 0.022893
111550 55.7750 -1.148482 0.023511
111560 55.7800 -1.147777 0.023972
111570 55.7850 -1.147222 0.024337
111580 55.7900 -1.146711 0.024677
111590 55.7950 -1.146223 0.025003
111600 55.8000 -1.145892 0.025226
111610 55.8050 -1.145904 0.025218
111620 55.8100 -1.146156 0.025048
111630 55.8150 -1.146473 0.024836
111640 55.8200 -1.146873 0.024569
111650 55.8250 -1.147148 0.024387
111660 55.8300 -1.147492 0.024159
111670 55.8350 -1.148057 0.023788
111680 55.8400 -1.148791 0.023310
111690 55.8450 -1.149656 0.022754
111700 55.8500 -1.150557 0.022182
111710 55.8550 -1.151440 0.021627
111720 55.8600 -1.152136 0.021196
111730 55.8650 -1.152925 0.020712
111740 55.8700 -1.153866 0.020142
111750 55.8750 -1.154774 0.019600
111760 55.8800 -1.155752 0.019024
111770 55.8850 -1.156688 0.018482
111780 55.8900 -1.157402 0.018073
111790 55.8950 -1.158103 0.017676
111800 55.9000 -1.158889 0.017237
111810 55.9050 -1.159472 0.016914
111820 55.9100 -1.159842 0.016711
111830 55.9150 -1.160000 0.016625
111840 55.9200 -1.160146 0.016546
111850 55.9250 -1.160186 0.016524
111860 55.9300 -1.159956 0.016649
111870 55.9350 -1.159501 0.016898
111880 55.9400 -1.158834 0.017267
111890 55.9450 -1.158059 0.017701
111900 55.9500 -1.157471 0.018034
111910 55.9550 -1.156680 0.018486
111920 55.9600 -1.155580 0.019125
111930 55.9650 -1.154452 0.019791
111940 55.9700 -1.153173 0.020561
111950 55.9750 -1.151859 0.021367
111960 55.9800 -1.150604 0.022152
111970 55.9850 -1.149399 0.022919
111980 55.9900 -1.148338 0.023605
111990 55.9950 -1.147376 0.024236
112000 56.0000 -1.146342 0.024923
112010 56.0050 -1.145445 0.025254
112020 56.0100 -1.144759 0.025719
112030 56.0150 -1.144141 0.026141
112040 56.0200 -1.143601 0.026513
112050 56.0250 -1.143101 0.026860
112060 56.0300 -1.142723 0.027124
112070 56.0350 -1.142397 0.027352
112080 56.0400 -1.142083 0.027573
112090 56.0450 -1.141836 0.027748
112100 56.0500 -1.141590 0.027922
112110 56.0550 -1.141587 0.027924
112120 56.0600 -1.141745 0.027812
112130 56.0650 -1.142165 0.027515
112140 56.0700 -1.142336 0.027395
112150 56.0750 -1.142765 0.027094
112160 56.0800 -1.143367 0.026675
112170 56.0850 -1.144020 0.026224
112180 56.0900 -1.144883 0.025635
112190 56.0950 -1.145728 0.025064
112200 56.1000 -1.146655 0.024445
112210 56.1050 -1.147600 0.023822
112220 56.1100 -1.148830 0.023024
112230 56.1150 -1.150313 0.022080
112240 56.1200 -1.151846 0.021124
112250 56.1250 -1.153193 0.020303
112260 56.1300 -1.154632 0.019443
112270 56.1350 -1.156259 0.018495
112280 56.1400 -1.158032 0.017488
112290 56.1450 -1.159890 0.016463
112300 56.1500 -1.161925 0.015377
112310 56.1550 -1.164123 0.014246
112320 56.1600 -1.166225 0.013205
112330 56.1650 -1.168134 0.012295
112340 56.1700 -1.169909 0.011477
112350 56.1750 -1.171797 0.010639
112360 56.1800 -1.173679 0.009835
112370 56.1850 -1.175352 0.009147
112380 56.1900 -1.176879 0.008542
112390 56.1950 -1.178500 0.007921
112400 56.2000 -1.180133 0.007320
112410 56.2050 -1.181672 0.006776
112420 56.2100 -1.183168 0.006267
112430 56.2150 -1.184381 0.005869
112440 56.2200 -1.185435 0.005533
112450 56.2250 -1.186213 0.005292
112460 56.2300 -1.186855 0.005097
112470 56.2350 -1.187483 0.004910
112480 56.2400 -1.187926 0.004780
112490 56.2450 -1.188376 0.004650
112500 56.2500 -1.188791 0.004532
112510 56.2550 -1.189236 0.004359
112520 56.2600 -1.189521 0.004280
112530 56.2650 -1.189503 0.004285
112540 56.2700 -1.189318 0.004337
112550 56.2750 -1.188832 0.004472
112560 56.2800 -1.188212 0.004649
112570 56.2850 -1.187617 0.004821
112580 56.2900 -1.187116 0.004969
112590 56.2950 -1.186423 0.005177
112600 56.3000 -1.185707 0.005396
112610 56.3050 -1.185167 0.005565
112620 56.3100 -1.184702 0.005712
112630 56.3150 -1.184209 0.005870
112640 56.3200 -1.183456 0.006116
112650 56.3250 -1.182755 0.006349
112660 56.3300 -1.182238 0.006524
112670 56.3350 -1.181685 0.006713
112680 56.3400 -1.181103 0.006916
112690 56.3450 -1.180478 0.007137
112700 56.3500 -1.179730 0.007406
112710 56.3550 -1.179023 0.007665
112720 56.3600 -1.178258 0.007950
112730 56.3650 -1.177548 0.008219
112740 56.3700 -1.176791 0.008512
112750 56.3750 -1.176138 0.008768
112760 56.3800 -1.175680 0.008950
112770 56.3850 -1.175399 0.009062
112780 56.3900 -1.175354 0.009081
112790 56.3950 -1.175267 0.009116
112800 56.4000 -1.175112 0.009178
112810 56.4050 -1.175008 0.009220
112820 56.4100 -1.174825 0.009294
112830 56.4150 -1.174594 0.009389
112840 56.4200 -1.174615 0.009380
112850 56.4250 -1.174942 0.009247
112860 56.4300 -1.175345 0.009084
112870 56.4350 -1.175572 0.008993
112880 56.4400 -1.175653 0.008961
112890 56.4450 -1.175744 0.008924
112900 56.4500 -1.175868 0.008875
112910 56.4550 -1.175879 0.008871
112920 56.4600 -1.176065 0.008797
112930 56.4650 -1.176275 0.008714
112940 56.4700 -1.176301 0.008704
112950 56.4750 -1.176275 0.008714
112960 56.4800 -1.176170 0.008755
112970 56.4850 -1.175999 0.008823
112980 56.4900 -1.175901 0.008862
112990 56.4950 -1.175910 0.008858
113000 56.5000 -1.175997 0.008824
113010 56.5050 -1.176203 0.008648
113020 56.5100 -1.176362 0.008586
113030 56.5150 -1.176631 0.008481
113040 56.5200 -1.176816 0.008409
113050 56.5250 -1.176857 0.008393
113060 56.5300 -1.177011 0.008334
113070 56.5350 -1.176999 0.008339
113080 56.5400 -1.176912 0.008372
113090 56.5450 -1.176805 0.008414
113100 56.5500 -1.176788 0.008420
113110 56.5550 -1.176868 0.008389
113120 56.5600 -1.177031 0.008326
113130 56.5650 -1.177078 0.008308
113140 56.5700 -1.177180 0.008269
113150 56.5750 -1.177245 0.008244
113160 56.5800 -1.177275 0.008233
113170 56.5850 -1.177175 0.008271
113180 56.5900 -1.177010 0.008334
113190 56.5950 -1.176750 0.008435
113200 56.6000 -1.176523 0.008523
113210 56.6050 -1.176322 0.008601
113220 56.6100 -1.176135 0.008675
113230 56.6150 -1.176131 0.008677
113240 56.6200 -1.176249 0.008630
113250 56.6250 -1.176731 0.008442
113260 56.6300 -1.177269 0.008235
113270 56.6350 -1.177717 0.008064
113280 56.6400 -1.178091 0.007923
113290 56.6450 -1.178686 0.007701
113300 56.6500 -1.179469 0.007414
113310 56.6550 -1.180595 0.007010
113320 56.6600 -1.181477 0.006702
113330 56.6650 -1.182324 0.006413
113340 56.6700 -1.183160 0.006134
113350 56.6750 -1.184019 0.005854
113360 56.6800 -1.184897 0.005574
113370 56.6850 -1.185583 0.005360
113380 56.6900 -1.186102 0.005201
113390 56.6950 -1.186368 0.005120
113400 56.7000 -1.186550 0.005066
113410 56.7050 -1.186641 0.005039
113420 56.7100 -1.186431 0.005101
113430 56.7150 -1.185933 0.005253
113440 56.7200 -1.185291 0.005451
113450 56.7250 -1.184526 0.005691
113460 56.7300 -1.183599 0.005990
113470 56.7350 -1.182641 0.006306
113480 56.7400 -1.181576 0.006668
113490 56.7450 -1.180459 0.007059
113500 56.7500 -1.179196 0.007514
113510 56.7550 -1.178128 0.007827
113520 56.7600 -1.177069 0.008228
113530 56.7650 -1.176048 0.008623
113540 56.7700 -1.175002 0.009038
113550 56.7750 -1.173908 0.009483
113560 56.7800 -1.172821 0.009936
113570 56.7850 -1.171758 0.010388
113580 56.7900 -1.170586 0.010900
113590 56.7950 -1.169262 0.011492
113600 56.8000 -1.167861 0.012136
113610 56.8050 -1.166276 0.012886
113620 56.8100 -1.164588 0.013710
113630 56.8150 -1.162932 0.014543
113640 56.8200 -1.161523 0.015272
113650 56.8250 -1.160291 0.015923
113660 56.8300 -1.159000 0.016621
113670 56.8350 -1.157594 0.017398
113680 56.8400 -1.156181 0.018197
113690 56.8450 -1.154995 0.018882
113700 56.8500 -1.153922 0.019512
113710 56.8550 -1.152883 0.020133
113720 56.8600 -1.151880 0.020742
113730 56.8650 -1.151059 0.021247
113740 56.8700 -1.150255 0.021747
113750 56.8750 -1.149666 0.022117
113760 56.8800 -1.149281 0.022361
113770 56.8850 -1.149019 0.022528
113780 56.8900 -1.148800 0.022667
113790 56.8950 -1.148692 0.022736
113800 56.9000 -1.148842 0.022641
113810 56.9050 -1.149308 0.022344
113820 56.9100 -1.150106 0.021841
113830 56.9150 -1.151082 0.021232
113840 56.9200 -1.152151 0.020576
113850 56.9250 -1.153490 0.019770
113860 56.9300 -1.155094 0.018825
113870 56.9350 -1.157041 0.017709
113880 56.9400 -1.159227 0.016497
113890 56.9450 -1.161577 0.015243
113900 56.9500 -1.164349 0.013829
113910 56.9550 -1.167398 0.012353
113920 56.9600 -1.170214 0.011065
113930 56.9650 -1.172861 0.009919
113940 56.9700 -1.175565 0.008814
113950 56.9750 -1.178452 0.007707
113960 56.9800 -1.181525 0.006610
113970 56.9850 -1.184638 0.005586
113980 56.9900 -1.187648 0.004678
113990 56.9950 -1.190626 0.003859
114000 57.0000 -1.193881 0.003054
114010 57.0050 -1.197459 0.002251
114020 57.0100 -1.201225 0.001561
114030 57.0150 -1.204988 0.000998
114040 57.0200 -1.208889 0.000546
114050 57.0250 -1.213084 0.000210
114060 57.0300 -1.217126 0.000032
114070 57.0350 -1.220808 0.000000
114080 57.0400 -1.224339 0.000070
114090 57.0450 -1.227939 0.000259
114100 57.0500 -1.231219 0.000529
114110 57.0550 -1.234271 0.000864
114120 57.0600 -1.237175 0.001258
114130 57.0650 -1.239990 0.001709
114140 57.0700 -1.242865 0.002240
114150 57.0750 -1.245480 0.002785
114160 57.0800 -1.248100 0.003389
114170 57.0850 -1.250726 0.004055
114180 57.0900 -1.253036 0.004688
114190 57.0950 -1.255072 0.005285
114200 57.1000 -1.256962 0.005870
114210 57.1050 -1.258778 0.006460
114220 57.1100 -1.260309 0.006980
114230 57.1150 -1.261518 0.007405
114240 57.1200 -1.262461 0.007745
114250 57.1250 -1.263184 0.008010
114260 57.1300 -1.263676 0.008194
114270 57.1350 -1.263951 0.008297
114280 57.1400 -1.264100 0.008353
114290 57.1450 -1.264154 0.008374
114300 57.1500 -1.263973 0.008305
114310 57.1550 -1.263546 0.008145
114320 57.1600 -1.262924 0.007914
114330 57.1650 -1.261867 0.007530
114340 57.1700 -1.260588 0.007077
114350 57.1750 -1.259186 0.006597
114360 57.1800 -1.257346 0.005992
114370 57.1850 -1.255266 0.005343
114380 57.1900 -1.253062 0.004696
114390 57.1950 -1.250826 0.004081
114400 57.2000 -1.248472 0.003480
114410 57.2050 -1.245910 0.002880
114420 57.2100 -1.243100 0.002287
114430 57.2150 -1.240143 0.001735
114440 57.2200 -1.237020 0.001235
114450 57.2250 -1.233707 0.000796
114460 57.2300 -1.230349 0.000448
114470 57.2350 -1.226707 0.000182
114480 57.2400 -1.222984 0.000028
114490 57.2450 -1.219242 0.000000
114500 57.2500 -1.215404 0.000090
114510 57.2550 -1.211511 0.000316
114520 57.2600 -1.207469 0.000693
114530 57.2650 -1.203104 0.001262
114540 57.2700 -1.198680 0.002011
114550 57.2750 -1.194367 0.002908
114560 57.2800 -1.190276 0.003912
114570 57.2850 -1.186463 0.004983
114580 57.2900 -1.182893 0.006103
114590 57.2950 -1.179602 0.007237
114600 57.3000 -1.176632 0.008345
114610 57.3050 -1.173640 0.009540
114620 57.3100 -1.170592 0.010842
114630 57.3150 -1.167712 0.012148
114640 57.3200 -1.165157 0.013371
114650 57.3250 -1.162498 0.014706
114660 57.3300 -1.159930 0.016056
114670 57.3350 -1.157742 0.017253
114680 57.3400 -1.155882 0.018305
114690 57.3450 -1.154095 0.019347
114700 57.3500 -1.152421 0.020348
114710 57.3550 -1.150943 0.021254
114720 57.3600 -1.149314 0.022275
114730 57.3650 -1.147682 0.023323
114740 57.3700 -1.146225 0.024278
114750 57.3750 -1.144830 0.025212
114760 57.3800 -1.143581 0.026063
114770 57.3850 -1.142574 0.026759
114780 57.3900 -1.141514 0.027502
114790 57.3950 -1.140439 0.028267
114800 57.4000 -1.139419 0.029002
114810 57.4050 -1.138363 0.029773
114820 57.4100 -1.137435 0.030459
114830 57.4150 -1.136571 0.031104
114840 57.4200 -1.135812 0.031678
114850 57.4250 -1.135128 0.032199
114860 57.4300 -1.134483 0.032694
114870 57.4350 -1.133939 0.033115
114880 57.4400 -1.133654 0.033336
114890 57.4450 -1.133282 0.033627
114900 57.4500 -1.132861 0.033956
114910 57.4550 -1.132653 0.034120
114920 57.4600 -1.132784 0.034017
114930 57.4650 -1.133147 0.033732
114940 57.4700 -1.133713 0.033290
114950 57.4750 -1.134496 0.032684
114960 57.4800 -1.135304 0.032064
114970 57.4850 -1.136310 0.031301
114980 57.4900 -1.137381 0.030499
114990 57.4950 -1.138546 0.029638
115000 57.5000 -1.139976 0.028599
115010 57.5050 -1.141596 0.027145
115020 57.5100 -1.143317 0.025951
115030 57.5150 -1.145234 0.024654
115040 57.5200 -1.147430 0.023209
115050 57.5250 -1.149921 0.021623
115060 57.5300 -1.152689 0.019929
115070 57.5350 -1.155685 0.018172
115080 57.5400 -1.158886 0.016387
115090 57.5450 -1.162154 0.014661
115100 57.5500 -1.165461 0.013013
115110 57.5550 -1.168550 0.011563
115120 57.5600 -1.171256 0.010364
115130 57.5650 -1.173812 0.009293
115140 57.5700 -1.176498 0.008230
115150 57.5750 -1.179363 0.007168
115160 57.5800 -1.182327 0.006148
115170 57.5850 -1.185502 0.005142
115180 57.5900 -1.188920 0.004160
115190 57.5950 -1.192244 0.003305
115200 57.6000 -1.195461 0.002572
115210 57.6050 -1.198587 0.001948
115220 57.6100 -1.201785 0.001399
115230 57.6150 -1.204833 0.000961
115240 57.6200 -1.207784 0.000615
115250 57.6250 -1.210601 0.000356
115260 57.6300 -1.213344 0.000171
115270 57.6350 -1.216259 0.000047
115280 57.6400 -1.218931 0.000000
115290 57.6450 -1.221393 0.000011
115300 57.6500 -1.223870 0.000075
115310 57.6550 -1.226057 0.000177
115320 57.6600 -1.228271 0.000323
115330 57.6650 -1.230511 0.000513
115340 57.6700 -1.232342 0.000701
115350 57.6750 -1.233849 0.000878
115360 57.6800 -1.235073 0.001036
115370 57.6850 -1.235888 0.001148
115380 57.6900 -1.236438 0.001228
115390 57.6950 -1.236749 0.001273
115400 57.7000 -1.236956 0.001304
115410 57.7050 -1.236936 0.001301
115420 57.7100 -1.236869 0.001291
115430 57.7150 -1.236435 0.001227
115440 57.7200 -1.235807 0.001137
115450 57.7250 -1.235095 0.001039
115460 57.7300 -1.234123 0.000912
115470 57.7350 -1.233192 0.000799
115480 57.7400 -1.232352 0.000702
115490 57.7450 -1.231336 0.000594
115500 57.7500 -1.230214 0.000485
115510 57.7550 -1.229164 0.000388
115520 57.7600 -1.227979 0.000296
115530 57.7650 -1.226751 0.000214
115540 57.7700 -1.225427 0.000140
115550 57.7750 -1.224123 0.000082
115560 57.7800 -1.222595 0.000033
115570 57.7850 -1.220934 0.000003
115580 57.7900 -1.219243 0.000000
115590 57.7950 -1.217680 0.000015
115600 57.8000 -1.215862 0.000062
115610 57.8050 -1.214037 0.000138
115620 57.8100 -1.212184 0.000245
115630 57.8150 -1.210342 0.000382
115640 57.8200 -1.208368 0.000562
115650 57.8250 -1.206367 0.000779
115660 57.8300 -1.204328 0.001037
115670 57.8350 -1.202074 0.001366
115680 57.8400 -1.199653 0.001768
115690 57.8450 -1.197111 0.002247
115700 57.8500 -1.194747 0.002744
115710 57.8550 -1.192440 0.003277
115720 57.8600 -1.190011 0.003890
115730 57.8650 -1.187415 0.004603
115740 57.8700 -1.184850 0.005366
115750 57.8750 -1.182226 0.006209
115760 57.8800 -1.179744 0.007063
115770 57.8850 -1.177443 0.007904
115780 57.8900 -1.175114 0.008804
115790 57.8950 -1.172785 0.009753
115800 57.9000 -1.170462 0.010749
115810 57.9050 -1.168333 0.011704
115820 57.9100 -1.166068 0.012766
115830 57.9150 -1.163881 0.013835
115840 57.9200 -1.161779 0.014903
115850 57.9250 -1.159845 0.015922
115860 57.9300 -1.157948 0.016954
115870 57.9350 -1.156260 0.017901
115880 57.9400 -1.154583 0.018866
115890 57.9450 -1.152854 0.019890
115900 57.9500 -1.151246 0.020865
115910 57.9550 -1.149719 0.021813
115920 57.9600 -1.148280 0.022727
115930 57.9650 -1.146880 0.023634
115940 57.9700 -1.145746 0.024381
115950 57.9750 -1.144723 0.025066
115960 57.9800 -1.143733 0.025738
115970 57.9850 -1.142689 0.026456
115980 57.9900 -1.141565 0.027241
115990 57.9950 -1.140470 0.028016
116000 58.0000 -1.139348 0.028822
116010 58.0050 -1.138215 0.029337
116020 58.0100 -1.136991 0.030237
116030 58.0150 -1.135890 0.031059
116040 58.0200 -1.134768 0.031909
116050 58.0250 -1.133964 0.032524
116060 58.0300 -1.133413 0.032949
116070 58.0350 -1.133154 0.033150
116080 58.0400 -1.133287 0.033047
116090 58.0450 -1.133665 0.032754
116100 58.0500 -1.134265 0.032293
116110 58.0550 -1.135040 0.031702
116120 58.0600 -1.135692 0.031208
116130 58.0650 -1.136251 0.030788
116140 58.0700 -1.136800 0.030379
116150 58.0750 -1.137524 0.029843
116160 58.0800 -1.138297 0.029277
116170 58.0850 -1.139184 0.028633
116180 58.0900 -1.140148 0.027942
116190 58.0950 -1.141238 0.027171
116200 58.1000 -1.142447 0.026329
116210 58.1050 -1.143597 0.025540
116220 58.1100 -1.144987 0.024603
116230 58.1150 -1.146374 0.023685
116240 58.1200 -1.147626 0.022872
116250 58.1250 -1.148973 0.022014
116260 58.1300 -1.150240 0.021222
116270 58.1350 -1.151408 0.020504
116280 58.1400 -1.152641 0.019760
116290 58.1450 -1.153981 0.018968
116300 58.1500 -1.155312 0.018197
116310 58.1550 -1.156596 0.017469
116320 58.1600 -1.157968 0.016707
116330 58.1650 -1.159282 0.015994
116340 58.1700 -1.160617 0.015285
116350 58.1750 -1.162123 0.014505
116360 58.1800 -1.163770 0.013676
116370 58.1850 -1.165553 0.012806
116380 58.1900 -1.167286 0.011988
116390 58.1950 -1.168883 0.011259
116400 58.2000 -1.170417 0.010580
116410 58.2050 -1.171945 0.009925
116420 58.2100 -1.173339 0.009346
116430 58.2150 -1.174726 0.008787
116440 58.2200 -1.175950 0.008308
116450 58.2250 -1.176835 0.007970
116460 58.2300 -1.177677 0.007656
116470 58.2350 -1.178357 0.007406
116480 58.2400 -1.179166 0.007115
116490 58.2450 -1.180060 0.006799
116500 58.2500 -1.180868 0.006521
116510 58.2550 -1.181556 0.006220
116520 58.2600 -1.182227 0.005998
116530 58.2650 -1.182957 0.005761
116540 58.2700 -1.183560 0.005570
116550 58.2750 -1.184126 0.005393
116560 58.2800 -1.184610 0.005243
116570 58.2850 -1.184977 0.005132
116580 58.2900 -1.185261 0.005046
116590 58.2950 -1.185362 0.005016
116600 58.3000 -1.185568 0.004954
116610 58.3050 -1.185874 0.004864
116620 58.3100 -1.186006 0.004825
116630 58.3150 -1.185850 0.004871
116640 58.3200 -1.185667 0.004925
116650 58.3250 -1.185392 0.005007
116660 58.3300 -1.185230 0.005055
116670 58.3350 -1.185033 0.005115
116680 58.3400 -1.184830 0.005176
116690 58.3450 -1.184743 0.005203
116700 58.3500 -1.184782 0.005191
116710 58.3550 -1.184774 0.005193
116720 58.3600 -1.184898 0.005156
116730 58.3650 -1.185090 0.005098
116740 58.3700 -1.185288 0.005038
116750 58.3750 -1.185694 0.004917
116760 58.3800 -1.186162 0.004779
116770 58.3850 -1.186584 0.004657
116780 58.3900 -1.186981 0.004543
116790 58.3950 -1.187357 0.004437
116800 58.4000 -1.187617 0.004364
116810 58.4050 -1.187562 0.004379
116820 58.4100 -1.187379 0.004431
116830 58.4150 -1.187251 0.004467
116840 58.4200 -1.187222 0.004475
116850 58.4250 -1.187277 0.004460
116860 58.4300 -1.187262 0.004464
116870 58.4350 -1.187169 0.004490
116880 58.4400 -1.186814 0.004591
116890 58.4450 -1.186279 0.004745
116900 58.4500 -1.185683 0.004920
116910 58.4550 -1.185030 0.005116
116920 58.4600 -1.184244 0.005356
116930 58.4650 -1.183490 0.005592
116940 58.4700 -1.182480 0.005915
116950 58.4750 -1.181391 0.006275
116960 58.4800 -1.180326 0.006637
116970 58.4850 -1.179453 0.006941
116980 58.4900 -1.178697 0.007209
116990 58.4950 -1.178032 0.007450
117000 58.5000 -1.177472 0.007656
117010 58.5050 -1.177024 0.007740
117020 58.5100 -1.176747 0.007844
117030 58.5150 -1.176295 0.008014
117040 58.5200 -1.175759 0.008219
117050 58.5250 -1.175214 0.008429
117060 58.5300 -1.174700 0.008630
117070 58.5350 -1.173903 0.008947
117080 58.5400 -1.173269 0.009202
117090 58.5450 -1.172909 0.009349
117100 58.5500 -1.172415 0.009553
117110 58.5550 -1.171755 0.009828
117120 58.5600 -1.171072 0.010117
117130 58.5650 -1.170460 0.010380
117140 58.5700 -1.169730 0.010698
117150 58.5750 -1.168798 0.011110
117160 58.5800 -1.167877 0.011526
117170 58.5850 -1.166823 0.012011
117180 58.5900 -1.165695 0.012541
117190 58.5950 -1.164612 0.013061
117200 58.6000 -1.163426 0.013643
117210 58.6050 -1.162116 0.014301
117220 58.6100 -1.161068 0.014838
117230 58.6150 -1.160153 0.015315
117240 58.6200 -1.159204 0.015818
117250 58.6250 -1.158328 0.016290
117260 58.6300 -1.157593 0.016691
117270 58.6350 -1.156898 0.017075
117280 58.6400 -1.156592 0.017245
117290 58.6450 -1.156320 0.017398
117300 58.6500 -1.156199 0.017466
117310 58.6550 -1.156240 0.017442
117320 58.6600 -1.156398 0.017354
117330 58.6650 -1.156783 0.017139
117340 58.6700 -1.157156 0.016932
117350 58.6750 -1.157390 0.016803
117360 58.6800 -1.157505 0.016739
117370 58.6850 -1.157516 0.016733
117380 58.6900 -1.157732 0.016615
117390 58.6950 -1.157984 0.016477
117400 58.7000 -1.158219 0.016349
117410 58.7050 -1.158361 0.016272
117420 58.7100 -1.158532 0.016179
117430 58.7150 -1.158951 0.015954
117440 58.7200 -1.159378 0.015725
117450 58.7250 -1.159834 0.015483
117460 58.7300 -1.160220 0.015280
117470 58.7350 -1.160820 0.014966
117480 58.7400 -1.161492 0.014619
117490 58.7450 -1.162198 0.014259
117500 58.7500 -1.163006 0.013852
117510 58.7550 -1.163779 0.013323
117520 58.7600 -1.164543 0.012951
117530 58.7650 -1.165223 0.012624
117540 58.7700 -1.165721 0.012388
117550 58.7750 -1.166093 0.012213
117560 58.7800 -1.166498 0.012024
117570 58.7850 -1.166627 0.011963
117580 58.7900 -1.166862 0.011855
117590 58.7950 -1.167056 0.011765
117600 58.8000 -1.167298 0.011654
117610 58.8050 -1.167586 0.011522
117620 58.8100 -1.167919 0.011371
117630 58.8150 -1.168138 0.011272
117640 58.8200 -1.168321 0.011190
117650 58.8250 -1.168502 0.011109
117660 58.8300 -1.168821 0.010967
117670 58.8350 -1.169158 0.010818
117680 58.8400 -1.169389 0.010716
117690 58.8450 -1.169459 0.010685
117700 58.8500 -1.169219 0.010790
117710 58.8550 -1.169143 0.010824
117720 58.8600 -1.169367 0.010725
117730 58.8650 -1.169826 0.010525
117740 58.8700 -1.170487 0.010239
117750 58.8750 -1.171221 0.009927
117760 58.8800 -1.171813 0.009678
117770 58.8850 -1.172314 0.009470
117780 58.8900 -1.172622 0.009344
117790 58.8950 -1.172877 0.009239
117800 58.9000 -1.173261 0.009084
117810 58.9050 -1.173565 0.008961
117820 58.9100 -1.174027 0.008777
117830 58.9150 -1.174645 0.008533
117840 58.9200 -1.175356 0.008257
117850 58.9250 -1.175900 0.008049
117860 58.9300 -1.176217 0.007929
117870 58.9350 -1.176099 0.007974
117880 58.9400 -1.175774 0.008097
117890 58.9450 -1.175289 0.008283
117900 58.9500 -1.174788 0.008477
117910 58.9550 -1.174340 0.008653
117920 58.9600 -1.173753 0.008886
117930 58.9650 -1.172887 0.009235
117940 58.9700 -1.171680 0.009734
117950 58.9750 -1.170329 0.010307
117960 58.9800 -1.168986 0.010894
117970 58.9850 -1.167366 0.011623
117980 58.9900 -1.165548 0.012470
117990 58.9950 -1.163701 0.013361
118000 59.0000 -1.161739 0.014342
118010 59.0050 -1.159679 0.015251
118020 59.0100 -1.157510 0.016412
118030 59.0150 -1.155273 0.017654
118040 59.0200 -1.152821 0.019068
118050 59.0250 -1.150281 0.020591
118060 59.0300 -1.147988 0.022018
118070 59.0350 -1.145656 0.023518
118080 59.0400 -1.143351 0.025050
118090 59.0450 -1.141360 0.026413
118100 59.0500 -1.139587 0.027657
118110 59.0550 -1.137674 0.029033
118120 59.0600 -1.135802 0.030411
118130 59.0650 -1.134082 0.031706
118140 59.0700 -1.132694 0.032772
118150 59.0750 -1.131725 0.033526
118160 59.0800 -1.130636 0.034384
118170 59.0850 -1.129520 0.035275
118180 59.0900 -1.128426 0.036160
118190 59.0950 -1.127450 0.036959
118200 59.1000 -1.126625 0.037640
118210 59.1050 -1.125894 0.038250
118220 59.1100 -1.125316 0.038735
118230 59.1150 -1.124829 0.039147
118240 59.1200 -1.124468 0.039453
118250 59.1250 -1.124252 0.039637
118260 59.1300 -1.124189 0.039691
118270 59.1350 -1.124353 0.039551
118280 59.1400 -1.124546 0.039387
118290 59.1450 -1.124844 0.039134
118300 59.1500 -1.125238 0.038801
118310 59.1550 -1.126138 0.038046
118320 59.1600 -1.127316 0.037069
118330 59.1650 -1.128782 0.035871
118340 59.1700 -1.130183 0.034744
118350 59.1750 -1.131664 0.033573
118360 59.1800 -1.133418 0.032213
118370 59.1850 -1.135342 0.030755
118380 59.1900 -1.137347 0.029271
118390 59.1950 -1.139303 0.027859
118400 59.2000 -1.141317 0.026442
118410 59.2050 -1.143579 0.024896
118420 59.2100 -1.146099 0.023229
118430 59.2150 -1.148713 0.021561
118440 59.2200 -1.151473 0.019869
118450 59.2250 -1.154331 0.018191
118460 59.2300 -1.157218 0.016571
118470 59.2350 -1.159975 0.015096
118480 59.2400 -1.162854 0.013630
118490 59.2450 -1.165765 0.012224
118500 59.2500 -1.168782 0.010849
118510 59.2550 -1.171829 0.009434
118520 59.2600 -1.174839 0.008234
118530 59.2650 -1.177854 0.007115
118540 59.2700 -1.180861 0.006081
118550 59.2750 -1.184158 0.005040
118560 59.2800 -1.187561 0.004070
118570 59.2850 -1.190973 0.003201
118580 59.2900 -1.194543 0.002404
118590 59.2950 -1.198121 0.001720
118600 59.3000 -1.201582 0.001167
118610 59.3050 -1.205089 0.000716
118620 59.3100 -1.208468 0.000385
118630 59.3150 -1.211928 0.000151
118640 59.3200 -1.215185 0.000027
118650 59.3250 -1.218508 0.000000
118660 59.3300 -1.221683 0.000060
118670 59.3350 -1.224477 0.000189
118680 59.3400 -1.227308 0.000389
118690 59.3450 -1.230037 0.000648
118700 59.3500 -1.232421 0.000928
118710 59.3550 -1.234533 0.001218
118720 59.3600 -1.236247 0.001481
118730 59.3650 -1.237883 0.001756
118740 59.3700 -1.239218 0.001998
118750 59.3750 -1.240465 0.002238
118760 59.3800 -1.241681 0.002485
118770 59.3850 -1.242661 0.002694
118780 59.3900 -1.243424 0.002862
118790 59.3950 -1.243992 0.002990
118800 59.4000 -1.244215 0.003041
118810 59.4050 -1.244289 0.003058
118820 59.4100 -1.244368 0.003076
118830 59.4150 -1.244405 0.003085
118840 59.4200 -1.244174 0.003032
118850 59.4250 -1.243763 0.002938
118860 59.4300 -1.243131 0.002796
118870 59.4350 -1.242319 0.002620
118880 59.4400 -1.241199 0.002386
118890 59.4450 -1.239877 0.002123
118900 59.4500 -1.238536 0.001873
118910 59.4550 -1.237042 0.001612
118920 59.4600 -1.235330 0.001337
118930 59.4650 -1.233424 0.001061
118940 59.4700 -1.231372 0.000799
118950 59.4750 -1.229023 0.000544
118960 59.4800 -1.226411 0.000318
118970 59.4850 -1.223762 0.000149
118980 59.4900 -1.220968 0.000038
118990 59.4950 -1.218048 0.000000
119000 59.5000 -1.215078 0.000030
119010 59.5050 -1.212045 0.000144
119020 59.5100 -1.208777 0.000358
119030 59.5150 -1.205545 0.000664
119040 59.5200 -1.202420 0.001048
119050 59.5250 -1.199466 0.001492
119060 59.5300 -1.196468 0.002021
119070 59.5350 -1.193321 0.002664
119080 59.5400 -1.190207 0.003387
119090 59.5450 -1.187063 0.004206
119100 59.5500 -1.183854 0.005133
119110 59.5550 -1.180592 0.006171
119120 59.5600 -1.177406 0.007278
119130 59.5650 -1.174219 0.008478
119140 59.5700 -1.170974 0.009794
119150 59.5750 -1.167719 0.011210
119160 59.5800 -1.164624 0.012647
119170 59.5850 -1.161844 0.014011
119180 59.5900 -1.158836 0.015568
119190 59.5950 -1.155718 0.017269
119200 59.6000 -1.152378 0.019190
119210 59.6050 -1.149140 0.021151
119220 59.6100 -1.145922 0.023195
119230 59.6150 -1.142705 0.025335
119240 59.6200 -1.139456 0.027592
119250 59.6250 -1.136339 0.029850
119260 59.6300 -1.133596 0.031912
119270 59.6350 -1.131015 0.033916
119280 59.6400 -1.128654 0.035803
119290 59.6450 -1.126303 0.037734
119300 59.6500 -1.124120 0.039573
119310 59.6550 -1.122304 0.041137
119320 59.6600 -1.120711 0.042534
119330 59.6650 -1.119083 0.043987
119340 59.6700 -1.117604 0.045328
119350 59.6750 -1.116297 0.046530
119360 59.6800 -1.115010 0.047729
119370 59.6850 -1.113804 0.048868
119380 59.6900 -1.112763 0.049861
119390 59.6950 -1.111685 0.050900
119400 59.7000 -1.110601 0.051957
119410 59.7050 -1.109558 0.052984
119420 59.7100 -1.108395 0.054140
119430 59.7150 -1.107133 0.055410
119440 59.7200 -1.106126 0.056434
119450 59.7250 -1.105492 0.057084
119460 59.7300 -1.105109 0.057478
119470 59.7350 -1.104948 0.057644
119480 59.7400 -1.105236 0.057347
119490 59.7450 -1.105742 0.056827
119500 59.7500 -1.106437 0.056117
119510 59.7550 -1.107270 0.054693
119520 59.7600 -1.108249 0.053713
119530 59.7650 -1.109454 0.052519
119540 59.7700 -1.110969 0.051038
119550 59.7750 -1.112787 0.049289
119560 59.7800 -1.114401 0.047762
119570 59.7850 -1.116015 0.046261
119580 59.7900 -1.117760 0.044664
119590 59.7950 -1.119865 0.042776
119600 59.8000 -1.121950 0.040946
119610 59.8050 -1.124016 0.039174
119620 59.8100 -1.126199 0.037343
119630 59.8150 -1.128601 0.035382
119640 59.8200 -1.131210 0.033312
119650 59.8250 -1.133901 0.031244
119660 59.8300 -1.136695 0.029166
119670 59.8350 -1.139332 0.027274
119680 59.8400 -1.142080 0.025369
119690 59.8450 -1.144900 0.023487
119700 59.8500 -1.147786 0.021637
119710 59.8550 -1.150696 0.019850
119720 59.8600 -1.153697 0.018088
119730 59.8650 -1.156709 0.016403
119740 59.8700 -1.159626 0.014851
119750 59.8750 -1.162551 0.013372
119760 59.8800 -1.165414 0.012001
119770 59.8850 -1.168184 0.010746
119780 59.8900 -1.171017 0.009534
119790 59.8950 -1.173756 0.008432
119800 59.9000 -1.176525 0.007388
119810 59.9050 -1.179316 0.006405
119820 59.9100 -1.182357 0.005415
119830 59.9150 -1.185346 0.004522
119840 59.9200 -1.188070 0.003780
119850 59.9250 -1.190626 0.003143
119860 59.9300 -1.192852 0.002637
119870 59.9350 -1.194884 0.002214
119880 59.9400 -1.196743 0.001859
119890 59.9450 -1.198438 0.001562
119900 59.9500 -1.199656 0.001365
119910 59.9550 -1.200566 0.001226
119920 59.9600 -1.201533 0.001087
119930 59.9650 -1.202230 0.000992
119940 59.9700 -1.202619 0.000941
119950 59.9750 -1.202758 0.000923
119960 59.9800 -1.202662 0.000935
119970 59.9850 -1.202263 0.000987
119980 59.9900 -1.201673 0.001068
119990 59.9950 -1.200706 0.001206
120000 60.0000 -1.199501 0.001389
